STN,DOY,YEAR,MONTH,DAY,LAT,LON,H,IGS_PWV,NGL_PWV,VMF3_PWV,ERA5_PWV
HNUS,1,2015,1,1,-34.425,19.223,63.0,0.0229113378883095,0.0215807291666666,0.022680593756594,0.0214083333333333
HNUS,2,2015,1,2,-34.425,19.223,63.0,0.0197240932543568,0.0207139930555555,0.0224309004242007,0.02095
HNUS,3,2015,1,3,-34.425,19.223,63.0,0.0200434317660534,0.0205503819444444,0.0203558664276811,0.020775
HNUS,4,2015,1,4,-34.425,19.223,63.0,0.0306291773677964,0.0296688888888888,0.0296260261292558,0.0291541666666666
HNUS,5,2015,1,5,-34.425,19.223,63.0,0.035258637618605,0.0343183333333333,0.0376177018053279,0.0360708333333333
HNUS,6,2015,1,6,-34.425,19.223,63.0,0.019876834206284,0.0158309722222222,0.0165016024679808,0.0153166666666666
HNUS,8,2015,1,8,-34.425,19.223,63.0,0.021026499884825,0.0234410763888888,0.0240176308432868,0.0243708333333333
HNUS,9,2015,1,9,-34.425,19.223,63.0,0.0175713378580361,0.0168647569444444,0.0154525364411384,0.0157916666666666
HNUS,10,2015,1,10,-34.425,19.223,63.0,0.019923462235617,0.0197053819444444,0.0176417800175536,0.0184291666666666
HNUS,11,2015,1,11,-34.425,19.223,63.0,0.0214940806200335,0.0206770486111111,0.0192080623764569,0.018925
HNUS,12,2015,1,12,-34.425,19.223,63.0,0.0228723294217806,0.0225406249999999,0.0214941804909229,0.0222833333333333
HNUS,13,2015,1,13,-34.425,19.223,63.0,0.0268111996811699,0.0281842013888888,0.0256210172937218,0.0277875
HNUS,14,2015,1,14,-34.425,19.223,63.0,0.0258433207629181,0.0258040625,0.0250538350868061,0.0247083333333333
HNUS,15,2015,1,15,-34.425,19.223,63.0,0.0281543261191817,0.023436875,0.0219002831521068,0.0236791666666666
HNUS,16,2015,1,16,-34.425,19.223,63.0,0.0244263926133451,0.018673125,0.0216106899170998,0.0191
HNUS,17,2015,1,17,-34.425,19.223,63.0,0.0190230998748912,0.0181560069444444,0.0160604577385936,0.0166166666666666
HNUS,18,2015,1,18,-34.425,19.223,63.0,0.0189698644988521,0.0194191319444444,0.0185724242629461,0.019175
HNUS,19,2015,1,19,-34.425,19.223,63.0,0.0152436364732301,0.0146917708333333,0.0144028643973283,0.0134499999999999
HNUS,20,2015,1,20,-34.425,19.223,63.0,0.0157716196470513,0.0147351388888888,0.0131536269264064,0.0138874999999999
HNUS,21,2015,1,21,-34.425,19.223,63.0,0.02037568143593,0.021328125,0.0189949809146099,0.020725
HNUS,22,2015,1,22,-34.425,19.223,63.0,0.0209399554998966,0.020405625,0.0202069202873086,0.01965
HNUS,23,2015,1,23,-34.425,19.223,63.0,0.0199838218044499,0.0207385763888888,0.0204843054706672,0.01985
HNUS,24,2015,1,24,-34.425,19.223,63.0,0.0225060963674383,0.0217194791666666,0.0222340028304002,0.0218333333333333
HNUS,25,2015,1,25,-34.425,19.223,63.0,0.0239890617551415,0.0221708680555555,0.0223044245445146,0.0215041666666666
HNUS,26,2015,1,26,-34.425,19.223,63.0,0.0304192223509649,0.0313312847222222,0.0311115598208474,0.03025
HNUS,27,2015,1,27,-34.425,19.223,63.0,0.0223946397242934,0.0205460416666666,0.0220681662530283,0.0203416666666666
HNUS,28,2015,1,28,-34.425,19.223,63.0,0.0269175972341497,0.0264063541666666,0.0241881950871768,0.0243333333333333
HNUS,29,2015,1,29,-34.425,19.223,63.0,0.0289914680845176,0.0260921180555555,0.0240098427094217,0.0247166666666666
HNUS,30,2015,1,30,-34.425,19.223,63.0,0.0262592249680302,0.0217390277777777,0.0232410405811206,0.0227333333333333
HNUS,32,2015,2,1,-34.425,19.223,63.0,0.0173719702725398,0.0193350694444444,0.0198140282870736,0.0194208333333333
HNUS,33,2015,2,2,-34.425,19.223,63.0,0.0152375010937923,0.0142892361111111,0.016489844410784,0.0154333333333333
HNUS,34,2015,2,3,-34.425,19.223,63.0,0.0247616152827053,0.0234332291666666,0.0223198089991826,0.0224958333333333
HNUS,35,2015,2,4,-34.425,19.223,63.0,0.0289662368378387,0.0288246527777777,0.0294212422670587,0.0283125
HNUS,36,2015,2,5,-34.425,19.223,63.0,0.0275678638572468,0.0269656597222222,0.0246119062026138,0.0263333333333333
HNUS,37,2015,2,6,-34.425,19.223,63.0,0.0248530603631646,0.0237894097222222,0.0244500122722566,0.0230625
HNUS,38,2015,2,7,-34.425,19.223,63.0,0.0199125064363051,0.0196719444444444,0.0204725391271198,0.0209749999999999
HNUS,39,2015,2,8,-34.425,19.223,63.0,0.0167327857356573,0.0159243402777777,0.0162826762163546,0.0155208333333333
HNUS,40,2015,2,9,-34.425,19.223,63.0,0.0239589749618172,0.0258838194444444,0.0239095238768851,0.0240041666666666
HNUS,41,2015,2,10,-34.425,19.223,63.0,0.0236958432484332,0.0193730555555555,0.0216891935304181,0.0206666666666666
HNUS,42,2015,2,11,-34.425,19.223,63.0,0.0207792777280346,0.0203728472222222,0.019447980121334,0.0198958333333333
HNUS,43,2015,2,12,-34.425,19.223,63.0,0.0267471788408107,0.0266622222222222,0.0256644305107154,0.0253208333333333
HNUS,44,2015,2,13,-34.425,19.223,63.0,0.0293588060168608,0.0297391319444444,0.0311266012276835,0.0306458333333333
HNUS,45,2015,2,14,-34.425,19.223,63.0,0.0201025593339614,0.0175845138888888,0.0195840966922119,0.0184791666666666
HNUS,46,2015,2,15,-34.425,19.223,63.0,0.0194008241215649,0.0179562847222222,0.0180657355260249,0.0179541666666666
HNUS,47,2015,2,16,-34.425,19.223,63.0,0.0179490879024651,0.0168144444444444,0.0175493806448691,0.0166916666666666
HNUS,48,2015,2,17,-34.425,19.223,63.0,0.0166925550609755,0.0150779513888888,0.0160508815473188,0.0155208333333333
HNUS,49,2015,2,18,-34.425,19.223,63.0,0.0178868963642936,0.0160338194444444,0.0160749808062779,0.0170458333333333
HNUS,50,2015,2,19,-34.425,19.223,63.0,0.0191860326157719,0.0174570833333333,0.0189988729740789,0.0174583333333333
HNUS,51,2015,2,20,-34.425,19.223,63.0,0.0183576460756656,0.0166454166666666,0.01568933034135,0.0158833333333333
HNUS,52,2015,2,21,-34.425,19.223,63.0,0.0162785793050789,0.0152903819444444,0.0160053140295353,0.0149958333333333
HNUS,53,2015,2,22,-34.425,19.223,63.0,0.0136127935959717,0.0114692013888888,0.012325474629267,0.0114458333333333
HNUS,54,2015,2,23,-34.425,19.223,63.0,0.0199817286446335,0.0176978472222222,0.0164231552985034,0.0171583333333333
HNUS,55,2015,2,24,-34.425,19.223,63.0,0.029295686619729,0.0285487152777777,0.0236907997174463,0.0266374999999999
HNUS,56,2015,2,25,-34.425,19.223,63.0,0.0298513710916732,0.0284476736111111,0.0283035866501941,0.0290958333333333
HNUS,57,2015,2,26,-34.425,19.223,63.0,0.0244213374364578,0.0253688541666666,0.0260377405449906,0.0255083333333333
HNUS,58,2015,2,27,-34.425,19.223,63.0,0.0168245159380446,0.0163573958333333,0.0158048838156015,0.01595
HNUS,59,2015,2,28,-34.425,19.223,63.0,0.0217999489112046,0.022130625,0.0198281714587766,0.0203666666666666
HNUS,60,2015,3,1,-34.425,19.223,63.0,0.0248701051952771,0.0249247222222222,0.0242322812819905,0.0246041666666666
HNUS,61,2015,3,2,-34.425,19.223,63.0,0.0173093780381925,0.0153171875,0.0177686148127139,0.0166958333333333
HNUS,62,2015,3,3,-34.425,19.223,63.0,0.0201169473584925,0.0182146527777777,0.0178642974647971,0.0190791666666666
HNUS,63,2015,3,4,-34.425,19.223,63.0,0.0269836048951286,0.0286782291666666,0.0298189093376577,0.0291458333333333
HNUS,64,2015,3,5,-34.425,19.223,63.0,0.016867394414085,0.0146693055555555,0.0151792720506697,0.0151208333333333
HNUS,65,2015,3,6,-34.425,19.223,63.0,0.0180708037655958,0.0177811458333333,0.0162620019251686,0.0172375
HNUS,66,2015,3,7,-34.425,19.223,63.0,0.0175200839757413,0.0174263541666666,0.0172879503142844,0.0172833333333333
HNUS,67,2015,3,8,-34.425,19.223,63.0,0.0169960970731323,0.0166842361111111,0.016296429524853,0.0160666666666666
HNUS,68,2015,3,9,-34.425,19.223,63.0,0.0172516751473185,0.0156097916666666,0.0153945221455482,0.015075
HNUS,69,2015,3,10,-34.425,19.223,63.0,0.0168313603094877,0.015926875,0.0173926729915633,0.0164125
HNUS,70,2015,3,11,-34.425,19.223,63.0,0.0215842980951311,0.0213985454545454,0.0207517245529362,0.0206833333333333
HNUS,71,2015,3,12,-34.425,19.223,63.0,0.0228084245538137,0.0223038589211618,0.0222262158622493,0.0226708333333333
HNUS,72,2015,3,13,-34.425,19.223,63.0,0.0232192127870483,0.0208990877192982,0.0208675663968901,0.0208958333333333
HNUS,73,2015,3,14,-34.425,19.223,63.0,0.0232573259723383,0.0223512280701754,0.0221961473409364,0.0228708333333333
HNUS,74,2015,3,15,-34.425,19.223,63.0,0.0189066103003456,0.0183314423076923,0.0177273156298855,0.0159958333333333
HNUS,76,2015,3,17,-34.425,19.223,63.0,0.0224576436236071,0.0232917919075144,0.0228153857104929,0.0233333333333333
HNUS,77,2015,3,18,-34.425,19.223,63.0,0.0260721138973908,0.0232520486111111,0.0240069028382199,0.0240458333333333
HNUS,78,2015,3,19,-34.425,19.223,63.0,0.0282749036058638,0.0290614236111111,0.0296024048586094,0.0301166666666666
HNUS,79,2015,3,20,-34.425,19.223,63.0,0.0232311791103533,0.0188825,0.0200415291832673,0.0202708333333333
HNUS,80,2015,3,21,-34.425,19.223,63.0,0.0269839218980306,0.0256214236111111,0.0284555028580408,0.0271541666666666
HNUS,81,2015,3,22,-34.425,19.223,63.0,0.0244840752078775,0.0220756944444444,0.0218224054311322,0.0239791666666666
HNUS,82,2015,3,23,-34.425,19.223,63.0,0.0343087722544315,0.0334528472222222,0.031861846037418,0.0326958333333333
HNUS,84,2015,3,25,-34.425,19.223,63.0,0.0346756811403038,0.0293169791666666,0.0272408147017228,0.0276708333333333
HNUS,85,2015,3,26,-34.425,19.223,63.0,0.0338136188408507,0.0281628819444444,0.0278846988724322,0.0268083333333333
HNUS,86,2015,3,27,-34.425,19.223,63.0,0.0243812030794984,0.0217020833333333,0.0248922404542012,0.0223208333333333
HNUS,87,2015,3,28,-34.425,19.223,63.0,0.0168665034239502,0.0154561458333333,0.017515332922572,0.0167583333333333
HNUS,88,2015,3,29,-34.425,19.223,63.0,0.0200028616138258,0.0192203125,0.0188584972479109,0.0189125
HNUS,89,2015,3,30,-34.425,19.223,63.0,0.0218204727167667,0.0217156944444444,0.0210909873350325,0.0221208333333333
HNUS,91,2015,4,1,-34.425,19.223,63.0,0.0212550072820016,0.023615,0.0231809827391991,0.0231041666666666
HNUS,92,2015,4,2,-34.425,19.223,63.0,0.016752247538894,0.0156791666666666,0.015373433055161,0.0150958333333333
HNUS,93,2015,4,3,-34.425,19.223,63.0,0.0177209709926311,0.0178577430555555,0.0168157993999789,0.0171791666666666
HNUS,94,2015,4,4,-34.425,19.223,63.0,0.0196166546170238,0.0201643055555555,0.0195428215285139,0.0196083333333333
HNUS,95,2015,4,5,-34.425,19.223,63.0,0.0182830819793783,0.0173436805555555,0.0178459384557543,0.0179875
HNUS,96,2015,4,6,-34.425,19.223,63.0,0.0202869344719169,0.0186734027777777,0.0185877863947727,0.0191583333333333
HNUS,97,2015,4,7,-34.425,19.223,63.0,0.0198172468908684,0.0189885763888888,0.0196791656012062,0.0196666666666666
HNUS,98,2015,4,8,-34.425,19.223,63.0,0.0153014212628753,0.0147575,0.0160651756872921,0.01555
HNUS,99,2015,4,9,-34.425,19.223,63.0,0.0204393211744754,0.0201906944444444,0.0183412338943265,0.0196291666666666
HNUS,100,2015,4,10,-34.425,19.223,63.0,0.0229449972230524,0.0236148958333333,0.0239423030207251,0.0243541666666666
HNUS,101,2015,4,11,-34.425,19.223,63.0,0.0175533739336286,0.0162332638888888,0.0156620309970139,0.0158833333333333
HNUS,102,2015,4,12,-34.425,19.223,63.0,0.0176528218456345,0.0182080902777777,0.0181377005906228,0.0200791666666666
HNUS,103,2015,4,13,-34.425,19.223,63.0,0.0184453677668953,0.0206383680555555,0.0218307712783081,0.0224625
HNUS,104,2015,4,14,-34.425,19.223,63.0,0.0175379913337371,0.0167072222222222,0.0160652491585632,0.0156333333333333
HNUS,105,2015,4,15,-34.425,19.223,63.0,0.0176693614597386,0.0167767708333333,0.0169728764636618,0.0164
HNUS,106,2015,4,16,-34.425,19.223,63.0,0.0153763081208598,0.0152566319444444,0.0141455740926711,0.0142291666666666
HNUS,107,2015,4,17,-34.425,19.223,63.0,0.0156376252852989,0.0142235416666666,0.0161207364615494,0.0152458333333333
HNUS,108,2015,4,18,-34.425,19.223,63.0,0.0155449504904369,0.0141213194444444,0.0152164427362633,0.0139208333333333
HNUS,109,2015,4,19,-34.425,19.223,63.0,0.0148369691939879,0.0124157638888888,0.0133734881640536,0.01315
HNUS,110,2015,4,20,-34.425,19.223,63.0,0.0199099649933645,0.0187150347222222,0.017278562929849,0.018225
HNUS,111,2015,4,21,-34.425,19.223,63.0,0.0171521768251853,0.0159273958333333,0.015544611972096,0.0146833333333333
HNUS,112,2015,4,22,-34.425,19.223,63.0,0.0173177815626517,0.0175848958333333,0.0168214865988461,0.0176125
HNUS,113,2015,4,23,-34.425,19.223,63.0,0.0162682524226809,0.0148924652777777,0.0154691025885922,0.0150416666666666
HNUS,114,2015,4,24,-34.425,19.223,63.0,0.0135135631065715,0.0123730902777777,0.0138616451590505,0.0124083333333333
HNUS,115,2015,4,25,-34.425,19.223,63.0,0.0169004753039533,0.0162946527777777,0.015714064624045,0.01605
HNUS,116,2015,4,26,-34.425,19.223,63.0,0.0192869254714764,0.0186396875,0.0187581597420562,0.019225
HNUS,117,2015,4,27,-34.425,19.223,63.0,0.0161117856239165,0.0152431944444444,0.016256113902118,0.0157333333333333
HNUS,118,2015,4,28,-34.425,19.223,63.0,0.0164684320795395,0.0148119791666666,0.015593996539302,0.0153333333333333
HNUS,119,2015,4,29,-34.425,19.223,63.0,0.0200456782694734,0.0185189236111111,0.0181476949211225,0.0183625
HNUS,120,2015,4,30,-34.425,19.223,63.0,0.0165827333773919,0.0159714583333333,0.0160912041695879,0.0157041666666666
HNUS,121,2015,5,1,-34.425,19.223,63.0,0.0219523228320389,0.0188861111111111,0.0178581151333712,0.0183625
HNUS,122,2015,5,2,-34.425,19.223,63.0,0.0268969671148689,0.0246967361111111,0.0258869474131444,0.0246958333333333
HNUS,123,2015,5,3,-34.425,19.223,63.0,0.0279103643076871,0.0269577430555555,0.0266653147240693,0.0280583333333333
HNUS,124,2015,5,4,-34.425,19.223,63.0,0.0268947749470645,0.0271603819444444,0.029052170535646,0.0278333333333333
HNUS,125,2015,5,5,-34.425,19.223,63.0,0.0170295329912556,0.0177895486111111,0.0187063543054968,0.0185833333333333
HNUS,126,2015,5,6,-34.425,19.223,63.0,0.014739370975814,0.0150818055555555,0.0152194993769784,0.0151083333333333
HNUS,128,2015,5,8,-34.425,19.223,63.0,0.0147138533434933,0.0120533680555555,0.0129333794868922,0.0124791666666666
HNUS,129,2015,5,9,-34.425,19.223,63.0,0.021613099727229,0.0214529861111111,0.0188839991449307,0.0204166666666666
HNUS,130,2015,5,10,-34.425,19.223,63.0,0.0231491086421843,0.0226867708333333,0.0216287513674762,0.0224541666666666
HNUS,131,2015,5,11,-34.425,19.223,63.0,0.0178240014705307,0.0174568402777777,0.0182783068345652,0.0168458333333333
HNUS,132,2015,5,12,-34.425,19.223,63.0,0.0147207746748042,0.0130074652777777,0.0146019547668531,0.0135458333333333
HNUS,133,2015,5,13,-34.425,19.223,63.0,0.021362627929514,0.01981625,0.0191110449356504,0.0204083333333333
HNUS,134,2015,5,14,-34.425,19.223,63.0,0.0193337322003178,0.0160225694444444,0.0177700425672226,0.0165041666666666
HNUS,135,2015,5,15,-34.425,19.223,63.0,0.0204653034233479,0.019319375,0.0202442985056797,0.0206083333333333
HNUS,136,2015,5,16,-34.425,19.223,63.0,0.0173168405536192,0.0157382291666666,0.0167277396003062,0.0155125
HNUS,137,2015,5,17,-34.425,19.223,63.0,0.0160803128317672,0.0163592708333333,0.020079632145895,0.0185749999999999
HNUS,138,2015,5,18,-34.425,19.223,63.0,0.0178617450547886,0.0157514583333333,0.0169510804580421,0.016925
HNUS,139,2015,5,19,-34.425,19.223,63.0,0.017255869999856,0.0175242708333333,0.0186997103429984,0.0182375
HNUS,140,2015,5,20,-34.425,19.223,63.0,0.0131645549525496,0.0127701041666666,0.0145398664532593,0.0138
HNUS,141,2015,5,21,-34.425,19.223,63.0,0.0124256882084203,0.0150576041666666,0.0156089614030349,0.0154624999999999
HNUS,142,2015,5,22,-34.425,19.223,63.0,0.0170449145479099,0.0161438541666666,0.0171787339392423,0.0179041666666666
HNUS,143,2015,5,23,-34.425,19.223,63.0,0.018931769606792,0.0202669791666666,0.0210138415677023,0.0214166666666666
HNUS,144,2015,5,24,-34.425,19.223,63.0,0.0151254687057685,0.014165625,0.0151860677281533,0.0141541666666666
HNUS,145,2015,5,25,-34.425,19.223,63.0,0.018475432202176,0.0196972222222222,0.0200501712448831,0.0197916666666666
HNUS,146,2015,5,26,-34.425,19.223,63.0,0.0216273347901282,0.0219221180555555,0.0237114174626614,0.0232125
HNUS,147,2015,5,27,-34.425,19.223,63.0,0.0215773486184609,0.0204236458333333,0.0231964916374825,0.0216666666666666
HNUS,148,2015,5,28,-34.425,19.223,63.0,0.019599642307246,0.0183732291666666,0.0202450394789563,0.0207791666666666
HNUS,149,2015,5,29,-34.425,19.223,63.0,0.0226378516827863,0.0216331944444444,0.0220880560568377,0.0220083333333333
HNUS,150,2015,5,30,-34.425,19.223,63.0,0.0224847695738465,0.0210852083333333,0.0213153668933761,0.0210583333333333
HNUS,152,2015,6,1,-34.425,19.223,63.0,0.0212620541044201,0.0209604861111111,0.0190623461586744,0.0198
HNUS,153,2015,6,2,-34.425,19.223,63.0,0.0245423727215789,0.0256205208333333,0.0276921238856337,0.026875
HNUS,154,2015,6,3,-34.425,19.223,63.0,0.0211709522426568,0.0220117708333333,0.0236920947047246,0.0228375
HNUS,155,2015,6,4,-34.425,19.223,63.0,0.0135824395964798,0.0125791319444444,0.0141971621254014,0.0131
HNUS,156,2015,6,5,-34.425,19.223,63.0,0.0116420026099025,0.0108890972222222,0.012218712410675,0.0114583333333333
HNUS,157,2015,6,6,-34.425,19.223,63.0,0.0127664040996556,0.012736875,0.0130658547294776,0.012675
HNUS,158,2015,6,7,-34.425,19.223,63.0,0.010887124128234,0.0109698958333333,0.0115714245581256,0.0086708333333333
HNUS,159,2015,6,8,-34.425,19.223,63.0,0.0081519205028953,0.0082170138888888,0.0094406361612022,0.0083916666666666
HNUS,160,2015,6,9,-34.425,19.223,63.0,0.0112646177428603,0.0089963194444444,0.0100253040649151,0.0099708333333333
HNUS,161,2015,6,10,-34.425,19.223,63.0,0.019517355810584,0.0205304861111111,0.0212754809271142,0.021275
HNUS,162,2015,6,11,-34.425,19.223,63.0,0.0176686826421645,0.0169472916666666,0.018622377933581,0.0164875
HNUS,163,2015,6,12,-34.425,19.223,63.0,0.0154185006743351,0.0149241319444444,0.0168041968438343,0.0154666666666666
HNUS,164,2015,6,13,-34.425,19.223,63.0,0.013840463137568,0.0137823611111111,0.0157144013091951,0.0144958333333333
HNUS,165,2015,6,14,-34.425,19.223,63.0,0.0164483930899999,0.0143836458333333,0.0170624922983272,0.0163833333333333
HNUS,166,2015,6,15,-34.425,19.223,63.0,0.0195333447655248,0.0170263194444444,0.0194458011125358,0.0180333333333333
HNUS,167,2015,6,16,-34.425,19.223,63.0,0.0182168975208177,0.0165267361111111,0.0174978592714164,0.017025
HNUS,168,2015,6,17,-34.425,19.223,63.0,0.0121692741487996,0.0123789236111111,0.0137329722366914,0.0132833333333333
HNUS,169,2015,6,18,-34.425,19.223,63.0,0.0132269301322816,0.0142348611111111,0.0146479217367403,0.0147666666666666
HNUS,170,2015,6,19,-34.425,19.223,63.0,0.010980829175179,0.0114323263888888,0.0119822746770931,0.0119791666666666
HNUS,171,2015,6,20,-34.425,19.223,63.0,0.0087753778526081,0.0075094097222222,0.0091528578993777,0.0086416666666666
HNUS,172,2015,6,21,-34.425,19.223,63.0,0.0093061145905765,0.0093394444444444,0.0093889920438517,0.0104916666666666
HNUS,173,2015,6,22,-34.425,19.223,63.0,0.0101177904152976,0.0106692013888888,0.0117997210779163,0.0117583333333333
HNUS,174,2015,6,23,-34.425,19.223,63.0,0.0146957905882488,0.0157552083333333,0.0160542534641805,0.0167125
HNUS,176,2015,6,25,-34.425,19.223,63.0,0.0130431451230342,0.0132706597222222,0.0135901958933888,0.0132458333333333
HNUS,177,2015,6,26,-34.425,19.223,63.0,0.0110494027871453,0.0105572569444444,0.011552313574205,0.0112291666666666
HNUS,178,2015,6,27,-34.425,19.223,63.0,0.0151552522275316,0.0158662152777777,0.0162991449662146,0.0163875
HNUS,179,2015,6,28,-34.425,19.223,63.0,0.0174841790158747,0.01716375,0.0175112022073247,0.0178458333333333
HNUS,180,2015,6,29,-34.425,19.223,63.0,0.0156235740961908,0.0164631944444444,0.0169998428338588,0.0170166666666666
HNUS,181,2015,6,30,-34.425,19.223,63.0,0.0124106719182129,0.012070625,0.012373871135387,0.0116541666666666
HNUS,182,2015,7,1,-34.425,19.223,63.0,0.0110889526653155,0.0106367361111111,0.0106924163800159,0.0101083333333333
HNUS,183,2015,7,2,-34.425,19.223,63.0,0.0110383103881402,0.0104761111111111,0.010047871775583,0.0102916666666666
HNUS,184,2015,7,3,-34.425,19.223,63.0,0.0124192914272814,0.0126332291666666,0.0124713562712769,0.0121125
HNUS,185,2015,7,4,-34.425,19.223,63.0,0.0115936797303425,0.0112692013888888,0.0107300960923504,0.0104166666666666
HNUS,186,2015,7,5,-34.425,19.223,63.0,0.0127476908761729,0.0129201388888888,0.0120145074183957,0.01215
HNUS,187,2015,7,6,-34.425,19.223,63.0,0.0126532781407914,0.0114972569444444,0.0123483137853628,0.0103416666666666
HNUS,188,2015,7,7,-34.425,19.223,63.0,0.0165563876684724,0.0163902777777777,0.0178811992556195,0.0172833333333333
HNUS,189,2015,7,8,-34.425,19.223,63.0,0.0174264032973604,0.0189442708333333,0.0187895426819794,0.0192333333333333
HNUS,190,2015,7,9,-34.425,19.223,63.0,0.0167653504549953,0.0171260763888888,0.0173789968813064,0.0170208333333333
HNUS,191,2015,7,10,-34.425,19.223,63.0,0.0165432261964979,0.0149680902777777,0.0149704369048632,0.0152041666666666
HNUS,192,2015,7,11,-34.425,19.223,63.0,0.0179022203327639,0.0183126041666666,0.0201044519806225,0.0191916666666666
HNUS,193,2015,7,12,-34.425,19.223,63.0,0.0120360443619146,0.0112925694444444,0.0119933676091199,0.011175
HNUS,194,2015,7,13,-34.425,19.223,63.0,0.0110380652443715,0.0116627083333333,0.0118789541112416,0.0117291666666666
HNUS,195,2015,7,14,-34.425,19.223,63.0,0.0085047574545112,0.0072899652777777,0.0110600573984725,0.0091624999999999
HNUS,196,2015,7,15,-34.425,19.223,63.0,0.0104548785599612,0.0090899305555555,0.00984418802355,0.0101291666666666
HNUS,197,2015,7,16,-34.425,19.223,63.0,0.0171837976901953,0.0159093402777777,0.0155717019762763,0.0166666666666666
HNUS,198,2015,7,17,-34.425,19.223,63.0,0.0252883659004462,0.0258905208333333,0.0269469941073707,0.0264166666666666
HNUS,199,2015,7,18,-34.425,19.223,63.0,0.0154236019572685,0.0140471180555555,0.0159231172402087,0.0148458333333333
HNUS,200,2015,7,19,-34.425,19.223,63.0,0.0162444162695369,0.0150835069444444,0.0160652656495977,0.016075
HNUS,201,2015,7,20,-34.425,19.223,63.0,0.016123907328331,0.0161267013888888,0.0169501850420603,0.0151666666666666
HNUS,202,2015,7,21,-34.425,19.223,63.0,0.0136680258829315,0.0129164236111111,0.0121850122256971,0.0124583333333333
HNUS,203,2015,7,22,-34.425,19.223,63.0,0.0193031082632413,0.0198817361111111,0.0189013610530722,0.0197916666666666
HNUS,204,2015,7,23,-34.425,19.223,63.0,0.0178349150139104,0.0173772222222222,0.0180009635538209,0.0173083333333333
HNUS,205,2015,7,24,-34.425,19.223,63.0,0.0167353642551235,0.0175533680555555,0.0175150240360089,0.0174125
HNUS,206,2015,7,25,-34.425,19.223,63.0,0.012825275150489,0.012450625,0.0134305535454513,0.0122958333333333
HNUS,207,2015,7,26,-34.425,19.223,63.0,0.0098110329054929,0.0092918055555555,0.0109048816517952,0.0098708333333333
HNUS,208,2015,7,27,-34.425,19.223,63.0,0.0116173325382651,0.0112290625,0.0125107958949575,0.010975
HNUS,209,2015,7,28,-34.425,19.223,63.0,0.0112029938396996,0.0105626388888888,0.0113233514153804,0.0105416666666666
HNUS,210,2015,7,29,-34.425,19.223,63.0,0.0150428289803822,0.0146529513888888,0.015561364870394,0.0154041666666666
HNUS,211,2015,7,30,-34.425,19.223,63.0,0.0156714883772057,0.0137046527777777,0.0157341759130837,0.0142541666666666
HNUS,213,2015,8,1,-34.425,19.223,63.0,0.013054086269394,0.0135363194444444,0.0150564198388501,0.01455
HNUS,214,2015,8,2,-34.425,19.223,63.0,0.0071968390910685,0.0059522916666666,0.0079513432341181,0.0071208333333333
HNUS,215,2015,8,3,-34.425,19.223,63.0,0.0121883962789869,0.0098472222222222,0.0107859604993248,0.0109375
HNUS,216,2015,8,4,-34.425,19.223,63.0,0.016272853772588,0.0161940972222222,0.0169642666005394,0.0157041666666666
HNUS,217,2015,8,5,-34.425,19.223,63.0,0.0119861891966098,0.013153125,0.0137950424014555,0.0132583333333333
HNUS,218,2015,8,6,-34.425,19.223,63.0,0.0086009783609242,0.0074313541666666,0.0095850294521146,0.0090416666666666
HNUS,219,2015,8,7,-34.425,19.223,63.0,0.008569497786051,0.0087772916666666,0.0097999384443308,0.0095291666666666
HNUS,220,2015,8,8,-34.425,19.223,63.0,0.0123203302482264,0.0125708333333333,0.0123030307486971,0.0122791666666666
HNUS,221,2015,8,9,-34.425,19.223,63.0,0.0109324901727578,0.0109836805555555,0.0125965986077288,0.0111416666666666
HNUS,222,2015,8,10,-34.425,19.223,63.0,0.0087681027171857,0.0083452430555555,0.009787748560223,0.0093583333333333
HNUS,223,2015,8,11,-34.425,19.223,63.0,0.014629894270416,0.0135742708333333,0.0129199505749856,0.0140875
HNUS,224,2015,8,12,-34.425,19.223,63.0,0.0179350366225562,0.0164887152777777,0.017448355617997,0.01655
HNUS,225,2015,8,13,-34.425,19.223,63.0,0.015740065241119,0.0174997569444444,0.0180967349157616,0.0177625
HNUS,227,2015,8,15,-34.425,19.223,63.0,0.0249655281511693,0.0211252430555555,0.0220389494106505,0.0224208333333333
HNUS,228,2015,8,16,-34.425,19.223,63.0,0.0225272349182236,0.0222340625,0.023779064376576,0.023075
HNUS,229,2015,8,17,-34.425,19.223,63.0,0.0186415273880437,0.0185405208333333,0.0186843111926506,0.018425
HNUS,230,2015,8,18,-34.425,19.223,63.0,0.015418904137728,0.0152983333333333,0.0153855789343566,0.0152
HNUS,231,2015,8,19,-34.425,19.223,63.0,0.016345490883953,0.0169714236111111,0.0163675752186919,0.0155125
HNUS,232,2015,8,20,-34.425,19.223,63.0,0.0163844017081786,0.0167982291666666,0.0172368477922599,0.0166833333333333
HNUS,233,2015,8,21,-34.425,19.223,63.0,0.0140678576653252,0.0131489930555555,0.0144857527909827,0.0137166666666666
HNUS,234,2015,8,22,-34.425,19.223,63.0,0.0181622068236906,0.0157890625,0.0146217019627414,0.0155833333333333
HNUS,235,2015,8,23,-34.425,19.223,63.0,0.0269128129806586,0.0267945993031358,0.0277434155898293,0.0281708333333333
HNUS,239,2015,8,27,-34.425,19.223,63.0,0.0183659405594891,0.0196934193548387,0.0224706584049267,0.0220958333333333
HNUS,240,2015,8,28,-34.425,19.223,63.0,0.0172499312850357,0.0161027430555555,0.0181229212404182,0.0174458333333333
HNUS,241,2015,8,29,-34.425,19.223,63.0,0.0209885234174231,0.0203318402777777,0.02034042799762,0.0204666666666666
HNUS,242,2015,8,30,-34.425,19.223,63.0,0.0251500028377668,0.0253780902777777,0.0255992666712727,0.0255166666666666
HNUS,244,2015,9,1,-34.425,19.223,63.0,0.0120968844817553,0.0113901736111111,0.0136259321387026,0.0118083333333333
HNUS,245,2015,9,2,-34.425,19.223,63.0,0.011870785411071,0.0118225347222222,0.0117785054817946,0.0115041666666666
HNUS,246,2015,9,3,-34.425,19.223,63.0,0.0112347072155779,0.0109967013888888,0.0114126680228227,0.010725
HNUS,247,2015,9,4,-34.425,19.223,63.0,0.0090380102142984,0.00817375,0.0104275208737662,0.0093666666666666
HNUS,248,2015,9,5,-34.425,19.223,63.0,0.0123539068368245,0.0122303819444444,0.0123492645986604,0.0132791666666666
HNUS,249,2015,9,6,-34.425,19.223,63.0,0.0139650699611739,0.0112037847222222,0.013179038468556,0.0126249999999999
HNUS,250,2015,9,7,-34.425,19.223,63.0,0.0168505983338166,0.0182820138888888,0.0187373900948418,0.0183625
HNUS,251,2015,9,8,-34.425,19.223,63.0,0.0142759018528052,0.0148114930555555,0.0154232941227254,0.0138874999999999
HNUS,252,2015,9,9,-34.425,19.223,63.0,0.0164297794064937,0.0148453125,0.014778103938749,0.0146458333333333
HNUS,253,2015,9,10,-34.425,19.223,63.0,0.0201401896460643,0.0195544444444444,0.0193839444353276,0.0185583333333333
HNUS,254,2015,9,11,-34.425,19.223,63.0,0.0176600016754502,0.0169831944444444,0.0167826351379823,0.0171416666666666
HNUS,255,2015,9,12,-34.425,19.223,63.0,0.0161236921051,0.0164578125,0.0161781129071266,0.016575
HNUS,256,2015,9,13,-34.425,19.223,63.0,0.0221900430828188,0.0222911805555555,0.0223297734247488,0.023925
HNUS,257,2015,9,14,-34.425,19.223,63.0,0.0251426454186597,0.0251877430555555,0.0282649254951863,0.0288
HNUS,258,2015,9,15,-34.425,19.223,63.0,0.0215947553484377,0.0225611805555555,0.0224243684547579,0.022775
HNUS,259,2015,9,16,-34.425,19.223,63.0,0.0185312404910635,0.0197908680555555,0.0203309488244165,0.0203708333333333
HNUS,260,2015,9,17,-34.425,19.223,63.0,0.0160006070835013,0.0152738541666666,0.0134265788582196,0.0137333333333333
HNUS,261,2015,9,18,-34.425,19.223,63.0,0.0142749184486871,0.0145732986111111,0.0137236329714205,0.0131333333333333
HNUS,262,2015,9,19,-34.425,19.223,63.0,0.0098022453480415,0.0085947569444444,0.0095091590040287,0.0091666666666666
HNUS,263,2015,9,20,-34.425,19.223,63.0,0.0152984791409068,0.0173713541666666,0.0171737899967142,0.0185416666666666
HNUS,264,2015,9,21,-34.425,19.223,63.0,0.0154035187624522,0.0153272569444444,0.0170469708716989,0.0163833333333333
HNUS,265,2015,9,22,-34.425,19.223,63.0,0.0176819517395649,0.0177951041666666,0.0182128625080124,0.0182666666666666
HNUS,266,2015,9,23,-34.425,19.223,63.0,0.0191714873134542,0.0199382986111111,0.0222478433705082,0.0207791666666666
HNUS,267,2015,9,24,-34.425,19.223,63.0,0.0210560733976446,0.0222192361111111,0.0226804594586398,0.0226124999999999
HNUS,268,2015,9,25,-34.425,19.223,63.0,0.0233280676703627,0.0227426041666666,0.0241381744340728,0.0247958333333333
HNUS,269,2015,9,26,-34.425,19.223,63.0,0.0283902874224359,0.0267271180555555,0.0270195949072635,0.0277041666666666
HNUS,270,2015,9,27,-34.425,19.223,63.0,0.022289104972661,0.0212396527777777,0.0228882552933569,0.0215333333333333
HNUS,271,2015,9,28,-34.425,19.223,63.0,0.0161121865110413,0.0156548288973384,0.0163635542310677,0.0153374999999999
HNUS,272,2015,9,29,-34.425,19.223,63.0,0.0198106317029718,0.0197689189189189,0.0192338212962174,0.0197958333333333
HNUS,273,2015,9,30,-34.425,19.223,63.0,0.020127135218438,0.0194372839506172,0.0195318885775495,0.0186333333333333
HNUS,274,2015,10,1,-34.425,19.223,63.0,0.0143992822857821,0.0153852777777777,0.0143576906903861,0.0137541666666666
HNUS,275,2015,10,2,-34.425,19.223,63.0,0.0161765842617382,0.0169432452830188,0.0178427666815326,0.019475
HNUS,277,2015,10,4,-34.425,19.223,63.0,0.0176928851644263,0.0203266425992779,0.0234927419275033,0.0215999999999999
HNUS,278,2015,10,5,-34.425,19.223,63.0,0.0153365566811406,0.0163803448275862,0.0163822405658742,0.01585
HNUS,279,2015,10,6,-34.425,19.223,63.0,0.0109686284301831,0.0107269791666666,0.0111246725951026,0.0104249999999999
HNUS,280,2015,10,7,-34.425,19.223,63.0,0.0118030034250712,0.0117235416666666,0.0128993614750239,0.0132083333333333
HNUS,281,2015,10,8,-34.425,19.223,63.0,0.0185986720646909,0.0189572916666666,0.0183242225408734,0.018925
HNUS,282,2015,10,9,-34.425,19.223,63.0,0.0234216593083,0.0215426388888888,0.0232957610513452,0.0224833333333333
HNUS,283,2015,10,10,-34.425,19.223,63.0,0.0186614615964762,0.0172132291666666,0.0175608484506647,0.0162625
HNUS,284,2015,10,11,-34.425,19.223,63.0,0.0132077205248828,0.0141223611111111,0.0131141605035673,0.0129833333333333
HNUS,285,2015,10,12,-34.425,19.223,63.0,0.0137772154747162,0.0135447916666666,0.0145168283266643,0.013625
HNUS,286,2015,10,13,-34.425,19.223,63.0,0.0185084488975101,0.0203627430555555,0.0202049435479629,0.0202749999999999
HNUS,287,2015,10,14,-34.425,19.223,63.0,0.0229129454071465,0.0239610416666666,0.0217492925441189,0.022475
HNUS,288,2015,10,15,-34.425,19.223,63.0,0.0150045674228254,0.0151611458333333,0.015280313772207,0.0147166666666666
HNUS,289,2015,10,16,-34.425,19.223,63.0,0.0152029483215597,0.0155329861111111,0.0163967769567418,0.0154416666666666
HNUS,290,2015,10,17,-34.425,19.223,63.0,0.0164162397573192,0.0160030555555555,0.0173065533731485,0.0168708333333333
HNUS,291,2015,10,18,-34.425,19.223,63.0,0.0226551609015071,0.0215965972222222,0.0208891370504538,0.0195791666666666
HNUS,292,2015,10,19,-34.425,19.223,63.0,0.0289346896218104,0.0288479513888888,0.0292408177874554,0.029175
HNUS,293,2015,10,20,-34.425,19.223,63.0,0.028927126816642,0.0281151736111111,0.028839194517842,0.0288166666666666
HNUS,294,2015,10,21,-34.425,19.223,63.0,0.0193271830133876,0.0179229513888888,0.0185220737134214,0.0173749999999999
HNUS,295,2015,10,22,-34.425,19.223,63.0,0.0135794532722363,0.0135909027777777,0.0133997729452045,0.01325
HNUS,296,2015,10,23,-34.425,19.223,63.0,0.0172028639883754,0.0159398958333333,0.0154966015574467,0.0163875
HNUS,297,2015,10,24,-34.425,19.223,63.0,0.0177402302118958,0.0175842013888888,0.0195951605835155,0.0185666666666666
HNUS,298,2015,10,25,-34.425,19.223,63.0,0.0150793378245304,0.0158652430555555,0.0152645604986211,0.0156375
HNUS,299,2015,10,26,-34.425,19.223,63.0,0.0192482520727084,0.0193010416666666,0.0204980636192795,0.018375
HNUS,300,2015,10,27,-34.425,19.223,63.0,0.0170836768832221,0.0149240277777777,0.0157676102642023,0.0162041666666666
HNUS,301,2015,10,28,-34.425,19.223,63.0,0.0205220941940632,0.0227910069444444,0.0213968730352625,0.0221333333333333
HNUS,302,2015,10,29,-34.425,19.223,63.0,0.0217526250746457,0.0220988888888888,0.0214664996487917,0.0215416666666666
HNUS,303,2015,10,30,-34.425,19.223,63.0,0.0232990074898565,0.0243963194444444,0.0226320333601184,0.0239041666666666
HNUS,305,2015,11,1,-34.425,19.223,63.0,0.017222907960185,0.0187534375,0.0188835849746386,0.0173791666666666
HNUS,306,2015,11,2,-34.425,19.223,63.0,0.0174008111998627,0.0165333680555555,0.0165536580979488,0.0164041666666666
HNUS,307,2015,11,3,-34.425,19.223,63.0,0.0153748888532335,0.0142394444444444,0.01556850844607,0.0147125
HNUS,308,2015,11,4,-34.425,19.223,63.0,0.0128767075519797,0.0111726736111111,0.0133920790108788,0.0121958333333333
HNUS,309,2015,11,5,-34.425,19.223,63.0,0.0151503688172527,0.0163783333333333,0.0185342338533955,0.0183041666666666
HNUS,310,2015,11,6,-34.425,19.223,63.0,0.0155071859839778,0.0147495833333333,0.0166103423309922,0.0160708333333333
HNUS,311,2015,11,7,-34.425,19.223,63.0,0.0204697512343931,0.0200583680555555,0.02150570249221,0.0219625
HNUS,312,2015,11,8,-34.425,19.223,63.0,0.0276642054593231,0.0280335416666666,0.0270133283458198,0.0272833333333333
HNUS,313,2015,11,9,-34.425,19.223,63.0,0.0190759792481977,0.0166273263888888,0.0180085876749192,0.0149916666666666
HNUS,314,2015,11,10,-34.425,19.223,63.0,0.0169476809246401,0.0160025347222222,0.0146714486307128,0.01455
HNUS,315,2015,11,11,-34.425,19.223,63.0,0.0169462092737492,0.0150887847222222,0.0158948953963394,0.0145791666666666
HNUS,316,2015,11,12,-34.425,19.223,63.0,0.0150125356350771,0.0152738888888888,0.0146250824162174,0.0138333333333333
HNUS,317,2015,11,13,-34.425,19.223,63.0,0.0159738626032373,0.0164292361111111,0.0166131697941078,0.0163375
HNUS,318,2015,11,14,-34.425,19.223,63.0,0.0165366217617116,0.0162165972222222,0.0167796800736871,0.0155249999999999
HNUS,319,2015,11,15,-34.425,19.223,63.0,0.0144534748239235,0.0144920833333333,0.0150587393338562,0.0147291666666666
HNUS,320,2015,11,16,-34.425,19.223,63.0,0.0113670042347404,0.0113197569444444,0.0105666474647045,0.0103249999999999
HNUS,321,2015,11,17,-34.425,19.223,63.0,0.013318437688856,0.0180324305555555,0.0174227064562239,0.0176375
HNUS,322,2015,11,18,-34.425,19.223,63.0,0.010488930482142,0.0103856597222222,0.0106944523855516,0.010225
HNUS,323,2015,11,19,-34.425,19.223,63.0,0.0163156010671603,0.0130117708333333,0.0102862040884365,0.01255
HNUS,324,2015,11,20,-34.425,19.223,63.0,0.0189366230029607,0.0167153472222222,0.018531840437183,0.017075
HNUS,325,2015,11,21,-34.425,19.223,63.0,0.0169845897868534,0.0153158680555555,0.0161990068888806,0.0155708333333333
HNUS,326,2015,11,22,-34.425,19.223,63.0,0.0216533336569093,0.0218294097222222,0.0213637521087767,0.0215166666666666
HNUS,327,2015,11,23,-34.425,19.223,63.0,0.0196732674685004,0.0195273611111111,0.0211875607926159,0.0191374999999999
HNUS,328,2015,11,24,-34.425,19.223,63.0,0.0149475795132196,0.0173928125,0.0164562456050309,0.0160416666666666
HNUS,329,2015,11,25,-34.425,19.223,63.0,0.0182260063515662,0.0169394097222222,0.01520161605723,0.0157583333333333
HNUS,330,2015,11,26,-34.425,19.223,63.0,0.0203576038022993,0.0188531597222222,0.0195256579524983,0.0187624999999999
HNUS,331,2015,11,27,-34.425,19.223,63.0,0.0138699703410363,0.0123635416666666,0.0122422356260396,0.0119
HNUS,332,2015,11,28,-34.425,19.223,63.0,0.0171739377341149,0.0156948263888888,0.0146795134846015,0.01515
HNUS,333,2015,11,29,-34.425,19.223,63.0,0.0220727550164696,0.0229092708333333,0.0218685935015519,0.0228875
HNUS,334,2015,11,30,-34.425,19.223,63.0,0.0209902996112631,0.0192855555555555,0.0193633428237521,0.0194166666666666
HNUS,335,2015,12,1,-34.425,19.223,63.0,0.0280636730066833,0.0277678472222222,0.0263880372119748,0.0275958333333333
HNUS,336,2015,12,2,-34.425,19.223,63.0,0.0256772873105333,0.0245305555555555,0.025077624027533,0.0238
HNUS,337,2015,12,3,-34.425,19.223,63.0,0.025097989262891,0.0239425694444444,0.0231726001856264,0.0229166666666666
HNUS,338,2015,12,4,-34.425,19.223,63.0,0.0257829623703153,0.0259752444444444,0.0250384211232739,0.0247125
HNUS,339,2015,12,5,-34.425,19.223,63.0,0.0282178307251956,0.0284469791666666,0.0278477703228683,0.0278625
HNUS,340,2015,12,6,-34.425,19.223,63.0,0.0247511546190999,0.0237296875,0.0242305693028614,0.0246916666666666
HNUS,341,2015,12,7,-34.425,19.223,63.0,0.0292602599161562,0.030155,0.027835083583596,0.0282625
HNUS,342,2015,12,8,-34.425,19.223,63.0,0.0264414066191788,0.0257030208333333,0.0252226288780739,0.0252375
HNUS,343,2015,12,9,-34.425,19.223,63.0,0.0292356155169518,0.0286035763888888,0.027482527902789,0.0264916666666666
HNUS,344,2015,12,10,-34.425,19.223,63.0,0.0320654763492363,0.0328838888888888,0.031022276272025,0.0313666666666666
HNUS,345,2015,12,11,-34.425,19.223,63.0,0.0250825603563646,0.0216812152777777,0.0235698201994818,0.0220291666666666
HNUS,346,2015,12,12,-34.425,19.223,63.0,0.0234988256283498,0.0224952083333333,0.0231457222796248,0.021525
HNUS,347,2015,12,13,-34.425,19.223,63.0,0.0160675073704904,0.015493125,0.0165246535619734,0.0157958333333333
HNUS,348,2015,12,14,-34.425,19.223,63.0,0.0195005213294765,0.0195846527777777,0.0175251060247738,0.0175583333333333
HNUS,349,2015,12,15,-34.425,19.223,63.0,0.0213640387742762,0.0180760763888888,0.0187293343937936,0.0183916666666666
HNUS,350,2015,12,16,-34.425,19.223,63.0,0.0210999010841094,0.0178183333333333,0.0199648999461942,0.0178291666666666
HNUS,351,2015,12,17,-34.425,19.223,63.0,0.0158091526124339,0.0148641319444444,0.0154704436392021,0.0142458333333333
HNUS,352,2015,12,18,-34.425,19.223,63.0,0.0160291741037422,0.0154503472222222,0.0141506144071037,0.0148833333333333
HNUS,353,2015,12,19,-34.425,19.223,63.0,0.0221519219732935,0.0222001388888888,0.0205315640466816,0.0215291666666666
HNUS,354,2015,12,20,-34.425,19.223,63.0,0.0190999726003286,0.0190228472222222,0.0184341391636186,0.0183458333333333
HNUS,355,2015,12,21,-34.425,19.223,63.0,0.0213388365214303,0.0219323611111111,0.0207840720604015,0.021075
HNUS,356,2015,12,22,-34.425,19.223,63.0,0.0198560156614353,0.0199965972222222,0.0188543000380098,0.0187791666666666
HNUS,357,2015,12,23,-34.425,19.223,63.0,0.021578558386825,0.0180892361111111,0.01694583764318,0.0182166666666666
HNUS,358,2015,12,24,-34.425,19.223,63.0,0.0193762638461288,0.0163436805555555,0.0190610724185655,0.0171249999999999
HNUS,359,2015,12,25,-34.425,19.223,63.0,0.0166412310237761,0.0173531944444444,0.016740962560208,0.0160208333333333
HNUS,360,2015,12,26,-34.425,19.223,63.0,0.0212998658372198,0.0212682638888888,0.0196638484583723,0.0191083333333333
HNUS,361,2015,12,27,-34.425,19.223,63.0,0.021100645267672,0.0215365972222222,0.0199126120429757,0.01925
HNUS,362,2015,12,28,-34.425,19.223,63.0,0.0213356451926076,0.0224377777777777,0.0201974089894974,0.0201583333333333
HNUS,363,2015,12,29,-34.425,19.223,63.0,0.0231329052993103,0.0241038888888888,0.0223347519780446,0.0225958333333333
HNUS,364,2015,12,30,-34.425,19.223,63.0,0.022396220810457,0.0205780208333333,0.0219958452538246,0.0213333333333333
HNUS,366,2016,1,1,-34.425,19.223,63.0,0.0247247217532526,0.023834375,0.022956417029787,0.0221666666666666
HNUS,367,2016,1,2,-34.425,19.223,63.0,0.0211544287278005,0.0219868055555555,0.0224049973134848,0.0199583333333333
HNUS,368,2016,1,3,-34.425,19.223,63.0,0.0187045490250611,0.0193097222222222,0.0196149949018323,0.0173749999999999
HNUS,369,2016,1,4,-34.425,19.223,63.0,0.0242961491291069,0.0256639236111111,0.0225012947302087,0.0229458333333333
HNUS,370,2016,1,5,-34.425,19.223,63.0,0.0241722173859063,0.0230242708333333,0.0220627666878578,0.0224083333333333
HNUS,371,2016,1,6,-34.425,19.223,63.0,0.0319819081322663,0.0331728125,0.0325902265164293,0.0338958333333333
HNUS,372,2016,1,7,-34.425,19.223,63.0,0.0235733541374079,0.0202466666666666,0.0205304200762191,0.0202083333333333
HNUS,374,2016,1,9,-34.425,19.223,63.0,0.0212224577658095,0.0208069444444444,0.0193207684528622,0.0187833333333333
HNUS,375,2016,1,10,-34.425,19.223,63.0,0.0212749044030546,0.0209372569444444,0.0181979597798872,0.018175
HNUS,376,2016,1,11,-34.425,19.223,63.0,0.0243905187545357,0.0247501736111111,0.022966097552805,0.0230583333333333
HNUS,377,2016,1,12,-34.425,19.223,63.0,0.0291687276866763,0.0298252083333333,0.027133622373386,0.0267333333333333
HNUS,378,2016,1,13,-34.425,19.223,63.0,0.0326257819384325,0.0332020833333333,0.0309156116854249,0.0313583333333333
HNUS,379,2016,1,14,-34.425,19.223,63.0,0.0319589519775624,0.0299079513888888,0.0310521985935327,0.0320791666666666
HNUS,380,2016,1,15,-34.425,19.223,63.0,0.0304970570077536,0.0277284722222222,0.0266427467071885,0.0259375
HNUS,381,2016,1,16,-34.425,19.223,63.0,0.0268165332937635,0.0251920138888888,0.0231686578782637,0.0253083333333333
HNUS,382,2016,1,17,-34.425,19.223,63.0,0.032433336685446,0.0319584027777777,0.0335160086847862,0.0347666666666666
HNUS,383,2016,1,18,-34.425,19.223,63.0,0.0326876055992944,0.0333419444444444,0.03550226134544,0.03415
HNUS,384,2016,1,19,-34.425,19.223,63.0,0.0276621598807202,0.0275171180555555,0.0288172040713748,0.0271833333333333
HNUS,385,2016,1,20,-34.425,19.223,63.0,0.0303408194067071,0.0298110069444444,0.0301351367982897,0.0291208333333333
HNUS,386,2016,1,21,-34.425,19.223,63.0,0.0355328428082121,0.0353260416666666,0.0330975616199113,0.0339041666666666
HNUS,387,2016,1,22,-34.425,19.223,63.0,0.035113004323498,0.0356166319444444,0.0328588648916774,0.0338375
HNUS,388,2016,1,23,-34.425,19.223,63.0,0.03533015798182,0.0355730555555555,0.0321005895613395,0.0306749999999999
HNUS,389,2016,1,24,-34.425,19.223,63.0,0.0297248035616087,0.0259424652777777,0.0269310148364257,0.0265541666666666
HNUS,390,2016,1,25,-34.425,19.223,63.0,0.0291905187868775,0.0290209722222222,0.0314161501032614,0.0310666666666666
HNUS,391,2016,1,26,-34.425,19.223,63.0,0.0248450432494887,0.0232715277777777,0.0249054741485569,0.0246208333333333
HNUS,392,2016,1,27,-34.425,19.223,63.0,0.0255385728836971,0.0267376041666666,0.0278826062852096,0.0278625
HNUS,393,2016,1,28,-34.425,19.223,63.0,0.0238512299597185,0.0240498263888888,0.0250688540518548,0.0245458333333333
HNUS,394,2016,1,29,-34.425,19.223,63.0,0.0229360323752761,0.0226105555555555,0.0208319198742344,0.0202
HNUS,395,2016,1,30,-34.425,19.223,63.0,0.0246481016027478,0.0241826388888888,0.0223249343474662,0.0228916666666666
HNUS,397,2016,2,1,-34.425,19.223,63.0,0.0273251431616836,0.0280449305555555,0.0247524190018771,0.0281875
HNUS,398,2016,2,2,-34.425,19.223,63.0,0.0325564126513348,0.0318385763888888,0.030416612816861,0.0310624999999999
HNUS,399,2016,2,3,-34.425,19.223,63.0,0.0286552091614393,0.0274360069444444,0.0281943225572618,0.0268416666666666
HNUS,400,2016,2,4,-34.425,19.223,63.0,0.0231181631119289,0.0216241666666666,0.0219325728569866,0.0204708333333333
HNUS,401,2016,2,5,-34.425,19.223,63.0,0.0207122285295867,0.0195164583333333,0.0194749645521277,0.0200375
HNUS,402,2016,2,6,-34.425,19.223,63.0,0.0255890383575524,0.0236097222222222,0.0222229995534525,0.0241083333333333
HNUS,403,2016,2,7,-34.425,19.223,63.0,0.0243743388992511,0.0227811805555555,0.0222574806391023,0.0225791666666666
HNUS,404,2016,2,8,-34.425,19.223,63.0,0.0202947568872922,0.0198057291666666,0.0189664933981141,0.0187375
HNUS,405,2016,2,9,-34.425,19.223,63.0,0.0188550773459239,0.01887,0.0186317190183439,0.0178416666666666
HNUS,406,2016,2,10,-34.425,19.223,63.0,0.0177593634222672,0.0155621180555555,0.0160243377527743,0.0162916666666666
HNUS,407,2016,2,11,-34.425,19.223,63.0,0.0191717728346157,0.0192241319444444,0.0189282048138546,0.018
HNUS,408,2016,2,12,-34.425,19.223,63.0,0.0248921310877908,0.0268821875,0.0260209724384961,0.02415
HNUS,409,2016,2,13,-34.425,19.223,63.0,0.0239476450382841,0.0234854513888888,0.0248525298396636,0.0233083333333333
HNUS,410,2016,2,14,-34.425,19.223,63.0,0.0206180360430337,0.0210536111111111,0.0217753587540279,0.0220583333333333
HNUS,411,2016,2,15,-34.425,19.223,63.0,0.021914985693523,0.0217738194444444,0.022252628569236,0.021375
HNUS,412,2016,2,16,-34.425,19.223,63.0,0.0257885907698519,0.0249121527777777,0.0234345361861132,0.02305
HNUS,413,2016,2,17,-34.425,19.223,63.0,0.030548450531606,0.0271113541666666,0.0258469825769117,0.0269375
HNUS,414,2016,2,18,-34.425,19.223,63.0,0.0288782089992924,0.0286382986111111,0.0293392772595014,0.0300916666666666
HNUS,415,2016,2,19,-34.425,19.223,63.0,0.0240597936974896,0.0241323611111111,0.0249246977775148,0.0242499999999999
HNUS,416,2016,2,20,-34.425,19.223,63.0,0.0222517273244138,0.0244861111111111,0.0259385525179931,0.0247583333333333
HNUS,417,2016,2,21,-34.425,19.223,63.0,0.0211035954680668,0.0206598263888888,0.0209508557158767,0.0206208333333333
HNUS,418,2016,2,22,-34.425,19.223,63.0,0.0196312294685432,0.0193779513888888,0.0190171962679484,0.0189208333333333
HNUS,419,2016,2,23,-34.425,19.223,63.0,0.0172423089809425,0.0171763194444444,0.0163957983120045,0.0164916666666666
HNUS,420,2016,2,24,-34.425,19.223,63.0,0.0208064963423441,0.0220682986111111,0.0201470355860658,0.0220625
HNUS,421,2016,2,25,-34.425,19.223,63.0,0.0228039708255941,0.0192981944444444,0.020424737346017,0.0196958333333333
HNUS,422,2016,2,26,-34.425,19.223,63.0,0.023333270977782,0.0220946527777777,0.0233937672871563,0.0230208333333333
HNUS,423,2016,2,27,-34.425,19.223,63.0,0.0200863942598061,0.0199211805555555,0.0209063953353654,0.0200916666666666
HNUS,424,2016,2,28,-34.425,19.223,63.0,0.0170488625621416,0.01583625,0.0155422814395432,0.0138791666666666
HNUS,425,2016,2,29,-34.425,19.223,63.0,0.0174048647628134,0.0174482986111111,0.0168240118726838,0.0171125
HNUS,426,2016,3,1,-34.425,19.223,63.0,0.0175918419266616,0.0149079166666666,0.0145784621110857,0.0143791666666666
HNUS,427,2016,3,2,-34.425,19.223,63.0,0.029868752263593,0.0286252083333333,0.0277426245743226,0.02935
HNUS,428,2016,3,3,-34.425,19.223,63.0,0.0321879240154703,0.0306016666666666,0.0306490791621493,0.0295374999999999
HNUS,429,2016,3,4,-34.425,19.223,63.0,0.0304342743012511,0.0277784722222222,0.0257845958240041,0.0264125
HNUS,430,2016,3,5,-34.425,19.223,63.0,0.0371278966427535,0.0384288194444444,0.0354081057895025,0.0387666666666666
HNUS,431,2016,3,6,-34.425,19.223,63.0,0.034863052472222,0.0342325347222222,0.0349898415117122,0.0329833333333333
HNUS,432,2016,3,7,-34.425,19.223,63.0,0.0246323075941471,0.0218421875,0.0234837579838287,0.0230166666666666
HNUS,433,2016,3,8,-34.425,19.223,63.0,0.0174710097181115,0.0169930555555555,0.017000133506447,0.0174833333333333
HNUS,434,2016,3,9,-34.425,19.223,63.0,0.0174528902145284,0.0161446180555555,0.0145457582509448,0.0144666666666666
HNUS,435,2016,3,10,-34.425,19.223,63.0,0.0245203485886701,0.0244353125,0.0227149295328278,0.0243958333333333
HNUS,436,2016,3,11,-34.425,19.223,63.0,0.0278735833809952,0.0266777777777777,0.0238957692241216,0.0247
HNUS,437,2016,3,12,-34.425,19.223,63.0,0.0267581917789973,0.0229777430555555,0.0223968260683258,0.0224541666666666
HNUS,438,2016,3,13,-34.425,19.223,63.0,0.0196406102650226,0.0171253125,0.0187514199973096,0.0172333333333333
HNUS,439,2016,3,14,-34.425,19.223,63.0,0.0160482725426118,0.0148359027777777,0.0152316761048739,0.0145208333333333
HNUS,440,2016,3,15,-34.425,19.223,63.0,0.0201869082742549,0.0203887499999999,0.0178655346306689,0.0195541666666666
HNUS,441,2016,3,16,-34.425,19.223,63.0,0.0258762719442905,0.024253125,0.0245301356189902,0.0251166666666666
HNUS,442,2016,3,17,-34.425,19.223,63.0,0.0257468110927344,0.0258715972222222,0.0252124743905192,0.0247791666666666
HNUS,443,2016,3,18,-34.425,19.223,63.0,0.0279784098090456,0.0276396527777777,0.0275842564105258,0.0283375
HNUS,444,2016,3,19,-34.425,19.223,63.0,0.0190472189822095,0.0156797916666666,0.0177938644503591,0.0152458333333333
HNUS,445,2016,3,20,-34.425,19.223,63.0,0.0202411658415241,0.0197027777777777,0.019139042992075,0.0198625
HNUS,446,2016,3,21,-34.425,19.223,63.0,0.0199740824198019,0.0189037152777777,0.0193860575734159,0.0186041666666666
HNUS,447,2016,3,22,-34.425,19.223,63.0,0.0187516623844555,0.0182078472222222,0.0200180800826884,0.0185791666666666
HNUS,448,2016,3,23,-34.425,19.223,63.0,0.0231284471173253,0.0212486458333333,0.0218478864576941,0.0202083333333333
HNUS,449,2016,3,24,-34.425,19.223,63.0,0.0294961321699743,0.0280262847222222,0.0261565603622554,0.0263583333333333
HNUS,450,2016,3,25,-34.425,19.223,63.0,0.0275592141335882,0.0262849305555555,0.02793924599946,0.0262125
HNUS,451,2016,3,26,-34.425,19.223,63.0,0.0224112161626514,0.0239597916666666,0.0250079201563,0.0236041666666666
HNUS,452,2016,3,27,-34.425,19.223,63.0,0.0201218514709052,0.01841125,0.0190235805933384,0.0185041666666666
HNUS,453,2016,3,28,-34.425,19.223,63.0,0.016736535942219,0.0170728472222222,0.0177492505576405,0.016425
HNUS,454,2016,3,29,-34.425,19.223,63.0,0.0155760361467365,0.016788125,0.0162710546350954,0.0168791666666666
HNUS,455,2016,3,30,-34.425,19.223,63.0,0.0220732170883324,0.02181875,0.0205199160227281,0.0208041666666666
HNUS,457,2016,4,1,-34.425,19.223,63.0,0.0188664848119694,0.0193700347222222,0.0201213564858181,0.01925
HNUS,458,2016,4,2,-34.425,19.223,63.0,0.0197941362399808,0.0183570138888888,0.0188256221293049,0.0179958333333333
HNUS,459,2016,4,3,-34.425,19.223,63.0,0.0180094357264411,0.0156482291666666,0.015579284480722,0.0150583333333333
HNUS,460,2016,4,4,-34.425,19.223,63.0,0.0192039227113243,0.0192715972222222,0.0190179216393711,0.0186708333333333
HNUS,461,2016,4,5,-34.425,19.223,63.0,0.0167983664143843,0.0180830208333333,0.0187417018587735,0.0182541666666666
HNUS,462,2016,4,6,-34.425,19.223,63.0,0.0120617724494253,0.0106795138888888,0.0120613033912018,0.0118375
HNUS,463,2016,4,7,-34.425,19.223,63.0,0.0139545705214702,0.0116766319444444,0.0122424658253888,0.0123708333333333
HNUS,464,2016,4,8,-34.425,19.223,63.0,0.0177883850848213,0.0167186805555555,0.0171944255210883,0.0170833333333333
HNUS,465,2016,4,9,-34.425,19.223,63.0,0.0209487556102871,0.0207300694444444,0.0203259421958151,0.0206541666666666
HNUS,466,2016,4,10,-34.425,19.223,63.0,0.0233987751464524,0.023660625,0.0227597223931877,0.0238749999999999
HNUS,467,2016,4,11,-34.425,19.223,63.0,0.0233966342518268,0.0210849652777777,0.0195370518227544,0.0204375
HNUS,468,2016,4,12,-34.425,19.223,63.0,0.0227095862307264,0.0188590277777777,0.0186456908649613,0.0179583333333333
HNUS,469,2016,4,13,-34.425,19.223,63.0,0.0178341021810037,0.0168351736111111,0.017142012448285,0.0181916666666666
HNUS,470,2016,4,14,-34.425,19.223,63.0,0.0145735735841904,0.0145117361111111,0.0150758558505523,0.0147833333333333
HNUS,471,2016,4,15,-34.425,19.223,63.0,0.0127001396058786,0.0119359027777777,0.0127365291357254,0.0124416666666666
HNUS,472,2016,4,16,-34.425,19.223,63.0,0.0195099070155474,0.0197579513888888,0.0200895993030302,0.0206125
HNUS,473,2016,4,17,-34.425,19.223,63.0,0.0258246683817761,0.0246783333333333,0.0271289408637626,0.0245874999999999
HNUS,474,2016,4,18,-34.425,19.223,63.0,0.0256854122579035,0.0239224257425742,0.0245415367542625,0.0242291666666666
HNUS,476,2016,4,20,-34.425,19.223,63.0,0.0247448630796282,0.0235461904761904,0.0275350653161193,0.0271291666666666
HNUS,477,2016,4,21,-34.425,19.223,63.0,0.028889543741965,0.0283243402777777,0.0278683311635269,0.027725
HNUS,478,2016,4,22,-34.425,19.223,63.0,0.0247814670661843,0.0232410069444444,0.02834837544979,0.0258333333333333
HNUS,479,2016,4,23,-34.425,19.223,63.0,0.0151215277363961,0.0161652777777777,0.0166086987570807,0.0154083333333333
HNUS,480,2016,4,24,-34.425,19.223,63.0,0.0174720153075603,0.0167478125,0.0158175925497486,0.0158041666666666
HNUS,481,2016,4,25,-34.425,19.223,63.0,0.0184429932293629,0.0158165625,0.0169393803985378,0.0158125
HNUS,482,2016,4,26,-34.425,19.223,63.0,0.0145201160628612,0.0136930902777777,0.0143817360253306,0.013375
HNUS,483,2016,4,27,-34.425,19.223,63.0,0.0194231085134614,0.0223010069444444,0.0207282122283462,0.0224083333333333
HNUS,484,2016,4,28,-34.425,19.223,63.0,0.0276687738526149,0.0262643402777777,0.026377031391189,0.0274583333333333
HNUS,485,2016,4,29,-34.425,19.223,63.0,0.0237308653760918,0.0206364236111111,0.0235027178937029,0.0220666666666666
HNUS,486,2016,4,30,-34.425,19.223,63.0,0.0125092944939348,0.0119661458333333,0.0120865614365015,0.0114916666666666
HNUS,487,2016,5,1,-34.425,19.223,63.0,0.0189693559416985,0.01841375,0.0173114371461033,0.0185375
HNUS,488,2016,5,2,-34.425,19.223,63.0,0.0224956557520384,0.0207378472222222,0.0188959194046704,0.0193791666666666
HNUS,489,2016,5,3,-34.425,19.223,63.0,0.0199203432147852,0.0200867013888888,0.0203913623544111,0.0192958333333333
HNUS,490,2016,5,4,-34.425,19.223,63.0,0.0131842045317155,0.0122587152777777,0.0138638659990402,0.0126125
HNUS,491,2016,5,5,-34.425,19.223,63.0,0.0162191767593417,0.0149550694444444,0.0147079325621187,0.0153958333333333
HNUS,492,2016,5,6,-34.425,19.223,63.0,0.0259586133351334,0.0247077430555555,0.0231662625578636,0.02275
HNUS,493,2016,5,7,-34.425,19.223,63.0,0.0284533709796244,0.0268186805555555,0.0269020389774089,0.0264166666666666
HNUS,494,2016,5,8,-34.425,19.223,63.0,0.0265597439618628,0.0246667013888888,0.0272901522300243,0.0275583333333333
HNUS,495,2016,5,9,-34.425,19.223,63.0,0.0263596233404602,0.0254085069444444,0.0278978817461632,0.0286
HNUS,496,2016,5,10,-34.425,19.223,63.0,0.0225251604563664,0.0222441666666666,0.0253343363480474,0.0233083333333333
HNUS,497,2016,5,11,-34.425,19.223,63.0,0.0180858971787965,0.0182887152777777,0.0188769241126773,0.0184708333333333
HNUS,498,2016,5,12,-34.425,19.223,63.0,0.0207769208141498,0.0188176041666666,0.0186093542084711,0.019275
HNUS,499,2016,5,13,-34.425,19.223,63.0,0.0268163644783032,0.0255522916666666,0.0263992345559156,0.025825
HNUS,500,2016,5,14,-34.425,19.223,63.0,0.0228817410611338,0.0217756944444444,0.0220575558717756,0.0210083333333333
HNUS,501,2016,5,15,-34.425,19.223,63.0,0.0214786671432325,0.0214694097222222,0.0214639631564086,0.0214666666666666
HNUS,502,2016,5,16,-34.425,19.223,63.0,0.0188617017910557,0.0191021527777777,0.0199244808848706,0.0203166666666666
HNUS,503,2016,5,17,-34.425,19.223,63.0,0.0162571369826663,0.0154289583333333,0.0170198709657791,0.0165958333333333
HNUS,504,2016,5,18,-34.425,19.223,63.0,0.0163186419575204,0.0169877777777777,0.0184891900499274,0.01855
HNUS,505,2016,5,19,-34.425,19.223,63.0,0.0133469811114386,0.0140209722222222,0.0142942634230554,0.0136291666666666
HNUS,506,2016,5,20,-34.425,19.223,63.0,0.010496688633292,0.0093842361111111,0.0108265718611686,0.0099541666666666
HNUS,507,2016,5,21,-34.425,19.223,63.0,0.0140710251472027,0.0144971527777777,0.0131684953077859,0.0137041666666666
HNUS,508,2016,5,22,-34.425,19.223,63.0,0.0138857548072557,0.0133246527777777,0.0148840698267397,0.0139208333333333
HNUS,509,2016,5,23,-34.425,19.223,63.0,0.0161861403865833,0.0169409722222222,0.0179130315116621,0.0174416666666666
HNUS,510,2016,5,24,-34.425,19.223,63.0,0.01815405938036,0.0178991319444444,0.0196167639646787,0.0182208333333333
HNUS,511,2016,5,25,-34.425,19.223,63.0,0.0152187139971867,0.0150218749999999,0.0145092803704759,0.01485
HNUS,512,2016,5,26,-34.425,19.223,63.0,0.0139484633315611,0.0126959027777777,0.0139304221721648,0.0140083333333333
HNUS,513,2016,5,27,-34.425,19.223,63.0,0.0124121090573554,0.0126529513888888,0.013948934032186,0.0134791666666666
HNUS,514,2016,5,28,-34.425,19.223,63.0,0.0107939602492403,0.0105609722222222,0.0125505811051123,0.0126958333333333
HNUS,515,2016,5,29,-34.425,19.223,63.0,0.0114337823233738,0.0108803819444444,0.0113245335971758,0.0119833333333333
HNUS,516,2016,5,30,-34.425,19.223,63.0,0.0145579782530663,0.0141796180555555,0.014092922523611,0.0147291666666666
HNUS,518,2016,6,1,-34.425,19.223,63.0,0.0216632414856738,0.0235659027777777,0.022776674941134,0.0235375
HNUS,519,2016,6,2,-34.425,19.223,63.0,0.0224245786696507,0.022740625,0.021823636834748,0.022675
HNUS,520,2016,6,3,-34.425,19.223,63.0,0.0164437911280575,0.0153134027777777,0.0154462005601989,0.0141791666666666
HNUS,521,2016,6,4,-34.425,19.223,63.0,0.0124765168374562,0.0119028819444444,0.0112948105092489,0.0108041666666666
HNUS,522,2016,6,5,-34.425,19.223,63.0,0.0103411888510131,0.0097830902777777,0.0103220378130839,0.0094333333333333
HNUS,523,2016,6,6,-34.425,19.223,63.0,0.0085724214368445,0.0072321527777777,0.0092586447532828,0.0081833333333333
HNUS,524,2016,6,7,-34.425,19.223,63.0,0.0140499868717468,0.0129970833333333,0.0138941783894309,0.0134166666666666
HNUS,525,2016,6,8,-34.425,19.223,63.0,0.0158291617370726,0.0144284374999999,0.0157440312482472,0.0147291666666666
HNUS,526,2016,6,9,-34.425,19.223,63.0,0.0267667368461966,0.023626875,0.0230700448154949,0.0251583333333333
HNUS,527,2016,6,10,-34.425,19.223,63.0,0.0196558703565073,0.0162752083333333,0.0194357614238739,0.0170833333333333
HNUS,528,2016,6,11,-34.425,19.223,63.0,0.0081910059515947,0.0089693055555555,0.0100373991028165,0.00945
HNUS,529,2016,6,12,-34.425,19.223,63.0,0.0065466783930215,0.0058853472222222,0.0076876157709842,0.0060916666666666
HNUS,530,2016,6,13,-34.425,19.223,63.0,0.0180969701969914,0.0170255555555555,0.015564883107386,0.01745
HNUS,531,2016,6,14,-34.425,19.223,63.0,0.0231312589675122,0.0223082638888888,0.0234633170214586,0.0226875
HNUS,532,2016,6,15,-34.425,19.223,63.0,0.0181632085694762,0.0173480555555555,0.0195487045492732,0.0184958333333333
HNUS,533,2016,6,16,-34.425,19.223,63.0,0.0146909358671717,0.0147552083333333,0.0165100551664639,0.0151583333333333
HNUS,534,2016,6,17,-34.425,19.223,63.0,0.0131468379960027,0.0118712857142857,0.0132023036920979,0.0120208333333333
HNUS,535,2016,6,18,-34.425,19.223,63.0,0.0194125856874123,0.0193450347222222,0.018674120227514,0.0195291666666666
HNUS,536,2016,6,19,-34.425,19.223,63.0,0.0211090549625983,0.0220808680555555,0.0242007541233975,0.0227541666666666
HNUS,537,2016,6,20,-34.425,19.223,63.0,0.0116398104488184,0.0127533680555555,0.0139359856249623,0.0129458333333333
HNUS,538,2016,6,21,-34.425,19.223,63.0,0.0091118420163628,0.0092834722222222,0.0100886773952236,0.0094708333333333
HNUS,539,2016,6,22,-34.425,19.223,63.0,0.0061235663805839,0.0062841319444444,0.0076868489350386,0.00715
HNUS,540,2016,6,23,-34.425,19.223,63.0,0.0085211817536667,0.007736875,0.0083549726926313,0.0088666666666666
HNUS,541,2016,6,24,-34.425,19.223,63.0,0.0154494711547258,0.0160473958333333,0.0161170704367763,0.0171541666666666
HNUS,542,2016,6,25,-34.425,19.223,63.0,0.0148331272918505,0.0137978472222222,0.0143863249149268,0.0139666666666666
HNUS,543,2016,6,26,-34.425,19.223,63.0,0.0184992639512398,0.0136200347222222,0.0133778160384052,0.0149125
HNUS,544,2016,6,27,-34.425,19.223,63.0,0.0191043068211318,0.0163866319444444,0.0179167797353926,0.016375
HNUS,545,2016,6,28,-34.425,19.223,63.0,0.0119652063501413,0.0119857986111111,0.0122003698291177,0.0119791666666666
HNUS,546,2016,6,29,-34.425,19.223,63.0,0.0091876721497658,0.0092061111111111,0.0117159685013788,0.0106333333333333
HNUS,547,2016,6,30,-34.425,19.223,63.0,0.0142686229477547,0.0117245486111111,0.012493539023513,0.0137666666666666
HNUS,548,2016,7,1,-34.425,19.223,63.0,0.0135551397619161,0.0122167013888888,0.0133000665965251,0.0117333333333333
HNUS,549,2016,7,2,-34.425,19.223,63.0,0.0087440233956162,0.0093059027777777,0.0099981578829748,0.009525
HNUS,550,2016,7,3,-34.425,19.223,63.0,0.0057557737391086,0.0053969444444444,0.0079776756415735,0.0066333333333333
HNUS,551,2016,7,4,-34.425,19.223,63.0,0.0077367822394047,0.0074673958333333,0.0088345543493151,0.0085708333333333
HNUS,552,2016,7,5,-34.425,19.223,63.0,0.013293297995325,0.0135971875,0.0146083249669154,0.0147625
HNUS,553,2016,7,6,-34.425,19.223,63.0,0.0095954117054409,0.0107349397590361,0.010687899564689,0.0099291666666666
HNUS,565,2016,7,18,-34.425,19.223,63.0,0.0188169641144442,0.0173029299363057,0.0175287171669879,0.0168291666666666
HNUS,566,2016,7,19,-34.425,19.223,63.0,0.0192207466882813,0.0195311805555555,0.022242222911269,0.0205166666666666
HNUS,567,2016,7,20,-34.425,19.223,63.0,0.0212246314992324,0.0220024652777777,0.0231445500851806,0.0225291666666666
HNUS,568,2016,7,21,-34.425,19.223,63.0,0.0184173967540712,0.0176841666666666,0.0179333285121066,0.016975
HNUS,569,2016,7,22,-34.425,19.223,63.0,0.0123781473353623,0.0126035069444444,0.0141407264925967,0.013375
HNUS,570,2016,7,23,-34.425,19.223,63.0,0.0125033744782393,0.0122954861111111,0.0132116185735604,0.0127916666666666
HNUS,571,2016,7,24,-34.425,19.223,63.0,0.0116223031056804,0.0130759027777777,0.0139323956207672,0.0137458333333333
HNUS,572,2016,7,25,-34.425,19.223,63.0,0.0158363950897219,0.0165931597222222,0.0148543368830323,0.0152583333333333
HNUS,573,2016,7,26,-34.425,19.223,63.0,0.0203943391411489,0.0195342013888888,0.0209240854332118,0.0201708333333333
HNUS,574,2016,7,27,-34.425,19.223,63.0,0.0172003234419624,0.0141203125,0.014353212195324,0.0130625
HNUS,575,2016,7,28,-34.425,19.223,63.0,0.0252221199305054,0.0250361111111111,0.025663540639263,0.0258458333333333
HNUS,576,2016,7,29,-34.425,19.223,63.0,0.022625057615627,0.0213287152777777,0.0225046239640156,0.0223166666666666
HNUS,577,2016,7,30,-34.425,19.223,63.0,0.0183426261554001,0.0169626041666666,0.0183580981784661,0.0172125
HNUS,579,2016,8,1,-34.425,19.223,63.0,0.0103516346567589,0.0116726041666666,0.0124070006739409,0.0119208333333333
HNUS,580,2016,8,2,-34.425,19.223,63.0,0.0148796850544473,0.0127361805555555,0.0120536756353951,0.0134708333333333
HNUS,581,2016,8,3,-34.425,19.223,63.0,0.0160462884128598,0.0143100347222222,0.0150358082130866,0.0145708333333333
HNUS,582,2016,8,4,-34.425,19.223,63.0,0.0111124233752242,0.0103299652777777,0.01336510364327,0.0114541666666666
HNUS,583,2016,8,5,-34.425,19.223,63.0,0.0166075416005485,0.0164595138888888,0.0151922810519581,0.0168291666666666
HNUS,584,2016,8,6,-34.425,19.223,63.0,0.017528685682001,0.0165528125,0.0172140451097279,0.0165708333333333
HNUS,585,2016,8,7,-34.425,19.223,63.0,0.013890119647724,0.0147940972222222,0.0150574393444123,0.0146708333333333
HNUS,586,2016,8,8,-34.425,19.223,63.0,0.0069385579140052,0.0061949652777777,0.0080318947777848,0.0063333333333333
HNUS,587,2016,8,9,-34.425,19.223,63.0,0.0053961530200038,0.0053027430555555,0.0056551216894447,0.0054208333333333
HNUS,588,2016,8,10,-34.425,19.223,63.0,0.0069003293839457,0.0065410416666666,0.008529923491383,0.0085333333333333
HNUS,589,2016,8,11,-34.425,19.223,63.0,0.009125651561635,0.0086059722222222,0.0092874500961458,0.0095916666666666
HNUS,590,2016,8,12,-34.425,19.223,63.0,0.0157276920866575,0.0180222222222222,0.0183337108950674,0.0189333333333333
HNUS,591,2016,8,13,-34.425,19.223,63.0,0.0169377008082058,0.0146504861111111,0.0157937130411004,0.015375
HNUS,592,2016,8,14,-34.425,19.223,63.0,0.0150476162813818,0.0153341319444444,0.0163884344411701,0.0156541666666666
HNUS,593,2016,8,15,-34.425,19.223,63.0,0.0148163069576572,0.0145388194444444,0.01523105258026,0.0145416666666666
HNUS,594,2016,8,16,-34.425,19.223,63.0,0.0120544622507174,0.0109046180555555,0.0112826210794527,0.0108416666666666
HNUS,595,2016,8,17,-34.425,19.223,63.0,0.0229206360411661,0.0231273958333333,0.0208762905911621,0.0219458333333333
HNUS,596,2016,8,18,-34.425,19.223,63.0,0.0241069603541706,0.0239831944444444,0.0248510479384511,0.0244583333333333
HNUS,597,2016,8,19,-34.425,19.223,63.0,0.0178498767778236,0.0181646527777777,0.0182632844496884,0.0181666666666666
HNUS,598,2016,8,20,-34.425,19.223,63.0,0.0138309321454007,0.0128723958333333,0.0137201520430984,0.013025
HNUS,599,2016,8,21,-34.425,19.223,63.0,0.0138942249384842,0.0145560763888888,0.0147426043836784,0.0146083333333333
HNUS,600,2016,8,22,-34.425,19.223,63.0,0.014702307465743,0.0141592013888888,0.0150841402205081,0.0148
HNUS,601,2016,8,23,-34.425,19.223,63.0,0.0136155549096918,0.0140372222222222,0.0172487970665223,0.0150625
HNUS,602,2016,8,24,-34.425,19.223,63.0,0.0113276912866605,0.0120412847222222,0.0118857143176119,0.012325
HNUS,603,2016,8,25,-34.425,19.223,63.0,0.012506681346568,0.0122575347222222,0.0109962110491635,0.0115083333333333
HNUS,604,2016,8,26,-34.425,19.223,63.0,0.014338423079134,0.0134390277777777,0.0147428220447031,0.0141333333333333
HNUS,605,2016,8,27,-34.425,19.223,63.0,0.0136816504089637,0.013715625,0.0146092103238155,0.0152083333333333
HNUS,606,2016,8,28,-34.425,19.223,63.0,0.0135386316930038,0.0148161111111111,0.0152089646189874,0.0161
HNUS,607,2016,8,29,-34.425,19.223,63.0,0.0144667863108355,0.0146752777777777,0.0157584748975774,0.01535
HNUS,608,2016,8,30,-34.425,19.223,63.0,0.0148268106832127,0.0146388194444444,0.015633848335242,0.0158166666666666
HNUS,610,2016,9,1,-34.425,19.223,63.0,0.0202461916062725,0.0194900694444444,0.0196653187925612,0.0196041666666666
HNUS,611,2016,9,2,-34.425,19.223,63.0,0.0205316777196116,0.0203292013888888,0.0197082789708169,0.0206666666666666
HNUS,612,2016,9,3,-34.425,19.223,63.0,0.0172476815459989,0.0168248958333333,0.0159713705746512,0.016375
HNUS,613,2016,9,4,-34.425,19.223,63.0,0.0173808764414702,0.0158251736111111,0.0162382151998555,0.0168458333333333
HNUS,614,2016,9,5,-34.425,19.223,63.0,0.0186594306436986,0.0202683680555555,0.022381658424557,0.021575
HNUS,615,2016,9,6,-34.425,19.223,63.0,0.0167131964117118,0.0168864930555555,0.0182031908468793,0.0170166666666666
HNUS,616,2016,9,7,-34.425,19.223,63.0,0.0192115425718401,0.0190270833333333,0.0181143325674413,0.019275
HNUS,617,2016,9,8,-34.425,19.223,63.0,0.0176474593583254,0.0166662152777777,0.0183429165930781,0.0175958333333333
HNUS,618,2016,9,9,-34.425,19.223,63.0,0.0151013705181411,0.0146534027777777,0.0147875681505534,0.014475
HNUS,619,2016,9,10,-34.425,19.223,63.0,0.0154563597317175,0.0146927777777777,0.0139672386635988,0.0142791666666666
HNUS,620,2016,9,11,-34.425,19.223,63.0,0.016261826123894,0.0148872569444444,0.0159083349098952,0.014925
HNUS,621,2016,9,12,-34.425,19.223,63.0,0.0158238359476161,0.0160939236111111,0.0174482060629949,0.0170958333333333
HNUS,622,2016,9,13,-34.425,19.223,63.0,0.014604220629287,0.0142099305555555,0.0142928687165543,0.0139291666666666
HNUS,623,2016,9,14,-34.425,19.223,63.0,0.0133106098195703,0.0120433680555555,0.0128131745152072,0.0126249999999999
HNUS,624,2016,9,15,-34.425,19.223,63.0,0.0155053409691135,0.0143049305555555,0.0141415385968325,0.0139875
HNUS,625,2016,9,16,-34.425,19.223,63.0,0.0160812779133268,0.0173583680555555,0.0191166060956795,0.0181625
HNUS,626,2016,9,17,-34.425,19.223,63.0,0.0105265752103294,0.0099814930555555,0.0104269274320641,0.0099166666666666
HNUS,627,2016,9,18,-34.425,19.223,63.0,0.0109050771796554,0.0109451041666666,0.0109117647572944,0.0107208333333333
HNUS,628,2016,9,19,-34.425,19.223,63.0,0.0120950838002209,0.0104127522935779,0.0119344187272926,0.0117791666666666
HNUS,632,2016,9,23,-34.425,19.223,63.0,0.0210042294244087,0.0201940650406504,0.0158312338012597,0.0161708333333333
HNUS,633,2016,9,24,-34.425,19.223,63.0,0.0200865851641774,0.0185925694444444,0.0200907745503076,0.0190416666666666
HNUS,635,2016,9,26,-34.425,19.223,63.0,0.0192660807223695,0.0157462847222222,0.0173506394746482,0.017475
HNUS,636,2016,9,27,-34.425,19.223,63.0,0.0147130037440744,0.0139798263888888,0.0145624647790784,0.0133833333333333
HNUS,637,2016,9,28,-34.425,19.223,63.0,0.0121342126117987,0.0116672916666666,0.0113457846656211,0.0115791666666666
HNUS,638,2016,9,29,-34.425,19.223,63.0,0.0173957552330087,0.0180349305555555,0.0178620125116813,0.018175
HNUS,639,2016,9,30,-34.425,19.223,63.0,0.017742328016361,0.0160621527777777,0.0173161872020762,0.0165708333333333
HNUS,640,2016,10,1,-34.425,19.223,63.0,0.0151315358277364,0.0145108680555555,0.0148878859820261,0.0147125
HNUS,641,2016,10,2,-34.425,19.223,63.0,0.0134140411675693,0.0123910069444444,0.0138805993346702,0.0129666666666666
HNUS,642,2016,10,3,-34.425,19.223,63.0,0.0097748221790984,0.0098305902777777,0.0114567398120703,0.0100791666666666
HNUS,643,2016,10,4,-34.425,19.223,63.0,0.0090277073071002,0.0081810763888888,0.0100059377438936,0.0090416666666666
HNUS,644,2016,10,5,-34.425,19.223,63.0,0.0131789788418924,0.0127101736111111,0.0124301144793168,0.0126166666666666
HNUS,645,2016,10,6,-34.425,19.223,63.0,0.0168792300421637,0.0169335069444444,0.0170840165959989,0.01685
HNUS,646,2016,10,7,-34.425,19.223,63.0,0.012239317939574,0.0121762847222222,0.0122201436990208,0.0123041666666666
HNUS,647,2016,10,8,-34.425,19.223,63.0,0.015617230397446,0.0153551041666666,0.0141995728509606,0.0143875
HNUS,648,2016,10,9,-34.425,19.223,63.0,0.0159171414706815,0.0150017708333333,0.0142980651442493,0.0148333333333333
HNUS,649,2016,10,10,-34.425,19.223,63.0,0.0176034598380762,0.0146263888888888,0.0148689084491496,0.0157666666666666
HNUS,650,2016,10,11,-34.425,19.223,63.0,0.0143418162061349,0.0139203472222222,0.0152990532975379,0.0136833333333333
HNUS,651,2016,10,12,-34.425,19.223,63.0,0.0111783252522887,0.0114598611111111,0.0112942393278729,0.0108958333333333
HNUS,652,2016,10,13,-34.425,19.223,63.0,0.0134444457212288,0.0132550694444444,0.0128256022686208,0.0127541666666666
HNUS,653,2016,10,14,-34.425,19.223,63.0,0.0155026411766174,0.0134300347222222,0.015181108719217,0.0152208333333333
HNUS,654,2016,10,15,-34.425,19.223,63.0,0.0175287415212181,0.0179168055555555,0.0174649294023906,0.017475
HNUS,655,2016,10,16,-34.425,19.223,63.0,0.0185307802370767,0.01787,0.0172802944125172,0.0169833333333333
HNUS,656,2016,10,17,-34.425,19.223,63.0,0.0179472115378568,0.0174885763888888,0.0167261853681079,0.0165166666666666
HNUS,657,2016,10,18,-34.425,19.223,63.0,0.0188902229530901,0.0182135069444444,0.0185268365160576,0.0186
HNUS,658,2016,10,19,-34.425,19.223,63.0,0.0226691636199426,0.0220185763888888,0.0211987515078258,0.0204791666666666
HNUS,659,2016,10,20,-34.425,19.223,63.0,0.0211243154593988,0.0194993402777777,0.0205008049232123,0.0190124999999999
HNUS,660,2016,10,21,-34.425,19.223,63.0,0.0195135694894931,0.0201393402777777,0.0203992061057511,0.02035
HNUS,661,2016,10,22,-34.425,19.223,63.0,0.0193306401373173,0.0185386805555555,0.0184881770423643,0.0183625
HNUS,662,2016,10,23,-34.425,19.223,63.0,0.0175467639087831,0.0165067013888888,0.016163332203802,0.0167333333333333
HNUS,663,2016,10,24,-34.425,19.223,63.0,0.0180772612798475,0.0171658333333333,0.0177489612006057,0.0169875
HNUS,664,2016,10,25,-34.425,19.223,63.0,0.0167404265167772,0.0171944791666666,0.0167802386909443,0.0168541666666666
HNUS,665,2016,10,26,-34.425,19.223,63.0,0.0186607665113134,0.0165624305555555,0.0166897137125401,0.0160083333333333
HNUS,666,2016,10,27,-34.425,19.223,63.0,0.0211611232177197,0.0219039583333333,0.0209859037068477,0.0215083333333333
HNUS,667,2016,10,28,-34.425,19.223,63.0,0.0236770705287674,0.0232787152777777,0.0222141327948223,0.0231625
HNUS,668,2016,10,29,-34.425,19.223,63.0,0.0186632765071029,0.0171857291666666,0.0165090329564546,0.016125
HNUS,669,2016,10,30,-34.425,19.223,63.0,0.0195228042313968,0.0205391319444444,0.021181327990589,0.0210041666666666
HNUS,671,2016,11,1,-34.425,19.223,63.0,0.0202584272153978,0.0196864583333333,0.0189908381198162,0.0187583333333333
HNUS,672,2016,11,2,-34.425,19.223,63.0,0.0218032220924821,0.0194418181818181,0.0200734414896007,0.0194875
HNUS,677,2016,11,7,-34.425,19.223,63.0,0.0189338124598907,0.018945744680851,0.017909867917217,0.0171291666666666
HNUS,678,2016,11,8,-34.425,19.223,63.0,0.0171548134667936,0.0160494444444444,0.0166172541425829,0.0156041666666666
HNUS,679,2016,11,9,-34.425,19.223,63.0,0.0191448024870373,0.0176433680555555,0.0174722914204874,0.016025
HNUS,680,2016,11,10,-34.425,19.223,63.0,0.0195814909515338,0.0196102430555555,0.018696111729657,0.0184041666666666
HNUS,681,2016,11,11,-34.425,19.223,63.0,0.019037611858539,0.0186283333333333,0.0187921207840158,0.0179916666666666
HNUS,682,2016,11,12,-34.425,19.223,63.0,0.0162199204566943,0.0161952083333333,0.0159282869266876,0.0155166666666666
HNUS,683,2016,11,13,-34.425,19.223,63.0,0.0150607967504522,0.0135904861111111,0.0137396731834227,0.0134
HNUS,684,2016,11,14,-34.425,19.223,63.0,0.0150104378906329,0.0145481944444444,0.0149477206695766,0.0147416666666666
HNUS,685,2016,11,15,-34.425,19.223,63.0,0.0153176978276246,0.0136993055555555,0.013729079476641,0.0139125
HNUS,686,2016,11,16,-34.425,19.223,63.0,0.0209289111192561,0.0206537847222222,0.0196700347214423,0.0193125
HNUS,687,2016,11,17,-34.425,19.223,63.0,0.0186993774957764,0.0177680208333333,0.0177810100322056,0.0169791666666666
HNUS,688,2016,11,18,-34.425,19.223,63.0,0.0143547559020682,0.0144044097222222,0.0139334783465439,0.013625
HNUS,689,2016,11,19,-34.425,19.223,63.0,0.0127018883338474,0.01255625,0.011844035213769,0.0116666666666666
HNUS,690,2016,11,20,-34.425,19.223,63.0,0.0184550400394093,0.0165827777777777,0.015083083671576,0.0159041666666666
HNUS,691,2016,11,21,-34.425,19.223,63.0,0.0253458260902444,0.0253930555555555,0.0246559800470513,0.0237583333333333
HNUS,692,2016,11,22,-34.425,19.223,63.0,0.0288637064676011,0.0287621874999999,0.0259409661238955,0.0269666666666666
HNUS,693,2016,11,23,-34.425,19.223,63.0,0.0316682358199439,0.0318744791666666,0.0338850362125857,0.0328416666666666
HNUS,694,2016,11,24,-34.425,19.223,63.0,0.0214510018278148,0.0195163541666666,0.0204903258057968,0.0192083333333333
HNUS,695,2016,11,25,-34.425,19.223,63.0,0.0207919885473371,0.0207824652777777,0.020694672646499,0.0206583333333333
HNUS,696,2016,11,26,-34.425,19.223,63.0,0.0184847474521029,0.0189894444444444,0.0197149528686617,0.0185333333333333
HNUS,697,2016,11,27,-34.425,19.223,63.0,0.019044049830192,0.0185033333333333,0.018745029028853,0.0188416666666666
HNUS,698,2016,11,28,-34.425,19.223,63.0,0.0172699221043892,0.0164016319444444,0.0165245761387148,0.0153458333333333
HNUS,699,2016,11,29,-34.425,19.223,63.0,0.0152589205288682,0.0150523611111111,0.0140327266113762,0.0140583333333333
HNUS,919,2017,7,7,-34.425,19.223,63.0,0.0125689144651851,0.0122030902777777,0.0152324132880853,0.0147208333333333
HNUS,920,2017,7,8,-34.425,19.223,63.0,0.0174156484714093,0.0156594444444444,0.0170869659737429,0.0177166666666666
HNUS,921,2017,7,9,-34.425,19.223,63.0,0.0164427568998455,0.0156180902777777,0.0178486137629218,0.0158791666666666
HNUS,922,2017,7,10,-34.425,19.223,63.0,0.0103041085563746,0.0096713937282229,0.0100572644860411,0.0094958333333333
HNUS,923,2017,7,11,-34.425,19.223,63.0,0.0088233882791177,0.0081531428571428,0.0089666075927168,0.0084958333333333
HNUS,924,2017,7,12,-34.425,19.223,63.0,0.0109661003292385,0.0103575324675324,0.0101543559310671,0.0095416666666666
HNUS,925,2017,7,13,-34.425,19.223,63.0,0.0120375480804556,0.0103609130434782,0.0103670362651705,0.0109791666666666
HNUS,927,2017,7,15,-34.425,19.223,63.0,0.0174143850570685,0.0158107986111111,0.016832723778925,0.0164041666666666
HNUS,928,2017,7,16,-34.425,19.223,63.0,0.0120338438849808,0.0103180208333333,0.0111128230653528,0.0105
HNUS,929,2017,7,17,-34.425,19.223,63.0,0.0102602566247049,0.0108136458333333,0.0124739189559685,0.0126166666666666
HNUS,930,2017,7,18,-34.425,19.223,63.0,0.0133451712040018,0.0133919097222222,0.0132487327667567,0.0143291666666666
HNUS,931,2017,7,19,-34.425,19.223,63.0,0.0159804309023167,0.012649375,0.0146496472163444,0.0142875
HNUS,932,2017,7,20,-34.425,19.223,63.0,0.0166161602938867,0.0146990972222222,0.015396558487634,0.0144083333333333
HNUS,934,2017,7,22,-34.425,19.223,63.0,0.0155374241394653,0.0158670138888888,0.0151039079009007,0.0156916666666666
HNUS,935,2017,7,23,-34.425,19.223,63.0,0.0114157652726315,0.0127767361111111,0.0135211714007535,0.013
HNUS,936,2017,7,24,-34.425,19.223,63.0,0.0102659634534344,0.0093175,0.0095872376229641,0.0097458333333333
HNUS,937,2017,7,25,-34.425,19.223,63.0,0.0145157372282596,0.0142442013888888,0.0153953963398665,0.01495
HNUS,938,2017,7,26,-34.425,19.223,63.0,0.0121029139925921,0.0119099305555555,0.013463868212987,0.0125791666666666
HNUS,939,2017,7,27,-34.425,19.223,63.0,0.01036913016845,0.0088392361111111,0.0110451885444677,0.0097666666666666
HNUS,941,2017,7,29,-34.425,19.223,63.0,0.0139069445688417,0.0141835069444444,0.014223418505883,0.0147416666666666
HNUS,942,2017,7,30,-34.425,19.223,63.0,0.0135122233012254,0.0133995138888888,0.0143600174811399,0.0144125
HNUS,944,2017,8,1,-34.425,19.223,63.0,0.017462252214497,0.0184172569444444,0.0207062311934572,0.0191374999999999
HNUS,945,2017,8,2,-34.425,19.223,63.0,0.0181669900824009,0.0187084027777777,0.0188596995548833,0.0193208333333333
HNUS,946,2017,8,3,-34.425,19.223,63.0,0.0157756635476351,0.0142802083333333,0.0159395274251094,0.0142416666666666
HNUS,948,2017,8,5,-34.425,19.223,63.0,0.0140340984517166,0.0139742361111111,0.0147302059800257,0.0141041666666666
HNUS,949,2017,8,6,-34.425,19.223,63.0,0.0160142149044737,0.0166555902777777,0.0165496667916909,0.0165333333333333
HNUS,950,2017,8,7,-34.425,19.223,63.0,0.0152761295815778,0.0142997222222222,0.0156961944571988,0.015575
HNUS,951,2017,8,8,-34.425,19.223,63.0,0.0126706335048046,0.012477456445993,0.0132923497888659,0.0124291666666666
HNUS,953,2017,8,10,-34.425,19.223,63.0,0.013571966972342,0.0160726200873362,0.0156321099001635,0.0143666666666666
HNUS,955,2017,8,12,-34.425,19.223,63.0,0.0115068446024929,0.0134797222222222,0.0131029537675977,0.0129249999999999
HNUS,956,2017,8,13,-34.425,19.223,63.0,0.0095129681239282,0.0096928819444444,0.0093248664958984,0.0092166666666666
HNUS,957,2017,8,14,-34.425,19.223,63.0,0.010542239213215,0.0096154166666666,0.0102391244641784,0.0097958333333333
HNUS,959,2017,8,16,-34.425,19.223,63.0,0.014751338543854,0.014455625,0.0161240561774659,0.014425
HNUS,960,2017,8,17,-34.425,19.223,63.0,0.0115282138126524,0.0116259027777777,0.0125975101240229,0.012025
HNUS,963,2017,8,20,-34.425,19.223,63.0,0.0101104274203803,0.0089420833333333,0.0111736802427705,0.0107166666666666
HNUS,964,2017,8,21,-34.425,19.223,63.0,0.0122721249274836,0.0139973611111111,0.0159305940423443,0.0149833333333333
HNUS,965,2017,8,22,-34.425,19.223,63.0,0.0133419088831731,0.0132277777777777,0.0144233844656076,0.0138375
HNUS,966,2017,8,23,-34.425,19.223,63.0,0.0174856293804016,0.016353125,0.0167986654786989,0.0170833333333333
HNUS,967,2017,8,24,-34.425,19.223,63.0,0.0137608749597494,0.0117229166666666,0.013122490290381,0.0115333333333333
HNUS,978,2017,9,4,-34.425,19.223,63.0,0.008990055480049,0.0088196527777777,0.0103713187274846,0.0112416666666666
HNUS,980,2017,9,6,-34.425,19.223,63.0,0.0159682563731441,0.0155919097222222,0.0173269709731761,0.0159208333333333
HNUS,1001,2017,9,27,-34.425,19.223,63.0,0.0137997792228436,0.0128865624999999,0.012864169116233,0.0131875
HNUS,1004,2017,9,30,-34.425,19.223,63.0,0.011747703241908,0.0124080555555555,0.0116358559830075,0.0111
HNUS,1005,2017,10,1,-34.425,19.223,63.0,0.0107847895450809,0.0116394444444444,0.0123073802278029,0.0116833333333333
HNUS,1006,2017,10,2,-34.425,19.223,63.0,0.0139288766510258,0.0143463888888888,0.0155420128737635,0.0165375
HNUS,1007,2017,10,3,-34.425,19.223,63.0,0.0172584268317225,0.0143117361111111,0.0191228039165395,0.016925
HNUS,1008,2017,10,4,-34.425,19.223,63.0,0.0139201551580321,0.0125690277777777,0.0131161837598253,0.0120666666666666
HNUS,1009,2017,10,5,-34.425,19.223,63.0,0.0148847219640269,0.0172647569444444,0.0167271940383075,0.0174416666666666
HNUS,1011,2017,10,7,-34.425,19.223,63.0,0.0156606914115632,0.0145982291666666,0.0160922667443726,0.0144916666666666
HNUS,1012,2017,10,8,-34.425,19.223,63.0,0.0154140780337712,0.0155864583333333,0.0147953665551507,0.0147375
HNUS,1013,2017,10,9,-34.425,19.223,63.0,0.012980146398833,0.0135207291666666,0.0131135043232205,0.0125791666666666
HNUS,1014,2017,10,10,-34.425,19.223,63.0,0.0121054392465623,0.0113114583333333,0.0120170798825523,0.0108624999999999
HNUS,1015,2017,10,11,-34.425,19.223,63.0,0.0132117115356398,0.0128334027777777,0.0132200217728436,0.013025
HNUS,1016,2017,10,12,-34.425,19.223,63.0,0.0141508118054514,0.0134768402777777,0.0145287765956425,0.0132416666666666
HNUS,1017,2017,10,13,-34.425,19.223,63.0,0.0131949659693027,0.0122317708333333,0.0128178221224001,0.0122375
HNUS,1018,2017,10,14,-34.425,19.223,63.0,0.014330536439527,0.0135953819444444,0.0153356530611795,0.0152875
HNUS,1019,2017,10,15,-34.425,19.223,63.0,0.0154294746019387,0.0149579861111111,0.0159003064752536,0.0144999999999999
HNUS,1020,2017,10,16,-34.425,19.223,63.0,0.014756154418917,0.0145067708333333,0.0145715219720989,0.0144625
HNUS,1021,2017,10,17,-34.425,19.223,63.0,0.0167062505705619,0.0168667361111111,0.0171068325143859,0.0175333333333333
HNUS,1022,2017,10,18,-34.425,19.223,63.0,0.020840019889245,0.0199904513888888,0.0187493185855862,0.0190458333333333
HNUS,1024,2017,10,20,-34.425,19.223,63.0,0.016150351180759,0.0159919097222222,0.0172885741244816,0.0166083333333333
HNUS,1025,2017,10,21,-34.425,19.223,63.0,0.0134419988258476,0.0129607638888888,0.0146412012471848,0.0135333333333333
HNUS,1026,2017,10,22,-34.425,19.223,63.0,0.0116335062838648,0.0124771875,0.0132898617433586,0.0119416666666666
HNUS,1027,2017,10,23,-34.425,19.223,63.0,0.0147136666445462,0.0163139583333333,0.0163946128536848,0.0164041666666666
HNUS,1028,2017,10,24,-34.425,19.223,63.0,0.0200790074106599,0.0185970486111111,0.0175737990479917,0.0181791666666666
HNUS,1029,2017,10,25,-34.425,19.223,63.0,0.0195532493638418,0.0184487847222222,0.0210373790698593,0.0190791666666666
HNUS,1030,2017,10,26,-34.425,19.223,63.0,0.0121024839476551,0.0118118402777777,0.0118525239185017,0.0113916666666666
HNUS,1032,2017,10,28,-34.425,19.223,63.0,0.0079108390377547,0.0074109722222222,0.0086728073960666,0.0075041666666666
HNUS,1033,2017,10,29,-34.425,19.223,63.0,0.0128517631755841,0.0126742708333333,0.012311099667346,0.0123166666666666
HNUS,1034,2017,10,30,-34.425,19.223,63.0,0.020158453402034,0.0199055555555555,0.0180840751408717,0.0205916666666666
HNUS,1036,2017,11,1,-34.425,19.223,63.0,0.0237927154374271,0.0250726736111111,0.0229262272980692,0.0250125
HNUS,1037,2017,11,2,-34.425,19.223,63.0,0.0379635271507311,0.0391399305555555,0.0378044889061228,0.0392041666666666
HNUS,1039,2017,11,4,-34.425,19.223,63.0,0.0186525762506947,0.0172547222222222,0.0181530301559804,0.0172125
HNUS,1040,2017,11,5,-34.425,19.223,63.0,0.0186999947877605,0.0186151736111111,0.0188181729855276,0.017825
HNUS,1042,2017,11,7,-34.425,19.223,63.0,0.0133603041197447,0.0127798958333333,0.0127669527156279,0.0127541666666666
HNUS,1046,2017,11,11,-34.425,19.223,63.0,0.0180832150328196,0.0181098263888888,0.0182435169632491,0.0181375
HNUS,1047,2017,11,12,-34.425,19.223,63.0,0.0187897581946419,0.0180715625,0.0197329445650993,0.0187624999999999
HNUS,1048,2017,11,13,-34.425,19.223,63.0,0.0232463839288799,0.0228061805555555,0.0231663995408149,0.0226541666666666
HNUS,1049,2017,11,14,-34.425,19.223,63.0,0.0232270305886335,0.022496875,0.0223362901560516,0.0218875
HNUS,1050,2017,11,15,-34.425,19.223,63.0,0.0167408776366281,0.0165413194444444,0.01730215417786,0.016725
HNUS,1077,2017,12,12,-34.425,19.223,63.0,0.0192108352267364,0.0164486805555555,0.0167679178376425,0.0160166666666666
HNUS,1078,2017,12,13,-34.425,19.223,63.0,0.0259398166173011,0.0264727083333333,0.0263194480484729,0.0264291666666666
HNUS,1099,2018,1,3,-34.425,19.223,63.0,0.0204173174356164,0.0195892708333333,0.0202247638102951,0.0196
HNUS,1102,2018,1,6,-34.425,19.223,63.0,0.0298986771535771,0.0303565277777777,0.0329675055757609,0.0306333333333333
HNUS,1103,2018,1,7,-34.425,19.223,63.0,0.0256227010272217,0.0253669791666666,0.0287190083554073,0.0269083333333333
HNUS,1104,2018,1,8,-34.425,19.223,63.0,0.0169969090996764,0.0151032986111111,0.0154507459845122,0.0149958333333333
HNUS,1105,2018,1,9,-34.425,19.223,63.0,0.0218078433294303,0.0233334375,0.0215327979348812,0.0223375
HNUS,1106,2018,1,10,-34.425,19.223,63.0,0.0212968498647772,0.0196298263888888,0.0218019956305704,0.0201625
HNUS,1107,2018,1,11,-34.425,19.223,63.0,0.0199557530957145,0.0183395486111111,0.0194740967573942,0.0186791666666666
HNUS,1110,2018,1,14,-34.425,19.223,63.0,0.0202343363380671,0.0182112152777777,0.0187419061336156,0.0186041666666666
HNUS,1111,2018,1,15,-34.425,19.223,63.0,0.0189458618248139,0.018580625,0.0196323659702169,0.0187916666666666
HNUS,1112,2018,1,16,-34.425,19.223,63.0,0.0197480874774858,0.0193770486111111,0.0189955553150722,0.0185333333333333
HNUS,1113,2018,1,17,-34.425,19.223,63.0,0.0217844672956946,0.0221260416666666,0.0240027130378361,0.0224499999999999
HNUS,1114,2018,1,18,-34.425,19.223,63.0,0.0248824223853067,0.0269318402777777,0.026260112615921,0.02595
HNUS,1117,2018,1,21,-34.425,19.223,63.0,0.0333157484948046,0.0331823263888888,0.0331944032970262,0.0341583333333333
HNUS,1118,2018,1,22,-34.425,19.223,63.0,0.0306487391478346,0.0289647569444444,0.0300790059698945,0.0285
HNUS,1119,2018,1,23,-34.425,19.223,63.0,0.0319474075636303,0.0298009722222222,0.0295726632863541,0.0284208333333333
HNUS,1120,2018,1,24,-34.425,19.223,63.0,0.0235305156148546,0.0231051388888888,0.0252264590215586,0.0233291666666666
HNUS,1121,2018,1,25,-34.425,19.223,63.0,0.0197357455732954,0.0201116666666666,0.0193053769965716,0.0181125
HNUS,1123,2018,1,27,-34.425,19.223,63.0,0.030736054775556,0.0312656597222222,0.0315473608137795,0.0301375
HNUS,1124,2018,1,28,-34.425,19.223,63.0,0.0261158643490266,0.0255159375,0.027303324819747,0.0263208333333333
HNUS,1125,2018,1,29,-34.425,19.223,63.0,0.0273174358943775,0.0260504513888888,0.0267404326746906,0.0280333333333333
HNUS,1126,2018,1,30,-34.425,19.223,63.0,0.0268106907765627,0.0282409722222222,0.0282595299012242,0.0277625
HNUS,1128,2018,2,1,-34.425,19.223,63.0,0.0221612771241325,0.0185996180555555,0.0185176844212403,0.018125
HNUS,1129,2018,2,2,-34.425,19.223,63.0,0.0184534480769979,0.0165532638888888,0.0174580926678278,0.0165375
HNUS,1130,2018,2,3,-34.425,19.223,63.0,0.0165291927065561,0.0144749305555555,0.0139974695498576,0.012675
HNUS,1131,2018,2,4,-34.425,19.223,63.0,0.0174773445595345,0.0178007986111111,0.0191114520733074,0.0178208333333333
HNUS,1132,2018,2,5,-34.425,19.223,63.0,0.0177003405977443,0.0158950694444444,0.0164341163308245,0.0158333333333333
HNUS,1133,2018,2,6,-34.425,19.223,63.0,0.0257506978397743,0.0267922916666666,0.0264141242727148,0.0274833333333333
HNUS,1134,2018,2,7,-34.425,19.223,63.0,0.0228662740716191,0.0213692708333333,0.0218023159825803,0.0221416666666666
HNUS,1135,2018,2,8,-34.425,19.223,63.0,0.0247260647796271,0.0238494791666666,0.0245212539144133,0.0253583333333333
HNUS,1136,2018,2,9,-34.425,19.223,63.0,0.0269364997141873,0.0242307986111111,0.0253478622933126,0.0248041666666666
HNUS,1137,2018,2,10,-34.425,19.223,63.0,0.0201558707746429,0.0165368055555555,0.0191231773515098,0.0162541666666666
HNUS,1138,2018,2,11,-34.425,19.223,63.0,0.0211923942660398,0.0180263541666666,0.0179792129482534,0.0176458333333333
HNUS,1139,2018,2,12,-34.425,19.223,63.0,0.0331801238178253,0.0325257638888888,0.0322282955548171,0.0317041666666666
HNUS,1140,2018,2,13,-34.425,19.223,63.0,0.0382541156366055,0.0378440972222222,0.0394347857623353,0.0387208333333333
HNUS,1141,2018,2,14,-34.425,19.223,63.0,0.0315151783144146,0.0304585069444444,0.0321184143497203,0.0311958333333333
HNUS,1142,2018,2,15,-34.425,19.223,63.0,0.0308560475155798,0.0298302430555555,0.0291758330867875,0.0282458333333333
HNUS,1143,2018,2,16,-34.425,19.223,63.0,0.02706255052762,0.0265813194444444,0.0271619286287356,0.0257958333333333
HNUS,1144,2018,2,17,-34.425,19.223,63.0,0.0216473254125145,0.0212047916666666,0.0199988733587425,0.0209374999999999
HNUS,1145,2018,2,18,-34.425,19.223,63.0,0.024522547183124,0.0208754513888888,0.0223621163660914,0.0225916666666666
HNUS,1146,2018,2,19,-34.425,19.223,63.0,0.0269793783049697,0.0259451388888888,0.0253504032325648,0.0252624999999999
HNUS,1147,2018,2,20,-34.425,19.223,63.0,0.023027447645567,0.0227502430555555,0.0237686664078277,0.0229291666666666
HNUS,1148,2018,2,21,-34.425,19.223,63.0,0.0266748170569574,0.0255784027777777,0.023818819984436,0.023775
HNUS,1149,2018,2,22,-34.425,19.223,63.0,0.0280463344999801,0.0256289236111111,0.0254852457791802,0.0255291666666666
HNUS,1150,2018,2,23,-34.425,19.223,63.0,0.0229278952183179,0.0255202430555555,0.0258933230599463,0.0254875
HNUS,1151,2018,2,24,-34.425,19.223,63.0,0.0161966525534501,0.0160561458333333,0.016808955634448,0.015825
HNUS,1152,2018,2,25,-34.425,19.223,63.0,0.0156249529967484,0.0151102083333333,0.0151051502215217,0.0146333333333333
HNUS,1153,2018,2,26,-34.425,19.223,63.0,0.0157272538189226,0.0141700347222222,0.0161302360509921,0.0153583333333333
HNUS,1154,2018,2,27,-34.425,19.223,63.0,0.0154955047873526,0.0167727430555555,0.0151855803977071,0.0152124999999999
HNUS,1156,2018,3,1,-34.425,19.223,63.0,0.0227940335222942,0.0226714236111111,0.0224765879224053,0.02055
HNUS,1157,2018,3,2,-34.425,19.223,63.0,0.0210509209553508,0.0210751041666666,0.0201241709119514,0.0195125
HNUS,1158,2018,3,3,-34.425,19.223,63.0,0.0199029242028146,0.0191915277777777,0.0188866381486978,0.0178291666666666
HNUS,1159,2018,3,4,-34.425,19.223,63.0,0.0235771354812315,0.0226917013888888,0.0220888030726827,0.0220875
HNUS,1160,2018,3,5,-34.425,19.223,63.0,0.0296088985748986,0.0279857638888888,0.0250303432161059,0.026325
HNUS,1161,2018,3,6,-34.425,19.223,63.0,0.0284116738807196,0.0273992361111111,0.0269098029853858,0.0253083333333333
HNUS,1162,2018,3,7,-34.425,19.223,63.0,0.0206507405538844,0.0200194791666666,0.020369659431503,0.0195125
HNUS,1163,2018,3,8,-34.425,19.223,63.0,0.0189743824275818,0.0196779861111111,0.0191190926009716,0.0191291666666666
HNUS,1164,2018,3,9,-34.425,19.223,63.0,0.0226936590711834,0.0207355902777777,0.018867062520941,0.0200541666666666
HNUS,1165,2018,3,10,-34.425,19.223,63.0,0.0340564103733738,0.0330746180555555,0.0322775107198922,0.0319291666666666
HNUS,1166,2018,3,11,-34.425,19.223,63.0,0.030225884383999,0.0287123958333333,0.0277245910698202,0.0268458333333333
HNUS,1167,2018,3,12,-34.425,19.223,63.0,0.0259716754797119,0.0251680555555555,0.0259931758567144,0.0257791666666666
HNUS,1168,2018,3,13,-34.425,19.223,63.0,0.0235317025916824,0.0241701388888888,0.0238852714055116,0.0241375
HNUS,1170,2018,3,15,-34.425,19.223,63.0,0.0187621387338823,0.0177832291666666,0.0197953110394612,0.0178166666666666
HNUS,1177,2018,3,22,-34.425,19.223,63.0,0.0147658493952115,0.0159794444444444,0.0158384680866038,0.0157374999999999
HNUS,1178,2018,3,23,-34.425,19.223,63.0,0.0167140917193342,0.0164340277777777,0.0172318941005409,0.0170916666666666
HNUS,1179,2018,3,24,-34.425,19.223,63.0,0.0240850540675932,0.0250375694444444,0.0250566811839725,0.0251208333333333
HNUS,1180,2018,3,25,-34.425,19.223,63.0,0.0197453441219215,0.0187459722222222,0.0197468321504547,0.0192375
HNUS,1181,2018,3,26,-34.425,19.223,63.0,0.01428382198673,0.0137255555555555,0.0156892985424772,0.0143791666666666
HNUS,1182,2018,3,27,-34.425,19.223,63.0,0.0136948090814377,0.0119120486111111,0.0127978108324712,0.0125291666666666
HNUS,1183,2018,3,28,-34.425,19.223,63.0,0.0238055389232388,0.0216849652777777,0.0217782525880282,0.0226333333333333
HNUS,1184,2018,3,29,-34.425,19.223,63.0,0.032850829841257,0.0321698263888888,0.0335613805775939,0.032325
HNUS,1185,2018,3,30,-34.425,19.223,63.0,0.026840195200165,0.0265304861111111,0.0278933980172822,0.0263458333333333
HNUS,1187,2018,4,1,-34.425,19.223,63.0,0.0245631538954348,0.0236092013888888,0.0228740349370172,0.0231875
HNUS,1188,2018,4,2,-34.425,19.223,63.0,0.0228964365359884,0.02276,0.0237003484395811,0.022475
HNUS,1189,2018,4,3,-34.425,19.223,63.0,0.0212443417106346,0.0201586458333333,0.0203109565244024,0.01935
HNUS,1190,2018,4,4,-34.425,19.223,63.0,0.0226803165626056,0.0224038541666666,0.0224254292122326,0.0214416666666666
HNUS,1191,2018,4,5,-34.425,19.223,63.0,0.0226545253242803,0.0200664236111111,0.0211407394472557,0.0204375
HNUS,1192,2018,4,6,-34.425,19.223,63.0,0.0198391381826339,0.0157375,0.0181238093692075,0.0159041666666666
HNUS,1193,2018,4,7,-34.425,19.223,63.0,0.015991696047469,0.0157862499999999,0.0166319140394197,0.0167541666666666
HNUS,1194,2018,4,8,-34.425,19.223,63.0,0.0158102707585777,0.0139407291666666,0.0147308253481912,0.0142291666666666
HNUS,1195,2018,4,9,-34.425,19.223,63.0,0.0256423928060035,0.0241837847222222,0.0234351958413853,0.0246708333333333
HNUS,1196,2018,4,10,-34.425,19.223,63.0,0.0201003742460712,0.0201780555555555,0.0200023636115723,0.0195125
HNUS,1197,2018,4,11,-34.425,19.223,63.0,0.0137112190599875,0.0132180208333333,0.0145799322292897,0.0131416666666666
HNUS,1198,2018,4,12,-34.425,19.223,63.0,0.0226648114390377,0.025155,0.0230651502416197,0.0240541666666666
HNUS,1199,2018,4,13,-34.425,19.223,63.0,0.0193536393134933,0.0189996527777777,0.0204682995224109,0.0198875
HNUS,1200,2018,4,14,-34.425,19.223,63.0,0.0185180882936265,0.0181250347222222,0.0175660138846506,0.0167458333333333
HNUS,1201,2018,4,15,-34.425,19.223,63.0,0.0173465847873916,0.0162139236111111,0.016570746930181,0.0153166666666666
HNUS,1202,2018,4,16,-34.425,19.223,63.0,0.0220508737390939,0.0212855223880597,0.020811699685584,0.0204041666666666
HNUS,1212,2018,4,26,-34.425,19.223,63.0,0.0195754544057302,0.0205016319444444,0.0225250149183076,0.0214625
HNUS,1213,2018,4,27,-34.425,19.223,63.0,0.0200919443068654,0.0173682986111111,0.0181889601355784,0.0179625
HNUS,1214,2018,4,28,-34.425,19.223,63.0,0.014211582801055,0.0115128125,0.0128134816864537,0.0108833333333333
HNUS,1215,2018,4,29,-34.425,19.223,63.0,0.0124072931221085,0.0123385763888888,0.0133430328080638,0.0115583333333333
HNUS,1216,2018,4,30,-34.425,19.223,63.0,0.008811278860846,0.0081654513888888,0.0109081529047943,0.0083125
HNUS,1217,2018,5,1,-34.425,19.223,63.0,0.0098061547454882,0.0091459375,0.0096559902611236,0.0096375
HNUS,1218,2018,5,2,-34.425,19.223,63.0,0.0170690294992775,0.0173993055555555,0.0174022876927103,0.0172083333333333
HNUS,1219,2018,5,3,-34.425,19.223,63.0,0.0123569223392684,0.0114933680555555,0.0130884663881738,0.0117291666666666
HNUS,1220,2018,5,4,-34.425,19.223,63.0,0.0083079329779644,0.0077744097222222,0.0092283028019845,0.0086041666666666
HNUS,1221,2018,5,5,-34.425,19.223,63.0,0.0135434831138308,0.0106502777777777,0.0108237003727817,0.0119583333333333
HNUS,1222,2018,5,6,-34.425,19.223,63.0,0.0219517490445721,0.0229469444444444,0.0229666779390033,0.0238541666666666
HNUS,1223,2018,5,7,-34.425,19.223,63.0,0.0199306109652481,0.0186110416666666,0.0214709269380409,0.0198041666666666
HNUS,1224,2018,5,8,-34.425,19.223,63.0,0.0182957383791074,0.0170123263888888,0.0186181331530362,0.0174583333333333
HNUS,1225,2018,5,9,-34.425,19.223,63.0,0.0166416468029905,0.0152736805555555,0.0166216991476764,0.0163458333333333
HNUS,1226,2018,5,10,-34.425,19.223,63.0,0.0128924604164432,0.0111899652777777,0.0129097220679641,0.0126874999999999
HNUS,1227,2018,5,11,-34.425,19.223,63.0,0.0183290855420396,0.0187167361111111,0.017714788874621,0.0183166666666666
HNUS,1228,2018,5,12,-34.425,19.223,63.0,0.0206023266085714,0.0196970138888888,0.020723323894548,0.0193458333333333
HNUS,1229,2018,5,13,-34.425,19.223,63.0,0.0199864172898564,0.0194017013888888,0.0202914969242236,0.0188208333333333
HNUS,1230,2018,5,14,-34.425,19.223,63.0,0.01837508695593,0.0175185763888888,0.0180926911642136,0.0159249999999999
HNUS,1231,2018,5,15,-34.425,19.223,63.0,0.0161963275145077,0.0152413194444444,0.016770934960704,0.0151499999999999
HNUS,1232,2018,5,16,-34.425,19.223,63.0,0.0145766584328062,0.0131569444444444,0.0142595227335929,0.0133458333333333
HNUS,1233,2018,5,17,-34.425,19.223,63.0,0.0159961447489688,0.0161738541666666,0.0160788875458486,0.0165666666666666
HNUS,1234,2018,5,18,-34.425,19.223,63.0,0.0150314222458607,0.0140957986111111,0.0165493353782041,0.0151958333333333
HNUS,1235,2018,5,19,-34.425,19.223,63.0,0.0202219916075893,0.0187130555555555,0.0192035475205247,0.0199541666666666
HNUS,1236,2018,5,20,-34.425,19.223,63.0,0.0260810240667942,0.0268325347222222,0.027253331219984,0.0268125
HNUS,1237,2018,5,21,-34.425,19.223,63.0,0.0254733119755308,0.0265870486111111,0.0281870864656674,0.0270291666666666
HNUS,1238,2018,5,22,-34.425,19.223,63.0,0.0211709988727541,0.0216983333333333,0.0232010852187902,0.0222291666666666
HNUS,1239,2018,5,23,-34.425,19.223,63.0,0.0240118257861982,0.0230378472222222,0.0231961886449703,0.0226541666666666
HNUS,1240,2018,5,24,-34.425,19.223,63.0,0.0240631891541997,0.0242927430555555,0.025428716596847,0.0241791666666666
HNUS,1241,2018,5,25,-34.425,19.223,63.0,0.0164820567057142,0.0166579518072289,0.0161606410797586,0.0150916666666666
HNUS,1283,2018,7,6,-34.425,19.223,63.0,0.0056660863354437,0.0065011458333333,0.0088693328451103,0.0076
HNUS,1284,2018,7,7,-34.425,19.223,63.0,0.0062016784754231,0.0059796527777777,0.0074549471166308,0.0073791666666666
HNUS,1285,2018,7,8,-34.425,19.223,63.0,0.0079424226784743,0.0074975,0.0083240337833894,0.008525
HNUS,1286,2018,7,9,-34.425,19.223,63.0,0.0147712655635658,0.0134803472222222,0.0137149534808406,0.0143375
HNUS,1287,2018,7,10,-34.425,19.223,63.0,0.0179817347835252,0.0181473611111111,0.0196185547613547,0.0189208333333333
HNUS,1288,2018,7,11,-34.425,19.223,63.0,0.013088591891803,0.0122885069444444,0.015168933635273,0.0142125
HNUS,1289,2018,7,12,-34.425,19.223,63.0,0.0138578159560951,0.0169078819444444,0.0183132559149896,0.0180291666666666
HNUS,1290,2018,7,13,-34.425,19.223,63.0,0.0140529839081322,0.0144822222222222,0.0147316734546563,0.0147291666666666
HNUS,1291,2018,7,14,-34.425,19.223,63.0,0.0117420855187143,0.0123421874999999,0.0124625991380978,0.0122125
HNUS,1292,2018,7,15,-34.425,19.223,63.0,0.0087364752817402,0.0083544444444444,0.0097539972251793,0.0084166666666666
HNUS,1293,2018,7,16,-34.425,19.223,63.0,0.0126755663035511,0.0110196180555555,0.0129154174817207,0.0125208333333333
HNUS,1294,2018,7,17,-34.425,19.223,63.0,0.0200875539145741,0.0189340277777777,0.0189788694832398,0.0189
HNUS,1295,2018,7,18,-34.425,19.223,63.0,0.0197244175010955,0.0189538541666666,0.0190336380551731,0.0202166666666666
HNUS,1296,2018,7,19,-34.425,19.223,63.0,0.016600284277267,0.0170670486111111,0.0189028315748498,0.0182083333333333
HNUS,1297,2018,7,20,-34.425,19.223,63.0,0.016925361875966,0.0170811458333333,0.0179108596802236,0.0184833333333333
HNUS,1298,2018,7,21,-34.425,19.223,63.0,0.01738564564211,0.0176902083333333,0.0201167640486518,0.0194541666666666
HNUS,1299,2018,7,22,-34.425,19.223,63.0,0.0144059587335907,0.0132585416666666,0.015439675054176,0.0154541666666666
HNUS,1300,2018,7,23,-34.425,19.223,63.0,0.0165388414942428,0.0158879513888888,0.0167405600269124,0.0172541666666666
HNUS,1301,2018,7,24,-34.425,19.223,63.0,0.0187800415179311,0.0196301388888888,0.0195330340716519,0.0204583333333333
HNUS,1302,2018,7,25,-34.425,19.223,63.0,0.0200757113468901,0.0205853472222222,0.0202635672540532,0.0195083333333333
HNUS,1303,2018,7,26,-34.425,19.223,63.0,0.0212513057132079,0.0199818055555555,0.0207585553508559,0.0215416666666666
HNUS,1304,2018,7,27,-34.425,19.223,63.0,0.0199416582998283,0.0189720486111111,0.0207566862654451,0.018125
HNUS,1305,2018,7,28,-34.425,19.223,63.0,0.0155283132354359,0.0144779166666666,0.0147610419514889,0.01415
HNUS,1306,2018,7,29,-34.425,19.223,63.0,0.013058377114183,0.0117765624999999,0.0130527347886492,0.0122541666666666
HNUS,1307,2018,7,30,-34.425,19.223,63.0,0.0111575676526762,0.0115772569444444,0.0118503259053912,0.0110958333333333
HNUS,1309,2018,8,1,-34.425,19.223,63.0,0.0158488605659679,0.0143848958333333,0.0164212507638631,0.0153041666666666
HNUS,1310,2018,8,2,-34.425,19.223,63.0,0.0141986901904778,0.0134659375,0.0137919843878876,0.0129958333333333
HNUS,1311,2018,8,3,-34.425,19.223,63.0,0.0152187521638806,0.01397,0.0137726748266527,0.0128291666666666
HNUS,1312,2018,8,4,-34.425,19.223,63.0,0.0198357557737897,0.0194297222222222,0.0194928572208883,0.0193833333333333
HNUS,1313,2018,8,5,-34.425,19.223,63.0,0.0152061528565064,0.0145297916666666,0.0165874989545373,0.0153166666666666
HNUS,1314,2018,8,6,-34.425,19.223,63.0,0.0140222063784846,0.0154009027777777,0.0162915924946979,0.0153416666666666
HNUS,1315,2018,8,7,-34.425,19.223,63.0,0.0127949194192779,0.0132729166666666,0.0121895561460643,0.0123791666666666
HNUS,1316,2018,8,8,-34.425,19.223,63.0,0.012487648073912,0.0125421875,0.0126698766211122,0.0120375
HNUS,1317,2018,8,9,-34.425,19.223,63.0,0.011885135322272,0.0111272222222222,0.010636605937321,0.0109041666666666
HNUS,1318,2018,8,10,-34.425,19.223,63.0,0.0129523917711357,0.0137888194444444,0.0138192374760231,0.0132291666666666
HNUS,1319,2018,8,11,-34.425,19.223,63.0,0.0097853044609136,0.0096616319444444,0.0113415236466527,0.0105416666666666
HNUS,1320,2018,8,12,-34.425,19.223,63.0,0.0171288359684781,0.0194401388888888,0.0180524910682988,0.0200125
HNUS,1321,2018,8,13,-34.425,19.223,63.0,0.0135343373738106,0.0118764930555555,0.0138751269673089,0.0118958333333333
HNUS,1322,2018,8,14,-34.425,19.223,63.0,0.0109976012940281,0.0122276736111111,0.0133321477347283,0.0132291666666666
HNUS,1324,2018,8,16,-34.425,19.223,63.0,0.0141051740478112,0.0133901388888888,0.0137412712429728,0.0136083333333333
HNUS,1325,2018,8,17,-34.425,19.223,63.0,0.0098348355738434,0.0098817361111111,0.0110372087565551,0.0101666666666666
HNUS,1326,2018,8,18,-34.425,19.223,63.0,0.006718826602044,0.0061275,0.0070131132495602,0.0070625
HNUS,1327,2018,8,19,-34.425,19.223,63.0,0.0146072794574773,0.0139904861111111,0.0134727705991156,0.0152833333333333
HNUS,1328,2018,8,20,-34.425,19.223,63.0,0.0163437718488011,0.0153478472222222,0.015490925587277,0.0152666666666666
HNUS,1329,2018,8,21,-34.425,19.223,63.0,0.0117187721606928,0.0108506944444444,0.0113733573548756,0.010525
HNUS,1330,2018,8,22,-34.425,19.223,63.0,0.0135737705626068,0.0134478819444444,0.0146032947697243,0.0143583333333333
HNUS,1331,2018,8,23,-34.425,19.223,63.0,0.0147628249806659,0.0142453472222222,0.0152675672038995,0.0142208333333333
HNUS,1332,2018,8,24,-34.425,19.223,63.0,0.0115198969182117,0.0113372222222222,0.0119533731807899,0.0118083333333333
HNUS,1333,2018,8,25,-34.425,19.223,63.0,0.0140738028810194,0.0145463541666666,0.0150153698561973,0.014525
HNUS,1334,2018,8,26,-34.425,19.223,63.0,0.0126780075301723,0.0120452430555555,0.0116575658415012,0.0109833333333333
HNUS,1335,2018,8,27,-34.425,19.223,63.0,0.0199745191238448,0.0203294444444444,0.0193896914026487,0.01985
HNUS,1336,2018,8,28,-34.425,19.223,63.0,0.0178634177613268,0.0179478819444444,0.0191312614681851,0.018375
HNUS,1337,2018,8,29,-34.425,19.223,63.0,0.0144277376672862,0.0137439583333333,0.0140188993338404,0.0137708333333333
HNUS,1338,2018,8,30,-34.425,19.223,63.0,0.0147920488735133,0.0136253125,0.0151784174725217,0.0147708333333333
HNUS,1340,2018,9,1,-34.425,19.223,63.0,0.0146858254149323,0.0138372916666666,0.0146134383792825,0.0132416666666666
HNUS,1341,2018,9,2,-34.425,19.223,63.0,0.0171918378332708,0.0181572569444444,0.0182271286063278,0.0182041666666666
HNUS,1342,2018,9,3,-34.425,19.223,63.0,0.0149310043191144,0.0138213194444444,0.0143567562774915,0.0141291666666666
HNUS,1343,2018,9,4,-34.425,19.223,63.0,0.0181443570336858,0.0163151736111111,0.0168158280187152,0.0171666666666666
HNUS,1344,2018,9,5,-34.425,19.223,63.0,0.0164000370921727,0.0149842708333333,0.0174171124497797,0.0150333333333333
HNUS,1345,2018,9,6,-34.425,19.223,63.0,0.0139105637666714,0.0137177083333333,0.0130912062188268,0.0127041666666666
HNUS,1346,2018,9,7,-34.425,19.223,63.0,0.0151482563515182,0.0152502083333333,0.0156013293452344,0.0148666666666666
HNUS,1347,2018,9,8,-34.425,19.223,63.0,0.0124949621902775,0.0114592361111111,0.0114576037128925,0.0108833333333333
HNUS,1348,2018,9,9,-34.425,19.223,63.0,0.0109148801324334,0.0111164930555555,0.0113034568009897,0.0110125
HNUS,1349,2018,9,10,-34.425,19.223,63.0,0.0101582142269344,0.0106103125,0.0107006202222327,0.0104416666666666
HNUS,1350,2018,9,11,-34.425,19.223,63.0,0.0106118996609861,0.0089684375,0.0100798078827303,0.0099125
HNUS,1351,2018,9,12,-34.425,19.223,63.0,0.0146426807617429,0.0157174652777777,0.0163915690819668,0.0155958333333333
HNUS,1362,2018,9,23,-34.425,19.223,63.0,0.0126420973927064,0.0124948958333333,0.0134336776548657,0.0128666666666666
HNUS,1369,2018,9,30,-34.425,19.223,63.0,0.0111102286286801,0.0073351736111111,0.0078027388929317,0.0082416666666666
HNUS,1370,2018,10,1,-34.425,19.223,63.0,0.0179667779271286,0.0191349305555555,0.0189309662962096,0.0198083333333333
HNUS,1371,2018,10,2,-34.425,19.223,63.0,0.013749608472415,0.0135658680555555,0.0133902391048802,0.0135749999999999
HNUS,1372,2018,10,3,-34.425,19.223,63.0,0.0119306784991392,0.0120149652777777,0.0116681813894842,0.0113458333333333
HNUS,1373,2018,10,4,-34.425,19.223,63.0,0.0112387394661819,0.0106063194444444,0.0116501365983879,0.0108624999999999
HNUS,1374,2018,10,5,-34.425,19.223,63.0,0.0146357445481583,0.0132045138888888,0.0134936913136288,0.0133041666666666
HNUS,1375,2018,10,6,-34.425,19.223,63.0,0.0184613953311724,0.0189522569444444,0.0185695588654619,0.018775
HNUS,1376,2018,10,7,-34.425,19.223,63.0,0.0178002289409474,0.0186832638888888,0.0190652716360945,0.0190416666666666
HNUS,1377,2018,10,8,-34.425,19.223,63.0,0.0193081618944554,0.0199181944444444,0.020658087581235,0.021575
HNUS,1378,2018,10,9,-34.425,19.223,63.0,0.0236494801016559,0.023618125,0.0245055733199974,0.022775
HNUS,1379,2018,10,10,-34.425,19.223,63.0,0.0223070240468785,0.0216784722222222,0.0219954081438165,0.0209374999999999
HNUS,1380,2018,10,11,-34.425,19.223,63.0,0.0193718255484735,0.0179643055555555,0.0177496052348135,0.0171333333333333
HNUS,1381,2018,10,12,-34.425,19.223,63.0,0.0154732750865041,0.0139356597222222,0.014173989469042,0.0134083333333333
HNUS,1382,2018,10,13,-34.425,19.223,63.0,0.0153674121253139,0.0116223611111111,0.0113510467302055,0.0120624999999999
HNUS,1383,2018,10,14,-34.425,19.223,63.0,0.0187199065265081,0.0168335416666666,0.0177581570927053,0.0170166666666666
HNUS,1384,2018,10,15,-34.425,19.223,63.0,0.0195180052771941,0.0194405208333333,0.0193833362181197,0.0195916666666666
HNUS,1385,2018,10,16,-34.425,19.223,63.0,0.0223905698262128,0.0225481944444444,0.0227716880563042,0.02145
HNUS,1386,2018,10,17,-34.425,19.223,63.0,0.0188540147634671,0.01710875,0.0191412219904702,0.0174791666666666
HNUS,1387,2018,10,18,-34.425,19.223,63.0,0.023106867133435,0.0224572222222222,0.0220399900579082,0.0226416666666666
HNUS,1388,2018,10,19,-34.425,19.223,63.0,0.0144945344410529,0.0125061111111111,0.0157556855039287,0.013025
HNUS,1389,2018,10,20,-34.425,19.223,63.0,0.010813836077383,0.0100072569444444,0.0101086383547361,0.0098833333333333
HNUS,1390,2018,10,21,-34.425,19.223,63.0,0.0085469036166859,0.0076737152777777,0.0089614296041537,0.0085666666666666
HNUS,1391,2018,10,22,-34.425,19.223,63.0,0.0176910103895064,0.0169996180555555,0.0174877497447258,0.0181875
HNUS,1392,2018,10,23,-34.425,19.223,63.0,0.0291097886268503,0.0288211805555555,0.0274374964778799,0.0298625
HNUS,1393,2018,10,24,-34.425,19.223,63.0,0.0272469975202934,0.0269300347222222,0.0284463246019284,0.0285041666666666
HNUS,1395,2018,10,26,-34.425,19.223,63.0,0.0236442373776715,0.0251831944444444,0.0240783184465955,0.02445
HNUS,1396,2018,10,27,-34.425,19.223,63.0,0.0215679675649584,0.0212995138888888,0.022533494263798,0.0211874999999999
HNUS,1397,2018,10,28,-34.425,19.223,63.0,0.0198311379894832,0.0197322569444444,0.0221108550760206,0.0214541666666666
HNUS,1398,2018,10,29,-34.425,19.223,63.0,0.0226737351885605,0.0212764930555555,0.0239830530236495,0.0230083333333333
HNUS,1399,2018,10,30,-34.425,19.223,63.0,0.0149717396299927,0.0130721875,0.0139235835152135,0.01375
HNUS,1401,2018,11,1,-34.425,19.223,63.0,0.0117106344208077,0.0113827430555555,0.01107748103581,0.0110625
HNUS,1402,2018,11,2,-34.425,19.223,63.0,0.0108124210703184,0.01093125,0.0119999465999369,0.0113541666666666
HNUS,1403,2018,11,3,-34.425,19.223,63.0,0.0166009028398878,0.0137864930555555,0.0136376769268315,0.0140833333333333
HNUS,1404,2018,11,4,-34.425,19.223,63.0,0.0199186789593107,0.0183667361111111,0.0200576552329257,0.0188416666666666
HNUS,1405,2018,11,5,-34.425,19.223,63.0,0.0168590585845541,0.0142210069444444,0.0146233572630787,0.0139666666666666
HNUS,1406,2018,11,6,-34.425,19.223,63.0,0.0144103542784806,0.0135472569444444,0.0139882069709639,0.0130541666666666
HNUS,1407,2018,11,7,-34.425,19.223,63.0,0.0110755332036502,0.0100104861111111,0.0111322500913661,0.0103833333333333
HNUS,1408,2018,11,8,-34.425,19.223,63.0,0.011389949247224,0.0127477430555555,0.012054290749537,0.0117541666666666
HNUS,1409,2018,11,9,-34.425,19.223,63.0,0.0108451105908755,0.0104210416666666,0.0114096234293575,0.0107583333333333
HNUS,1410,2018,11,10,-34.425,19.223,63.0,0.0130771144808586,0.0135073958333333,0.0121882168352921,0.0116791666666666
HNUS,1411,2018,11,11,-34.425,19.223,63.0,0.0144901858197511,0.0141387152777777,0.0135620294276447,0.0129166666666666
HNUS,1412,2018,11,12,-34.425,19.223,63.0,0.0136436982828738,0.0151474305555555,0.0161097801938885,0.0155541666666666
HNUS,1413,2018,11,13,-34.425,19.223,63.0,0.0152505500849938,0.0151194444444444,0.0150445689450893,0.0155166666666666
HNUS,1414,2018,11,14,-34.425,19.223,63.0,0.0206557152656915,0.0209288541666666,0.0206200413466482,0.019025
HNUS,1415,2018,11,15,-34.425,19.223,63.0,0.0202362339339916,0.0205469791666666,0.0183055577600451,0.0188666666666666
HNUS,1416,2018,11,16,-34.425,19.223,63.0,0.0196333941410538,0.0198733680555555,0.0212609568373991,0.02015
HNUS,1417,2018,11,17,-34.425,19.223,63.0,0.0157363416826373,0.0152124999999999,0.0153593812962023,0.0148166666666666
HNUS,1418,2018,11,18,-34.425,19.223,63.0,0.0191279458859433,0.0186552083333333,0.0182009288801957,0.0165875
HNUS,1419,2018,11,19,-34.425,19.223,63.0,0.024170150534041,0.0229812847222222,0.0223959259199419,0.0224083333333333
HNUS,1420,2018,11,20,-34.425,19.223,63.0,0.0217155155928434,0.0235869791666666,0.0242656201901241,0.0229499999999999
HNUS,1421,2018,11,21,-34.425,19.223,63.0,0.015032135828529,0.0147843402777777,0.0143853448277049,0.0139625
HNUS,1422,2018,11,22,-34.425,19.223,63.0,0.0164822397540012,0.0144747222222222,0.0141574225976113,0.0146166666666666
HNUS,1423,2018,11,23,-34.425,19.223,63.0,0.0213068741989964,0.0206620833333333,0.0198224005893419,0.0193541666666666
HNUS,1424,2018,11,24,-34.425,19.223,63.0,0.0196268216862236,0.0196506944444444,0.0184565508830056,0.0183666666666666
HNUS,1425,2018,11,25,-34.425,19.223,63.0,0.0215535407554508,0.0214673611111111,0.0221453472554002,0.020075
HNUS,1426,2018,11,26,-34.425,19.223,63.0,0.0261489162318124,0.0250567361111111,0.0241565743538942,0.0242625
HNUS,1427,2018,11,27,-34.425,19.223,63.0,0.0209798185952696,0.0192515625,0.0204728442219243,0.018875
HNUS,1428,2018,11,28,-34.425,19.223,63.0,0.0132463957019974,0.0124489583333333,0.0136634014943501,0.012725
HNUS,1429,2018,11,29,-34.425,19.223,63.0,0.0146437777663916,0.0130541319444444,0.0139276386132857,0.0133166666666666
HNUS,1430,2018,11,30,-34.425,19.223,63.0,0.0183805090383082,0.0172820833333333,0.0169315405661948,0.0174374999999999
HNUS,1432,2018,12,2,-34.425,19.223,63.0,0.024339883808986,0.0208746527777777,0.0217678318604197,0.0205208333333333
HNUS,1433,2018,12,3,-34.425,19.223,63.0,0.0233290556481955,0.0232086458333333,0.0253754591722714,0.0223666666666666
HNUS,1434,2018,12,4,-34.425,19.223,63.0,0.0225842748857651,0.0213332291666666,0.020523993846608,0.0209875
HNUS,1435,2018,12,5,-34.425,19.223,63.0,0.0265994611929542,0.0260317361111111,0.0267421332553189,0.0249
HNUS,1436,2018,12,6,-34.425,19.223,63.0,0.0270028587338058,0.0263585763888888,0.0276434259030233,0.027475
HNUS,1437,2018,12,7,-34.425,19.223,63.0,0.0240723271600252,0.0207842361111111,0.0233964902064251,0.0207875
HNUS,1438,2018,12,8,-34.425,19.223,63.0,0.0229038198392396,0.0226518055555555,0.0222374411414132,0.0221958333333333
HNUS,1439,2018,12,9,-34.425,19.223,63.0,0.0193789177748952,0.0191723263888888,0.0195386500638055,0.0189875
HNUS,1440,2018,12,10,-34.425,19.223,63.0,0.0209097651994934,0.0210062152777777,0.0212637253173642,0.0205708333333333
HNUS,1441,2018,12,11,-34.425,19.223,63.0,0.0249914253917978,0.0235397916666666,0.0233155030895007,0.0238666666666666
HNUS,1442,2018,12,12,-34.425,19.223,63.0,0.0202984384218195,0.0180738194444444,0.0195626619039004,0.0184416666666666
HNUS,1443,2018,12,13,-34.425,19.223,63.0,0.0167159709721175,0.0164398263888888,0.0158301052686205,0.0152791666666666
HNUS,1444,2018,12,14,-34.425,19.223,63.0,0.0184313906543427,0.0179932291666666,0.0183444851733373,0.0172499999999999
HNUS,1445,2018,12,15,-34.425,19.223,63.0,0.019760511158316,0.0193121875,0.0194037816165589,0.0178833333333333
HNUS,1446,2018,12,16,-34.425,19.223,63.0,0.0224325973637642,0.0229187152777777,0.0229133692521072,0.0221666666666666
HNUS,1447,2018,12,17,-34.425,19.223,63.0,0.0256196072817146,0.0264974652777777,0.0261633504059265,0.0256374999999999
HNUS,1448,2018,12,18,-34.425,19.223,63.0,0.024490428107278,0.0244472916666666,0.0259227318920223,0.02535
HNUS,1449,2018,12,19,-34.425,19.223,63.0,0.0241581383262631,0.0239971527777777,0.024429397579732,0.0227583333333333
HNUS,1450,2018,12,20,-34.425,19.223,63.0,0.0214698382600646,0.0213821180555555,0.0207790821922188,0.0203041666666666
HNUS,1451,2018,12,21,-34.425,19.223,63.0,0.0240200360193893,0.0241745138888888,0.0222255523421722,0.0227541666666666
HNUS,1452,2018,12,22,-34.425,19.223,63.0,0.0312508405855105,0.0308003472222222,0.030189564084277,0.0299458333333333
HNUS,1453,2018,12,23,-34.425,19.223,63.0,0.0315954121321013,0.0294069791666666,0.0303482210143981,0.0294458333333333
HNUS,1454,2018,12,24,-34.425,19.223,63.0,0.0322609148587436,0.0324045138888888,0.0315204711004862,0.03125
HNUS,1455,2018,12,25,-34.425,19.223,63.0,0.0314584115679475,0.0309727083333333,0.0310520781380288,0.031075
HNUS,1456,2018,12,26,-34.425,19.223,63.0,0.0336942112922048,0.0337432986111111,0.0341492103415526,0.0347416666666666
HNUS,1457,2018,12,27,-34.425,19.223,63.0,0.0220058889597634,0.0188321180555555,0.0218762905024137,0.0184208333333333
HNUS,1458,2018,12,28,-34.425,19.223,63.0,0.0144308369712007,0.0139847222222222,0.0144631348035532,0.0136041666666666
HNUS,1459,2018,12,29,-34.425,19.223,63.0,0.0149074756691881,0.0139136458333333,0.0145367287753464,0.0142083333333333
HNUS,1460,2018,12,30,-34.425,19.223,63.0,0.0161826208810032,0.016574375,0.0167781460354913,0.0147416666666666
HNUS,1462,2019,1,1,-34.425,19.223,63.0,0.0188810757408935,0.0210734027777777,0.020867980692145,0.0203916666666666
HNUS,1463,2019,1,2,-34.425,19.223,63.0,0.0191550878457505,0.0185888888888888,0.0175723385970709,0.0166041666666666
HNUS,1464,2019,1,3,-34.425,19.223,63.0,0.0206983816165095,0.0197150694444444,0.019751127554078,0.01885
HNUS,1465,2019,1,4,-34.425,19.223,63.0,0.0207534356023487,0.0216461805555555,0.0223347317461882,0.0214
HNUS,1466,2019,1,5,-34.425,19.223,63.0,0.0221269835330643,0.0223330208333333,0.0216190006591847,0.0221416666666666
HNUS,1467,2019,1,6,-34.425,19.223,63.0,0.0194815208806536,0.0181529166666666,0.017700154830509,0.0170541666666666
HNUS,1468,2019,1,7,-34.425,19.223,63.0,0.0173749889385789,0.0180100694444444,0.0176628207776238,0.0162
HNUS,1469,2019,1,8,-34.425,19.223,63.0,0.0211096623909744,0.0214181944444444,0.0207220217174453,0.0222791666666666
HNUS,1470,2019,1,9,-34.425,19.223,63.0,0.0223631506894026,0.0220568055555555,0.0215969222321036,0.0207041666666666
HNUS,1471,2019,1,10,-34.425,19.223,63.0,0.0219538891766098,0.0243738888888888,0.0260173009582225,0.0243916666666666
HNUS,1472,2019,1,11,-34.425,19.223,63.0,0.0188549978892493,0.0214364930555555,0.0239209443539399,0.0216541666666666
HNUS,1473,2019,1,12,-34.425,19.223,63.0,0.0178398215742186,0.0156647222222222,0.0168491872927719,0.0158208333333333
HNUS,1474,2019,1,13,-34.425,19.223,63.0,0.0215349853828543,0.0207921180555555,0.0220546020895934,0.0214125
HNUS,1475,2019,1,14,-34.425,19.223,63.0,0.021260947630297,0.0204417708333333,0.0209974075947253,0.02
HNUS,1476,2019,1,15,-34.425,19.223,63.0,0.0198155304128739,0.0188630208333333,0.0203036522879099,0.0189083333333333
HNUS,1477,2019,1,16,-34.425,19.223,63.0,0.0222249449633735,0.0223178472222222,0.0235529093252736,0.0221083333333333
HNUS,1478,2019,1,17,-34.425,19.223,63.0,0.0208925769323705,0.0195344444444444,0.0203726430192524,0.0194375
HNUS,1479,2019,1,18,-34.425,19.223,63.0,0.0200623471519214,0.019913125,0.0212896015982547,0.0199958333333333
HNUS,1480,2019,1,19,-34.425,19.223,63.0,0.0139549354290827,0.0138201041666666,0.0139090029597535,0.0129416666666666
HNUS,1481,2019,1,20,-34.425,19.223,63.0,0.0160237306791329,0.0161160416666666,0.0162245661428324,0.0156458333333333
HNUS,1482,2019,1,21,-34.425,19.223,63.0,0.0222907610919908,0.0210756944444444,0.0187443901962399,0.0211208333333333
HNUS,1483,2019,1,22,-34.425,19.223,63.0,0.0193430545942239,0.0156994444444444,0.0162626976710425,0.0148833333333333
HNUS,1484,2019,1,23,-34.425,19.223,63.0,0.0177964379082674,0.0174482291666666,0.0181404276744221,0.0168541666666666
HNUS,1485,2019,1,24,-34.425,19.223,63.0,0.0215059316652856,0.0211166666666666,0.0203917755913936,0.0204125
HNUS,1486,2019,1,25,-34.425,19.223,63.0,0.0217322880627322,0.0213925347222222,0.0224787277836185,0.0213916666666666
HNUS,1487,2019,1,26,-34.425,19.223,63.0,0.0195101183307309,0.0187055208333333,0.0187252568181203,0.0175708333333333
HNUS,1488,2019,1,27,-34.425,19.223,63.0,0.0195856807631511,0.0190986111111111,0.0192007866329111,0.0181833333333333
HNUS,1489,2019,1,28,-34.425,19.223,63.0,0.0214166364575801,0.0212124652777777,0.0211171694353411,0.0217791666666666
HNUS,1490,2019,1,29,-34.425,19.223,63.0,0.023629382222833,0.0216712847222222,0.0226241828082903,0.0211874999999999
HNUS,1491,2019,1,30,-34.425,19.223,63.0,0.0243096153563683,0.0244981944444444,0.0238588601984384,0.0228624999999999
HNUS,1493,2019,2,1,-34.425,19.223,63.0,0.0276397830727526,0.0249884722222222,0.0243714579081409,0.0251958333333333
HNUS,1494,2019,2,2,-34.425,19.223,63.0,0.0365422374032569,0.0339724652777777,0.0358185425946797,0.0342708333333333
HNUS,1495,2019,2,3,-34.425,19.223,63.0,0.0311375799430232,0.032365,0.034392380117816,0.033025
HNUS,1496,2019,2,4,-34.425,19.223,63.0,0.0190595027066598,0.0204707291666666,0.0186314191494105,0.0190333333333333
HNUS,1497,2019,2,5,-34.425,19.223,63.0,0.0179362219351008,0.0168221875,0.0174279054462892,0.0156791666666666
HNUS,1498,2019,2,6,-34.425,19.223,63.0,0.0241433006620451,0.0237244097222222,0.0236832066404654,0.0237083333333333
HNUS,1499,2019,2,7,-34.425,19.223,63.0,0.0219101485974303,0.0210854166666666,0.0236936404496197,0.0229041666666666
HNUS,1500,2019,2,8,-34.425,19.223,63.0,0.0218287584742942,0.0230452430555555,0.0236757279874575,0.0231208333333333
HNUS,1501,2019,2,9,-34.425,19.223,63.0,0.0260675447687941,0.0267459374999999,0.0263993003849558,0.025775
HNUS,1502,2019,2,10,-34.425,19.223,63.0,0.0261073801610072,0.0253546875,0.0255170860981739,0.0240333333333333
HNUS,1503,2019,2,11,-34.425,19.223,63.0,0.0284992763366165,0.0260243402777777,0.0236672483027783,0.0231124999999999
HNUS,1504,2019,2,12,-34.425,19.223,63.0,0.0248099916467741,0.0239374305555555,0.0236966165410673,0.0237041666666666
HNUS,1505,2019,2,13,-34.425,19.223,63.0,0.0173067137900976,0.0171753819444444,0.0173335668146694,0.0171833333333333
HNUS,1506,2019,2,14,-34.425,19.223,63.0,0.0213652194888511,0.0185354513888888,0.0187339906169671,0.0196375
HNUS,1507,2019,2,15,-34.425,19.223,63.0,0.0299939219144879,0.0282710069444444,0.0280709108294891,0.0275
HNUS,1508,2019,2,16,-34.425,19.223,63.0,0.0246166594555953,0.0245458680555555,0.02435059575414,0.0225708333333333
HNUS,1509,2019,2,17,-34.425,19.223,63.0,0.0221536638977185,0.0223771875,0.0238204737030042,0.0229166666666666
HNUS,1510,2019,2,18,-34.425,19.223,63.0,0.0248986063025268,0.0251265624999999,0.0269037604441832,0.0262333333333333
HNUS,1511,2019,2,19,-34.425,19.223,63.0,0.0276509161443773,0.0268015972222222,0.028115213752759,0.0276958333333333
HNUS,1512,2019,2,20,-34.425,19.223,63.0,0.0264052996672328,0.0259966666666666,0.0259166331714005,0.0255124999999999
HNUS,1513,2019,2,21,-34.425,19.223,63.0,0.0249525120402515,0.0234276041666666,0.0232592947273271,0.0233583333333333
HNUS,1514,2019,2,22,-34.425,19.223,63.0,0.027838806388936,0.0268135069444444,0.0255173091539172,0.0260333333333333
HNUS,1515,2019,2,23,-34.425,19.223,63.0,0.0276239797463598,0.0280168402777777,0.0265191486699866,0.0256666666666666
HNUS,1516,2019,2,24,-34.425,19.223,63.0,0.0258640037600733,0.0249100347222222,0.024783223819145,0.0233083333333333
HNUS,1517,2019,2,25,-34.425,19.223,63.0,0.0274998554816667,0.0258447222222222,0.024701237282315,0.0249666666666666
HNUS,1518,2019,2,26,-34.425,19.223,63.0,0.0243439118761206,0.0224478819444444,0.024045245920002,0.0227625
HNUS,1519,2019,2,27,-34.425,19.223,63.0,0.0258509652721032,0.0271871875,0.0268905051408227,0.0263791666666666
HNUS,1520,2019,2,28,-34.425,19.223,63.0,0.0317268814978097,0.0317254513888888,0.0321933818376308,0.0314458333333333
HNUS,1521,2019,3,1,-34.425,19.223,63.0,0.0353178685470977,0.0354772222222222,0.0359089591475912,0.0352208333333333
HNUS,1522,2019,3,2,-34.425,19.223,63.0,0.0333756726218671,0.0341210069444444,0.0346325008175613,0.0340958333333333
HNUS,1523,2019,3,3,-34.425,19.223,63.0,0.0290451850099082,0.0269955208333333,0.0269223987990295,0.0271166666666666
HNUS,1524,2019,3,4,-34.425,19.223,63.0,0.0285225534802369,0.0280655902777777,0.0289038214736347,0.0274166666666666
HNUS,1525,2019,3,5,-34.425,19.223,63.0,0.0219584488548861,0.0191961111111111,0.0182213250753463,0.018475
HNUS,1526,2019,3,6,-34.425,19.223,63.0,0.0256206089340039,0.0247319444444444,0.024526196102463,0.0238333333333333
HNUS,1527,2019,3,7,-34.425,19.223,63.0,0.0245785898395953,0.0280351388888888,0.0278752525413561,0.0270833333333333
HNUS,1528,2019,3,8,-34.425,19.223,63.0,0.0200937994282034,0.0203382638888888,0.018456300703067,0.0195041666666666
HNUS,1529,2019,3,9,-34.425,19.223,63.0,0.0248185345277495,0.0240344097222222,0.0246215590010279,0.0229791666666666
HNUS,1530,2019,3,10,-34.425,19.223,63.0,0.0293212080188047,0.0289390277777777,0.0288018185694938,0.0290125
HNUS,1531,2019,3,11,-34.425,19.223,63.0,0.0338294967577218,0.0313579513888888,0.0321082544157364,0.0320791666666666
HNUS,1532,2019,3,12,-34.425,19.223,63.0,0.0300728572480617,0.0296688541666666,0.0315961029314972,0.0315791666666666
HNUS,1533,2019,3,13,-34.425,19.223,63.0,0.0264328267502797,0.0256524652777777,0.0247688990288875,0.0241375
HNUS,1534,2019,3,14,-34.425,19.223,63.0,0.0240518493965889,0.0229249305555555,0.0236794117059662,0.0230916666666666
HNUS,1535,2019,3,15,-34.425,19.223,63.0,0.0295380615615752,0.029050625,0.0286382193382575,0.0280041666666666
HNUS,1536,2019,3,16,-34.425,19.223,63.0,0.0298449201397555,0.02851875,0.028917066089706,0.0295583333333333
HNUS,1537,2019,3,17,-34.425,19.223,63.0,0.0279784468701167,0.0282542708333333,0.0286099294492703,0.0273291666666666
HNUS,1538,2019,3,18,-34.425,19.223,63.0,0.0280134461874213,0.0280587847222222,0.0275707081658051,0.0287708333333333
HNUS,1539,2019,3,19,-34.425,19.223,63.0,0.0298872507115957,0.0291533333333333,0.0316270275688467,0.0312583333333333
HNUS,1540,2019,3,20,-34.425,19.223,63.0,0.0211611949880145,0.0205210416666666,0.0213786906658803,0.0196875
HNUS,1541,2019,3,21,-34.425,19.223,63.0,0.018974250916171,0.0185358333333333,0.0183677793177671,0.0186166666666666
HNUS,1542,2019,3,22,-34.425,19.223,63.0,0.0207740618362726,0.0199919444444444,0.0198875362635205,0.0200041666666666
HNUS,1543,2019,3,23,-34.425,19.223,63.0,0.0212178316262382,0.0205297916666666,0.0213388834824158,0.0197124999999999
HNUS,1544,2019,3,24,-34.425,19.223,63.0,0.0261424365679662,0.0266676736111111,0.0260452130758819,0.0263583333333333
HNUS,1545,2019,3,25,-34.425,19.223,63.0,0.0242692724156107,0.0216398611111111,0.0223800886298253,0.0209208333333333
HNUS,1546,2019,3,26,-34.425,19.223,63.0,0.021221069590994,0.0196138541666666,0.0183566200358413,0.0190541666666666
HNUS,1547,2019,3,27,-34.425,19.223,63.0,0.0217119207672274,0.0180625,0.0176984210270659,0.0181
HNUS,1548,2019,3,28,-34.425,19.223,63.0,0.0243613517187838,0.0255798263888888,0.0256042026506199,0.0258458333333333
HNUS,1549,2019,3,29,-34.425,19.223,63.0,0.0228677547988386,0.0217734722222222,0.0213288534916506,0.0213499999999999
HNUS,1550,2019,3,30,-34.425,19.223,63.0,0.0222048454501024,0.0216209375,0.0219439934166404,0.0211416666666666
HNUS,1552,2019,4,1,-34.425,19.223,63.0,0.0138224994400138,0.0126020138888888,0.0135470041357098,0.0124458333333333
HNUS,1553,2019,4,2,-34.425,19.223,63.0,0.0170327369732232,0.0162055902777777,0.01651319484824,0.0156458333333333
HNUS,1554,2019,4,3,-34.425,19.223,63.0,0.0179521005052836,0.0176528125,0.0188034802062002,0.0183416666666666
HNUS,1556,2019,4,5,-34.425,19.223,63.0,0.0175365219369112,0.0170739236111111,0.0169630930551437,0.0166041666666666
HNUS,1557,2019,4,6,-34.425,19.223,63.0,0.0181840822135373,0.0161723611111111,0.017798089729278,0.0166791666666666
HNUS,1558,2019,4,7,-34.425,19.223,63.0,0.0237608360835301,0.0247164236111111,0.0243763265115338,0.0239708333333333
HNUS,1559,2019,4,8,-34.425,19.223,63.0,0.0276823857015228,0.0291263888888888,0.0285184706528502,0.0289958333333333
HNUS,1561,2019,4,10,-34.425,19.223,63.0,0.0242295372784495,0.0251824652777777,0.0264863416776318,0.0260041666666666
HNUS,1562,2019,4,11,-34.425,19.223,63.0,0.0228755812232734,0.024005,0.0245587294161323,0.02375
HNUS,1563,2019,4,12,-34.425,19.223,63.0,0.0301833044847894,0.0283891319444444,0.0271875624126407,0.0282458333333333
HNUS,1564,2019,4,13,-34.425,19.223,63.0,0.028260102251605,0.0288590972222222,0.031727368281825,0.0299416666666666
HNUS,1565,2019,4,14,-34.425,19.223,63.0,0.0195516802102525,0.01971875,0.0190028717737127,0.0196833333333333
HNUS,1566,2019,4,15,-34.425,19.223,63.0,0.0180647740579013,0.0169696527777777,0.0176237365120752,0.0169416666666666
HNUS,1567,2019,4,16,-34.425,19.223,63.0,0.0181558314138265,0.0169742361111111,0.0168499996797142,0.0168666666666666
HNUS,1568,2019,4,17,-34.425,19.223,63.0,0.0194421655136567,0.0178339634146341,0.0182791999325621,0.0177208333333333
HNUS,1569,2019,4,18,-34.425,19.223,63.0,0.0125075514492922,0.011900731707317,0.0141247285625246,0.0133833333333333
HNUS,1570,2019,4,19,-34.425,19.223,63.0,0.0171940509574074,0.0173069791666666,0.0204060183683642,0.0196125
HNUS,1571,2019,4,20,-34.425,19.223,63.0,0.0171210084000469,0.0193102777777777,0.0184343500100169,0.0184583333333333
HNUS,1572,2019,4,21,-34.425,19.223,63.0,0.0194981900403248,0.0189791666666666,0.0183532674821183,0.0192875
HNUS,1573,2019,4,22,-34.425,19.223,63.0,0.0218645155545839,0.0207894791666666,0.0193860105896527,0.0188125
HNUS,1574,2019,4,23,-34.425,19.223,63.0,0.0301149922750298,0.0291233680555555,0.0264558896585275,0.0277833333333333
HNUS,1575,2019,4,24,-34.425,19.223,63.0,0.0286545433230795,0.0280434027777777,0.0293234584916553,0.0278375
HNUS,1576,2019,4,25,-34.425,19.223,63.0,0.0212165202566116,0.0198555208333333,0.0214685085844844,0.0204708333333333
HNUS,1577,2019,4,26,-34.425,19.223,63.0,0.0217680864882956,0.0213520833333333,0.0220373604350149,0.021325
HNUS,1578,2019,4,27,-34.425,19.223,63.0,0.0176180965426874,0.0176997222222222,0.0187479238274975,0.018725
HNUS,1579,2019,4,28,-34.425,19.223,63.0,0.0116449512333942,0.0100582986111111,0.011616577133896,0.0113958333333333
HNUS,1580,2019,4,29,-34.425,19.223,63.0,0.0187212498545327,0.0181909027777777,0.0173797538773135,0.018925
HNUS,1581,2019,4,30,-34.425,19.223,63.0,0.0226419731705075,0.0245216319444444,0.0250952939103903,0.0242291666666666
HNUS,1582,2019,5,1,-34.425,19.223,63.0,0.0196514023972287,0.0193325347222222,0.0195168025825074,0.0188958333333333
HNUS,1583,2019,5,2,-34.425,19.223,63.0,0.0208862528580502,0.0207868055555555,0.0212721982382564,0.0214833333333333
HNUS,1584,2019,5,3,-34.425,19.223,63.0,0.01698073149707,0.0157419444444444,0.0179834568117874,0.0163125
HNUS,1585,2019,5,4,-34.425,19.223,63.0,0.0160145928661996,0.0146276041666666,0.0145649560424709,0.014225
HNUS,1586,2019,5,5,-34.425,19.223,63.0,0.0167494636527736,0.0149618055555555,0.015976773210508,0.0157833333333333
HNUS,1587,2019,5,6,-34.425,19.223,63.0,0.0172787308242347,0.0166490277777777,0.0177822315654548,0.0169541666666666
HNUS,1588,2019,5,7,-34.425,19.223,63.0,0.0163656327297962,0.0166101736111111,0.0182051242459938,0.0180958333333333
HNUS,1589,2019,5,8,-34.425,19.223,63.0,0.0208069167514243,0.0222290972222222,0.0233329182903279,0.0233541666666666
HNUS,1590,2019,5,9,-34.425,19.223,63.0,0.0180850232986988,0.0189598958333333,0.0208319009182028,0.0197125
HNUS,1591,2019,5,10,-34.425,19.223,63.0,0.0128969677328788,0.0124324652777777,0.0126885580238817,0.012825
HNUS,1592,2019,5,11,-34.425,19.223,63.0,0.0120336175503281,0.0119370486111111,0.0141058551360138,0.0135416666666666
HNUS,1593,2019,5,12,-34.425,19.223,63.0,0.015442132672678,0.0151460416666666,0.0157666271248645,0.0161416666666666
HNUS,1594,2019,5,13,-34.425,19.223,63.0,0.0183646453593625,0.0163707986111111,0.0181629699576027,0.0175041666666666
HNUS,1595,2019,5,14,-34.425,19.223,63.0,0.0251295508611411,0.0228772569444444,0.0230613697741623,0.0231916666666666
HNUS,1596,2019,5,15,-34.425,19.223,63.0,0.0177615943402692,0.0154890625,0.0171419176370702,0.01555
HNUS,1597,2019,5,16,-34.425,19.223,63.0,0.0170517336432043,0.0167410763888888,0.0161219902550636,0.0162666666666666
HNUS,1598,2019,5,17,-34.425,19.223,63.0,0.0186058334841474,0.0176348611111111,0.0184781039837053,0.017625
HNUS,1599,2019,5,18,-34.425,19.223,63.0,0.018339358396722,0.0191650694444444,0.021701840672602,0.0204624999999999
HNUS,1600,2019,5,19,-34.425,19.223,63.0,0.0257568283769258,0.0216098958333333,0.0206738653869907,0.0209333333333333
HNUS,1601,2019,5,20,-34.425,19.223,63.0,0.0235130461203697,0.0194745833333333,0.0222827413331311,0.0197833333333333
HNUS,1602,2019,5,21,-34.425,19.223,63.0,0.0163871645358137,0.0172139236111111,0.019056243262749,0.0170833333333333
HNUS,1603,2019,5,22,-34.425,19.223,63.0,0.014918542736479,0.0148234722222222,0.0162677925353245,0.0152124999999999
HNUS,1604,2019,5,23,-34.425,19.223,63.0,0.0128353359738075,0.0125759027777777,0.0131869615633584,0.012425
HNUS,1605,2019,5,24,-34.425,19.223,63.0,0.0107276710205609,0.0101785069444444,0.01163899440444,0.0102541666666666
HNUS,1606,2019,5,25,-34.425,19.223,63.0,0.0150795626090212,0.0147753472222222,0.0151152468793476,0.0159041666666666
HNUS,1607,2019,5,26,-34.425,19.223,63.0,0.0245749030935094,0.0226788888888888,0.0231785926452625,0.0233041666666666
HNUS,1608,2019,5,27,-34.425,19.223,63.0,0.020044438449696,0.0189967013888888,0.019976868646412,0.0195291666666666
HNUS,1609,2019,5,28,-34.425,19.223,63.0,0.0147648968235803,0.0140858333333333,0.014323546762498,0.0139
HNUS,1610,2019,5,29,-34.425,19.223,63.0,0.0123488705931208,0.0113876388888888,0.0131965273328122,0.0122583333333333
HNUS,1611,2019,5,30,-34.425,19.223,63.0,0.0140365915403297,0.0124553472222222,0.0134997350428221,0.0134833333333333
HNUS,1613,2019,6,1,-34.425,19.223,63.0,0.0175958836575564,0.0168193055555555,0.0177159482241085,0.016675
HNUS,1614,2019,6,2,-34.425,19.223,63.0,0.022338278843653,0.0229241319444444,0.0227660614932771,0.0232083333333333
HNUS,1615,2019,6,3,-34.425,19.223,63.0,0.0221532145399273,0.0200561458333333,0.0222572280350606,0.0215541666666666
HNUS,1616,2019,6,4,-34.425,19.223,63.0,0.0248906462246053,0.0275021875,0.0289220027862089,0.028575
HNUS,1617,2019,6,5,-34.425,19.223,63.0,0.015669426012449,0.0171789236111111,0.0171025694897297,0.0167166666666666
HNUS,1618,2019,6,6,-34.425,19.223,63.0,0.0119331371206327,0.0107721875,0.0117549494781903,0.0107791666666666
HNUS,1619,2019,6,7,-34.425,19.223,63.0,0.021621480995235,0.0208892708333333,0.0194187768255317,0.0215125
HNUS,1620,2019,6,8,-34.425,19.223,63.0,0.0183058052941925,0.0188469097222222,0.0209554312567478,0.0200041666666666
HNUS,1621,2019,6,9,-34.425,19.223,63.0,0.0155769653403419,0.0118635069444444,0.0127697219169058,0.0138083333333333
HNUS,1622,2019,6,10,-34.425,19.223,63.0,0.0185362455782963,0.0181760416666666,0.0204403522372286,0.0178375
HNUS,1623,2019,6,11,-34.425,19.223,63.0,0.0148789543192715,0.0133379861111111,0.015251030862825,0.0140375
HNUS,1624,2019,6,12,-34.425,19.223,63.0,0.012011650876023,0.0129491666666666,0.0146636577499458,0.0126916666666666
HNUS,1628,2019,6,16,-34.425,19.223,63.0,0.0092292609931967,0.0080639583333333,0.0085413220708253,0.007925
HNUS,1629,2019,6,17,-34.425,19.223,63.0,0.0092366645966058,0.0099197222222222,0.0111599417733035,0.0102916666666666
HNUS,1630,2019,6,18,-34.425,19.223,63.0,0.0090632476201798,0.0083584722222222,0.009649445515343,0.0093041666666666
HNUS,1631,2019,6,19,-34.425,19.223,63.0,0.0100408756517269,0.01011875,0.0111389625172256,0.0104791666666666
HNUS,1632,2019,6,20,-34.425,19.223,63.0,0.0100796239068726,0.0107854513888888,0.0129990686298969,0.0118833333333333
HNUS,1633,2019,6,21,-34.425,19.223,63.0,0.0161167544382029,0.0134854166666666,0.0143537856244442,0.0147041666666666
HNUS,1634,2019,6,22,-34.425,19.223,63.0,0.0202228122809549,0.0214480208333333,0.0227005693555844,0.021675
HNUS,1635,2019,6,23,-34.425,19.223,63.0,0.0138998384922612,0.0131945138888888,0.0142865773893576,0.0136333333333333
HNUS,1636,2019,6,24,-34.425,19.223,63.0,0.0153312327723209,0.0153163541666666,0.0152310759334441,0.01455
HNUS,1637,2019,6,25,-34.425,19.223,63.0,0.0205867774213682,0.0197961805555555,0.0176908410242621,0.0185625
HNUS,1638,2019,6,26,-34.425,19.223,63.0,0.0172829646800586,0.0162129513888888,0.0175619652471584,0.016075
HNUS,1639,2019,6,27,-34.425,19.223,63.0,0.0158296468774344,0.0108497569444444,0.0122419038974757,0.01245
HNUS,1640,2019,6,28,-34.425,19.223,63.0,0.0187024669042228,0.0172529166666666,0.0193297490027992,0.0181916666666666
HNUS,1641,2019,6,29,-34.425,19.223,63.0,0.0190811217336312,0.0178446180555555,0.0194176344113799,0.0182958333333333
HNUS,1642,2019,6,30,-34.425,19.223,63.0,0.0196031601045977,0.0167085763888888,0.0180826475062502,0.016875
HNUS,1643,2019,7,1,-34.425,19.223,63.0,0.0200928833344615,0.0178815277777777,0.0179577300099761,0.01735
HNUS,1644,2019,7,2,-34.425,19.223,63.0,0.0250290762924708,0.0257827083333333,0.0262864214640187,0.0259
HNUS,1645,2019,7,3,-34.425,19.223,63.0,0.0215458890588475,0.0224943055555555,0.0250300062029386,0.0226875
HNUS,1646,2019,7,4,-34.425,19.223,63.0,0.0158304415193359,0.0172863541666666,0.0190102412958259,0.0187666666666666
HNUS,1647,2019,7,5,-34.425,19.223,63.0,0.0102652749157561,0.0085179861111111,0.0094132032732224,0.0094333333333333
HNUS,1648,2019,7,6,-34.425,19.223,63.0,0.0215748065981183,0.023998125,0.0247807274952973,0.0250208333333333
HNUS,1649,2019,7,7,-34.425,19.223,63.0,0.0213531691036748,0.0209968402777777,0.0214156784101556,0.0204083333333333
HNUS,1650,2019,7,8,-34.425,19.223,63.0,0.0209866153247462,0.0214131944444444,0.0233582994342686,0.0219666666666666
HNUS,1651,2019,7,9,-34.425,19.223,63.0,0.0147657611822803,0.0142902777777777,0.0161304388052164,0.014125
HNUS,1652,2019,7,10,-34.425,19.223,63.0,0.0108197014314572,0.0109901388888888,0.0122694819655271,0.0117166666666666
HNUS,1653,2019,7,11,-34.425,19.223,63.0,0.01421240297031,0.0134838888888888,0.0133011449552112,0.01405
HNUS,1654,2019,7,12,-34.425,19.223,63.0,0.01520116692659,0.0142272916666666,0.0151448672311078,0.0139708333333333
HNUS,1655,2019,7,13,-34.425,19.223,63.0,0.0105235957390838,0.0102305902777777,0.0120647757228065,0.0105833333333333
HNUS,1656,2019,7,14,-34.425,19.223,63.0,0.0102086036308278,0.0092663888888888,0.0103024712867283,0.0099833333333333
HNUS,1657,2019,7,15,-34.425,19.223,63.0,0.0115662056744017,0.0132301388888888,0.0144412561764151,0.0134958333333333
HNUS,1658,2019,7,16,-34.425,19.223,63.0,0.0094061956477416,0.0088304513888888,0.0105163124033857,0.0096625
HNUS,1659,2019,7,17,-34.425,19.223,63.0,0.0194119835855159,0.0213402083333333,0.0203167993346042,0.0211958333333333
HNUS,1660,2019,7,18,-34.425,19.223,63.0,0.0272679387206703,0.0266419444444444,0.0277318962106846,0.0266875
HNUS,1661,2019,7,19,-34.425,19.223,63.0,0.0170145607077388,0.0164922569444444,0.0185806513813787,0.0161083333333333
HNUS,1662,2019,7,20,-34.425,19.223,63.0,0.0100741553364943,0.0104803819444444,0.0104037370044664,0.0103249999999999
HNUS,1663,2019,7,21,-34.425,19.223,63.0,0.0071126726280224,0.0063231944444444,0.0075482625123496,0.0075541666666666
HNUS,1664,2019,7,22,-34.425,19.223,63.0,0.0137333086047141,0.0145200694444444,0.0162903986688968,0.0161791666666666
HNUS,1665,2019,7,23,-34.425,19.223,63.0,0.0195802349242425,0.0174323611111111,0.0195984957481198,0.0186416666666666
HNUS,1666,2019,7,24,-34.425,19.223,63.0,0.0137154213644218,0.015028125,0.0169734766062153,0.01625
HNUS,1667,2019,7,25,-34.425,19.223,63.0,0.0154499507451516,0.0158282291666666,0.0173820069223134,0.0168958333333333
HNUS,1668,2019,7,26,-34.425,19.223,63.0,0.0132083239087335,0.0143857986111111,0.0155425059478451,0.0151291666666666
HNUS,1669,2019,7,27,-34.425,19.223,63.0,0.0107277489101992,0.0104778819444444,0.0108090123931885,0.011275
HNUS,1670,2019,7,28,-34.425,19.223,63.0,0.0118912270225936,0.0111944791666666,0.0132420047802167,0.0123749999999999
HNUS,1671,2019,7,29,-34.425,19.223,63.0,0.0150952563993783,0.0158134027777777,0.0176617114675178,0.0177708333333333
HNUS,1672,2019,7,30,-34.425,19.223,63.0,0.0168238589208689,0.0165833680555555,0.0203210709427748,0.0178291666666666
HNUS,1674,2019,8,1,-34.425,19.223,63.0,0.0113407547370384,0.0118745614035087,0.0128827002447975,0.0120583333333333
HNUS,1675,2019,8,2,-34.425,19.223,63.0,0.016291410180787,0.0150742013888888,0.0143359871829528,0.0140708333333333
HNUS,1676,2019,8,3,-34.425,19.223,63.0,0.0150582055481225,0.0143415277777777,0.0157100823910921,0.0155083333333333
HNUS,1677,2019,8,4,-34.425,19.223,63.0,0.0132882436182826,0.0119513888888888,0.0127991579912449,0.0128375
HNUS,1678,2019,8,5,-34.425,19.223,63.0,0.0204274512860849,0.0197754166666666,0.0206759488542162,0.0198666666666666
HNUS,1679,2019,8,6,-34.425,19.223,63.0,0.0162708297813039,0.0155707986111111,0.0194911873825471,0.0166916666666666
HNUS,1680,2019,8,7,-34.425,19.223,63.0,0.0120868611370919,0.0128366319444444,0.0144551647390758,0.0134625
HNUS,1681,2019,8,8,-34.425,19.223,63.0,0.0125941850273083,0.0129739930555555,0.0125668658851815,0.0123625
HNUS,1682,2019,8,9,-34.425,19.223,63.0,0.0114888830541444,0.0122888541666666,0.0144710192788273,0.0132958333333333
HNUS,1683,2019,8,10,-34.425,19.223,63.0,0.01363399385873,0.0105725694444444,0.0108130333322304,0.0106625
HNUS,1684,2019,8,11,-34.425,19.223,63.0,0.0160404334872377,0.0157362152777777,0.0157478606851393,0.0156208333333333
HNUS,1685,2019,8,12,-34.425,19.223,63.0,0.0161631235735937,0.0161609027777777,0.0163880489337376,0.0157125
HNUS,1686,2019,8,13,-34.425,19.223,63.0,0.0171937251730973,0.0176980208333333,0.0187412080317325,0.0177416666666666
HNUS,1687,2019,8,14,-34.425,19.223,63.0,0.0135997565567674,0.015204375,0.0165006446214386,0.0151625
HNUS,1688,2019,8,15,-34.425,19.223,63.0,0.0087011631462325,0.0085412847222222,0.0091706550011022,0.0084375
HNUS,1689,2019,8,16,-34.425,19.223,63.0,0.0122898120215928,0.0126942708333333,0.0122593044470645,0.0120541666666666
HNUS,1690,2019,8,17,-34.425,19.223,63.0,0.0136511540363335,0.0128006597222222,0.0138066059776464,0.0129916666666666
HNUS,1691,2019,8,18,-34.425,19.223,63.0,0.0133689676551576,0.0134323263888888,0.0143879752044864,0.0143333333333333
HNUS,1692,2019,8,19,-34.425,19.223,63.0,0.0126195113940644,0.0138723958333333,0.0148576951216411,0.0135583333333333
HNUS,1695,2019,8,22,-34.425,19.223,63.0,0.0101722938803868,0.0095809146341463,0.0086312386002829,0.0083166666666666
HNUS,1696,2019,8,23,-34.425,19.223,63.0,0.0080622769767568,0.0081490277777777,0.009284868997373,0.0087583333333333
HNUS,1697,2019,8,24,-34.425,19.223,63.0,0.0094936882060057,0.0089387152777777,0.009827483328714,0.0095875
HNUS,1698,2019,8,25,-34.425,19.223,63.0,0.0147929013851795,0.0173191666666666,0.0177923491634806,0.0180166666666666
HNUS,1699,2019,8,26,-34.425,19.223,63.0,0.0138623980768218,0.0131186458333333,0.0131909415488933,0.0122666666666666
HNUS,1700,2019,8,27,-34.425,19.223,63.0,0.0123815010913749,0.0122084375,0.0129010529684161,0.0128625
HNUS,1701,2019,8,28,-34.425,19.223,63.0,0.0106566254101292,0.0109343402777777,0.0111056840981425,0.010175
HNUS,1702,2019,8,29,-34.425,19.223,63.0,0.0120184533003161,0.0113188888888888,0.011957068188724,0.0114875
HNUS,1703,2019,8,30,-34.425,19.223,63.0,0.0138367929101279,0.0146926041666666,0.0153431894779836,0.0149916666666666
HNUS,1705,2019,9,1,-34.425,19.223,63.0,0.0161093281359395,0.0157092013888888,0.0173193312667827,0.0167208333333333
HNUS,1706,2019,9,2,-34.425,19.223,63.0,0.0130084501408801,0.0136573611111111,0.0149321479770588,0.0138541666666666
HNUS,1707,2019,9,3,-34.425,19.223,63.0,0.0113106095018692,0.0104972916666666,0.011186444914303,0.0110875
HNUS,1708,2019,9,4,-34.425,19.223,63.0,0.0175224956224598,0.0170338194444444,0.0167525109467694,0.0163541666666666
HNUS,1709,2019,9,5,-34.425,19.223,63.0,0.016084556362661,0.0151138194444444,0.0164755892132458,0.0151708333333333
HNUS,1710,2019,9,6,-34.425,19.223,63.0,0.0107767738073625,0.0105933333333333,0.0130651943574682,0.0115541666666666
HNUS,1711,2019,9,7,-34.425,19.223,63.0,0.0104674501089227,0.0095473263888888,0.0104082493438169,0.0104874999999999
HNUS,1712,2019,9,8,-34.425,19.223,63.0,0.0200423479692156,0.0195870833333333,0.0188492926628452,0.0205958333333333
HNUS,1713,2019,9,9,-34.425,19.223,63.0,0.0243113532139481,0.0246973263888888,0.0261717059635055,0.0259083333333333
HNUS,1714,2019,9,10,-34.425,19.223,63.0,0.0211169061958665,0.0197892013888888,0.0224679288686969,0.02095
HNUS,1715,2019,9,11,-34.425,19.223,63.0,0.0204773788718047,0.01844125,0.0211283968084161,0.0190291666666666
HNUS,1716,2019,9,12,-34.425,19.223,63.0,0.0190276313383296,0.0176602430555555,0.0186257949372241,0.0171333333333333
HNUS,1717,2019,9,13,-34.425,19.223,63.0,0.0155995708030085,0.014325625,0.0151326894644527,0.014225
HNUS,1718,2019,9,14,-34.425,19.223,63.0,0.0206469605442957,0.0191741666666666,0.0188962323641515,0.0188791666666666
HNUS,1719,2019,9,15,-34.425,19.223,63.0,0.0243327445761196,0.0236087499999999,0.025665751525739,0.0253458333333333
HNUS,1720,2019,9,16,-34.425,19.223,63.0,0.0201371588818804,0.0194598958333333,0.0215103085426243,0.01915
HNUS,1721,2019,9,17,-34.425,19.223,63.0,0.0176155806344432,0.0181876736111111,0.0193828545558457,0.01705
HNUS,1722,2019,9,18,-34.425,19.223,63.0,0.0174591657451336,0.0175144097222222,0.0185514944384638,0.0178208333333333
HNUS,1723,2019,9,19,-34.425,19.223,63.0,0.0228760094049549,0.0213710416666666,0.0235776322961414,0.0248749999999999
HNUS,1724,2019,9,20,-34.425,19.223,63.0,0.0185510979836215,0.0201474305555555,0.0243752155082021,0.0218541666666666
HNUS,1725,2019,9,21,-34.425,19.223,63.0,0.0163183710170873,0.0182750694444444,0.019034068541545,0.0183375
HNUS,1726,2019,9,22,-34.425,19.223,63.0,0.0145515655966153,0.0133810763888888,0.0135458083428855,0.0130958333333333
HNUS,1727,2019,9,23,-34.425,19.223,63.0,0.016729471146894,0.0173899305555555,0.0167660127415318,0.0162833333333333
HNUS,1728,2019,9,24,-34.425,19.223,63.0,0.0153092105954638,0.0159474305555555,0.0167550813521128,0.0161
HNUS,1729,2019,9,25,-34.425,19.223,63.0,0.0085116873280785,0.0073306249999999,0.0108356419155319,0.0086916666666666
HNUS,1730,2019,9,26,-34.425,19.223,63.0,0.0067677446299697,0.0076846875,0.0094839826930807,0.0092375
HNUS,1732,2019,9,28,-34.425,19.223,63.0,0.0276501104568796,0.0247198263888888,0.0236598991915456,0.0250958333333333
HNUS,1733,2019,9,29,-34.425,19.223,63.0,0.023370929376941,0.0213932291666666,0.0227526283692677,0.0215375
HNUS,1734,2019,9,30,-34.425,19.223,63.0,0.0181860003603692,0.0169760069444444,0.0173758486861043,0.0166666666666666
HNUS,1735,2019,10,1,-34.425,19.223,63.0,0.0168260107924061,0.0162194097222222,0.0168833868878901,0.0163166666666666
HNUS,1736,2019,10,2,-34.425,19.223,63.0,0.0157021078200945,0.0158102430555555,0.0162799479709528,0.0161375
HNUS,1737,2019,10,3,-34.425,19.223,63.0,0.0169375831105067,0.0157823263888888,0.016272285794997,0.0156083333333333
HNUS,1738,2019,10,4,-34.425,19.223,63.0,0.0152693218477335,0.0157901736111111,0.0180298354712338,0.0159416666666666
HNUS,1739,2019,10,5,-34.425,19.223,63.0,0.0132083572053263,0.0125311111111111,0.0128753919686524,0.0119791666666666
HNUS,1740,2019,10,6,-34.425,19.223,63.0,0.0187587600820804,0.0190577777777777,0.0182845390618848,0.0178833333333333
HNUS,1741,2019,10,7,-34.425,19.223,63.0,0.0233108335706898,0.0226595833333333,0.0222647882327377,0.0210583333333333
HNUS,1742,2019,10,8,-34.425,19.223,63.0,0.018526107818052,0.0191183333333333,0.0204592881573331,0.0196791666666666
HNUS,1743,2019,10,9,-34.425,19.223,63.0,0.0125727165114924,0.0125699305555555,0.0140279526505032,0.0128
HNUS,1744,2019,10,10,-34.425,19.223,63.0,0.0092804067173093,0.0087698611111111,0.0099625378713934,0.0093083333333333
HNUS,1745,2019,10,11,-34.425,19.223,63.0,0.0104280805497974,0.0099826041666666,0.0101842075127809,0.0097958333333333
HNUS,1746,2019,10,12,-34.425,19.223,63.0,0.0154185747184788,0.0161705902777777,0.0154616492978491,0.0160041666666666
HNUS,1747,2019,10,13,-34.425,19.223,63.0,0.0159652778443369,0.0148886111111111,0.014542682987751,0.0145416666666666
HNUS,1748,2019,10,14,-34.425,19.223,63.0,0.014642159089206,0.0141386111111111,0.0150233126189936,0.0144541666666666
HNUS,1749,2019,10,15,-34.425,19.223,63.0,0.0115919654142504,0.0112577083333333,0.0122791305278538,0.0098916666666666
HNUS,1750,2019,10,16,-34.425,19.223,63.0,0.015689850515593,0.0141761458333333,0.0124051095258214,0.0135791666666666
HNUS,1751,2019,10,17,-34.425,19.223,63.0,0.0216269446435521,0.0239073263888888,0.0245721651110557,0.0235041666666666
HNUS,1752,2019,10,18,-34.425,19.223,63.0,0.0188395655840021,0.0192904513888888,0.019257171987947,0.0186458333333333
HNUS,1753,2019,10,19,-34.425,19.223,63.0,0.0207698565142346,0.0216541666666666,0.0208599441407511,0.0207416666666666
HNUS,1754,2019,10,20,-34.425,19.223,63.0,0.0221493698113287,0.0235186458333333,0.0239895866174023,0.0240958333333333
HNUS,1756,2019,10,22,-34.425,19.223,63.0,0.0168387247537227,0.0159043055555555,0.015653995542553,0.0153083333333333
HNUS,1759,2019,10,25,-34.425,19.223,63.0,0.0236442019062659,0.0265001041666666,0.0280196966393003,0.0277583333333333
HNUS,1760,2019,10,26,-34.425,19.223,63.0,0.015960494680794,0.0158854861111111,0.0173664053639697,0.0156375
HNUS,1761,2019,10,27,-34.425,19.223,63.0,0.0170132095677882,0.0178182291666666,0.0191843852041124,0.0181541666666666
HNUS,1762,2019,10,28,-34.425,19.223,63.0,0.0144980554519362,0.013626875,0.0141453836198166,0.0136416666666666
HNUS,1763,2019,10,29,-34.425,19.223,63.0,0.0127076225233882,0.0120994791666666,0.0119222706950033,0.012325
HNUS,1764,2019,10,30,-34.425,19.223,63.0,0.0142301266064734,0.0141327430555555,0.015019399832167,0.0141541666666666
HNUS,1766,2019,11,1,-34.425,19.223,63.0,0.0119470648246394,0.0126904166666666,0.0147726211852881,0.0143208333333333
HNUS,1767,2019,11,2,-34.425,19.223,63.0,0.015826188860899,0.0165457291666666,0.016676266716542,0.0178166666666666
HNUS,1768,2019,11,3,-34.425,19.223,63.0,0.0195194865803272,0.0197669097222222,0.0206110563663526,0.0195416666666666
HNUS,1769,2019,11,4,-34.425,19.223,63.0,0.0171974424275154,0.0164834027777777,0.0175486475331648,0.0164708333333333
HNUS,1770,2019,11,5,-34.425,19.223,63.0,0.0220316455079498,0.0216917708333333,0.0224601805852042,0.0235
HNUS,1771,2019,11,6,-34.425,19.223,63.0,0.0183594316868503,0.0179213194444444,0.0195913251334772,0.0181458333333333
HNUS,1772,2019,11,7,-34.425,19.223,63.0,0.0161199953617952,0.0173620138888888,0.0176351000722904,0.0173041666666666
HNUS,1773,2019,11,8,-34.425,19.223,63.0,0.0169681339672229,0.0163121527777777,0.0153873361465609,0.0156375
HNUS,1774,2019,11,9,-34.425,19.223,63.0,0.0218880100328291,0.0211453472222222,0.0207176418129081,0.0204916666666666
HNUS,1775,2019,11,10,-34.425,19.223,63.0,0.0259255171436798,0.0240538888888888,0.0242204263674094,0.0236416666666666
HNUS,1776,2019,11,11,-34.425,19.223,63.0,0.0322815469548007,0.0311046180555555,0.0315027944887641,0.0322208333333333
HNUS,1777,2019,11,12,-34.425,19.223,63.0,0.0288277187667204,0.0290513888888888,0.0294840585785747,0.0288916666666666
HNUS,1778,2019,11,13,-34.425,19.223,63.0,0.0196485846053206,0.0190667361111111,0.0185061484287643,0.0184541666666666
HNUS,1779,2019,11,14,-34.425,19.223,63.0,0.020759983720514,0.0232821180555555,0.0221292230341797,0.022875
HNUS,1780,2019,11,15,-34.425,19.223,63.0,0.0230214483889914,0.0227669791666666,0.0222279167299034,0.0220833333333333
HNUS,1781,2019,11,16,-34.425,19.223,63.0,0.0227766948272666,0.0231509722222222,0.0229450939891471,0.0225916666666666
HNUS,1782,2019,11,17,-34.425,19.223,63.0,0.0143582381904859,0.0130106597222222,0.0139981466629033,0.0134541666666666
HNUS,1783,2019,11,18,-34.425,19.223,63.0,0.0148537890418663,0.0147482986111111,0.0147593683714941,0.0144625
HNUS,1784,2019,11,19,-34.425,19.223,63.0,0.0150921965587297,0.0142531944444444,0.0142417423486962,0.0129833333333333
HNUS,1785,2019,11,20,-34.425,19.223,63.0,0.0163451646152649,0.0159334722222222,0.0155640922171327,0.0153041666666666
HNUS,1786,2019,11,21,-34.425,19.223,63.0,0.0155709182521102,0.0157501041666666,0.0161323306896685,0.01535
HNUS,1787,2019,11,22,-34.425,19.223,63.0,0.0165544251621583,0.0162979166666666,0.0161666181973188,0.0156541666666666
HNUS,1788,2019,11,23,-34.425,19.223,63.0,0.017849824486509,0.0190718402777777,0.0190199189532738,0.0178791666666666
HNUS,1789,2019,11,24,-34.425,19.223,63.0,0.0170586299698809,0.0173809027777777,0.018498849827946,0.0167458333333333
HNUS,1790,2019,11,25,-34.425,19.223,63.0,0.0139960407554739,0.0145264236111111,0.015198397043058,0.0145166666666666
HNUS,1791,2019,11,26,-34.425,19.223,63.0,0.0115838481099884,0.0116188194444444,0.0112082251010269,0.0110291666666666
HNUS,1792,2019,11,27,-34.425,19.223,63.0,0.0122373879179615,0.0131710069444444,0.0131533616568237,0.0121791666666666
HNUS,1793,2019,11,28,-34.425,19.223,63.0,0.0160005126394518,0.0136182291666666,0.0151758597587725,0.0148125
HNUS,1794,2019,11,29,-34.425,19.223,63.0,0.0183691309325969,0.0183326388888888,0.0196413936818773,0.0186375
HNUS,1795,2019,11,30,-34.425,19.223,63.0,0.01664190012563,0.0161757291666666,0.0180725179762078,0.0162333333333333
HNUS,1796,2019,12,1,-34.425,19.223,63.0,0.0187961083120419,0.0178927083333333,0.0179381190012021,0.0173749999999999
HNUS,1797,2019,12,2,-34.425,19.223,63.0,0.0192535464057926,0.0197897916666666,0.0222655098668764,0.0213124999999999
HNUS,1798,2019,12,3,-34.425,19.223,63.0,0.011447693922145,0.011846875,0.0120161848404516,0.0113458333333333
HNUS,1799,2019,12,4,-34.425,19.223,63.0,0.0133510331542269,0.0127401736111111,0.0133853780308659,0.0133083333333333
HNUS,1800,2019,12,5,-34.425,19.223,63.0,0.0123033144972876,0.0102646527777777,0.0128017861706255,0.0115458333333333
HNUS,1801,2019,12,6,-34.425,19.223,63.0,0.0146501754562443,0.0140963888888888,0.014458081511975,0.0137083333333333
HNUS,1802,2019,12,7,-34.425,19.223,63.0,0.0215939016306435,0.0219716666666666,0.0200668504220112,0.0206125
HNUS,1803,2019,12,8,-34.425,19.223,63.0,0.0234133152879696,0.0225981944444444,0.0206474951898706,0.0190958333333333
HNUS,1804,2019,12,9,-34.425,19.223,63.0,0.0226060095107795,0.0210641319444444,0.0208188193438058,0.021875
HNUS,1805,2019,12,10,-34.425,19.223,63.0,0.0247337781887642,0.0244329861111111,0.025510737320714,0.0252666666666666
HNUS,1806,2019,12,11,-34.425,19.223,63.0,0.0231731130004222,0.0237781944444444,0.0258074877865849,0.0243791666666666
HNUS,1807,2019,12,12,-34.425,19.223,63.0,0.0234498711656711,0.0228006597222222,0.0258578478738819,0.0217541666666666
HNUS,1808,2019,12,13,-34.425,19.223,63.0,0.0289384894855229,0.0293007291666666,0.0289507321893047,0.0271125
HNUS,1809,2019,12,14,-34.425,19.223,63.0,0.0232278402213139,0.0229342361111111,0.0243746965917432,0.0226083333333333
HNUS,1810,2019,12,15,-34.425,19.223,63.0,0.0152746329171834,0.0146577083333333,0.0155852434689914,0.0153625
HNUS,1811,2019,12,16,-34.425,19.223,63.0,0.014442887285208,0.0147109722222222,0.0160839594635454,0.0151499999999999
HNUS,1812,2019,12,17,-34.425,19.223,63.0,0.0173576310593244,0.0140305555555555,0.0148150709711336,0.014975
HNUS,1813,2019,12,18,-34.425,19.223,63.0,0.0216129364853495,0.0197668055555555,0.0199054878788941,0.0193541666666666
HNUS,1814,2019,12,19,-34.425,19.223,63.0,0.0223341698380339,0.0237267361111111,0.0251919369235752,0.0236
HNUS,1815,2019,12,20,-34.425,19.223,63.0,0.0224400220494496,0.0212301388888888,0.0219585084138051,0.0211541666666666
HNUS,1816,2019,12,21,-34.425,19.223,63.0,0.0214781713869897,0.0171040277777777,0.0181228199798423,0.01595
HNUS,1820,2019,12,25,-34.425,19.223,63.0,0.0176399848639961,0.0164907291666666,0.0168492030994287,0.0161666666666666
HNUS,1821,2019,12,26,-34.425,19.223,63.0,0.0175282137493094,0.0181416666666666,0.0175735476284992,0.0176166666666666
HNUS,1828,2020,1,2,-34.425,19.223,63.0,0.0240471653870326,0.0233206249999999,0.0235356321250599,0.0227833333333333
HNUS,1829,2020,1,3,-34.425,19.223,63.0,0.0219038397121067,0.0215632638888888,0.0221105683447441,0.0190875
HNUS,1830,2020,1,4,-34.425,19.223,63.0,0.0231327078288025,0.0218973611111111,0.0204538017335914,0.0210833333333333
HNUS,1831,2020,1,5,-34.425,19.223,63.0,0.0246367059423922,0.0252189236111111,0.0269291432535207,0.0251791666666666
HNUS,1832,2020,1,6,-34.425,19.223,63.0,0.0219469782522654,0.0205371527777777,0.0210251087866656,0.0196791666666666
HNUS,1833,2020,1,7,-34.425,19.223,63.0,0.0317674444790952,0.0325448611111111,0.0322926080054074,0.0311541666666666
HNUS,1834,2020,1,8,-34.425,19.223,63.0,0.0238365269311376,0.0238622222222222,0.025621079779944,0.024425
HNUS,1835,2020,1,9,-34.425,19.223,63.0,0.0197585818154975,0.0220325694444444,0.0227839493064912,0.0222249999999999
HNUS,1837,2020,1,11,-34.425,19.223,63.0,0.0329834412695743,0.0232504861111111,0.0226560910683664,0.0244125
HNUS,1838,2020,1,12,-34.425,19.223,63.0,0.0233370086041413,0.0248792361111111,0.0273477618487601,0.025425
HNUS,1839,2020,1,13,-34.425,19.223,63.0,0.0225488979525446,0.0231004861111111,0.0226950704715651,0.0200416666666666
HNUS,1840,2020,1,14,-34.425,19.223,63.0,0.0233632819634062,0.0251500347222222,0.0256438701070699,0.0238875
HNUS,1841,2020,1,15,-34.425,19.223,63.0,0.0268722728995245,0.0302034722222222,0.0290484970378711,0.0289958333333333
HNUS,1843,2020,1,17,-34.425,19.223,63.0,0.0305578394951555,0.0298386111111111,0.0285908354678205,0.0295166666666666
HNUS,1848,2020,1,22,-34.425,19.223,63.0,0.0300995030274969,0.0313270769230769,0.0335285940713534,0.0323291666666666
HNUS,1849,2020,1,23,-34.425,19.223,63.0,0.0270560969066119,0.0239319097222222,0.0240892034723883,0.0247416666666666
HNUS,1850,2020,1,24,-34.425,19.223,63.0,0.0311065487570298,0.03013125,0.0301178905826744,0.0296916666666666
HNUS,1851,2020,1,25,-34.425,19.223,63.0,0.0276864033200472,0.0263970138888888,0.0281832782773331,0.0264916666666666
HNUS,1852,2020,1,26,-34.425,19.223,63.0,0.0224452632115947,0.0190634722222222,0.0187905768940834,0.01825
HNUS,1853,2020,1,27,-34.425,19.223,63.0,0.0201662796853853,0.0190655555555555,0.0193416829436636,0.0186708333333333
HNUS,1854,2020,1,28,-34.425,19.223,63.0,0.0256786974435864,0.0228358333333333,0.0225124136013917,0.0232875
HNUS,1855,2020,1,29,-34.425,19.223,63.0,0.0237895826451745,0.0216931597222222,0.0229798647975542,0.0219208333333333
HNUS,1856,2020,1,30,-34.425,19.223,63.0,0.0186645150211723,0.0188124305555555,0.0193120495896383,0.0189666666666666
HNUS,1858,2020,2,1,-34.425,19.223,63.0,0.0274696001405145,0.0263426736111111,0.0253928325166041,0.0256875
HNUS,1859,2020,2,2,-34.425,19.223,63.0,0.0322576936831528,0.0316716666666666,0.0308649532495276,0.0299041666666666
HNUS,1860,2020,2,3,-34.425,19.223,63.0,0.0254879868249078,0.0256467708333333,0.0260111891886957,0.0253541666666666
HNUS,1861,2020,2,4,-34.425,19.223,63.0,0.0238995005386373,0.0209514930555555,0.0206800754606517,0.0203333333333333
HNUS,1862,2020,2,5,-34.425,19.223,63.0,0.0258701216057631,0.0268795486111111,0.0269997268229625,0.0262125
HNUS,1863,2020,2,6,-34.425,19.223,63.0,0.0231292309057334,0.0218614583333333,0.0203658070839053,0.0188249999999999
HNUS,1864,2020,2,7,-34.425,19.223,63.0,0.0223510617720089,0.0218422222222222,0.0215887781596026,0.020475
HNUS,1865,2020,2,8,-34.425,19.223,63.0,0.0206027510264512,0.0198153472222222,0.0210156367710409,0.0190666666666666
HNUS,1866,2020,2,9,-34.425,19.223,63.0,0.0239959845263893,0.0239025694444444,0.0224607297326327,0.0229625
HNUS,1867,2020,2,10,-34.425,19.223,63.0,0.0248255369758687,0.0241183680555555,0.0236585191713873,0.0230125
HNUS,1868,2020,2,11,-34.425,19.223,63.0,0.0208833247650109,0.0212061111111111,0.0215422750932487,0.0195333333333333
HNUS,1869,2020,2,12,-34.425,19.223,63.0,0.0191164365820488,0.019518125,0.020083189234595,0.0193583333333333
HNUS,1870,2020,2,13,-34.425,19.223,63.0,0.0266091692882655,0.0245629166666666,0.0243301139516181,0.0243791666666666
HNUS,1871,2020,2,14,-34.425,19.223,63.0,0.0357737274162274,0.0367335763888888,0.0362830543331071,0.0357083333333333
HNUS,1872,2020,2,15,-34.425,19.223,63.0,0.0276377050577444,0.0253369097222222,0.0271834291017668,0.0259291666666666
HNUS,1873,2020,2,16,-34.425,19.223,63.0,0.025630720433837,0.0254702777777777,0.0281317855496158,0.026525
HNUS,1874,2020,2,17,-34.425,19.223,63.0,0.0265737823945935,0.0260684375,0.0261644089396175,0.0266541666666666
HNUS,1875,2020,2,18,-34.425,19.223,63.0,0.0268196982465448,0.0243677777777777,0.0250911705346689,0.0236333333333333
HNUS,1876,2020,2,19,-34.425,19.223,63.0,0.0307190302429744,0.0309706249999999,0.0291854633104312,0.0295875
HNUS,1877,2020,2,20,-34.425,19.223,63.0,0.0239166707207488,0.0222361111111111,0.0252905867408501,0.02225
HNUS,1878,2020,2,21,-34.425,19.223,63.0,0.0175792272381666,0.0160597916666666,0.017886587740981,0.0171375
HNUS,1879,2020,2,22,-34.425,19.223,63.0,0.0213078233710146,0.0249298263888888,0.0252539083031891,0.0251666666666666
HNUS,1880,2020,2,23,-34.425,19.223,63.0,0.0148717413258049,0.0148297569444444,0.0155371766514458,0.0141166666666666
HNUS,1881,2020,2,24,-34.425,19.223,63.0,0.0145201703892784,0.0143517708333333,0.0161809984560507,0.0154875
HNUS,1882,2020,2,25,-34.425,19.223,63.0,0.0150618680926438,0.0126802430555555,0.0145674845348963,0.0142416666666666
HNUS,1883,2020,2,26,-34.425,19.223,63.0,0.0188490356123635,0.0187467708333333,0.016841388852728,0.0189125
HNUS,1884,2020,2,27,-34.425,19.223,63.0,0.0236104233102357,0.0219366666666666,0.0217734338621369,0.0207541666666666
HNUS,1885,2020,2,28,-34.425,19.223,63.0,0.0195649360706281,0.0184655902777777,0.0191360323793661,0.0174625
HNUS,1886,2020,2,29,-34.425,19.223,63.0,0.0136437760496939,0.01126625,0.014970969488434,0.0128083333333333
HNUS,1887,2020,3,1,-34.425,19.223,63.0,0.0206758904957841,0.0196413194444444,0.0187137318993732,0.0203958333333333
HNUS,1888,2020,3,2,-34.425,19.223,63.0,0.024152985547364,0.0242685763888888,0.0239163813290205,0.0228125
HNUS,1889,2020,3,3,-34.425,19.223,63.0,0.0192583686674557,0.0213119097222222,0.020538078705134,0.0198583333333333
HNUS,1890,2020,3,4,-34.425,19.223,63.0,0.0274546090070446,0.0307045138888888,0.0286760990426787,0.0309791666666666
HNUS,1891,2020,3,5,-34.425,19.223,63.0,0.0366177796582715,0.0368775694444444,0.0356818213987556,0.0369791666666666
HNUS,1892,2020,3,6,-34.425,19.223,63.0,0.0357342698092556,0.0351126041666666,0.0351817175096679,0.0344791666666666
HNUS,1893,2020,3,7,-34.425,19.223,63.0,0.0276314931229193,0.0252186111111111,0.0261782634789792,0.0270583333333333
HNUS,1894,2020,3,8,-34.425,19.223,63.0,0.0273846704790657,0.0308044444444444,0.0317987386944137,0.0315208333333333
HNUS,1895,2020,3,9,-34.425,19.223,63.0,0.0236777991347566,0.0231029513888888,0.0217372982260596,0.0205916666666666
HNUS,1896,2020,3,10,-34.425,19.223,63.0,0.0279796540441485,0.0265889583333333,0.0248350121093417,0.0245166666666666
HNUS,1897,2020,3,11,-34.425,19.223,63.0,0.0369071170294204,0.0341578125,0.0333247809932293,0.0351166666666666
HNUS,1898,2020,3,12,-34.425,19.223,63.0,0.0373703649965602,0.0354211805555555,0.03708677788128,0.0356083333333333
HNUS,1899,2020,3,13,-34.425,19.223,63.0,0.0283800601067164,0.0277241666666666,0.03125718284088,0.0298541666666666
HNUS,1900,2020,3,14,-34.425,19.223,63.0,0.025549013346966,0.0255786458333333,0.0259800470809856,0.025625
HNUS,1901,2020,3,15,-34.425,19.223,63.0,0.0223908540972074,0.0223920138888888,0.0219353593553046,0.0214
HNUS,1902,2020,3,16,-34.425,19.223,63.0,0.0204021798529485,0.0192547569444444,0.0193654366722248,0.0194208333333333
HNUS,1903,2020,3,17,-34.425,19.223,63.0,0.0207278484492864,0.0188717708333333,0.0198541012050279,0.0194083333333333
HNUS,1904,2020,3,18,-34.425,19.223,63.0,0.0231998919120271,0.0230805902777777,0.0242437143104598,0.0235666666666666
HNUS,1905,2020,3,19,-34.425,19.223,63.0,0.0225177701415608,0.0228560763888888,0.0236765564098399,0.0219125
HNUS,1906,2020,3,20,-34.425,19.223,63.0,0.022935158869251,0.0223672222222222,0.0235949948915937,0.0219916666666666
HNUS,1907,2020,3,21,-34.425,19.223,63.0,0.0246222125116424,0.0242244444444444,0.0238199773597635,0.0232291666666666
HNUS,1908,2020,3,22,-34.425,19.223,63.0,0.0233786899954778,0.0228181597222222,0.0224630882890236,0.0221583333333333
HNUS,1909,2020,3,23,-34.425,19.223,63.0,0.0230622360003187,0.0232628819444444,0.0236594856373307,0.0224
HNUS,1910,2020,3,24,-34.425,19.223,63.0,0.0232200748441415,0.0235433680555555,0.0240534979176349,0.0235375
HNUS,1911,2020,3,25,-34.425,19.223,63.0,0.0220540816774669,0.0240334027777777,0.0266196379078296,0.0245208333333333
HNUS,1913,2020,3,27,-34.425,19.223,63.0,0.0149558809761953,0.0136708680555555,0.0149804994374409,0.0144166666666666
HNUS,1914,2020,3,28,-34.425,19.223,63.0,0.0178430677952992,0.0189086111111111,0.0188000293166557,0.0195875
HNUS,1915,2020,3,29,-34.425,19.223,63.0,0.0147853892428823,0.0144640972222222,0.0155971745909344,0.0144916666666666
HNUS,1916,2020,3,30,-34.425,19.223,63.0,0.0146880078150205,0.013206875,0.0134973254817146,0.0128458333333333
HNUS,1918,2020,4,1,-34.425,19.223,63.0,0.01817024179553,0.0182606597222222,0.0183707646804555,0.0173166666666666
HNUS,1919,2020,4,2,-34.425,19.223,63.0,0.0166107938392813,0.0149480555555555,0.0166064755008357,0.0171458333333333
HNUS,1920,2020,4,3,-34.425,19.223,63.0,0.0177630199132084,0.0167138194444444,0.0179934950060501,0.0181541666666666
HNUS,1921,2020,4,4,-34.425,19.223,63.0,0.0161909616102379,0.0151296527777777,0.0158673200046195,0.0150583333333333
HNUS,1922,2020,4,5,-34.425,19.223,63.0,0.0170258340794198,0.0192161458333333,0.0194179346938952,0.0187083333333333
HNUS,1923,2020,4,6,-34.425,19.223,63.0,0.0164170745956055,0.0163114583333333,0.0181565366185083,0.0170083333333333
HNUS,1924,2020,4,7,-34.425,19.223,63.0,0.0126997814333107,0.012865,0.0133477459994463,0.0129083333333333
HNUS,1925,2020,4,8,-34.425,19.223,63.0,0.0108011299395832,0.0099044444444444,0.0119841978113321,0.0111291666666666
HNUS,1926,2020,4,9,-34.425,19.223,63.0,0.0155393870181477,0.0131016666666666,0.0131442125068087,0.0137833333333333
HNUS,1927,2020,4,10,-34.425,19.223,63.0,0.026373202586132,0.0243045486111111,0.0216515622866773,0.023675
HNUS,1928,2020,4,11,-34.425,19.223,63.0,0.0337952120809403,0.0316884027777777,0.0310471242244013,0.0317583333333333
HNUS,1929,2020,4,12,-34.425,19.223,63.0,0.0212321129293698,0.0169586111111111,0.0203108147049448,0.0171166666666666
HNUS,1930,2020,4,13,-34.425,19.223,63.0,0.0170880699713309,0.0167302430555555,0.0167915423902491,0.0155708333333333
HNUS,1931,2020,4,14,-34.425,19.223,63.0,0.0170115070298558,0.0179960416666666,0.0184569043688029,0.0170958333333333
HNUS,1932,2020,4,15,-34.425,19.223,63.0,0.0188520255353814,0.0186654166666666,0.0196609835695724,0.017775
HNUS,1933,2020,4,16,-34.425,19.223,63.0,0.0188009403989125,0.0195775,0.0200536833650274,0.0201125
HNUS,1934,2020,4,17,-34.425,19.223,63.0,0.0152689618531809,0.014538596491228,0.0159140349734656,0.0142333333333333
HNUS,1935,2020,4,18,-34.425,19.223,63.0,0.0153516649014084,0.0128961111111111,0.0135328042955217,0.0134041666666666
HNUS,1936,2020,4,19,-34.425,19.223,63.0,0.0145604712132587,0.01328125,0.014965287885974,0.0142875
HNUS,1937,2020,4,20,-34.425,19.223,63.0,0.0145209777814981,0.0178471527777777,0.0198232317332285,0.0189541666666666
HNUS,1938,2020,4,21,-34.425,19.223,63.0,0.0164319609797246,0.0155745486111111,0.0160352752400458,0.0154208333333333
HNUS,1939,2020,4,22,-34.425,19.223,63.0,0.0192162916110841,0.0197503472222222,0.0202735206561353,0.0200416666666666
HNUS,1940,2020,4,23,-34.425,19.223,63.0,0.0192580399020589,0.0186705902777777,0.0193663288772126,0.0198
HNUS,1941,2020,4,24,-34.425,19.223,63.0,0.0196465733067168,0.0188960069444444,0.0201109508263061,0.0193125
HNUS,1942,2020,4,25,-34.425,19.223,63.0,0.017854073697115,0.0172567361111111,0.0175715981122122,0.0161625
HNUS,1943,2020,4,26,-34.425,19.223,63.0,0.0224423882885058,0.0212858333333333,0.0209483098804437,0.020725
HNUS,1944,2020,4,27,-34.425,19.223,63.0,0.0184101969802987,0.0166141319444444,0.0171258467737351,0.0159
HNUS,1945,2020,4,28,-34.425,19.223,63.0,0.0140038602948296,0.0135925347222222,0.0159110078215012,0.0148833333333333
HNUS,1946,2020,4,29,-34.425,19.223,63.0,0.0116000501650376,0.0113120486111111,0.0125730905838016,0.0119583333333333
HNUS,1947,2020,4,30,-34.425,19.223,63.0,0.0123763532404204,0.0122981597222222,0.0127147102474358,0.0122083333333333
HNUS,1948,2020,5,1,-34.425,19.223,63.0,0.0143355616679142,0.0153821180555555,0.0156784992065508,0.015075
HNUS,1949,2020,5,2,-34.425,19.223,63.0,0.0191587213992068,0.0200143055555555,0.0190143121509345,0.0201916666666666
HNUS,1950,2020,5,3,-34.425,19.223,63.0,0.020289542946891,0.0216332291666666,0.0246340631077374,0.0219333333333333
HNUS,1951,2020,5,4,-34.425,19.223,63.0,0.0175877357620299,0.016115,0.0175586816484979,0.0168125
HNUS,1952,2020,5,5,-34.425,19.223,63.0,0.0222211713164802,0.0224636458333333,0.0223469959262488,0.0223833333333333
HNUS,1953,2020,5,6,-34.425,19.223,63.0,0.0227426889640973,0.0229467708333333,0.0243480428929472,0.0234208333333333
HNUS,1954,2020,5,7,-34.425,19.223,63.0,0.0158863483171934,0.0142480555555555,0.0159193444344807,0.0157166666666666
HNUS,1955,2020,5,8,-34.425,19.223,63.0,0.0135113848936037,0.0130934375,0.0134103916830368,0.0128333333333333
HNUS,1956,2020,5,9,-34.425,19.223,63.0,0.011395535012975,0.0106796180555555,0.0123743847431616,0.0117875
HNUS,1957,2020,5,10,-34.425,19.223,63.0,0.0122848257087073,0.0116195138888888,0.0122863608971906,0.0126583333333333
HNUS,1958,2020,5,11,-34.425,19.223,63.0,0.0187370454919507,0.0191924652777777,0.0187973802401815,0.0186625
HNUS,1959,2020,5,12,-34.425,19.223,63.0,0.0197067942780135,0.0204468055555555,0.0211569467365918,0.0208
HNUS,1960,2020,5,13,-34.425,19.223,63.0,0.0180521885341226,0.0184581597222222,0.0195083697303709,0.0188208333333333
HNUS,1961,2020,5,14,-34.425,19.223,63.0,0.0166544131222949,0.0155852430555555,0.0168175339701723,0.016
HNUS,1962,2020,5,15,-34.425,19.223,63.0,0.0161395107154742,0.0165768402777777,0.0182277302600671,0.0175125
HNUS,1965,2020,5,18,-34.425,19.223,63.0,0.0146779167030002,0.0157421527777777,0.0169944613328275,0.0171375
HNUS,1966,2020,5,19,-34.425,19.223,63.0,0.0118887104174416,0.0120519444444444,0.0124837326520583,0.0126041666666666
HNUS,1967,2020,5,20,-34.425,19.223,63.0,0.0109829274773233,0.0108793055555555,0.0124202030101472,0.0122625
HNUS,1968,2020,5,21,-34.425,19.223,63.0,0.0149989286985503,0.0169438541666666,0.0185955039075624,0.0184333333333333
HNUS,1969,2020,5,22,-34.425,19.223,63.0,0.0139563470982266,0.0129565625,0.0144455173753839,0.0136208333333333
HNUS,1970,2020,5,23,-34.425,19.223,63.0,0.0173616338425029,0.0177114236111111,0.0189658055145613,0.0184541666666666
HNUS,1971,2020,5,24,-34.425,19.223,63.0,0.0151126762743407,0.0136145138888888,0.0157107528215205,0.0146333333333333
HNUS,1972,2020,5,25,-34.425,19.223,63.0,0.0173427989541293,0.0162479861111111,0.0192839194241659,0.0173916666666666
HNUS,1973,2020,5,26,-34.425,19.223,63.0,0.0146031320163858,0.0131049305555555,0.0140907273356727,0.0140958333333333
HNUS,1974,2020,5,27,-34.425,19.223,63.0,0.0204230823634163,0.0202293402777777,0.0210223535695118,0.0206833333333333
HNUS,1975,2020,5,28,-34.425,19.223,63.0,0.0289204303187104,0.0296197569444444,0.0300447518236318,0.0310625
HNUS,1976,2020,5,29,-34.425,19.223,63.0,0.02676819084927,0.0258284027777777,0.0271238979196397,0.0256374999999999
HNUS,1977,2020,5,30,-34.425,19.223,63.0,0.0153045858717535,0.0146165972222222,0.0169047251172279,0.014925
HNUS,1979,2020,6,1,-34.425,19.223,63.0,0.0126665537663612,0.0121160069444444,0.0128888888786049,0.012875
HNUS,1980,2020,6,2,-34.425,19.223,63.0,0.0164901288719019,0.0134756944444444,0.0151160408822696,0.0148833333333333
HNUS,1981,2020,6,3,-34.425,19.223,63.0,0.020012122606566,0.0200516666666666,0.0210087651243869,0.0200791666666666
HNUS,1982,2020,6,4,-34.425,19.223,63.0,0.0135517230066543,0.0116215972222222,0.0144026875852167,0.0133666666666666
HNUS,1983,2020,6,5,-34.425,19.223,63.0,0.0157728419067682,0.0155920833333333,0.0165021775103265,0.0172125
HNUS,1984,2020,6,6,-34.425,19.223,63.0,0.0143232322527491,0.013483125,0.0157958613089513,0.0140375
HNUS,1985,2020,6,7,-34.425,19.223,63.0,0.0129812649299689,0.0123692361111111,0.0147963876830792,0.0144916666666666
HNUS,1986,2020,6,8,-34.425,19.223,63.0,0.0134608087351308,0.0114650694444444,0.0131222542229641,0.0133249999999999
HNUS,1987,2020,6,9,-34.425,19.223,63.0,0.0184877196707066,0.0173055902777777,0.0194405717359999,0.0187375
HNUS,2008,2020,6,30,-34.425,19.223,63.0,0.0116362734398598,0.0137213333333333,0.016639647819213,0.0162583333333333
HNUS,2009,2020,7,1,-34.425,19.223,63.0,0.0112324192799732,0.0115940625,0.0122386573587809,0.0126291666666666
HNUS,2010,2020,7,2,-34.425,19.223,63.0,0.0140730638416901,0.0157804861111111,0.0161218601665731,0.0162541666666666
HNUS,2011,2020,7,3,-34.425,19.223,63.0,0.0111636831184076,0.0110514930555555,0.0120556612331663,0.0109208333333333
HNUS,2012,2020,7,4,-34.425,19.223,63.0,0.0138684739737728,0.0155458680555555,0.0154066016961189,0.0160083333333333
HNUS,2013,2020,7,5,-34.425,19.223,63.0,0.0157654959435565,0.0155189236111111,0.0169928883831766,0.0165916666666666
HNUS,2014,2020,7,6,-34.425,19.223,63.0,0.0160493496252815,0.0135325694444444,0.0126553666823424,0.0136291666666666
HNUS,2015,2020,7,7,-34.425,19.223,63.0,0.0112758353007165,0.0107553819444444,0.0131538753648763,0.0109249999999999
HNUS,2016,2020,7,8,-34.425,19.223,63.0,0.0068846470069429,0.0054101041666666,0.0075019143337752,0.0067833333333333
HNUS,2017,2020,7,9,-34.425,19.223,63.0,0.0170564726902235,0.0173464236111111,0.0188564000320546,0.0190083333333333
HNUS,2018,2020,7,10,-34.425,19.223,63.0,0.0190955746749377,0.0178617013888888,0.0196167621234279,0.0177375
HNUS,2019,2020,7,11,-34.425,19.223,63.0,0.0130542230913497,0.0137832986111111,0.0142962435949959,0.013775
HNUS,2020,2020,7,12,-34.425,19.223,63.0,0.0151139865487362,0.0112336805555555,0.0123982556379174,0.01245
HNUS,2021,2020,7,13,-34.425,19.223,63.0,0.014609027191145,0.0139200347222222,0.0173178992173599,0.0149
HNUS,2024,2020,7,16,-34.425,19.223,63.0,0.0053404330230205,0.0073063888888888,0.010149299410176,0.0086708333333333
HNUS,2025,2020,7,17,-34.425,19.223,63.0,0.003999615688832,0.0033739930555555,0.006013851152849,0.0054541666666666
HNUS,2026,2020,7,18,-34.425,19.223,63.0,0.0079957293547537,0.0078985763888888,0.0092711733603126,0.008875
HNUS,2027,2020,7,19,-34.425,19.223,63.0,0.0113191588860548,0.0104168749999999,0.0120686956817101,0.0115791666666666
HNUS,2028,2020,7,20,-34.425,19.223,63.0,0.0098511451174949,0.0093750347222222,0.0108658078836622,0.010575
HNUS,2029,2020,7,21,-34.425,19.223,63.0,0.0107877505862495,0.0105835069444444,0.0118524205315607,0.0111458333333333
HNUS,2030,2020,7,22,-34.425,19.223,63.0,0.0108315944273928,0.0110035416666666,0.010867259977689,0.0109333333333333
HNUS,2031,2020,7,23,-34.425,19.223,63.0,0.0092081887166706,0.0092439236111111,0.0113079224588382,0.0111041666666666
HNUS,2032,2020,7,24,-34.425,19.223,63.0,0.0072211594776132,0.0065559027777777,0.0085521254632226,0.0089416666666666
HNUS,2033,2020,7,25,-34.425,19.223,63.0,0.0146966348572769,0.0128574305555555,0.0123845587385105,0.0134291666666666
HNUS,2034,2020,7,26,-34.425,19.223,63.0,0.0139637456837401,0.0132424999999999,0.0139316424934255,0.0130833333333333
HNUS,2035,2020,7,27,-34.425,19.223,63.0,0.0086667399565474,0.0083680555555555,0.0095853478502258,0.0089458333333333
HNUS,2036,2020,7,28,-34.425,19.223,63.0,0.0117575180507164,0.0130873958333333,0.0129322697242141,0.013225
HNUS,2037,2020,7,29,-34.425,19.223,63.0,0.0144661378828532,0.0150478819444444,0.0154954594627394,0.015225
HNUS,2038,2020,7,30,-34.425,19.223,63.0,0.0172909526150836,0.0172482638888888,0.0176962765600704,0.0170875
HNUS,2040,2020,8,1,-34.425,19.223,63.0,0.0072216025811349,0.0073404861111111,0.0089981886190511,0.008775
HNUS,2041,2020,8,2,-34.425,19.223,63.0,0.0102132139738455,0.0091157986111111,0.0108264985984312,0.0107666666666666
HNUS,2042,2020,8,3,-34.425,19.223,63.0,0.0143220935715497,0.0159447916666666,0.0157840893588595,0.0157666666666666
HNUS,2044,2020,8,5,-34.425,19.223,63.0,0.0102617706288587,0.0102614930555555,0.0102884986957412,0.0105625
HNUS,2269,2021,3,18,-34.425,19.223,63.0,0.019110288369365,0.0182939583333333,0.0184195372818236,0.0182333333333333
HNUS,2271,2021,3,20,-34.425,19.223,63.0,0.0198410861511326,0.0190863888888888,0.0203874876724861,0.0189125
HNUS,2766,2022,7,28,-34.425,19.223,63.0,0.0144241995360194,0.01331125,0.013703402887188,0.0143375
HNUS,2767,2022,7,29,-34.425,19.223,63.0,0.0144777450544856,0.0155135416666666,0.0162987904955743,0.015075
HNUS,2768,2022,7,30,-34.425,19.223,63.0,0.0149419780120734,0.01360625,0.0145494259282349,0.0139
HNUS,2770,2022,8,1,-34.425,19.223,63.0,0.007367941084637,0.0071933680555555,0.0083004237599234,0.007175
HNUS,2771,2022,8,2,-34.425,19.223,63.0,0.0149480840567753,0.0159782986111111,0.0147545338177875,0.0165666666666666
HNUS,2772,2022,8,3,-34.425,19.223,63.0,0.018633191654885,0.0188267013888888,0.0195842605840414,0.0182541666666666
HNUS,2773,2022,8,4,-34.425,19.223,63.0,0.0173900438064598,0.0182804861111111,0.0192486606211554,0.0181125
HNUS,2774,2022,8,5,-34.425,19.223,63.0,0.0173051443451566,0.0162078124999999,0.0174292764770295,0.0161458333333333
HNUS,2775,2022,8,6,-34.425,19.223,63.0,0.0165996988502585,0.0161644444444444,0.0158848600300483,0.0153458333333333
HNUS,2776,2022,8,7,-34.425,19.223,63.0,0.0169597362337372,0.0162789236111111,0.017671073198831,0.0169166666666666
HNUS,2777,2022,8,8,-34.425,19.223,63.0,0.0142409059436902,0.0142283680555555,0.0166468547982148,0.0152958333333333
HNUS,2778,2022,8,9,-34.425,19.223,63.0,0.014727927684518,0.0132504861111111,0.014160420554511,0.0138666666666666
HNUS,2779,2022,8,10,-34.425,19.223,63.0,0.0203394639880604,0.0218346180555555,0.023407105405284,0.0231375
HNUS,2780,2022,8,11,-34.425,19.223,63.0,0.0204057687800954,0.0194530555555555,0.0212551076110004,0.020375
HNUS,2781,2022,8,12,-34.425,19.223,63.0,0.0163258968472977,0.0155070138888888,0.0181452893721121,0.0158624999999999
HNUS,2782,2022,8,13,-34.425,19.223,63.0,0.0117229099098536,0.0114532291666666,0.0126928937499033,0.0119374999999999
HNUS,2783,2022,8,14,-34.425,19.223,63.0,0.012433359424988,0.0119625347222222,0.0127862110796672,0.0118666666666666
HNUS,2784,2022,8,15,-34.425,19.223,63.0,0.009270720208677,0.0092707638888888,0.0092337073436333,0.0094541666666666
HNUS,2785,2022,8,16,-34.425,19.223,63.0,0.0148843883458689,0.0141667361111111,0.0138198321889383,0.0139541666666666
HNUS,2786,2022,8,17,-34.425,19.223,63.0,0.0185877921221707,0.0187163888888888,0.0197259872901156,0.0189125
HNUS,2787,2022,8,18,-34.425,19.223,63.0,0.0179548230307279,0.0190338888888888,0.0200888749258608,0.0197291666666666
HNUS,2788,2022,8,19,-34.425,19.223,63.0,0.0144981196986661,0.0135440625,0.0145779242820398,0.0139083333333333
HNUS,2789,2022,8,20,-34.425,19.223,63.0,0.0161366665051155,0.0150411805555555,0.0159589695697736,0.0152958333333333
HNUS,2790,2022,8,21,-34.425,19.223,63.0,0.013469320320343,0.0136566666666666,0.0157193246443213,0.0136374999999999
HNUS,2792,2022,8,23,-34.425,19.223,63.0,0.008585400667872,0.0090955555555555,0.010276303697157,0.0096041666666666
HNUS,2793,2022,8,24,-34.425,19.223,63.0,0.010680210397924,0.0099789930555555,0.0120664162561352,0.0113083333333333
HNUS,2794,2022,8,25,-34.425,19.223,63.0,0.0146599248240171,0.0140331944444444,0.016285235167569,0.0146041666666666
HNUS,2796,2022,8,27,-34.425,19.223,63.0,0.0116054722866168,0.0116335416666666,0.0125980283255509,0.0109458333333333
HNUS,2797,2022,8,28,-34.425,19.223,63.0,0.0143846673616817,0.0128083333333333,0.0125694997175036,0.0118
HNUS,2798,2022,8,29,-34.425,19.223,63.0,0.0122605713398177,0.0124312847222222,0.0131627987720665,0.0123833333333333
HNUS,2799,2022,8,30,-34.425,19.223,63.0,0.0082378266128989,0.0083075347222222,0.0092231736472052,0.0083458333333333
