STN,DOY,YEAR,MONTH,DAY,LAT,LON,H,IGS_PWV,NGL_PWV,VMF3_PWV,ERA5_PWV
ZAMB,1,2015,1,1,-15.426,28.311,1324.914,0.0411537365104564,0.0401351736111111,0.0407448550706656,0.0404041666666666
ZAMB,2,2015,1,2,-15.426,28.311,1324.914,0.041528259952467,0.0419265625,0.0431021830719317,0.0422958333333333
ZAMB,3,2015,1,3,-15.426,28.311,1324.914,0.0398537712971599,0.0407422916666666,0.0410081312403315,0.0412166666666666
ZAMB,4,2015,1,4,-15.426,28.311,1324.914,0.0341273404790793,0.0339091666666666,0.0339365137165865,0.03595
ZAMB,5,2015,1,5,-15.426,28.311,1324.914,0.0317996986621365,0.0291587847222222,0.0281873637102352,0.0268458333333333
ZAMB,6,2015,1,6,-15.426,28.311,1324.914,0.0380942504297005,0.0394875347222222,0.0371094003978936,0.0376208333333333
ZAMB,7,2015,1,7,-15.426,28.311,1324.914,0.0398222928094379,0.0410177777777777,0.0392857692358761,0.0391458333333333
ZAMB,220,2015,8,8,-15.426,28.311,1324.914,0.0058170973701388,0.0066928472222222,0.006628693457605,0.0067125
ZAMB,221,2015,8,9,-15.426,28.311,1324.914,0.0063112741668393,0.007071875,0.006875560242033,0.0072833333333333
ZAMB,222,2015,8,10,-15.426,28.311,1324.914,0.0067800245274124,0.0072507986111111,0.0073836937916313,0.0080833333333333
ZAMB,223,2015,8,11,-15.426,28.311,1324.914,0.0056499452455599,0.0063445138888888,0.0059963589824802,0.0065333333333333
ZAMB,224,2015,8,12,-15.426,28.311,1324.914,0.0071661047832132,0.0077933333333333,0.0075269851350748,0.0088791666666666
ZAMB,225,2015,8,13,-15.426,28.311,1324.914,0.0088516195014958,0.0094172916666666,0.0093124413032817,0.0104041666666666
ZAMB,226,2015,8,14,-15.426,28.311,1324.914,0.0081927700995358,0.0080848611111111,0.0082364903315249,0.0091875
ZAMB,227,2015,8,15,-15.426,28.311,1324.914,0.0084551581706554,0.0086097916666666,0.0078964171222467,0.0091458333333333
ZAMB,228,2015,8,16,-15.426,28.311,1324.914,0.0106100055838434,0.0112386111111111,0.009663132211344,0.0119125
ZAMB,229,2015,8,17,-15.426,28.311,1324.914,0.010293540968359,0.0110563194444444,0.0092747308692753,0.0118958333333333
ZAMB,230,2015,8,18,-15.426,28.311,1324.914,0.008177579033612,0.0092750694444444,0.0073563908046522,0.0086666666666666
ZAMB,231,2015,8,19,-15.426,28.311,1324.914,0.0079783035620904,0.0088153819444444,0.0072919908155572,0.0082708333333333
ZAMB,232,2015,8,20,-15.426,28.311,1324.914,0.0078364123276037,0.0091205902777777,0.0082069966749428,0.0078458333333333
ZAMB,233,2015,8,21,-15.426,28.311,1324.914,0.0071194158371665,0.0086005208333333,0.0069885000410753,0.0073375
ZAMB,234,2015,8,22,-15.426,28.311,1324.914,0.0068623120478732,0.0076739583333333,0.0069978775307379,0.0082291666666666
ZAMB,235,2015,8,23,-15.426,28.311,1324.914,0.009715610737197,0.0101878819444444,0.0086293522020257,0.0105125
ZAMB,236,2015,8,24,-15.426,28.311,1324.914,0.011462951412871,0.0120996875,0.0113641200696869,0.0125416666666666
ZAMB,237,2015,8,25,-15.426,28.311,1324.914,0.010590874737211,0.0116082986111111,0.010838017643,0.0118458333333333
ZAMB,238,2015,8,26,-15.426,28.311,1324.914,0.0091497704072596,0.0102303472222222,0.0094874562304398,0.0096875
ZAMB,239,2015,8,27,-15.426,28.311,1324.914,0.010268733719124,0.0110238888888888,0.0098934033037904,0.0107166666666666
ZAMB,240,2015,8,28,-15.426,28.311,1324.914,0.0112304350350137,0.0117299999999999,0.0109757988206183,0.0127666666666666
ZAMB,241,2015,8,29,-15.426,28.311,1324.914,0.0108538249583363,0.0113025694444444,0.0109978830623847,0.0115083333333333
ZAMB,242,2015,8,30,-15.426,28.311,1324.914,0.0103751709381704,0.0110709027777777,0.0105093192956563,0.010825
ZAMB,244,2015,9,1,-15.426,28.311,1324.914,0.010869814388258,0.0115794444444444,0.0096362449971645,0.01115
ZAMB,245,2015,9,2,-15.426,28.311,1324.914,0.0105348355895418,0.0109764236111111,0.0111994087097238,0.0118083333333333
ZAMB,246,2015,9,3,-15.426,28.311,1324.914,0.0128573148608901,0.0140145833333333,0.0132175399672229,0.0145583333333333
ZAMB,247,2015,9,4,-15.426,28.311,1324.914,0.0191320810337006,0.0202873263888888,0.0179457696982974,0.0193666666666666
ZAMB,248,2015,9,5,-15.426,28.311,1324.914,0.0192830682673629,0.0205589236111111,0.0191495759745854,0.0197541666666666
ZAMB,249,2015,9,6,-15.426,28.311,1324.914,0.0143754456236556,0.0146995438596491,0.0151271231859367,0.0158541666666666
ZAMB,250,2015,9,7,-15.426,28.311,1324.914,0.0130883207036572,0.0137284375,0.0136149339258139,0.0137583333333333
ZAMB,251,2015,9,8,-15.426,28.311,1324.914,0.0145393253450258,0.0149504166666666,0.0143570923276567,0.0153416666666666
ZAMB,252,2015,9,9,-15.426,28.311,1324.914,0.0111830916948535,0.0112553472222222,0.0119312321636071,0.01175
ZAMB,253,2015,9,10,-15.426,28.311,1324.914,0.0073012774764876,0.0083159027777777,0.0095698590844757,0.0089791666666666
ZAMB,254,2015,9,11,-15.426,28.311,1324.914,0.0062769410885459,0.0067985416666666,0.0083793035172909,0.0074
ZAMB,255,2015,9,12,-15.426,28.311,1324.914,0.0102871193343233,0.0117400694444444,0.0097732388205554,0.0117291666666666
ZAMB,256,2015,9,13,-15.426,28.311,1324.914,0.0159966537869384,0.0164369097222222,0.016011181029901,0.0173
ZAMB,257,2015,9,14,-15.426,28.311,1324.914,0.0133336008363704,0.0146351388888888,0.016245730720471,0.015425
ZAMB,258,2015,9,15,-15.426,28.311,1324.914,0.0068705538876699,0.0074794097222222,0.0070408448750014,0.0082416666666666
ZAMB,259,2015,9,16,-15.426,28.311,1324.914,0.0070609379673711,0.0075268402777777,0.006377752958235,0.0083875
ZAMB,260,2015,9,17,-15.426,28.311,1324.914,0.0072433367334609,0.0080164236111111,0.0078409964089927,0.0084083333333333
ZAMB,261,2015,9,18,-15.426,28.311,1324.914,0.0080612833285158,0.0084382986111111,0.0078522890258709,0.0090833333333333
ZAMB,262,2015,9,19,-15.426,28.311,1324.914,0.0121699653317525,0.0120286111111111,0.0115132772077733,0.0113
ZAMB,263,2015,9,20,-15.426,28.311,1324.914,0.0144312268229609,0.0137644097222222,0.0125919809733701,0.0132916666666666
ZAMB,264,2015,9,21,-15.426,28.311,1324.914,0.0108653504294574,0.0106578819444444,0.0101832483337329,0.0118124999999999
ZAMB,265,2015,9,22,-15.426,28.311,1324.914,0.0110554598920687,0.0124188888888888,0.0121979238558225,0.0130833333333333
ZAMB,266,2015,9,23,-15.426,28.311,1324.914,0.0107839448688565,0.0122890277777777,0.012090723006694,0.0126666666666666
ZAMB,267,2015,9,24,-15.426,28.311,1324.914,0.013391579428321,0.0139652430555555,0.0139021652664889,0.0143208333333333
ZAMB,268,2015,9,25,-15.426,28.311,1324.914,0.0116364596236766,0.0116512152777777,0.0114439877870841,0.0112291666666666
ZAMB,269,2015,9,26,-15.426,28.311,1324.914,0.0103537697641323,0.0117195833333333,0.010606484853667,0.0110499999999999
ZAMB,270,2015,9,27,-15.426,28.311,1324.914,0.0162914445405685,0.017356875,0.0147775431403108,0.0156708333333333
ZAMB,271,2015,9,28,-15.426,28.311,1324.914,0.0189691077421467,0.0197720138888888,0.0185747354265094,0.0203625
ZAMB,272,2015,9,29,-15.426,28.311,1324.914,0.0187505031574639,0.0195882986111111,0.0209432604298314,0.021825
ZAMB,273,2015,9,30,-15.426,28.311,1324.914,0.0177935141710542,0.0205994791666666,0.0226193579173453,0.02275
ZAMB,274,2015,10,1,-15.426,28.311,1324.914,0.0210733562509744,0.0222144444444444,0.0245262152159957,0.0230208333333333
ZAMB,275,2015,10,2,-15.426,28.311,1324.914,0.0286770301671482,0.0286191319444444,0.0292390213254831,0.0293166666666666
ZAMB,276,2015,10,3,-15.426,28.311,1324.914,0.0265430555191341,0.0265055208333333,0.0271492479540784,0.0269375
ZAMB,277,2015,10,4,-15.426,28.311,1324.914,0.0211922812233044,0.0216527430555555,0.025069924673987,0.0228875
ZAMB,278,2015,10,5,-15.426,28.311,1324.914,0.0173787611847263,0.0170059375,0.0168448051842177,0.0168375
ZAMB,279,2015,10,6,-15.426,28.311,1324.914,0.0181021247275487,0.0185155555555555,0.0165750042956326,0.0183125
ZAMB,280,2015,10,7,-15.426,28.311,1324.914,0.0159388872591259,0.0165211111111111,0.0171939282603585,0.0174333333333333
ZAMB,281,2015,10,8,-15.426,28.311,1324.914,0.0120460550594004,0.0132495138888888,0.01281845962656,0.0133375
ZAMB,282,2015,10,9,-15.426,28.311,1324.914,0.013337406216936,0.0142027777777777,0.012286960969909,0.0147833333333333
ZAMB,283,2015,10,10,-15.426,28.311,1324.914,0.0159726054133813,0.0171532986111111,0.0158862365312965,0.0172416666666666
ZAMB,284,2015,10,11,-15.426,28.311,1324.914,0.0158797156858999,0.0164991666666666,0.0169289506481122,0.0168291666666666
ZAMB,285,2015,10,12,-15.426,28.311,1324.914,0.0178032053037517,0.0173421875,0.0160134163587631,0.016725
ZAMB,286,2015,10,13,-15.426,28.311,1324.914,0.0168616054722419,0.0168326388888888,0.0161591868915934,0.0173541666666666
ZAMB,287,2015,10,14,-15.426,28.311,1324.914,0.0177765992415494,0.0197075347222222,0.0186676188911468,0.01955
ZAMB,288,2015,10,15,-15.426,28.311,1324.914,0.0207328292484406,0.0220559374999999,0.0194153696070763,0.021525
ZAMB,289,2015,10,16,-15.426,28.311,1324.914,0.0259212137899004,0.0271802430555555,0.0284208241439664,0.0285791666666666
ZAMB,290,2015,10,17,-15.426,28.311,1324.914,0.0242019179184372,0.0252848611111111,0.0286210013070145,0.0272125
ZAMB,291,2015,10,18,-15.426,28.311,1324.914,0.0187083157606302,0.0197928125,0.0212803924292487,0.0206083333333333
ZAMB,292,2015,10,19,-15.426,28.311,1324.914,0.0169146267832212,0.0175551041666666,0.0175948444913487,0.0183083333333333
ZAMB,293,2015,10,20,-15.426,28.311,1324.914,0.0137663144099437,0.0138123958333333,0.0136243966519334,0.0130458333333333
ZAMB,294,2015,10,21,-15.426,28.311,1324.914,0.0117315082707453,0.0120420138888888,0.0127744122492572,0.0128833333333333
ZAMB,295,2015,10,22,-15.426,28.311,1324.914,0.0143286972655567,0.0146057291666666,0.013679609793359,0.0147749999999999
ZAMB,296,2015,10,23,-15.426,28.311,1324.914,0.014794625229255,0.0156320833333333,0.0149626920047329,0.0148875
ZAMB,297,2015,10,24,-15.426,28.311,1324.914,0.0139813943470197,0.0155444097222222,0.0151115149712735,0.0149041666666666
ZAMB,298,2015,10,25,-15.426,28.311,1324.914,0.0144214408925002,0.0156487152777777,0.0147824569200162,0.0144208333333333
ZAMB,299,2015,10,26,-15.426,28.311,1324.914,0.0139823809471331,0.0136817361111111,0.0123718380506878,0.0136791666666666
ZAMB,300,2015,10,27,-15.426,28.311,1324.914,0.0216673023895624,0.0230672222222222,0.0210440370475433,0.0215625
ZAMB,301,2015,10,28,-15.426,28.311,1324.914,0.0227341782958918,0.0229261111111111,0.022687302216148,0.0217958333333333
ZAMB,302,2015,10,29,-15.426,28.311,1324.914,0.0205080526330908,0.0212906944444444,0.0208659543091258,0.0206916666666666
ZAMB,303,2015,10,30,-15.426,28.311,1324.914,0.020930058185321,0.0199357986111111,0.0174679048981526,0.0196375
ZAMB,305,2015,11,1,-15.426,28.311,1324.914,0.0236295504462197,0.0255679393939393,0.0248428222662343,0.0261958333333333
ZAMB,306,2015,11,2,-15.426,28.311,1324.914,0.034292195549261,0.0334715183246073,0.0317620402365625,0.0328875
ZAMB,307,2015,11,3,-15.426,28.311,1324.914,0.0363789577521204,0.0358446180555555,0.03539731795517,0.0380458333333333
ZAMB,308,2015,11,4,-15.426,28.311,1324.914,0.0311145596502855,0.0306250347222222,0.0333363546005114,0.0318416666666666
ZAMB,309,2015,11,5,-15.426,28.311,1324.914,0.0211247089306855,0.0221496875,0.0206484923336254,0.0214333333333333
ZAMB,310,2015,11,6,-15.426,28.311,1324.914,0.0112793097006444,0.0115564583333333,0.0109110660109816,0.0106958333333333
ZAMB,311,2015,11,7,-15.426,28.311,1324.914,0.0070824939511154,0.0075231944444444,0.0073397706275969,0.0086291666666666
ZAMB,312,2015,11,8,-15.426,28.311,1324.914,0.0093380941073001,0.0109876736111111,0.0106228539059727,0.0113083333333333
ZAMB,313,2015,11,9,-15.426,28.311,1324.914,0.0106755815538175,0.0114920486111111,0.0110866716520496,0.0121333333333333
ZAMB,314,2015,11,10,-15.426,28.311,1324.914,0.0127752234136545,0.0128539583333333,0.0132948630990137,0.0135124999999999
ZAMB,315,2015,11,11,-15.426,28.311,1324.914,0.0166028324656909,0.0175211111111111,0.0144123103742927,0.0169958333333333
ZAMB,316,2015,11,12,-15.426,28.311,1324.914,0.0194239350029428,0.0196825347222222,0.0172849854575829,0.0185333333333333
ZAMB,317,2015,11,13,-15.426,28.311,1324.914,0.0217925326326295,0.0235640277777777,0.0221999145689249,0.0238625
ZAMB,318,2015,11,14,-15.426,28.311,1324.914,0.0231331657972416,0.0241385069444444,0.0238707658297025,0.02515
ZAMB,319,2015,11,15,-15.426,28.311,1324.914,0.0301144607271488,0.0301474652777777,0.0295690685176257,0.0291791666666666
ZAMB,320,2015,11,16,-15.426,28.311,1324.914,0.034123412602071,0.0336257291666666,0.0351075635415244,0.03485
ZAMB,321,2015,11,17,-15.426,28.311,1324.914,0.0334152460710104,0.0340266666666666,0.0337924896104094,0.0349458333333333
ZAMB,322,2015,11,18,-15.426,28.311,1324.914,0.0324861429493333,0.0333942013888888,0.0329089169450969,0.03345
ZAMB,323,2015,11,19,-15.426,28.311,1324.914,0.0326055436783981,0.0319573263888888,0.0311667504718232,0.0310166666666666
ZAMB,324,2015,11,20,-15.426,28.311,1324.914,0.0357315025335571,0.0360320138888888,0.0351671688102965,0.0367791666666666
ZAMB,325,2015,11,21,-15.426,28.311,1324.914,0.0352751294355788,0.0358157638888888,0.0360001666842466,0.0376458333333333
ZAMB,326,2015,11,22,-15.426,28.311,1324.914,0.0350296014779197,0.0368739236111111,0.0386200930438888,0.0376125
ZAMB,327,2015,11,23,-15.426,28.311,1324.914,0.0340826459120922,0.0348402083333333,0.0364189257891184,0.035475
ZAMB,328,2015,11,24,-15.426,28.311,1324.914,0.0293807587570985,0.0301934027777777,0.0340439215273519,0.0317166666666666
ZAMB,329,2015,11,25,-15.426,28.311,1324.914,0.0182344879154384,0.0174063541666666,0.0186784793456259,0.018775
ZAMB,330,2015,11,26,-15.426,28.311,1324.914,0.0143289483510637,0.0172949999999999,0.0150638717267494,0.0150541666666666
ZAMB,331,2015,11,27,-15.426,28.311,1324.914,0.0146395359295898,0.0174422222222222,0.0155246217782825,0.0170833333333333
ZAMB,332,2015,11,28,-15.426,28.311,1324.914,0.0271023537175199,0.0281421875,0.0266174089081515,0.0298625
ZAMB,333,2015,11,29,-15.426,28.311,1324.914,0.0344870064758669,0.0358032986111111,0.0375761346926318,0.0372041666666666
ZAMB,334,2015,11,30,-15.426,28.311,1324.914,0.0347535243212985,0.0351502430555555,0.0347065500893462,0.0336458333333333
ZAMB,335,2015,12,1,-15.426,28.311,1324.914,0.0340592477167273,0.0343623611111111,0.0336706113422038,0.0337375
ZAMB,336,2015,12,2,-15.426,28.311,1324.914,0.033170365246973,0.0328674305555555,0.0308126179717762,0.0289708333333333
ZAMB,337,2015,12,3,-15.426,28.311,1324.914,0.0316349619998581,0.0316288541666666,0.0335993056548887,0.0344583333333333
ZAMB,338,2015,12,4,-15.426,28.311,1324.914,0.0357422965125222,0.0354342013888888,0.0340315341089431,0.0351041666666666
ZAMB,339,2015,12,5,-15.426,28.311,1324.914,0.0351757005087946,0.0357223263888888,0.0367605608573586,0.0362833333333333
ZAMB,340,2015,12,6,-15.426,28.311,1324.914,0.0266641786656747,0.0261076388888888,0.0285136522849987,0.0282333333333333
ZAMB,341,2015,12,7,-15.426,28.311,1324.914,0.023520153228229,0.0242407638888888,0.023118577846603,0.0232374999999999
ZAMB,342,2015,12,8,-15.426,28.311,1324.914,0.0233289230778575,0.0246210416666666,0.021833836976916,0.0235625
ZAMB,343,2015,12,9,-15.426,28.311,1324.914,0.0218964208681053,0.0252157638888888,0.0243242323311027,0.0261458333333333
ZAMB,344,2015,12,10,-15.426,28.311,1324.914,0.0211990156054417,0.0208716319444444,0.0190943289977904,0.0203666666666666
ZAMB,345,2015,12,11,-15.426,28.311,1324.914,0.0310641993807784,0.0298622916666666,0.0276540239396365,0.0275708333333333
ZAMB,346,2015,12,12,-15.426,28.311,1324.914,0.0327869526390102,0.0334696180555555,0.0301312985773696,0.032375
ZAMB,347,2015,12,13,-15.426,28.311,1324.914,0.0368571683171313,0.0351274652777777,0.0361097609729408,0.0365083333333333
ZAMB,348,2015,12,14,-15.426,28.311,1324.914,0.0411579320344743,0.0401242361111111,0.0384097465713881,0.0394208333333333
ZAMB,349,2015,12,15,-15.426,28.311,1324.914,0.0393164794404019,0.0387560763888888,0.0383231043038118,0.0393083333333333
ZAMB,350,2015,12,16,-15.426,28.311,1324.914,0.0378444072853257,0.0386319444444444,0.0391436526882969,0.038475
ZAMB,351,2015,12,17,-15.426,28.311,1324.914,0.0383347276374692,0.0389454166666666,0.0389404279068007,0.0402958333333333
ZAMB,352,2015,12,18,-15.426,28.311,1324.914,0.0390418166205482,0.039501875,0.0376469308999097,0.0377291666666666
ZAMB,353,2015,12,19,-15.426,28.311,1324.914,0.0386645537845966,0.0389815277777777,0.038894967327794,0.0398375
ZAMB,354,2015,12,20,-15.426,28.311,1324.914,0.0364939101788546,0.0376589236111111,0.036475135364746,0.0361875
ZAMB,355,2015,12,21,-15.426,28.311,1324.914,0.0284734245343774,0.0302635416666666,0.0310304283179773,0.0294708333333333
ZAMB,356,2015,12,22,-15.426,28.311,1324.914,0.0250299518608635,0.0255256597222222,0.0232944467559232,0.0241875
ZAMB,357,2015,12,23,-15.426,28.311,1324.914,0.0302636283371471,0.0316742013888888,0.0306671578219353,0.0305625
ZAMB,358,2015,12,24,-15.426,28.311,1324.914,0.0327656743217847,0.0329746527777777,0.0329396131991713,0.0318958333333333
ZAMB,359,2015,12,25,-15.426,28.311,1324.914,0.0340085269737405,0.0345530555555555,0.0353546658565045,0.0358
ZAMB,360,2015,12,26,-15.426,28.311,1324.914,0.0341671293439684,0.0355526736111111,0.0339858857420765,0.0359791666666666
ZAMB,361,2015,12,27,-15.426,28.311,1324.914,0.0354895811174721,0.0358462847222222,0.0343304902917191,0.0339291666666666
ZAMB,362,2015,12,28,-15.426,28.311,1324.914,0.0310239663491428,0.03220125,0.0320005843238082,0.0325291666666666
ZAMB,363,2015,12,29,-15.426,28.311,1324.914,0.0299754780446719,0.0316447916666666,0.0311740023174763,0.0316666666666666
ZAMB,364,2015,12,30,-15.426,28.311,1324.914,0.0238814991175564,0.0232740972222222,0.0239374833237928,0.0223583333333333
ZAMB,366,2016,1,1,-15.426,28.311,1324.914,0.0246108848379848,0.0255246875,0.0265324491200927,0.0277375
ZAMB,367,2016,1,2,-15.426,28.311,1324.914,0.0284710210930326,0.0295054166666666,0.027464408719912,0.0289083333333333
ZAMB,368,2016,1,3,-15.426,28.311,1324.914,0.0295591612747228,0.0310630555555555,0.0328513031109223,0.0327291666666666
ZAMB,369,2016,1,4,-15.426,28.311,1324.914,0.0202697088577823,0.0198192361111111,0.0199536789495427,0.0184875
ZAMB,370,2016,1,5,-15.426,28.311,1324.914,0.0191984206788131,0.0192261111111111,0.0185412141016918,0.0194791666666666
ZAMB,371,2016,1,6,-15.426,28.311,1324.914,0.0197776223446106,0.0200447916666666,0.0192670254963448,0.0223166666666666
ZAMB,372,2016,1,7,-15.426,28.311,1324.914,0.0230558230354418,0.0246070486111111,0.0230333319710499,0.0256041666666666
ZAMB,373,2016,1,8,-15.426,28.311,1324.914,0.0295860766684781,0.0305459722222222,0.0269164597428186,0.0303208333333333
ZAMB,374,2016,1,9,-15.426,28.311,1324.914,0.0319111099788028,0.0305886458333333,0.0325678420303434,0.0325291666666666
ZAMB,375,2016,1,10,-15.426,28.311,1324.914,0.0305541010732586,0.0321228070175438,0.0318840287456467,0.0325458333333333
ZAMB,376,2016,1,11,-15.426,28.311,1324.914,0.0325085394642398,0.0333910763888888,0.034320695202445,0.0342958333333333
ZAMB,377,2016,1,12,-15.426,28.311,1324.914,0.0382301611243739,0.0387380555555555,0.0359718620271714,0.0369916666666666
ZAMB,378,2016,1,13,-15.426,28.311,1324.914,0.0389468558383409,0.0390010069444444,0.0374522180181437,0.0377166666666666
ZAMB,379,2016,1,14,-15.426,28.311,1324.914,0.0382367299212662,0.0388047916666666,0.0382530384321287,0.0400833333333333
ZAMB,380,2016,1,15,-15.426,28.311,1324.914,0.0383697937750324,0.0399101041666666,0.0397665669417452,0.0416041666666666
ZAMB,381,2016,1,16,-15.426,28.311,1324.914,0.0393555941152014,0.0404973263888888,0.041197054653689,0.0414
ZAMB,382,2016,1,17,-15.426,28.311,1324.914,0.0392938042742989,0.03965375,0.0394735382209231,0.0390458333333333
ZAMB,383,2016,1,18,-15.426,28.311,1324.914,0.0352785550142902,0.0356610069444444,0.0390379032218432,0.0382125
ZAMB,384,2016,1,19,-15.426,28.311,1324.914,0.0313236743295328,0.0313751388888888,0.0338900493109348,0.0324958333333333
ZAMB,385,2016,1,20,-15.426,28.311,1324.914,0.0311229931576628,0.0311810763888888,0.0319529801716451,0.0295541666666666
ZAMB,386,2016,1,21,-15.426,28.311,1324.914,0.0334705498489853,0.0344419444444444,0.0343221432876857,0.0342875
ZAMB,387,2016,1,22,-15.426,28.311,1324.914,0.0304925062956207,0.0309103472222222,0.0340545048003352,0.0336166666666666
ZAMB,388,2016,1,23,-15.426,28.311,1324.914,0.0305829622750481,0.0308984375,0.0311347357900326,0.0297416666666666
ZAMB,389,2016,1,24,-15.426,28.311,1324.914,0.037065609759379,0.0362430208333333,0.0335841640770247,0.03445
ZAMB,390,2016,1,25,-15.426,28.311,1324.914,0.0395280715632486,0.0384453125,0.0350579459410595,0.038425
ZAMB,391,2016,1,26,-15.426,28.311,1324.914,0.0396178177840903,0.0394171527777777,0.0378307789083543,0.0395416666666666
ZAMB,392,2016,1,27,-15.426,28.311,1324.914,0.0407815958119291,0.0410983333333333,0.0404561328087727,0.0415666666666666
ZAMB,393,2016,1,28,-15.426,28.311,1324.914,0.0406952801344109,0.0402254166666666,0.0412163062006731,0.0412916666666666
ZAMB,394,2016,1,29,-15.426,28.311,1324.914,0.0407354968419744,0.0409158680555555,0.040781899075902,0.0426791666666666
ZAMB,395,2016,1,30,-15.426,28.311,1324.914,0.0417758795546539,0.0418989930555555,0.0417284666602657,0.0415208333333333
ZAMB,397,2016,2,1,-15.426,28.311,1324.914,0.0375141141126866,0.0376998611111111,0.0348461916800729,0.0357541666666666
ZAMB,398,2016,2,2,-15.426,28.311,1324.914,0.035402455775063,0.0374871527777777,0.0367946111213139,0.0378791666666666
ZAMB,399,2016,2,3,-15.426,28.311,1324.914,0.0323007528577165,0.0338097569444444,0.0350557218021038,0.0355333333333333
ZAMB,400,2016,2,4,-15.426,28.311,1324.914,0.0280325570942781,0.0275173611111111,0.0276693474778671,0.025775
ZAMB,401,2016,2,5,-15.426,28.311,1324.914,0.0328980214150937,0.0328862152777777,0.0309347060448823,0.0326833333333333
ZAMB,402,2016,2,6,-15.426,28.311,1324.914,0.0341292577583721,0.0353666666666666,0.0341652234171658,0.0344041666666666
ZAMB,403,2016,2,7,-15.426,28.311,1324.914,0.0324587657968335,0.0338685069444444,0.0324003220328593,0.0330041666666666
ZAMB,404,2016,2,8,-15.426,28.311,1324.914,0.0341191845844982,0.0356513194444444,0.0320663697235797,0.0340041666666666
ZAMB,405,2016,2,9,-15.426,28.311,1324.914,0.0339387659766716,0.0359683680555555,0.0345514858345763,0.0363041666666666
ZAMB,406,2016,2,10,-15.426,28.311,1324.914,0.031578687979261,0.0324000694444444,0.0330482448978637,0.0341125
ZAMB,407,2016,2,11,-15.426,28.311,1324.914,0.0333521902885673,0.0348412152777777,0.0345331098184825,0.0361416666666666
ZAMB,408,2016,2,12,-15.426,28.311,1324.914,0.0337037186223787,0.0345571180555555,0.0341928730576461,0.0340541666666666
ZAMB,409,2016,2,13,-15.426,28.311,1324.914,0.0367825383422502,0.0368597569444444,0.0359513874718937,0.0366708333333333
ZAMB,410,2016,2,14,-15.426,28.311,1324.914,0.0375146912624311,0.0379107291666666,0.0366497273633397,0.0379041666666666
ZAMB,411,2016,2,15,-15.426,28.311,1324.914,0.0369919825152037,0.0366989236111111,0.0363585173061347,0.038325
ZAMB,412,2016,2,16,-15.426,28.311,1324.914,0.0402525123310349,0.0419721180555555,0.0389357829961812,0.0412041666666666
ZAMB,413,2016,2,17,-15.426,28.311,1324.914,0.0352673146294695,0.0366901041666666,0.0356370416900538,0.036825
ZAMB,414,2016,2,18,-15.426,28.311,1324.914,0.0253756004761421,0.0246203125,0.0250900475724738,0.0250458333333333
ZAMB,415,2016,2,19,-15.426,28.311,1324.914,0.0300438077235217,0.0317912847222222,0.030525159981908,0.0330458333333333
ZAMB,416,2016,2,20,-15.426,28.311,1324.914,0.0293794616953468,0.0295075,0.029758872073472,0.0331791666666666
ZAMB,417,2016,2,21,-15.426,28.311,1324.914,0.0289453960081949,0.0299706944444444,0.0273077512768583,0.0300583333333333
ZAMB,418,2016,2,22,-15.426,28.311,1324.914,0.0363599388676814,0.0365101041666666,0.0368568753884031,0.0384291666666666
ZAMB,419,2016,2,23,-15.426,28.311,1324.914,0.0363351902649508,0.0368536111111111,0.0347137174372025,0.0372666666666666
ZAMB,420,2016,2,24,-15.426,28.311,1324.914,0.0360620258081925,0.0378954513888888,0.0371403384283468,0.0370583333333333
ZAMB,421,2016,2,25,-15.426,28.311,1324.914,0.0333897866011472,0.0334772569444444,0.0320757751403893,0.0332541666666666
ZAMB,422,2016,2,26,-15.426,28.311,1324.914,0.0379652127999032,0.0387950347222222,0.0358166858069829,0.0376416666666666
ZAMB,423,2016,2,27,-15.426,28.311,1324.914,0.0410457350469408,0.0416829166666666,0.0402935653549663,0.0411208333333333
ZAMB,424,2016,2,28,-15.426,28.311,1324.914,0.0432498753262463,0.0423616319444444,0.0421657715882549,0.0433625
ZAMB,425,2016,2,29,-15.426,28.311,1324.914,0.0419641924554644,0.0412945486111111,0.0409679547296851,0.0408916666666666
ZAMB,426,2016,3,1,-15.426,28.311,1324.914,0.0414143473513436,0.0413926041666666,0.0409383888957916,0.0411833333333333
ZAMB,427,2016,3,2,-15.426,28.311,1324.914,0.0387387156348945,0.0394289930555555,0.0387952288040118,0.03865
ZAMB,428,2016,3,3,-15.426,28.311,1324.914,0.0398260648244517,0.0402910416666666,0.0390062968007742,0.0407375
ZAMB,429,2016,3,4,-15.426,28.311,1324.914,0.0396186002970458,0.0400893402777777,0.040346852416966,0.0395458333333333
ZAMB,430,2016,3,5,-15.426,28.311,1324.914,0.0405303212684615,0.0414084375,0.0388846190765141,0.0404666666666666
ZAMB,431,2016,3,6,-15.426,28.311,1324.914,0.0395053852095545,0.0403220138888888,0.0385217262222466,0.0402875
ZAMB,432,2016,3,7,-15.426,28.311,1324.914,0.0372197679533962,0.0388647569444444,0.0389806487620447,0.0392541666666666
ZAMB,433,2016,3,8,-15.426,28.311,1324.914,0.0381335991837658,0.0380892708333333,0.0378873350162506,0.0382208333333333
ZAMB,434,2016,3,9,-15.426,28.311,1324.914,0.0365508681039992,0.0376109722222222,0.0368520313619487,0.0377666666666666
ZAMB,435,2016,3,10,-15.426,28.311,1324.914,0.0359950112294513,0.0359959375,0.0357447992541823,0.0360625
ZAMB,436,2016,3,11,-15.426,28.311,1324.914,0.0346065421983379,0.0340528472222222,0.0319463743108142,0.0328208333333333
ZAMB,437,2016,3,12,-15.426,28.311,1324.914,0.0376409649823898,0.0380809027777777,0.035547869937127,0.0367333333333333
ZAMB,438,2016,3,13,-15.426,28.311,1324.914,0.0389036347708933,0.0383847569444444,0.0379938099550506,0.0378583333333333
ZAMB,439,2016,3,14,-15.426,28.311,1324.914,0.0368516091187517,0.0378509027777777,0.0365451579836788,0.0379625
ZAMB,440,2016,3,15,-15.426,28.311,1324.914,0.0376399457877833,0.0380852083333333,0.0373851879946644,0.0379208333333333
ZAMB,441,2016,3,16,-15.426,28.311,1324.914,0.0370529990941022,0.0368750694444444,0.037429948934823,0.0377833333333333
ZAMB,442,2016,3,17,-15.426,28.311,1324.914,0.0351908000212919,0.0362560763888888,0.0381604805488648,0.039475
ZAMB,443,2016,3,18,-15.426,28.311,1324.914,0.0368425351569183,0.0388172222222222,0.0371101757633653,0.0392875
ZAMB,444,2016,3,19,-15.426,28.311,1324.914,0.0402678379802473,0.0406433680555555,0.0365289220980038,0.0398958333333333
ZAMB,445,2016,3,20,-15.426,28.311,1324.914,0.040650709422334,0.0401560416666666,0.0401024052128649,0.040275
ZAMB,446,2016,3,21,-15.426,28.311,1324.914,0.0421381259219186,0.0416229166666666,0.0402377309258663,0.0419333333333333
ZAMB,447,2016,3,22,-15.426,28.311,1324.914,0.040588703680043,0.0402657986111111,0.0393340233459158,0.0398208333333333
ZAMB,448,2016,3,23,-15.426,28.311,1324.914,0.0416041722843113,0.0413630902777777,0.0417772741450721,0.041225
ZAMB,449,2016,3,24,-15.426,28.311,1324.914,0.0391875091488317,0.0394122222222222,0.0402733516425852,0.0387833333333333
ZAMB,450,2016,3,25,-15.426,28.311,1324.914,0.0349225564365611,0.0368673958333333,0.0375559906524029,0.0357291666666666
ZAMB,451,2016,3,26,-15.426,28.311,1324.914,0.0348384750853913,0.0356235069444444,0.0377955357113278,0.0371875
ZAMB,452,2016,3,27,-15.426,28.311,1324.914,0.0381083285675756,0.0392378472222222,0.0386579560889825,0.0400208333333333
ZAMB,453,2016,3,28,-15.426,28.311,1324.914,0.0409640550957861,0.0415536458333333,0.0395251651179584,0.0417958333333333
ZAMB,454,2016,3,29,-15.426,28.311,1324.914,0.0385322773453709,0.0376434722222222,0.0350753840673254,0.03725
ZAMB,457,2016,4,1,-15.426,28.311,1324.914,0.0153190561399203,0.0160946875,0.015888910651951,0.0176541666666666
ZAMB,458,2016,4,2,-15.426,28.311,1324.914,0.0231332285594277,0.0233139236111111,0.02109713113651,0.0222291666666666
ZAMB,459,2016,4,3,-15.426,28.311,1324.914,0.0346168788155544,0.0358230555555555,0.0331506643367049,0.0340875
ZAMB,460,2016,4,4,-15.426,28.311,1324.914,0.0382046393406781,0.0390935763888888,0.0387071761385283,0.0380833333333333
ZAMB,461,2016,4,5,-15.426,28.311,1324.914,0.0330945426026076,0.0331207986111111,0.033829590583349,0.0327125
ZAMB,462,2016,4,6,-15.426,28.311,1324.914,0.0262054893875291,0.0266432638888888,0.0270809678017818,0.02785
ZAMB,463,2016,4,7,-15.426,28.311,1324.914,0.0297814124712949,0.0295357638888888,0.0295676500402457,0.03045
ZAMB,464,2016,4,8,-15.426,28.311,1324.914,0.0354730719678657,0.0353982638888888,0.0343726665973144,0.0355083333333333
ZAMB,465,2016,4,9,-15.426,28.311,1324.914,0.0332630125546734,0.0336227777777777,0.0341446139622841,0.0337791666666666
ZAMB,466,2016,4,10,-15.426,28.311,1324.914,0.0261049489879461,0.0261353125,0.0275241468403107,0.0271458333333333
ZAMB,467,2016,4,11,-15.426,28.311,1324.914,0.022233276886769,0.0226545138888888,0.0235547407741907,0.0236958333333333
ZAMB,468,2016,4,12,-15.426,28.311,1324.914,0.0212692815848533,0.0226601388888888,0.0225133358161658,0.0240333333333333
ZAMB,469,2016,4,13,-15.426,28.311,1324.914,0.0203725012136333,0.0217926736111111,0.021608275203344,0.0218291666666666
ZAMB,470,2016,4,14,-15.426,28.311,1324.914,0.0196048443478712,0.0198607986111111,0.0192760679160643,0.0203833333333333
ZAMB,471,2016,4,15,-15.426,28.311,1324.914,0.0221285248847805,0.0235945486111111,0.0215256140955551,0.0226375
ZAMB,472,2016,4,16,-15.426,28.311,1324.914,0.0255840605256249,0.0274003125,0.0258609042949645,0.0273791666666666
ZAMB,473,2016,4,17,-15.426,28.311,1324.914,0.0241537420272438,0.0255377083333333,0.0268347195170484,0.0276124999999999
ZAMB,474,2016,4,18,-15.426,28.311,1324.914,0.0238017242410092,0.0245355208333333,0.0249330450490481,0.0242583333333333
ZAMB,475,2016,4,19,-15.426,28.311,1324.914,0.0187483610186507,0.018721875,0.0195798401292981,0.0195125
ZAMB,476,2016,4,20,-15.426,28.311,1324.914,0.0152390015686522,0.0157876736111111,0.0166509119934988,0.0164875
ZAMB,477,2016,4,21,-15.426,28.311,1324.914,0.0172388714093414,0.0177747916666666,0.016242613698779,0.0172833333333333
ZAMB,478,2016,4,22,-15.426,28.311,1324.914,0.0156321143047566,0.0168228819444444,0.016380971095345,0.0176166666666666
ZAMB,479,2016,4,23,-15.426,28.311,1324.914,0.0150033694328401,0.0156065625,0.0148187067660851,0.0157541666666666
ZAMB,480,2016,4,24,-15.426,28.311,1324.914,0.0166574894272787,0.0173022569444444,0.0169963565983803,0.0178541666666666
ZAMB,481,2016,4,25,-15.426,28.311,1324.914,0.0146757324415852,0.0148546180555555,0.0142155167315564,0.0147541666666666
ZAMB,482,2016,4,26,-15.426,28.311,1324.914,0.0167936733356929,0.0171108680555555,0.01658510477812,0.0184291666666666
ZAMB,483,2016,4,27,-15.426,28.311,1324.914,0.0182629708834729,0.0185927083333333,0.019713710317429,0.0199958333333333
ZAMB,484,2016,4,28,-15.426,28.311,1324.914,0.0174555853235961,0.0175579166666666,0.0171886913223559,0.0188833333333333
ZAMB,485,2016,4,29,-15.426,28.311,1324.914,0.0218636190961713,0.0227163194444444,0.0219123638705124,0.0218708333333333
ZAMB,486,2016,4,30,-15.426,28.311,1324.914,0.0231176304907929,0.0241379513888888,0.0225444930123478,0.0212833333333333
ZAMB,487,2016,5,1,-15.426,28.311,1324.914,0.0234838014311953,0.0235953819444444,0.019529268291276,0.02075
ZAMB,488,2016,5,2,-15.426,28.311,1324.914,0.0229458796081642,0.0238273958333333,0.0226064463873802,0.0223791666666666
ZAMB,489,2016,5,3,-15.426,28.311,1324.914,0.0175396470375332,0.0179790625,0.0182209144604254,0.0205249999999999
ZAMB,490,2016,5,4,-15.426,28.311,1324.914,0.0159820935504434,0.0160268402777777,0.0153787279829324,0.0176166666666666
ZAMB,491,2016,5,5,-15.426,28.311,1324.914,0.013222972032377,0.0130031597222222,0.0135365548255645,0.0146416666666666
ZAMB,492,2016,5,6,-15.426,28.311,1324.914,0.0099695909304851,0.0099163194444444,0.0090891277545059,0.0098583333333333
ZAMB,493,2016,5,7,-15.426,28.311,1324.914,0.0099902544879662,0.0097901388888888,0.009100814166201,0.0085916666666666
ZAMB,494,2016,5,8,-15.426,28.311,1324.914,0.0100464372850942,0.0099783333333333,0.0097280538242749,0.0097208333333333
ZAMB,495,2016,5,9,-15.426,28.311,1324.914,0.0117122420372419,0.0117876388888888,0.011070168379408,0.0123583333333333
ZAMB,496,2016,5,10,-15.426,28.311,1324.914,0.0110587943064399,0.0117786805555555,0.010954726561614,0.0108541666666666
ZAMB,497,2016,5,11,-15.426,28.311,1324.914,0.0095112883199022,0.0104747916666666,0.0101254571645788,0.0109708333333333
ZAMB,498,2016,5,12,-15.426,28.311,1324.914,0.0092037933166664,0.0102610416666666,0.0094664357385887,0.0103375
ZAMB,499,2016,5,13,-15.426,28.311,1324.914,0.0113733645490011,0.0121402083333333,0.01260943628964,0.0129708333333333
ZAMB,500,2016,5,14,-15.426,28.311,1324.914,0.0126726383945693,0.0138644444444444,0.0121124131287002,0.01285
ZAMB,501,2016,5,15,-15.426,28.311,1324.914,0.0115337023632509,0.0125787847222222,0.0111703180321764,0.0122625
ZAMB,502,2016,5,16,-15.426,28.311,1324.914,0.0124513560140418,0.0128634722222222,0.0122648816532613,0.0132333333333333
ZAMB,503,2016,5,17,-15.426,28.311,1324.914,0.0155789970274559,0.0167656944444444,0.0163995864260162,0.0176833333333333
ZAMB,504,2016,5,18,-15.426,28.311,1324.914,0.0143858759655021,0.0135778472222222,0.0129030463126115,0.0139708333333333
ZAMB,505,2016,5,19,-15.426,28.311,1324.914,0.0148818710557668,0.01496125,0.0139408837396348,0.0139
ZAMB,506,2016,5,20,-15.426,28.311,1324.914,0.0119289316891216,0.0112022569444444,0.0105531662061789,0.0112291666666666
ZAMB,507,2016,5,21,-15.426,28.311,1324.914,0.0092600572392848,0.0095892013888888,0.0086400998572112,0.0097208333333333
ZAMB,508,2016,5,22,-15.426,28.311,1324.914,0.0093289676389071,0.0102471527777777,0.0094260340461004,0.0102958333333333
ZAMB,509,2016,5,23,-15.426,28.311,1324.914,0.0096431166462421,0.0106606944444444,0.0099531876278918,0.0106458333333333
ZAMB,510,2016,5,24,-15.426,28.311,1324.914,0.0114840631402758,0.0121821180555555,0.0105782922653079,0.0115125
ZAMB,511,2016,5,25,-15.426,28.311,1324.914,0.0161532408597352,0.0166497222222222,0.0138416585889694,0.0150041666666666
ZAMB,512,2016,5,26,-15.426,28.311,1324.914,0.0177100148536664,0.0179059722222222,0.0183099187322243,0.0179833333333333
ZAMB,513,2016,5,27,-15.426,28.311,1324.914,0.0178576401875346,0.0190589236111111,0.0182822593552938,0.0181208333333333
ZAMB,514,2016,5,28,-15.426,28.311,1324.914,0.0158652209938392,0.0167078472222222,0.01755264552687,0.0168791666666666
ZAMB,515,2016,5,29,-15.426,28.311,1324.914,0.0140937184927608,0.0138684722222222,0.0140726092209509,0.0147541666666666
ZAMB,516,2016,5,30,-15.426,28.311,1324.914,0.0130265279386293,0.0131265277777777,0.0123406263615094,0.0133125
ZAMB,518,2016,6,1,-15.426,28.311,1324.914,0.0092999059510928,0.0092535763888888,0.0089773034103388,0.0105291666666666
ZAMB,519,2016,6,2,-15.426,28.311,1324.914,0.0099744130108647,0.0095412152777777,0.0092170619108656,0.0112249999999999
ZAMB,520,2016,6,3,-15.426,28.311,1324.914,0.0118893537999925,0.0119192361111111,0.0116404098977115,0.0124083333333333
ZAMB,521,2016,6,4,-15.426,28.311,1324.914,0.0111796239159404,0.0107322569444444,0.0109749988315239,0.0113875
ZAMB,522,2016,6,5,-15.426,28.311,1324.914,0.0130718259286372,0.0133041666666666,0.0122546381275725,0.0146375
ZAMB,523,2016,6,6,-15.426,28.311,1324.914,0.0146557917370212,0.0146332638888888,0.0153045093849745,0.0152208333333333
ZAMB,524,2016,6,7,-15.426,28.311,1324.914,0.0133256611268762,0.0134986805555555,0.013473760771171,0.0133583333333333
ZAMB,525,2016,6,8,-15.426,28.311,1324.914,0.0095500944258732,0.0096378125,0.0095562263212273,0.0083208333333333
ZAMB,526,2016,6,9,-15.426,28.311,1324.914,0.0065922872277401,0.0065595833333333,0.0077160607797529,0.0070374999999999
ZAMB,527,2016,6,10,-15.426,28.311,1324.914,0.0063284879585983,0.0073198263888888,0.0074809285451111,0.0079791666666666
ZAMB,528,2016,6,11,-15.426,28.311,1324.914,0.0069513078696346,0.0076430208333333,0.0068335672230708,0.0073208333333333
ZAMB,529,2016,6,12,-15.426,28.311,1324.914,0.0108793039476651,0.0109578125,0.0098122285406193,0.011075
ZAMB,530,2016,6,13,-15.426,28.311,1324.914,0.0120551664737416,0.0124150347222222,0.0133803515664592,0.0132416666666666
ZAMB,531,2016,6,14,-15.426,28.311,1324.914,0.0110475007786105,0.0113665972222222,0.0109356818751652,0.0115375
ZAMB,532,2016,6,15,-15.426,28.311,1324.914,0.0102133144056635,0.0109156597222222,0.009790750279398,0.0101041666666666
ZAMB,533,2016,6,16,-15.426,28.311,1324.914,0.0092186149176758,0.0096738888888888,0.0092921957709234,0.0095625
ZAMB,534,2016,6,17,-15.426,28.311,1324.914,0.0093906054408362,0.009595625,0.0089025535739165,0.0095041666666666
ZAMB,535,2016,6,18,-15.426,28.311,1324.914,0.0075572796094664,0.0086434027777777,0.0086212960560861,0.0084375
ZAMB,536,2016,6,19,-15.426,28.311,1324.914,0.006489374616679,0.0076075694444444,0.0070243225455507,0.0063583333333333
ZAMB,537,2016,6,20,-15.426,28.311,1324.914,0.0070248341645954,0.0079578125,0.0067456528919084,0.0073583333333333
ZAMB,538,2016,6,21,-15.426,28.311,1324.914,0.0084192110853184,0.0091818402777777,0.0086357772723637,0.0100375
ZAMB,539,2016,6,22,-15.426,28.311,1324.914,0.0095559864275051,0.0091944097222222,0.0084885136733128,0.0088875
ZAMB,540,2016,6,23,-15.426,28.311,1324.914,0.0117586690700207,0.0110315625,0.0098037906307058,0.0099958333333333
ZAMB,541,2016,6,24,-15.426,28.311,1324.914,0.0123801104492134,0.0115429513888888,0.0123551376028978,0.0123333333333333
ZAMB,542,2016,6,25,-15.426,28.311,1324.914,0.0107025278654051,0.0106254513888888,0.0118942775336943,0.0121125
ZAMB,543,2016,6,26,-15.426,28.311,1324.914,0.0119320826327837,0.0112948263888888,0.0122651269264064,0.0113458333333333
ZAMB,544,2016,6,27,-15.426,28.311,1324.914,0.011822755345268,0.0113697916666666,0.0100935436957819,0.0112541666666666
ZAMB,545,2016,6,28,-15.426,28.311,1324.914,0.0127466498342458,0.0141620486111111,0.0135483239736628,0.0146375
ZAMB,546,2016,6,29,-15.426,28.311,1324.914,0.0101022641981356,0.0107484375,0.0106175416795576,0.0102458333333333
ZAMB,547,2016,6,30,-15.426,28.311,1324.914,0.0089537655315228,0.0104341666666666,0.009181330042749,0.0084708333333333
ZAMB,548,2016,7,1,-15.426,28.311,1324.914,0.0096250213450124,0.0108415277777777,0.0089630612792235,0.0087916666666666
ZAMB,549,2016,7,2,-15.426,28.311,1324.914,0.0107933413485318,0.0112824305555555,0.0113161313382341,0.0108833333333333
ZAMB,550,2016,7,3,-15.426,28.311,1324.914,0.0122200241585263,0.0127403125,0.0124836322106947,0.0123083333333333
ZAMB,551,2016,7,4,-15.426,28.311,1324.914,0.0109352646380937,0.0117815277777777,0.0123659453638993,0.0125541666666666
ZAMB,552,2016,7,5,-15.426,28.311,1324.914,0.0095155152630017,0.0096815277777777,0.0090230208162153,0.0096125
ZAMB,553,2016,7,6,-15.426,28.311,1324.914,0.008971743322146,0.0092613888888888,0.0082690216743325,0.0097833333333333
ZAMB,554,2016,7,7,-15.426,28.311,1324.914,0.0098839384030123,0.0095738194444444,0.0095660267625672,0.0109833333333333
ZAMB,555,2016,7,8,-15.426,28.311,1324.914,0.0096646870712627,0.0090127083333333,0.01058703028951,0.0109916666666666
ZAMB,556,2016,7,9,-15.426,28.311,1324.914,0.0099796969932986,0.0097541666666666,0.011354204340009,0.0110541666666666
ZAMB,557,2016,7,10,-15.426,28.311,1324.914,0.0094373761257605,0.0083367013888888,0.0087782861043517,0.0091624999999999
ZAMB,558,2016,7,11,-15.426,28.311,1324.914,0.0103042303435058,0.0097894791666666,0.0116112268940554,0.0111208333333333
ZAMB,559,2016,7,12,-15.426,28.311,1324.914,0.0099319613583662,0.0099940625,0.0113298811873047,0.0119166666666666
ZAMB,560,2016,7,13,-15.426,28.311,1324.914,0.010043951012593,0.0098888194444444,0.011610450707151,0.0123958333333333
ZAMB,561,2016,7,14,-15.426,28.311,1324.914,0.0107995837537124,0.0102594097222222,0.0113531461209396,0.0117
ZAMB,562,2016,7,15,-15.426,28.311,1324.914,0.0111608151076889,0.0105211111111111,0.010831868335682,0.0118583333333333
ZAMB,563,2016,7,16,-15.426,28.311,1324.914,0.0109040077576744,0.0102348263888888,0.0113400474363389,0.0117791666666666
ZAMB,564,2016,7,17,-15.426,28.311,1324.914,0.0100719124580208,0.00967625,0.0108383221605054,0.0107125
ZAMB,565,2016,7,18,-15.426,28.311,1324.914,0.009384144585917,0.0086911805555555,0.0101777390349585,0.0106875
ZAMB,566,2016,7,19,-15.426,28.311,1324.914,0.0099304930137681,0.0092889930555555,0.0107214849597275,0.0112249999999999
ZAMB,567,2016,7,20,-15.426,28.311,1324.914,0.0106315426878338,0.0108059375,0.0119010463789958,0.0119958333333333
ZAMB,568,2016,7,21,-15.426,28.311,1324.914,0.0093293682125448,0.0089694444444444,0.0101268351615979,0.0106083333333333
ZAMB,569,2016,7,22,-15.426,28.311,1324.914,0.0077971392619985,0.007625,0.0080593769456242,0.0085791666666666
ZAMB,570,2016,7,23,-15.426,28.311,1324.914,0.0068203214476566,0.00688375,0.0067757671517381,0.0079041666666666
ZAMB,571,2016,7,24,-15.426,28.311,1324.914,0.008457267174944,0.008294375,0.0087936814964164,0.0095666666666666
ZAMB,572,2016,7,25,-15.426,28.311,1324.914,0.0133038845020741,0.0140210069444444,0.0135159622010405,0.0150708333333333
ZAMB,573,2016,7,26,-15.426,28.311,1324.914,0.0161991038821018,0.0167383333333333,0.0158616142278959,0.0165583333333333
ZAMB,574,2016,7,27,-15.426,28.311,1324.914,0.0159484353536782,0.0174070138888888,0.017895225911088,0.0177
ZAMB,575,2016,7,28,-15.426,28.311,1324.914,0.0137722778331978,0.0149286458333333,0.0164524908500534,0.0159833333333333
ZAMB,576,2016,7,29,-15.426,28.311,1324.914,0.0113588785553017,0.0122893055555555,0.0127125784838765,0.0139499999999999
ZAMB,577,2016,7,30,-15.426,28.311,1324.914,0.0106006241927673,0.0105981944444444,0.0113951040880467,0.0138249999999999
ZAMB,579,2016,8,1,-15.426,28.311,1324.914,0.0089338179051373,0.0086306597222222,0.0099678904036757,0.0101291666666666
ZAMB,580,2016,8,2,-15.426,28.311,1324.914,0.0067709412114148,0.0066407291666666,0.0078069489611604,0.0080708333333333
ZAMB,581,2016,8,3,-15.426,28.311,1324.914,0.0060736599737079,0.0073159027777777,0.0078776830239897,0.0096
ZAMB,582,2016,8,4,-15.426,28.311,1324.914,0.0085397839924564,0.0086418402777777,0.0083460126728355,0.00965
ZAMB,583,2016,8,5,-15.426,28.311,1324.914,0.0097563379252396,0.0092985763888888,0.0092747650874675,0.01045
ZAMB,584,2016,8,6,-15.426,28.311,1324.914,0.0066781113658422,0.0068324652777777,0.0077116172925885,0.008175
ZAMB,585,2016,8,7,-15.426,28.311,1324.914,0.0060735193704495,0.0058070833333333,0.00589518437099,0.0067083333333333
ZAMB,586,2016,8,8,-15.426,28.311,1324.914,0.01033845619756,0.0108445833333333,0.0103404263201949,0.0125708333333333
ZAMB,587,2016,8,9,-15.426,28.311,1324.914,0.0148207601648812,0.0153885069444444,0.0139613554619878,0.0163916666666666
ZAMB,588,2016,8,10,-15.426,28.311,1324.914,0.0162556990572922,0.0173960763888888,0.016656284864553,0.0183916666666666
ZAMB,589,2016,8,11,-15.426,28.311,1324.914,0.0112590075221146,0.01249875,0.0133384041479093,0.0133916666666666
ZAMB,590,2016,8,12,-15.426,28.311,1324.914,0.0078241737340504,0.0081082638888888,0.0091237082393376,0.0084291666666666
ZAMB,591,2016,8,13,-15.426,28.311,1324.914,0.010808335152027,0.0108112847222222,0.0102654179844257,0.0106375
ZAMB,592,2016,8,14,-15.426,28.311,1324.914,0.0107028675365649,0.0108271875,0.0105776687766125,0.0123916666666666
ZAMB,593,2016,8,15,-15.426,28.311,1324.914,0.0102120664881639,0.0109196875,0.0113488611325165,0.0131458333333333
ZAMB,594,2016,8,16,-15.426,28.311,1324.914,0.0140848375707841,0.0148651736111111,0.013305344787929,0.01505
ZAMB,595,2016,8,17,-15.426,28.311,1324.914,0.0151514110498999,0.0147711805555555,0.0144265584837945,0.016175
ZAMB,596,2016,8,18,-15.426,28.311,1324.914,0.0146802877711839,0.0145288541666666,0.0139042577053643,0.0150249999999999
ZAMB,597,2016,8,19,-15.426,28.311,1324.914,0.0140255658814816,0.0141012847222222,0.0133633245392808,0.0144708333333333
ZAMB,598,2016,8,20,-15.426,28.311,1324.914,0.0125363874797001,0.0125409722222222,0.0134386890378891,0.0151
ZAMB,599,2016,8,21,-15.426,28.311,1324.914,0.0108413642694289,0.0111636140350877,0.0122848703713218,0.0136875
ZAMB,600,2016,8,22,-15.426,28.311,1324.914,0.011457374980952,0.0118864930555555,0.0121565907533082,0.0128208333333333
ZAMB,601,2016,8,23,-15.426,28.311,1324.914,0.0131174244467276,0.0124305555555555,0.013825586769822,0.0140333333333333
ZAMB,602,2016,8,24,-15.426,28.311,1324.914,0.010879051064656,0.0109402083333333,0.011682198358752,0.0114458333333333
ZAMB,603,2016,8,25,-15.426,28.311,1324.914,0.007909664981986,0.0080798263888888,0.0094359685295908,0.0089916666666666
ZAMB,604,2016,8,26,-15.426,28.311,1324.914,0.0073410741132037,0.008024375,0.0088192603251801,0.0083541666666666
ZAMB,605,2016,8,27,-15.426,28.311,1324.914,0.0090349884850893,0.0088481944444444,0.0089142779908394,0.0080291666666666
ZAMB,606,2016,8,28,-15.426,28.311,1324.914,0.0103435359393774,0.0098694097222222,0.0089692130955539,0.0104291666666666
ZAMB,607,2016,8,29,-15.426,28.311,1324.914,0.0134186195265438,0.0137851388888888,0.0125128111893843,0.0133041666666666
ZAMB,608,2016,8,30,-15.426,28.311,1324.914,0.0123710653605944,0.0108427083333333,0.0108774642395201,0.0122041666666666
ZAMB,610,2016,9,1,-15.426,28.311,1324.914,0.0130527889222116,0.0130504166666666,0.0133597193998649,0.01465
ZAMB,611,2016,9,2,-15.426,28.311,1324.914,0.0133660236365457,0.012520625,0.0139897206748765,0.0141041666666666
ZAMB,612,2016,9,3,-15.426,28.311,1324.914,0.0117665290499948,0.0111903125,0.012640798207992,0.0122583333333333
ZAMB,613,2016,9,4,-15.426,28.311,1324.914,0.0119226514336359,0.012376,0.0121514297249915,0.0123416666666666
ZAMB,614,2016,9,5,-15.426,28.311,1324.914,0.0111247091861883,0.0118600347222222,0.0118100972330554,0.0122708333333333
ZAMB,615,2016,9,6,-15.426,28.311,1324.914,0.0097126980653137,0.0102155208333333,0.0099709168245442,0.0104916666666666
ZAMB,616,2016,9,7,-15.426,28.311,1324.914,0.0103952283084307,0.0100447916666666,0.0099108221469653,0.0101666666666666
ZAMB,617,2016,9,8,-15.426,28.311,1324.914,0.0112329792783707,0.0115473958333333,0.0114012192836637,0.0114083333333333
ZAMB,618,2016,9,9,-15.426,28.311,1324.914,0.0108938136865069,0.0118417361111111,0.0113228508776863,0.01245
ZAMB,619,2016,9,10,-15.426,28.311,1324.914,0.0104569751296343,0.010113125,0.0096485921699267,0.0103666666666666
ZAMB,620,2016,9,11,-15.426,28.311,1324.914,0.0132937491921359,0.0144654513888888,0.012553254192754,0.0138125
ZAMB,621,2016,9,12,-15.426,28.311,1324.914,0.0124907444371683,0.0131544097222222,0.0129770917023338,0.0132208333333333
ZAMB,622,2016,9,13,-15.426,28.311,1324.914,0.0118708956987496,0.0121704861111111,0.0108273501605544,0.0128583333333333
ZAMB,623,2016,9,14,-15.426,28.311,1324.914,0.0129640726210997,0.0136586458333333,0.0118728639442961,0.0131958333333333
ZAMB,624,2016,9,15,-15.426,28.311,1324.914,0.0124199812795128,0.0129225694444444,0.012512941641238,0.0139833333333333
ZAMB,625,2016,9,16,-15.426,28.311,1324.914,0.0121378722551091,0.013929375,0.0115146910629252,0.0130416666666666
ZAMB,626,2016,9,17,-15.426,28.311,1324.914,0.0138804082633737,0.0152378472222222,0.0127821841684977,0.0148583333333333
ZAMB,627,2016,9,18,-15.426,28.311,1324.914,0.0131756404765336,0.0147753125,0.0150139878082958,0.0142083333333333
ZAMB,628,2016,9,19,-15.426,28.311,1324.914,0.012146165134791,0.0124770486111111,0.0126774208512516,0.0126291666666666
ZAMB,629,2016,9,20,-15.426,28.311,1324.914,0.0146747111250995,0.0156808333333333,0.0157928899623286,0.0157541666666666
ZAMB,630,2016,9,21,-15.426,28.311,1324.914,0.0125467914598087,0.0120115972222222,0.012749524837891,0.0131541666666666
ZAMB,631,2016,9,22,-15.426,28.311,1324.914,0.010569922646775,0.0111235416666666,0.0113423633091073,0.0120916666666666
ZAMB,632,2016,9,23,-15.426,28.311,1324.914,0.0106538221740873,0.0117626388888888,0.0102573663814612,0.011725
ZAMB,633,2016,9,24,-15.426,28.311,1324.914,0.0120805765476787,0.0124964930555555,0.0120602723031802,0.0129375
ZAMB,634,2016,9,25,-15.426,28.311,1324.914,0.0103923765601253,0.0110990972222222,0.0119068679529169,0.0118625
ZAMB,635,2016,9,26,-15.426,28.311,1324.914,0.0105139105361184,0.0113948611111111,0.0107291030686711,0.0117958333333333
ZAMB,636,2016,9,27,-15.426,28.311,1324.914,0.0117828240157985,0.0126928819444444,0.011446110609092,0.0127541666666666
ZAMB,637,2016,9,28,-15.426,28.311,1324.914,0.0143581195773311,0.0144403819444444,0.0137292019671497,0.0142416666666666
ZAMB,638,2016,9,29,-15.426,28.311,1324.914,0.0168220158120993,0.0177974305555555,0.0172317231082035,0.0173124999999999
ZAMB,639,2016,9,30,-15.426,28.311,1324.914,0.013835513551444,0.0139084722222222,0.0163899596468665,0.0151083333333333
ZAMB,640,2016,10,1,-15.426,28.311,1324.914,0.0138106836806954,0.0153516319444444,0.0148051752048315,0.0161
ZAMB,641,2016,10,2,-15.426,28.311,1324.914,0.0187173933180025,0.0187248958333333,0.0173901278470705,0.0190875
ZAMB,642,2016,10,3,-15.426,28.311,1324.914,0.0263211509300967,0.0273061805555555,0.0266403415367401,0.0261333333333333
ZAMB,643,2016,10,4,-15.426,28.311,1324.914,0.019099755495778,0.0201076041666666,0.0203829163357287,0.0193583333333333
ZAMB,644,2016,10,5,-15.426,28.311,1324.914,0.0132873048129826,0.0139544444444444,0.0134312740091868,0.0143375
ZAMB,645,2016,10,6,-15.426,28.311,1324.914,0.0121961353439854,0.0126148958333333,0.0111597572664284,0.0134083333333333
ZAMB,646,2016,10,7,-15.426,28.311,1324.914,0.0093796564207895,0.0103359722222222,0.0105114186695378,0.0103958333333333
ZAMB,647,2016,10,8,-15.426,28.311,1324.914,0.011832730139505,0.0128421180555555,0.0119383074072967,0.0135458333333333
ZAMB,648,2016,10,9,-15.426,28.311,1324.914,0.0152310077241124,0.0168657638888888,0.0166736126934896,0.0160833333333333
ZAMB,650,2016,10,11,-15.426,28.311,1324.914,0.0167645836997249,0.0175981097560975,0.0201700684595498,0.0177833333333333
ZAMB,651,2016,10,12,-15.426,28.311,1324.914,0.0145971940079663,0.0155025694444444,0.0151942335647947,0.0145083333333333
ZAMB,652,2016,10,13,-15.426,28.311,1324.914,0.0145560412613508,0.0143203472222222,0.0137129167711313,0.013875
ZAMB,653,2016,10,14,-15.426,28.311,1324.914,0.0138475142365255,0.0144528819444444,0.0146939671554173,0.0156666666666666
ZAMB,654,2016,10,15,-15.426,28.311,1324.914,0.0125430883916406,0.0129647916666666,0.0129123450186095,0.0139583333333333
ZAMB,655,2016,10,16,-15.426,28.311,1324.914,0.0123949004306881,0.0140619097222222,0.0128983977291499,0.0138625
ZAMB,656,2016,10,17,-15.426,28.311,1324.914,0.0108756918582821,0.0113346180555555,0.0112716062444737,0.0111083333333333
ZAMB,657,2016,10,18,-15.426,28.311,1324.914,0.0153545453367521,0.0154371875,0.0135442959582494,0.0143166666666666
ZAMB,658,2016,10,19,-15.426,28.311,1324.914,0.0184164113987298,0.0189457638888888,0.0163498123558647,0.0171249999999999
ZAMB,659,2016,10,20,-15.426,28.311,1324.914,0.0182294668664326,0.0183882291666666,0.0162255277427939,0.0175416666666666
ZAMB,660,2016,10,21,-15.426,28.311,1324.914,0.0190686612566531,0.0197317361111111,0.0181389103196187,0.0199083333333333
ZAMB,661,2016,10,22,-15.426,28.311,1324.914,0.0198806247669092,0.0204585763888888,0.0179890246894648,0.0199583333333333
ZAMB,662,2016,10,23,-15.426,28.311,1324.914,0.0235404702892005,0.0236018402777777,0.0217512183609302,0.0230541666666666
ZAMB,663,2016,10,24,-15.426,28.311,1324.914,0.0243462223007183,0.0237976041666666,0.0227440890983789,0.0236416666666666
ZAMB,664,2016,10,25,-15.426,28.311,1324.914,0.0234390108786148,0.0221168749999999,0.0228481354984845,0.0234625
ZAMB,665,2016,10,26,-15.426,28.311,1324.914,0.0223800651930063,0.0212604166666666,0.0203101124610049,0.0202375
ZAMB,666,2016,10,27,-15.426,28.311,1324.914,0.0219062188283772,0.0207814236111111,0.0202229096051068,0.0193916666666666
ZAMB,667,2016,10,28,-15.426,28.311,1324.914,0.01973117992613,0.0202846875,0.017500105057379,0.0174208333333333
ZAMB,668,2016,10,29,-15.426,28.311,1324.914,0.0178793284925405,0.0177742013888888,0.0162032007097891,0.0173291666666666
ZAMB,669,2016,10,30,-15.426,28.311,1324.914,0.0188187649550929,0.0191056597222222,0.0170249789499644,0.0183166666666666
ZAMB,671,2016,11,1,-15.426,28.311,1324.914,0.019805638780567,0.0188842013888888,0.0172029923382938,0.0190041666666666
ZAMB,672,2016,11,2,-15.426,28.311,1324.914,0.0221296729794244,0.0226113541666666,0.0222440916056399,0.0226
ZAMB,673,2016,11,3,-15.426,28.311,1324.914,0.0220754490257704,0.0233044097222222,0.0232271258179141,0.0237625
ZAMB,674,2016,11,4,-15.426,28.311,1324.914,0.0249668660861165,0.0274646527777777,0.0248275199558137,0.02595
ZAMB,675,2016,11,5,-15.426,28.311,1324.914,0.0201839748587911,0.0223545486111111,0.0236223036418241,0.0229708333333333
ZAMB,676,2016,11,6,-15.426,28.311,1324.914,0.0204746810850669,0.0209222569444444,0.0177630212670678,0.0200625
ZAMB,677,2016,11,7,-15.426,28.311,1324.914,0.0190140302668944,0.0183348958333333,0.0182772487543371,0.0179916666666666
ZAMB,678,2016,11,8,-15.426,28.311,1324.914,0.0210736704526496,0.0213981597222222,0.0202626589438073,0.0210708333333333
ZAMB,679,2016,11,9,-15.426,28.311,1324.914,0.0246045233548836,0.0252964236111111,0.0235317122124001,0.0252
ZAMB,680,2016,11,10,-15.426,28.311,1324.914,0.0262004287860312,0.0267005902777777,0.0236544082173885,0.0261125
ZAMB,681,2016,11,11,-15.426,28.311,1324.914,0.0315843139910103,0.0300829166666666,0.0260316247189456,0.0272041666666666
ZAMB,682,2016,11,12,-15.426,28.311,1324.914,0.0285152327678844,0.0296197222222222,0.0296971008316784,0.0312375
ZAMB,683,2016,11,13,-15.426,28.311,1324.914,0.0274694194347267,0.0289484374999999,0.0261372912103779,0.0275458333333333
ZAMB,684,2016,11,14,-15.426,28.311,1324.914,0.0302972273781883,0.0321698611111111,0.0321279914692532,0.0320333333333333
ZAMB,685,2016,11,15,-15.426,28.311,1324.914,0.0292835922718806,0.0298471180555555,0.0292723363278543,0.0310458333333333
ZAMB,686,2016,11,16,-15.426,28.311,1324.914,0.0286779684665779,0.0287789236111111,0.0293481116468718,0.0307166666666666
ZAMB,687,2016,11,17,-15.426,28.311,1324.914,0.0247011882000402,0.0248104513888888,0.0248204574540187,0.0262916666666666
ZAMB,688,2016,11,18,-15.426,28.311,1324.914,0.0244583365151281,0.0252907291666666,0.0246453075149382,0.027075
ZAMB,689,2016,11,19,-15.426,28.311,1324.914,0.0285723229986456,0.0287845486111111,0.0251309389931599,0.0290541666666666
ZAMB,690,2016,11,20,-15.426,28.311,1324.914,0.0326302757239612,0.0324604210526315,0.0303376922603541,0.0325833333333333
ZAMB,691,2016,11,21,-15.426,28.311,1324.914,0.0361870167770539,0.0364508333333333,0.03414602181641,0.0349625
ZAMB,692,2016,11,22,-15.426,28.311,1324.914,0.0337363680816339,0.0344623958333333,0.0338486052935373,0.0350125
ZAMB,693,2016,11,23,-15.426,28.311,1324.914,0.0337780300812388,0.03334875,0.0324896614786345,0.0326416666666666
ZAMB,694,2016,11,24,-15.426,28.311,1324.914,0.0316054499546626,0.0320508333333333,0.0316047046523465,0.03295
ZAMB,695,2016,11,25,-15.426,28.311,1324.914,0.0327203899316933,0.0324816319444444,0.0332037966243992,0.0350916666666666
ZAMB,696,2016,11,26,-15.426,28.311,1324.914,0.036513899498214,0.0365562152777777,0.0375265010827047,0.0373791666666666
ZAMB,697,2016,11,27,-15.426,28.311,1324.914,0.0385851684257998,0.0384519097222222,0.0357987270200352,0.0357333333333333
ZAMB,698,2016,11,28,-15.426,28.311,1324.914,0.0381818480148206,0.0377661458333333,0.0374486538073799,0.0371083333333333
ZAMB,699,2016,11,29,-15.426,28.311,1324.914,0.0360814575631528,0.0366082986111111,0.0354271569760652,0.0355041666666666
ZAMB,700,2016,11,30,-15.426,28.311,1324.914,0.0314295942012163,0.0321397569444444,0.0303380182698168,0.0311375
ZAMB,701,2016,12,1,-15.426,28.311,1324.914,0.0204043848267657,0.0212753125,0.021988020841026,0.0210875
ZAMB,702,2016,12,2,-15.426,28.311,1324.914,0.0180880646027611,0.0200038888888888,0.0174527059848891,0.0189041666666666
ZAMB,703,2016,12,3,-15.426,28.311,1324.914,0.0260396546071259,0.0261209027777777,0.0238714373697082,0.0260708333333333
ZAMB,704,2016,12,4,-15.426,28.311,1324.914,0.0283441027116225,0.0287283680555555,0.0267262591862478,0.029025
ZAMB,705,2016,12,5,-15.426,28.311,1324.914,0.031190458802252,0.0327064583333333,0.0310870170340283,0.0326416666666666
ZAMB,706,2016,12,6,-15.426,28.311,1324.914,0.0273022147929524,0.0280111805555555,0.0293865758226952,0.0293125
ZAMB,707,2016,12,7,-15.426,28.311,1324.914,0.0283785513285916,0.0283565972222222,0.026084735644525,0.0276499999999999
ZAMB,708,2016,12,8,-15.426,28.311,1324.914,0.0310152749976292,0.0314646875,0.028348101213865,0.030975
ZAMB,709,2016,12,9,-15.426,28.311,1324.914,0.0352046185386124,0.0355248263888888,0.0328660427143027,0.0340083333333333
ZAMB,710,2016,12,10,-15.426,28.311,1324.914,0.0355228268792898,0.0348147916666666,0.0326517078720808,0.0340833333333333
ZAMB,711,2016,12,11,-15.426,28.311,1324.914,0.0355262702544575,0.0354375,0.03459631213896,0.0352166666666666
ZAMB,712,2016,12,12,-15.426,28.311,1324.914,0.0368739351816988,0.0366144444444444,0.0357620627347359,0.0366666666666666
ZAMB,713,2016,12,13,-15.426,28.311,1324.914,0.0368642913145865,0.0365586111111111,0.0373749659581283,0.0371
ZAMB,714,2016,12,14,-15.426,28.311,1324.914,0.0371428529751083,0.0366978125,0.0355929353483538,0.0367583333333333
ZAMB,715,2016,12,15,-15.426,28.311,1324.914,0.037026166877982,0.0364536805555555,0.0362320607203177,0.0348375
ZAMB,716,2016,12,16,-15.426,28.311,1324.914,0.0377540460738532,0.0380595486111111,0.0361326286205438,0.0362208333333333
ZAMB,717,2016,12,17,-15.426,28.311,1324.914,0.0394311727168971,0.0386751736111111,0.037243436335271,0.0387166666666666
ZAMB,718,2016,12,18,-15.426,28.311,1324.914,0.0396561044346193,0.0393750347222222,0.0406720302102491,0.0400666666666666
ZAMB,719,2016,12,19,-15.426,28.311,1324.914,0.0394550166253088,0.0399144791666666,0.0399352764761661,0.0396833333333333
ZAMB,720,2016,12,20,-15.426,28.311,1324.914,0.0404376948273661,0.0393840625,0.0392697357909342,0.039275
ZAMB,721,2016,12,21,-15.426,28.311,1324.914,0.0380753173733996,0.0379096875,0.0385077400947214,0.0375249999999999
ZAMB,722,2016,12,22,-15.426,28.311,1324.914,0.0339050473507654,0.0338531597222222,0.0343084957195462,0.0357708333333333
ZAMB,723,2016,12,23,-15.426,28.311,1324.914,0.0306857736354909,0.0319288194444444,0.0293208022179963,0.0297375
ZAMB,724,2016,12,24,-15.426,28.311,1324.914,0.0291846316140454,0.0312531597222222,0.0290526900599149,0.0299208333333333
ZAMB,725,2016,12,25,-15.426,28.311,1324.914,0.0312801387717566,0.0321702083333333,0.0290376371857349,0.0299166666666666
ZAMB,726,2016,12,26,-15.426,28.311,1324.914,0.0356122642590788,0.0358149652777777,0.0326619742383878,0.0351875
ZAMB,727,2016,12,27,-15.426,28.311,1324.914,0.0340664050200029,0.0347112847222222,0.032478333287582,0.0340375
ZAMB,728,2016,12,28,-15.426,28.311,1324.914,0.0336576603396928,0.0331020833333333,0.0318373398916545,0.0340625
ZAMB,729,2016,12,29,-15.426,28.311,1324.914,0.0360581983738656,0.0349846527777777,0.0329608030686577,0.0354166666666666
ZAMB,730,2016,12,30,-15.426,28.311,1324.914,0.0356228816384753,0.0368715277777777,0.0333809680655297,0.0369333333333333
ZAMB,732,2017,1,1,-15.426,28.311,1324.914,0.0374855212077465,0.0380326950354609,0.0356573102758576,0.0378708333333333
ZAMB,733,2017,1,2,-15.426,28.311,1324.914,0.0373260854989468,0.0379534722222222,0.0365673108653214,0.0369375
ZAMB,734,2017,1,3,-15.426,28.311,1324.914,0.0375850793783469,0.038018037735849,0.0376697804734343,0.0384916666666666
ZAMB,735,2017,1,4,-15.426,28.311,1324.914,0.0392881961544394,0.0390081944444444,0.0389484116273089,0.0373583333333333
ZAMB,736,2017,1,5,-15.426,28.311,1324.914,0.0393881433176132,0.0389261111111111,0.038302302765091,0.0398458333333333
ZAMB,737,2017,1,6,-15.426,28.311,1324.914,0.0374328870321345,0.0381662152777777,0.0381249970813962,0.0385166666666666
ZAMB,738,2017,1,7,-15.426,28.311,1324.914,0.036709129818172,0.0376771875,0.0376930066405948,0.0372458333333333
ZAMB,739,2017,1,8,-15.426,28.311,1324.914,0.0377791541365092,0.037161875,0.0373114409066008,0.03885
ZAMB,740,2017,1,9,-15.426,28.311,1324.914,0.0385032155750771,0.0387963194444444,0.0384519468753371,0.0382541666666666
ZAMB,741,2017,1,10,-15.426,28.311,1324.914,0.0384302630287138,0.0384319444444444,0.038151402449396,0.0392375
ZAMB,742,2017,1,11,-15.426,28.311,1324.914,0.0395144306875484,0.0402077777777777,0.039697477796025,0.0401041666666666
ZAMB,743,2017,1,12,-15.426,28.311,1324.914,0.0389839379391107,0.0395364236111111,0.0394461954939032,0.0402791666666666
ZAMB,744,2017,1,13,-15.426,28.311,1324.914,0.0393211396537252,0.0392317361111111,0.0393319780729682,0.0389708333333333
ZAMB,745,2017,1,14,-15.426,28.311,1324.914,0.0406293228920172,0.0402635763888888,0.0394664658995988,0.0386583333333333
ZAMB,746,2017,1,15,-15.426,28.311,1324.914,0.040302539560193,0.0402097569444444,0.0398261622798239,0.0411375
ZAMB,747,2017,1,16,-15.426,28.311,1324.914,0.0388493558623079,0.0389472569444444,0.0393097798464363,0.0399333333333333
ZAMB,748,2017,1,17,-15.426,28.311,1324.914,0.0396126704641323,0.0400471875,0.039759949188331,0.0412916666666666
ZAMB,749,2017,1,18,-15.426,28.311,1324.914,0.0399229554548355,0.0397351736111111,0.0389279009167065,0.03945
ZAMB,750,2017,1,19,-15.426,28.311,1324.914,0.037518988677113,0.0373826388888888,0.0383247372426433,0.0384041666666666
ZAMB,751,2017,1,20,-15.426,28.311,1324.914,0.0365811922295328,0.0363546180555555,0.0376216320699161,0.038475
ZAMB,752,2017,1,21,-15.426,28.311,1324.914,0.0379923880363973,0.0385257638888888,0.0365687825817449,0.0387874999999999
ZAMB,753,2017,1,22,-15.426,28.311,1324.914,0.0391538966235672,0.0378855902777777,0.0380073914750331,0.038675
ZAMB,754,2017,1,23,-15.426,28.311,1324.914,0.0356098612660516,0.0366511111111111,0.0354772097795983,0.0358166666666666
ZAMB,755,2017,1,24,-15.426,28.311,1324.914,0.034058129592377,0.0347946527777777,0.0331433285092041,0.0352791666666666
ZAMB,756,2017,1,25,-15.426,28.311,1324.914,0.036127193023928,0.0369947222222222,0.0348430002938205,0.0374833333333333
ZAMB,757,2017,1,26,-15.426,28.311,1324.914,0.0394881910258176,0.0394466666666666,0.0355146131329097,0.0387125
ZAMB,758,2017,1,27,-15.426,28.311,1324.914,0.038558175075543,0.0378897569444444,0.0359554953184711,0.0371541666666666
ZAMB,759,2017,1,28,-15.426,28.311,1324.914,0.0376936173816499,0.0369951736111111,0.0367057863840113,0.0375666666666666
ZAMB,760,2017,1,29,-15.426,28.311,1324.914,0.0384296455003515,0.0376640625,0.0349123488435103,0.0362666666666666
ZAMB,761,2017,1,30,-15.426,28.311,1324.914,0.0397102309359961,0.0400243055555555,0.0379753618739899,0.0383125
ZAMB,763,2017,2,1,-15.426,28.311,1324.914,0.0341938694061421,0.0342915625,0.031919413044175,0.0322583333333333
ZAMB,764,2017,2,2,-15.426,28.311,1324.914,0.0362894040259652,0.0371371527777777,0.0327526021679456,0.0347833333333333
ZAMB,765,2017,2,3,-15.426,28.311,1324.914,0.0380493242192339,0.0383314236111111,0.0378129006485956,0.0399125
ZAMB,766,2017,2,4,-15.426,28.311,1324.914,0.0373280142088819,0.0384868055555555,0.0391739672925034,0.0408291666666666
ZAMB,767,2017,2,5,-15.426,28.311,1324.914,0.0399068718783495,0.0398836111111111,0.0395071339238736,0.040025
ZAMB,768,2017,2,6,-15.426,28.311,1324.914,0.0403800256057898,0.04023,0.0392403814202882,0.0397375
ZAMB,769,2017,2,7,-15.426,28.311,1324.914,0.038421211741203,0.0382181944444444,0.0361664219798131,0.0385416666666666
ZAMB,770,2017,2,8,-15.426,28.311,1324.914,0.0346331925005771,0.0353705902777777,0.0342661637018309,0.0339916666666666
ZAMB,771,2017,2,9,-15.426,28.311,1324.914,0.0315949653315485,0.0340386458333333,0.0326983600159288,0.0340583333333333
ZAMB,772,2017,2,10,-15.426,28.311,1324.914,0.0258821430430789,0.0251369444444444,0.0290960738472231,0.0276916666666666
ZAMB,773,2017,2,11,-15.426,28.311,1324.914,0.0265874304857424,0.0284946874999999,0.0281798889365253,0.028525
ZAMB,774,2017,2,12,-15.426,28.311,1324.914,0.0327640746825132,0.0338212152777777,0.0312041651435103,0.032625
ZAMB,775,2017,2,13,-15.426,28.311,1324.914,0.036061285345797,0.0370163888888888,0.0349256845372823,0.0371458333333333
ZAMB,776,2017,2,14,-15.426,28.311,1324.914,0.0383683687829494,0.0382564583333333,0.0362324277927833,0.0385083333333333
ZAMB,777,2017,2,15,-15.426,28.311,1324.914,0.0394820539306133,0.0393210763888888,0.0372948040748434,0.0399583333333333
ZAMB,778,2017,2,16,-15.426,28.311,1324.914,0.0390454489270778,0.03847,0.0388151478864277,0.0382583333333333
ZAMB,779,2017,2,17,-15.426,28.311,1324.914,0.0389523826552187,0.0386701388888888,0.0365902002173748,0.0362625
ZAMB,780,2017,2,18,-15.426,28.311,1324.914,0.0359393286130382,0.0364528125,0.0345160016881675,0.0361916666666666
ZAMB,781,2017,2,19,-15.426,28.311,1324.914,0.0349066497268135,0.0356724652777777,0.0338221915649591,0.0363
ZAMB,782,2017,2,20,-15.426,28.311,1324.914,0.0354842530480834,0.0360154861111111,0.0346924511307084,0.0359666666666666
ZAMB,783,2017,2,21,-15.426,28.311,1324.914,0.0364523508624773,0.0379667013888888,0.0344275599032609,0.0360708333333333
ZAMB,784,2017,2,22,-15.426,28.311,1324.914,0.0410182928302464,0.0395180208333333,0.0355674540857258,0.0361416666666666
ZAMB,785,2017,2,23,-15.426,28.311,1324.914,0.0383250002773554,0.0384311111111111,0.0373496227919263,0.0383791666666666
ZAMB,786,2017,2,24,-15.426,28.311,1324.914,0.0359178063559713,0.0367730208333333,0.0366577905182449,0.0366333333333333
ZAMB,787,2017,2,25,-15.426,28.311,1324.914,0.036922687489301,0.0377656944444444,0.0356167866360089,0.0375958333333333
ZAMB,788,2017,2,26,-15.426,28.311,1324.914,0.0381866330600228,0.0377539236111111,0.0388307981982354,0.0399166666666666
ZAMB,789,2017,2,27,-15.426,28.311,1324.914,0.0373218007522518,0.0370602777777777,0.0359802853572484,0.0379541666666666
ZAMB,790,2017,2,28,-15.426,28.311,1324.914,0.0371828984215672,0.0375201041666666,0.0368772932142414,0.0382125
ZAMB,791,2017,3,1,-15.426,28.311,1324.914,0.0360227501741387,0.0371438541666666,0.0372523621077886,0.0378125
ZAMB,792,2017,3,2,-15.426,28.311,1324.914,0.0370293196627881,0.0377015972222222,0.0378967774384723,0.0381499999999999
ZAMB,793,2017,3,3,-15.426,28.311,1324.914,0.0393624512599997,0.0397476388888888,0.0393894335360122,0.0421541666666666
ZAMB,794,2017,3,4,-15.426,28.311,1324.914,0.03901061473128,0.038873125,0.039183222548172,0.040525
ZAMB,795,2017,3,5,-15.426,28.311,1324.914,0.0396868406664888,0.0397003819444444,0.0386360063479696,0.0389541666666666
ZAMB,796,2017,3,6,-15.426,28.311,1324.914,0.0384653948144966,0.0382965277777777,0.0378396203956604,0.0378708333333333
ZAMB,797,2017,3,7,-15.426,28.311,1324.914,0.0365312706361416,0.0373910763888888,0.0375110086024174,0.0369416666666666
ZAMB,798,2017,3,8,-15.426,28.311,1324.914,0.0360061816414605,0.0361576041666666,0.0354818815391594,0.0357208333333333
ZAMB,799,2017,3,9,-15.426,28.311,1324.914,0.0368311792797188,0.0365679861111111,0.036384579995194,0.0364416666666666
ZAMB,800,2017,3,10,-15.426,28.311,1324.914,0.0380732639678326,0.0372898611111111,0.0376908236963195,0.03835
ZAMB,801,2017,3,11,-15.426,28.311,1324.914,0.0373708826925944,0.036885625,0.0374646279818471,0.0365375
ZAMB,802,2017,3,12,-15.426,28.311,1324.914,0.0353818756134367,0.0361890277777777,0.0353695818950669,0.0359125
ZAMB,803,2017,3,13,-15.426,28.311,1324.914,0.0286747067933,0.0298299652777777,0.0320890921551629,0.0312708333333333
ZAMB,804,2017,3,14,-15.426,28.311,1324.914,0.0197821547916958,0.0195551388888888,0.0188733036415829,0.0212249999999999
ZAMB,805,2017,3,15,-15.426,28.311,1324.914,0.0173301212791681,0.0181478472222222,0.017652281127087,0.0204875
ZAMB,806,2017,3,16,-15.426,28.311,1324.914,0.0187453347830506,0.0194793402777777,0.0195757668102937,0.0194625
ZAMB,807,2017,3,17,-15.426,28.311,1324.914,0.0216121055420387,0.0203556944444444,0.0189299572802906,0.0202291666666666
ZAMB,808,2017,3,18,-15.426,28.311,1324.914,0.0238601193783194,0.0236524305555555,0.0231996312901342,0.0234833333333333
ZAMB,809,2017,3,19,-15.426,28.311,1324.914,0.0253267314248128,0.0234176388888888,0.0224073100642611,0.0241875
ZAMB,810,2017,3,20,-15.426,28.311,1324.914,0.0328496489817947,0.0314297916666666,0.0318773231528494,0.0330083333333333
ZAMB,811,2017,3,21,-15.426,28.311,1324.914,0.0380423786739913,0.0384989583333333,0.0378884066024689,0.03895
ZAMB,812,2017,3,22,-15.426,28.311,1324.914,0.0357201870364649,0.0355968055555555,0.0368772497411311,0.0369291666666666
ZAMB,813,2017,3,23,-15.426,28.311,1324.914,0.0357220240984773,0.0359496875,0.0355543146989881,0.036125
ZAMB,814,2017,3,24,-15.426,28.311,1324.914,0.0365490917829072,0.0364415624999999,0.0360026958046314,0.0372708333333333
ZAMB,815,2017,3,25,-15.426,28.311,1324.914,0.0341514026076272,0.035466875,0.0351121113276803,0.0356374999999999
ZAMB,816,2017,3,26,-15.426,28.311,1324.914,0.0300662795580399,0.0302133680555555,0.0313387730751362,0.0325916666666666
ZAMB,817,2017,3,27,-15.426,28.311,1324.914,0.0288546957195802,0.0289853472222222,0.0279026492102623,0.028775
ZAMB,818,2017,3,28,-15.426,28.311,1324.914,0.0266756713218341,0.0264321180555555,0.0263591918488597,0.0254333333333333
ZAMB,819,2017,3,29,-15.426,28.311,1324.914,0.0221027488350052,0.0226648263888888,0.0214269124320896,0.0219125
ZAMB,820,2017,3,30,-15.426,28.311,1324.914,0.0150119362724907,0.0157260416666666,0.0160574419448627,0.0161583333333333
ZAMB,822,2017,4,1,-15.426,28.311,1324.914,0.0217050469330369,0.0235225,0.0218025362002383,0.021125
ZAMB,823,2017,4,2,-15.426,28.311,1324.914,0.0164313820682819,0.0153207986111111,0.0155504954224469,0.015975
ZAMB,824,2017,4,3,-15.426,28.311,1324.914,0.0129493194452231,0.0128742361111111,0.0123347570425062,0.0126125
ZAMB,825,2017,4,4,-15.426,28.311,1324.914,0.0224134077414827,0.0235531249999999,0.0200741156754021,0.025275
ZAMB,826,2017,4,5,-15.426,28.311,1324.914,0.0316966876005596,0.0313427083333333,0.0299842018737723,0.0297375
ZAMB,827,2017,4,6,-15.426,28.311,1324.914,0.0318542133038492,0.0325238888888888,0.0315301236383017,0.0308416666666666
ZAMB,828,2017,4,7,-15.426,28.311,1324.914,0.0286291843118759,0.0297795486111111,0.0307893592834858,0.0297791666666666
ZAMB,829,2017,4,8,-15.426,28.311,1324.914,0.0249734052797367,0.0255743402777777,0.0259883408696636,0.0249999999999999
ZAMB,830,2017,4,9,-15.426,28.311,1324.914,0.0190519942085374,0.019508125,0.0197846019568433,0.019925
ZAMB,831,2017,4,10,-15.426,28.311,1324.914,0.0160865789788526,0.0162443055555555,0.0162595091266115,0.0168708333333333
ZAMB,832,2017,4,11,-15.426,28.311,1324.914,0.017900937375128,0.0181689583333333,0.0186760661375212,0.0191166666666666
ZAMB,833,2017,4,12,-15.426,28.311,1324.914,0.0201986154770998,0.020495,0.0196476257425587,0.0207791666666666
ZAMB,834,2017,4,13,-15.426,28.311,1324.914,0.0256224856066065,0.0266493055555555,0.0260176556927371,0.0255708333333333
ZAMB,835,2017,4,14,-15.426,28.311,1324.914,0.0318868613241539,0.0325701041666666,0.0303474990535909,0.0295708333333333
ZAMB,836,2017,4,15,-15.426,28.311,1324.914,0.0353471486832691,0.0356443055555555,0.0333794365524288,0.0355708333333333
ZAMB,837,2017,4,16,-15.426,28.311,1324.914,0.0335752021714455,0.0333485416666666,0.0320523773936443,0.0320375
ZAMB,838,2017,4,17,-15.426,28.311,1324.914,0.0287148133841003,0.0292070486111111,0.0281121276386799,0.0271375
ZAMB,839,2017,4,18,-15.426,28.311,1324.914,0.0243923431653414,0.0253304513888888,0.0247154278394321,0.0248416666666666
ZAMB,840,2017,4,19,-15.426,28.311,1324.914,0.0248829278228892,0.0255440277777777,0.0244338032908823,0.0251791666666666
ZAMB,841,2017,4,20,-15.426,28.311,1324.914,0.0278553517000746,0.0285244791666666,0.0262195355561429,0.0280541666666666
ZAMB,842,2017,4,21,-15.426,28.311,1324.914,0.0325613046708336,0.0337900694444444,0.0337008519970198,0.0341208333333333
ZAMB,843,2017,4,22,-15.426,28.311,1324.914,0.0331179061833133,0.0334954861111111,0.0330579176275999,0.0309791666666666
ZAMB,844,2017,4,23,-15.426,28.311,1324.914,0.0341564468633287,0.0343197569444444,0.0320161967864212,0.0329333333333333
ZAMB,845,2017,4,24,-15.426,28.311,1324.914,0.0353158625836919,0.0350634722222222,0.0342363032904188,0.0351041666666666
ZAMB,846,2017,4,25,-15.426,28.311,1324.914,0.0288580096255585,0.02823625,0.0304833344712214,0.02935
ZAMB,847,2017,4,26,-15.426,28.311,1324.914,0.0237716810701924,0.0241746875,0.0252979648850742,0.0242499999999999
ZAMB,848,2017,4,27,-15.426,28.311,1324.914,0.0211670455192512,0.0213609722222222,0.0224345263431343,0.022175
ZAMB,849,2017,4,28,-15.426,28.311,1324.914,0.0180970446971867,0.01886875,0.0189812770987547,0.0195166666666666
ZAMB,850,2017,4,29,-15.426,28.311,1324.914,0.0160009058290342,0.0169785416666666,0.0165574704380323,0.018175
ZAMB,851,2017,4,30,-15.426,28.311,1324.914,0.0150910824444338,0.0158286805555555,0.0150944272610428,0.0158583333333333
ZAMB,852,2017,5,1,-15.426,28.311,1324.914,0.0169013671655228,0.0183494444444444,0.0181268344775193,0.0191416666666666
ZAMB,853,2017,5,2,-15.426,28.311,1324.914,0.0182523302171249,0.0192963194444444,0.0205681286962968,0.0196
ZAMB,854,2017,5,3,-15.426,28.311,1324.914,0.0166741424788551,0.0172989583333333,0.0174964012225923,0.0172958333333333
ZAMB,855,2017,5,4,-15.426,28.311,1324.914,0.0174214871461602,0.0182779861111111,0.0171268992647991,0.0168833333333333
ZAMB,856,2017,5,5,-15.426,28.311,1324.914,0.0177930897055213,0.0184082638888888,0.0158896092433722,0.0176625
ZAMB,857,2017,5,6,-15.426,28.311,1324.914,0.0178846593130067,0.0185580902777777,0.0177686519132991,0.0194833333333333
ZAMB,858,2017,5,7,-15.426,28.311,1324.914,0.0210523574799396,0.0219146315789473,0.0226590951236831,0.0228958333333333
ZAMB,859,2017,5,8,-15.426,28.311,1324.914,0.0243022748104577,0.0259917013888888,0.0253586435685184,0.0246708333333333
ZAMB,860,2017,5,9,-15.426,28.311,1324.914,0.0197536873353978,0.0212158333333333,0.0210593138289532,0.0201833333333333
ZAMB,861,2017,5,10,-15.426,28.311,1324.914,0.0167374857060911,0.0175753819444444,0.0179829039616042,0.0186083333333333
ZAMB,862,2017,5,11,-15.426,28.311,1324.914,0.0171355608603364,0.0177269791666666,0.0179417995182501,0.01795
ZAMB,863,2017,5,12,-15.426,28.311,1324.914,0.0185352205114968,0.0189949305555555,0.018216991025639,0.0181583333333333
ZAMB,864,2017,5,13,-15.426,28.311,1324.914,0.0223051085161631,0.0226226388888888,0.0216863886334889,0.0228624999999999
ZAMB,865,2017,5,14,-15.426,28.311,1324.914,0.0247299466381539,0.0253155902777777,0.0254348129198357,0.0258333333333333
ZAMB,866,2017,5,15,-15.426,28.311,1324.914,0.0203445430194501,0.0214075,0.0217514393936059,0.0224
ZAMB,867,2017,5,16,-15.426,28.311,1324.914,0.0162486408857515,0.0170625694444444,0.0174417846218831,0.0190166666666666
ZAMB,868,2017,5,17,-15.426,28.311,1324.914,0.0155626116772073,0.0167261111111111,0.0156406965612235,0.01785
ZAMB,869,2017,5,18,-15.426,28.311,1324.914,0.0143235614606968,0.0155250530035335,0.0152364996387224,0.0166083333333333
ZAMB,870,2017,5,19,-15.426,28.311,1324.914,0.0138691511611422,0.0151034042553191,0.0144127019871308,0.01485
ZAMB,871,2017,5,20,-15.426,28.311,1324.914,0.0135861969555895,0.0135734722222222,0.0141434404677814,0.01475
ZAMB,872,2017,5,21,-15.426,28.311,1324.914,0.0183081140515018,0.0183454513888888,0.0179611378489888,0.0185208333333333
ZAMB,873,2017,5,22,-15.426,28.311,1324.914,0.0192214564276274,0.0202932291666666,0.0188797321920861,0.0192958333333333
ZAMB,874,2017,5,23,-15.426,28.311,1324.914,0.0169581706327415,0.0175259027777777,0.01809396536614,0.0170791666666666
ZAMB,875,2017,5,24,-15.426,28.311,1324.914,0.0149064878847484,0.0162290625,0.0166054374202192,0.0141333333333333
ZAMB,876,2017,5,25,-15.426,28.311,1324.914,0.0158373011017631,0.0167261458333333,0.0151536718087326,0.0153791666666666
ZAMB,877,2017,5,26,-15.426,28.311,1324.914,0.0177899146972828,0.0186830555555555,0.0170929311972558,0.0175208333333333
ZAMB,878,2017,5,27,-15.426,28.311,1324.914,0.0191662978129462,0.0195828125,0.0185601065967485,0.0188166666666666
ZAMB,879,2017,5,28,-15.426,28.311,1324.914,0.0159707947788429,0.0161030902777777,0.016002094520573,0.0158958333333333
ZAMB,880,2017,5,29,-15.426,28.311,1324.914,0.0191340806405032,0.0197064236111111,0.0188759402058445,0.0205833333333333
ZAMB,881,2017,5,30,-15.426,28.311,1324.914,0.0188854692224607,0.0189301041666666,0.0200845786788236,0.0192125
ZAMB,883,2017,6,1,-15.426,28.311,1324.914,0.016658969974991,0.0170861805555555,0.0160568605702729,0.01705
ZAMB,884,2017,6,2,-15.426,28.311,1324.914,0.0161555509922951,0.0168822222222222,0.0170907608115464,0.0168291666666666
ZAMB,885,2017,6,3,-15.426,28.311,1324.914,0.0134464192515019,0.0139676388888888,0.0162919411369939,0.0149291666666666
ZAMB,886,2017,6,4,-15.426,28.311,1324.914,0.0126427318516765,0.0134595138888888,0.0140421809941403,0.0142458333333333
ZAMB,887,2017,6,5,-15.426,28.311,1324.914,0.012268641287066,0.0131789930555555,0.0134197979188352,0.0140083333333333
ZAMB,888,2017,6,6,-15.426,28.311,1324.914,0.0101445800344851,0.0109705555555555,0.0123950860647597,0.0122333333333333
ZAMB,889,2017,6,7,-15.426,28.311,1324.914,0.008223359173388,0.0087799305555555,0.009349383726018,0.0100916666666666
ZAMB,890,2017,6,8,-15.426,28.311,1324.914,0.0107129406501453,0.0112039583333333,0.0108296795349637,0.011275
ZAMB,891,2017,6,9,-15.426,28.311,1324.914,0.0112496981080846,0.0107045486111111,0.0120840784560307,0.0118999999999999
ZAMB,892,2017,6,10,-15.426,28.311,1324.914,0.0099267292950182,0.0102530555555555,0.0122845466738859,0.0122
ZAMB,893,2017,6,11,-15.426,28.311,1324.914,0.0102255170439182,0.0107228125,0.0097703408105239,0.0112958333333333
ZAMB,894,2017,6,12,-15.426,28.311,1324.914,0.0116703599614824,0.0119327083333333,0.0113200197116592,0.012575
ZAMB,895,2017,6,13,-15.426,28.311,1324.914,0.0134548059296426,0.0133547916666666,0.0113121108810679,0.0128708333333333
ZAMB,896,2017,6,14,-15.426,28.311,1324.914,0.0168327250136124,0.0175175,0.0156025724852191,0.0184458333333333
ZAMB,897,2017,6,15,-15.426,28.311,1324.914,0.0159954172658109,0.0172769097222222,0.0155093130212862,0.0182541666666666
ZAMB,898,2017,6,16,-15.426,28.311,1324.914,0.0137283438210406,0.0140220138888888,0.0142478179468633,0.01505
ZAMB,899,2017,6,17,-15.426,28.311,1324.914,0.0129735963318797,0.0131682986111111,0.0137186651205402,0.0133041666666666
ZAMB,900,2017,6,18,-15.426,28.311,1324.914,0.0128182795453445,0.0131657986111111,0.0132659512111278,0.014325
ZAMB,901,2017,6,19,-15.426,28.311,1324.914,0.011615641714279,0.0111282291666666,0.0120768034157463,0.0129833333333333
ZAMB,902,2017,6,20,-15.426,28.311,1324.914,0.0110985645364484,0.0111063541666666,0.0123723920285781,0.0137166666666666
ZAMB,903,2017,6,21,-15.426,28.311,1324.914,0.0118172181079701,0.0118688194444444,0.0124890505391286,0.0142416666666666
ZAMB,904,2017,6,22,-15.426,28.311,1324.914,0.0098956109062957,0.0098699305555555,0.011616111855845,0.0125833333333333
ZAMB,905,2017,6,23,-15.426,28.311,1324.914,0.0102595374652232,0.0107264583333333,0.0104350893247428,0.0107416666666666
ZAMB,906,2017,6,24,-15.426,28.311,1324.914,0.0110942593539455,0.0112534375,0.0110872937382816,0.0112958333333333
ZAMB,907,2017,6,25,-15.426,28.311,1324.914,0.0092471113031837,0.0091293055555555,0.0102131259336161,0.0088875
ZAMB,908,2017,6,26,-15.426,28.311,1324.914,0.0087085951492666,0.0095215972222222,0.0101242301541915,0.010775
ZAMB,909,2017,6,27,-15.426,28.311,1324.914,0.010167520579433,0.0104175347222222,0.0101795844247216,0.0115416666666666
ZAMB,910,2017,6,28,-15.426,28.311,1324.914,0.0099694020907145,0.0103599305555555,0.0097007090864934,0.0122458333333333
ZAMB,911,2017,6,29,-15.426,28.311,1324.914,0.0110508658412963,0.011875625,0.0115824798725191,0.0136374999999999
ZAMB,912,2017,6,30,-15.426,28.311,1324.914,0.0117294667655327,0.0120985069444444,0.0132865993358942,0.0141999999999999
ZAMB,913,2017,7,1,-15.426,28.311,1324.914,0.0114960717245365,0.0116412847222222,0.0126133663521086,0.0133458333333333
ZAMB,914,2017,7,2,-15.426,28.311,1324.914,0.0119439764778784,0.0120371875,0.012796685302407,0.0149958333333333
ZAMB,915,2017,7,3,-15.426,28.311,1324.914,0.0118224624581482,0.0114224652777777,0.0129630870745793,0.01335
ZAMB,916,2017,7,4,-15.426,28.311,1324.914,0.0141716525426994,0.0146298611111111,0.0143872989151701,0.0147583333333333
ZAMB,917,2017,7,5,-15.426,28.311,1324.914,0.0160015604121687,0.0160858333333333,0.0173161352909806,0.0159791666666666
ZAMB,918,2017,7,6,-15.426,28.311,1324.914,0.0146610166577837,0.0152940972222222,0.0156226840800225,0.0146416666666666
ZAMB,919,2017,7,7,-15.426,28.311,1324.914,0.016880084006127,0.0170882986111111,0.0169910723233727,0.0179125
ZAMB,920,2017,7,8,-15.426,28.311,1324.914,0.0161677609943688,0.0165933680555555,0.0176999003769804,0.0171791666666666
ZAMB,921,2017,7,9,-15.426,28.311,1324.914,0.0123551921027294,0.0123188888888888,0.0135149972670408,0.0132708333333333
ZAMB,922,2017,7,10,-15.426,28.311,1324.914,0.0118340064169874,0.0117811111111111,0.0117608056844321,0.0123083333333333
ZAMB,923,2017,7,11,-15.426,28.311,1324.914,0.0117430951471179,0.0113522569444444,0.013786477553177,0.013975
ZAMB,924,2017,7,12,-15.426,28.311,1324.914,0.0103748375134953,0.0100585763888888,0.0107612059440733,0.0118625
ZAMB,925,2017,7,13,-15.426,28.311,1324.914,0.0083103702269439,0.0084805208333333,0.0079176171107527,0.0085375
ZAMB,926,2017,7,14,-15.426,28.311,1324.914,0.0069135612656253,0.0074761458333333,0.00666236457368,0.0068458333333333
ZAMB,927,2017,7,15,-15.426,28.311,1324.914,0.0066644718619856,0.0074729861111111,0.0062334259174338,0.0086208333333333
ZAMB,928,2017,7,16,-15.426,28.311,1324.914,0.0052992697820379,0.0061438194444444,0.0051653958062969,0.00705
ZAMB,929,2017,7,17,-15.426,28.311,1324.914,0.0059438482901762,0.0060785069444444,0.0066452741262836,0.0072583333333333
ZAMB,930,2017,7,18,-15.426,28.311,1324.914,0.0101823116618914,0.0106821527777777,0.010237853412927,0.0121249999999999
ZAMB,931,2017,7,19,-15.426,28.311,1324.914,0.0101556366696668,0.0110020138888888,0.0104379309728513,0.0116625
ZAMB,932,2017,7,20,-15.426,28.311,1324.914,0.0100934185157713,0.0111932291666666,0.0093898422694408,0.0118791666666666
ZAMB,933,2017,7,21,-15.426,28.311,1324.914,0.00900116109579,0.0090922569444444,0.0086115662637139,0.009975
ZAMB,934,2017,7,22,-15.426,28.311,1324.914,0.0073917632251892,0.0073877430555555,0.0064708026268096,0.0074166666666666
ZAMB,935,2017,7,23,-15.426,28.311,1324.914,0.0076088893683619,0.0078273263888888,0.0086369403599111,0.0097583333333333
ZAMB,936,2017,7,24,-15.426,28.311,1324.914,0.008661324018906,0.0084919097222222,0.0091612949634754,0.0094
ZAMB,937,2017,7,25,-15.426,28.311,1324.914,0.0082836178475418,0.0085574305555555,0.0090573406176495,0.0096041666666666
ZAMB,938,2017,7,26,-15.426,28.311,1324.914,0.0068163081069459,0.0066968055555555,0.006946506597797,0.0068625
ZAMB,939,2017,7,27,-15.426,28.311,1324.914,0.0065421466112783,0.0071345138888888,0.0072507905630276,0.0079333333333333
ZAMB,940,2017,7,28,-15.426,28.311,1324.914,0.0089111239197945,0.0090874652777777,0.008913285021856,0.0101166666666666
ZAMB,941,2017,7,29,-15.426,28.311,1324.914,0.0110191505450486,0.0108901736111111,0.0123473180488191,0.0124
ZAMB,942,2017,7,30,-15.426,28.311,1324.914,0.0106437935577687,0.0108966319444444,0.0118352631238382,0.0131666666666666
ZAMB,944,2017,8,1,-15.426,28.311,1324.914,0.0125181858199376,0.0130336805555555,0.0126974395543487,0.01325
ZAMB,945,2017,8,2,-15.426,28.311,1324.914,0.0131200759777417,0.0133435069444444,0.0140453233873516,0.013775
ZAMB,946,2017,8,3,-15.426,28.311,1324.914,0.0124141462959693,0.0123248611111111,0.0126192101763482,0.0128375
ZAMB,947,2017,8,4,-15.426,28.311,1324.914,0.0120701764203817,0.0119999305555555,0.0128278343096879,0.013875
ZAMB,948,2017,8,5,-15.426,28.311,1324.914,0.0119766969895199,0.0122017708333333,0.0126306234896717,0.0132624999999999
ZAMB,949,2017,8,6,-15.426,28.311,1324.914,0.0124126595542317,0.0127110175438596,0.0124507789417186,0.0140208333333333
ZAMB,950,2017,8,7,-15.426,28.311,1324.914,0.0117255340707496,0.0104763888888888,0.0115904592045356,0.0115666666666666
ZAMB,951,2017,8,8,-15.426,28.311,1324.914,0.010459995503237,0.0100388541666666,0.0101515682658164,0.009275
ZAMB,952,2017,8,9,-15.426,28.311,1324.914,0.0084421112423069,0.0092917708333333,0.009732614880279,0.0097125
ZAMB,953,2017,8,10,-15.426,28.311,1324.914,0.0088745722579196,0.0094550347222222,0.0091871489463398,0.00965
ZAMB,954,2017,8,11,-15.426,28.311,1324.914,0.0099889698507169,0.0107077430555555,0.0093288207595366,0.0103666666666666
ZAMB,955,2017,8,12,-15.426,28.311,1324.914,0.009821132610574,0.0106771875,0.0103268494264212,0.0106708333333333
ZAMB,956,2017,8,13,-15.426,28.311,1324.914,0.0096893299236093,0.0105652430555555,0.01049071309307,0.0108208333333333
ZAMB,957,2017,8,14,-15.426,28.311,1324.914,0.0097758025626607,0.0102152083333333,0.0102895049036957,0.0110833333333333
ZAMB,958,2017,8,15,-15.426,28.311,1324.914,0.0107673109888681,0.0118353819444444,0.01184667452485,0.0127041666666666
ZAMB,959,2017,8,16,-15.426,28.311,1324.914,0.0093612007459226,0.0095429166666666,0.0096691122114124,0.0106708333333333
ZAMB,960,2017,8,17,-15.426,28.311,1324.914,0.0123793137244655,0.0122007638888888,0.0112212002978963,0.0126416666666666
ZAMB,961,2017,8,18,-15.426,28.311,1324.914,0.0126701389670442,0.0133530208333333,0.0146652067169488,0.0160041666666666
ZAMB,962,2017,8,19,-15.426,28.311,1324.914,0.0135523219197887,0.0155528819444444,0.0164734869458935,0.0169083333333333
ZAMB,963,2017,8,20,-15.426,28.311,1324.914,0.0106989625434159,0.0104006944444444,0.0125444306180067,0.0129916666666666
ZAMB,964,2017,8,21,-15.426,28.311,1324.914,0.0091893548425331,0.0089798958333333,0.0096298853972948,0.0099875
ZAMB,965,2017,8,22,-15.426,28.311,1324.914,0.0080563372971724,0.0086943402777777,0.0073994552592877,0.0088125
ZAMB,966,2017,8,23,-15.426,28.311,1324.914,0.0082603704637813,0.008821875,0.0086690841359244,0.008725
ZAMB,967,2017,8,24,-15.426,28.311,1324.914,0.0085757730948552,0.009705625,0.0099879769206607,0.0104083333333333
ZAMB,968,2017,8,25,-15.426,28.311,1324.914,0.0092430478430551,0.0096048958333333,0.0097417274958567,0.0103249999999999
ZAMB,969,2017,8,26,-15.426,28.311,1324.914,0.0111739925241128,0.0119327430555555,0.0117283823588683,0.0117916666666666
ZAMB,970,2017,8,27,-15.426,28.311,1324.914,0.0095828931831254,0.0099792361111111,0.0095037951974055,0.0099833333333333
ZAMB,971,2017,8,28,-15.426,28.311,1324.914,0.0111441376703394,0.0117446180555555,0.010910645116294,0.0117291666666666
ZAMB,972,2017,8,29,-15.426,28.311,1324.914,0.0080593678334581,0.0085058680555555,0.0089023846321792,0.0095791666666666
ZAMB,973,2017,8,30,-15.426,28.311,1324.914,0.0046488868243467,0.0058691319444444,0.0052207402567958,0.0060624999999999
ZAMB,975,2017,9,1,-15.426,28.311,1324.914,0.0072591592448208,0.0077823263888888,0.0067331308530004,0.0073083333333333
ZAMB,976,2017,9,2,-15.426,28.311,1324.914,0.0110171880973756,0.0118833333333333,0.0120537121719952,0.0124833333333333
ZAMB,977,2017,9,3,-15.426,28.311,1324.914,0.013378519864474,0.0142616319444444,0.0139478296971045,0.0152541666666666
ZAMB,978,2017,9,4,-15.426,28.311,1324.914,0.0106609483389545,0.0107229166666666,0.0114403097794601,0.0104083333333333
ZAMB,979,2017,9,5,-15.426,28.311,1324.914,0.0120853717718977,0.0121564583333333,0.0105982485606842,0.0117083333333333
ZAMB,980,2017,9,6,-15.426,28.311,1324.914,0.0130123596355516,0.0138956597222222,0.0126717258241691,0.013375
ZAMB,981,2017,9,7,-15.426,28.311,1324.914,0.009450823792056,0.0091486111111111,0.0087395973936367,0.0098833333333333
ZAMB,982,2017,9,8,-15.426,28.311,1324.914,0.0118831330697206,0.0118026736111111,0.0116097185218263,0.0131
ZAMB,983,2017,9,9,-15.426,28.311,1324.914,0.0109353071121891,0.0112619444444444,0.0114899779289698,0.0117083333333333
ZAMB,984,2017,9,10,-15.426,28.311,1324.914,0.0105441743696216,0.0113228125,0.0111162382217877,0.0102666666666666
ZAMB,985,2017,9,11,-15.426,28.311,1324.914,0.0088367321115399,0.0097997222222222,0.0113351180717311,0.0096666666666666
ZAMB,986,2017,9,12,-15.426,28.311,1324.914,0.0097214633739332,0.0103567708333333,0.009362986940772,0.0111333333333333
ZAMB,987,2017,9,13,-15.426,28.311,1324.914,0.0093841784503043,0.0097775347222222,0.0092151277125774,0.0104541666666666
ZAMB,988,2017,9,14,-15.426,28.311,1324.914,0.0067503482995965,0.0076684375,0.0089495299043796,0.0085875
ZAMB,989,2017,9,15,-15.426,28.311,1324.914,0.0091215114541767,0.0090583680555555,0.0088094655212755,0.009425
ZAMB,990,2017,9,16,-15.426,28.311,1324.914,0.0102667943959712,0.0111782638888888,0.0105132273647097,0.0118416666666666
ZAMB,991,2017,9,17,-15.426,28.311,1324.914,0.0087685394382083,0.0091357986111111,0.0095096920996897,0.0096958333333333
ZAMB,992,2017,9,18,-15.426,28.311,1324.914,0.0086953225267662,0.0096727083333333,0.0091658016707828,0.0102958333333333
ZAMB,993,2017,9,19,-15.426,28.311,1324.914,0.0111501326760671,0.0116309722222222,0.0118413077992625,0.01275
ZAMB,994,2017,9,20,-15.426,28.311,1324.914,0.0148431852868768,0.0152009722222222,0.0141878687568825,0.0157291666666666
ZAMB,995,2017,9,21,-15.426,28.311,1324.914,0.014772517217131,0.0162642361111111,0.0158009409392097,0.0165291666666666
ZAMB,996,2017,9,22,-15.426,28.311,1324.914,0.0123021769999856,0.0138400694444444,0.0127115044086226,0.0130625
ZAMB,997,2017,9,23,-15.426,28.311,1324.914,0.011570033666976,0.0108100347222222,0.0107365070909337,0.0094791666666666
ZAMB,998,2017,9,24,-15.426,28.311,1324.914,0.0110122345798005,0.0118529861111111,0.0119306254095797,0.0117291666666666
ZAMB,999,2017,9,25,-15.426,28.311,1324.914,0.0092908060471638,0.0116068055555555,0.0113440266678992,0.011525
ZAMB,1000,2017,9,26,-15.426,28.311,1324.914,0.0077173009398677,0.0088137847222222,0.0088385346079482,0.0106208333333333
ZAMB,1001,2017,9,27,-15.426,28.311,1324.914,0.0108794945224721,0.0113434722222222,0.0116143462639472,0.0126083333333333
ZAMB,1002,2017,9,28,-15.426,28.311,1324.914,0.0182402443037055,0.0189985763888888,0.017616389070555,0.0169333333333333
ZAMB,1003,2017,9,29,-15.426,28.311,1324.914,0.0204451011866046,0.0209728472222222,0.0194282700408883,0.0202708333333333
ZAMB,1004,2017,9,30,-15.426,28.311,1324.914,0.0198231942565831,0.0202467708333333,0.0195470407183302,0.0207458333333333
ZAMB,1005,2017,10,1,-15.426,28.311,1324.914,0.0188168688392215,0.0190204861111111,0.0182237237435312,0.0184458333333333
ZAMB,1006,2017,10,2,-15.426,28.311,1324.914,0.0188404467536315,0.0197314583333333,0.0191667099520913,0.0188916666666666
ZAMB,1007,2017,10,3,-15.426,28.311,1324.914,0.0186419593806748,0.0196817361111111,0.0184546848673468,0.0189958333333333
ZAMB,1008,2017,10,4,-15.426,28.311,1324.914,0.0187665193380551,0.0202319097222222,0.0185312697915535,0.018875
ZAMB,1009,2017,10,5,-15.426,28.311,1324.914,0.0185695897253189,0.0194865972222222,0.0186703505963519,0.0195416666666666
ZAMB,1010,2017,10,6,-15.426,28.311,1324.914,0.0233346565459367,0.0254907638888888,0.022172611819485,0.0232416666666666
ZAMB,1011,2017,10,7,-15.426,28.311,1324.914,0.0283069561048106,0.0295320833333333,0.0273889459392484,0.0282958333333333
ZAMB,1012,2017,10,8,-15.426,28.311,1324.914,0.0289876844742151,0.0290048958333333,0.028949625523841,0.0291875
ZAMB,1013,2017,10,9,-15.426,28.311,1324.914,0.0329439847325232,0.0334547569444444,0.0335403702257309,0.0343666666666666
ZAMB,1014,2017,10,10,-15.426,28.311,1324.914,0.0325722552369952,0.0326505208333333,0.0321258665839236,0.0328208333333333
ZAMB,1015,2017,10,11,-15.426,28.311,1324.914,0.0264370621011458,0.0267046875,0.0262549201149044,0.02825
ZAMB,1016,2017,10,12,-15.426,28.311,1324.914,0.0213836957205467,0.0243047222222222,0.0234016709711494,0.0251083333333333
ZAMB,1017,2017,10,13,-15.426,28.311,1324.914,0.0148551093993114,0.0149379513888888,0.0168677321566325,0.0171166666666666
ZAMB,1018,2017,10,14,-15.426,28.311,1324.914,0.0105090914829661,0.0110880555555555,0.0109316741961414,0.011675
ZAMB,1019,2017,10,15,-15.426,28.311,1324.914,0.0067179092916991,0.0077213541666666,0.0079804393752783,0.0083375
ZAMB,1020,2017,10,16,-15.426,28.311,1324.914,0.007515155114306,0.0091594791666666,0.0088281972399262,0.0097375
ZAMB,1021,2017,10,17,-15.426,28.311,1324.914,0.0115239261028337,0.0132618402777777,0.0126492937284243,0.0141041666666666
ZAMB,1022,2017,10,18,-15.426,28.311,1324.914,0.0139750472316338,0.0149130208333333,0.0147594813723401,0.0174291666666666
ZAMB,1023,2017,10,19,-15.426,28.311,1324.914,0.0179866138854791,0.0197213888888888,0.0210988817670439,0.0225166666666666
ZAMB,1024,2017,10,20,-15.426,28.311,1324.914,0.0214573417223573,0.0208255902777777,0.0214506475919717,0.0228458333333333
ZAMB,1025,2017,10,21,-15.426,28.311,1324.914,0.0201680892053695,0.0209905208333333,0.020600125167261,0.0208916666666666
ZAMB,1026,2017,10,22,-15.426,28.311,1324.914,0.0222532140968906,0.0248179861111111,0.0216894281342717,0.0235666666666666
ZAMB,1027,2017,10,23,-15.426,28.311,1324.914,0.0208354829404686,0.023178125,0.0222071603210883,0.0235958333333333
ZAMB,1028,2017,10,24,-15.426,28.311,1324.914,0.0183800719813736,0.0208895486111111,0.0187228834913592,0.01985
ZAMB,1029,2017,10,25,-15.426,28.311,1324.914,0.0185344628756691,0.0203741319444444,0.0181209117959603,0.020625
ZAMB,1030,2017,10,26,-15.426,28.311,1324.914,0.0179929064544083,0.0195044791666666,0.0183641352006412,0.0202958333333333
ZAMB,1031,2017,10,27,-15.426,28.311,1324.914,0.0291080199895918,0.0300362847222222,0.0259905582618811,0.0284625
ZAMB,1032,2017,10,28,-15.426,28.311,1324.914,0.0359141711230558,0.0368217013888888,0.0372569885517888,0.0368083333333333
ZAMB,1033,2017,10,29,-15.426,28.311,1324.914,0.0318298824446863,0.0322342361111111,0.0334843960286416,0.0320416666666666
ZAMB,1034,2017,10,30,-15.426,28.311,1324.914,0.0285722434322608,0.0294764583333333,0.030871823183988,0.0285083333333333
ZAMB,1036,2017,11,1,-15.426,28.311,1324.914,0.021130370670055,0.0216883680555555,0.0209418262120825,0.0211125
ZAMB,1037,2017,11,2,-15.426,28.311,1324.914,0.0220499243002422,0.0223638554216867,0.0213480553890485,0.0217333333333333
ZAMB,1043,2017,11,8,-15.426,28.311,1324.914,0.018883356832374,0.0196673381294964,0.0177269396844471,0.0214791666666666
ZAMB,1044,2017,11,9,-15.426,28.311,1324.914,0.0275147071323957,0.0280273611111111,0.0242216862878563,0.0288625
ZAMB,1045,2017,11,10,-15.426,28.311,1324.914,0.0353820723701439,0.0345028819444444,0.035157682102502,0.0363208333333333
ZAMB,1046,2017,11,11,-15.426,28.311,1324.914,0.036470126734711,0.0353215277777777,0.0366132401816142,0.0356708333333333
ZAMB,1047,2017,11,12,-15.426,28.311,1324.914,0.0374166713720833,0.0366771875,0.0358180993214041,0.0347083333333333
ZAMB,1048,2017,11,13,-15.426,28.311,1324.914,0.03547015109589,0.0354945138888888,0.036793277279722,0.0360124999999999
ZAMB,1049,2017,11,14,-15.426,28.311,1324.914,0.0360278794283019,0.0351302777777777,0.0338764238051997,0.0353708333333333
ZAMB,1050,2017,11,15,-15.426,28.311,1324.914,0.0364079849546169,0.0368101736111111,0.0358216093791198,0.0367666666666666
ZAMB,1051,2017,11,16,-15.426,28.311,1324.914,0.0364143657008741,0.03594875,0.0356457672144564,0.0351708333333333
ZAMB,1052,2017,11,17,-15.426,28.311,1324.914,0.0334826497752722,0.032865625,0.0342740723315437,0.0335916666666666
ZAMB,1053,2017,11,18,-15.426,28.311,1324.914,0.0325016864273608,0.0329973263888888,0.0338552920832505,0.0340291666666666
ZAMB,1054,2017,11,19,-15.426,28.311,1324.914,0.0315661053202179,0.0318589583333333,0.0325877112190443,0.0320208333333333
ZAMB,1055,2017,11,20,-15.426,28.311,1324.914,0.0291825627622102,0.0296512847222222,0.0289524388348327,0.0294333333333333
ZAMB,1056,2017,11,21,-15.426,28.311,1324.914,0.0251537484458576,0.0269458333333333,0.0268569144938105,0.02705
ZAMB,1057,2017,11,22,-15.426,28.311,1324.914,0.0277492742191102,0.0286304861111111,0.0270194956816435,0.0298333333333333
ZAMB,1058,2017,11,23,-15.426,28.311,1324.914,0.0348843381831415,0.0345237152777777,0.0325368664766256,0.0335375
ZAMB,1059,2017,11,24,-15.426,28.311,1324.914,0.0369778750793266,0.0369287152777777,0.0334476987708619,0.0344291666666666
ZAMB,1060,2017,11,25,-15.426,28.311,1324.914,0.0343693462402655,0.0357569791666666,0.0340658518806959,0.0343416666666666
ZAMB,1061,2017,11,26,-15.426,28.311,1324.914,0.0352841330926375,0.0363529166666666,0.0357660282074688,0.0375458333333333
ZAMB,1062,2017,11,27,-15.426,28.311,1324.914,0.0362248336050139,0.0365359375,0.0369521216981337,0.0372708333333333
ZAMB,1063,2017,11,28,-15.426,28.311,1324.914,0.0313885419338839,0.0311605208333333,0.0340984803676175,0.032825
ZAMB,1064,2017,11,29,-15.426,28.311,1324.914,0.0261669388038546,0.0266325347222222,0.0286070544490489,0.0291833333333333
ZAMB,1065,2017,11,30,-15.426,28.311,1324.914,0.0269570585785981,0.0276438888888888,0.029785614282645,0.0306041666666666
ZAMB,1067,2017,12,2,-15.426,28.311,1324.914,0.0273590173027784,0.0296344604316546,0.0243974118029872,0.026425
ZAMB,1068,2017,12,3,-15.426,28.311,1324.914,0.021908116439495,0.0232938888888888,0.0234669857773526,0.0248291666666666
ZAMB,1069,2017,12,4,-15.426,28.311,1324.914,0.0235662889471427,0.0241113888888888,0.0219955690116923,0.0233583333333333
ZAMB,1070,2017,12,5,-15.426,28.311,1324.914,0.0303313665589042,0.0309754861111111,0.029022380057473,0.0315416666666666
ZAMB,1071,2017,12,6,-15.426,28.311,1324.914,0.0345453054849495,0.0352561111111111,0.033768541730522,0.0338875
ZAMB,1072,2017,12,7,-15.426,28.311,1324.914,0.0325214895390154,0.0334026388888888,0.0338362446606596,0.0343416666666666
ZAMB,1073,2017,12,8,-15.426,28.311,1324.914,0.0296537581962754,0.0294735763888888,0.0300334987456218,0.0293125
ZAMB,1074,2017,12,9,-15.426,28.311,1324.914,0.0315546386373415,0.0320477430555555,0.0327726141958424,0.0319333333333333
ZAMB,1075,2017,12,10,-15.426,28.311,1324.914,0.0370752147941313,0.0362140277777777,0.0356561440547159,0.034825
ZAMB,1076,2017,12,11,-15.426,28.311,1324.914,0.0385109249106102,0.0376509722222222,0.0394896072611199,0.0381291666666666
ZAMB,1077,2017,12,12,-15.426,28.311,1324.914,0.0389286441898724,0.0387531597222222,0.0383654649633409,0.038675
ZAMB,1078,2017,12,13,-15.426,28.311,1324.914,0.0390343867816487,0.0386626041666666,0.0392136970566356,0.0390416666666666
ZAMB,1079,2017,12,14,-15.426,28.311,1324.914,0.0395726298205762,0.03983125,0.0387861302347335,0.0382333333333333
ZAMB,1080,2017,12,15,-15.426,28.311,1324.914,0.0377973069178234,0.0383750694444444,0.0392405718041131,0.0395708333333333
ZAMB,1081,2017,12,16,-15.426,28.311,1324.914,0.0334800171713873,0.0343905208333333,0.0360020981560435,0.0354166666666666
ZAMB,1082,2017,12,17,-15.426,28.311,1324.914,0.0281738322903381,0.0280493055555555,0.0313028478361102,0.0301166666666666
ZAMB,1083,2017,12,18,-15.426,28.311,1324.914,0.0285543129278934,0.0294678125,0.0284201693877517,0.02745
ZAMB,1084,2017,12,19,-15.426,28.311,1324.914,0.0312553554406762,0.0327380902777777,0.030649677416812,0.033375
ZAMB,1085,2017,12,20,-15.426,28.311,1324.914,0.0360098138248923,0.0365619444444444,0.0337234646765211,0.0349458333333333
ZAMB,1086,2017,12,21,-15.426,28.311,1324.914,0.0375847981122467,0.0374578819444444,0.0367835271297212,0.0380625
ZAMB,1087,2017,12,22,-15.426,28.311,1324.914,0.0378498367898417,0.0383453472222222,0.0354545778020558,0.0371166666666666
ZAMB,1088,2017,12,23,-15.426,28.311,1324.914,0.0357097058724846,0.0351876041666666,0.0337327366768912,0.036325
ZAMB,1089,2017,12,24,-15.426,28.311,1324.914,0.0358089284154613,0.0367484375,0.0369357841976652,0.0362958333333333
ZAMB,1090,2017,12,25,-15.426,28.311,1324.914,0.0377471606707773,0.0380276388888888,0.0383569799903776,0.0396875
ZAMB,1091,2017,12,26,-15.426,28.311,1324.914,0.0395259350136083,0.0391399652777777,0.0391962032288534,0.0412333333333333
ZAMB,1092,2017,12,27,-15.426,28.311,1324.914,0.039658957727149,0.0396403472222222,0.0410336677117759,0.0399625
ZAMB,1093,2017,12,28,-15.426,28.311,1324.914,0.0347638029130766,0.0358697916666666,0.0373991563922656,0.0364166666666666
ZAMB,1094,2017,12,29,-15.426,28.311,1324.914,0.0270093809950915,0.0284827430555555,0.0262524812058136,0.0270541666666666
ZAMB,1095,2017,12,30,-15.426,28.311,1324.914,0.0214164625225651,0.0222007986111111,0.0221804869809516,0.0223
ZAMB,1097,2018,1,1,-15.426,28.311,1324.914,0.0265316925036667,0.0262196527777777,0.0250677767775271,0.0288208333333333
ZAMB,1098,2018,1,2,-15.426,28.311,1324.914,0.0314218535153226,0.0318177430555555,0.0304293924516841,0.0329958333333333
ZAMB,1099,2018,1,3,-15.426,28.311,1324.914,0.0345211515330596,0.0334980902777777,0.0326964246862581,0.0341541666666666
ZAMB,1100,2018,1,4,-15.426,28.311,1324.914,0.0339434088342761,0.0340313194444444,0.033703556581715,0.0333749999999999
ZAMB,1101,2018,1,5,-15.426,28.311,1324.914,0.0235952562585356,0.0265163541666666,0.0278097031353905,0.0271166666666666
ZAMB,1102,2018,1,6,-15.426,28.311,1324.914,0.0111250856855076,0.0120190277777777,0.0133358045970574,0.0141916666666666
ZAMB,1103,2018,1,7,-15.426,28.311,1324.914,0.0126845830823581,0.0126735763888888,0.0138300034734403,0.015625
ZAMB,1104,2018,1,8,-15.426,28.311,1324.914,0.021984172105535,0.0225253819444444,0.0201249251084578,0.0228083333333333
ZAMB,1105,2018,1,9,-15.426,28.311,1324.914,0.0295234353600527,0.0283303819444444,0.0259869758566136,0.0288125
ZAMB,1106,2018,1,10,-15.426,28.311,1324.914,0.0323854743005389,0.0335026388888888,0.0341688897645396,0.0358166666666666
ZAMB,1107,2018,1,11,-15.426,28.311,1324.914,0.0281497577793005,0.0277354166666666,0.0310687854891593,0.028725
ZAMB,1108,2018,1,12,-15.426,28.311,1324.914,0.0215912452067972,0.0214282638888888,0.0215111151073917,0.0230625
ZAMB,1109,2018,1,13,-15.426,28.311,1324.914,0.0192321019858939,0.0207854513888888,0.0204629247499518,0.0211375
ZAMB,1110,2018,1,14,-15.426,28.311,1324.914,0.0214450666991862,0.0242322916666666,0.0203925082573926,0.0219375
ZAMB,1111,2018,1,15,-15.426,28.311,1324.914,0.0260124155903335,0.0278092708333333,0.024782123722567,0.0277041666666666
ZAMB,1112,2018,1,16,-15.426,28.311,1324.914,0.0324223852763909,0.0340960416666666,0.0320468485459351,0.0348833333333333
ZAMB,1113,2018,1,17,-15.426,28.311,1324.914,0.033711869081954,0.0323178125,0.0334756572239303,0.0337125
ZAMB,1114,2018,1,18,-15.426,28.311,1324.914,0.0288567020665977,0.0283635069444444,0.0290793484461422,0.0274208333333333
ZAMB,1115,2018,1,19,-15.426,28.311,1324.914,0.0235953890387088,0.0246590277777777,0.0219393111023468,0.0238
ZAMB,1116,2018,1,20,-15.426,28.311,1324.914,0.0223120561534968,0.0245853124999999,0.0207398322750682,0.0250791666666666
ZAMB,1117,2018,1,21,-15.426,28.311,1324.914,0.0222403944967302,0.0224514583333333,0.0213023266604854,0.0236791666666666
ZAMB,1118,2018,1,22,-15.426,28.311,1324.914,0.027087661969056,0.0274439583333333,0.0264205292730065,0.0277125
ZAMB,1119,2018,1,23,-15.426,28.311,1324.914,0.0217134086248161,0.0234013541666666,0.0225104774020948,0.0230833333333333
ZAMB,1120,2018,1,24,-15.426,28.311,1324.914,0.0251923337335234,0.0255903819444444,0.0229193097578605,0.0244166666666666
ZAMB,1121,2018,1,25,-15.426,28.311,1324.914,0.0288041928176033,0.0288699305555555,0.0304970206107231,0.0306625
ZAMB,1122,2018,1,26,-15.426,28.311,1324.914,0.028285865876112,0.0288043402777777,0.0310384155239722,0.0316541666666666
ZAMB,1123,2018,1,27,-15.426,28.311,1324.914,0.0229455273188015,0.0254499305555555,0.0253158286736049,0.0257166666666666
ZAMB,1124,2018,1,28,-15.426,28.311,1324.914,0.0279877855731567,0.0279549305555555,0.0275563750599383,0.0302
ZAMB,1125,2018,1,29,-15.426,28.311,1324.914,0.0349001931803666,0.0360568055555555,0.0333694166845692,0.035325
ZAMB,1126,2018,1,30,-15.426,28.311,1324.914,0.036676630628807,0.0377964583333333,0.0350427626807599,0.0367666666666666
ZAMB,1128,2018,2,1,-15.426,28.311,1324.914,0.039596431134331,0.0396511111111111,0.0386427212353741,0.0408458333333333
ZAMB,1129,2018,2,2,-15.426,28.311,1324.914,0.039706636643091,0.0394610763888888,0.0397283330259098,0.0402916666666666
ZAMB,1130,2018,2,3,-15.426,28.311,1324.914,0.0394797927865616,0.0399228125,0.0382069371065752,0.0393875
ZAMB,1131,2018,2,4,-15.426,28.311,1324.914,0.0375314479284136,0.0380670138888888,0.0372899631580246,0.0385583333333333
ZAMB,1132,2018,2,5,-15.426,28.311,1324.914,0.0388019277220142,0.039246875,0.0402484938116454,0.0409833333333333
ZAMB,1133,2018,2,6,-15.426,28.311,1324.914,0.0387449091417953,0.0397855757575757,0.0396934471738065,0.0402291666666666
ZAMB,1143,2018,2,16,-15.426,28.311,1324.914,0.0344851503201769,0.0349994097222222,0.0349046000007566,0.0365083333333333
ZAMB,1144,2018,2,17,-15.426,28.311,1324.914,0.035157550251069,0.036048125,0.0352066185678717,0.0356083333333333
ZAMB,1145,2018,2,18,-15.426,28.311,1324.914,0.0349452768769403,0.0353734375,0.0358238181331876,0.0355708333333333
ZAMB,1146,2018,2,19,-15.426,28.311,1324.914,0.035322744930408,0.0363117013888888,0.035449459276688,0.0357416666666666
ZAMB,1147,2018,2,20,-15.426,28.311,1324.914,0.0352751207976466,0.0348121527777777,0.0346685093111401,0.03365
ZAMB,1148,2018,2,21,-15.426,28.311,1324.914,0.0326247462937273,0.0332054166666666,0.033946957782621,0.0339791666666666
ZAMB,1149,2018,2,22,-15.426,28.311,1324.914,0.0325096678914311,0.0328877430555555,0.0349319345136591,0.0344916666666666
ZAMB,1150,2018,2,23,-15.426,28.311,1324.914,0.0362851930730896,0.0352915972222222,0.0352833107914934,0.0366291666666666
ZAMB,1151,2018,2,24,-15.426,28.311,1324.914,0.0384567214029571,0.0384792013888888,0.0367342915199919,0.0369125
ZAMB,1152,2018,2,25,-15.426,28.311,1324.914,0.0400402017767933,0.0397331944444444,0.0367973131057117,0.0391375
ZAMB,1153,2018,2,26,-15.426,28.311,1324.914,0.0385930340518637,0.0369351041666666,0.0392787221827421,0.0392625
ZAMB,1154,2018,2,27,-15.426,28.311,1324.914,0.0370140208788952,0.0369797916666666,0.0375360375518682,0.0384
ZAMB,1155,2018,2,28,-15.426,28.311,1324.914,0.039190826376896,0.0387146875,0.0392927584230425,0.0390666666666666
ZAMB,1156,2018,3,1,-15.426,28.311,1324.914,0.0396227628744421,0.0395390277777777,0.0392390519077807,0.0403833333333333
ZAMB,1157,2018,3,2,-15.426,28.311,1324.914,0.0411449072308539,0.0405671875,0.0402612760670424,0.040025
ZAMB,1158,2018,3,3,-15.426,28.311,1324.914,0.0399921148867661,0.0394213541666666,0.0402489964354069,0.041
ZAMB,1159,2018,3,4,-15.426,28.311,1324.914,0.0378445780440603,0.0382168402777777,0.0380380932547697,0.0390416666666666
ZAMB,1160,2018,3,5,-15.426,28.311,1324.914,0.0334113632373786,0.0337680208333333,0.0341940153532396,0.0351041666666666
ZAMB,1161,2018,3,6,-15.426,28.311,1324.914,0.034201117576303,0.0357710763888888,0.0333218899017354,0.0351166666666666
ZAMB,1162,2018,3,7,-15.426,28.311,1324.914,0.0334457466952655,0.03418125,0.0334768657262066,0.0346708333333333
ZAMB,1163,2018,3,8,-15.426,28.311,1324.914,0.0341977753075721,0.0355808680555555,0.0327979693359685,0.0346
ZAMB,1164,2018,3,9,-15.426,28.311,1324.914,0.0367684033163333,0.0368196527777777,0.0344736968842946,0.0373458333333333
ZAMB,1165,2018,3,10,-15.426,28.311,1324.914,0.0343412865383621,0.0348010763888888,0.0339871697127114,0.0361499999999999
ZAMB,1166,2018,3,11,-15.426,28.311,1324.914,0.0322630095965531,0.0331259375,0.0338609076450318,0.0344541666666666
ZAMB,1167,2018,3,12,-15.426,28.311,1324.914,0.0297944043798593,0.0304504861111111,0.0322526615130626,0.0309125
ZAMB,1168,2018,3,13,-15.426,28.311,1324.914,0.0302197381429148,0.0294818055555555,0.0283351714357873,0.0259125
ZAMB,1169,2018,3,14,-15.426,28.311,1324.914,0.0336786556056434,0.0334191319444444,0.0359851132827004,0.035875
ZAMB,1170,2018,3,15,-15.426,28.311,1324.914,0.0342912844429915,0.0364809722222222,0.0335926435061883,0.0348666666666666
ZAMB,1171,2018,3,16,-15.426,28.311,1324.914,0.0322808711825745,0.0330582291666666,0.031889840639894,0.0319291666666666
ZAMB,1172,2018,3,17,-15.426,28.311,1324.914,0.032059090242712,0.0319835416666666,0.0305713123166406,0.0321166666666666
ZAMB,1173,2018,3,18,-15.426,28.311,1324.914,0.0275878048697027,0.0283732291666666,0.0291201163625449,0.0280416666666666
ZAMB,1174,2018,3,19,-15.426,28.311,1324.914,0.0250311342062191,0.0268586805555555,0.0275237506177174,0.0293333333333333
ZAMB,1175,2018,3,20,-15.426,28.311,1324.914,0.0280528768997084,0.0297459722222222,0.0278066278890156,0.0297
ZAMB,1176,2018,3,21,-15.426,28.311,1324.914,0.0289528446880089,0.0296188888888888,0.0271043164615961,0.0280958333333333
ZAMB,1177,2018,3,22,-15.426,28.311,1324.914,0.0287477687413406,0.0284602083333333,0.0259468009496559,0.0288791666666666
ZAMB,1178,2018,3,23,-15.426,28.311,1324.914,0.0321399052113773,0.0330847916666666,0.0303104306702399,0.0332166666666666
ZAMB,1179,2018,3,24,-15.426,28.311,1324.914,0.0337010694474735,0.0344069444444444,0.0330218220685252,0.0341875
ZAMB,1180,2018,3,25,-15.426,28.311,1324.914,0.0297997995118688,0.0308023263888888,0.0311228065837044,0.0332791666666666
ZAMB,1181,2018,3,26,-15.426,28.311,1324.914,0.0293658023200407,0.0302729513888888,0.0284190427965759,0.0304666666666666
ZAMB,1182,2018,3,27,-15.426,28.311,1324.914,0.032505875645975,0.0329654513888888,0.0325270088360967,0.0341375
ZAMB,1183,2018,3,28,-15.426,28.311,1324.914,0.033254410219203,0.0334759027777777,0.0327350681577622,0.0327916666666666
ZAMB,1184,2018,3,29,-15.426,28.311,1324.914,0.0342280119208367,0.0338470833333333,0.0317691354082035,0.032025
ZAMB,1185,2018,3,30,-15.426,28.311,1324.914,0.0362424028576451,0.0354617708333333,0.031592483264225,0.0324041666666666
ZAMB,1187,2018,4,1,-15.426,28.311,1324.914,0.0260441970801409,0.0271436458333333,0.0267173421849099,0.0272625
ZAMB,1188,2018,4,2,-15.426,28.311,1324.914,0.0225350722556388,0.0221923611111111,0.021429947138084,0.0211874999999999
ZAMB,1189,2018,4,3,-15.426,28.311,1324.914,0.0267250783703789,0.0274623263888888,0.0257045385650473,0.0251875
ZAMB,1190,2018,4,4,-15.426,28.311,1324.914,0.0275677057082919,0.0283102777777777,0.0255587352754254,0.0267
ZAMB,1191,2018,4,5,-15.426,28.311,1324.914,0.0295688827054106,0.0291336458333333,0.0264788140080536,0.0262875
ZAMB,1192,2018,4,6,-15.426,28.311,1324.914,0.0331645197666555,0.0339752083333333,0.0309110302303624,0.0316166666666666
ZAMB,1193,2018,4,7,-15.426,28.311,1324.914,0.0332926438382577,0.0333920138888888,0.0297801485357551,0.0319666666666666
ZAMB,1194,2018,4,8,-15.426,28.311,1324.914,0.0277393383897999,0.0263460069444444,0.0280399485432208,0.0281666666666666
ZAMB,1195,2018,4,9,-15.426,28.311,1324.914,0.0301102908283671,0.0293117013888888,0.0303525713471978,0.0309125
ZAMB,1196,2018,4,10,-15.426,28.311,1324.914,0.0345197216314385,0.0344562847222222,0.0334965057518243,0.0341583333333333
ZAMB,1198,2018,4,12,-15.426,28.311,1324.914,0.0318588936994582,0.0317031677018633,0.0329741847464985,0.0318625
ZAMB,1199,2018,4,13,-15.426,28.311,1324.914,0.0298569739332178,0.0296759027777777,0.0321583149515708,0.0307041666666666
ZAMB,1200,2018,4,14,-15.426,28.311,1324.914,0.0282191078728117,0.0289335069444444,0.0288247487331092,0.0285875
ZAMB,1201,2018,4,15,-15.426,28.311,1324.914,0.0270234507220096,0.0278697916666666,0.0276518586125296,0.0263791666666666
ZAMB,1202,2018,4,16,-15.426,28.311,1324.914,0.0237326768286507,0.0234438888888888,0.0231047028084981,0.0229708333333333
ZAMB,1203,2018,4,17,-15.426,28.311,1324.914,0.0201589194320712,0.0201674305555555,0.0210752206258739,0.0215666666666666
ZAMB,1204,2018,4,18,-15.426,28.311,1324.914,0.0202200709215836,0.0209517708333333,0.0210069715939674,0.0207833333333333
ZAMB,1205,2018,4,19,-15.426,28.311,1324.914,0.0183251815036169,0.0186384375,0.0186196792836899,0.0184625
ZAMB,1206,2018,4,20,-15.426,28.311,1324.914,0.0172766110991438,0.0185941319444444,0.0159337227538626,0.0191333333333333
ZAMB,1207,2018,4,21,-15.426,28.311,1324.914,0.019053927439537,0.0211398263888888,0.0203642488073683,0.0210458333333333
ZAMB,1208,2018,4,22,-15.426,28.311,1324.914,0.0211422527489412,0.0229803125,0.0211037209366028,0.0226083333333333
ZAMB,1209,2018,4,23,-15.426,28.311,1324.914,0.0214739436453005,0.0223203472222222,0.0219002647869006,0.0217083333333333
ZAMB,1210,2018,4,24,-15.426,28.311,1324.914,0.0150040873335475,0.0146098958333333,0.0151436717593927,0.0158333333333333
ZAMB,1211,2018,4,25,-15.426,28.311,1324.914,0.0090554911504237,0.0101023958333333,0.0101766755665635,0.0110625
ZAMB,1212,2018,4,26,-15.426,28.311,1324.914,0.0092517239668728,0.0106022222222222,0.0105579545243117,0.0115208333333333
ZAMB,1213,2018,4,27,-15.426,28.311,1324.914,0.0141994668801167,0.0148630208333333,0.0158460907394978,0.0165916666666666
ZAMB,1214,2018,4,28,-15.426,28.311,1324.914,0.0174633454213043,0.0182730555555555,0.0167325916601817,0.0184708333333333
ZAMB,1215,2018,4,29,-15.426,28.311,1324.914,0.0172085157668655,0.0181042013888888,0.0181067547922226,0.0192
ZAMB,1216,2018,4,30,-15.426,28.311,1324.914,0.0165759588746949,0.0166372222222222,0.0173055517416664,0.0163708333333333
ZAMB,1217,2018,5,1,-15.426,28.311,1324.914,0.0156742634533121,0.0168874652777777,0.0174951196923918,0.0178291666666666
ZAMB,1218,2018,5,2,-15.426,28.311,1324.914,0.0195929908575393,0.0215810763888888,0.0198269349498917,0.0228375
ZAMB,1219,2018,5,3,-15.426,28.311,1324.914,0.0261429509199155,0.0261731597222222,0.0239198194631183,0.0260999999999999
ZAMB,1220,2018,5,4,-15.426,28.311,1324.914,0.0282902110293332,0.0281399652777777,0.0283864153038381,0.0291916666666666
ZAMB,1221,2018,5,5,-15.426,28.311,1324.914,0.0259844662733149,0.0270467361111111,0.0277356958553442,0.0274083333333333
ZAMB,1222,2018,5,6,-15.426,28.311,1324.914,0.0219335057314756,0.0231450694444444,0.0245323788575195,0.0241458333333333
ZAMB,1223,2018,5,7,-15.426,28.311,1324.914,0.019141144479168,0.0198486458333333,0.0207483073180131,0.0215833333333333
ZAMB,1224,2018,5,8,-15.426,28.311,1324.914,0.0199000291270455,0.0212350347222222,0.020087990881443,0.0220625
ZAMB,1225,2018,5,9,-15.426,28.311,1324.914,0.0189573390556438,0.0204944791666666,0.0200367351259478,0.0201833333333333
ZAMB,1226,2018,5,10,-15.426,28.311,1324.914,0.0181633903016814,0.0194783333333333,0.0198837007430924,0.0203458333333333
ZAMB,1227,2018,5,11,-15.426,28.311,1324.914,0.0206346074783587,0.022175,0.0208337506539305,0.0218
ZAMB,1228,2018,5,12,-15.426,28.311,1324.914,0.0224221122237637,0.0233694444444444,0.0216161835191712,0.0227291666666666
ZAMB,1229,2018,5,13,-15.426,28.311,1324.914,0.0225071573426961,0.0245683680555555,0.023139564676739,0.022425
ZAMB,1230,2018,5,14,-15.426,28.311,1324.914,0.0195455344108943,0.0206593055555555,0.0231416329307439,0.0247875
ZAMB,1231,2018,5,15,-15.426,28.311,1324.914,0.0212003371897574,0.0212478472222222,0.0208267994215291,0.023375
ZAMB,1232,2018,5,16,-15.426,28.311,1324.914,0.0267811358944869,0.0274528472222222,0.0235487014339,0.0228125
ZAMB,1233,2018,5,17,-15.426,28.311,1324.914,0.0244981262791312,0.0258688888888888,0.0250564322566018,0.0249458333333333
ZAMB,1234,2018,5,18,-15.426,28.311,1324.914,0.0164875140189257,0.0163355555555555,0.0176738936953195,0.0177666666666666
ZAMB,1235,2018,5,19,-15.426,28.311,1324.914,0.0122744281328659,0.0129706597222222,0.0132315993701112,0.0136041666666666
ZAMB,1236,2018,5,20,-15.426,28.311,1324.914,0.0103029514791758,0.0106767708333333,0.0112562724801414,0.0115958333333333
ZAMB,1237,2018,5,21,-15.426,28.311,1324.914,0.0108932764321898,0.0121356597222222,0.0116770687068463,0.0122916666666666
ZAMB,1238,2018,5,22,-15.426,28.311,1324.914,0.0138192518973831,0.0147541666666666,0.0137396586572352,0.0167166666666666
ZAMB,1239,2018,5,23,-15.426,28.311,1324.914,0.0163840255999923,0.0169042013888888,0.0153383380646762,0.0173
ZAMB,1240,2018,5,24,-15.426,28.311,1324.914,0.0174471467553127,0.0184907291666666,0.0173007651259918,0.0192041666666666
ZAMB,1241,2018,5,25,-15.426,28.311,1324.914,0.0163637592040898,0.0174382986111111,0.0160797043672191,0.019175
ZAMB,1242,2018,5,26,-15.426,28.311,1324.914,0.0214449741593076,0.0216288888888888,0.0184286142292521,0.0195625
ZAMB,1243,2018,5,27,-15.426,28.311,1324.914,0.0255478188344946,0.0260735763888888,0.022365727869586,0.0227875
ZAMB,1244,2018,5,28,-15.426,28.311,1324.914,0.0196088585994025,0.0203699652777777,0.0201752521525995,0.0194833333333333
ZAMB,1245,2018,5,29,-15.426,28.311,1324.914,0.0146155558475999,0.0154681944444444,0.0160131648197947,0.0156791666666666
ZAMB,1246,2018,5,30,-15.426,28.311,1324.914,0.0106516211570705,0.0111164583333333,0.0114866493813362,0.0120333333333333
ZAMB,1248,2018,6,1,-15.426,28.311,1324.914,0.010627855762508,0.0107552083333333,0.0115791913414033,0.0116375
ZAMB,1249,2018,6,2,-15.426,28.311,1324.914,0.0111814376938934,0.0114812152777777,0.010802912052448,0.0127583333333333
ZAMB,1250,2018,6,3,-15.426,28.311,1324.914,0.0125150496431443,0.0124027083333333,0.0130585836853841,0.0137208333333333
ZAMB,1251,2018,6,4,-15.426,28.311,1324.914,0.0110411159580059,0.0099728125,0.0113513797676214,0.0115208333333333
ZAMB,1252,2018,6,5,-15.426,28.311,1324.914,0.0098623859096527,0.0094330902777777,0.0102347239065473,0.0109625
ZAMB,1253,2018,6,6,-15.426,28.311,1324.914,0.0087748855170705,0.0086459027777777,0.0082646894763862,0.009625
ZAMB,1254,2018,6,7,-15.426,28.311,1324.914,0.0071249457235265,0.0072823958333333,0.0069111609654614,0.008325
ZAMB,1255,2018,6,8,-15.426,28.311,1324.914,0.0058562103796868,0.0063175347222222,0.0063402098869386,0.0072499999999999
ZAMB,1256,2018,6,9,-15.426,28.311,1324.914,0.0047255854138354,0.0052785416666666,0.0052902518113956,0.00575
ZAMB,1257,2018,6,10,-15.426,28.311,1324.914,0.0057533335930653,0.0065242361111111,0.0057965937744418,0.0062083333333333
ZAMB,1258,2018,6,11,-15.426,28.311,1324.914,0.0100247263462289,0.0106496527777777,0.0092919526122452,0.0092291666666666
ZAMB,1259,2018,6,12,-15.426,28.311,1324.914,0.0112932889421043,0.0117689236111111,0.011420907401498,0.0113875
ZAMB,1260,2018,6,13,-15.426,28.311,1324.914,0.011161214133498,0.0113548263888888,0.0104012930203787,0.0100749999999999
ZAMB,1261,2018,6,14,-15.426,28.311,1324.914,0.011020855970027,0.0113825694444444,0.0095365916056835,0.0106
ZAMB,1262,2018,6,15,-15.426,28.311,1324.914,0.0115026355682666,0.0113378819444444,0.0086852742930561,0.0113541666666666
ZAMB,1263,2018,6,16,-15.426,28.311,1324.914,0.0104145822508117,0.0109333680555555,0.0081855251099408,0.0111333333333333
ZAMB,1264,2018,6,17,-15.426,28.311,1324.914,0.00978710419034,0.0103428472222222,0.0087431168207355,0.0104375
ZAMB,1265,2018,6,18,-15.426,28.311,1324.914,0.0106086135988287,0.0108722222222222,0.0097122698901408,0.0109625
ZAMB,1266,2018,6,19,-15.426,28.311,1324.914,0.0096569748257687,0.0095488541666666,0.0098454443710244,0.0100791666666666
ZAMB,1267,2018,6,20,-15.426,28.311,1324.914,0.0109416514176714,0.0104396180555555,0.0107452374368958,0.0121791666666666
ZAMB,1268,2018,6,21,-15.426,28.311,1324.914,0.0146184277908878,0.0165898611111111,0.0148329397439724,0.0163458333333333
ZAMB,1269,2018,6,22,-15.426,28.311,1324.914,0.0138043826848081,0.0146236111111111,0.0140549328056581,0.0143583333333333
ZAMB,1270,2018,6,23,-15.426,28.311,1324.914,0.0146417746020629,0.0159227777777777,0.0147296714593319,0.0157083333333333
ZAMB,1271,2018,6,24,-15.426,28.311,1324.914,0.0140128362119468,0.0151621527777777,0.0147099413871418,0.0144041666666666
ZAMB,1272,2018,6,25,-15.426,28.311,1324.914,0.0133715241646411,0.0142193055555555,0.0134232436557842,0.0141041666666666
ZAMB,1273,2018,6,26,-15.426,28.311,1324.914,0.0131169888573937,0.0139789930555555,0.0132655384055435,0.0148541666666666
ZAMB,1274,2018,6,27,-15.426,28.311,1324.914,0.011848686178112,0.0118017708333333,0.0122203763141418,0.0134583333333333
ZAMB,1275,2018,6,28,-15.426,28.311,1324.914,0.0117162474214362,0.0115629861111111,0.0125089306931831,0.0135916666666666
ZAMB,1276,2018,6,29,-15.426,28.311,1324.914,0.0105678118171652,0.0108462847222222,0.0117043389306276,0.0120708333333333
ZAMB,1277,2018,6,30,-15.426,28.311,1324.914,0.0078744659188624,0.0078808333333333,0.007256681802571,0.0078125
ZAMB,1278,2018,7,1,-15.426,28.311,1324.914,0.0066554196617237,0.0064957638888888,0.0066603597457653,0.0066
ZAMB,1279,2018,7,2,-15.426,28.311,1324.914,0.0069573839044392,0.008191875,0.0069397900573056,0.0081166666666666
ZAMB,1280,2018,7,3,-15.426,28.311,1324.914,0.0084553340752946,0.00889,0.0080264575233742,0.0082958333333333
ZAMB,1281,2018,7,4,-15.426,28.311,1324.914,0.0110641080549955,0.0109504166666666,0.0111377929675987,0.0111541666666666
ZAMB,1282,2018,7,5,-15.426,28.311,1324.914,0.0144528562411088,0.0144609375,0.0145139099822935,0.0148875
ZAMB,1283,2018,7,6,-15.426,28.311,1324.914,0.014712594170956,0.0146447569444444,0.0139413230708329,0.0152833333333333
ZAMB,1284,2018,7,7,-15.426,28.311,1324.914,0.0138726187812034,0.0136333333333333,0.0138290497484947,0.014875
ZAMB,1285,2018,7,8,-15.426,28.311,1324.914,0.0135377829245039,0.0139057638888888,0.0149179725207005,0.0155625
ZAMB,1286,2018,7,9,-15.426,28.311,1324.914,0.0140280775930191,0.0150287847222222,0.0153047014714013,0.0165291666666666
ZAMB,1287,2018,7,10,-15.426,28.311,1324.914,0.0140280177600338,0.0148679861111111,0.0148500426583716,0.0150291666666666
ZAMB,1288,2018,7,11,-15.426,28.311,1324.914,0.0126558581432133,0.0137022222222222,0.0136705831146732,0.0135875
ZAMB,1289,2018,7,12,-15.426,28.311,1324.914,0.0128513343397292,0.0140683333333333,0.0137686403332005,0.0141833333333333
ZAMB,1290,2018,7,13,-15.426,28.311,1324.914,0.0128371378192234,0.0139210069444444,0.0132562862655032,0.0142541666666666
ZAMB,1291,2018,7,14,-15.426,28.311,1324.914,0.0128961881365278,0.0144176388888888,0.0144381468643417,0.01475
ZAMB,1292,2018,7,15,-15.426,28.311,1324.914,0.0134560356450445,0.0134552777777777,0.01430252024628,0.0146625
ZAMB,1293,2018,7,16,-15.426,28.311,1324.914,0.0137235493311189,0.0133183333333333,0.0135062292012198,0.0146208333333333
ZAMB,1294,2018,7,17,-15.426,28.311,1324.914,0.012626788582276,0.01221125,0.0122412630257832,0.0132208333333333
ZAMB,1295,2018,7,18,-15.426,28.311,1324.914,0.011650747906933,0.010629375,0.0118521252510758,0.0115916666666666
ZAMB,1296,2018,7,19,-15.426,28.311,1324.914,0.0112589922558411,0.0103410416666666,0.0113572503875451,0.0112291666666666
ZAMB,1297,2018,7,20,-15.426,28.311,1324.914,0.0101968440415847,0.0094712847222222,0.0111091770493197,0.0107416666666666
ZAMB,1298,2018,7,21,-15.426,28.311,1324.914,0.0089098003033099,0.0091235416666666,0.0103223666728538,0.0102958333333333
ZAMB,1299,2018,7,22,-15.426,28.311,1324.914,0.0084239674699926,0.0088246527777777,0.0093591820615162,0.0100708333333333
ZAMB,1300,2018,7,23,-15.426,28.311,1324.914,0.0087746668142868,0.0088596180555555,0.0088558261470064,0.0096125
ZAMB,1301,2018,7,24,-15.426,28.311,1324.914,0.0078841441691387,0.0089269444444444,0.0087085984805659,0.009975
ZAMB,1302,2018,7,25,-15.426,28.311,1324.914,0.0091539342001384,0.0095872916666666,0.008850145057999,0.0098916666666666
ZAMB,1303,2018,7,26,-15.426,28.311,1324.914,0.0093322694859467,0.0095605208333333,0.008808699415381,0.0094
ZAMB,1304,2018,7,27,-15.426,28.311,1324.914,0.0110718453275006,0.0112945138888888,0.0102014795102523,0.0117708333333333
ZAMB,1305,2018,7,28,-15.426,28.311,1324.914,0.0117103397465813,0.0124492013888888,0.0124406272005648,0.0131875
ZAMB,1306,2018,7,29,-15.426,28.311,1324.914,0.0089217363645371,0.0101707986111111,0.0111593462725992,0.0111291666666666
ZAMB,1307,2018,7,30,-15.426,28.311,1324.914,0.0080001439198922,0.0092025347222222,0.0096164779873316,0.011
ZAMB,1309,2018,8,1,-15.426,28.311,1324.914,0.0080526928374515,0.0085190625,0.0077336618037186,0.0085416666666666
ZAMB,1310,2018,8,2,-15.426,28.311,1324.914,0.0060637904879148,0.0076166319444444,0.0067066125885524,0.0069666666666666
ZAMB,1311,2018,8,3,-15.426,28.311,1324.914,0.0071636189782931,0.0079256597222222,0.0072645955376919,0.0072916666666666
ZAMB,1312,2018,8,4,-15.426,28.311,1324.914,0.0063274683539584,0.0068764583333333,0.0073672885291921,0.0068416666666666
ZAMB,1313,2018,8,5,-15.426,28.311,1324.914,0.0056956162928857,0.0069319791666666,0.0069390067974417,0.0074291666666666
ZAMB,1314,2018,8,6,-15.426,28.311,1324.914,0.0069425368518563,0.0076887847222222,0.0076065014299597,0.0081666666666666
ZAMB,1315,2018,8,7,-15.426,28.311,1324.914,0.0067696315297307,0.0073594097222222,0.0069896683760199,0.0077291666666666
ZAMB,1316,2018,8,8,-15.426,28.311,1324.914,0.0066220645109433,0.0071639236111111,0.0059661660415164,0.0076291666666666
ZAMB,1317,2018,8,9,-15.426,28.311,1324.914,0.008356696623823,0.0081014583333333,0.0073031525502858,0.0089166666666666
ZAMB,1318,2018,8,10,-15.426,28.311,1324.914,0.0078140247218201,0.0084704166666666,0.0081852355713666,0.00855
ZAMB,1319,2018,8,11,-15.426,28.311,1324.914,0.007218980654056,0.0072794097222222,0.0075701020323433,0.0076958333333333
ZAMB,1320,2018,8,12,-15.426,28.311,1324.914,0.0110067455962529,0.0114851041666666,0.0100518927648765,0.0118749999999999
ZAMB,1321,2018,8,13,-15.426,28.311,1324.914,0.0121778187802267,0.0113054513888888,0.0119394606019915,0.0118291666666666
ZAMB,1322,2018,8,14,-15.426,28.311,1324.914,0.010078394706594,0.0098478819444444,0.010229044280266,0.011725
ZAMB,1323,2018,8,15,-15.426,28.311,1324.914,0.0075110852278611,0.0078293055555555,0.007716999436172,0.009075
ZAMB,1324,2018,8,16,-15.426,28.311,1324.914,0.0078171469220067,0.0086721527777777,0.0074214422456702,0.0095208333333333
ZAMB,1325,2018,8,17,-15.426,28.311,1324.914,0.0078069096814133,0.0087763194444444,0.008174094656911,0.0092874999999999
ZAMB,1326,2018,8,18,-15.426,28.311,1324.914,0.0078684294989109,0.0081400347222222,0.0077476755439233,0.0076374999999999
ZAMB,1327,2018,8,19,-15.426,28.311,1324.914,0.0081579916124768,0.0092813541666666,0.0091053196492466,0.0108291666666666
ZAMB,1328,2018,8,20,-15.426,28.311,1324.914,0.0079666081982008,0.0083792708333333,0.0087680395799959,0.0089416666666666
ZAMB,1329,2018,8,21,-15.426,28.311,1324.914,0.0082039191228688,0.0083556944444444,0.0080935536632552,0.0094749999999999
ZAMB,1330,2018,8,22,-15.426,28.311,1324.914,0.0108217161395046,0.0108830208333333,0.0107714461895419,0.0122333333333333
ZAMB,1331,2018,8,23,-15.426,28.311,1324.914,0.0115585591963784,0.0113793055555555,0.0115080868211069,0.0121416666666666
ZAMB,1332,2018,8,24,-15.426,28.311,1324.914,0.0099315476944726,0.0103117361111111,0.010876831964876,0.01025
ZAMB,1333,2018,8,25,-15.426,28.311,1324.914,0.0109056718525149,0.0110559722222222,0.0113943728568296,0.0118749999999999
ZAMB,1334,2018,8,26,-15.426,28.311,1324.914,0.0107547249115229,0.0112595486111111,0.0107177162567318,0.0115833333333333
ZAMB,1335,2018,8,27,-15.426,28.311,1324.914,0.0108779348258479,0.0111143402777777,0.0107030131107416,0.0117708333333333
ZAMB,1336,2018,8,28,-15.426,28.311,1324.914,0.0128283099637883,0.0134434375,0.0139080631879184,0.0147583333333333
ZAMB,1337,2018,8,29,-15.426,28.311,1324.914,0.0123599717603236,0.013781875,0.0145004047069376,0.0142375
ZAMB,1338,2018,8,30,-15.426,28.311,1324.914,0.0108202507337641,0.0122535763888888,0.0117892015638847,0.0124708333333333
ZAMB,1340,2018,9,1,-15.426,28.311,1324.914,0.0116286849351258,0.0120891319444444,0.0115119127530417,0.0129458333333333
ZAMB,1341,2018,9,2,-15.426,28.311,1324.914,0.0127673470069498,0.0132695486111111,0.0134674836279286,0.0134
ZAMB,1342,2018,9,3,-15.426,28.311,1324.914,0.0124672993147296,0.0130748958333333,0.0128672357967892,0.0138041666666666
ZAMB,1343,2018,9,4,-15.426,28.311,1324.914,0.0113712488664273,0.0118301041666666,0.0116886315936679,0.0126625
ZAMB,1344,2018,9,5,-15.426,28.311,1324.914,0.0153911293209128,0.0157036805555555,0.0138376640460253,0.0159583333333333
ZAMB,1345,2018,9,6,-15.426,28.311,1324.914,0.0186055299187793,0.0197351041666666,0.0194287103144823,0.0208458333333333
ZAMB,1346,2018,9,7,-15.426,28.311,1324.914,0.0162984013068639,0.0179423611111111,0.0172481842029951,0.0182041666666666
ZAMB,1347,2018,9,8,-15.426,28.311,1324.914,0.020541825986559,0.0214208333333333,0.0210070493278399,0.0224166666666666
ZAMB,1348,2018,9,9,-15.426,28.311,1324.914,0.0208927775518343,0.0215749652777777,0.0227945367139036,0.0236291666666666
ZAMB,1349,2018,9,10,-15.426,28.311,1324.914,0.013807223053565,0.0153239583333333,0.0144332479783587,0.0150625
ZAMB,1350,2018,9,11,-15.426,28.311,1324.914,0.0103445571507575,0.0116063541666666,0.0109466783607417,0.0102291666666666
ZAMB,1351,2018,9,12,-15.426,28.311,1324.914,0.0083479635645972,0.0088919097222222,0.009103504242258,0.010175
ZAMB,1352,2018,9,13,-15.426,28.311,1324.914,0.0091745429390685,0.0093202777777777,0.0097373622125794,0.0105541666666666
ZAMB,1353,2018,9,14,-15.426,28.311,1324.914,0.0096261825673914,0.0103157986111111,0.0104253836336809,0.0116874999999999
ZAMB,1354,2018,9,15,-15.426,28.311,1324.914,0.0091531474512415,0.010316875,0.0111117534991971,0.0110958333333333
ZAMB,1355,2018,9,16,-15.426,28.311,1324.914,0.0080723660918897,0.0080211111111111,0.0099330353853165,0.009
ZAMB,1356,2018,9,17,-15.426,28.311,1324.914,0.0107108726034733,0.0114970486111111,0.0103676199995116,0.0120291666666666
ZAMB,1357,2018,9,18,-15.426,28.311,1324.914,0.0093130920169732,0.009138125,0.0095458810362083,0.0100083333333333
ZAMB,1358,2018,9,19,-15.426,28.311,1324.914,0.008368171460847,0.0090650347222222,0.0085447715096671,0.0096916666666666
ZAMB,1359,2018,9,20,-15.426,28.311,1324.914,0.010445389737921,0.0095897569444444,0.0080395909607076,0.0102958333333333
ZAMB,1360,2018,9,21,-15.426,28.311,1324.914,0.0166382001905417,0.0170058333333333,0.0141003066233942,0.0165666666666666
ZAMB,1361,2018,9,22,-15.426,28.311,1324.914,0.0150285398844716,0.0160219791666666,0.0165186773793203,0.0157374999999999
ZAMB,1362,2018,9,23,-15.426,28.311,1324.914,0.0115022164065583,0.0121279166666666,0.0115769081405408,0.0131833333333333
ZAMB,1363,2018,9,24,-15.426,28.311,1324.914,0.0116624062755723,0.0126278472222222,0.0116865603607591,0.0130499999999999
ZAMB,1364,2018,9,25,-15.426,28.311,1324.914,0.0131650159198889,0.0139673611111111,0.0136910083636921,0.0151666666666666
ZAMB,1365,2018,9,26,-15.426,28.311,1324.914,0.0137312908497254,0.0153090972222222,0.0137014134292021,0.0144374999999999
ZAMB,1366,2018,9,27,-15.426,28.311,1324.914,0.0140711142947174,0.0162227430555555,0.0134531166805394,0.0162416666666666
ZAMB,1373,2018,10,4,-15.426,28.311,1324.914,0.0106192757077405,0.0128952554744525,0.0154999201608851,0.0152833333333333
ZAMB,1374,2018,10,5,-15.426,28.311,1324.914,0.0128941563788351,0.0142853125,0.014464263820358,0.0144916666666666
ZAMB,1375,2018,10,6,-15.426,28.311,1324.914,0.0146510676564277,0.0155123611111111,0.0157168522491093,0.0157791666666666
ZAMB,1376,2018,10,7,-15.426,28.311,1324.914,0.0137490733558243,0.0137275,0.0134615827147246,0.0139916666666666
ZAMB,1377,2018,10,8,-15.426,28.311,1324.914,0.0095313286737571,0.0087812499999999,0.0090035283514588,0.0088291666666666
ZAMB,1378,2018,10,9,-15.426,28.311,1324.914,0.0076434603677677,0.0073174305555555,0.0093259984222381,0.0088291666666666
ZAMB,1379,2018,10,10,-15.426,28.311,1324.914,0.0097378024222835,0.0098288888888888,0.0103301301281116,0.0102041666666666
ZAMB,1380,2018,10,11,-15.426,28.311,1324.914,0.0119721627860897,0.0131422569444444,0.0124794507908684,0.0130791666666666
ZAMB,1381,2018,10,12,-15.426,28.311,1324.914,0.0120891840035013,0.0133310763888888,0.0131445220776836,0.0138208333333333
ZAMB,1382,2018,10,13,-15.426,28.311,1324.914,0.0152191159023006,0.0166827083333333,0.0156104891663192,0.0166541666666666
ZAMB,1383,2018,10,14,-15.426,28.311,1324.914,0.0198159595862326,0.0210335763888888,0.0178021885093043,0.0192666666666666
ZAMB,1384,2018,10,15,-15.426,28.311,1324.914,0.0215418651818143,0.0216827083333333,0.0207480609885553,0.0220583333333333
ZAMB,1385,2018,10,16,-15.426,28.311,1324.914,0.023752062728062,0.0246410416666666,0.0265262651576738,0.0266291666666666
ZAMB,1386,2018,10,17,-15.426,28.311,1324.914,0.0222245119714321,0.0230992013888888,0.0240928301768272,0.0244083333333333
ZAMB,1387,2018,10,18,-15.426,28.311,1324.914,0.0215584199590064,0.0223073263888888,0.0218342981287696,0.0217666666666666
ZAMB,1388,2018,10,19,-15.426,28.311,1324.914,0.0249023526217164,0.0257629166666666,0.0255180761874254,0.025675
ZAMB,1389,2018,10,20,-15.426,28.311,1324.914,0.0267828626810814,0.0263952777777777,0.025787289635847,0.0257875
ZAMB,1390,2018,10,21,-15.426,28.311,1324.914,0.0234642422839298,0.0223806597222222,0.0226821666920914,0.0220416666666666
ZAMB,1391,2018,10,22,-15.426,28.311,1324.914,0.0189784626793378,0.0197511111111111,0.0199003582977843,0.0191958333333333
ZAMB,1392,2018,10,23,-15.426,28.311,1324.914,0.015703160322422,0.0147271875,0.0159234375982276,0.01655
ZAMB,1393,2018,10,24,-15.426,28.311,1324.914,0.0180791989679169,0.0185019791666666,0.019659784590226,0.0192958333333333
ZAMB,1394,2018,10,25,-15.426,28.311,1324.914,0.0187675431581419,0.0198669791666666,0.020948842165296,0.0197958333333333
ZAMB,1395,2018,10,26,-15.426,28.311,1324.914,0.0162131298403527,0.0170513194444444,0.0179295151775402,0.0156416666666666
ZAMB,1399,2018,10,30,-15.426,28.311,1324.914,0.0079395988595268,0.0092677419354838,0.0073098849417112,0.0084916666666666
ZAMB,1405,2018,11,5,-15.426,28.311,1324.914,0.0211204130366475,0.02291075,0.0205749397035102,0.0207625
ZAMB,1406,2018,11,6,-15.426,28.311,1324.914,0.0234272026217086,0.0243353124999999,0.024573762345854,0.0246291666666666
ZAMB,1407,2018,11,7,-15.426,28.311,1324.914,0.0273115330004842,0.028304,0.0302743735879539,0.0293875
ZAMB,1408,2018,11,8,-15.426,28.311,1324.914,0.0219185756733923,0.0241652972972972,0.0268737822627615,0.0266333333333333
ZAMB,1409,2018,11,9,-15.426,28.311,1324.914,0.0187550124093074,0.0205680555555555,0.0191731672490569,0.0200125
ZAMB,1410,2018,11,10,-15.426,28.311,1324.914,0.017807931321514,0.0172457671957671,0.0177443046453809,0.0168791666666666
ZAMB,1414,2018,11,14,-15.426,28.311,1324.914,0.0096076413965493,0.0102714953271028,0.0102183769146126,0.0104791666666666
ZAMB,1415,2018,11,15,-15.426,28.311,1324.914,0.0113009431134422,0.0115968402777777,0.0111969404093775,0.011525
ZAMB,1416,2018,11,16,-15.426,28.311,1324.914,0.0179474290044708,0.0192549305555555,0.0168970102909692,0.01885
ZAMB,1417,2018,11,17,-15.426,28.311,1324.914,0.0217398935431393,0.0232818055555555,0.0224920971455641,0.0226916666666666
ZAMB,1418,2018,11,18,-15.426,28.311,1324.914,0.0258928408339062,0.0264038194444444,0.0262848421257498,0.0275541666666666
ZAMB,1419,2018,11,19,-15.426,28.311,1324.914,0.0261749466003137,0.0269948263888888,0.0284417662448086,0.028575
ZAMB,1420,2018,11,20,-15.426,28.311,1324.914,0.0187097088202513,0.0185715277777777,0.0184907140234205,0.0191708333333333
ZAMB,1421,2018,11,21,-15.426,28.311,1324.914,0.0195539663001024,0.0203150347222222,0.0198534604503784,0.0197833333333333
ZAMB,1422,2018,11,22,-15.426,28.311,1324.914,0.0301741769659396,0.0306850694444444,0.027744898020902,0.0291166666666666
ZAMB,1423,2018,11,23,-15.426,28.311,1324.914,0.0354909985243289,0.0347613541666666,0.036191507890891,0.0368
ZAMB,1424,2018,11,24,-15.426,28.311,1324.914,0.0341410310865367,0.0344747569444444,0.0350839909891919,0.0344666666666666
ZAMB,1425,2018,11,25,-15.426,28.311,1324.914,0.033000239823768,0.0330237847222222,0.0325526186777264,0.032625
ZAMB,1427,2018,11,27,-15.426,28.311,1324.914,0.036076260115967,0.0366780851063829,0.0368223653120439,0.0371208333333333
ZAMB,1428,2018,11,28,-15.426,28.311,1324.914,0.0359157137718308,0.0361754166666666,0.035504739243609,0.0360791666666666
ZAMB,1429,2018,11,29,-15.426,28.311,1324.914,0.033515285193078,0.0346202777777777,0.0352493448020816,0.035225
ZAMB,1430,2018,11,30,-15.426,28.311,1324.914,0.0314865752787893,0.0309034722222222,0.0323566249573138,0.0320166666666666
ZAMB,1431,2018,12,1,-15.426,28.311,1324.914,0.0277857817873293,0.0293795833333333,0.0298247112438555,0.0304166666666666
ZAMB,1432,2018,12,2,-15.426,28.311,1324.914,0.0206799818762762,0.0214316319444444,0.0219712370549152,0.0214791666666666
ZAMB,1433,2018,12,3,-15.426,28.311,1324.914,0.0202342794357539,0.0214542013888888,0.020340750695815,0.0206416666666666
ZAMB,1434,2018,12,4,-15.426,28.311,1324.914,0.0236353258649649,0.0265880208333333,0.0232976782575066,0.0240416666666666
ZAMB,1437,2018,12,7,-15.426,28.311,1324.914,0.0349415617288244,0.0340969680851063,0.0326041998676077,0.0335958333333333
ZAMB,1438,2018,12,8,-15.426,28.311,1324.914,0.0358599210441238,0.0355183333333333,0.0351529773535764,0.0348749999999999
ZAMB,1439,2018,12,9,-15.426,28.311,1324.914,0.036113117299331,0.0374174652777777,0.0387385794874871,0.0391
ZAMB,1440,2018,12,10,-15.426,28.311,1324.914,0.0323886309920246,0.0336995486111111,0.0340672385930607,0.0349666666666666
ZAMB,1441,2018,12,11,-15.426,28.311,1324.914,0.029488186140856,0.0315830555555555,0.0322465840424671,0.0321958333333333
ZAMB,1442,2018,12,12,-15.426,28.311,1324.914,0.0269931114359678,0.0289530902777777,0.027892946484133,0.0275916666666666
ZAMB,1443,2018,12,13,-15.426,28.311,1324.914,0.0295180049438449,0.0313388194444444,0.0304520957631102,0.0314666666666666
ZAMB,1444,2018,12,14,-15.426,28.311,1324.914,0.0329039560269655,0.0339630902777777,0.032423918427202,0.0325291666666666
ZAMB,1445,2018,12,15,-15.426,28.311,1324.914,0.0364628195719641,0.0365476736111111,0.0336118033728624,0.0338791666666666
ZAMB,1446,2018,12,16,-15.426,28.311,1324.914,0.0375341419465057,0.0378028472222222,0.0357470993526177,0.0363166666666666
ZAMB,1447,2018,12,17,-15.426,28.311,1324.914,0.0377685545011753,0.0380006249999999,0.0375609623092543,0.0372916666666666
ZAMB,1448,2018,12,18,-15.426,28.311,1324.914,0.0375518136899422,0.0382446180555555,0.0369605825728179,0.0380375
ZAMB,1449,2018,12,19,-15.426,28.311,1324.914,0.0364041988668777,0.0374744097222222,0.0362736644647598,0.0367875
ZAMB,1450,2018,12,20,-15.426,28.311,1324.914,0.0306581614804668,0.0299364930555555,0.0305663935958006,0.0307375
ZAMB,1451,2018,12,21,-15.426,28.311,1324.914,0.035571678262264,0.0347202430555555,0.0335848173353198,0.0345541666666666
ZAMB,1452,2018,12,22,-15.426,28.311,1324.914,0.0349079160662241,0.0350468402777777,0.0360253327718611,0.036025
ZAMB,1453,2018,12,23,-15.426,28.311,1324.914,0.0291100708265119,0.0293558680555555,0.0291140063897089,0.0304208333333333
ZAMB,1454,2018,12,24,-15.426,28.311,1324.914,0.0227240955658972,0.0228473611111111,0.0253962589552939,0.0251833333333333
ZAMB,1455,2018,12,25,-15.426,28.311,1324.914,0.0237083259239785,0.0235788541666666,0.0245868076341025,0.0247125
ZAMB,1456,2018,12,26,-15.426,28.311,1324.914,0.036509229041403,0.0382630902777777,0.0343412897726926,0.0377375
ZAMB,1457,2018,12,27,-15.426,28.311,1324.914,0.0397961793117933,0.03929125,0.0388338593952964,0.0393375
ZAMB,1458,2018,12,28,-15.426,28.311,1324.914,0.0370216777039892,0.0375806944444444,0.0375761718706393,0.0367875
ZAMB,1459,2018,12,29,-15.426,28.311,1324.914,0.0359999457817811,0.0368559027777777,0.0338200136975398,0.0347166666666666
ZAMB,1460,2018,12,30,-15.426,28.311,1324.914,0.0370785901043291,0.0374364583333333,0.0344921629393336,0.0359833333333333
ZAMB,1462,2019,1,1,-15.426,28.311,1324.914,0.0341220545601839,0.0348252083333333,0.0320319345773538,0.0336208333333333
ZAMB,1464,2019,1,3,-15.426,28.311,1324.914,0.0394723931389811,0.0391284729064039,0.0377507201359173,0.0381583333333333
ZAMB,1465,2019,1,4,-15.426,28.311,1324.914,0.0400110909762492,0.03992,0.0387126382009115,0.0390583333333333
ZAMB,1466,2019,1,5,-15.426,28.311,1324.914,0.0401232152025697,0.0404278125,0.0393659076942761,0.0400625
ZAMB,1499,2019,2,7,-15.426,28.311,1324.914,0.0400594352526518,0.0394930909090909,0.038708167766074,0.0374208333333333
ZAMB,1500,2019,2,8,-15.426,28.311,1324.914,0.0381023013300568,0.0390170833333333,0.0391224193804364,0.0397708333333333
ZAMB,1501,2019,2,9,-15.426,28.311,1324.914,0.0327480422102428,0.0313294791666666,0.0318243217436072,0.0334833333333333
ZAMB,1502,2019,2,10,-15.426,28.311,1324.914,0.0362734087386571,0.0375465625,0.0357401232797558,0.0365958333333333
ZAMB,1503,2019,2,11,-15.426,28.311,1324.914,0.0339061553135008,0.0349027430555555,0.0336489160456251,0.0354041666666666
ZAMB,1504,2019,2,12,-15.426,28.311,1324.914,0.0363224216374333,0.0367592013888888,0.03317366840114,0.034925
ZAMB,1505,2019,2,13,-15.426,28.311,1324.914,0.0363954407993256,0.0363110416666666,0.0376734173586876,0.0366333333333333
ZAMB,1506,2019,2,14,-15.426,28.311,1324.914,0.0382527677526869,0.0390226388888888,0.0374874276694195,0.0375541666666666
ZAMB,1507,2019,2,15,-15.426,28.311,1324.914,0.035148483140433,0.0362001736111111,0.0366862180716416,0.0366374999999999
ZAMB,1508,2019,2,16,-15.426,28.311,1324.914,0.0332017224324167,0.0337265625,0.0333106212972387,0.0351333333333333
ZAMB,1509,2019,2,17,-15.426,28.311,1324.914,0.0356562540690005,0.0351378472222222,0.037816876050433,0.0377833333333333
ZAMB,1510,2019,2,18,-15.426,28.311,1324.914,0.0317403448058776,0.0330142708333333,0.0355270190034836,0.034075
ZAMB,1511,2019,2,19,-15.426,28.311,1324.914,0.0220446557742377,0.022164982078853,0.0231880761573485,0.0276
ZAMB,1512,2019,2,20,-15.426,28.311,1324.914,0.0225750970414737,0.0231098958333333,0.0225069798753163,0.025925
ZAMB,1513,2019,2,21,-15.426,28.311,1324.914,0.0276404004406828,0.0261060416666666,0.0247996351939588,0.0258833333333333
ZAMB,1514,2019,2,22,-15.426,28.311,1324.914,0.0300111313807346,0.0303155208333333,0.0306516226359791,0.0313666666666666
ZAMB,1515,2019,2,23,-15.426,28.311,1324.914,0.0245564835372417,0.0258844444444444,0.0261164986648116,0.026475
ZAMB,1516,2019,2,24,-15.426,28.311,1324.914,0.0217347927894187,0.0227951736111111,0.0224215772058576,0.0226541666666666
ZAMB,1517,2019,2,25,-15.426,28.311,1324.914,0.0238019665735199,0.0234443402777777,0.0211534251928253,0.0226791666666666
ZAMB,1518,2019,2,26,-15.426,28.311,1324.914,0.0256384232347099,0.0269011805555555,0.0254697253856312,0.0287083333333333
ZAMB,1519,2019,2,27,-15.426,28.311,1324.914,0.0256635943098379,0.0246798263888888,0.0247651189799939,0.0282041666666666
ZAMB,1520,2019,2,28,-15.426,28.311,1324.914,0.0257324349796161,0.0267011111111111,0.025506467942323,0.0275166666666666
ZAMB,1521,2019,3,1,-15.426,28.311,1324.914,0.0213809857353507,0.0198489930555555,0.021145006788575,0.0223125
ZAMB,1540,2019,3,20,-15.426,28.311,1324.914,0.0213578164299526,0.0223423170731707,0.023578489654406,0.0240416666666666
ZAMB,1541,2019,3,21,-15.426,28.311,1324.914,0.0209365447896309,0.0218771527777777,0.0217970216840247,0.0234208333333333
ZAMB,1542,2019,3,22,-15.426,28.311,1324.914,0.020764350117166,0.0216468402777777,0.0205359947492534,0.0220875
ZAMB,1543,2019,3,23,-15.426,28.311,1324.914,0.0213700770189512,0.0222402083333333,0.02081342745904,0.0228083333333333
ZAMB,1544,2019,3,24,-15.426,28.311,1324.914,0.0219615669270743,0.0228581403508771,0.0225353391665239,0.0224916666666666
ZAMB,1545,2019,3,25,-15.426,28.311,1324.914,0.021532158553566,0.0244354861111111,0.0245308648277487,0.0238749999999999
ZAMB,1546,2019,3,26,-15.426,28.311,1324.914,0.0228639385716796,0.0235294791666666,0.0230425500568601,0.0234958333333333
ZAMB,1547,2019,3,27,-15.426,28.311,1324.914,0.0239991366180103,0.0224594097222222,0.0219798162061256,0.0226083333333333
ZAMB,1548,2019,3,28,-15.426,28.311,1324.914,0.0237719102321519,0.0232544791666666,0.0221089271223061,0.0237416666666666
ZAMB,1549,2019,3,29,-15.426,28.311,1324.914,0.0197764244618153,0.0186580902777777,0.0191117340818529,0.0192125
ZAMB,1550,2019,3,30,-15.426,28.311,1324.914,0.0145791751320043,0.0146147222222222,0.0143574152254358,0.0143625
ZAMB,1552,2019,4,1,-15.426,28.311,1324.914,0.0140595413747551,0.015553125,0.0152264616211286,0.0149624999999999
ZAMB,1553,2019,4,2,-15.426,28.311,1324.914,0.0158464788083749,0.0165046875,0.0154275949405201,0.0176833333333333
ZAMB,1554,2019,4,3,-15.426,28.311,1324.914,0.0175938573645373,0.0181368055555555,0.017623892672705,0.0178375
ZAMB,1555,2019,4,4,-15.426,28.311,1324.914,0.0174273927941938,0.0176038541666666,0.0173979590812544,0.015975
ZAMB,1556,2019,4,5,-15.426,28.311,1324.914,0.0238697393875378,0.0250925,0.0231906598160628,0.0232374999999999
ZAMB,1557,2019,4,6,-15.426,28.311,1324.914,0.0302796566824191,0.0307502083333333,0.030463561309524,0.0305041666666666
ZAMB,1558,2019,4,7,-15.426,28.311,1324.914,0.0341027723744435,0.0351480902777777,0.0342325301502219,0.0329458333333333
ZAMB,1559,2019,4,8,-15.426,28.311,1324.914,0.0366814390984177,0.0363317013888888,0.034686147833471,0.0362291666666666
ZAMB,1560,2019,4,9,-15.426,28.311,1324.914,0.035461755461484,0.0353255555555555,0.0343550905876421,0.0353416666666666
ZAMB,1561,2019,4,10,-15.426,28.311,1324.914,0.0341891477159689,0.0326613888888888,0.0330764131654572,0.0299
ZAMB,1562,2019,4,11,-15.426,28.311,1324.914,0.0383491587919421,0.0377803472222222,0.0372838557691371,0.0361875
ZAMB,1563,2019,4,12,-15.426,28.311,1324.914,0.03756704089149,0.037226875,0.0382202191461401,0.0374875
ZAMB,1564,2019,4,13,-15.426,28.311,1324.914,0.0334170470920658,0.0338206944444444,0.0321662712293735,0.0337125
ZAMB,1565,2019,4,14,-15.426,28.311,1324.914,0.0322245310653434,0.03296125,0.0315117912252016,0.0334125
ZAMB,1566,2019,4,15,-15.426,28.311,1324.914,0.0346780114558053,0.0353574305555555,0.0356483984967568,0.0368208333333333
ZAMB,1567,2019,4,16,-15.426,28.311,1324.914,0.0366024528399188,0.0370851736111111,0.0375786808359703,0.0381083333333333
ZAMB,1568,2019,4,17,-15.426,28.311,1324.914,0.0380830313288762,0.0379365277777777,0.0366194283484326,0.0372541666666666
ZAMB,1570,2019,4,19,-15.426,28.311,1324.914,0.031955278499294,0.0328167361111111,0.0331397342032875,0.0340666666666666
ZAMB,1571,2019,4,20,-15.426,28.311,1324.914,0.0264134003914514,0.0274473958333333,0.0283649645474763,0.0278625
ZAMB,1572,2019,4,21,-15.426,28.311,1324.914,0.02314264323736,0.0228934027777777,0.0236853016011079,0.0218541666666666
ZAMB,1573,2019,4,22,-15.426,28.311,1324.914,0.021595664602662,0.0220740972222222,0.0239923069188875,0.0219666666666666
ZAMB,1574,2019,4,23,-15.426,28.311,1324.914,0.0232536930243758,0.0240043055555555,0.0235578791319103,0.0227583333333333
ZAMB,1575,2019,4,24,-15.426,28.311,1324.914,0.0227476557329671,0.0241077430555555,0.0234139342517196,0.0232875
ZAMB,1576,2019,4,25,-15.426,28.311,1324.914,0.0217760028819239,0.0227251388888888,0.0211661983702331,0.0234333333333333
ZAMB,1577,2019,4,26,-15.426,28.311,1324.914,0.0212816008502609,0.0207007291666666,0.0200478697811501,0.0218499999999999
ZAMB,1578,2019,4,27,-15.426,28.311,1324.914,0.0205886606415371,0.0207863194444444,0.0197020794295752,0.0210458333333333
ZAMB,1579,2019,4,28,-15.426,28.311,1324.914,0.0193358496406284,0.0192292361111111,0.018169999078886,0.0189041666666666
ZAMB,1580,2019,4,29,-15.426,28.311,1324.914,0.0201122833989059,0.0208674652777777,0.019562503425351,0.0198541666666666
ZAMB,1581,2019,4,30,-15.426,28.311,1324.914,0.0171169782365866,0.0174044791666666,0.0171036875435607,0.0178625
ZAMB,1582,2019,5,1,-15.426,28.311,1324.914,0.0151039938614123,0.0157421875,0.0145190374194923,0.0152416666666666
ZAMB,1583,2019,5,2,-15.426,28.311,1324.914,0.014250903002542,0.0153898263888888,0.0139334987147838,0.0149
ZAMB,1584,2019,5,3,-15.426,28.311,1324.914,0.0159997756876941,0.0172825347222222,0.0137691245707345,0.0156416666666666
ZAMB,1585,2019,5,4,-15.426,28.311,1324.914,0.019129261054589,0.0203900347222222,0.0162191814413792,0.0194541666666666
ZAMB,1586,2019,5,5,-15.426,28.311,1324.914,0.0214433911633516,0.0227440277777777,0.0207037626308837,0.0224874999999999
ZAMB,1587,2019,5,6,-15.426,28.311,1324.914,0.0199067311123039,0.0216869097222222,0.0197452516131252,0.0215833333333333
ZAMB,1588,2019,5,7,-15.426,28.311,1324.914,0.0120308227376429,0.0127964930555555,0.0123831625864514,0.0120708333333333
ZAMB,1589,2019,5,8,-15.426,28.311,1324.914,0.0120659677774885,0.0131396180555555,0.0134747000404002,0.0129333333333333
ZAMB,1590,2019,5,9,-15.426,28.311,1324.914,0.0106470305254534,0.0110384375,0.0105616365084213,0.0106291666666666
ZAMB,1591,2019,5,10,-15.426,28.311,1324.914,0.0119706946912306,0.0124061111111111,0.0116431984608249,0.0129541666666666
ZAMB,1592,2019,5,11,-15.426,28.311,1324.914,0.0167192901595693,0.0181442013888888,0.0167199492279025,0.0182375
ZAMB,1593,2019,5,12,-15.426,28.311,1324.914,0.019721050936253,0.0200473263888888,0.0206849811902259,0.0209333333333333
ZAMB,1594,2019,5,13,-15.426,28.311,1324.914,0.0195942169034876,0.0202194791666666,0.0204628761043343,0.0217291666666666
ZAMB,1595,2019,5,14,-15.426,28.311,1324.914,0.0151942798753061,0.0144451388888888,0.0154039852199272,0.0166583333333333
ZAMB,1596,2019,5,15,-15.426,28.311,1324.914,0.0138746610408213,0.0146005555555555,0.0138624926820229,0.0163958333333333
ZAMB,1597,2019,5,16,-15.426,28.311,1324.914,0.0126407437643467,0.0135082291666666,0.0133662526685321,0.0169166666666666
ZAMB,1598,2019,5,17,-15.426,28.311,1324.914,0.0163514119340872,0.0164270486111111,0.0149504984534416,0.0177541666666666
ZAMB,1599,2019,5,18,-15.426,28.311,1324.914,0.0194490039594914,0.0209247222222222,0.0194193649138825,0.0203625
ZAMB,1600,2019,5,19,-15.426,28.311,1324.914,0.0180274811862333,0.0197120833333333,0.0179404829247794,0.0194208333333333
ZAMB,1601,2019,5,20,-15.426,28.311,1324.914,0.0178102232046237,0.0184848263888888,0.0169974806394186,0.0185166666666666
ZAMB,1602,2019,5,21,-15.426,28.311,1324.914,0.0155543858014358,0.0163804166666666,0.014769729175636,0.0158624999999999
ZAMB,1603,2019,5,22,-15.426,28.311,1324.914,0.0109285490122666,0.0122294791666666,0.0124755071423455,0.01285
ZAMB,1604,2019,5,23,-15.426,28.311,1324.914,0.0097672178271094,0.0103179861111111,0.0101498354753606,0.0103458333333333
ZAMB,1605,2019,5,24,-15.426,28.311,1324.914,0.0136895458326479,0.0146318055555555,0.0143151582892983,0.0154624999999999
ZAMB,1606,2019,5,25,-15.426,28.311,1324.914,0.0153653499747721,0.0161852083333333,0.0164425749190847,0.0163416666666666
ZAMB,1607,2019,5,26,-15.426,28.311,1324.914,0.0145018097560842,0.0149334027777777,0.0144598848573837,0.0141666666666666
ZAMB,1608,2019,5,27,-15.426,28.311,1324.914,0.014627435141854,0.0155455208333333,0.0137170412508453,0.0152916666666666
ZAMB,1609,2019,5,28,-15.426,28.311,1324.914,0.0146561288953899,0.0155658680555555,0.0138529533423975,0.0152541666666666
ZAMB,1610,2019,5,29,-15.426,28.311,1324.914,0.0134979050044636,0.0138051388888888,0.0135944631449917,0.0150416666666666
ZAMB,1611,2019,5,30,-15.426,28.311,1324.914,0.0122982739609763,0.0126420833333333,0.0130457873983831,0.0139958333333333
ZAMB,1613,2019,6,1,-15.426,28.311,1324.914,0.0088188879995927,0.0091968055555555,0.0085037417883028,0.0095875
ZAMB,1614,2019,6,2,-15.426,28.311,1324.914,0.0088731013465955,0.0097173611111111,0.0101490566899134,0.0105416666666666
ZAMB,1615,2019,6,3,-15.426,28.311,1324.914,0.0089964363450114,0.0089403124999999,0.009559444033545,0.0105541666666666
ZAMB,1616,2019,6,4,-15.426,28.311,1324.914,0.0099052226572178,0.0103282986111111,0.0100642647684705,0.0108666666666666
ZAMB,1617,2019,6,5,-15.426,28.311,1324.914,0.0094178185962668,0.0098859722222222,0.0090308371581235,0.0102833333333333
ZAMB,1618,2019,6,6,-15.426,28.311,1324.914,0.0077668768366074,0.0078326736111111,0.0083282972382042,0.0096541666666666
ZAMB,1619,2019,6,7,-15.426,28.311,1324.914,0.0073728785530712,0.0072477430555555,0.0076053635593439,0.0085041666666666
ZAMB,1620,2019,6,8,-15.426,28.311,1324.914,0.0102670710189669,0.0106290277777777,0.0098076858935613,0.0109125
ZAMB,1621,2019,6,9,-15.426,28.311,1324.914,0.0123086751493439,0.0122963541666666,0.0109985867336095,0.0118291666666666
ZAMB,1622,2019,6,10,-15.426,28.311,1324.914,0.0102911654014161,0.0106126041666666,0.0109760299663734,0.0110625
ZAMB,1623,2019,6,11,-15.426,28.311,1324.914,0.008858925535391,0.0091188888888888,0.0089004628543742,0.009575
ZAMB,1624,2019,6,12,-15.426,28.311,1324.914,0.0114505232305753,0.0112792708333333,0.0106111076152542,0.0117625
ZAMB,1625,2019,6,13,-15.426,28.311,1324.914,0.0108889183249708,0.0104527083333333,0.0115423074289684,0.0117583333333333
ZAMB,1626,2019,6,14,-15.426,28.311,1324.914,0.0100452879871721,0.0097463194444444,0.0114851891098936,0.0115791666666666
ZAMB,1627,2019,6,15,-15.426,28.311,1324.914,0.0118766380556702,0.0119085763888888,0.0122654279242944,0.0133249999999999
ZAMB,1628,2019,6,16,-15.426,28.311,1324.914,0.0108647241123079,0.0106123611111111,0.0115648344980554,0.0125166666666666
ZAMB,1629,2019,6,17,-15.426,28.311,1324.914,0.008086104744681,0.0083723958333333,0.0088675194767167,0.0097291666666666
ZAMB,1630,2019,6,18,-15.426,28.311,1324.914,0.0089338981039488,0.0084692708333333,0.0081739383933291,0.0105958333333333
ZAMB,1631,2019,6,19,-15.426,28.311,1324.914,0.0095017072817908,0.0094774305555555,0.01118987733264,0.0120166666666666
ZAMB,1632,2019,6,20,-15.426,28.311,1324.914,0.0090260416159995,0.008386875,0.0084734949674057,0.009725
ZAMB,1633,2019,6,21,-15.426,28.311,1324.914,0.0103177486918536,0.0099690625,0.0088536987903928,0.0104458333333333
ZAMB,1634,2019,6,22,-15.426,28.311,1324.914,0.0114752009723541,0.0117927083333333,0.0127710771370275,0.0129583333333333
ZAMB,1635,2019,6,23,-15.426,28.311,1324.914,0.0101249161757425,0.0104128125,0.0115537604220409,0.0123208333333333
ZAMB,1636,2019,6,24,-15.426,28.311,1324.914,0.0102827548599176,0.0105903124999999,0.012207040902323,0.0126666666666666
ZAMB,1637,2019,6,25,-15.426,28.311,1324.914,0.0112747807572618,0.0111208333333333,0.0130063378574412,0.0133333333333333
ZAMB,1638,2019,6,26,-15.426,28.311,1324.914,0.010481791856862,0.0106451041666666,0.0116352006829467,0.0116375
ZAMB,1639,2019,6,27,-15.426,28.311,1324.914,0.0102840485836709,0.0103380555555555,0.0114312164790185,0.0114124999999999
ZAMB,1640,2019,6,28,-15.426,28.311,1324.914,0.0095370035865102,0.0093935069444444,0.0105478365939477,0.0109416666666666
ZAMB,1641,2019,6,29,-15.426,28.311,1324.914,0.008360646739132,0.0082179861111111,0.0095849076011548,0.0108791666666666
ZAMB,1642,2019,6,30,-15.426,28.311,1324.914,0.0082747010397832,0.0083798263888888,0.0081200940230707,0.0096125
ZAMB,1643,2019,7,1,-15.426,28.311,1324.914,0.0094151762980163,0.0100386111111111,0.0088539998060791,0.0104125
ZAMB,1644,2019,7,2,-15.426,28.311,1324.914,0.0105348788069685,0.0106124652777777,0.0100233290244436,0.0114875
ZAMB,1645,2019,7,3,-15.426,28.311,1324.914,0.0135940195641784,0.0146645138888888,0.0147990662895179,0.0153333333333333
ZAMB,1646,2019,7,4,-15.426,28.311,1324.914,0.0102174928705879,0.0108332291666666,0.0112383109318905,0.0107125
ZAMB,1647,2019,7,5,-15.426,28.311,1324.914,0.0078470524559963,0.0082116666666666,0.0081191826972507,0.0080583333333333
ZAMB,1648,2019,7,6,-15.426,28.311,1324.914,0.0077715403085415,0.0077240625,0.0078277962939373,0.0090083333333333
ZAMB,1649,2019,7,7,-15.426,28.311,1324.914,0.0062574568143272,0.0070121527777777,0.0071279146088732,0.0081208333333333
ZAMB,1650,2019,7,8,-15.426,28.311,1324.914,0.0048641947494872,0.0054046180555555,0.0049613403140087,0.0062125
ZAMB,1651,2019,7,9,-15.426,28.311,1324.914,0.0044387488546445,0.0052407638888888,0.0054007089470196,0.0054916666666666
ZAMB,1652,2019,7,10,-15.426,28.311,1324.914,0.0051110376729921,0.0054835763888888,0.0058224402472665,0.0053541666666666
ZAMB,1653,2019,7,11,-15.426,28.311,1324.914,0.0050188563259823,0.0055833680555555,0.0069450413603033,0.0064333333333333
ZAMB,1654,2019,7,12,-15.426,28.311,1324.914,0.0035556718278598,0.0043269097222222,0.0047969503501151,0.0045583333333333
ZAMB,1655,2019,7,13,-15.426,28.311,1324.914,0.0051861865241296,0.0060776041666666,0.0057044416694447,0.0067874999999999
ZAMB,1656,2019,7,14,-15.426,28.311,1324.914,0.0058356992744514,0.0065125347222222,0.0058710026000318,0.0063041666666666
ZAMB,1657,2019,7,15,-15.426,28.311,1324.914,0.0070959384431138,0.0080255902777777,0.0068680734712688,0.0077125
ZAMB,1658,2019,7,16,-15.426,28.311,1324.914,0.0089641247617469,0.0092731597222222,0.0083754510326798,0.0100833333333333
ZAMB,1659,2019,7,17,-15.426,28.311,1324.914,0.008757341898952,0.0092066666666666,0.0085906887498892,0.0096666666666666
ZAMB,1660,2019,7,18,-15.426,28.311,1324.914,0.0081217325894498,0.0081067013888888,0.007804910508511,0.0092666666666666
ZAMB,1661,2019,7,19,-15.426,28.311,1324.914,0.0073100014924687,0.0077486111111111,0.0084983438647331,0.0097666666666666
ZAMB,1662,2019,7,20,-15.426,28.311,1324.914,0.0063129903218402,0.0067018749999999,0.0071059746653459,0.007225
ZAMB,1663,2019,7,21,-15.426,28.311,1324.914,0.0066513077193953,0.0057973958333333,0.0063691497478672,0.007075
ZAMB,1664,2019,7,22,-15.426,28.311,1324.914,0.0076119916879072,0.0079964236111111,0.0084132276232013,0.0086791666666666
ZAMB,1665,2019,7,23,-15.426,28.311,1324.914,0.0041218211517398,0.0049527083333333,0.0047452855227373,0.0040208333333333
ZAMB,1666,2019,7,24,-15.426,28.311,1324.914,0.0032515994628457,0.003544375,0.0037480411129261,0.00435
ZAMB,1667,2019,7,25,-15.426,28.311,1324.914,0.0028056903829913,0.0031639236111111,0.0039744253234069,0.0042958333333333
ZAMB,1668,2019,7,26,-15.426,28.311,1324.914,0.0026565661758495,0.0038567361111111,0.0043968288153517,0.0042833333333333
ZAMB,1669,2019,7,27,-15.426,28.311,1324.914,0.0035886327737843,0.0046817013888888,0.0048047816359403,0.0045625
ZAMB,1670,2019,7,28,-15.426,28.311,1324.914,0.0053615165243316,0.0067047916666666,0.0056996586117984,0.0059541666666666
ZAMB,1671,2019,7,29,-15.426,28.311,1324.914,0.0055918336624066,0.0063749305555555,0.0054248919477286,0.0075291666666666
ZAMB,1672,2019,7,30,-15.426,28.311,1324.914,0.0069820663449654,0.0075088194444444,0.006832150824665,0.0091541666666666
ZAMB,1674,2019,8,1,-15.426,28.311,1324.914,0.009952603550192,0.0107239930555555,0.0096424146990467,0.0119625
ZAMB,1675,2019,8,2,-15.426,28.311,1324.914,0.0161880974854272,0.0169969444444444,0.0165196989000581,0.0176
ZAMB,1676,2019,8,3,-15.426,28.311,1324.914,0.0195937892552564,0.0206071180555555,0.0192005589574535,0.0193958333333333
ZAMB,1677,2019,8,4,-15.426,28.311,1324.914,0.0195111115224055,0.0216698611111111,0.0196684450991298,0.0208833333333333
ZAMB,1678,2019,8,5,-15.426,28.311,1324.914,0.0181313483489386,0.0199793402777777,0.0186006123059947,0.0192833333333333
ZAMB,1679,2019,8,6,-15.426,28.311,1324.914,0.0152722191099072,0.0170142361111111,0.0171332737716865,0.01715
ZAMB,1680,2019,8,7,-15.426,28.311,1324.914,0.0116659990129571,0.0130049652777777,0.0131906120598253,0.014025
ZAMB,1681,2019,8,8,-15.426,28.311,1324.914,0.0088762273449136,0.0096926736111111,0.0099357506061033,0.0104625
ZAMB,1682,2019,8,9,-15.426,28.311,1324.914,0.0094441212308525,0.0105016319444444,0.0095790742105564,0.0104583333333333
ZAMB,1683,2019,8,10,-15.426,28.311,1324.914,0.0106231561330765,0.0109107986111111,0.0111493132741606,0.0114749999999999
ZAMB,1684,2019,8,11,-15.426,28.311,1324.914,0.0113213902075254,0.0111842361111111,0.010749493669312,0.0117583333333333
ZAMB,1685,2019,8,12,-15.426,28.311,1324.914,0.0080205401728304,0.0081966666666666,0.0075703790406453,0.0097833333333333
ZAMB,1686,2019,8,13,-15.426,28.311,1324.914,0.0070689549105869,0.0078726736111111,0.0064740283195258,0.0084958333333333
ZAMB,1687,2019,8,14,-15.426,28.311,1324.914,0.0079142400558443,0.0080703819444444,0.0076012636642731,0.00855
ZAMB,1688,2019,8,15,-15.426,28.311,1324.914,0.0095178202262576,0.0093408680555555,0.0099384683880551,0.0101625
ZAMB,1689,2019,8,16,-15.426,28.311,1324.914,0.0106244881208618,0.0099976388888888,0.0111215966675432,0.0108166666666666
ZAMB,1690,2019,8,17,-15.426,28.311,1324.914,0.0084696698091061,0.0092543402777777,0.0105478521727413,0.010575
ZAMB,1691,2019,8,18,-15.426,28.311,1324.914,0.0055321350655649,0.0053497916666666,0.0061748814410297,0.0055416666666666
ZAMB,1692,2019,8,19,-15.426,28.311,1324.914,0.0072532915097335,0.0084335069444444,0.0073332474319593,0.0081333333333333
ZAMB,1693,2019,8,20,-15.426,28.311,1324.914,0.0080884956352222,0.0074161805555555,0.0074270388202943,0.0077916666666666
ZAMB,1694,2019,8,21,-15.426,28.311,1324.914,0.0112078882590116,0.012115625,0.0123722651303356,0.0132958333333333
ZAMB,1695,2019,8,22,-15.426,28.311,1324.914,0.0111332009729603,0.0103319444444444,0.0114406002062072,0.0112
ZAMB,1696,2019,8,23,-15.426,28.311,1324.914,0.009074651993414,0.0081021527777777,0.0084674187107616,0.0098125
ZAMB,1697,2019,8,24,-15.426,28.311,1324.914,0.0088162905976201,0.0080089236111111,0.0085372703247261,0.0093125
ZAMB,1698,2019,8,25,-15.426,28.311,1324.914,0.0143755843973614,0.0147623958333333,0.0134882613084642,0.01505
ZAMB,1699,2019,8,26,-15.426,28.311,1324.914,0.0200418302755561,0.0220047916666666,0.0208424817466384,0.0214374999999999
ZAMB,1700,2019,8,27,-15.426,28.311,1324.914,0.0189748539226996,0.0201276041666666,0.0203476792631121,0.0200791666666666
ZAMB,1701,2019,8,28,-15.426,28.311,1324.914,0.0185486626623275,0.0192122569444444,0.0196387017130268,0.0194708333333333
ZAMB,1702,2019,8,29,-15.426,28.311,1324.914,0.0161938804584821,0.0174790625,0.0176419338443241,0.0177625
ZAMB,1703,2019,8,30,-15.426,28.311,1324.914,0.0144713053117724,0.0155686111111111,0.0149394383477954,0.0157125
ZAMB,1705,2019,9,1,-15.426,28.311,1324.914,0.0169079394392761,0.0174935416666666,0.0170088916693002,0.0190875
ZAMB,1706,2019,9,2,-15.426,28.311,1324.914,0.0157855790840932,0.0179095486111111,0.0182523729119133,0.0180708333333333
ZAMB,1707,2019,9,3,-15.426,28.311,1324.914,0.0128534122746276,0.0145896180555555,0.014038769178231,0.0157041666666666
ZAMB,1708,2019,9,4,-15.426,28.311,1324.914,0.0098145883790368,0.0102017361111111,0.0097827430249918,0.0114666666666666
ZAMB,1709,2019,9,5,-15.426,28.311,1324.914,0.0077464881365388,0.0074805902777777,0.0072216846789364,0.008025
ZAMB,1710,2019,9,6,-15.426,28.311,1324.914,0.0088127899668259,0.0094478472222222,0.0087741489373045,0.0088666666666666
ZAMB,1711,2019,9,7,-15.426,28.311,1324.914,0.013919603684783,0.0155264236111111,0.0146393001737918,0.01495
ZAMB,1712,2019,9,8,-15.426,28.311,1324.914,0.0114687929319052,0.0106526736111111,0.0118249154407097,0.0112125
ZAMB,1713,2019,9,9,-15.426,28.311,1324.914,0.0068436634798241,0.0074629513888888,0.0075548681732028,0.007675
ZAMB,1714,2019,9,10,-15.426,28.311,1324.914,0.0067494271505303,0.0079330555555555,0.007581778713876,0.0088125
ZAMB,1715,2019,9,11,-15.426,28.311,1324.914,0.0077595302748863,0.0083604861111111,0.007711453864222,0.0092166666666666
ZAMB,1716,2019,9,12,-15.426,28.311,1324.914,0.009961648859971,0.0105312152777777,0.010011861413355,0.0113416666666666
ZAMB,1717,2019,9,13,-15.426,28.311,1324.914,0.0090758482997972,0.0092041666666666,0.0095460395754318,0.0103833333333333
ZAMB,1718,2019,9,14,-15.426,28.311,1324.914,0.0120030322205328,0.0130965972222222,0.0120337198984215,0.0139208333333333
ZAMB,1719,2019,9,15,-15.426,28.311,1324.914,0.0133261654111218,0.0143562152777777,0.0136425656740998,0.01485
ZAMB,1720,2019,9,16,-15.426,28.311,1324.914,0.0109286529913592,0.0123140972222222,0.011646017621922,0.0118875
ZAMB,1721,2019,9,17,-15.426,28.311,1324.914,0.0098058336268403,0.0107898263888888,0.0113223101192407,0.0113458333333333
ZAMB,1722,2019,9,18,-15.426,28.311,1324.914,0.0082890846631338,0.0089057638888888,0.0089701699897324,0.0090666666666666
ZAMB,1723,2019,9,19,-15.426,28.311,1324.914,0.0065836327341856,0.0067929861111111,0.0070068104578006,0.0065791666666666
ZAMB,1724,2019,9,20,-15.426,28.311,1324.914,0.0100361639326105,0.0114721527777777,0.0103352152702073,0.012175
ZAMB,1725,2019,9,21,-15.426,28.311,1324.914,0.0121077360046973,0.0134134375,0.0118173696742043,0.0143083333333333
ZAMB,1726,2019,9,22,-15.426,28.311,1324.914,0.0139807752396088,0.0150620486111111,0.0136596745441859,0.0164583333333333
ZAMB,1727,2019,9,23,-15.426,28.311,1324.914,0.0131858852346503,0.0137562847222222,0.0140405071316344,0.0155249999999999
ZAMB,1730,2019,9,26,-15.426,28.311,1324.914,0.0142920244136349,0.016187157360406,0.0198464767394415,0.0202749999999999
ZAMB,1731,2019,9,27,-15.426,28.311,1324.914,0.0083077998700087,0.0084585069444444,0.0082465988001787,0.0084541666666666
ZAMB,1732,2019,9,28,-15.426,28.311,1324.914,0.0059504494374935,0.0066396875,0.005608828631987,0.007325
ZAMB,1733,2019,9,29,-15.426,28.311,1324.914,0.0069411038973048,0.0073604166666666,0.0063371100424334,0.0076708333333333
ZAMB,1734,2019,9,30,-15.426,28.311,1324.914,0.0127790639259863,0.0141189236111111,0.0126629670634552,0.0146625
ZAMB,1735,2019,10,1,-15.426,28.311,1324.914,0.0172186680799186,0.0178959375,0.0178392704638466,0.0186083333333333
ZAMB,1736,2019,10,2,-15.426,28.311,1324.914,0.0218992470872064,0.0246039236111111,0.024070210894882,0.0250583333333333
ZAMB,1737,2019,10,3,-15.426,28.311,1324.914,0.0243659143738642,0.0251499305555555,0.0254717700478846,0.0275458333333333
ZAMB,1738,2019,10,4,-15.426,28.311,1324.914,0.0253428062672331,0.0263520486111111,0.0264196565946333,0.0268874999999999
ZAMB,1739,2019,10,5,-15.426,28.311,1324.914,0.0217283881046319,0.0235060763888888,0.0253074021843201,0.024725
ZAMB,1740,2019,10,6,-15.426,28.311,1324.914,0.0194523559961348,0.0213547569444444,0.0220814551349547,0.0212833333333333
ZAMB,1741,2019,10,7,-15.426,28.311,1324.914,0.0210483093908081,0.0226700694444444,0.0207921305826517,0.0228833333333333
ZAMB,1742,2019,10,8,-15.426,28.311,1324.914,0.0207794675346121,0.0220959375,0.0216396056098918,0.0224
ZAMB,1743,2019,10,9,-15.426,28.311,1324.914,0.0200928541111725,0.0217923611111111,0.0203552905194642,0.021025
ZAMB,1744,2019,10,10,-15.426,28.311,1324.914,0.0220337043750606,0.0226482638888888,0.0225574733187562,0.0225916666666666
ZAMB,1745,2019,10,11,-15.426,28.311,1324.914,0.0264224602822858,0.0281839930555555,0.0266903402307395,0.0288291666666666
ZAMB,1746,2019,10,12,-15.426,28.311,1324.914,0.0248440800826967,0.0251332291666666,0.0255733191044745,0.0255
ZAMB,1747,2019,10,13,-15.426,28.311,1324.914,0.0210146188057991,0.0215063541666666,0.0211226418377452,0.0223333333333333
ZAMB,1748,2019,10,14,-15.426,28.311,1324.914,0.0169635556751487,0.0177877430555555,0.0185123802435184,0.0186875
ZAMB,1749,2019,10,15,-15.426,28.311,1324.914,0.0119489104877463,0.0114634722222222,0.0121723639111351,0.0126791666666666
ZAMB,1750,2019,10,16,-15.426,28.311,1324.914,0.0124723687952298,0.0120361111111111,0.0119048690590977,0.012025
ZAMB,1751,2019,10,17,-15.426,28.311,1324.914,0.0092632120081543,0.0084125694444444,0.0087480687392815,0.0087333333333333
ZAMB,1773,2019,11,8,-15.426,28.311,1324.914,0.0217391163895121,0.0219035245901639,0.023581822223871,0.0228916666666666
ZAMB,1774,2019,11,9,-15.426,28.311,1324.914,0.0254932223323937,0.0253179861111111,0.0246691317307985,0.025475
ZAMB,1775,2019,11,10,-15.426,28.311,1324.914,0.0289343914813505,0.0300006944444444,0.0287194050334841,0.0285708333333333
ZAMB,1776,2019,11,11,-15.426,28.311,1324.914,0.0305401966314039,0.0315278472222222,0.0303012429740256,0.031925
ZAMB,1777,2019,11,12,-15.426,28.311,1324.914,0.0354357246939858,0.0357002083333333,0.0331057204085737,0.0355166666666666
ZAMB,1778,2019,11,13,-15.426,28.311,1324.914,0.0378552571116406,0.0367552083333333,0.0384249141801319,0.03875
ZAMB,1779,2019,11,14,-15.426,28.311,1324.914,0.0345778463854879,0.0357189583333333,0.0356771190795771,0.0350166666666666
ZAMB,1780,2019,11,15,-15.426,28.311,1324.914,0.0341870420238853,0.0355594097222222,0.036593199700399,0.0378291666666666
ZAMB,1781,2019,11,16,-15.426,28.311,1324.914,0.0328146633556446,0.0343348611111111,0.0358782901695169,0.0346333333333333
ZAMB,1782,2019,11,17,-15.426,28.311,1324.914,0.0310469099982485,0.032064375,0.031492231171923,0.0333333333333333
ZAMB,1783,2019,11,18,-15.426,28.311,1324.914,0.033537358333778,0.0341533680555555,0.0333797728023456,0.0339541666666666
ZAMB,1784,2019,11,19,-15.426,28.311,1324.914,0.0364777491674334,0.0370273958333333,0.0369483627370464,0.0375166666666666
ZAMB,1785,2019,11,20,-15.426,28.311,1324.914,0.0382415985931039,0.0366945138888888,0.0371374259169244,0.0370333333333333
ZAMB,1786,2019,11,21,-15.426,28.311,1324.914,0.0346681577772935,0.0343969791666666,0.0355250103063549,0.0359458333333333
ZAMB,1787,2019,11,22,-15.426,28.311,1324.914,0.0329520539003443,0.0342744791666666,0.0350467844994449,0.0346041666666666
ZAMB,1788,2019,11,23,-15.426,28.311,1324.914,0.0371418870748101,0.0374449305555555,0.0380806139534277,0.0382625
ZAMB,1789,2019,11,24,-15.426,28.311,1324.914,0.0352542649633294,0.0353002777777777,0.0367017680113863,0.0339875
ZAMB,1790,2019,11,25,-15.426,28.311,1324.914,0.0334654720233839,0.0342239930555555,0.0336152788001238,0.0336208333333333
ZAMB,1791,2019,11,26,-15.426,28.311,1324.914,0.0319694455798273,0.0303043055555555,0.0333495704762617,0.0318375
ZAMB,1792,2019,11,27,-15.426,28.311,1324.914,0.0321849515642827,0.0324844444444444,0.0321161514183246,0.0305916666666666
ZAMB,1793,2019,11,28,-15.426,28.311,1324.914,0.0347683269979836,0.0357039930555555,0.0358434363372715,0.0344958333333333
ZAMB,1794,2019,11,29,-15.426,28.311,1324.914,0.03303139028824,0.0340230208333333,0.0332659431975326,0.0313
ZAMB,1795,2019,11,30,-15.426,28.311,1324.914,0.0285807196673509,0.0289072222222222,0.0271830009997147,0.0265833333333333
ZAMB,1839,2020,1,13,-15.426,28.311,1324.914,0.0404710768810986,0.0400702083333333,0.0391950186010924,0.0394875
ZAMB,1840,2020,1,14,-15.426,28.311,1324.914,0.0419576310052926,0.0416244444444444,0.0417560632043217,0.041775
ZAMB,1841,2020,1,15,-15.426,28.311,1324.914,0.0415631071502543,0.0405601041666666,0.040421162568815,0.041025
ZAMB,1848,2020,1,22,-15.426,28.311,1324.914,0.021647667091973,0.0236530327868852,0.0303760184981926,0.0296208333333333
ZAMB,1849,2020,1,23,-15.426,28.311,1324.914,0.0203853512649561,0.0216462152777777,0.0224311136287931,0.0222
ZAMB,1850,2020,1,24,-15.426,28.311,1324.914,0.0184938828739484,0.0202879861111111,0.0218905532395832,0.02165
ZAMB,1851,2020,1,25,-15.426,28.311,1324.914,0.019475325544267,0.0210204861111111,0.019151261249334,0.0207958333333333
ZAMB,1852,2020,1,26,-15.426,28.311,1324.914,0.0219600085864837,0.0230307986111111,0.0214693341689702,0.023725
ZAMB,1853,2020,1,27,-15.426,28.311,1324.914,0.0261206999780033,0.0267053125,0.0248880584692829,0.0272708333333333
ZAMB,1854,2020,1,28,-15.426,28.311,1324.914,0.0313393539255611,0.0319943402777777,0.032311991817872,0.0320583333333333
ZAMB,1855,2020,1,29,-15.426,28.311,1324.914,0.0316194749403956,0.0325414583333333,0.03126468806204,0.0336833333333333
ZAMB,1856,2020,1,30,-15.426,28.311,1324.914,0.0400320882937718,0.040325625,0.0394281692673979,0.0401541666666666
ZAMB,1858,2020,2,1,-15.426,28.311,1324.914,0.0350358505698001,0.0358999305555555,0.0362864541780254,0.0361166666666666
ZAMB,1859,2020,2,2,-15.426,28.311,1324.914,0.0282131450292137,0.0292799652777777,0.0297740205643453,0.0304
ZAMB,1860,2020,2,3,-15.426,28.311,1324.914,0.0286480991010125,0.0299517361111111,0.0283500765434051,0.0296416666666666
ZAMB,1861,2020,2,4,-15.426,28.311,1324.914,0.0315883374409436,0.0330242708333333,0.0318164581766693,0.0339833333333333
ZAMB,1862,2020,2,5,-15.426,28.311,1324.914,0.0363973445360436,0.03701375,0.0364878807399567,0.0379583333333333
ZAMB,1863,2020,2,6,-15.426,28.311,1324.914,0.0403206977702687,0.040226875,0.0394865478931879,0.0399166666666666
ZAMB,1864,2020,2,7,-15.426,28.311,1324.914,0.0408811456325689,0.0397562847222222,0.0405177161575221,0.0409
ZAMB,1865,2020,2,8,-15.426,28.311,1324.914,0.0423394258136622,0.0414307638888888,0.0404069010782892,0.0412333333333333
ZAMB,1866,2020,2,9,-15.426,28.311,1324.914,0.0424429913613155,0.0417624652777777,0.041441806875666,0.0417458333333333
ZAMB,1867,2020,2,10,-15.426,28.311,1324.914,0.0414461168600857,0.0399999305555555,0.0390950208947363,0.0392083333333333
ZAMB,1868,2020,2,11,-15.426,28.311,1324.914,0.0408776498197568,0.0401435416666666,0.0402671509280261,0.0383125
ZAMB,1869,2020,2,12,-15.426,28.311,1324.914,0.0405501911404495,0.0405310069444444,0.0397348953809673,0.0401958333333333
ZAMB,1870,2020,2,13,-15.426,28.311,1324.914,0.0396831613228212,0.0409331597222222,0.0402685257532818,0.0420833333333333
ZAMB,1871,2020,2,14,-15.426,28.311,1324.914,0.0413808809112256,0.0415064583333333,0.0411849252553717,0.0431
ZAMB,1872,2020,2,15,-15.426,28.311,1324.914,0.0408138299371498,0.0401610416666666,0.0391385003864541,0.0384958333333333
ZAMB,1873,2020,2,16,-15.426,28.311,1324.914,0.0383751816541959,0.0380738541666666,0.0381663217236795,0.0394708333333333
ZAMB,1874,2020,2,17,-15.426,28.311,1324.914,0.0384417547664765,0.0397528125,0.0382132614135427,0.0377666666666666
ZAMB,1875,2020,2,18,-15.426,28.311,1324.914,0.0333582986809163,0.0332112847222222,0.0313817964064829,0.0330041666666666
ZAMB,1876,2020,2,19,-15.426,28.311,1324.914,0.0365217396590651,0.0364549652777777,0.0334607023628658,0.0363708333333333
ZAMB,1877,2020,2,20,-15.426,28.311,1324.914,0.0377570738535922,0.0364974305555555,0.0357868085929636,0.0363291666666666
ZAMB,1878,2020,2,21,-15.426,28.311,1324.914,0.0362695154022549,0.03733625,0.0355942250906548,0.0336666666666666
ZAMB,1879,2020,2,22,-15.426,28.311,1324.914,0.0352013473271519,0.0360126388888888,0.0344596281897992,0.0343916666666666
ZAMB,1880,2020,2,23,-15.426,28.311,1324.914,0.0361982364523618,0.0355123958333333,0.0360117707522607,0.0364083333333333
ZAMB,1881,2020,2,24,-15.426,28.311,1324.914,0.0394924605910101,0.0398105208333333,0.0391715681014561,0.0404291666666666
ZAMB,1882,2020,2,25,-15.426,28.311,1324.914,0.0388632781222052,0.039175625,0.0398538709516616,0.0402875
ZAMB,1883,2020,2,26,-15.426,28.311,1324.914,0.0343331693189163,0.0350140625,0.0356671116801377,0.0341875
ZAMB,1884,2020,2,27,-15.426,28.311,1324.914,0.0305468283831197,0.0306180555555555,0.0290333834409068,0.0290875
ZAMB,1885,2020,2,28,-15.426,28.311,1324.914,0.0333351472666426,0.0345029166666666,0.0300401820766627,0.0318875
ZAMB,1886,2020,2,29,-15.426,28.311,1324.914,0.0313079042236965,0.0310913541666666,0.0302790934797718,0.0315916666666666
ZAMB,1887,2020,3,1,-15.426,28.311,1324.914,0.0285379383950452,0.0298728819444444,0.0305877288139852,0.0308166666666666
ZAMB,1888,2020,3,2,-15.426,28.311,1324.914,0.0283803860487286,0.0292513194444444,0.0294189927140107,0.0289958333333333
ZAMB,1889,2020,3,3,-15.426,28.311,1324.914,0.0351810886483492,0.0359221180555555,0.0344642237702489,0.0363874999999999
ZAMB,1890,2020,3,4,-15.426,28.311,1324.914,0.0383342045062168,0.0376222222222222,0.036771210959232,0.0376291666666666
ZAMB,1891,2020,3,5,-15.426,28.311,1324.914,0.0359795336126665,0.0362544444444444,0.0360958283678115,0.0353125
ZAMB,1892,2020,3,6,-15.426,28.311,1324.914,0.033133641543478,0.0334910416666666,0.0318001235520679,0.0321208333333333
ZAMB,1893,2020,3,7,-15.426,28.311,1324.914,0.0297050952254599,0.0294588194444444,0.0282754440827247,0.0284416666666666
ZAMB,1894,2020,3,8,-15.426,28.311,1324.914,0.0261257161524273,0.0265122569444444,0.0251831214644522,0.0248
ZAMB,1895,2020,3,9,-15.426,28.311,1324.914,0.0245288654477477,0.0255005208333333,0.0249024456632898,0.0249708333333333
ZAMB,1896,2020,3,10,-15.426,28.311,1324.914,0.0249854682806235,0.0266745833333333,0.0249897529939711,0.0259166666666666
ZAMB,1897,2020,3,11,-15.426,28.311,1324.914,0.0240619168819074,0.0256666666666666,0.0238983634428421,0.0244791666666666
ZAMB,1898,2020,3,12,-15.426,28.311,1324.914,0.0256732725940183,0.0257298263888888,0.0248853946686864,0.0252791666666666
ZAMB,1899,2020,3,13,-15.426,28.311,1324.914,0.0287555534961448,0.0304640972222222,0.0317994937147618,0.0332958333333333
ZAMB,1900,2020,3,14,-15.426,28.311,1324.914,0.0273594727300107,0.0278092013888888,0.0293768652603915,0.03265
ZAMB,1901,2020,3,15,-15.426,28.311,1324.914,0.0336583487686706,0.0342910763888888,0.0338047961507376,0.0337875
ZAMB,1902,2020,3,16,-15.426,28.311,1324.914,0.0357270037963325,0.0352619097222222,0.0363615026576052,0.0362375
ZAMB,1903,2020,3,17,-15.426,28.311,1324.914,0.0349992534582163,0.0359821527777777,0.037344474881076,0.0366708333333333
ZAMB,1904,2020,3,18,-15.426,28.311,1324.914,0.0329082919887457,0.0338528819444444,0.0332237162112091,0.0340041666666666
ZAMB,1905,2020,3,19,-15.426,28.311,1324.914,0.0302489297525876,0.0313661458333333,0.0307650513488264,0.034225
ZAMB,1906,2020,3,20,-15.426,28.311,1324.914,0.0333557487222681,0.033519375,0.0331272517318513,0.0362583333333333
ZAMB,1907,2020,3,21,-15.426,28.311,1324.914,0.0382300444831244,0.0388396875,0.0373094795898394,0.0372125
ZAMB,1908,2020,3,22,-15.426,28.311,1324.914,0.0388775317178517,0.0388861111111111,0.0379237616288872,0.0391208333333333
ZAMB,1909,2020,3,23,-15.426,28.311,1324.914,0.0343928920570275,0.0356195138888888,0.0337242943852708,0.03565
ZAMB,1910,2020,3,24,-15.426,28.311,1324.914,0.028556562068127,0.0290657291666666,0.0278814574636682,0.0315875
ZAMB,1911,2020,3,25,-15.426,28.311,1324.914,0.0286358136805839,0.0298565972222222,0.0279363912040227,0.0295833333333333
ZAMB,1912,2020,3,26,-15.426,28.311,1324.914,0.0316204721437242,0.0323279513888888,0.0306564706492491,0.0313499999999999
ZAMB,1913,2020,3,27,-15.426,28.311,1324.914,0.0339264346995531,0.0356476041666666,0.0349669457790429,0.0355
ZAMB,1914,2020,3,28,-15.426,28.311,1324.914,0.0316986970012043,0.0338470138888888,0.0355465628550618,0.0354708333333333
ZAMB,1915,2020,3,29,-15.426,28.311,1324.914,0.0278844502103023,0.0289562152777777,0.0277365021758663,0.0301916666666666
ZAMB,1916,2020,3,30,-15.426,28.311,1324.914,0.0259583811784149,0.0265637152777777,0.0233981956444498,0.0267791666666666
ZAMB,1918,2020,4,1,-15.426,28.311,1324.914,0.0200203286095643,0.0218482291666666,0.0206688351447665,0.0205874999999999
ZAMB,1919,2020,4,2,-15.426,28.311,1324.914,0.0165827191388022,0.0166951041666666,0.0156174177116739,0.0162583333333333
ZAMB,1920,2020,4,3,-15.426,28.311,1324.914,0.0179155886540946,0.017293125,0.016687259779086,0.0183916666666666
ZAMB,1921,2020,4,4,-15.426,28.311,1324.914,0.0196635359353655,0.0198429513888888,0.0181168133864039,0.0197541666666666
ZAMB,1922,2020,4,5,-15.426,28.311,1324.914,0.0246602021393208,0.0252685069444444,0.0237023986649834,0.0245833333333333
ZAMB,1923,2020,4,6,-15.426,28.311,1324.914,0.0280314833474494,0.0285837847222222,0.0272709732678724,0.0279333333333333
ZAMB,1924,2020,4,7,-15.426,28.311,1324.914,0.0288729097649973,0.0293683680555555,0.0271705871717195,0.029375
ZAMB,1925,2020,4,8,-15.426,28.311,1324.914,0.0329304592645469,0.0331125694444444,0.0308961227211352,0.03345
ZAMB,1926,2020,4,9,-15.426,28.311,1324.914,0.0333966169408041,0.0340502777777777,0.0340257909581811,0.0339666666666666
ZAMB,1927,2020,4,10,-15.426,28.311,1324.914,0.0298935727332076,0.0305926736111111,0.0306446294898057,0.0306833333333333
ZAMB,1928,2020,4,11,-15.426,28.311,1324.914,0.0266102388003665,0.0266511111111111,0.0267079102395175,0.0280791666666666
ZAMB,1929,2020,4,12,-15.426,28.311,1324.914,0.0274336115674855,0.0289126388888888,0.0278414543148159,0.0286833333333333
ZAMB,1930,2020,4,13,-15.426,28.311,1324.914,0.0275738488162948,0.0282844791666666,0.0265603818427881,0.0286541666666666
ZAMB,1931,2020,4,14,-15.426,28.311,1324.914,0.0285522363954656,0.0303697222222222,0.0290584722213246,0.0294791666666666
ZAMB,1932,2020,4,15,-15.426,28.311,1324.914,0.0276416191525825,0.0289926388888888,0.0277592994364046,0.0299791666666666
ZAMB,1933,2020,4,16,-15.426,28.311,1324.914,0.0276673256969791,0.0277750694444444,0.0265288722834027,0.0283083333333333
ZAMB,1934,2020,4,17,-15.426,28.311,1324.914,0.0257504718668174,0.0256798263888888,0.0245492704831758,0.0259375
ZAMB,1935,2020,4,18,-15.426,28.311,1324.914,0.0250075216465252,0.0255647569444444,0.0252884190061759,0.0241041666666666
ZAMB,1936,2020,4,19,-15.426,28.311,1324.914,0.0231107100599492,0.0225291319444444,0.0214980732098089,0.0221666666666666
ZAMB,1937,2020,4,20,-15.426,28.311,1324.914,0.0196298310593377,0.0198220138888888,0.0188303669933403,0.0196583333333333
ZAMB,1938,2020,4,21,-15.426,28.311,1324.914,0.013471090780692,0.0127290277777777,0.0129821956118744,0.0146791666666666
ZAMB,1939,2020,4,22,-15.426,28.311,1324.914,0.0139694376194813,0.0135321527777777,0.0121962637071659,0.0140041666666666
ZAMB,1940,2020,4,23,-15.426,28.311,1324.914,0.0172160534382736,0.0174491666666666,0.0156529079890811,0.0182041666666666
ZAMB,1941,2020,4,24,-15.426,28.311,1324.914,0.0171151089042505,0.0162861805555555,0.0149102757537346,0.0171583333333333
ZAMB,1942,2020,4,25,-15.426,28.311,1324.914,0.0169853075530483,0.0174257986111111,0.0153142636259685,0.01615
ZAMB,1943,2020,4,26,-15.426,28.311,1324.914,0.0163517595178077,0.0161891666666666,0.0145993254669332,0.0162916666666666
ZAMB,1944,2020,4,27,-15.426,28.311,1324.914,0.0159523139440467,0.0168216319444444,0.0158148273263793,0.0166291666666666
ZAMB,1945,2020,4,28,-15.426,28.311,1324.914,0.0134954180927857,0.013614375,0.013007811883927,0.0131666666666666
ZAMB,1946,2020,4,29,-15.426,28.311,1324.914,0.0131380967549377,0.0141808333333333,0.0134194787190176,0.0142125
ZAMB,1947,2020,4,30,-15.426,28.311,1324.914,0.01548551366599,0.0175398611111111,0.0164670060709095,0.0156041666666666
ZAMB,1948,2020,5,1,-15.426,28.311,1324.914,0.0188540389234135,0.0200701388888888,0.0179502669889099,0.0183916666666666
ZAMB,1949,2020,5,2,-15.426,28.311,1324.914,0.0224020737331636,0.0228804861111111,0.0198759405407828,0.0204333333333333
ZAMB,1950,2020,5,3,-15.426,28.311,1324.914,0.0231441215549367,0.0248873958333333,0.0227699022096227,0.023975
ZAMB,1951,2020,5,4,-15.426,28.311,1324.914,0.0209101682301217,0.0216224305555555,0.0205535581083431,0.0221708333333333
ZAMB,1952,2020,5,5,-15.426,28.311,1324.914,0.0179932840288282,0.0187907291666666,0.0170781516639555,0.0168541666666666
ZAMB,1953,2020,5,6,-15.426,28.311,1324.914,0.0175096613135203,0.0176519791666666,0.0166050843500136,0.0170666666666666
ZAMB,1954,2020,5,7,-15.426,28.311,1324.914,0.0174563675421158,0.0174298611111111,0.0175906237491809,0.0171666666666666
ZAMB,1955,2020,5,8,-15.426,28.311,1324.914,0.0183083804822322,0.0181309722222222,0.0185912999967333,0.0183
ZAMB,1956,2020,5,9,-15.426,28.311,1324.914,0.0172603800667945,0.0171243402777777,0.0168501039806951,0.0183166666666666
ZAMB,1957,2020,5,10,-15.426,28.311,1324.914,0.013722894549971,0.0133692361111111,0.0130469626247881,0.0144166666666666
ZAMB,1958,2020,5,11,-15.426,28.311,1324.914,0.0116657218744209,0.0123806597222222,0.0120833747432378,0.0141541666666666
ZAMB,1959,2020,5,12,-15.426,28.311,1324.914,0.013969641883739,0.0155807638888888,0.0134122685000989,0.0149166666666666
ZAMB,1960,2020,5,13,-15.426,28.311,1324.914,0.0133305110677687,0.0147168749999999,0.0136728164338798,0.0140291666666666
ZAMB,1961,2020,5,14,-15.426,28.311,1324.914,0.0116837188507842,0.0112791666666666,0.010534269848678,0.0123208333333333
ZAMB,1962,2020,5,15,-15.426,28.311,1324.914,0.0109866472781209,0.0123297916666666,0.0120463525067213,0.0122875
ZAMB,1963,2020,5,16,-15.426,28.311,1324.914,0.0112227501706152,0.0116735763888888,0.011312017708892,0.0117791666666666
ZAMB,1964,2020,5,17,-15.426,28.311,1324.914,0.0096378639984494,0.0095611111111111,0.0090543488875914,0.0078583333333333
ZAMB,1965,2020,5,18,-15.426,28.311,1324.914,0.0083820293153702,0.0090611111111111,0.0085710284974944,0.0089583333333333
ZAMB,1966,2020,5,19,-15.426,28.311,1324.914,0.0086593526881191,0.0095378819444444,0.0085937985593626,0.0099625
ZAMB,1967,2020,5,20,-15.426,28.311,1324.914,0.0101333085927981,0.0103505902777777,0.0102816945065407,0.0099041666666666
ZAMB,1968,2020,5,21,-15.426,28.311,1324.914,0.0125471962192469,0.0135536458333333,0.0128358021236918,0.0126125
ZAMB,1969,2020,5,22,-15.426,28.311,1324.914,0.0107429843233944,0.0116686805555555,0.0111873924460724,0.0104583333333333
ZAMB,1970,2020,5,23,-15.426,28.311,1324.914,0.0112700508582196,0.01163375,0.0102482895830357,0.0103916666666666
ZAMB,1971,2020,5,24,-15.426,28.311,1324.914,0.0123103393614045,0.0125691319444444,0.0113105189530496,0.0111541666666666
ZAMB,1972,2020,5,25,-15.426,28.311,1324.914,0.0151773348061302,0.0157944444444444,0.0139950700372311,0.0143625
ZAMB,1973,2020,5,26,-15.426,28.311,1324.914,0.0179992558911465,0.0194767013888888,0.0170491881786057,0.0185875
ZAMB,1974,2020,5,27,-15.426,28.311,1324.914,0.0146086120942912,0.0145588194444444,0.0139690851148686,0.0146166666666666
ZAMB,1975,2020,5,28,-15.426,28.311,1324.914,0.0135240365680483,0.0138805555555555,0.0125046917969602,0.015625
ZAMB,1976,2020,5,29,-15.426,28.311,1324.914,0.0136790600837351,0.0141302430555555,0.0147501805352551,0.016
ZAMB,1977,2020,5,30,-15.426,28.311,1324.914,0.0141645641628643,0.0152954861111111,0.01463193873648,0.0146416666666666
ZAMB,1979,2020,6,1,-15.426,28.311,1324.914,0.0085178781584828,0.0089942708333333,0.0100231260612976,0.0097875
ZAMB,1980,2020,6,2,-15.426,28.311,1324.914,0.0095764248178844,0.0102717361111111,0.0095096158741966,0.0102458333333333
ZAMB,1981,2020,6,3,-15.426,28.311,1324.914,0.0145981570502238,0.0149786111111111,0.0141062320390418,0.0144666666666666
ZAMB,1982,2020,6,4,-15.426,28.311,1324.914,0.0177660864375268,0.0172987847222222,0.0151900637252758,0.0154166666666666
ZAMB,1983,2020,6,5,-15.426,28.311,1324.914,0.019336344951409,0.01988375,0.0187190908704716,0.0179208333333333
ZAMB,1984,2020,6,6,-15.426,28.311,1324.914,0.0168517318281081,0.017498125,0.0153395058884135,0.0156458333333333
ZAMB,1985,2020,6,7,-15.426,28.311,1324.914,0.0142236379663453,0.0146700347222222,0.0131202744006065,0.0144708333333333
ZAMB,1986,2020,6,8,-15.426,28.311,1324.914,0.0115615988495269,0.011825625,0.0111974392156327,0.0119333333333333
ZAMB,1987,2020,6,9,-15.426,28.311,1324.914,0.0092752370517826,0.0093694791666666,0.009387282712908,0.0097333333333333
ZAMB,1988,2020,6,10,-15.426,28.311,1324.914,0.0083626146483987,0.008524375,0.0084414743688129,0.0091916666666666
ZAMB,1989,2020,6,11,-15.426,28.311,1324.914,0.0109117726716341,0.0108039236111111,0.0114448081810834,0.0108666666666666
ZAMB,1990,2020,6,12,-15.426,28.311,1324.914,0.0119209917993139,0.0115107291666666,0.0118920722027129,0.0113958333333333
ZAMB,1991,2020,6,13,-15.426,28.311,1324.914,0.0127884013915965,0.0127629513888888,0.0124498054990012,0.0134958333333333
ZAMB,1992,2020,6,14,-15.426,28.311,1324.914,0.0137385748445049,0.013206875,0.0130227377164707,0.0142583333333333
ZAMB,1993,2020,6,15,-15.426,28.311,1324.914,0.0120647372754798,0.0121678819444444,0.0135369864794552,0.013875
ZAMB,1994,2020,6,16,-15.426,28.311,1324.914,0.0099489960633725,0.0103189583333333,0.0112255223631995,0.0116916666666666
ZAMB,1995,2020,6,17,-15.426,28.311,1324.914,0.0099722745280073,0.0101960069444444,0.0105358622262474,0.0107458333333333
ZAMB,1996,2020,6,18,-15.426,28.311,1324.914,0.009238754249502,0.0089198263888888,0.009727139373463,0.0094458333333333
ZAMB,1997,2020,6,19,-15.426,28.311,1324.914,0.0109801826167583,0.0112082986111111,0.0110318353485433,0.0121916666666666
ZAMB,1998,2020,6,20,-15.426,28.311,1324.914,0.0114070269689799,0.0115148611111111,0.0112919737570117,0.0115
ZAMB,1999,2020,6,21,-15.426,28.311,1324.914,0.0129976722514473,0.0131767013888888,0.0121451697556635,0.0122291666666666
ZAMB,2000,2020,6,22,-15.426,28.311,1324.914,0.0115612814954576,0.0111545486111111,0.0112910456997245,0.0120791666666666
ZAMB,2001,2020,6,23,-15.426,28.311,1324.914,0.0129403694769573,0.0136502083333333,0.0124788395121829,0.0135875
ZAMB,2002,2020,6,24,-15.426,28.311,1324.914,0.0134013151686423,0.0131427777777777,0.0122763208041947,0.0136291666666666
ZAMB,2003,2020,6,25,-15.426,28.311,1324.914,0.0144247957402833,0.0143364583333333,0.0127021033365945,0.0150208333333333
ZAMB,2004,2020,6,26,-15.426,28.311,1324.914,0.0139483277355277,0.0145246527777777,0.0129889497109692,0.0148625
ZAMB,2005,2020,6,27,-15.426,28.311,1324.914,0.0145890913156665,0.0152475694444444,0.0136187702208946,0.0157374999999999
ZAMB,2006,2020,6,28,-15.426,28.311,1324.914,0.0137364029508013,0.0147933333333333,0.0124016364396417,0.0146541666666666
ZAMB,2007,2020,6,29,-15.426,28.311,1324.914,0.0119260946215467,0.0127873263888888,0.0116065649332937,0.0142416666666666
ZAMB,2008,2020,6,30,-15.426,28.311,1324.914,0.0123161310975027,0.013063125,0.0117243896009105,0.0124916666666666
ZAMB,2009,2020,7,1,-15.426,28.311,1324.914,0.0111685823106237,0.0119793402777777,0.0113903763012291,0.0110958333333333
ZAMB,2010,2020,7,2,-15.426,28.311,1324.914,0.0076299339821606,0.0079392013888888,0.0080774889714094,0.0079916666666666
ZAMB,2011,2020,7,3,-15.426,28.311,1324.914,0.0073203458066392,0.0070745486111111,0.0069738043152209,0.0070625
ZAMB,2012,2020,7,4,-15.426,28.311,1324.914,0.0080023860423876,0.0077782986111111,0.0075497469143691,0.0070708333333333
ZAMB,2013,2020,7,5,-15.426,28.311,1324.914,0.0068598365301613,0.0067098263888888,0.0058486297998587,0.0071083333333333
ZAMB,2014,2020,7,6,-15.426,28.311,1324.914,0.0055794768316923,0.0051167013888888,0.0053410036244351,0.0056
ZAMB,2015,2020,7,7,-15.426,28.311,1324.914,0.0090315414743335,0.0086599305555555,0.0085544361764281,0.0090916666666666
ZAMB,2016,2020,7,8,-15.426,28.311,1324.914,0.0115199759573094,0.0115323263888888,0.011154253360835,0.0112416666666666
ZAMB,2017,2020,7,9,-15.426,28.311,1324.914,0.014379658361209,0.0141867361111111,0.0126056291346558,0.0120041666666666
ZAMB,2018,2020,7,10,-15.426,28.311,1324.914,0.0168858817293837,0.0167032638888888,0.0161690704672311,0.0155708333333333
ZAMB,2019,2020,7,11,-15.426,28.311,1324.914,0.0156046573694835,0.0163932291666666,0.0158919042112464,0.0157374999999999
ZAMB,2020,2020,7,12,-15.426,28.311,1324.914,0.0112273035999025,0.0112088194444444,0.0120105214859512,0.0120375
ZAMB,2021,2020,7,13,-15.426,28.311,1324.914,0.0087404488675852,0.0098373958333333,0.0097531312563352,0.01005
ZAMB,2022,2020,7,14,-15.426,28.311,1324.914,0.0055312847631163,0.0060116319444444,0.0054872415232937,0.0059625
ZAMB,2023,2020,7,15,-15.426,28.311,1324.914,0.0064791591745982,0.0068754861111111,0.0065622547857096,0.0075416666666666
ZAMB,2024,2020,7,16,-15.426,28.311,1324.914,0.0080925458558624,0.0092365972222222,0.0080221194470224,0.0089791666666666
ZAMB,2025,2020,7,17,-15.426,28.311,1324.914,0.0082651200058084,0.0081311458333333,0.0068835201962101,0.0080041666666666
ZAMB,2026,2020,7,18,-15.426,28.311,1324.914,0.0093823482505298,0.0091165277777777,0.0083937965052712,0.0090458333333333
ZAMB,2027,2020,7,19,-15.426,28.311,1324.914,0.0096604174006608,0.0095120138888888,0.0101341352123688,0.0103791666666666
ZAMB,2028,2020,7,20,-15.426,28.311,1324.914,0.0103193146402423,0.0098922569444444,0.0103694952949093,0.0104958333333333
ZAMB,2029,2020,7,21,-15.426,28.311,1324.914,0.0107968140227264,0.0108171874999999,0.0112702397958546,0.0114124999999999
ZAMB,2030,2020,7,22,-15.426,28.311,1324.914,0.0105022371978524,0.0102470833333333,0.0100595741394015,0.0098083333333333
ZAMB,2031,2020,7,23,-15.426,28.311,1324.914,0.0090559883253332,0.0085230555555555,0.0090112537927259,0.0084791666666666
ZAMB,2032,2020,7,24,-15.426,28.311,1324.914,0.0099511435915455,0.0091877083333333,0.0089118582477442,0.009175
ZAMB,2033,2020,7,25,-15.426,28.311,1324.914,0.0110043681833936,0.0110550694444444,0.0109236706280476,0.01075
ZAMB,2034,2020,7,26,-15.426,28.311,1324.914,0.0098342942243123,0.0098001736111111,0.009336386065269,0.0097708333333333
ZAMB,2035,2020,7,27,-15.426,28.311,1324.914,0.009112361931467,0.0092706944444444,0.0091472085632553,0.009525
ZAMB,2037,2020,7,29,-15.426,28.311,1324.914,0.011630267845449,0.0122008999999999,0.0118233619531512,0.0123541666666666
ZAMB,2038,2020,7,30,-15.426,28.311,1324.914,0.0112525682424409,0.0110761805555555,0.0109595511955968,0.0117708333333333
ZAMB,2040,2020,8,1,-15.426,28.311,1324.914,0.0051181451515892,0.0049968055555555,0.0050477753985208,0.0052958333333333
ZAMB,2041,2020,8,2,-15.426,28.311,1324.914,0.0060096100247369,0.0058943402777777,0.0056535405394108,0.0067166666666666
ZAMB,2042,2020,8,3,-15.426,28.311,1324.914,0.010897135327675,0.0109595833333333,0.0092888100759666,0.0099083333333333
ZAMB,2043,2020,8,4,-15.426,28.311,1324.914,0.0138269933418579,0.0138142013888888,0.0130126834377582,0.0134958333333333
ZAMB,2044,2020,8,5,-15.426,28.311,1324.914,0.0129260591249511,0.013428125,0.0121758711622868,0.0143458333333333
ZAMB,2045,2020,8,6,-15.426,28.311,1324.914,0.012063368997533,0.0122330208333333,0.0115126913416426,0.01325
ZAMB,2046,2020,8,7,-15.426,28.311,1324.914,0.0121945448414088,0.0126033333333333,0.0111633912796067,0.0119791666666666
ZAMB,2047,2020,8,8,-15.426,28.311,1324.914,0.0119347163551819,0.0120890277777777,0.0116058199925595,0.011825
ZAMB,2048,2020,8,9,-15.426,28.311,1324.914,0.0091388806685706,0.0089772916666666,0.0100196126120837,0.0099875
ZAMB,2049,2020,8,10,-15.426,28.311,1324.914,0.0076110905000842,0.0077039236111111,0.0081177500320785,0.0083208333333333
ZAMB,2050,2020,8,11,-15.426,28.311,1324.914,0.0073956673239208,0.0073433333333333,0.0076202289015495,0.0075666666666666
ZAMB,2051,2020,8,12,-15.426,28.311,1324.914,0.0065221321347955,0.0066700347222222,0.0074415361023091,0.0079541666666666
ZAMB,2052,2020,8,13,-15.426,28.311,1324.914,0.0067948200795691,0.0062603819444444,0.0065685314012732,0.0071875
ZAMB,2053,2020,8,14,-15.426,28.311,1324.914,0.0062111900171401,0.0063085763888888,0.0067973791266829,0.0068916666666666
ZAMB,2054,2020,8,15,-15.426,28.311,1324.914,0.0062846104400357,0.0073259722222222,0.0069212806111814,0.0077875
ZAMB,2055,2020,8,16,-15.426,28.311,1324.914,0.0064157374534212,0.0068380555555555,0.0067654252326178,0.0069875
ZAMB,2056,2020,8,17,-15.426,28.311,1324.914,0.0079118751750797,0.0076027430555555,0.007490114681104,0.0074375
ZAMB,2057,2020,8,18,-15.426,28.311,1324.914,0.011720225552933,0.0111876388888888,0.0115578951775449,0.012325
ZAMB,2058,2020,8,19,-15.426,28.311,1324.914,0.0139045485973158,0.0145142013888888,0.0127417302005591,0.0152708333333333
ZAMB,2059,2020,8,20,-15.426,28.311,1324.914,0.0174086039767762,0.0188109027777777,0.0168959739270922,0.0183625
ZAMB,2060,2020,8,21,-15.426,28.311,1324.914,0.0146819862996228,0.0146621527777777,0.0151874943522222,0.0153708333333333
ZAMB,2061,2020,8,22,-15.426,28.311,1324.914,0.0128185272534873,0.0138867013888888,0.0137293810320763,0.0138083333333333
ZAMB,2062,2020,8,23,-15.426,28.311,1324.914,0.0118806425168238,0.0128255555555555,0.0128979038769065,0.01325
ZAMB,2063,2020,8,24,-15.426,28.311,1324.914,0.0108264328302766,0.0117339236111111,0.0102382799146131,0.0114625
ZAMB,2064,2020,8,25,-15.426,28.311,1324.914,0.0122974810066299,0.0128141666666666,0.0106943422073969,0.012775
ZAMB,2065,2020,8,26,-15.426,28.311,1324.914,0.015608953677148,0.0164792361111111,0.0144316311436883,0.0160666666666666
ZAMB,2066,2020,8,27,-15.426,28.311,1324.914,0.0191985262728417,0.0203353124999999,0.0193785882327286,0.01905
ZAMB,2067,2020,8,28,-15.426,28.311,1324.914,0.0189822581460141,0.0202243055555555,0.0185780747777082,0.0194041666666666
ZAMB,2068,2020,8,29,-15.426,28.311,1324.914,0.0152402108978917,0.0171691666666666,0.0153840524148991,0.0157916666666666
ZAMB,2069,2020,8,30,-15.426,28.311,1324.914,0.0123193543197919,0.0137280902777777,0.0134075076806653,0.0140666666666666
ZAMB,2071,2020,9,1,-15.426,28.311,1324.914,0.015594574855521,0.0155835069444444,0.0141419096974372,0.0152083333333333
ZAMB,2072,2020,9,2,-15.426,28.311,1324.914,0.0147636627226481,0.0139719791666666,0.0133347216414896,0.0142625
ZAMB,2074,2020,9,4,-15.426,28.311,1324.914,0.0128801324027734,0.013447701863354,0.0128021620571062,0.0133
ZAMB,2075,2020,9,5,-15.426,28.311,1324.914,0.0097198411722695,0.00984,0.0098265674717701,0.010375
ZAMB,2076,2020,9,6,-15.426,28.311,1324.914,0.0068891273767248,0.0070627083333333,0.0076161793026185,0.0080291666666666
ZAMB,2077,2020,9,7,-15.426,28.311,1324.914,0.0074367470118584,0.0074451041666666,0.0074669117247724,0.0079875
ZAMB,2078,2020,9,8,-15.426,28.311,1324.914,0.0080552212510817,0.0077904513888888,0.006849343606317,0.0075333333333333
ZAMB,2079,2020,9,9,-15.426,28.311,1324.914,0.0080969778208738,0.0077243402777777,0.007344793217775,0.0083083333333333
ZAMB,2080,2020,9,10,-15.426,28.311,1324.914,0.0087271429122456,0.0079252083333333,0.0082116649905942,0.0084333333333333
ZAMB,2081,2020,9,11,-15.426,28.311,1324.914,0.0101220858276325,0.0100529513888888,0.0094701749506935,0.0093541666666666
ZAMB,2082,2020,9,12,-15.426,28.311,1324.914,0.0128767649708107,0.0138959722222222,0.0121725492514207,0.0122499999999999
ZAMB,2083,2020,9,13,-15.426,28.311,1324.914,0.015866604254573,0.0177475347222222,0.0164557071454115,0.0175208333333333
ZAMB,2084,2020,9,14,-15.426,28.311,1324.914,0.019154517527111,0.0207330208333333,0.0181113808928802,0.0185916666666666
ZAMB,2085,2020,9,15,-15.426,28.311,1324.914,0.0215224614026127,0.0225961805555555,0.0206305069968837,0.02145
ZAMB,2086,2020,9,16,-15.426,28.311,1324.914,0.0217247745371128,0.0226453472222222,0.0220631835964557,0.0214749999999999
ZAMB,2087,2020,9,17,-15.426,28.311,1324.914,0.0188758582971344,0.0198025,0.0198693283045946,0.0196041666666666
ZAMB,2088,2020,9,18,-15.426,28.311,1324.914,0.0160348367387343,0.0177909375,0.0183187241311632,0.0183208333333333
ZAMB,2089,2020,9,19,-15.426,28.311,1324.914,0.0146475040815433,0.0161447916666666,0.0167257230836927,0.0175624999999999
ZAMB,2090,2020,9,20,-15.426,28.311,1324.914,0.0153220558041797,0.0169908680555555,0.0162116277240994,0.0159916666666666
ZAMB,2091,2020,9,21,-15.426,28.311,1324.914,0.012259257318757,0.0124806597222222,0.0122712632536747,0.012675
ZAMB,2092,2020,9,22,-15.426,28.311,1324.914,0.0114295056831623,0.0124173263888888,0.0128489149233044,0.0115541666666666
ZAMB,2093,2020,9,23,-15.426,28.311,1324.914,0.0122527247246766,0.0137659374999999,0.0118944463802151,0.0118666666666666
ZAMB,2094,2020,9,24,-15.426,28.311,1324.914,0.0113814067355198,0.0120222222222222,0.0111678841493344,0.0111791666666666
ZAMB,2095,2020,9,25,-15.426,28.311,1324.914,0.0122427014726755,0.0136159375,0.0138356945423838,0.0146666666666666
ZAMB,2096,2020,9,26,-15.426,28.311,1324.914,0.0115606855589455,0.0125324652777777,0.0122642627447154,0.0134916666666666
ZAMB,2097,2020,9,27,-15.426,28.311,1324.914,0.0154711971494036,0.0168172569444444,0.0147886405604605,0.0160125
ZAMB,2098,2020,9,28,-15.426,28.311,1324.914,0.0181672395281974,0.0184710416666666,0.0172158866292839,0.018375
ZAMB,2099,2020,9,29,-15.426,28.311,1324.914,0.0230322305505714,0.0238430902777777,0.0223059563737545,0.0219875
ZAMB,2100,2020,9,30,-15.426,28.311,1324.914,0.0228060779941484,0.0239257638888888,0.0223444293651612,0.0233791666666666
ZAMB,2101,2020,10,1,-15.426,28.311,1324.914,0.0200520961362478,0.0193851388888888,0.0188270229441657,0.0188
ZAMB,2102,2020,10,2,-15.426,28.311,1324.914,0.0167352077829965,0.0163498263888888,0.0146909511155132,0.0152958333333333
ZAMB,2103,2020,10,3,-15.426,28.311,1324.914,0.017054785356699,0.0173051736111111,0.0157577992132312,0.0160666666666666
ZAMB,2104,2020,10,4,-15.426,28.311,1324.914,0.0186938055227404,0.0194241666666666,0.0179567212458075,0.0185416666666666
ZAMB,2105,2020,10,5,-15.426,28.311,1324.914,0.0201888527875271,0.02117625,0.0198015088126568,0.0194083333333333
ZAMB,2106,2020,10,6,-15.426,28.311,1324.914,0.0190183845711762,0.0200880208333333,0.0192434306550336,0.0195083333333333
ZAMB,2107,2020,10,7,-15.426,28.311,1324.914,0.0268333227399152,0.0279914236111111,0.0273224016857065,0.0279541666666666
ZAMB,2108,2020,10,8,-15.426,28.311,1324.914,0.0318407094413167,0.0312003819444444,0.0301792959737651,0.030475
ZAMB,2109,2020,10,9,-15.426,28.311,1324.914,0.0288381798063366,0.0289221874999999,0.030610186668769,0.0304
ZAMB,2110,2020,10,10,-15.426,28.311,1324.914,0.0256033086771429,0.0281507291666666,0.025030040633101,0.0264291666666666
ZAMB,2111,2020,10,11,-15.426,28.311,1324.914,0.0306767574224618,0.0309168749999999,0.0299574027107606,0.031225
ZAMB,2112,2020,10,12,-15.426,28.311,1324.914,0.0341280179396283,0.0348376041666666,0.0356718828759536,0.035775
ZAMB,2113,2020,10,13,-15.426,28.311,1324.914,0.0324874657096955,0.0327990277777777,0.0329231352711383,0.0324333333333333
ZAMB,2114,2020,10,14,-15.426,28.311,1324.914,0.0270296794845496,0.0277639930555555,0.0272056207315734,0.0290666666666666
ZAMB,2115,2020,10,15,-15.426,28.311,1324.914,0.0234272962749213,0.0247808333333333,0.0253536587809872,0.0248416666666666
ZAMB,2116,2020,10,16,-15.426,28.311,1324.914,0.015665741943983,0.0168326736111111,0.0165752788353582,0.0167666666666666
ZAMB,2117,2020,10,17,-15.426,28.311,1324.914,0.0086513868366181,0.0095160763888888,0.0109219669773759,0.0113083333333333
ZAMB,2118,2020,10,18,-15.426,28.311,1324.914,0.0071416826595501,0.0072857291666666,0.0077247922247383,0.0075916666666666
ZAMB,2119,2020,10,19,-15.426,28.311,1324.914,0.0068870242014704,0.0070700694444444,0.0077862605507354,0.0074375
ZAMB,2120,2020,10,20,-15.426,28.311,1324.914,0.0100663265057247,0.0105282986111111,0.0094961530994127,0.0105833333333333
ZAMB,2121,2020,10,21,-15.426,28.311,1324.914,0.0150660828247912,0.0154681944444444,0.0139148812935011,0.0151708333333333
ZAMB,2122,2020,10,22,-15.426,28.311,1324.914,0.0194435008371914,0.0208093055555555,0.0203547383165561,0.0198416666666666
ZAMB,2123,2020,10,23,-15.426,28.311,1324.914,0.0148343529939605,0.0158466666666666,0.0153366740447848,0.0145708333333333
ZAMB,2124,2020,10,24,-15.426,28.311,1324.914,0.0119980049481161,0.0126879166666666,0.0115416123025236,0.0127666666666666
ZAMB,2125,2020,10,25,-15.426,28.311,1324.914,0.0139590942334039,0.0151461458333333,0.0135707063586846,0.0154458333333333
ZAMB,2126,2020,10,26,-15.426,28.311,1324.914,0.0162834563297555,0.0176754166666666,0.0159727417003467,0.0180333333333333
ZAMB,2127,2020,10,27,-15.426,28.311,1324.914,0.0175917342542302,0.0192655902777777,0.0186773400817672,0.0187875
ZAMB,2128,2020,10,28,-15.426,28.311,1324.914,0.0189455583984905,0.0194492361111111,0.0173180478423699,0.0189
ZAMB,2129,2020,10,29,-15.426,28.311,1324.914,0.0205574275074556,0.0217099652777777,0.0204390140901591,0.0208166666666666
ZAMB,2130,2020,10,30,-15.426,28.311,1324.914,0.0174413102419227,0.0179780555555555,0.0174467972831501,0.0171541666666666
ZAMB,2132,2020,11,1,-15.426,28.311,1324.914,0.0193665261938687,0.0214973958333333,0.0198957510647457,0.0216291666666666
ZAMB,2133,2020,11,2,-15.426,28.311,1324.914,0.0237853460013916,0.0226848611111111,0.0214656266311792,0.0240708333333333
ZAMB,2134,2020,11,3,-15.426,28.311,1324.914,0.0269943864324933,0.0274568724279835,0.0282699369972638,0.0303958333333333
ZAMB,2135,2020,11,4,-15.426,28.311,1324.914,0.0311439025993666,0.0325087,0.0333486849387351,0.0334
ZAMB,2136,2020,11,5,-15.426,28.311,1324.914,0.0261614769582977,0.0259549652777777,0.0263273519596961,0.02535
ZAMB,2137,2020,11,6,-15.426,28.311,1324.914,0.0222033959354851,0.0229509722222222,0.0224272845531291,0.0216875
ZAMB,2138,2020,11,7,-15.426,28.311,1324.914,0.0173903991434022,0.0196952083333333,0.0193937789517673,0.0191583333333333
ZAMB,2139,2020,11,8,-15.426,28.311,1324.914,0.0140664438614147,0.0152025,0.0144658056527732,0.0152958333333333
ZAMB,2140,2020,11,9,-15.426,28.311,1324.914,0.0178932482400276,0.0186127083333333,0.0178773336210625,0.0184791666666666
ZAMB,2141,2020,11,10,-15.426,28.311,1324.914,0.0240649256816678,0.0253710416666666,0.0226190581038191,0.0229208333333333
ZAMB,2142,2020,11,11,-15.426,28.311,1324.914,0.0298648081604948,0.0309579929577464,0.0300716229693301,0.0304458333333333
ZAMB,2143,2020,11,12,-15.426,28.311,1324.914,0.0354286675379875,0.0358893402777777,0.0364941169721661,0.0357916666666666
ZAMB,2144,2020,11,13,-15.426,28.311,1324.914,0.033901987316178,0.0348454513888888,0.0352454510953732,0.0342625
ZAMB,2145,2020,11,14,-15.426,28.311,1324.914,0.0290485050482088,0.0302571527777777,0.0302971361468909,0.0296
ZAMB,2146,2020,11,15,-15.426,28.311,1324.914,0.027361615622868,0.0274395833333333,0.0279567277850515,0.0257624999999999
ZAMB,2147,2020,11,16,-15.426,28.311,1324.914,0.0235953966000195,0.024023125,0.0258664785639255,0.0220166666666666
ZAMB,2148,2020,11,17,-15.426,28.311,1324.914,0.0247439480899868,0.0254556597222222,0.0249603241871539,0.0232708333333333
ZAMB,2149,2020,11,18,-15.426,28.311,1324.914,0.0313240209915737,0.0321223263888888,0.0304651463686869,0.0327583333333333
ZAMB,2150,2020,11,19,-15.426,28.311,1324.914,0.033823439221658,0.0339911805555555,0.0318064028463167,0.0342166666666666
ZAMB,2151,2020,11,20,-15.426,28.311,1324.914,0.0345751628098758,0.0336610069444444,0.0337422015662218,0.0353666666666666
ZAMB,2152,2020,11,21,-15.426,28.311,1324.914,0.0314912282715448,0.0314863888888888,0.0308371374900297,0.0321708333333333
ZAMB,2153,2020,11,22,-15.426,28.311,1324.914,0.0335948218612983,0.0344090277777777,0.0338090275121305,0.034825
ZAMB,2154,2020,11,23,-15.426,28.311,1324.914,0.0307108896224231,0.0318823611111111,0.0312252354014926,0.0319625
ZAMB,2155,2020,11,24,-15.426,28.311,1324.914,0.0313238221504272,0.0315454166666666,0.0288003132027374,0.0302375
ZAMB,2156,2020,11,25,-15.426,28.311,1324.914,0.0321978629557587,0.0324621180555555,0.0305550453277594,0.0315375
ZAMB,2157,2020,11,26,-15.426,28.311,1324.914,0.0325313180123438,0.0320379513888888,0.0322741657551158,0.0317041666666666
ZAMB,2158,2020,11,27,-15.426,28.311,1324.914,0.0342734609097592,0.0353170833333333,0.0331981741729302,0.0364166666666666
ZAMB,2159,2020,11,28,-15.426,28.311,1324.914,0.033999665427745,0.0334785763888888,0.0353056491115905,0.0347958333333333
ZAMB,2160,2020,11,29,-15.426,28.311,1324.914,0.0343055160803803,0.0336218749999999,0.0321249360081259,0.03205
ZAMB,2161,2020,11,30,-15.426,28.311,1324.914,0.0372128078786955,0.0357831597222222,0.034678843109163,0.0362291666666666
ZAMB,2162,2020,12,1,-15.426,28.311,1324.914,0.0375838355217706,0.0380913888888888,0.0375762706266822,0.0392625
ZAMB,2163,2020,12,2,-15.426,28.311,1324.914,0.0407652211462876,0.0401106944444444,0.039375702359716,0.0398833333333333
ZAMB,2164,2020,12,3,-15.426,28.311,1324.914,0.0406448525945839,0.0402762152777777,0.0396541343117657,0.0409791666666666
ZAMB,2165,2020,12,4,-15.426,28.311,1324.914,0.0402630862227282,0.0393259375,0.0395690575931449,0.0403166666666666
ZAMB,2166,2020,12,5,-15.426,28.311,1324.914,0.0400950482061393,0.0398762847222222,0.0396284197421814,0.0391166666666666
ZAMB,2167,2020,12,6,-15.426,28.311,1324.914,0.0385370584028248,0.0381242708333333,0.0397114324024697,0.0407416666666666
ZAMB,2168,2020,12,7,-15.426,28.311,1324.914,0.0388889164428725,0.0394289583333333,0.0381076995497759,0.03935
ZAMB,2169,2020,12,8,-15.426,28.311,1324.914,0.0369272434974906,0.0372681944444444,0.0388542574590379,0.0387708333333333
ZAMB,2170,2020,12,9,-15.426,28.311,1324.914,0.037947550024974,0.0383027777777777,0.0373520426092712,0.0381208333333333
ZAMB,2171,2020,12,10,-15.426,28.311,1324.914,0.0392879769234461,0.0389244097222222,0.0395848482400955,0.0394541666666666
ZAMB,2172,2020,12,11,-15.426,28.311,1324.914,0.0390939474966299,0.0384719444444444,0.0381527564843953,0.0360291666666666
ZAMB,2173,2020,12,12,-15.426,28.311,1324.914,0.0383456235352418,0.0381187847222222,0.0378070128090923,0.0376
ZAMB,2174,2020,12,13,-15.426,28.311,1324.914,0.0395976753784016,0.0395771527777777,0.039590322267136,0.0383541666666666
ZAMB,2175,2020,12,14,-15.426,28.311,1324.914,0.0396510291977875,0.0395598263888888,0.0383892374767439,0.0376666666666666
ZAMB,2176,2020,12,15,-15.426,28.311,1324.914,0.0393023349918506,0.0393632986111111,0.0387349790451301,0.0383041666666666
ZAMB,2177,2020,12,16,-15.426,28.311,1324.914,0.0396060452373111,0.0386426041666666,0.0378349592419075,0.0378916666666666
ZAMB,2178,2020,12,17,-15.426,28.311,1324.914,0.0377905385844255,0.0378867708333333,0.0382068906949823,0.0389208333333333
ZAMB,2179,2020,12,18,-15.426,28.311,1324.914,0.0380569857127322,0.0378449305555555,0.0382830772954522,0.0394791666666666
ZAMB,2180,2020,12,19,-15.426,28.311,1324.914,0.0351075154422505,0.0349232291666666,0.0353725149040741,0.0359208333333333
ZAMB,2181,2020,12,20,-15.426,28.311,1324.914,0.033672786186362,0.0348141319444444,0.0340392761950532,0.0342833333333333
ZAMB,2182,2020,12,21,-15.426,28.311,1324.914,0.0354550923565454,0.0359625347222222,0.0355637008631511,0.0368
ZAMB,2183,2020,12,22,-15.426,28.311,1324.914,0.032951315024287,0.0339540625,0.0337967353141431,0.0339041666666666
ZAMB,2184,2020,12,23,-15.426,28.311,1324.914,0.0309236481354282,0.0317797916666666,0.0306974365568873,0.0314749999999999
ZAMB,2185,2020,12,24,-15.426,28.311,1324.914,0.031620561978819,0.0330774652777777,0.0321810367647995,0.0353625
ZAMB,2186,2020,12,25,-15.426,28.311,1324.914,0.0352378536871936,0.0369096527777777,0.0348811350203451,0.0352041666666666
ZAMB,2187,2020,12,26,-15.426,28.311,1324.914,0.0347331325992734,0.0360304166666666,0.0368019432578475,0.03655
ZAMB,2188,2020,12,27,-15.426,28.311,1324.914,0.0327642896385768,0.0338617708333333,0.0349670516558048,0.0355083333333333
ZAMB,2189,2020,12,28,-15.426,28.311,1324.914,0.0334511654447704,0.0335559722222222,0.0340173322931484,0.0354541666666666
ZAMB,2190,2020,12,29,-15.426,28.311,1324.914,0.0344726052335023,0.0363171875,0.0361942393077039,0.0364791666666666
ZAMB,2191,2020,12,30,-15.426,28.311,1324.914,0.0335412793209036,0.033440625,0.0326860330953822,0.0343583333333333
ZAMB,2193,2021,1,1,-15.426,28.311,1324.914,0.0413220657844156,0.0392943402777777,0.0385158546507345,0.0388416666666666
ZAMB,2235,2021,2,12,-15.426,28.311,1324.914,0.0401754191095468,0.0365196527777777,0.0387820769103376,0.039575
ZAMB,2236,2021,2,13,-15.426,28.311,1324.914,0.0393594462835625,0.0386013194444444,0.0389210601964248,0.0386416666666666
ZAMB,2237,2021,2,14,-15.426,28.311,1324.914,0.0352492339817798,0.0346706944444444,0.035218449686397,0.032075
ZAMB,2238,2021,2,15,-15.426,28.311,1324.914,0.0269874244600334,0.0258740972222222,0.026486274992706,0.023275
ZAMB,2239,2021,2,16,-15.426,28.311,1324.914,0.0351527152067888,0.0338587847222222,0.0316799839766357,0.0338958333333333
ZAMB,2240,2021,2,17,-15.426,28.311,1324.914,0.0366308513617978,0.0356779166666666,0.0367007242635755,0.0358208333333333
ZAMB,2241,2021,2,18,-15.426,28.311,1324.914,0.0375707014410991,0.0377883680555555,0.0373778367962675,0.03795
ZAMB,2242,2021,2,19,-15.426,28.311,1324.914,0.0404622816354257,0.0397921527777777,0.0393565903415365,0.039275
ZAMB,2243,2021,2,20,-15.426,28.311,1324.914,0.0369298592095294,0.0363157986111111,0.0376442062634309,0.0376208333333333
ZAMB,2244,2021,2,21,-15.426,28.311,1324.914,0.0348697667121185,0.0344785416666666,0.0360000246546918,0.0354
ZAMB,2245,2021,2,22,-15.426,28.311,1324.914,0.0328290369250186,0.0330676736111111,0.0321134962519713,0.0331791666666666
ZAMB,2246,2021,2,23,-15.426,28.311,1324.914,0.0354402889408097,0.0364947916666666,0.0360833116627622,0.0368041666666666
ZAMB,2247,2021,2,24,-15.426,28.311,1324.914,0.0345708100054093,0.0347550347222222,0.0332357300943899,0.0354333333333333
ZAMB,2248,2021,2,25,-15.426,28.311,1324.914,0.0351274226196149,0.0352075694444444,0.0337096222738913,0.0359083333333333
ZAMB,2249,2021,2,26,-15.426,28.311,1324.914,0.0383040996657013,0.0385284375,0.0376161729777142,0.03785
ZAMB,2250,2021,2,27,-15.426,28.311,1324.914,0.0394979299635961,0.0394617013888888,0.0386642591235758,0.0394666666666666
ZAMB,2251,2021,2,28,-15.426,28.311,1324.914,0.0391439822134822,0.0386487152777777,0.0402162558028106,0.04115
ZAMB,2252,2021,3,1,-15.426,28.311,1324.914,0.0375790844692539,0.037886875,0.0391888212074934,0.040025
ZAMB,2253,2021,3,2,-15.426,28.311,1324.914,0.0288865934149154,0.0283249305555555,0.0285346608611921,0.0329083333333333
ZAMB,2254,2021,3,3,-15.426,28.311,1324.914,0.0301501381428493,0.0306139583333333,0.0288617792245253,0.0324541666666666
ZAMB,2255,2021,3,4,-15.426,28.311,1324.914,0.03434632942006,0.0334556597222222,0.0322942472980697,0.0337958333333333
ZAMB,2256,2021,3,5,-15.426,28.311,1324.914,0.0348273287353579,0.0343506249999999,0.0333139694526593,0.0343666666666666
ZAMB,2257,2021,3,6,-15.426,28.311,1324.914,0.0348172173319911,0.0346228819444444,0.0327355985248358,0.0345916666666666
ZAMB,2258,2021,3,7,-15.426,28.311,1324.914,0.0355356708265736,0.0353671875,0.0361222312319959,0.0367958333333333
ZAMB,2259,2021,3,8,-15.426,28.311,1324.914,0.0318178384142155,0.0319301388888888,0.0327889650628514,0.0341249999999999
ZAMB,2260,2021,3,9,-15.426,28.311,1324.914,0.0310730099733528,0.0321341666666666,0.0320550298356643,0.0323125
ZAMB,2261,2021,3,10,-15.426,28.311,1324.914,0.0316604781732349,0.0327700347222222,0.0313964030116985,0.0324083333333333
ZAMB,2262,2021,3,11,-15.426,28.311,1324.914,0.0321606530130807,0.0337191319444444,0.0302975336121188,0.0310666666666666
ZAMB,2263,2021,3,12,-15.426,28.311,1324.914,0.0295992656200966,0.0300702083333333,0.0303069910673273,0.0304958333333333
ZAMB,2264,2021,3,13,-15.426,28.311,1324.914,0.0286570577672873,0.0276422916666666,0.0265804073403502,0.0276041666666666
ZAMB,2265,2021,3,14,-15.426,28.311,1324.914,0.0310287334128395,0.0308589583333333,0.0287915716842804,0.0302666666666666
ZAMB,2266,2021,3,15,-15.426,28.311,1324.914,0.0308503613579459,0.0312780902777777,0.0292117247390489,0.030325
ZAMB,2267,2021,3,16,-15.426,28.311,1324.914,0.0276406486707715,0.02751125,0.0268833550919858,0.0277291666666666
ZAMB,2268,2021,3,17,-15.426,28.311,1324.914,0.0275155919051631,0.0290338194444444,0.0286643365042644,0.0301125
ZAMB,2269,2021,3,18,-15.426,28.311,1324.914,0.028763927367943,0.0301984375,0.0291324039825499,0.0299375
ZAMB,2270,2021,3,19,-15.426,28.311,1324.914,0.0233608840673066,0.0248939930555555,0.0246860867916174,0.0236541666666666
ZAMB,2271,2021,3,20,-15.426,28.311,1324.914,0.0215171454121284,0.0225372222222222,0.0217734086672305,0.0235041666666666
ZAMB,2272,2021,3,21,-15.426,28.311,1324.914,0.0251326800916489,0.0264322222222222,0.0250410530880417,0.0270375
ZAMB,2273,2021,3,22,-15.426,28.311,1324.914,0.0299466503141979,0.0305356944444444,0.0293532463801517,0.0300499999999999
ZAMB,2274,2021,3,23,-15.426,28.311,1324.914,0.0285627561373292,0.0291224652777777,0.028833740116034,0.0274666666666666
ZAMB,2275,2021,3,24,-15.426,28.311,1324.914,0.0244894534838812,0.02489,0.0238065779649192,0.02455
ZAMB,2276,2021,3,25,-15.426,28.311,1324.914,0.0236926234477875,0.0240536805555555,0.0220173172203734,0.0220958333333333
ZAMB,2277,2021,3,26,-15.426,28.311,1324.914,0.0278347586835551,0.0284572569444444,0.0254914588103367,0.0261958333333333
ZAMB,2278,2021,3,27,-15.426,28.311,1324.914,0.0316637415546685,0.0324455555555555,0.0330879833188302,0.0342625
ZAMB,2279,2021,3,28,-15.426,28.311,1324.914,0.0285800794261415,0.0284270486111111,0.0298931297184912,0.0308416666666666
ZAMB,2280,2021,3,29,-15.426,28.311,1324.914,0.025439458577023,0.0258265972222222,0.0244172645056746,0.0264458333333333
ZAMB,2281,2021,3,30,-15.426,28.311,1324.914,0.0238683505880855,0.0234026736111111,0.0214584948480744,0.0219333333333333
ZAMB,2283,2021,4,1,-15.426,28.311,1324.914,0.0215638323438431,0.0237231597222222,0.0209559468266462,0.0205458333333333
ZAMB,2284,2021,4,2,-15.426,28.311,1324.914,0.0200365307075996,0.0212473611111111,0.0186138160737209,0.0182624999999999
ZAMB,2285,2021,4,3,-15.426,28.311,1324.914,0.0172844449459263,0.0175348263888888,0.0158686156026898,0.0165375
ZAMB,2286,2021,4,4,-15.426,28.311,1324.914,0.0165957479328045,0.0174431597222222,0.0167524124882847,0.0174708333333333
ZAMB,2287,2021,4,5,-15.426,28.311,1324.914,0.0178349987355128,0.0176389583333333,0.0167630413018875,0.0185166666666666
ZAMB,2288,2021,4,6,-15.426,28.311,1324.914,0.0189315748157178,0.0195302777777777,0.0177711306434736,0.019
ZAMB,2289,2021,4,7,-15.426,28.311,1324.914,0.0166198215483006,0.0187068402777777,0.0173645192261004,0.0172333333333333
ZAMB,2290,2021,4,8,-15.426,28.311,1324.914,0.0153888090409416,0.0161528125,0.0149500543434172,0.0156291666666666
ZAMB,2291,2021,4,9,-15.426,28.311,1324.914,0.0168077281852437,0.0167305902777777,0.015061283056645,0.0165916666666666
ZAMB,2292,2021,4,10,-15.426,28.311,1324.914,0.0170057189169142,0.0170139930555555,0.0168023995521324,0.015425
ZAMB,2293,2021,4,11,-15.426,28.311,1324.914,0.0168088597939929,0.0164972569444444,0.0162911765679112,0.0180166666666666
ZAMB,2294,2021,4,12,-15.426,28.311,1324.914,0.0231717744175245,0.0237879513888888,0.0225221217552125,0.0237583333333333
ZAMB,2295,2021,4,13,-15.426,28.311,1324.914,0.0248965525533734,0.0249715625,0.0244583868499647,0.02445
ZAMB,2296,2021,4,14,-15.426,28.311,1324.914,0.0219796545661905,0.0217635416666666,0.0214359750038967,0.0219541666666666
ZAMB,2297,2021,4,15,-15.426,28.311,1324.914,0.0190700041669924,0.0188094097222222,0.017693575031749,0.0203791666666666
ZAMB,2298,2021,4,16,-15.426,28.311,1324.914,0.0174226086552214,0.0161994791666666,0.0163175620802217,0.0184166666666666
ZAMB,2299,2021,4,17,-15.426,28.311,1324.914,0.0181248342316003,0.0178377430555555,0.017918244874836,0.0193208333333333
ZAMB,2300,2021,4,18,-15.426,28.311,1324.914,0.0199673540265722,0.0199924652777777,0.0205507452980779,0.020225
ZAMB,2301,2021,4,19,-15.426,28.311,1324.914,0.0199287624115234,0.0201720138888888,0.0196761223398038,0.0197
ZAMB,2302,2021,4,20,-15.426,28.311,1324.914,0.0190295464934355,0.0193784027777777,0.0193500228069643,0.0198583333333333
ZAMB,2303,2021,4,21,-15.426,28.311,1324.914,0.0176657321161199,0.0179876388888888,0.0176769310100038,0.0187541666666666
ZAMB,2304,2021,4,22,-15.426,28.311,1324.914,0.0189996819205972,0.0203995486111111,0.0203911952823869,0.0210166666666666
ZAMB,2305,2021,4,23,-15.426,28.311,1324.914,0.0200929431410899,0.0213699305555555,0.0188384908903351,0.020625
ZAMB,2306,2021,4,24,-15.426,28.311,1324.914,0.0208241783408293,0.022665,0.0206031744070824,0.0239416666666666
ZAMB,2307,2021,4,25,-15.426,28.311,1324.914,0.0239706553312227,0.0256175347222222,0.0234873942718151,0.0238208333333333
ZAMB,2308,2021,4,26,-15.426,28.311,1324.914,0.0242936213430313,0.0252977083333333,0.0233244080008409,0.0256583333333333
ZAMB,2309,2021,4,27,-15.426,28.311,1324.914,0.0259545818772058,0.0267864930555555,0.0258806766441307,0.0278333333333333
ZAMB,2310,2021,4,28,-15.426,28.311,1324.914,0.027134464718125,0.0280094097222222,0.0281084221662276,0.0294083333333333
ZAMB,2311,2021,4,29,-15.426,28.311,1324.914,0.028736662392552,0.0298497916666666,0.0283260600713674,0.0293041666666666
ZAMB,2312,2021,4,30,-15.426,28.311,1324.914,0.0324592722798951,0.0327422916666666,0.0309809884216017,0.0326916666666666
ZAMB,2313,2021,5,1,-15.426,28.311,1324.914,0.0358980253159043,0.0346243055555555,0.0345768204025289,0.0354333333333333
ZAMB,2314,2021,5,2,-15.426,28.311,1324.914,0.0333239486984393,0.0338064583333333,0.0344231561295384,0.0348833333333333
ZAMB,2315,2021,5,3,-15.426,28.311,1324.914,0.0277685018478455,0.0278628125,0.0285315790572711,0.0282
ZAMB,2316,2021,5,4,-15.426,28.311,1324.914,0.0189839651510285,0.0189029513888888,0.0185985431125396,0.0184583333333333
ZAMB,2317,2021,5,5,-15.426,28.311,1324.914,0.012648992720064,0.0136036805555555,0.0139293058493324,0.0139625
ZAMB,2318,2021,5,6,-15.426,28.311,1324.914,0.0105322946851208,0.0118614930555555,0.0115407702181607,0.0122791666666666
ZAMB,2319,2021,5,7,-15.426,28.311,1324.914,0.0093156058468406,0.009320625,0.0076625389953332,0.008725
ZAMB,2320,2021,5,8,-15.426,28.311,1324.914,0.0112030082754968,0.0120986805555555,0.0105658458881292,0.0109208333333333
ZAMB,2321,2021,5,9,-15.426,28.311,1324.914,0.0142527695023312,0.0152319444444444,0.014722748662053,0.0158541666666666
ZAMB,2322,2021,5,10,-15.426,28.311,1324.914,0.0147332702283649,0.0149558333333333,0.014595703361014,0.0146
ZAMB,2323,2021,5,11,-15.426,28.311,1324.914,0.0134992542416311,0.0133390972222222,0.0124194728223453,0.0134458333333333
ZAMB,2324,2021,5,12,-15.426,28.311,1324.914,0.0118940522773564,0.0120459722222222,0.0123654108316198,0.0122041666666666
ZAMB,2326,2021,5,14,-15.426,28.311,1324.914,0.0145190399348871,0.0134990243902439,0.0117288622503006,0.0126
ZAMB,2327,2021,5,15,-15.426,28.311,1324.914,0.0145671053259449,0.015081875,0.0138184877677932,0.0132791666666666
ZAMB,2328,2021,5,16,-15.426,28.311,1324.914,0.0133316107534416,0.0139252777777777,0.0116330286735518,0.0126874999999999
ZAMB,2329,2021,5,17,-15.426,28.311,1324.914,0.0132861848825727,0.0122093055555555,0.0124723529175525,0.012525
ZAMB,2330,2021,5,18,-15.426,28.311,1324.914,0.0117326860926338,0.0123215277777777,0.0132234241454998,0.0122166666666666
ZAMB,2331,2021,5,19,-15.426,28.311,1324.914,0.009406885963066,0.0101171875,0.0100069262217575,0.0098041666666666
ZAMB,2332,2021,5,20,-15.426,28.311,1324.914,0.0096673230738089,0.0102795486111111,0.0087215549286995,0.0104083333333333
ZAMB,2333,2021,5,21,-15.426,28.311,1324.914,0.0100174357069475,0.0102202430555555,0.0080072158477443,0.0093375
ZAMB,2334,2021,5,22,-15.426,28.311,1324.914,0.0122875700415181,0.0122097569444444,0.0105370756410198,0.0121333333333333
ZAMB,2335,2021,5,23,-15.426,28.311,1324.914,0.0127290673732277,0.0124032291666666,0.012306373260272,0.0121708333333333
ZAMB,2337,2021,5,25,-15.426,28.311,1324.914,0.0084709997569413,0.0089417013888888,0.0084332780152867,0.0086833333333333
ZAMB,2338,2021,5,26,-15.426,28.311,1324.914,0.0059206541340522,0.0062635416666666,0.0060899560236496,0.0059291666666666
ZAMB,2339,2021,5,27,-15.426,28.311,1324.914,0.0055500141900795,0.0064346180555555,0.0060962314648292,0.0062583333333333
ZAMB,2340,2021,5,28,-15.426,28.311,1324.914,0.0051628235718331,0.0056730555555555,0.0060849684753927,0.0046583333333333
ZAMB,2341,2021,5,29,-15.426,28.311,1324.914,0.0054547670581492,0.0061107291666666,0.0058864090052396,0.0054166666666666
ZAMB,2342,2021,5,30,-15.426,28.311,1324.914,0.0057776025473042,0.0065615972222222,0.0057572838439362,0.0061541666666666
ZAMB,2344,2021,6,1,-15.426,28.311,1324.914,0.0152390306261453,0.0146655555555555,0.0123900793402083,0.0139291666666666
ZAMB,2345,2021,6,2,-15.426,28.311,1324.914,0.0204673735259458,0.0206271180555555,0.0185964618465481,0.01865
ZAMB,2346,2021,6,3,-15.426,28.311,1324.914,0.017669145156507,0.0171865625,0.0165047723358962,0.0155125
ZAMB,2347,2021,6,4,-15.426,28.311,1324.914,0.0145034605330828,0.0148135763888888,0.0148064460702,0.0138
ZAMB,2348,2021,6,5,-15.426,28.311,1324.914,0.0129959728809586,0.0122023958333333,0.0123713079607611,0.0130875
ZAMB,2349,2021,6,6,-15.426,28.311,1324.914,0.0114588890931867,0.0102047222222222,0.0113248808521887,0.0113166666666666
ZAMB,2350,2021,6,7,-15.426,28.311,1324.914,0.0116991554542569,0.0118525347222222,0.0115723136606136,0.0117375
ZAMB,2351,2021,6,8,-15.426,28.311,1324.914,0.0132673922647268,0.0131891319444444,0.0115773553360087,0.0118749999999999
ZAMB,2352,2021,6,9,-15.426,28.311,1324.914,0.0123544540917716,0.0128069444444444,0.0113778830677179,0.0114916666666666
ZAMB,2353,2021,6,10,-15.426,28.311,1324.914,0.0096598194552065,0.010389375,0.0098855158611118,0.0092874999999999
ZAMB,2354,2021,6,11,-15.426,28.311,1324.914,0.0098075069025863,0.0097267361111111,0.0082544805004525,0.0100458333333333
ZAMB,2355,2021,6,12,-15.426,28.311,1324.914,0.0092831158691129,0.0090235763888888,0.0082204799243479,0.0092666666666666
ZAMB,2357,2021,6,14,-15.426,28.311,1324.914,0.0078292058742826,0.0085135849056603,0.006465465156496,0.0075958333333333
ZAMB,2358,2021,6,15,-15.426,28.311,1324.914,0.0064441213207348,0.0074174652777777,0.0066717038478197,0.0078333333333333
ZAMB,2359,2021,6,16,-15.426,28.311,1324.914,0.0065841927572732,0.0066,0.0061808865689001,0.0066583333333333
ZAMB,2360,2021,6,17,-15.426,28.311,1324.914,0.0088180315375834,0.0094929166666666,0.007832991070042,0.0097791666666666
ZAMB,2361,2021,6,18,-15.426,28.311,1324.914,0.0107062424217426,0.0104670138888888,0.0106275616374848,0.0108916666666666
ZAMB,2362,2021,6,19,-15.426,28.311,1324.914,0.012032720987436,0.0123944097222222,0.0133632755770528,0.0129458333333333
ZAMB,2363,2021,6,20,-15.426,28.311,1324.914,0.0107421749800011,0.0104623611111111,0.0117104424842211,0.0104166666666666
ZAMB,2364,2021,6,21,-15.426,28.311,1324.914,0.0129163178758169,0.0132414583333333,0.0129579361194094,0.0134875
ZAMB,2365,2021,6,22,-15.426,28.311,1324.914,0.0124778713631841,0.0127122569444444,0.0114921059680053,0.0133666666666666
ZAMB,2366,2021,6,23,-15.426,28.311,1324.914,0.0128227137623281,0.0128574652777777,0.0124809707600397,0.0127833333333333
ZAMB,2367,2021,6,24,-15.426,28.311,1324.914,0.0123010449361054,0.0120269444444444,0.0122290711859753,0.0123124999999999
ZAMB,2368,2021,6,25,-15.426,28.311,1324.914,0.0106630585781601,0.0104384027777777,0.0099118798960919,0.0102125
ZAMB,2369,2021,6,26,-15.426,28.311,1324.914,0.0091618021923406,0.0090833680555555,0.0076937933782139,0.0094708333333333
ZAMB,2370,2021,6,27,-15.426,28.311,1324.914,0.0083599828742624,0.0087898263888888,0.0086750851135649,0.0093625
ZAMB,2371,2021,6,28,-15.426,28.311,1324.914,0.0078109103043988,0.0088197916666666,0.007859744276507,0.008325
ZAMB,2372,2021,6,29,-15.426,28.311,1324.914,0.0065959467051291,0.0072889236111111,0.0066380487817139,0.0083625
ZAMB,2373,2021,6,30,-15.426,28.311,1324.914,0.0060749015488208,0.0065671180555555,0.0058921657374364,0.0057374999999999
ZAMB,2374,2021,7,1,-15.426,28.311,1324.914,0.0070460958445704,0.0072111805555555,0.0056754529516608,0.006075
ZAMB,2375,2021,7,2,-15.426,28.311,1324.914,0.0058805449444628,0.0059227430555555,0.0061542119874978,0.00585
ZAMB,2376,2021,7,3,-15.426,28.311,1324.914,0.0036150251540645,0.0049303472222222,0.0049633739168154,0.0046833333333333
ZAMB,2377,2021,7,4,-15.426,28.311,1324.914,0.0033261492321808,0.0040750347222222,0.0042778011771215,0.0043125
ZAMB,2378,2021,7,5,-15.426,28.311,1324.914,0.0054380670187534,0.0058032291666666,0.0053288572937929,0.0052124999999999
ZAMB,2379,2021,7,6,-15.426,28.311,1324.914,0.0086768994737806,0.0095423611111111,0.0087989254659253,0.0092583333333333
ZAMB,2380,2021,7,7,-15.426,28.311,1324.914,0.0090793558815556,0.0092486111111111,0.009299962780951,0.0089791666666666
ZAMB,2381,2021,7,8,-15.426,28.311,1324.914,0.0091136048007453,0.0095575694444444,0.008958948039443,0.0095416666666666
ZAMB,2382,2021,7,9,-15.426,28.311,1324.914,0.006832711548384,0.0071282638888888,0.0065367738267186,0.0070208333333333
ZAMB,2383,2021,7,10,-15.426,28.311,1324.914,0.0077952094997968,0.0081877777777777,0.0069139200740841,0.008525
ZAMB,2384,2021,7,11,-15.426,28.311,1324.914,0.0110994832320465,0.011239375,0.0096630440462128,0.0113
ZAMB,2385,2021,7,12,-15.426,28.311,1324.914,0.0138271386188417,0.0140483680555555,0.0133932830180194,0.0139708333333333
ZAMB,2386,2021,7,13,-15.426,28.311,1324.914,0.0145113185800486,0.0153760069444444,0.0136669172546359,0.0150416666666666
ZAMB,2387,2021,7,14,-15.426,28.311,1324.914,0.0142944961445042,0.0149371875,0.0122587617195868,0.0143
ZAMB,2388,2021,7,15,-15.426,28.311,1324.914,0.0161293516351574,0.0163109722222222,0.0150463410948054,0.0157333333333333
ZAMB,2389,2021,7,16,-15.426,28.311,1324.914,0.0163696749547583,0.0162904102564102,0.0164985046368144,0.0166416666666666
ZAMB,2392,2021,7,19,-15.426,28.311,1324.914,0.0098777577073395,0.0095587864077669,0.0108219648434965,0.0106749999999999
ZAMB,2393,2021,7,20,-15.426,28.311,1324.914,0.0108021836260271,0.0100819791666666,0.0105497955590892,0.010375
ZAMB,2394,2021,7,21,-15.426,28.311,1324.914,0.0126264860682975,0.0124873263888888,0.0123017090261385,0.0117416666666666
ZAMB,2395,2021,7,22,-15.426,28.311,1324.914,0.0108619597739895,0.0093814583333333,0.0094927182956241,0.0099041666666666
ZAMB,2396,2021,7,23,-15.426,28.311,1324.914,0.0135452037864371,0.0137071180555555,0.0128522729205579,0.0144916666666666
ZAMB,2397,2021,7,24,-15.426,28.311,1324.914,0.0142253444628106,0.0143003819444444,0.0143617629131663,0.0143541666666666
ZAMB,2398,2021,7,25,-15.426,28.311,1324.914,0.0094569137916418,0.0087142708333333,0.0098058168189533,0.009125
ZAMB,2399,2021,7,26,-15.426,28.311,1324.914,0.0077678422405728,0.0075909027777777,0.0080001950153459,0.0081375
ZAMB,2400,2021,7,27,-15.426,28.311,1324.914,0.0071295366802822,0.0071589930555555,0.0075888418088786,0.0080833333333333
ZAMB,2401,2021,7,28,-15.426,28.311,1324.914,0.0069919500961675,0.0075031249999999,0.0057334368727629,0.00785
ZAMB,2402,2021,7,29,-15.426,28.311,1324.914,0.0078913606188769,0.0078779861111111,0.0058625802779728,0.007525
ZAMB,2403,2021,7,30,-15.426,28.311,1324.914,0.0078929099939431,0.0081307638888888,0.0077498851207134,0.0091
ZAMB,2405,2021,8,1,-15.426,28.311,1324.914,0.0121834242273234,0.0127609722222222,0.0126049992482938,0.0138083333333333
ZAMB,2406,2021,8,2,-15.426,28.311,1324.914,0.0092577027409836,0.0093754861111111,0.0098509618158455,0.0097208333333333
ZAMB,2407,2021,8,3,-15.426,28.311,1324.914,0.007730489659708,0.0075011805555555,0.0078841671672131,0.0070666666666666
ZAMB,2408,2021,8,4,-15.426,28.311,1324.914,0.006146379619025,0.0063279166666666,0.0059116532116836,0.0064833333333333
ZAMB,2409,2021,8,5,-15.426,28.311,1324.914,0.0060022301142452,0.0062500694444444,0.0055229275533888,0.0060291666666666
ZAMB,2410,2021,8,6,-15.426,28.311,1324.914,0.0066742907975202,0.0072308333333333,0.0058113857589701,0.0070208333333333
ZAMB,2411,2021,8,7,-15.426,28.311,1324.914,0.0084777386559758,0.0081480902777777,0.0075436314248225,0.0082666666666666
ZAMB,2412,2021,8,8,-15.426,28.311,1324.914,0.0078223939947771,0.0080635763888888,0.0081198819792969,0.0079916666666666
ZAMB,2413,2021,8,9,-15.426,28.311,1324.914,0.0067816208343969,0.0065418402777777,0.0068567594690787,0.0076958333333333
ZAMB,2414,2021,8,10,-15.426,28.311,1324.914,0.006624573721183,0.0061354513888888,0.0067667080505768,0.0072666666666666
ZAMB,2415,2021,8,11,-15.426,28.311,1324.914,0.007472482145667,0.0072422916666666,0.0075637448600221,0.008025
ZAMB,2416,2021,8,12,-15.426,28.311,1324.914,0.0060554639122374,0.0063392708333333,0.0056003528169626,0.0064541666666666
ZAMB,2417,2021,8,13,-15.426,28.311,1324.914,0.0073407802766835,0.0069977083333333,0.0061969663972325,0.006325
ZAMB,2418,2021,8,14,-15.426,28.311,1324.914,0.0100601444237271,0.0104325694444444,0.0103992476783689,0.0107916666666666
ZAMB,2419,2021,8,15,-15.426,28.311,1324.914,0.0114089556396153,0.0115033333333333,0.011151263464204,0.0125291666666666
ZAMB,2420,2021,8,16,-15.426,28.311,1324.914,0.0111852423565866,0.0116820486111111,0.010741628569266,0.0114833333333333
ZAMB,2421,2021,8,17,-15.426,28.311,1324.914,0.0091973471709656,0.0103954166666666,0.008849528231184,0.0107
ZAMB,2422,2021,8,18,-15.426,28.311,1324.914,0.0102768856971749,0.0114201388888888,0.0097515788949184,0.0103
ZAMB,2423,2021,8,19,-15.426,28.311,1324.914,0.0102665268312807,0.0107889583333333,0.0102634096743056,0.010775
ZAMB,2424,2021,8,20,-15.426,28.311,1324.914,0.0097197579722356,0.0104249652777777,0.0104692029317463,0.0112
ZAMB,2425,2021,8,21,-15.426,28.311,1324.914,0.0129504377809707,0.0143649652777777,0.0124343729441443,0.0141583333333333
ZAMB,2426,2021,8,22,-15.426,28.311,1324.914,0.0192454395200008,0.0207372569444444,0.0177001627317311,0.0184041666666666
ZAMB,2427,2021,8,23,-15.426,28.311,1324.914,0.0215623719817938,0.0223006944444444,0.021137774959939,0.022075
ZAMB,2428,2021,8,24,-15.426,28.311,1324.914,0.0184335104280545,0.0195878125,0.0184377803549708,0.0196416666666666
ZAMB,2429,2021,8,25,-15.426,28.311,1324.914,0.0138801647951347,0.0133929861111111,0.0139267384792047,0.01445
ZAMB,2430,2021,8,26,-15.426,28.311,1324.914,0.0120053497795657,0.0116288888888888,0.0105832880523322,0.0110541666666666
ZAMB,2431,2021,8,27,-15.426,28.311,1324.914,0.0140333430354175,0.0144275,0.012491861843934,0.0134541666666666
ZAMB,2432,2021,8,28,-15.426,28.311,1324.914,0.0118868588892805,0.0118518055555555,0.0116979162312471,0.01145
ZAMB,2433,2021,8,29,-15.426,28.311,1324.914,0.015349282438283,0.015826875,0.0149292871997286,0.01525
ZAMB,2434,2021,8,30,-15.426,28.311,1324.914,0.0139094924518575,0.01491125,0.0142099024468393,0.0138791666666666
ZAMB,2436,2021,9,1,-15.426,28.311,1324.914,0.0126158114221822,0.0124813194444444,0.0106260468205198,0.0126708333333333
ZAMB,2437,2021,9,2,-15.426,28.311,1324.914,0.0205299558719801,0.0214231597222222,0.0183562077666157,0.0205416666666666
ZAMB,2438,2021,9,3,-15.426,28.311,1324.914,0.0215813169063766,0.0219245833333333,0.0213833219836892,0.0201166666666666
ZAMB,2439,2021,9,4,-15.426,28.311,1324.914,0.0184033904329691,0.0200788194444444,0.0192942993121783,0.0198166666666666
ZAMB,2440,2021,9,5,-15.426,28.311,1324.914,0.0146709336118423,0.015461875,0.0145324295960947,0.0147375
ZAMB,2441,2021,9,6,-15.426,28.311,1324.914,0.0115459159658556,0.0123625,0.0115163159084159,0.0120708333333333
ZAMB,2442,2021,9,7,-15.426,28.311,1324.914,0.0095823197585266,0.0099924652777777,0.0093133725731974,0.0095583333333333
ZAMB,2443,2021,9,8,-15.426,28.311,1324.914,0.0104692067229039,0.0104931944444444,0.0094863073682392,0.011125
ZAMB,2444,2021,9,9,-15.426,28.311,1324.914,0.0133803149443789,0.0133780902777777,0.0117498923587599,0.012575
ZAMB,2445,2021,9,10,-15.426,28.311,1324.914,0.0180243186360541,0.0184307986111111,0.0178468202883806,0.0168041666666666
ZAMB,2446,2021,9,11,-15.426,28.311,1324.914,0.0140432718400391,0.0134397916666666,0.0127056387733183,0.0133708333333333
ZAMB,2447,2021,9,12,-15.426,28.311,1324.914,0.013552899658977,0.0136152430555555,0.0125203234940257,0.0141125
ZAMB,2448,2021,9,13,-15.426,28.311,1324.914,0.0191382213118167,0.0194159374999999,0.0185141006885637,0.0187583333333333
ZAMB,2449,2021,9,14,-15.426,28.311,1324.914,0.0199209209956711,0.0214797569444444,0.0199140127935868,0.0209833333333333
ZAMB,2450,2021,9,15,-15.426,28.311,1324.914,0.014766205847708,0.0156742361111111,0.015538036359755,0.0153416666666666
ZAMB,2451,2021,9,16,-15.426,28.311,1324.914,0.0115991151445688,0.0129256597222222,0.0120823107905916,0.0120416666666666
ZAMB,2452,2021,9,17,-15.426,28.311,1324.914,0.0138786978642792,0.0148099999999999,0.0130099960148459,0.0140541666666666
ZAMB,2453,2021,9,18,-15.426,28.311,1324.914,0.0173657642368282,0.02000125,0.0186719838159802,0.0185083333333333
ZAMB,2454,2021,9,19,-15.426,28.311,1324.914,0.0150331115141205,0.0149214583333333,0.0147388699796476,0.0144125
ZAMB,2455,2021,9,20,-15.426,28.311,1324.914,0.0102133206385627,0.0109735416666666,0.0106236946399624,0.0105499999999999
ZAMB,2456,2021,9,21,-15.426,28.311,1324.914,0.0100073411609965,0.0097977083333333,0.0099163687785782,0.0094083333333333
ZAMB,2457,2021,9,22,-15.426,28.311,1324.914,0.0137923441310972,0.0157187152777777,0.0149169999889342,0.0144791666666666
ZAMB,2458,2021,9,23,-15.426,28.311,1324.914,0.0146406471838269,0.0165351736111111,0.0149157423780924,0.0152375
ZAMB,2459,2021,9,24,-15.426,28.311,1324.914,0.014129528412801,0.0156442708333333,0.0145628844683741,0.0148875
ZAMB,2460,2021,9,25,-15.426,28.311,1324.914,0.0128195885340154,0.0137778819444444,0.0135908567244946,0.0125666666666666
ZAMB,2461,2021,9,26,-15.426,28.311,1324.914,0.0140383405745463,0.0140619791666666,0.0126070523819479,0.0141875
ZAMB,2462,2021,9,27,-15.426,28.311,1324.914,0.0216452496745662,0.0220687152777777,0.0195838671936756,0.0221916666666666
ZAMB,2463,2021,9,28,-15.426,28.311,1324.914,0.0201326282764003,0.0200542708333333,0.0210766737062199,0.0219041666666666
ZAMB,2464,2021,9,29,-15.426,28.311,1324.914,0.0174488722867124,0.0184463541666666,0.0176642841763148,0.0184416666666666
ZAMB,2465,2021,9,30,-15.426,28.311,1324.914,0.0183390647478372,0.0211745138888888,0.0207352384345717,0.01935
ZAMB,2466,2021,10,1,-15.426,28.311,1324.914,0.0155405626144512,0.0167750694444444,0.0157364880221316,0.0162666666666666
ZAMB,2467,2021,10,2,-15.426,28.311,1324.914,0.0256200934703025,0.0262486805555555,0.0233129963623255,0.0236458333333333
ZAMB,2468,2021,10,3,-15.426,28.311,1324.914,0.0325021620430566,0.0325621875,0.0320719012115304,0.0313791666666666
ZAMB,2469,2021,10,4,-15.426,28.311,1324.914,0.0330382647684885,0.0326944444444444,0.0320619049366704,0.0316333333333333
ZAMB,2470,2021,10,5,-15.426,28.311,1324.914,0.0282581733219979,0.0299060416666666,0.0292188799457414,0.0297125
ZAMB,2471,2021,10,6,-15.426,28.311,1324.914,0.0171168108327386,0.0163552777777777,0.0178277796923394,0.0162291666666666
ZAMB,2472,2021,10,7,-15.426,28.311,1324.914,0.0153825111938072,0.0158335069444444,0.0144640617914295,0.0148083333333333
ZAMB,2473,2021,10,8,-15.426,28.311,1324.914,0.0200978890314838,0.0211774652777777,0.0187707032992286,0.0201375
ZAMB,2474,2021,10,9,-15.426,28.311,1324.914,0.0199883751941847,0.0214467013888888,0.021009504213893,0.0196125
ZAMB,2475,2021,10,10,-15.426,28.311,1324.914,0.0180431032256367,0.0179980208333333,0.0181875118154727,0.0168208333333333
ZAMB,2476,2021,10,11,-15.426,28.311,1324.914,0.0194535636563697,0.0210835763888888,0.0202823797635981,0.02005
ZAMB,2477,2021,10,12,-15.426,28.311,1324.914,0.0135150464707791,0.0130047916666666,0.013316043963949,0.0136416666666666
ZAMB,2478,2021,10,13,-15.426,28.311,1324.914,0.0087802448790687,0.0096236805555555,0.0102203306597311,0.0096458333333333
ZAMB,2479,2021,10,14,-15.426,28.311,1324.914,0.0121602002390241,0.0130946527777777,0.0108552218769047,0.0134291666666666
ZAMB,2480,2021,10,15,-15.426,28.311,1324.914,0.0171345239379856,0.01757375,0.0159110701211736,0.0175583333333333
ZAMB,2481,2021,10,16,-15.426,28.311,1324.914,0.0155715713523612,0.0163183333333333,0.0148376635318221,0.0168291666666666
ZAMB,2482,2021,10,17,-15.426,28.311,1324.914,0.0183840474202529,0.0206437152777777,0.0181800934421417,0.0196583333333333
ZAMB,2483,2021,10,18,-15.426,28.311,1324.914,0.0267580114271991,0.0265498958333333,0.0248245544060229,0.0269791666666666
ZAMB,2484,2021,10,19,-15.426,28.311,1324.914,0.0327167067797096,0.0339873611111111,0.0334624711623776,0.0331958333333333
ZAMB,2485,2021,10,20,-15.426,28.311,1324.914,0.0252465925723043,0.0261110416666666,0.0266193638945238,0.0255916666666666
ZAMB,2486,2021,10,21,-15.426,28.311,1324.914,0.0198904682246557,0.0213153125,0.0214058861710435,0.0214208333333333
ZAMB,2487,2021,10,22,-15.426,28.311,1324.914,0.0211189414508648,0.0231917708333333,0.0229398343438828,0.0248541666666666
ZAMB,2488,2021,10,23,-15.426,28.311,1324.914,0.0230805684007511,0.0247427083333333,0.0230134183566291,0.0246416666666666
ZAMB,2489,2021,10,24,-15.426,28.311,1324.914,0.0258601800076231,0.0269031944444444,0.0258349629612369,0.0259666666666666
ZAMB,2490,2021,10,25,-15.426,28.311,1324.914,0.0243752038890002,0.0244690277777777,0.0251068708229037,0.0240083333333333
ZAMB,2491,2021,10,26,-15.426,28.311,1324.914,0.0221578149681503,0.0216747222222222,0.0204573353318843,0.0219375
ZAMB,2492,2021,10,27,-15.426,28.311,1324.914,0.0241763261895531,0.0241681944444444,0.0237128547994567,0.0249333333333333
ZAMB,2493,2021,10,28,-15.426,28.311,1324.914,0.0228977795142021,0.0243257986111111,0.0243273329055559,0.0242625
ZAMB,2494,2021,10,29,-15.426,28.311,1324.914,0.0176277002456748,0.0190590972222222,0.0193895192929653,0.0186291666666666
ZAMB,2495,2021,10,30,-15.426,28.311,1324.914,0.0228124460026089,0.0245303819444444,0.0227203655088831,0.0230833333333333
ZAMB,2497,2021,11,1,-15.426,28.311,1324.914,0.0252262720224227,0.0263703125,0.024807086182327,0.027325
ZAMB,2498,2021,11,2,-15.426,28.311,1324.914,0.0287645750837841,0.0302802083333333,0.0293736444309656,0.0303208333333333
ZAMB,2499,2021,11,3,-15.426,28.311,1324.914,0.0276913564247537,0.0286536458333333,0.0274878583604502,0.0282208333333333
ZAMB,2500,2021,11,4,-15.426,28.311,1324.914,0.0274921940137052,0.0274495833333333,0.0261924275128239,0.0244375
ZAMB,2501,2021,11,5,-15.426,28.311,1324.914,0.0241027134389224,0.0249385416666666,0.0242873148726495,0.0224916666666666
ZAMB,2502,2021,11,6,-15.426,28.311,1324.914,0.017856131765959,0.0190806597222222,0.0167786717497505,0.019125
ZAMB,2503,2021,11,7,-15.426,28.311,1324.914,0.0195958719173341,0.0207358333333333,0.0190403781797563,0.0199291666666666
ZAMB,2504,2021,11,8,-15.426,28.311,1324.914,0.0198153597068206,0.0212829861111111,0.0201159323299659,0.0212333333333333
ZAMB,2505,2021,11,9,-15.426,28.311,1324.914,0.0201137289861976,0.0209211111111111,0.0181782540755857,0.0200041666666666
ZAMB,2506,2021,11,10,-15.426,28.311,1324.914,0.0243021134051203,0.0239609027777777,0.0205417547785713,0.0214541666666666
ZAMB,2507,2021,11,11,-15.426,28.311,1324.914,0.0298372816606209,0.0297138541666666,0.0273070700104246,0.028175
ZAMB,2508,2021,11,12,-15.426,28.311,1324.914,0.0320729077096669,0.0318029166666666,0.0314385052620896,0.0328583333333333
ZAMB,2509,2021,11,13,-15.426,28.311,1324.914,0.0324162252172804,0.0326016319444444,0.0326789283183162,0.0314749999999999
ZAMB,2510,2021,11,14,-15.426,28.311,1324.914,0.0318198535989285,0.0324614583333333,0.0326241162341399,0.0330583333333333
ZAMB,2511,2021,11,15,-15.426,28.311,1324.914,0.0276983593895595,0.0264667013888888,0.0279242895539629,0.0277625
ZAMB,2512,2021,11,16,-15.426,28.311,1324.914,0.0207032990631462,0.0200544791666666,0.0199695228365917,0.0214416666666666
ZAMB,2513,2021,11,17,-15.426,28.311,1324.914,0.022042196428887,0.0221744444444444,0.0201591747909579,0.0221625
ZAMB,2514,2021,11,18,-15.426,28.311,1324.914,0.0257984053341273,0.0250802430555555,0.0234016855786539,0.0248541666666666
ZAMB,2515,2021,11,19,-15.426,28.311,1324.914,0.0299492939043743,0.0292521527777777,0.0286906502442428,0.0289124999999999
ZAMB,2516,2021,11,20,-15.426,28.311,1324.914,0.0349548853740574,0.034966875,0.0357429769529625,0.0358
ZAMB,2517,2021,11,21,-15.426,28.311,1324.914,0.0354145148885419,0.0351490277777777,0.0358213358929599,0.0342833333333333
ZAMB,2518,2021,11,22,-15.426,28.311,1324.914,0.034502962669776,0.03539625,0.0364394375414862,0.0357041666666666
ZAMB,2519,2021,11,23,-15.426,28.311,1324.914,0.0349892782871865,0.0348830902777777,0.0348688232308105,0.0351916666666666
ZAMB,2520,2021,11,24,-15.426,28.311,1324.914,0.034448744892017,0.0349148958333333,0.0350801847688591,0.0354
ZAMB,2521,2021,11,25,-15.426,28.311,1324.914,0.0356424431829993,0.0365223611111111,0.0356429300325926,0.0353
ZAMB,2522,2021,11,26,-15.426,28.311,1324.914,0.0356367022602584,0.0357386111111111,0.0371342041127785,0.0352125
ZAMB,2523,2021,11,27,-15.426,28.311,1324.914,0.0293800058445914,0.0298044444444444,0.0317600274174582,0.0300833333333333
ZAMB,2524,2021,11,28,-15.426,28.311,1324.914,0.0205049448184501,0.0226732638888888,0.0220797405947361,0.0231083333333333
ZAMB,2525,2021,11,29,-15.426,28.311,1324.914,0.0158439581481651,0.0171487152777777,0.0179331347604316,0.0159249999999999
ZAMB,2526,2021,11,30,-15.426,28.311,1324.914,0.0142335275178902,0.0147080208333333,0.0164314735737406,0.0145708333333333
ZAMB,2527,2021,12,1,-15.426,28.311,1324.914,0.0147118909650991,0.0169165277777777,0.0165341706068863,0.0159958333333333
ZAMB,2528,2021,12,2,-15.426,28.311,1324.914,0.0190732413350943,0.0209087847222222,0.0200678460780912,0.0210916666666666
ZAMB,2529,2021,12,3,-15.426,28.311,1324.914,0.0222082489485052,0.0248071527777777,0.0261165800398296,0.0249041666666666
ZAMB,2530,2021,12,4,-15.426,28.311,1324.914,0.0206240074936899,0.021559375,0.0199378035657445,0.0194833333333333
ZAMB,2531,2021,12,5,-15.426,28.311,1324.914,0.0223751433478666,0.0228559375,0.0206443422643916,0.0222166666666666
ZAMB,2532,2021,12,6,-15.426,28.311,1324.914,0.0261306988877347,0.0261865972222222,0.0245205433557201,0.0257041666666666
ZAMB,2533,2021,12,7,-15.426,28.311,1324.914,0.0253391189564341,0.0257676388888888,0.0243902055396116,0.0235541666666666
ZAMB,2534,2021,12,8,-15.426,28.311,1324.914,0.0245320404000841,0.0255101388888888,0.0246181172062109,0.0243374999999999
ZAMB,2535,2021,12,9,-15.426,28.311,1324.914,0.0232713435668123,0.0253104166666666,0.0245531309829903,0.0239166666666666
ZAMB,2536,2021,12,10,-15.426,28.311,1324.914,0.0228642803658331,0.0263049652777777,0.0253657725251252,0.0246083333333333
ZAMB,2537,2021,12,11,-15.426,28.311,1324.914,0.0205017240030473,0.0210115972222222,0.0191641558441309,0.018525
ZAMB,2538,2021,12,12,-15.426,28.311,1324.914,0.0233205128734842,0.0238981597222222,0.0206477388972422,0.0219041666666666
ZAMB,2539,2021,12,13,-15.426,28.311,1324.914,0.0245042215375456,0.0254064583333333,0.0237633951576434,0.0248125
ZAMB,2540,2021,12,14,-15.426,28.311,1324.914,0.0326206877380507,0.0319005555555555,0.0283752469500859,0.0308583333333333
ZAMB,2541,2021,12,15,-15.426,28.311,1324.914,0.034656825920475,0.0334154513888888,0.0350944917956257,0.0333958333333333
ZAMB,2542,2021,12,16,-15.426,28.311,1324.914,0.0356863921729449,0.0349988888888888,0.035336272738286,0.0340583333333333
ZAMB,2543,2021,12,17,-15.426,28.311,1324.914,0.0380325116915261,0.0373536805555555,0.0380325074684601,0.0390916666666666
ZAMB,2544,2021,12,18,-15.426,28.311,1324.914,0.0382320201370907,0.0380402083333333,0.0385536010512559,0.0382708333333333
ZAMB,2545,2021,12,19,-15.426,28.311,1324.914,0.0394164417600542,0.0396196875,0.0395669252925858,0.0392041666666666
ZAMB,2546,2021,12,20,-15.426,28.311,1324.914,0.0400578935938533,0.0397292361111111,0.040272931048902,0.0396833333333333
ZAMB,2547,2021,12,21,-15.426,28.311,1324.914,0.04136698317519,0.0410915625,0.0397182410845274,0.0406541666666666
ZAMB,2548,2021,12,22,-15.426,28.311,1324.914,0.0398558685638833,0.0393989930555555,0.041663207277387,0.04085
ZAMB,2549,2021,12,23,-15.426,28.311,1324.914,0.0379336372302883,0.0382136805555555,0.0385568147488439,0.0361166666666666
ZAMB,2550,2021,12,24,-15.426,28.311,1324.914,0.0376055986629008,0.0377611458333333,0.0380936486720056,0.0373999999999999
ZAMB,2551,2021,12,25,-15.426,28.311,1324.914,0.0364404318204512,0.0363242361111111,0.035517672240662,0.0342291666666666
ZAMB,2552,2021,12,26,-15.426,28.311,1324.914,0.0271529657148404,0.0275746180555555,0.0285549561608994,0.0261041666666666
ZAMB,2553,2021,12,27,-15.426,28.311,1324.914,0.0260194365320911,0.0257713194444444,0.0255204714799433,0.0252624999999999
ZAMB,2554,2021,12,28,-15.426,28.311,1324.914,0.0232825289530075,0.0262352777777777,0.026280970841904,0.0263833333333333
ZAMB,2555,2021,12,29,-15.426,28.311,1324.914,0.0219093946316829,0.0245401388888888,0.0237439580115435,0.0265958333333333
ZAMB,2556,2021,12,30,-15.426,28.311,1324.914,0.0299909021338023,0.0301887152777777,0.0309299998469018,0.0319041666666666
ZAMB,2558,2022,1,1,-15.426,28.311,1324.914,0.0340920298783042,0.0332797569444444,0.0335707913549773,0.034925
ZAMB,2559,2022,1,2,-15.426,28.311,1324.914,0.0361357910392792,0.0366391666666666,0.0347613494719825,0.0364625
ZAMB,2560,2022,1,3,-15.426,28.311,1324.914,0.0379233630456147,0.0386504166666666,0.0385737344053077,0.0382958333333333
ZAMB,2561,2022,1,4,-15.426,28.311,1324.914,0.0398063127974849,0.0404627083333333,0.04007322597822,0.0403541666666666
ZAMB,2562,2022,1,5,-15.426,28.311,1324.914,0.0409286316950539,0.0403240972222222,0.040830711691927,0.0419708333333333
ZAMB,2563,2022,1,6,-15.426,28.311,1324.914,0.0398850185489432,0.0400201736111111,0.0405301397440191,0.0409916666666666
ZAMB,2564,2022,1,7,-15.426,28.311,1324.914,0.0393242447776393,0.0400635069444444,0.040287651561206,0.0413333333333333
ZAMB,2565,2022,1,8,-15.426,28.311,1324.914,0.0390629634349096,0.03958625,0.0408154213985697,0.0403625
ZAMB,2566,2022,1,9,-15.426,28.311,1324.914,0.0378646749068124,0.0378670486111111,0.0389643375956385,0.038225
ZAMB,2567,2022,1,10,-15.426,28.311,1324.914,0.0375339859340574,0.0371740277777777,0.0379471264349981,0.0384125
ZAMB,2568,2022,1,11,-15.426,28.311,1324.914,0.0390192224457151,0.0386902777777777,0.0389622207966651,0.0392125
ZAMB,2569,2022,1,12,-15.426,28.311,1324.914,0.039988732221181,0.0400656597222222,0.0398172741397134,0.0402875
ZAMB,2570,2022,1,13,-15.426,28.311,1324.914,0.0389498348935239,0.0395038194444444,0.0389089498290519,0.0393333333333333
ZAMB,2571,2022,1,14,-15.426,28.311,1324.914,0.0388102623423206,0.0385807986111111,0.0395222244929726,0.0395291666666666
ZAMB,2572,2022,1,15,-15.426,28.311,1324.914,0.0350011049188469,0.0353954166666666,0.0375556415262863,0.0357833333333333
ZAMB,2573,2022,1,16,-15.426,28.311,1324.914,0.032866081985493,0.0327083680555555,0.034625468759381,0.0348041666666666
ZAMB,2574,2022,1,17,-15.426,28.311,1324.914,0.0349708841549907,0.0351255555555555,0.0355554066953864,0.036125
ZAMB,2575,2022,1,18,-15.426,28.311,1324.914,0.0373711616997901,0.0376405208333333,0.0372946096162583,0.0382375
ZAMB,2576,2022,1,19,-15.426,28.311,1324.914,0.0357879799558255,0.0360482638888888,0.0361506986233298,0.0361333333333333
ZAMB,2577,2022,1,20,-15.426,28.311,1324.914,0.0302934309746372,0.0310925,0.0333865910546708,0.0333958333333333
ZAMB,2578,2022,1,21,-15.426,28.311,1324.914,0.0240370895099668,0.0229131944444444,0.023011721285284,0.0236416666666666
ZAMB,2579,2022,1,22,-15.426,28.311,1324.914,0.0259281075193509,0.0260459027777777,0.024629184644585,0.025075
ZAMB,2580,2022,1,23,-15.426,28.311,1324.914,0.0260123258399804,0.0257331944444444,0.024908911007957,0.023675
ZAMB,2581,2022,1,24,-15.426,28.311,1324.914,0.028678462718344,0.0297924652777777,0.0278794869990751,0.0288125
ZAMB,2582,2022,1,25,-15.426,28.311,1324.914,0.0352505380373277,0.0345451388888888,0.0351611810819789,0.0351958333333333
ZAMB,2583,2022,1,26,-15.426,28.311,1324.914,0.0416477800265788,0.0412577777777777,0.040453469369197,0.0405666666666666
ZAMB,2584,2022,1,27,-15.426,28.311,1324.914,0.0392369164576019,0.0391386805555555,0.0364778595080847,0.037425
ZAMB,2585,2022,1,28,-15.426,28.311,1324.914,0.0375392731424807,0.0383872569444444,0.0390096044606469,0.0387208333333333
ZAMB,2586,2022,1,29,-15.426,28.311,1324.914,0.0369002139237732,0.0371160069444444,0.0369120233894566,0.0377791666666666
ZAMB,2587,2022,1,30,-15.426,28.311,1324.914,0.0392250217645184,0.0386879513888888,0.0394894092019645,0.0396333333333333
ZAMB,2589,2022,2,1,-15.426,28.311,1324.914,0.0333167643451983,0.0336720138888888,0.0325370673193484,0.0332125
ZAMB,2590,2022,2,2,-15.426,28.311,1324.914,0.0321037457678573,0.0329474305555555,0.0323364751534534,0.0326041666666666
ZAMB,2591,2022,2,3,-15.426,28.311,1324.914,0.0321588720225769,0.0316977083333333,0.0306809699133425,0.0309666666666666
ZAMB,2592,2022,2,4,-15.426,28.311,1324.914,0.0367969101658401,0.0369211111111111,0.0370460523716898,0.037175
ZAMB,2593,2022,2,5,-15.426,28.311,1324.914,0.0375639980260037,0.0369976388888888,0.0379896247915868,0.0374
ZAMB,2594,2022,2,6,-15.426,28.311,1324.914,0.0363978024659862,0.0374821527777777,0.038453677458991,0.0378458333333333
ZAMB,2595,2022,2,7,-15.426,28.311,1324.914,0.0324105914673751,0.0318806944444444,0.0326199296928597,0.0313708333333333
ZAMB,2596,2022,2,8,-15.426,28.311,1324.914,0.0332039832352427,0.0334828125,0.0313978154841865,0.0305083333333333
ZAMB,2597,2022,2,9,-15.426,28.311,1324.914,0.0327643856984114,0.0334704166666666,0.0308566325800065,0.0306041666666666
ZAMB,2598,2022,2,10,-15.426,28.311,1324.914,0.0289671442422769,0.0303971180555555,0.0292820199761848,0.0291875
ZAMB,2599,2022,2,11,-15.426,28.311,1324.914,0.0292458516297289,0.0303821874999999,0.0296399817592731,0.0313541666666666
ZAMB,2600,2022,2,12,-15.426,28.311,1324.914,0.0286561622069079,0.0288435069444444,0.0298786613452349,0.0289291666666666
ZAMB,2601,2022,2,13,-15.426,28.311,1324.914,0.0307799846502031,0.0305833680555555,0.0300696653960138,0.0294333333333333
ZAMB,2602,2022,2,14,-15.426,28.311,1324.914,0.0315425404889514,0.0296803819444444,0.0313528195938897,0.0318708333333333
ZAMB,2603,2022,2,15,-15.426,28.311,1324.914,0.0341360309823068,0.0323607638888888,0.0309596898421601,0.031275
ZAMB,2604,2022,2,16,-15.426,28.311,1324.914,0.035794669746445,0.0347403819444444,0.0359453128118678,0.0359125
ZAMB,2605,2022,2,17,-15.426,28.311,1324.914,0.0342977344431604,0.0349583333333333,0.0370632295259159,0.03565
ZAMB,2606,2022,2,18,-15.426,28.311,1324.914,0.0341725775806189,0.0341418055555555,0.034354933082941,0.0342291666666666
ZAMB,2607,2022,2,19,-15.426,28.311,1324.914,0.036108753702603,0.0351126388888888,0.0366421601775494,0.0363333333333333
ZAMB,2608,2022,2,20,-15.426,28.311,1324.914,0.032104988682029,0.0318685763888888,0.0328066408844263,0.0311416666666666
ZAMB,2609,2022,2,21,-15.426,28.311,1324.914,0.0340554038111371,0.0348542361111111,0.0322570215518871,0.0345375
ZAMB,2610,2022,2,22,-15.426,28.311,1324.914,0.0340093104379775,0.0326095138888888,0.0324566226944685,0.0342833333333333
ZAMB,2611,2022,2,23,-15.426,28.311,1324.914,0.0282520910622113,0.0274004166666666,0.0291847650207606,0.0287791666666666
ZAMB,2612,2022,2,24,-15.426,28.311,1324.914,0.0251303896040543,0.0255565277777777,0.02418789664209,0.025025
ZAMB,2613,2022,2,25,-15.426,28.311,1324.914,0.0273409223488043,0.0281917361111111,0.0268272824528484,0.0270916666666666
ZAMB,2614,2022,2,26,-15.426,28.311,1324.914,0.0279996956202698,0.0284611458333333,0.0295102931035634,0.0303083333333333
ZAMB,2615,2022,2,27,-15.426,28.311,1324.914,0.0287906850393876,0.0288136458333333,0.0311708076964362,0.0316541666666666
ZAMB,2616,2022,2,28,-15.426,28.311,1324.914,0.0277945583584803,0.0294787499999999,0.02824392382938,0.0283666666666666
ZAMB,2617,2022,3,1,-15.426,28.311,1324.914,0.025823003795468,0.0262676388888888,0.0272120829927968,0.0265
ZAMB,2618,2022,3,2,-15.426,28.311,1324.914,0.0240495939259846,0.0248940277777777,0.0254844636931753,0.0249208333333333
ZAMB,2619,2022,3,3,-15.426,28.311,1324.914,0.027459574132276,0.0288695138888888,0.0262201979399081,0.0261083333333333
ZAMB,2620,2022,3,4,-15.426,28.311,1324.914,0.0317089885873315,0.0319801388888888,0.0305529233014004,0.0291333333333333
ZAMB,2621,2022,3,5,-15.426,28.311,1324.914,0.0331535148972952,0.0326287847222222,0.0345709127414453,0.0347375
ZAMB,2622,2022,3,6,-15.426,28.311,1324.914,0.0344102337377428,0.0347479513888888,0.0329848819743927,0.0336541666666666
ZAMB,2623,2022,3,7,-15.426,28.311,1324.914,0.0303832906462647,0.031394375,0.0310484901349757,0.0304666666666666
ZAMB,2624,2022,3,8,-15.426,28.311,1324.914,0.0310336061980265,0.0316739930555555,0.0316246004286112,0.03335
ZAMB,2625,2022,3,9,-15.426,28.311,1324.914,0.0310434272081822,0.0321053819444444,0.033276385407864,0.033575
ZAMB,2626,2022,3,10,-15.426,28.311,1324.914,0.0291031592350777,0.0302681249999999,0.0311382661953097,0.0291666666666666
ZAMB,2627,2022,3,11,-15.426,28.311,1324.914,0.0281606228379731,0.0278801388888888,0.0278522165884483,0.0267583333333333
ZAMB,2628,2022,3,12,-15.426,28.311,1324.914,0.0312314136638219,0.0313043055555555,0.03180069370662,0.0316916666666666
ZAMB,2629,2022,3,13,-15.426,28.311,1324.914,0.0330107176152945,0.0336512847222222,0.0335959811431676,0.0345791666666666
ZAMB,2630,2022,3,14,-15.426,28.311,1324.914,0.034396513494162,0.0350571875,0.03431413860733,0.0346958333333333
ZAMB,2631,2022,3,15,-15.426,28.311,1324.914,0.0372595108327418,0.0373280555555555,0.0365851260802474,0.0380249999999999
ZAMB,2632,2022,3,16,-15.426,28.311,1324.914,0.0394507663192186,0.0389730555555555,0.0387279339154616,0.0399916666666666
ZAMB,2633,2022,3,17,-15.426,28.311,1324.914,0.0405940328224873,0.0401638541666666,0.0394619019809342,0.0397208333333333
ZAMB,2634,2022,3,18,-15.426,28.311,1324.914,0.0404209749362955,0.0402424652777777,0.0393640139290004,0.039575
ZAMB,2635,2022,3,19,-15.426,28.311,1324.914,0.0384278457349374,0.0381306944444444,0.0391284866277984,0.0383125
ZAMB,2636,2022,3,20,-15.426,28.311,1324.914,0.0344364040480668,0.0345365277777777,0.0359785143058373,0.0354666666666666
ZAMB,2637,2022,3,21,-15.426,28.311,1324.914,0.0310175183420446,0.0308943402777777,0.0315211370126077,0.0306416666666666
ZAMB,2638,2022,3,22,-15.426,28.311,1324.914,0.0279405478407289,0.0272050347222222,0.0262371696516537,0.0265875
ZAMB,2639,2022,3,23,-15.426,28.311,1324.914,0.0330406985887549,0.033879375,0.032586466408379,0.0318958333333333
ZAMB,2640,2022,3,24,-15.426,28.311,1324.914,0.0354599757752492,0.0357515972222222,0.034909513346622,0.0356
ZAMB,2641,2022,3,25,-15.426,28.311,1324.914,0.032886529201591,0.0328599305555555,0.0352672514986059,0.0363458333333333
ZAMB,2642,2022,3,26,-15.426,28.311,1324.914,0.0351787070342299,0.0356917013888888,0.0341852946174244,0.0354958333333333
ZAMB,2643,2022,3,27,-15.426,28.311,1324.914,0.0356521340653198,0.0360102777777777,0.0374559798103325,0.0369833333333333
ZAMB,2644,2022,3,28,-15.426,28.311,1324.914,0.034172996338522,0.0349140972222222,0.035559071933775,0.0367458333333333
ZAMB,2645,2022,3,29,-15.426,28.311,1324.914,0.0327525308841945,0.0331488541666666,0.0342762673553584,0.0343166666666666
ZAMB,2646,2022,3,30,-15.426,28.311,1324.914,0.0295906208250843,0.0304138194444444,0.030401305722389,0.0301416666666666
ZAMB,2648,2022,4,1,-15.426,28.311,1324.914,0.0233152411375913,0.024615,0.0239007737540386,0.0237625
ZAMB,2649,2022,4,2,-15.426,28.311,1324.914,0.0271309476801977,0.0283011458333333,0.0262193280845404,0.0282375
ZAMB,2650,2022,4,3,-15.426,28.311,1324.914,0.0337625798068747,0.0342177083333333,0.0304467363011769,0.0313791666666666
ZAMB,2651,2022,4,4,-15.426,28.311,1324.914,0.0363871028934763,0.0364182291666666,0.0346556080488821,0.0355291666666666
ZAMB,2652,2022,4,5,-15.426,28.311,1324.914,0.0360827712821243,0.0367452777777777,0.0373218374107328,0.0389041666666666
ZAMB,2653,2022,4,6,-15.426,28.311,1324.914,0.0348639933502697,0.0361911805555555,0.035770431739784,0.0361541666666666
ZAMB,2654,2022,4,7,-15.426,28.311,1324.914,0.0361831531919317,0.0358494444444444,0.0359504355751832,0.0350458333333333
ZAMB,2655,2022,4,8,-15.426,28.311,1324.914,0.0347649564095849,0.0351652430555555,0.0363758996312519,0.0355666666666666
ZAMB,2656,2022,4,9,-15.426,28.311,1324.914,0.0346725749573568,0.0345804861111111,0.0361492825877305,0.0352583333333333
ZAMB,2657,2022,4,10,-15.426,28.311,1324.914,0.0339562147658993,0.0344526388888888,0.0349033474634342,0.0338875
ZAMB,2658,2022,4,11,-15.426,28.311,1324.914,0.0289776784755514,0.02990125,0.029434906199172,0.0291125
ZAMB,2659,2022,4,12,-15.426,28.311,1324.914,0.0252404946096838,0.0266790277777777,0.0277591491905894,0.0264875
ZAMB,2660,2022,4,13,-15.426,28.311,1324.914,0.0227301902569628,0.0237784722222222,0.024124585298932,0.0235291666666666
ZAMB,2661,2022,4,14,-15.426,28.311,1324.914,0.0277408025730065,0.0289819444444444,0.0281659780990589,0.0289333333333333
ZAMB,2662,2022,4,15,-15.426,28.311,1324.914,0.0331474541395837,0.0320760069444444,0.0310286815576848,0.0315625
ZAMB,2663,2022,4,16,-15.426,28.311,1324.914,0.0312243861923686,0.0320611111111111,0.0334329517238516,0.0328291666666666
ZAMB,2664,2022,4,17,-15.426,28.311,1324.914,0.0241980202760117,0.0253168402777777,0.0256933950703897,0.024525
ZAMB,2665,2022,4,18,-15.426,28.311,1324.914,0.0231532754841825,0.0244989930555555,0.0225958903410108,0.0213416666666666
ZAMB,2666,2022,4,19,-15.426,28.311,1324.914,0.0277312853049701,0.0287097222222222,0.0265912383918589,0.0258625
ZAMB,2667,2022,4,20,-15.426,28.311,1324.914,0.0286048508242153,0.0285398611111111,0.0269715230644962,0.0272458333333333
ZAMB,2668,2022,4,21,-15.426,28.311,1324.914,0.0260707525998762,0.0264777430555555,0.0263981427464665,0.0267375
ZAMB,2669,2022,4,22,-15.426,28.311,1324.914,0.0270154293231223,0.026790625,0.0269072996142117,0.0261708333333333
ZAMB,2670,2022,4,23,-15.426,28.311,1324.914,0.0248519203609159,0.0263807291666666,0.0259103612973982,0.0257666666666666
ZAMB,2671,2022,4,24,-15.426,28.311,1324.914,0.0210086844861342,0.0230755555555555,0.0223454309210914,0.0216291666666666
ZAMB,2672,2022,4,25,-15.426,28.311,1324.914,0.0189873930640978,0.0177239930555555,0.019356581627449,0.0188416666666666
ZAMB,2673,2022,4,26,-15.426,28.311,1324.914,0.0225675232378178,0.0227565277777777,0.0228273806064657,0.0242958333333333
ZAMB,2674,2022,4,27,-15.426,28.311,1324.914,0.0237216840959429,0.0241930208333333,0.0222272522479443,0.02125
ZAMB,2675,2022,4,28,-15.426,28.311,1324.914,0.0200294338693062,0.0205604513888888,0.0201610400355998,0.0192166666666666
ZAMB,2676,2022,4,29,-15.426,28.311,1324.914,0.0157101413988333,0.0168290972222222,0.0170608604734976,0.0162708333333333
ZAMB,2677,2022,4,30,-15.426,28.311,1324.914,0.0120030319133271,0.0125348958333333,0.0109628847605653,0.0115583333333333
ZAMB,2678,2022,5,1,-15.426,28.311,1324.914,0.0145021095469186,0.0143072569444444,0.0131512789137576,0.0141916666666666
ZAMB,2679,2022,5,2,-15.426,28.311,1324.914,0.0187177131417505,0.0174533333333333,0.0166301942164198,0.0170208333333333
ZAMB,2680,2022,5,3,-15.426,28.311,1324.914,0.0225998533752232,0.0222747569444444,0.0227073054383424,0.0213625
ZAMB,2681,2022,5,4,-15.426,28.311,1324.914,0.0217710872124184,0.0216320833333333,0.0232540509600338,0.0226041666666666
ZAMB,2682,2022,5,5,-15.426,28.311,1324.914,0.0212510706672813,0.0216480555555555,0.0207181924902946,0.0214125
ZAMB,2683,2022,5,6,-15.426,28.311,1324.914,0.0200334177445954,0.0209130555555555,0.0193734490090903,0.02045
ZAMB,2684,2022,5,7,-15.426,28.311,1324.914,0.0195786987315741,0.0206910416666666,0.0178191042733096,0.0192
ZAMB,2685,2022,5,8,-15.426,28.311,1324.914,0.0207536111008066,0.0218658680555555,0.0189903347212345,0.0201416666666666
ZAMB,2686,2022,5,9,-15.426,28.311,1324.914,0.018818454902749,0.0191183680555555,0.0168870530947653,0.0176041666666666
ZAMB,2687,2022,5,10,-15.426,28.311,1324.914,0.0163048811304764,0.0171265972222222,0.0149662285036127,0.0154958333333333
ZAMB,2688,2022,5,11,-15.426,28.311,1324.914,0.0151909182420004,0.0163488541666666,0.0150417595212401,0.0153416666666666
ZAMB,2689,2022,5,12,-15.426,28.311,1324.914,0.0149786677564681,0.0162338888888888,0.0151647955658988,0.0161333333333333
ZAMB,2690,2022,5,13,-15.426,28.311,1324.914,0.0155552543235856,0.0162032986111111,0.0148989166085215,0.0171958333333333
ZAMB,2691,2022,5,14,-15.426,28.311,1324.914,0.0131056185409971,0.0133292708333333,0.0131616975186887,0.0134458333333333
ZAMB,2692,2022,5,15,-15.426,28.311,1324.914,0.0098709456416939,0.0103748958333333,0.0093586930803462,0.0105458333333333
ZAMB,2693,2022,5,16,-15.426,28.311,1324.914,0.0108114470704439,0.0106570833333333,0.0104018326221742,0.0099208333333333
ZAMB,2694,2022,5,17,-15.426,28.311,1324.914,0.016726724784728,0.0175817708333333,0.0169046064223347,0.0168833333333333
ZAMB,2695,2022,5,18,-15.426,28.311,1324.914,0.0175373459583588,0.0178504513888888,0.0172634069635994,0.0172041666666666
ZAMB,2696,2022,5,19,-15.426,28.311,1324.914,0.0160960501009455,0.0173151041666666,0.0153541576845484,0.0160666666666666
ZAMB,2697,2022,5,20,-15.426,28.311,1324.914,0.0179055871574916,0.0184669444444444,0.0164846756706404,0.0178125
ZAMB,2698,2022,5,21,-15.426,28.311,1324.914,0.0198520975435917,0.0212764583333333,0.0173300773193431,0.0197666666666666
ZAMB,2699,2022,5,22,-15.426,28.311,1324.914,0.0144698456564805,0.0145109722222222,0.0154132681797343,0.0162041666666666
ZAMB,2700,2022,5,23,-15.426,28.311,1324.914,0.0072852589423144,0.0067570486111111,0.0080631478702771,0.00695
ZAMB,2701,2022,5,24,-15.426,28.311,1324.914,0.0063552301523785,0.006518125,0.0065782133281636,0.006475
ZAMB,2702,2022,5,25,-15.426,28.311,1324.914,0.0080630025193095,0.0092378472222222,0.0081666138644643,0.0077416666666666
ZAMB,2703,2022,5,26,-15.426,28.311,1324.914,0.0098240641169699,0.0108634027777777,0.0089192928015485,0.0089791666666666
ZAMB,2704,2022,5,27,-15.426,28.311,1324.914,0.0089807692287442,0.0099973611111111,0.0099159250027252,0.0098458333333333
ZAMB,2705,2022,5,28,-15.426,28.311,1324.914,0.0080006522208843,0.0087954861111111,0.008951417402484,0.0085958333333333
ZAMB,2706,2022,5,29,-15.426,28.311,1324.914,0.0097321940327544,0.0106751736111111,0.0081582068824948,0.0096541666666666
ZAMB,2707,2022,5,30,-15.426,28.311,1324.914,0.0089695275565819,0.0092273958333333,0.0082887808936104,0.0088916666666666
ZAMB,2709,2022,6,1,-15.426,28.311,1324.914,0.0130394648789718,0.0125094444444444,0.013171544624423,0.0124833333333333
ZAMB,2710,2022,6,2,-15.426,28.311,1324.914,0.0120413000596518,0.0120252083333333,0.0118490194724883,0.0122125
ZAMB,2711,2022,6,3,-15.426,28.311,1324.914,0.0102962439914884,0.0108983680555555,0.0114570099127651,0.0114333333333333
ZAMB,2712,2022,6,4,-15.426,28.311,1324.914,0.0108150537105648,0.0111025,0.0111042291140373,0.0117125
ZAMB,2713,2022,6,5,-15.426,28.311,1324.914,0.0111372008965127,0.0108864930555555,0.0120109736942088,0.0118541666666666
ZAMB,2714,2022,6,6,-15.426,28.311,1324.914,0.0120015254069339,0.0113542708333333,0.0114272099844046,0.011975
ZAMB,2715,2022,6,7,-15.426,28.311,1324.914,0.0150065490269904,0.0157845486111111,0.0150386126502762,0.0156458333333333
ZAMB,2716,2022,6,8,-15.426,28.311,1324.914,0.0175169655180011,0.0175864236111111,0.0168671462872249,0.0164
ZAMB,2717,2022,6,9,-15.426,28.311,1324.914,0.0171857234601436,0.0172863541666666,0.0178587754583976,0.01755
ZAMB,2718,2022,6,10,-15.426,28.311,1324.914,0.014482255579595,0.014094375,0.0139442015471252,0.0141416666666666
ZAMB,2719,2022,6,11,-15.426,28.311,1324.914,0.0111409281090671,0.0111092361111111,0.0108289518403936,0.0109333333333333
ZAMB,2720,2022,6,12,-15.426,28.311,1324.914,0.0076833830645642,0.0082862847222222,0.0083289976192162,0.0091
ZAMB,2721,2022,6,13,-15.426,28.311,1324.914,0.0075234331382736,0.0075821180555555,0.0065523279653172,0.0078583333333333
ZAMB,2722,2022,6,14,-15.426,28.311,1324.914,0.0113054653268239,0.011588125,0.0100274740579892,0.0108458333333333
ZAMB,2723,2022,6,15,-15.426,28.311,1324.914,0.01225311010143,0.0123513888888888,0.011669791665909,0.0113083333333333
ZAMB,2724,2022,6,16,-15.426,28.311,1324.914,0.0105217709875585,0.0107385763888888,0.0108619626924943,0.0108208333333333
ZAMB,2725,2022,6,17,-15.426,28.311,1324.914,0.010558454733485,0.0119855208333333,0.010326656633847,0.0118124999999999
ZAMB,2726,2022,6,18,-15.426,28.311,1324.914,0.0091239872012813,0.0109141319444444,0.0097213217544315,0.0100375
ZAMB,2727,2022,6,19,-15.426,28.311,1324.914,0.0084066577273893,0.0086865625,0.0080014994586809,0.0085666666666666
ZAMB,2728,2022,6,20,-15.426,28.311,1324.914,0.0077169838455008,0.0078075347222222,0.0078881774116993,0.0075041666666666
ZAMB,2729,2022,6,21,-15.426,28.311,1324.914,0.0089567743976939,0.0093689236111111,0.0084101152440558,0.009325
ZAMB,2730,2022,6,22,-15.426,28.311,1324.914,0.0104660302206175,0.0109152430555555,0.0097345826913763,0.0099416666666666
ZAMB,2731,2022,6,23,-15.426,28.311,1324.914,0.0109322331237221,0.0109495486111111,0.010195993472863,0.0099583333333333
ZAMB,2732,2022,6,24,-15.426,28.311,1324.914,0.0108010475201563,0.0107490277777777,0.0088695880664894,0.010375
ZAMB,2733,2022,6,25,-15.426,28.311,1324.914,0.010698469941574,0.0103426041666666,0.0109440988989469,0.0106875
ZAMB,2734,2022,6,26,-15.426,28.311,1324.914,0.0111540059371388,0.0114606597222222,0.0124577398518444,0.0119083333333333
ZAMB,2735,2022,6,27,-15.426,28.311,1324.914,0.0135270691456399,0.0133156597222222,0.0138953097579638,0.0131208333333333
ZAMB,2736,2022,6,28,-15.426,28.311,1324.914,0.0151186178488749,0.0149316666666666,0.0137552016203406,0.0137833333333333
ZAMB,2737,2022,6,29,-15.426,28.311,1324.914,0.0139600206660738,0.0143442361111111,0.014318265600061,0.0141833333333333
ZAMB,2738,2022,6,30,-15.426,28.311,1324.914,0.0137442643988511,0.0146771875,0.0147176809784479,0.0145833333333333
ZAMB,2739,2022,7,1,-15.426,28.311,1324.914,0.0142822500509013,0.0151959375,0.0147371101350898,0.0148666666666666
ZAMB,2740,2022,7,2,-15.426,28.311,1324.914,0.0133578812076978,0.0144517361111111,0.0140726879022928,0.0141666666666666
ZAMB,2741,2022,7,3,-15.426,28.311,1324.914,0.0131275212727947,0.0135338541666666,0.0142094880111049,0.0133708333333333
ZAMB,2742,2022,7,4,-15.426,28.311,1324.914,0.0117867851673355,0.0122103819444444,0.0128222916339468,0.0112
ZAMB,2743,2022,7,5,-15.426,28.311,1324.914,0.0100282922156727,0.0107502777777777,0.0092672942292703,0.0097625
ZAMB,2744,2022,7,6,-15.426,28.311,1324.914,0.0103753112090974,0.0104464930555555,0.0092730639790567,0.0091875
ZAMB,2745,2022,7,7,-15.426,28.311,1324.914,0.0102447476955267,0.0099861111111111,0.008426827174635,0.0095666666666666
ZAMB,2746,2022,7,8,-15.426,28.311,1324.914,0.0105783960257028,0.0109610416666666,0.0104864728561174,0.0099125
ZAMB,2747,2022,7,9,-15.426,28.311,1324.914,0.0109812631895349,0.0111365625,0.0113499474493918,0.0117625
ZAMB,2748,2022,7,10,-15.426,28.311,1324.914,0.0117062910002383,0.0112741319444444,0.0115356658907122,0.0116541666666666
ZAMB,2749,2022,7,11,-15.426,28.311,1324.914,0.0127517673728327,0.0132899305555555,0.0128853409100695,0.0144333333333333
ZAMB,2750,2022,7,12,-15.426,28.311,1324.914,0.0136496798274958,0.0137462847222222,0.0135220741975767,0.0146958333333333
ZAMB,2751,2022,7,13,-15.426,28.311,1324.914,0.01387109007354,0.0148076041666666,0.0139352104623055,0.014925
ZAMB,2752,2022,7,14,-15.426,28.311,1324.914,0.0138883974823419,0.0148453819444444,0.014128685696738,0.0143083333333333
ZAMB,2753,2022,7,15,-15.426,28.311,1324.914,0.012379572053982,0.0132027777777777,0.0121876397075945,0.0137458333333333
ZAMB,2754,2022,7,16,-15.426,28.311,1324.914,0.0099494387590452,0.0104994791666666,0.0104297060705073,0.011325
ZAMB,2755,2022,7,17,-15.426,28.311,1324.914,0.0090039917597545,0.0087062847222222,0.0098660722323467,0.0094416666666666
ZAMB,2756,2022,7,18,-15.426,28.311,1324.914,0.0105054081036066,0.0105966666666666,0.010119614471698,0.0103041666666666
ZAMB,2757,2022,7,19,-15.426,28.311,1324.914,0.0136025742789976,0.0137995833333333,0.0124643326291221,0.0132041666666666
ZAMB,2758,2022,7,20,-15.426,28.311,1324.914,0.0171549527721557,0.0178155555555555,0.0179438621773033,0.0158083333333333
ZAMB,2759,2022,7,21,-15.426,28.311,1324.914,0.0164107896989705,0.0168523611111111,0.0171386862851888,0.0163375
ZAMB,2760,2022,7,22,-15.426,28.311,1324.914,0.0159817342726938,0.0171131597222222,0.0169070817476112,0.016275
ZAMB,2761,2022,7,23,-15.426,28.311,1324.914,0.0129308050419503,0.0139364930555555,0.0141617098434845,0.0138625
ZAMB,2762,2022,7,24,-15.426,28.311,1324.914,0.0116538782921048,0.0124223958333333,0.0123777954263904,0.0129416666666666
ZAMB,2763,2022,7,25,-15.426,28.311,1324.914,0.0110547643000905,0.0112066666666666,0.0122386050500177,0.0123916666666666
ZAMB,2764,2022,7,26,-15.426,28.311,1324.914,0.0097331209508598,0.0093632638888888,0.0093011890921072,0.0090583333333333
ZAMB,2765,2022,7,27,-15.426,28.311,1324.914,0.0092373544037755,0.0098694097222222,0.0103669880339258,0.0101958333333333
ZAMB,2766,2022,7,28,-15.426,28.311,1324.914,0.0086822814355188,0.0090517013888888,0.0097207821154851,0.00955
ZAMB,2767,2022,7,29,-15.426,28.311,1324.914,0.0072794800640983,0.0076275347222222,0.0074221871978875,0.0076416666666666
ZAMB,2768,2022,7,30,-15.426,28.311,1324.914,0.0079899868958901,0.0079616319444444,0.007200885979414,0.0071583333333333
ZAMB,2770,2022,8,1,-15.426,28.311,1324.914,0.0085695385519823,0.0083903125,0.0083770949881992,0.0078958333333333
ZAMB,2771,2022,8,2,-15.426,28.311,1324.914,0.0117291427000677,0.0116020833333333,0.0106959590457877,0.0118916666666666
ZAMB,2772,2022,8,3,-15.426,28.311,1324.914,0.0113953633943483,0.0119670833333333,0.0113404145134095,0.0120958333333333
ZAMB,2773,2022,8,4,-15.426,28.311,1324.914,0.0117667256041004,0.0126496875,0.0121803519821475,0.0124291666666666
ZAMB,2774,2022,8,5,-15.426,28.311,1324.914,0.0091015390447235,0.0085189930555555,0.0105592754202476,0.0096875
ZAMB,2775,2022,8,6,-15.426,28.311,1324.914,0.0076230776288915,0.0079971527777777,0.0090405999892494,0.0077291666666666
ZAMB,2776,2022,8,7,-15.426,28.311,1324.914,0.0057828572181365,0.0062188541666666,0.0062679492942303,0.0063916666666666
ZAMB,2778,2022,8,9,-15.426,28.311,1324.914,0.0065673133387048,0.0061955749128919,0.0057935035868353,0.005225
ZAMB,2779,2022,8,10,-15.426,28.311,1324.914,0.0080595633241065,0.0084095138888888,0.0083799202288837,0.0087333333333333
ZAMB,2780,2022,8,11,-15.426,28.311,1324.914,0.0097200234781942,0.0098986111111111,0.0096823684638933,0.0095666666666666
ZAMB,2781,2022,8,12,-15.426,28.311,1324.914,0.0093080860210867,0.009615649122807,0.008424187738846,0.00855
ZAMB,2782,2022,8,13,-15.426,28.311,1324.914,0.0090912991376132,0.0095992708333333,0.0083888160702273,0.0091041666666666
ZAMB,2783,2022,8,14,-15.426,28.311,1324.914,0.0090668152496587,0.0091008333333333,0.0085493015766018,0.0085875
ZAMB,2784,2022,8,15,-15.426,28.311,1324.914,0.0096503718955998,0.0096903472222222,0.0102306235486094,0.0100333333333333
ZAMB,2785,2022,8,16,-15.426,28.311,1324.914,0.0111470490197343,0.0127192361111111,0.011624398023025,0.0128624999999999
ZAMB,2786,2022,8,17,-15.426,28.311,1324.914,0.0101432579307887,0.0103047222222222,0.0096865551832679,0.0105875
ZAMB,2787,2022,8,18,-15.426,28.311,1324.914,0.0092601698541514,0.0105107291666666,0.0110443200048975,0.0116708333333333
ZAMB,2788,2022,8,19,-15.426,28.311,1324.914,0.0086667048774118,0.0089177430555555,0.0089607548533895,0.0096375
ZAMB,2789,2022,8,20,-15.426,28.311,1324.914,0.0094661630898484,0.0102196180555555,0.0092462909038146,0.0096833333333333
ZAMB,2790,2022,8,21,-15.426,28.311,1324.914,0.0111341273050372,0.0127163194444444,0.0113049853697527,0.01185
ZAMB,2791,2022,8,22,-15.426,28.311,1324.914,0.0129718591187483,0.0130910416666666,0.0128548428950386,0.0134666666666666
ZAMB,2792,2022,8,23,-15.426,28.311,1324.914,0.0147124746280711,0.0157657291666666,0.0142955739213176,0.0153833333333333
ZAMB,2793,2022,8,24,-15.426,28.311,1324.914,0.0131219100512252,0.0135654861111111,0.0135238992183005,0.0133166666666666
ZAMB,2794,2022,8,25,-15.426,28.311,1324.914,0.012223598932599,0.0125140277777777,0.0115361019806242,0.0115791666666666
ZAMB,2795,2022,8,26,-15.426,28.311,1324.914,0.0127393246356841,0.0134501388888888,0.0118144640326933,0.01325
ZAMB,2796,2022,8,27,-15.426,28.311,1324.914,0.0113169596729646,0.0120365625,0.0108581253054672,0.0119708333333333
ZAMB,2797,2022,8,28,-15.426,28.311,1324.914,0.0111130496691369,0.0110164583333333,0.010746267098017,0.0098958333333333
ZAMB,2798,2022,8,29,-15.426,28.311,1324.914,0.0106172529511509,0.0103087499999999,0.0105446845019258,0.0109
ZAMB,2799,2022,8,30,-15.426,28.311,1324.914,0.011225535219701,0.0118394791666666,0.0112972005098322,0.0113166666666666
