STN,LAT,LON,H,YEAR,MONTH,DAY,DOY,DATE,IGS_PWV,IGS_PWV_mm,VMF3_PWV,VMF3_PWV_mm,ERA5_PWV,ERA5_PWV_mm,ERA5_Hampel_clean,ERA5_IQR_clean,ERA5_Zscore_clean,IGS_Hampel_clean,IGS_IQR_clean,IGS_Zscore_clean,VMF3_Hampel_clean,VMF3_IQR_clean,VMF3_Zscore_clean
HRAO,-25.89,27.687,1414.3,2015,1,1,1,2015-01-01,0.0296904102643369,29.6904102643369,0.0276504305865715,27.6504305865715,0.0279333333333333,27.933333333333298,27.933333333333298,27.933333333333298,27.933333333333298,29.6904102643369,29.6904102643369,29.6904102643369,27.6504305865715,27.6504305865715,27.6504305865715
HRAO,-25.89,27.687,1414.3,2015,1,2,2,2015-01-02,0.0292678504526644,29.2678504526644,0.0251228666522804,25.1228666522804,0.0270833333333333,27.0833333333333,27.0833333333333,27.0833333333333,27.0833333333333,29.2678504526644,29.2678504526644,29.2678504526644,25.1228666522804,25.1228666522804,25.1228666522804
HRAO,-25.89,27.687,1414.3,2015,1,3,3,2015-01-03,0.0255203662458684,25.520366245868402,0.028286640408036,28.286640408036,0.0292541666666666,29.2541666666666,29.2541666666666,29.2541666666666,29.2541666666666,25.520366245868402,25.520366245868402,25.520366245868402,28.286640408036,28.286640408036,28.286640408036
HRAO,-25.89,27.687,1414.3,2015,1,4,4,2015-01-04,0.0215973833355631,21.597383335563098,0.0200439819729073,20.0439819729073,0.0221583333333333,22.1583333333333,22.1583333333333,22.1583333333333,22.1583333333333,21.597383335563098,21.597383335563098,21.597383335563098,20.0439819729073,20.0439819729073,20.0439819729073
HRAO,-25.89,27.687,1414.3,2015,1,5,5,2015-01-05,0.0227008914455368,22.7008914455368,0.0217296310395617,21.7296310395617,0.02335,23.349999999999998,23.349999999999998,23.349999999999998,23.349999999999998,22.7008914455368,22.7008914455368,22.7008914455368,21.7296310395617,21.7296310395617,21.7296310395617
HRAO,-25.89,27.687,1414.3,2015,1,6,6,2015-01-06,0.0280364131313845,28.0364131313845,0.0228125859269299,22.812585926929902,0.025225,25.225,25.225,25.225,25.225,28.0364131313845,28.0364131313845,28.0364131313845,22.812585926929902,22.812585926929902,22.812585926929902
HRAO,-25.89,27.687,1414.3,2015,1,7,7,2015-01-07,0.0323151913076479,32.3151913076479,0.0310143826859329,31.0143826859329,0.0310875,31.087500000000002,31.087500000000002,31.087500000000002,31.087500000000002,32.3151913076479,32.3151913076479,32.3151913076479,31.0143826859329,31.0143826859329,31.0143826859329
HRAO,-25.89,27.687,1414.3,2015,1,8,8,2015-01-08,0.0310314436646302,31.0314436646302,0.0299967622754822,29.9967622754822,0.0288083333333333,28.8083333333333,28.8083333333333,28.8083333333333,28.8083333333333,31.0314436646302,31.0314436646302,31.0314436646302,29.9967622754822,29.9967622754822,29.9967622754822
HRAO,-25.89,27.687,1414.3,2015,1,9,9,2015-01-09,0.0331449041348727,33.1449041348727,0.0314700572669418,31.470057266941797,0.0316625,31.6625,31.6625,31.6625,31.6625,33.1449041348727,33.1449041348727,33.1449041348727,31.470057266941797,31.470057266941797,31.470057266941797
HRAO,-25.89,27.687,1414.3,2015,1,10,10,2015-01-10,0.0335445522374036,33.5445522374036,0.0311844487091758,31.1844487091758,0.0309041666666666,30.9041666666666,30.9041666666666,30.9041666666666,30.9041666666666,33.5445522374036,33.5445522374036,33.5445522374036,31.1844487091758,31.1844487091758,31.1844487091758
HRAO,-25.89,27.687,1414.3,2015,1,11,11,2015-01-11,0.0312271334356142,31.227133435614203,0.0313108182445461,31.310818244546102,0.031575,31.575,31.575,31.575,31.575,31.227133435614203,31.227133435614203,31.227133435614203,31.310818244546102,31.310818244546102,31.310818244546102
HRAO,-25.89,27.687,1414.3,2015,1,12,12,2015-01-12,0.0249737096479041,24.973709647904098,0.0214896116768226,21.4896116768226,0.0211041666666666,21.1041666666666,21.1041666666666,21.1041666666666,21.1041666666666,24.973709647904098,24.973709647904098,24.973709647904098,21.4896116768226,21.4896116768226,21.4896116768226
HRAO,-25.89,27.687,1414.3,2015,1,13,13,2015-01-13,0.0296654185187145,29.6654185187145,0.0263005266711268,26.3005266711268,0.0272,27.2,27.2,27.2,27.2,29.6654185187145,29.6654185187145,29.6654185187145,26.3005266711268,26.3005266711268,26.3005266711268
HRAO,-25.89,27.687,1414.3,2015,1,14,14,2015-01-14,0.0323268162781048,32.3268162781048,0.0333891402439161,33.3891402439161,0.0340625,34.0625,34.0625,34.0625,34.0625,32.3268162781048,32.3268162781048,32.3268162781048,33.3891402439161,33.3891402439161,33.3891402439161
HRAO,-25.89,27.687,1414.3,2015,1,15,15,2015-01-15,0.0308519424253569,30.8519424253569,0.0305005369945604,30.500536994560402,0.0310708333333333,31.0708333333333,31.0708333333333,31.0708333333333,31.0708333333333,30.8519424253569,30.8519424253569,30.8519424253569,30.500536994560402,30.500536994560402,30.500536994560402
HRAO,-25.89,27.687,1414.3,2015,1,16,16,2015-01-16,0.0278677269966568,27.867726996656803,0.0298067508208181,29.806750820818102,0.0290291666666666,29.029166666666598,29.029166666666598,29.029166666666598,29.029166666666598,27.867726996656803,27.867726996656803,27.867726996656803,29.806750820818102,29.806750820818102,29.806750820818102
HRAO,-25.89,27.687,1414.3,2015,1,17,17,2015-01-17,0.0198478894812071,19.847889481207098,0.0137175964763403,13.7175964763403,0.0161625,16.1625,16.1625,16.1625,16.1625,22.8028661343718,19.847889481207098,19.847889481207098,13.7175964763403,13.7175964763403,13.7175964763403
HRAO,-25.89,27.687,1414.3,2015,1,18,18,2015-01-18,0.0224056995003566,22.4056995003566,0.0204443398034284,20.4443398034284,0.0226291666666666,22.6291666666666,22.6291666666666,22.6291666666666,22.6291666666666,22.4056995003566,22.4056995003566,22.4056995003566,20.4443398034284,20.4443398034284,20.4443398034284
HRAO,-25.89,27.687,1414.3,2015,1,19,19,2015-01-19,0.0228028661343718,22.8028661343718,0.0221289539896544,22.1289539896544,0.0234041666666666,23.4041666666666,23.4041666666666,23.4041666666666,23.4041666666666,22.8028661343718,22.8028661343718,22.8028661343718,22.1289539896544,22.1289539896544,22.1289539896544
HRAO,-25.89,27.687,1414.3,2015,1,20,20,2015-01-20,0.022431894537029,22.431894537029,0.0213686259257511,21.3686259257511,0.0222249999999999,22.224999999999902,22.224999999999902,22.224999999999902,22.224999999999902,22.431894537029,22.431894537029,22.431894537029,21.3686259257511,21.3686259257511,21.3686259257511
HRAO,-25.89,27.687,1414.3,2015,1,21,21,2015-01-21,0.0240813884167718,24.0813884167718,0.0228185783430398,22.8185783430398,0.0237625,23.7625,23.7625,23.7625,23.7625,24.0813884167718,24.0813884167718,24.0813884167718,22.8185783430398,22.8185783430398,22.8185783430398
HRAO,-25.89,27.687,1414.3,2015,1,22,22,2015-01-22,0.0262678615919817,26.2678615919817,0.0274173180950724,27.4173180950724,0.0273666666666666,27.366666666666603,23.7625,27.366666666666603,27.366666666666603,23.9632767660868,26.2678615919817,26.2678615919817,22.8185783430398,27.4173180950724,27.4173180950724
HRAO,-25.89,27.687,1414.3,2015,1,23,23,2015-01-23,0.0239632767660868,23.9632767660868,0.0213966152822627,21.3966152822627,0.0221583333333333,22.1583333333333,22.1583333333333,22.1583333333333,22.1583333333333,23.9632767660868,23.9632767660868,23.9632767660868,21.3966152822627,21.3966152822627,21.3966152822627
HRAO,-25.89,27.687,1414.3,2015,1,24,24,2015-01-24,0.0238439160258971,23.8439160258971,0.0229201268389143,22.920126838914303,0.0247499999999999,24.7499999999999,24.7499999999999,24.7499999999999,24.7499999999999,23.8439160258971,23.8439160258971,23.8439160258971,27.4173180950724,22.920126838914303,22.920126838914303
HRAO,-25.89,27.687,1414.3,2015,1,25,25,2015-01-25,0.0286276007516832,28.6276007516832,0.0279713989326849,27.9713989326849,0.0287333333333333,28.733333333333302,28.733333333333302,28.733333333333302,28.733333333333302,28.6276007516832,28.6276007516832,28.6276007516832,27.9713989326849,27.9713989326849,27.9713989326849
HRAO,-25.89,27.687,1414.3,2015,1,26,26,2015-01-26,0.0324205550126289,32.4205550126289,0.0300127341500356,30.0127341500356,0.0306291666666666,30.6291666666666,30.6291666666666,30.6291666666666,30.6291666666666,32.4205550126289,32.4205550126289,32.4205550126289,30.0127341500356,30.0127341500356,30.0127341500356
HRAO,-25.89,27.687,1414.3,2015,1,27,27,2015-01-27,0.0343484925575375,34.3484925575375,0.0307988882031772,30.7988882031772,0.0304291666666666,30.4291666666666,30.4291666666666,30.4291666666666,30.4291666666666,34.3484925575375,34.3484925575375,34.3484925575375,30.7988882031772,30.7988882031772,30.7988882031772
HRAO,-25.89,27.687,1414.3,2015,1,28,28,2015-01-28,0.0319295695870186,31.929569587018598,0.0332129978094976,33.2129978094976,0.0315833333333333,31.583333333333297,31.583333333333297,31.583333333333297,31.583333333333297,31.929569587018598,31.929569587018598,31.929569587018598,33.2129978094976,33.2129978094976,33.2129978094976
HRAO,-25.89,27.687,1414.3,2015,1,29,29,2015-01-29,0.0297176734042829,29.7176734042829,0.0309156339796028,30.9156339796028,0.0299124999999999,29.912499999999902,29.912499999999902,29.912499999999902,29.912499999999902,29.7176734042829,29.7176734042829,29.7176734042829,30.9156339796028,30.9156339796028,30.9156339796028
HRAO,-25.89,27.687,1414.3,2015,1,30,30,2015-01-30,0.0291984732651144,29.198473265114398,0.0279543396448515,27.9543396448515,0.0274541666666666,27.454166666666598,27.454166666666598,27.454166666666598,27.454166666666598,29.198473265114398,29.198473265114398,29.198473265114398,27.9543396448515,27.9543396448515,27.9543396448515
HRAO,-25.89,27.687,1414.3,2015,2,1,32,2015-02-01,0.0257904111334615,25.7904111334615,0.0253841930877476,25.3841930877476,0.0260958333333333,26.0958333333333,26.0958333333333,26.0958333333333,26.0958333333333,25.7904111334615,25.7904111334615,25.7904111334615,25.3841930877476,25.3841930877476,25.3841930877476
HRAO,-25.89,27.687,1414.3,2015,2,2,33,2015-02-02,0.0190126880038005,19.012688003800502,0.0198224794277891,19.8224794277891,0.0185958333333333,18.5958333333333,19.6791666666666,18.5958333333333,18.5958333333333,19.012688003800502,19.012688003800502,19.012688003800502,19.8224794277891,19.8224794277891,19.8224794277891
HRAO,-25.89,27.687,1414.3,2015,2,3,34,2015-02-03,0.0149973690751186,14.9973690751186,0.0141758013861123,14.1758013861123,0.01565,15.65,15.65,15.65,15.65,20.0235920974638,14.9973690751186,14.9973690751186,19.201508232138497,14.1758013861123,14.1758013861123
HRAO,-25.89,27.687,1414.3,2015,2,4,35,2015-02-04,0.0204881408037317,20.4881408037317,0.0177468461422992,17.7468461422992,0.0196791666666666,19.6791666666666,19.6791666666666,19.6791666666666,19.6791666666666,20.4881408037317,20.4881408037317,20.4881408037317,19.1621018867273,17.7468461422992,17.7468461422992
HRAO,-25.89,27.687,1414.3,2015,2,5,36,2015-02-05,0.0200235920974638,20.0235920974638,0.0192015082321385,19.201508232138497,0.0185791666666666,18.5791666666666,18.5791666666666,18.5791666666666,18.5791666666666,20.0235920974638,20.0235920974638,20.0235920974638,19.201508232138497,19.201508232138497,19.201508232138497
HRAO,-25.89,27.687,1414.3,2015,2,6,37,2015-02-06,0.0118360518745484,11.8360518745484,0.0108558057052053,10.8558057052053,0.010575,10.575,19.6791666666666,10.575,10.575,20.0235920974638,11.8360518745484,11.8360518745484,19.1621018867273,10.8558057052053,10.8558057052053
HRAO,-25.89,27.687,1414.3,2015,2,7,38,2015-02-07,0.0194733724186537,19.4733724186537,0.0191621018867273,19.1621018867273,0.0224208333333333,22.4208333333333,22.4208333333333,22.4208333333333,22.4208333333333,19.4733724186537,19.4733724186537,19.4733724186537,19.1621018867273,19.1621018867273,19.1621018867273
HRAO,-25.89,27.687,1414.3,2015,2,8,39,2015-02-08,0.0221746375289522,22.1746375289522,0.0218956408693233,21.895640869323298,0.0238083333333333,23.808333333333298,23.808333333333298,23.808333333333298,23.808333333333298,22.1746375289522,22.1746375289522,22.1746375289522,21.895640869323298,21.895640869323298,21.895640869323298
HRAO,-25.89,27.687,1414.3,2015,2,9,40,2015-02-09,0.0237375329350314,23.737532935031403,0.0230583524664156,23.058352466415602,0.0252416666666666,25.2416666666666,25.2416666666666,25.2416666666666,25.2416666666666,23.737532935031403,23.737532935031403,23.737532935031403,23.058352466415602,23.058352466415602,23.058352466415602
HRAO,-25.89,27.687,1414.3,2015,2,10,41,2015-02-10,0.0262221226297251,26.2221226297251,0.0256835057864895,25.6835057864895,0.0268083333333333,26.808333333333298,26.808333333333298,26.808333333333298,26.808333333333298,26.2221226297251,26.2221226297251,26.2221226297251,25.6835057864895,25.6835057864895,25.6835057864895
HRAO,-25.89,27.687,1414.3,2015,2,11,42,2015-02-11,0.0295921609825987,29.5921609825987,0.0259227293675923,25.9227293675923,0.02775,27.75,27.75,27.75,27.75,29.5921609825987,29.5921609825987,29.5921609825987,25.9227293675923,25.9227293675923,25.9227293675923
HRAO,-25.89,27.687,1414.3,2015,2,12,43,2015-02-12,0.0290696670528516,29.0696670528516,0.0286882519877166,28.6882519877166,0.0287499999999999,28.7499999999999,28.7499999999999,28.7499999999999,28.7499999999999,29.0696670528516,29.0696670528516,29.0696670528516,25.6835057864895,28.6882519877166,28.6882519877166
HRAO,-25.89,27.687,1414.3,2015,2,13,44,2015-02-13,0.0288578250403855,28.8578250403855,0.0269556371506506,26.9556371506506,0.0291208333333333,29.1208333333333,29.1208333333333,29.1208333333333,29.1208333333333,28.8578250403855,28.8578250403855,28.8578250403855,26.9556371506506,26.9556371506506,26.9556371506506
HRAO,-25.89,27.687,1414.3,2015,2,14,45,2015-02-14,0.0220686338632796,22.0686338632796,0.022813506206808,22.813506206808,0.021025,21.025,21.025,21.025,21.025,22.0686338632796,22.0686338632796,22.0686338632796,22.813506206808,22.813506206808,22.813506206808
HRAO,-25.89,27.687,1414.3,2015,2,15,46,2015-02-15,0.0146347299518442,14.6347299518442,0.0113787971351675,11.3787971351675,0.0131791666666666,13.1791666666666,13.1791666666666,13.1791666666666,13.1791666666666,14.6347299518442,14.6347299518442,14.6347299518442,22.6976337270854,11.3787971351675,11.3787971351675
HRAO,-25.89,27.687,1414.3,2015,2,16,47,2015-02-16,0.0248460151875971,24.8460151875971,0.0183000245858951,18.300024585895102,0.0192208333333333,19.220833333333303,19.220833333333303,19.220833333333303,19.220833333333303,24.8460151875971,24.8460151875971,24.8460151875971,18.300024585895102,18.300024585895102,18.300024585895102
HRAO,-25.89,27.687,1414.3,2015,2,17,48,2015-02-17,0.0263213181281091,26.321318128109098,0.0226976337270854,22.6976337270854,0.0236666666666666,23.6666666666666,23.6666666666666,23.6666666666666,23.6666666666666,26.321318128109098,26.321318128109098,26.321318128109098,22.6976337270854,22.6976337270854,22.6976337270854
HRAO,-25.89,27.687,1414.3,2015,2,18,49,2015-02-18,0.0221378915346186,22.1378915346186,0.0211012796754977,21.1012796754977,0.0197625,19.7625,19.7625,19.7625,19.7625,22.1378915346186,22.1378915346186,22.1378915346186,21.1012796754977,21.1012796754977,21.1012796754977
HRAO,-25.89,27.687,1414.3,2015,2,19,50,2015-02-19,0.0209134114955029,20.9134114955029,0.0199415344420834,19.9415344420834,0.0207166666666666,20.716666666666598,20.716666666666598,20.716666666666598,20.716666666666598,20.9134114955029,20.9134114955029,20.9134114955029,19.9415344420834,19.9415344420834,19.9415344420834
HRAO,-25.89,27.687,1414.3,2015,2,20,51,2015-02-20,0.0240428331765459,24.042833176545898,0.0215249318649627,21.5249318649627,0.0221875,22.1875,22.1875,22.1875,22.1875,24.042833176545898,24.042833176545898,24.042833176545898,21.5249318649627,21.5249318649627,21.5249318649627
HRAO,-25.89,27.687,1414.3,2015,2,21,52,2015-02-21,0.0284278697095575,28.427869709557502,0.0287635002788388,28.7635002788388,0.0289,28.9,22.1875,28.9,28.9,28.427869709557502,28.427869709557502,28.427869709557502,21.5249318649627,28.7635002788388,28.7635002788388
HRAO,-25.89,27.687,1414.3,2015,2,22,53,2015-02-22,0.024062602354753,24.062602354753,0.0206914521043428,20.6914521043428,0.0211166666666666,21.1166666666666,25.9541666666666,21.1166666666666,21.1166666666666,24.062602354753,24.062602354753,24.062602354753,25.9924168374037,20.6914521043428,20.6914521043428
HRAO,-25.89,27.687,1414.3,2015,2,23,54,2015-02-23,0.0250839230510294,25.0839230510294,0.0259924168374037,25.9924168374037,0.0267666666666666,26.766666666666598,26.766666666666598,26.766666666666598,26.766666666666598,25.0839230510294,25.0839230510294,25.0839230510294,25.9924168374037,25.9924168374037,25.9924168374037
HRAO,-25.89,27.687,1414.3,2015,2,24,55,2015-02-24,0.0258261969323537,25.8261969323537,0.0270330524260308,27.0330524260308,0.0259541666666666,25.9541666666666,25.9541666666666,25.9541666666666,25.9541666666666,25.8261969323537,25.8261969323537,25.8261969323537,27.0330524260308,27.0330524260308,27.0330524260308
HRAO,-25.89,27.687,1414.3,2015,2,25,56,2015-02-25,0.0270566633119407,27.0566633119407,0.0265684101177001,26.5684101177001,0.0275083333333333,27.5083333333333,27.5083333333333,27.5083333333333,27.5083333333333,27.0566633119407,27.0566633119407,27.0566633119407,26.5684101177001,26.5684101177001,26.5684101177001
HRAO,-25.89,27.687,1414.3,2015,2,26,57,2015-02-26,0.0255336156989379,25.5336156989379,0.0237360851723425,23.7360851723425,0.0233333333333333,23.3333333333333,23.3333333333333,23.3333333333333,23.3333333333333,25.5336156989379,25.5336156989379,25.5336156989379,26.5684101177001,23.7360851723425,23.7360851723425
HRAO,-25.89,27.687,1414.3,2015,2,27,58,2015-02-27,0.0283090217924389,28.309021792438898,0.0281309140911176,28.1309140911176,0.0284416666666666,28.441666666666602,28.441666666666602,28.441666666666602,28.441666666666602,25.8261969323537,28.309021792438898,28.309021792438898,28.1309140911176,28.1309140911176,28.1309140911176
HRAO,-25.89,27.687,1414.3,2015,2,28,59,2015-02-28,0.0266210947727059,26.621094772705902,0.0271018031567708,27.1018031567708,0.0275083333333333,27.5083333333333,27.5083333333333,27.5083333333333,27.5083333333333,26.621094772705902,26.621094772705902,26.621094772705902,27.1018031567708,27.1018031567708,27.1018031567708
HRAO,-25.89,27.687,1414.3,2015,3,1,60,2015-03-01,0.0253398603240969,25.3398603240969,0.0241777712606247,24.1777712606247,0.0244958333333333,24.4958333333333,24.4958333333333,24.4958333333333,24.4958333333333,25.3398603240969,25.3398603240969,25.3398603240969,24.1777712606247,24.1777712606247,24.1777712606247
HRAO,-25.89,27.687,1414.3,2015,3,2,61,2015-03-02,0.0241859311643019,24.1859311643019,0.0238629227925697,23.862922792569698,0.0231666666666666,23.1666666666666,23.1666666666666,23.1666666666666,23.1666666666666,24.1859311643019,24.1859311643019,24.1859311643019,23.862922792569698,23.862922792569698,23.862922792569698
HRAO,-25.89,27.687,1414.3,2015,3,3,62,2015-03-03,0.0197537008554706,19.7537008554706,0.0191267794247308,19.1267794247308,0.0193833333333333,19.3833333333333,19.3833333333333,19.3833333333333,19.3833333333333,19.7537008554706,19.7537008554706,19.7537008554706,19.1267794247308,19.1267794247308,19.1267794247308
HRAO,-25.89,27.687,1414.3,2015,3,4,63,2015-03-04,0.0200778970813398,20.0778970813398,0.0196819023015795,19.6819023015795,0.0190708333333333,19.0708333333333,19.0708333333333,19.0708333333333,19.0708333333333,20.0778970813398,20.0778970813398,20.0778970813398,19.6819023015795,19.6819023015795,19.6819023015795
HRAO,-25.89,27.687,1414.3,2015,3,5,64,2015-03-05,0.022296490716362,22.296490716362,0.0206494928283152,20.6494928283152,0.0216208333333333,21.6208333333333,21.6208333333333,21.6208333333333,21.6208333333333,22.296490716362,22.296490716362,22.296490716362,20.6494928283152,20.6494928283152,20.6494928283152
HRAO,-25.89,27.687,1414.3,2015,3,6,65,2015-03-06,0.0281046485021358,28.104648502135802,0.0267439759320726,26.743975932072598,0.0275375,27.537499999999998,27.537499999999998,27.537499999999998,27.537499999999998,28.104648502135802,28.104648502135802,28.104648502135802,26.743975932072598,26.743975932072598,26.743975932072598
HRAO,-25.89,27.687,1414.3,2015,3,7,66,2015-03-07,0.0297239490278826,29.723949027882597,0.0320225662985304,32.0225662985304,0.0328833333333333,32.8833333333333,32.8833333333333,32.8833333333333,32.8833333333333,29.723949027882597,29.723949027882597,29.723949027882597,32.0225662985304,32.0225662985304,32.0225662985304
HRAO,-25.89,27.687,1414.3,2015,3,8,67,2015-03-08,0.0255344448448663,25.534444844866297,0.0232677828186266,23.2677828186266,0.0226666666666666,22.6666666666666,22.6666666666666,22.6666666666666,22.6666666666666,25.534444844866297,25.534444844866297,25.534444844866297,23.2677828186266,23.2677828186266,23.2677828186266
HRAO,-25.89,27.687,1414.3,2015,3,9,68,2015-03-09,0.020402967898384,20.402967898384,0.0201157931424284,20.115793142428398,0.0200791666666666,20.079166666666598,20.079166666666598,20.079166666666598,20.079166666666598,20.402967898384,20.402967898384,20.402967898384,20.115793142428398,20.115793142428398,20.115793142428398
HRAO,-25.89,27.687,1414.3,2015,3,10,69,2015-03-10,0.0181378979615973,18.137897961597297,0.0173669004881017,17.3669004881017,0.0185583333333333,18.5583333333333,18.5583333333333,18.5583333333333,18.5583333333333,18.137897961597297,18.137897961597297,18.137897961597297,17.3669004881017,17.3669004881017,17.3669004881017
HRAO,-25.89,27.687,1414.3,2015,3,11,70,2015-03-11,0.0233905453840353,23.3905453840353,0.021887779270068,21.887779270068,0.0228833333333333,22.8833333333333,22.8833333333333,22.8833333333333,22.8833333333333,23.3905453840353,23.3905453840353,23.3905453840353,21.887779270068,21.887779270068,21.887779270068
HRAO,-25.89,27.687,1414.3,2015,3,12,71,2015-03-12,0.026513368194487,26.513368194486997,0.025923430480716,25.923430480716,0.0250958333333333,25.0958333333333,25.0958333333333,25.0958333333333,25.0958333333333,26.513368194486997,26.513368194486997,26.513368194486997,25.923430480716,25.923430480716,25.923430480716
HRAO,-25.89,27.687,1414.3,2015,3,13,72,2015-03-13,0.0251793060757833,25.1793060757833,0.0217554997304256,21.7554997304256,0.0224083333333333,22.4083333333333,22.4083333333333,22.4083333333333,22.4083333333333,25.1793060757833,25.1793060757833,25.1793060757833,25.2106615808487,21.7554997304256,21.7554997304256
HRAO,-25.89,27.687,1414.3,2015,3,14,73,2015-03-14,0.0269299248179671,26.929924817967102,0.0252228559398229,25.2228559398229,0.0250708333333333,25.0708333333333,25.0708333333333,25.0708333333333,25.0708333333333,26.929924817967102,26.929924817967102,26.929924817967102,25.2228559398229,25.2228559398229,25.2228559398229
HRAO,-25.89,27.687,1414.3,2015,3,15,74,2015-03-15,0.0276807654437845,27.680765443784498,0.0259800175011192,25.9800175011192,0.0268874999999999,26.8874999999999,26.8874999999999,26.8874999999999,26.8874999999999,27.680765443784498,27.680765443784498,27.680765443784498,25.9800175011192,25.9800175011192,25.9800175011192
HRAO,-25.89,27.687,1414.3,2015,3,16,75,2015-03-16,0.0250464446123685,25.0464446123685,0.0252106615808487,25.2106615808487,0.0250875,25.0875,25.0875,25.0875,25.0875,25.0464446123685,25.0464446123685,25.0464446123685,25.2106615808487,25.2106615808487,25.2106615808487
HRAO,-25.89,27.687,1414.3,2015,3,17,76,2015-03-17,0.0179143314859941,17.9143314859941,0.0152068086694533,15.2068086694533,0.016,16.0,25.0875,16.0,16.0,25.9921940332438,17.9143314859941,17.9143314859941,25.2106615808487,15.2068086694533,15.2068086694533
HRAO,-25.89,27.687,1414.3,2015,3,18,77,2015-03-18,0.0259921940332438,25.9921940332438,0.0244163259098224,24.4163259098224,0.02605,26.05,26.05,26.05,26.05,25.9921940332438,25.9921940332438,25.9921940332438,24.4163259098224,24.4163259098224,24.4163259098224
HRAO,-25.89,27.687,1414.3,2015,3,19,78,2015-03-19,0.0290882480550122,29.0882480550122,0.0290536420113448,29.053642011344802,0.0284916666666666,28.4916666666666,28.4916666666666,28.4916666666666,28.4916666666666,29.0882480550122,29.0882480550122,29.0882480550122,29.053642011344802,29.053642011344802,29.053642011344802
HRAO,-25.89,27.687,1414.3,2015,3,20,79,2015-03-20,0.0254322506569176,25.4322506569176,0.0236792157272842,23.679215727284202,0.0233083333333333,23.308333333333298,23.308333333333298,23.308333333333298,23.308333333333298,25.4322506569176,25.4322506569176,25.4322506569176,23.679215727284202,23.679215727284202,23.679215727284202
HRAO,-25.89,27.687,1414.3,2015,3,21,80,2015-03-21,0.0305123111411224,30.5123111411224,0.029163465642807,29.163465642807,0.0301833333333333,30.1833333333333,30.1833333333333,30.1833333333333,30.1833333333333,30.5123111411224,30.5123111411224,30.5123111411224,29.163465642807,29.163465642807,29.163465642807
HRAO,-25.89,27.687,1414.3,2015,3,22,81,2015-03-22,0.0337441043499636,33.7441043499636,0.0340063462169658,34.0063462169658,0.033275,33.275,33.275,33.275,33.275,33.7441043499636,33.7441043499636,33.7441043499636,34.0063462169658,34.0063462169658,34.0063462169658
HRAO,-25.89,27.687,1414.3,2015,3,23,82,2015-03-23,0.0271161521615916,27.1161521615916,0.0237151330645028,23.715133064502798,0.0251708333333333,25.1708333333333,25.1708333333333,25.1708333333333,25.1708333333333,27.1161521615916,27.1161521615916,27.1161521615916,23.715133064502798,23.715133064502798,23.715133064502798
HRAO,-25.89,27.687,1414.3,2015,3,24,83,2015-03-24,0.027524520220631,27.524520220631,0.0241846698211637,24.1846698211637,0.0273666666666666,27.366666666666603,27.366666666666603,27.366666666666603,27.366666666666603,27.524520220631,27.524520220631,27.524520220631,24.1846698211637,24.1846698211637,24.1846698211637
HRAO,-25.89,27.687,1414.3,2015,3,25,84,2015-03-25,0.0336437591637395,33.6437591637395,0.0308084800508236,30.8084800508236,0.0316625,31.6625,31.6625,31.6625,31.6625,33.6437591637395,33.6437591637395,33.6437591637395,30.8084800508236,30.8084800508236,30.8084800508236
HRAO,-25.89,27.687,1414.3,2015,3,26,85,2015-03-26,0.028535580112036,28.535580112036,0.0291919321810725,29.191932181072502,0.0279416666666666,27.941666666666602,27.941666666666602,27.941666666666602,27.941666666666602,28.535580112036,28.535580112036,28.535580112036,29.191932181072502,29.191932181072502,29.191932181072502
HRAO,-25.89,27.687,1414.3,2015,3,27,86,2015-03-27,0.0205860585070642,20.5860585070642,0.020973837836834,20.973837836834,0.0208625,20.8625,20.8625,20.8625,20.8625,20.5860585070642,20.5860585070642,20.5860585070642,20.973837836834,20.973837836834,20.973837836834
HRAO,-25.89,27.687,1414.3,2015,3,28,87,2015-03-28,0.0193810162482348,19.3810162482348,0.0184376759722929,18.4376759722929,0.020475,20.475,20.475,20.475,20.475,19.3810162482348,19.3810162482348,19.3810162482348,18.4376759722929,18.4376759722929,18.4376759722929
HRAO,-25.89,27.687,1414.3,2015,3,29,88,2015-03-29,0.0212496621679766,21.2496621679766,0.0185348884041785,18.5348884041785,0.0182791666666666,18.2791666666666,18.2791666666666,18.2791666666666,18.2791666666666,21.2496621679766,21.2496621679766,21.2496621679766,18.5348884041785,18.5348884041785,18.5348884041785
HRAO,-25.89,27.687,1414.3,2015,3,30,89,2015-03-30,0.0253781812860096,25.3781812860096,0.0223549824488239,22.3549824488239,0.0220666666666666,22.0666666666666,22.0666666666666,22.0666666666666,22.0666666666666,25.3781812860096,25.3781812860096,25.3781812860096,22.3549824488239,22.3549824488239,22.3549824488239
HRAO,-25.89,27.687,1414.3,2015,4,1,91,2015-04-01,0.021287516243795,21.287516243795,0.0204332533782026,20.4332533782026,0.0213083333333333,21.3083333333333,21.3083333333333,21.3083333333333,21.3083333333333,21.287516243795,21.287516243795,21.287516243795,20.4332533782026,20.4332533782026,20.4332533782026
HRAO,-25.89,27.687,1414.3,2015,4,2,92,2015-04-02,0.0207199382613339,20.719938261333898,0.0180283869869281,18.028386986928098,0.0196833333333333,19.683333333333298,19.683333333333298,19.683333333333298,19.683333333333298,20.719938261333898,20.719938261333898,20.719938261333898,18.028386986928098,18.028386986928098,18.028386986928098
HRAO,-25.89,27.687,1414.3,2015,4,3,93,2015-04-03,0.0241784643717015,24.178464371701498,0.0205704845164155,20.5704845164155,0.0219916666666666,21.9916666666666,21.9916666666666,21.9916666666666,21.9916666666666,24.178464371701498,24.178464371701498,24.178464371701498,20.5704845164155,20.5704845164155,20.5704845164155
HRAO,-25.89,27.687,1414.3,2015,4,4,94,2015-04-04,0.0286674755887674,28.667475588767402,0.0276514284721502,27.6514284721502,0.0273375,27.337500000000002,27.337500000000002,27.337500000000002,27.337500000000002,28.667475588767402,28.667475588767402,28.667475588767402,27.6514284721502,27.6514284721502,27.6514284721502
HRAO,-25.89,27.687,1414.3,2015,4,5,95,2015-04-05,0.0196236698581533,19.623669858153303,0.019967324733038,19.967324733038,0.0196041666666666,19.6041666666666,19.6041666666666,19.6041666666666,19.6041666666666,19.623669858153303,19.623669858153303,19.623669858153303,19.967324733038,19.967324733038,19.967324733038
HRAO,-25.89,27.687,1414.3,2015,4,6,96,2015-04-06,0.0191772642142761,19.1772642142761,0.0149193381215996,14.9193381215996,0.0165541666666666,16.5541666666666,16.5541666666666,16.5541666666666,16.5541666666666,19.1772642142761,19.1772642142761,19.1772642142761,14.9193381215996,14.9193381215996,14.9193381215996
HRAO,-25.89,27.687,1414.3,2015,4,7,97,2015-04-07,0.0272704312035041,27.2704312035041,0.0218443108047765,21.8443108047765,0.0232125,23.212500000000002,23.212500000000002,23.212500000000002,23.212500000000002,27.2704312035041,27.2704312035041,27.2704312035041,21.8443108047765,21.8443108047765,21.8443108047765
HRAO,-25.89,27.687,1414.3,2015,4,8,98,2015-04-08,0.0249552758087797,24.9552758087797,0.0248460548726773,24.8460548726773,0.0241916666666666,24.191666666666602,24.191666666666602,24.191666666666602,24.191666666666602,24.9552758087797,24.9552758087797,24.9552758087797,18.9392859743783,24.8460548726773,24.8460548726773
HRAO,-25.89,27.687,1414.3,2015,4,9,99,2015-04-09,0.020066636796171,20.066636796171,0.0183440300468369,18.3440300468369,0.0189958333333333,18.995833333333298,18.995833333333298,18.995833333333298,18.995833333333298,20.066636796171,20.066636796171,20.066636796171,18.3440300468369,18.3440300468369,18.3440300468369
HRAO,-25.89,27.687,1414.3,2015,4,10,100,2015-04-10,0.0196838942300817,19.6838942300817,0.0186754124349179,18.6754124349179,0.0190375,19.037499999999998,19.037499999999998,19.037499999999998,19.037499999999998,19.6838942300817,19.6838942300817,19.6838942300817,18.6754124349179,18.6754124349179,18.6754124349179
HRAO,-25.89,27.687,1414.3,2015,4,11,101,2015-04-11,0.0211813667451359,21.1813667451359,0.0189392859743783,18.9392859743783,0.0206541666666666,20.654166666666598,20.654166666666598,20.654166666666598,20.654166666666598,21.1813667451359,21.1813667451359,21.1813667451359,18.9392859743783,18.9392859743783,18.9392859743783
HRAO,-25.89,27.687,1414.3,2015,4,12,102,2015-04-12,0.0215691065769552,21.5691065769552,0.022182690564905,22.182690564905,0.0221541666666666,22.1541666666666,22.1541666666666,22.1541666666666,22.1541666666666,21.5691065769552,21.5691065769552,21.5691065769552,18.3440300468369,22.182690564905,22.182690564905
HRAO,-25.89,27.687,1414.3,2015,4,13,103,2015-04-13,0.0136592120058976,13.6592120058976,0.0137729565702208,13.772956570220801,0.0138583333333333,13.8583333333333,13.8583333333333,13.8583333333333,13.8583333333333,13.6592120058976,13.6592120058976,13.6592120058976,13.772956570220801,13.772956570220801,13.772956570220801
HRAO,-25.89,27.687,1414.3,2015,4,14,104,2015-04-14,0.0150497718236481,15.049771823648099,0.0140758649029989,14.0758649029989,0.0152,15.2,15.2,15.2,15.2,15.049771823648099,15.049771823648099,15.049771823648099,14.0758649029989,14.0758649029989,14.0758649029989
HRAO,-25.89,27.687,1414.3,2015,4,15,105,2015-04-15,0.0132953394313678,13.2953394313678,0.0116401130447759,11.6401130447759,0.0113708333333333,11.3708333333333,11.3708333333333,11.3708333333333,11.3708333333333,13.2953394313678,13.2953394313678,13.2953394313678,11.6401130447759,11.6401130447759,11.6401130447759
HRAO,-25.89,27.687,1414.3,2015,4,16,106,2015-04-16,0.0127466162406719,12.7466162406719,0.011494163754941,11.494163754941,0.0128583333333333,12.8583333333333,12.8583333333333,12.8583333333333,12.8583333333333,12.7466162406719,12.7466162406719,12.7466162406719,11.494163754941,11.494163754941,11.494163754941
HRAO,-25.89,27.687,1414.3,2015,4,17,107,2015-04-17,0.0179488406830324,17.948840683032397,0.0172000969265397,17.2000969265397,0.0174374999999999,17.4374999999999,17.4374999999999,17.4374999999999,17.4374999999999,17.948840683032397,17.948840683032397,17.948840683032397,17.2000969265397,17.2000969265397,17.2000969265397
HRAO,-25.89,27.687,1414.3,2015,4,18,108,2015-04-18,0.0217210128057657,21.7210128057657,0.0208176756402413,20.8176756402413,0.0220625,22.0625,22.0625,22.0625,22.0625,21.7210128057657,21.7210128057657,21.7210128057657,20.8176756402413,20.8176756402413,20.8176756402413
HRAO,-25.89,27.687,1414.3,2015,4,19,109,2015-04-19,0.0185644583339099,18.564458333909897,0.0194517613381259,19.451761338125902,0.0180833333333333,18.0833333333333,18.0833333333333,18.0833333333333,18.0833333333333,18.564458333909897,18.564458333909897,18.564458333909897,19.451761338125902,19.451761338125902,19.451761338125902
HRAO,-25.89,27.687,1414.3,2015,4,20,110,2015-04-20,0.0169844085429869,16.984408542986902,0.0139206868798652,13.9206868798652,0.0157291666666666,15.7291666666666,15.7291666666666,15.7291666666666,15.7291666666666,16.984408542986902,16.984408542986902,16.984408542986902,13.9206868798652,13.9206868798652,13.9206868798652
HRAO,-25.89,27.687,1414.3,2015,4,21,111,2015-04-21,0.0180606272122628,18.0606272122628,0.0154665209768717,15.466520976871701,0.0166375,16.6375,16.6375,16.6375,16.6375,18.0606272122628,18.0606272122628,18.0606272122628,15.466520976871701,15.466520976871701,15.466520976871701
HRAO,-25.89,27.687,1414.3,2015,4,22,112,2015-04-22,0.0221144666189359,22.1144666189359,0.0205213264939104,20.5213264939104,0.0210458333333333,21.0458333333333,21.0458333333333,21.0458333333333,21.0458333333333,22.1144666189359,22.1144666189359,22.1144666189359,20.5213264939104,20.5213264939104,20.5213264939104
HRAO,-25.89,27.687,1414.3,2015,4,23,113,2015-04-23,0.0225870417078762,22.5870417078762,0.0208790656913995,20.8790656913995,0.0217208333333333,21.7208333333333,21.7208333333333,21.7208333333333,21.7208333333333,22.5870417078762,22.5870417078762,22.5870417078762,20.8790656913995,20.8790656913995,20.8790656913995
HRAO,-25.89,27.687,1414.3,2015,4,24,114,2015-04-24,0.0238441436925366,23.844143692536598,0.0229539082819883,22.953908281988298,0.0238208333333333,23.8208333333333,23.8208333333333,23.8208333333333,23.8208333333333,23.844143692536598,23.844143692536598,23.844143692536598,17.6022971392126,22.953908281988298,22.953908281988298
HRAO,-25.89,27.687,1414.3,2015,4,25,115,2015-04-25,0.0193836589750141,19.3836589750141,0.0176022971392126,17.6022971392126,0.0174791666666666,17.4791666666666,17.4791666666666,17.4791666666666,17.4791666666666,19.3836589750141,19.3836589750141,19.3836589750141,17.6022971392126,17.6022971392126,17.6022971392126
HRAO,-25.89,27.687,1414.3,2015,4,26,116,2015-04-26,0.017717201748314,17.717201748314,0.0161822517339931,16.182251733993102,0.0171083333333333,17.1083333333333,17.1083333333333,17.1083333333333,17.1083333333333,17.717201748314,17.717201748314,17.717201748314,16.182251733993102,16.182251733993102,16.182251733993102
HRAO,-25.89,27.687,1414.3,2015,4,27,117,2015-04-27,0.0165479358015816,16.5479358015816,0.0156695980691843,15.6695980691843,0.0161125,16.112499999999997,16.112499999999997,16.112499999999997,16.112499999999997,16.5479358015816,16.5479358015816,16.5479358015816,15.6695980691843,15.6695980691843,15.6695980691843
HRAO,-25.89,27.687,1414.3,2015,4,28,118,2015-04-28,0.0152612594406635,15.2612594406635,0.0142916512018403,14.2916512018403,0.0148541666666666,14.8541666666666,14.8541666666666,14.8541666666666,14.8541666666666,15.2612594406635,15.2612594406635,15.2612594406635,14.2916512018403,14.2916512018403,14.2916512018403
HRAO,-25.89,27.687,1414.3,2015,4,29,119,2015-04-29,0.0170702103085649,17.070210308564903,0.016672937026985,16.672937026985,0.0175624999999999,17.5624999999999,17.5624999999999,17.5624999999999,17.5624999999999,17.070210308564903,17.070210308564903,17.070210308564903,16.672937026985,16.672937026985,16.672937026985
HRAO,-25.89,27.687,1414.3,2015,4,30,120,2015-04-30,0.0100075426421315,10.0075426421315,0.0107757498945217,10.775749894521699,0.0088041666666666,8.804166666666601,8.804166666666601,8.804166666666601,8.804166666666601,10.0075426421315,10.0075426421315,10.0075426421315,10.775749894521699,10.775749894521699,10.775749894521699
HRAO,-25.89,27.687,1414.3,2015,5,1,121,2015-05-01,0.003707527536815,3.707527536815,0.0035920280150192,3.5920280150192,0.0036125,3.6125,3.6125,3.6125,3.6125,3.707527536815,3.707527536815,3.707527536815,3.5920280150192,3.5920280150192,3.5920280150192
HRAO,-25.89,27.687,1414.3,2015,5,2,122,2015-05-02,0.0067606038673508,6.7606038673508,0.0060291770768383,6.0291770768383,0.0060083333333333,6.0083333333333,6.0083333333333,6.0083333333333,6.0083333333333,6.7606038673508,6.7606038673508,6.7606038673508,6.0291770768383,6.0291770768383,6.0291770768383
HRAO,-25.89,27.687,1414.3,2015,5,3,123,2015-05-03,0.0070796423817964,7.0796423817964,0.0064249058158513,6.4249058158513,0.0065541666666666,6.5541666666666,6.5541666666666,6.5541666666666,6.5541666666666,9.1448956636593,7.0796423817964,7.0796423817964,6.4249058158513,6.4249058158513,6.4249058158513
HRAO,-25.89,27.687,1414.3,2015,5,4,124,2015-05-04,0.0091448956636593,9.1448956636593,0.0088753881205202,8.8753881205202,0.0090541666666666,9.0541666666666,9.0541666666666,9.0541666666666,9.0541666666666,9.1448956636593,9.1448956636593,9.1448956636593,8.8753881205202,8.8753881205202,8.8753881205202
HRAO,-25.89,27.687,1414.3,2015,5,5,125,2015-05-05,0.01051562104263,10.51562104263,0.0100420935635862,10.042093563586201,0.0104625,10.4625,10.4625,10.4625,10.4625,10.51562104263,10.51562104263,10.51562104263,10.042093563586201,10.042093563586201,10.042093563586201
HRAO,-25.89,27.687,1414.3,2015,5,6,126,2015-05-06,0.0103343104986103,10.3343104986103,0.0093557887357299,9.355788735729899,0.0096875,9.6875,9.6875,9.6875,9.6875,10.3343104986103,10.3343104986103,10.3343104986103,9.355788735729899,9.355788735729899,9.355788735729899
HRAO,-25.89,27.687,1414.3,2015,5,7,127,2015-05-07,0.0128002230300895,12.8002230300895,0.0111313444023183,11.1313444023183,0.0130416666666666,13.0416666666666,13.0416666666666,13.0416666666666,13.0416666666666,12.8002230300895,12.8002230300895,12.8002230300895,11.1313444023183,11.1313444023183,11.1313444023183
HRAO,-25.89,27.687,1414.3,2015,5,8,128,2015-05-08,0.0163002641639913,16.3002641639913,0.0153398829084467,15.3398829084467,0.0164291666666666,16.4291666666666,16.4291666666666,16.4291666666666,16.4291666666666,14.8083772235963,16.3002641639913,16.3002641639913,15.3398829084467,15.3398829084467,15.3398829084467
HRAO,-25.89,27.687,1414.3,2015,5,9,129,2015-05-09,0.0148083772235963,14.8083772235963,0.0142468677320986,14.2468677320986,0.0156791666666666,15.679166666666601,15.679166666666601,15.679166666666601,15.679166666666601,14.8083772235963,14.8083772235963,14.8083772235963,14.2468677320986,14.2468677320986,14.2468677320986
HRAO,-25.89,27.687,1414.3,2015,5,10,130,2015-05-10,0.016047711437915,16.047711437914998,0.0140691380937946,14.069138093794601,0.0152,15.2,15.2,15.2,15.2,16.047711437914998,16.047711437914998,16.047711437914998,14.069138093794601,14.069138093794601,14.069138093794601
HRAO,-25.89,27.687,1414.3,2015,5,11,131,2015-05-11,0.017321227171825,17.321227171825,0.0157831438473404,15.7831438473404,0.0154125,15.412500000000001,15.412500000000001,15.412500000000001,15.412500000000001,17.321227171825,17.321227171825,17.321227171825,15.7831438473404,15.7831438473404,15.7831438473404
HRAO,-25.89,27.687,1414.3,2015,5,12,132,2015-05-12,0.0150034570809638,15.0034570809638,0.0144674277927071,14.467427792707099,0.015325,15.325,15.325,15.325,15.325,15.0034570809638,15.0034570809638,15.0034570809638,14.467427792707099,14.467427792707099,14.467427792707099
HRAO,-25.89,27.687,1414.3,2015,5,13,133,2015-05-13,0.0084417459295514,8.4417459295514,0.0094200627733195,9.4200627733195,0.0086041666666666,8.6041666666666,8.6041666666666,8.6041666666666,8.6041666666666,8.4417459295514,8.4417459295514,8.4417459295514,9.4200627733195,9.4200627733195,9.4200627733195
HRAO,-25.89,27.687,1414.3,2015,5,14,134,2015-05-14,0.0053685054550384,5.368505455038401,0.0050388239268832,5.0388239268832,0.0053541666666666,5.3541666666666,5.3541666666666,5.3541666666666,5.3541666666666,5.368505455038401,5.368505455038401,5.368505455038401,9.4200627733195,5.0388239268832,5.0388239268832
HRAO,-25.89,27.687,1414.3,2015,5,15,135,2015-05-15,0.0085042187557986,8.5042187557986,0.0073045650984375,7.3045650984375,0.0083625,8.3625,8.3625,8.3625,8.3625,8.5042187557986,8.5042187557986,8.5042187557986,7.3045650984375,7.3045650984375,7.3045650984375
HRAO,-25.89,27.687,1414.3,2015,5,16,136,2015-05-16,0.0098875061562,9.8875061562,0.0087260001381829,8.7260001381829,0.00975,9.75,9.75,9.75,9.75,9.8875061562,9.8875061562,9.8875061562,8.7260001381829,8.7260001381829,8.7260001381829
HRAO,-25.89,27.687,1414.3,2015,5,17,137,2015-05-17,0.0125771538469977,12.5771538469977,0.009561650764102,9.561650764102,0.0115333333333333,11.5333333333333,11.5333333333333,11.5333333333333,11.5333333333333,12.5771538469977,12.5771538469977,12.5771538469977,9.561650764102,9.561650764102,9.561650764102
HRAO,-25.89,27.687,1414.3,2015,5,18,138,2015-05-18,0.0130181101966375,13.018110196637501,0.0131627505490942,13.1627505490942,0.0133375,13.3375,13.3375,13.3375,13.3375,13.018110196637501,13.018110196637501,13.018110196637501,8.7260001381829,13.1627505490942,13.1627505490942
HRAO,-25.89,27.687,1414.3,2015,5,19,139,2015-05-19,0.0094634548545711,9.463454854571099,0.0094873737550447,9.4873737550447,0.0093958333333333,9.3958333333333,9.3958333333333,9.3958333333333,9.3958333333333,9.463454854571099,9.463454854571099,9.463454854571099,9.4873737550447,9.4873737550447,9.4873737550447
HRAO,-25.89,27.687,1414.3,2015,5,20,140,2015-05-20,0.0083359490047688,8.3359490047688,0.0070599727197862,7.0599727197862,0.0082833333333333,8.283333333333301,8.283333333333301,8.283333333333301,8.283333333333301,8.3359490047688,8.3359490047688,8.3359490047688,7.0599727197862,7.0599727197862,7.0599727197862
HRAO,-25.89,27.687,1414.3,2015,5,21,141,2015-05-21,0.0090232115643817,9.0232115643817,0.0080286888734947,8.0286888734947,0.0090916666666666,9.091666666666601,9.091666666666601,9.091666666666601,9.091666666666601,9.0232115643817,9.0232115643817,9.0232115643817,8.0286888734947,8.0286888734947,8.0286888734947
HRAO,-25.89,27.687,1414.3,2015,5,22,142,2015-05-22,0.0096199144022638,9.6199144022638,0.0081190261591345,8.119026159134501,0.0096208333333333,9.620833333333302,9.620833333333302,9.620833333333302,9.620833333333302,9.6199144022638,9.6199144022638,9.6199144022638,8.119026159134501,8.119026159134501,8.119026159134501
HRAO,-25.89,27.687,1414.3,2015,5,23,143,2015-05-23,0.0099325706530337,9.9325706530337,0.00938117641475,9.38117641475,0.0102,10.200000000000001,10.200000000000001,10.200000000000001,10.200000000000001,9.9325706530337,9.9325706530337,9.9325706530337,7.8961934032762,9.38117641475,9.38117641475
HRAO,-25.89,27.687,1414.3,2015,5,24,144,2015-05-24,0.0083489221844429,8.3489221844429,0.0076527240449514,7.6527240449514,0.0080541666666666,8.0541666666666,8.0541666666666,8.0541666666666,8.0541666666666,8.3489221844429,8.3489221844429,8.3489221844429,7.6527240449514,7.6527240449514,7.6527240449514
HRAO,-25.89,27.687,1414.3,2015,5,25,145,2015-05-25,0.0088987895528021,8.8987895528021,0.0072917895244348,7.2917895244348,0.0084708333333333,8.470833333333301,8.470833333333301,8.470833333333301,8.470833333333301,8.8987895528021,8.8987895528021,8.8987895528021,7.2917895244348,7.2917895244348,7.2917895244348
HRAO,-25.89,27.687,1414.3,2015,5,26,146,2015-05-26,0.0090869143325715,9.0869143325715,0.0078961934032762,7.8961934032762,0.0084166666666666,8.4166666666666,8.4166666666666,8.4166666666666,8.4166666666666,9.0869143325715,9.0869143325715,9.0869143325715,7.8961934032762,7.8961934032762,7.8961934032762
HRAO,-25.89,27.687,1414.3,2015,5,27,147,2015-05-27,0.0082745253528763,8.274525352876301,0.0074056048614542,7.4056048614542,0.008275,8.274999999999999,8.274999999999999,8.274999999999999,8.274999999999999,8.274525352876301,8.274525352876301,8.274525352876301,7.4056048614542,7.4056048614542,7.4056048614542
HRAO,-25.89,27.687,1414.3,2015,5,28,148,2015-05-28,0.0080113061295116,8.0113061295116,0.0074509925009271,7.4509925009271,0.0079375,7.9375,7.9375,7.9375,7.9375,8.0113061295116,8.0113061295116,8.0113061295116,7.4509925009271,7.4509925009271,7.4509925009271
HRAO,-25.89,27.687,1414.3,2015,5,29,149,2015-05-29,0.0077716915533156,7.7716915533156,0.0077554675442072,7.7554675442072005,0.0075333333333333,7.5333333333332995,7.5333333333332995,7.5333333333332995,7.5333333333332995,7.7716915533156,7.7716915533156,7.7716915533156,7.7554675442072005,7.7554675442072005,7.7554675442072005
HRAO,-25.89,27.687,1414.3,2015,5,30,150,2015-05-30,0.0073830982760111,7.3830982760111,0.0067893646677014,6.7893646677014,0.0066666666666666,6.6666666666666,6.6666666666666,6.6666666666666,6.6666666666666,7.3830982760111,7.3830982760111,7.3830982760111,6.7893646677014,6.7893646677014,6.7893646677014
HRAO,-25.89,27.687,1414.3,2015,6,1,152,2015-06-01,0.0126951324566211,12.6951324566211,0.0105040738159105,10.5040738159105,0.0114166666666666,11.416666666666599,11.416666666666599,11.416666666666599,11.416666666666599,12.6951324566211,12.6951324566211,12.6951324566211,10.5040738159105,10.5040738159105,10.5040738159105
HRAO,-25.89,27.687,1414.3,2015,6,2,153,2015-06-02,0.0162264045266738,16.2264045266738,0.0130684829612313,13.0684829612313,0.0139083333333333,13.9083333333333,13.9083333333333,13.9083333333333,13.9083333333333,16.2264045266738,16.2264045266738,16.2264045266738,13.0684829612313,13.0684829612313,13.0684829612313
HRAO,-25.89,27.687,1414.3,2015,6,3,154,2015-06-03,0.0144208910607929,14.4208910607929,0.0164448796871804,16.4448796871804,0.0162458333333333,16.245833333333298,16.245833333333298,16.245833333333298,16.245833333333298,14.4208910607929,14.4208910607929,14.4208910607929,16.4448796871804,16.4448796871804,16.4448796871804
HRAO,-25.89,27.687,1414.3,2015,6,4,155,2015-06-04,0.006889379096662,6.889379096662,0.0070568519436676,7.0568519436676,0.007525,7.5249999999999995,7.5249999999999995,7.5249999999999995,7.5249999999999995,6.889379096662,6.889379096662,6.889379096662,7.0568519436676,7.0568519436676,7.0568519436676
HRAO,-25.89,27.687,1414.3,2015,6,5,156,2015-06-05,0.0050548917842732,5.0548917842732,0.0038849428687335,3.8849428687335,0.0041791666666666,4.1791666666666005,7.5708333333333,4.1791666666666005,4.1791666666666005,5.0548917842732,5.0548917842732,5.0548917842732,3.8849428687335,3.8849428687335,3.8849428687335
HRAO,-25.89,27.687,1414.3,2015,6,6,157,2015-06-06,0.008522805898133,8.522805898132999,0.0074803436622651,7.4803436622651,0.0080208333333333,8.0208333333333,8.0208333333333,8.0208333333333,8.0208333333333,8.522805898132999,8.522805898132999,8.522805898132999,7.4803436622651,7.4803436622651,7.4803436622651
HRAO,-25.89,27.687,1414.3,2015,6,7,158,2015-06-07,0.0083158465685965,8.3158465685965,0.0074472431385588,7.4472431385588,0.0075708333333333,7.5708333333333,7.5708333333333,7.5708333333333,7.5708333333333,8.3158465685965,8.3158465685965,8.3158465685965,7.4472431385588,7.4472431385588,7.4472431385588
HRAO,-25.89,27.687,1414.3,2015,6,8,159,2015-06-08,0.0077734165919049,7.7734165919049,0.0063457695788872,6.345769578887199,0.0068833333333333,6.8833333333333,6.8833333333333,6.8833333333333,6.8833333333333,7.7734165919049,7.7734165919049,7.7734165919049,6.345769578887199,6.345769578887199,6.345769578887199
HRAO,-25.89,27.687,1414.3,2015,6,9,160,2015-06-09,0.0072964103780373,7.2964103780373,0.0060130096716015,6.0130096716015,0.0062666666666666,6.2666666666666,6.2666666666666,6.2666666666666,6.2666666666666,7.2964103780373,7.2964103780373,7.2964103780373,6.0130096716015,6.0130096716015,6.0130096716015
HRAO,-25.89,27.687,1414.3,2015,6,10,161,2015-06-10,0.0102273041424739,10.2273041424739,0.0077702901876307,7.7702901876307005,0.008325,8.325000000000001,8.325000000000001,8.325000000000001,8.325000000000001,10.2273041424739,10.2273041424739,10.2273041424739,7.7702901876307005,7.7702901876307005,7.7702901876307005
HRAO,-25.89,27.687,1414.3,2015,6,11,162,2015-06-11,0.0146311673889206,14.6311673889206,0.0134060856756923,13.406085675692301,0.0140916666666666,14.0916666666666,7.45,14.0916666666666,14.0916666666666,7.7734165919049,14.6311673889206,14.6311673889206,6.5775976091178,13.406085675692301,13.406085675692301
HRAO,-25.89,27.687,1414.3,2015,6,12,163,2015-06-12,0.0104375678152139,10.4375678152139,0.0106413999219511,10.6413999219511,0.0096541666666666,9.6541666666666,9.6541666666666,9.6541666666666,9.6541666666666,10.4375678152139,10.4375678152139,10.4375678152139,6.5775976091178,10.6413999219511,10.6413999219511
HRAO,-25.89,27.687,1414.3,2015,6,13,164,2015-06-13,0.0075049199928162,7.5049199928162,0.0065775976091178,6.5775976091178,0.00745,7.45,7.45,7.45,7.45,7.5049199928162,7.5049199928162,7.5049199928162,6.5775976091178,6.5775976091178,6.5775976091178
HRAO,-25.89,27.687,1414.3,2015,6,14,165,2015-06-14,0.0051774658336369,5.1774658336369,0.0053815909762586,5.3815909762586,0.0054041666666666,5.404166666666599,5.404166666666599,5.404166666666599,5.404166666666599,5.1774658336369,5.1774658336369,5.1774658336369,5.3815909762586,5.3815909762586,5.3815909762586
HRAO,-25.89,27.687,1414.3,2015,6,15,166,2015-06-15,0.0040458749374778,4.0458749374778,0.004397544538431,4.397544538431,0.0040541666666666,4.0541666666666,4.6625,4.0541666666666,4.0541666666666,5.1514906445513,4.0458749374778,4.0458749374778,4.397544538431,4.397544538431,4.397544538431
HRAO,-25.89,27.687,1414.3,2015,6,16,167,2015-06-16,0.0051514906445513,5.1514906445513,0.0044742342734494,4.4742342734494,0.0046625,4.6625,4.6625,4.6625,4.6625,5.1514906445513,5.1514906445513,5.1514906445513,4.4742342734494,4.4742342734494,4.4742342734494
HRAO,-25.89,27.687,1414.3,2015,6,17,168,2015-06-17,0.0049339640405537,4.9339640405537,0.0043755837677707,4.3755837677707,0.0043083333333333,4.308333333333301,4.6625,4.308333333333301,4.308333333333301,5.1514906445513,4.9339640405537,4.9339640405537,4.3755837677707,4.3755837677707,4.3755837677707
HRAO,-25.89,27.687,1414.3,2015,6,18,169,2015-06-18,0.0051186525982807,5.1186525982807,0.0047836125208631,4.7836125208631,0.0045875,4.5875,4.5875,4.5875,4.5875,5.1186525982807,5.1186525982807,5.1186525982807,4.7836125208631,4.7836125208631,4.7836125208631
HRAO,-25.89,27.687,1414.3,2015,6,19,170,2015-06-19,0.0063216314761656,6.3216314761656,0.0051285168724344,5.128516872434401,0.00535,5.35,5.35,5.35,5.35,6.3216314761656,6.3216314761656,6.3216314761656,5.128516872434401,5.128516872434401,5.128516872434401
HRAO,-25.89,27.687,1414.3,2015,6,20,171,2015-06-20,0.0081177169825781,8.117716982578099,0.0071461743277455,7.1461743277455,0.0079541666666666,7.954166666666601,7.954166666666601,7.954166666666601,7.954166666666601,6.626728531961,8.117716982578099,8.117716982578099,5.3043118157093,7.1461743277455,7.1461743277455
HRAO,-25.89,27.687,1414.3,2015,6,21,172,2015-06-21,0.0080799911447016,8.0799911447016,0.0069442648945751,6.9442648945751,0.0077708333333333,7.7708333333333,7.7708333333333,7.7708333333333,7.7708333333333,8.0799911447016,8.0799911447016,8.0799911447016,6.9442648945751,6.9442648945751,6.9442648945751
HRAO,-25.89,27.687,1414.3,2015,6,22,173,2015-06-22,0.0077910132697219,7.7910132697218994,0.0063372844889066,6.3372844889066,0.00745,7.45,7.45,7.45,7.45,7.7910132697218994,7.7910132697218994,7.7910132697218994,6.3372844889066,6.3372844889066,6.3372844889066
HRAO,-25.89,27.687,1414.3,2015,6,23,174,2015-06-23,0.006626728531961,6.626728531961,0.0053043118157093,5.3043118157093,0.0061833333333333,6.1833333333333,6.1833333333333,6.1833333333333,6.1833333333333,6.626728531961,6.626728531961,6.626728531961,5.3043118157093,5.3043118157093,5.3043118157093
HRAO,-25.89,27.687,1414.3,2015,6,24,175,2015-06-24,0.0058917999082756,5.8917999082756,0.0047982759350855,4.7982759350855,0.0053875,5.3875,5.3875,5.3875,5.3875,5.8917999082756,5.8917999082756,5.8917999082756,4.7982759350855,4.7982759350855,4.7982759350855
HRAO,-25.89,27.687,1414.3,2015,6,25,176,2015-06-25,0.0076217992763574,7.6217992763574,0.0065266498530863,6.5266498530863,0.0066125,6.612500000000001,6.612500000000001,6.612500000000001,6.612500000000001,7.6217992763574,7.6217992763574,7.6217992763574,6.5266498530863,6.5266498530863,6.5266498530863
HRAO,-25.89,27.687,1414.3,2015,6,26,177,2015-06-26,0.0115191180732526,11.519118073252601,0.0096797800886545,9.6797800886545,0.0115833333333333,11.5833333333333,11.5833333333333,11.5833333333333,11.5833333333333,11.519118073252601,11.519118073252601,11.519118073252601,9.6797800886545,9.6797800886545,9.6797800886545
HRAO,-25.89,27.687,1414.3,2015,6,27,178,2015-06-27,0.0163415899976178,16.341589997617803,0.0151016734790667,15.1016734790667,0.0164333333333333,16.4333333333333,16.4333333333333,16.4333333333333,16.4333333333333,16.341589997617803,16.341589997617803,16.341589997617803,15.1016734790667,15.1016734790667,15.1016734790667
HRAO,-25.89,27.687,1414.3,2015,6,28,179,2015-06-28,0.011784286657775,11.784286657775,0.0114505732742368,11.4505732742368,0.0115291666666666,11.529166666666601,11.529166666666601,11.529166666666601,11.529166666666601,11.784286657775,11.784286657775,11.784286657775,11.4505732742368,11.4505732742368,11.4505732742368
HRAO,-25.89,27.687,1414.3,2015,6,29,180,2015-06-29,0.0077389061666067,7.7389061666067,0.0067249458173225,6.7249458173225,0.0082875,8.2875,8.2875,8.2875,8.2875,7.7389061666067,7.7389061666067,7.7389061666067,6.7249458173225,6.7249458173225,6.7249458173225
HRAO,-25.89,27.687,1414.3,2015,6,30,181,2015-06-30,0.008129247230857,8.129247230856999,0.0057873266961339,5.7873266961339,0.0067791666666666,6.7791666666666,6.7791666666666,6.7791666666666,6.7791666666666,8.129247230856999,8.129247230856999,8.129247230856999,5.7873266961339,5.7873266961339,5.7873266961339
HRAO,-25.89,27.687,1414.3,2015,7,1,182,2015-07-01,0.010683187387536,10.683187387536,0.0108226168176959,10.8226168176959,0.0110875,11.0875,11.0875,11.0875,11.0875,10.683187387536,10.683187387536,10.683187387536,10.8226168176959,10.8226168176959,10.8226168176959
HRAO,-25.89,27.687,1414.3,2015,7,2,183,2015-07-02,0.0109028373883583,10.9028373883583,0.0098585122303996,9.858512230399601,0.0105541666666666,10.554166666666601,10.554166666666601,10.554166666666601,10.554166666666601,10.9028373883583,10.9028373883583,10.9028373883583,9.858512230399601,9.858512230399601,9.858512230399601
HRAO,-25.89,27.687,1414.3,2015,7,3,184,2015-07-03,0.0104614680079307,10.4614680079307,0.0094858925316454,9.485892531645401,0.0099666666666666,9.9666666666666,9.9666666666666,9.9666666666666,9.9666666666666,10.4614680079307,10.4614680079307,10.4614680079307,9.485892531645401,9.485892531645401,9.485892531645401
HRAO,-25.89,27.687,1414.3,2015,7,4,185,2015-07-04,0.0088282115431379,8.8282115431379,0.007666073559872,7.666073559872,0.00825,8.25,8.25,8.25,8.25,8.8282115431379,8.8282115431379,8.8282115431379,7.666073559872,7.666073559872,7.666073559872
HRAO,-25.89,27.687,1414.3,2015,7,5,186,2015-07-05,0.0081294951562884,8.1294951562884,0.0068903732089452,6.890373208945199,0.0072541666666666,7.2541666666666,7.2541666666666,7.2541666666666,7.2541666666666,8.1294951562884,8.1294951562884,8.1294951562884,6.890373208945199,6.890373208945199,6.890373208945199
HRAO,-25.89,27.687,1414.3,2015,7,6,187,2015-07-06,0.0085187689638416,8.5187689638416,0.0067469301738594,6.7469301738594,0.0074625,7.4625,7.4625,7.4625,7.4625,8.5187689638416,8.5187689638416,8.5187689638416,6.7469301738594,6.7469301738594,6.7469301738594
HRAO,-25.89,27.687,1414.3,2015,7,7,188,2015-07-07,0.0110211750885164,11.0211750885164,0.0104128423420646,10.412842342064598,0.010975,10.975,10.975,10.975,10.975,11.0211750885164,11.0211750885164,11.0211750885164,10.412842342064598,10.412842342064598,10.412842342064598
HRAO,-25.89,27.687,1414.3,2015,7,8,189,2015-07-08,0.0095039551623077,9.5039551623077,0.0081726176566321,8.172617656632099,0.0090916666666666,9.091666666666601,9.091666666666601,9.091666666666601,9.091666666666601,9.5039551623077,9.5039551623077,9.5039551623077,8.172617656632099,8.172617656632099,8.172617656632099
HRAO,-25.89,27.687,1414.3,2015,7,9,190,2015-07-09,0.0095393509074992,9.5393509074992,0.0085320843558816,8.5320843558816,0.0087208333333333,8.7208333333333,8.7208333333333,8.7208333333333,8.7208333333333,9.5393509074992,9.5393509074992,9.5393509074992,8.5320843558816,8.5320843558816,8.5320843558816
HRAO,-25.89,27.687,1414.3,2015,7,10,191,2015-07-10,0.0105851550038904,10.585155003890401,0.0100077242170125,10.0077242170125,0.0100458333333333,10.0458333333333,10.0458333333333,10.0458333333333,10.0458333333333,10.585155003890401,10.585155003890401,10.585155003890401,10.0077242170125,10.0077242170125,10.0077242170125
HRAO,-25.89,27.687,1414.3,2015,7,11,192,2015-07-11,0.0108696179893848,10.8696179893848,0.0098935515208934,9.8935515208934,0.0104041666666666,10.4041666666666,10.4041666666666,10.4041666666666,10.4041666666666,10.8696179893848,10.8696179893848,10.8696179893848,9.8935515208934,9.8935515208934,9.8935515208934
HRAO,-25.89,27.687,1414.3,2015,7,12,193,2015-07-12,0.0102791186682078,10.2791186682078,0.0088865976132501,8.8865976132501,0.0096041666666666,9.604166666666599,9.604166666666599,9.604166666666599,9.604166666666599,10.2791186682078,10.2791186682078,10.2791186682078,8.8865976132501,8.8865976132501,8.8865976132501
HRAO,-25.89,27.687,1414.3,2015,7,13,194,2015-07-13,0.0110139891677971,11.0139891677971,0.0116327148118189,11.632714811818898,0.0121458333333333,12.1458333333333,12.1458333333333,12.1458333333333,12.1458333333333,11.0139891677971,11.0139891677971,11.0139891677971,11.632714811818898,11.632714811818898,11.632714811818898
HRAO,-25.89,27.687,1414.3,2015,7,14,195,2015-07-14,0.0127974977011049,12.7974977011049,0.0126286196426692,12.6286196426692,0.0125375,12.5375,12.5375,12.5375,12.5375,12.7974977011049,12.7974977011049,12.7974977011049,12.6286196426692,12.6286196426692,12.6286196426692
HRAO,-25.89,27.687,1414.3,2015,7,15,196,2015-07-15,0.0127404853884102,12.7404853884102,0.0130179748728115,13.0179748728115,0.0124833333333333,12.483333333333299,12.483333333333299,12.483333333333299,12.483333333333299,12.7404853884102,12.7404853884102,12.7404853884102,13.0179748728115,13.0179748728115,13.0179748728115
HRAO,-25.89,27.687,1414.3,2015,7,16,197,2015-07-16,0.0124676533029322,12.4676533029322,0.0131737331632098,13.1737331632098,0.012225,12.225,12.225,12.225,12.225,12.4676533029322,12.4676533029322,12.4676533029322,13.1737331632098,13.1737331632098,13.1737331632098
HRAO,-25.89,27.687,1414.3,2015,7,17,198,2015-07-17,0.0060646868111915,6.0646868111915,0.0047986028923258,4.7986028923258,0.0037666666666666,3.7666666666666,8.358333333333299,3.7666666666666,3.7666666666666,6.0646868111915,6.0646868111915,6.0646868111915,4.7986028923258,4.7986028923258,4.7986028923258
HRAO,-25.89,27.687,1414.3,2015,7,18,199,2015-07-18,0.0058830218159397,5.8830218159397,0.0049044598344493,4.9044598344493,0.0047666666666666,4.7666666666666,8.358333333333299,4.7666666666666,4.7666666666666,5.8830218159397,5.8830218159397,5.8830218159397,4.9044598344493,4.9044598344493,4.9044598344493
HRAO,-25.89,27.687,1414.3,2015,7,19,200,2015-07-19,0.0057600318216583,5.7600318216583,0.0047118192109059,4.7118192109059,0.0048166666666666,4.8166666666666,8.358333333333299,4.8166666666666,4.8166666666666,5.7600318216583,5.7600318216583,5.7600318216583,4.7118192109059,4.7118192109059,4.7118192109059
HRAO,-25.89,27.687,1414.3,2015,7,20,201,2015-07-20,0.008492092545293,8.492092545293,0.0075646053287154,7.5646053287154,0.0083583333333333,8.358333333333299,8.358333333333299,8.358333333333299,8.358333333333299,8.492092545293,8.492092545293,8.492092545293,7.5646053287154,7.5646053287154,7.5646053287154
HRAO,-25.89,27.687,1414.3,2015,7,21,202,2015-07-21,0.0109476129060415,10.947612906041499,0.0091897186185631,9.1897186185631,0.0093291666666666,9.3291666666666,9.3291666666666,9.3291666666666,9.3291666666666,10.947612906041499,10.947612906041499,10.947612906041499,9.1897186185631,9.1897186185631,9.1897186185631
HRAO,-25.89,27.687,1414.3,2015,7,22,203,2015-07-22,0.0108795624431999,10.8795624431999,0.0100311203820959,10.0311203820959,0.0098083333333333,9.8083333333333,9.8083333333333,9.8083333333333,9.8083333333333,10.8795624431999,10.8795624431999,10.8795624431999,10.0311203820959,10.0311203820959,10.0311203820959
HRAO,-25.89,27.687,1414.3,2015,7,23,204,2015-07-23,0.0175760119802555,17.5760119802555,0.0160759575681593,16.0759575681593,0.0172083333333333,17.2083333333333,9.3291666666666,17.2083333333333,17.2083333333333,10.8795624431999,17.5760119802555,17.5760119802555,9.1897186185631,16.0759575681593,16.0759575681593
HRAO,-25.89,27.687,1414.3,2015,7,24,205,2015-07-24,0.0191307171128597,19.1307171128597,0.0179104130150328,17.910413015032802,0.0174916666666666,17.4916666666666,9.3291666666666,17.4916666666666,17.4916666666666,10.8795624431999,19.1307171128597,19.1307171128597,17.910413015032802,17.910413015032802,17.910413015032802
HRAO,-25.89,27.687,1414.3,2015,7,25,206,2015-07-25,0.0095931526783163,9.593152678316299,0.0090107162187842,9.0107162187842,0.0076374999999999,7.6374999999999,7.6374999999999,7.6374999999999,7.6374999999999,9.593152678316299,9.593152678316299,9.593152678316299,9.0107162187842,9.0107162187842,9.0107162187842
HRAO,-25.89,27.687,1414.3,2015,7,26,207,2015-07-26,0.0059822679726338,5.9822679726338,0.004995458521497,4.9954585214969995,0.0053625,5.3625,5.3625,5.3625,5.3625,5.9822679726338,5.9822679726338,5.9822679726338,4.9954585214969995,4.9954585214969995,4.9954585214969995
HRAO,-25.89,27.687,1414.3,2015,7,27,208,2015-07-27,0.0056499882864642,5.6499882864642,0.0043468342147329,4.3468342147329,0.0048875,4.8875,4.8875,4.8875,4.8875,5.6499882864642,5.6499882864642,5.6499882864642,4.3468342147329,4.3468342147329,4.3468342147329
HRAO,-25.89,27.687,1414.3,2015,7,28,209,2015-07-28,0.0056574126904411,5.6574126904411,0.0044397302367497,4.4397302367497,0.005,5.0,5.0,5.0,5.0,5.6574126904411,5.6574126904411,5.6574126904411,4.4397302367497,4.4397302367497,4.4397302367497
HRAO,-25.89,27.687,1414.3,2015,7,29,210,2015-07-29,0.0102572222130531,10.2572222130531,0.0095938606061247,9.5938606061247,0.0101666666666666,10.1666666666666,5.0,10.1666666666666,10.1666666666666,10.2572222130531,10.2572222130531,10.2572222130531,9.5938606061247,9.5938606061247,9.5938606061247
HRAO,-25.89,27.687,1414.3,2015,7,30,211,2015-07-30,0.0071422022511289,7.1422022511289,0.006314571477106,6.314571477106,0.0053208333333333,5.3208333333333,5.3208333333333,5.3208333333333,5.3208333333333,7.1422022511289,7.1422022511289,7.1422022511289,6.314571477106,6.314571477106,6.314571477106
HRAO,-25.89,27.687,1414.3,2015,8,1,213,2015-08-01,0.0032706258420828,3.2706258420828,0.0024645741064537,2.4645741064537003,0.0023875,2.3874999999999997,2.3874999999999997,2.3874999999999997,2.3874999999999997,3.2706258420828,3.2706258420828,3.2706258420828,2.4645741064537003,2.4645741064537003,2.4645741064537003
HRAO,-25.89,27.687,1414.3,2015,8,2,214,2015-08-02,0.0039227822908645,3.9227822908645,0.0036812531642994,3.6812531642993997,0.0034625,3.4625,3.4625,3.4625,3.4625,3.9227822908645,3.9227822908645,3.9227822908645,3.6812531642993997,3.6812531642993997,3.6812531642993997
HRAO,-25.89,27.687,1414.3,2015,8,4,216,2015-08-04,0.0049993895518401,4.9993895518401,0.0043018688735908,4.3018688735907995,0.0043416666666666,4.341666666666599,4.341666666666599,4.341666666666599,4.341666666666599,4.9993895518401,4.9993895518401,4.9993895518401,4.3018688735907995,4.3018688735907995,4.3018688735907995
HRAO,-25.89,27.687,1414.3,2015,8,5,217,2015-08-05,0.0043143253276197,4.3143253276197004,0.0035910199695583,3.5910199695583,0.0033624999999999,3.3624999999999,3.3624999999999,3.3624999999999,3.3624999999999,4.3143253276197004,4.3143253276197004,4.3143253276197004,3.5910199695583,3.5910199695583,3.5910199695583
HRAO,-25.89,27.687,1414.3,2015,8,6,218,2015-08-06,0.0051776402704494,5.1776402704494,0.0046806089318283,4.680608931828299,0.0046041666666666,4.6041666666666,4.6041666666666,4.6041666666666,4.6041666666666,5.1776402704494,5.1776402704494,5.1776402704494,4.680608931828299,4.680608931828299,4.680608931828299
HRAO,-25.89,27.687,1414.3,2015,8,7,219,2015-08-07,0.0062043749363534,6.2043749363534,0.0055656386821467,5.5656386821467,0.0053458333333333,5.3458333333332995,5.3458333333332995,5.3458333333332995,5.3458333333332995,4.9993895518401,6.2043749363534,6.2043749363534,5.5656386821467,5.5656386821467,5.5656386821467
HRAO,-25.89,27.687,1414.3,2015,8,8,220,2015-08-08,0.0049704177753996,4.9704177753996,0.0043646715817042,4.3646715817042,0.0042125,4.2125,4.2125,4.2125,4.2125,4.9704177753996,4.9704177753996,4.9704177753996,4.3646715817042,4.3646715817042,4.3646715817042
HRAO,-25.89,27.687,1414.3,2015,8,9,221,2015-08-09,0.0049572060675349,4.9572060675349,0.0046067442472245,4.6067442472244995,0.0042833333333333,4.2833333333332995,4.2833333333332995,4.2833333333332995,4.2833333333332995,4.9572060675349,4.9572060675349,4.9572060675349,4.6067442472244995,4.6067442472244995,4.6067442472244995
HRAO,-25.89,27.687,1414.3,2015,8,10,222,2015-08-10,0.0074797797293868,7.4797797293868,0.00541664661669,5.4166466166900005,0.0058,5.8,5.8,5.8,5.8,7.4797797293868,7.4797797293868,7.4797797293868,5.4166466166900005,5.4166466166900005,5.4166466166900005
HRAO,-25.89,27.687,1414.3,2015,8,11,223,2015-08-11,0.0106724179660888,10.6724179660888,0.0104668866953322,10.4668866953322,0.0105,10.5,10.5,10.5,10.5,10.6724179660888,10.6724179660888,10.6724179660888,5.4166466166900005,10.4668866953322,10.4668866953322
HRAO,-25.89,27.687,1414.3,2015,8,12,224,2015-08-12,0.0100948593496159,10.0948593496159,0.0097299757817379,9.7299757817379,0.0096,9.6,9.6,9.6,9.6,10.0948593496159,10.0948593496159,10.0948593496159,9.7299757817379,9.7299757817379,9.7299757817379
HRAO,-25.89,27.687,1414.3,2015,8,13,225,2015-08-13,0.0075270366168829,7.5270366168829,0.007816238767982,7.816238767982001,0.0072416666666666,7.2416666666666005,7.2416666666666005,7.2416666666666005,7.2416666666666005,7.5270366168829,7.5270366168829,7.5270366168829,7.816238767982001,7.816238767982001,7.816238767982001
HRAO,-25.89,27.687,1414.3,2015,8,14,226,2015-08-14,0.006056441375256,6.056441375256,0.0043755731856913,4.3755731856913,0.0047541666666666,4.7541666666666,4.7541666666666,4.7541666666666,4.7541666666666,6.056441375256,6.056441375256,6.056441375256,4.3755731856913,4.3755731856913,4.3755731856913
HRAO,-25.89,27.687,1414.3,2015,8,15,227,2015-08-15,0.0095669168944488,9.5669168944488,0.0088110524620078,8.8110524620078,0.0095666666666666,9.5666666666666,9.5666666666666,9.5666666666666,9.5666666666666,9.5669168944488,9.5669168944488,9.5669168944488,8.8110524620078,8.8110524620078,8.8110524620078
HRAO,-25.89,27.687,1414.3,2015,8,16,228,2015-08-16,0.0078738158182221,7.8738158182221,0.0075549696706018,7.5549696706018,0.0077791666666666,7.7791666666666,7.7791666666666,7.7791666666666,7.7791666666666,7.8738158182221,7.8738158182221,7.8738158182221,7.5549696706018,7.5549696706018,7.5549696706018
HRAO,-25.89,27.687,1414.3,2015,8,17,229,2015-08-17,0.007820525999564,7.8205259995639995,0.0073169718601151,7.3169718601151,0.0074875,7.4875,7.4875,7.4875,7.4875,7.8205259995639995,7.8205259995639995,7.8205259995639995,7.3169718601151,7.3169718601151,7.3169718601151
HRAO,-25.89,27.687,1414.3,2015,8,18,230,2015-08-18,0.0084223188155738,8.4223188155738,0.0075928896143596,7.5928896143596,0.0079041666666666,7.904166666666599,7.904166666666599,7.904166666666599,7.904166666666599,8.4223188155738,8.4223188155738,8.4223188155738,7.5928896143596,7.5928896143596,7.5928896143596
HRAO,-25.89,27.687,1414.3,2015,8,19,231,2015-08-19,0.0105992004010693,10.5992004010693,0.0090188494897465,9.018849489746499,0.0094666666666666,9.466666666666601,9.466666666666601,9.466666666666601,9.466666666666601,10.5992004010693,10.5992004010693,10.5992004010693,9.018849489746499,9.018849489746499,9.018849489746499
HRAO,-25.89,27.687,1414.3,2015,8,20,232,2015-08-20,0.0149887806702564,14.9887806702564,0.0148001152642012,14.8001152642012,0.0155,15.5,15.5,15.5,15.5,14.9887806702564,14.9887806702564,14.9887806702564,14.8001152642012,14.8001152642012,14.8001152642012
HRAO,-25.89,27.687,1414.3,2015,8,21,233,2015-08-21,0.0167624356685789,16.7624356685789,0.0156866497310679,15.6866497310679,0.0170291666666666,17.029166666666598,17.029166666666598,17.029166666666598,17.029166666666598,16.7624356685789,16.7624356685789,16.7624356685789,15.6866497310679,15.6866497310679,15.6866497310679
HRAO,-25.89,27.687,1414.3,2015,8,22,234,2015-08-22,0.0181239697869195,18.1239697869195,0.0169095628106898,16.9095628106898,0.0175666666666666,17.5666666666666,17.5666666666666,17.5666666666666,17.5666666666666,18.1239697869195,18.1239697869195,18.1239697869195,16.9095628106898,16.9095628106898,16.9095628106898
HRAO,-25.89,27.687,1414.3,2015,8,23,235,2015-08-23,0.0142856743474333,14.2856743474333,0.013538941282425,13.538941282425,0.013,13.0,13.0,13.0,13.0,14.2856743474333,14.2856743474333,14.2856743474333,13.538941282425,13.538941282425,13.538941282425
HRAO,-25.89,27.687,1414.3,2015,8,24,236,2015-08-24,0.0119896675940457,11.9896675940457,0.0123311285311411,12.3311285311411,0.0113666666666666,11.3666666666666,11.3666666666666,11.3666666666666,11.3666666666666,11.9896675940457,11.9896675940457,11.9896675940457,12.3311285311411,12.3311285311411,12.3311285311411
HRAO,-25.89,27.687,1414.3,2015,8,25,237,2015-08-25,0.0119095687912423,11.9095687912423,0.0125846896485573,12.5846896485573,0.012225,12.225,12.225,12.225,12.225,11.9095687912423,11.9095687912423,11.9095687912423,12.5846896485573,12.5846896485573,12.5846896485573
HRAO,-25.89,27.687,1414.3,2015,8,26,238,2015-08-26,0.0144836750885006,14.4836750885006,0.0131170321957461,13.1170321957461,0.0143666666666666,14.366666666666601,14.366666666666601,14.366666666666601,14.366666666666601,14.4836750885006,14.4836750885006,14.4836750885006,13.1170321957461,13.1170321957461,13.1170321957461
HRAO,-25.89,27.687,1414.3,2015,8,27,239,2015-08-27,0.0158996135680114,15.899613568011398,0.0157582070741886,15.758207074188599,0.0161833333333333,16.183333333333298,16.183333333333298,16.183333333333298,16.183333333333298,15.899613568011398,15.899613568011398,15.899613568011398,15.758207074188599,15.758207074188599,15.758207074188599
HRAO,-25.89,27.687,1414.3,2015,8,28,240,2015-08-28,0.0144953559572506,14.495355957250599,0.0140080189771249,14.0080189771249,0.0142125,14.212499999999999,14.212499999999999,14.212499999999999,14.212499999999999,14.495355957250599,14.495355957250599,14.495355957250599,14.0080189771249,14.0080189771249,14.0080189771249
HRAO,-25.89,27.687,1414.3,2015,8,29,241,2015-08-29,0.0160202543067264,16.0202543067264,0.0158962321897309,15.8962321897309,0.0163791666666666,16.379166666666602,16.379166666666602,16.379166666666602,16.379166666666602,16.0202543067264,16.0202543067264,16.0202543067264,15.8962321897309,15.8962321897309,15.8962321897309
HRAO,-25.89,27.687,1414.3,2015,8,30,242,2015-08-30,0.0160447924921183,16.0447924921183,0.0160011569976385,16.0011569976385,0.0167541666666666,16.754166666666602,16.754166666666602,16.754166666666602,16.754166666666602,16.0447924921183,16.0447924921183,16.0447924921183,16.0011569976385,16.0011569976385,16.0011569976385
HRAO,-25.89,27.687,1414.3,2015,9,1,244,2015-09-01,0.0120790825340357,12.0790825340357,0.014437229801779,14.437229801779,0.0129125,12.9125,12.9125,12.9125,12.9125,12.0790825340357,12.0790825340357,12.0790825340357,14.437229801779,14.437229801779,14.437229801779
HRAO,-25.89,27.687,1414.3,2015,9,2,245,2015-09-02,0.0048421318526469,4.8421318526469,0.0041919509419001,4.1919509419001,0.0040791666666666,4.0791666666666,4.0791666666666,4.0791666666666,4.0791666666666,4.8421318526469,4.8421318526469,4.8421318526469,15.8962321897309,4.1919509419001,4.1919509419001
HRAO,-25.89,27.687,1414.3,2015,9,3,246,2015-09-03,0.0121343434365343,12.134343436534301,0.0093892904398331,9.3892904398331,0.0106541666666666,10.6541666666666,10.6541666666666,10.6541666666666,10.6541666666666,12.134343436534301,12.134343436534301,12.134343436534301,9.3892904398331,9.3892904398331,9.3892904398331
HRAO,-25.89,27.687,1414.3,2015,9,4,247,2015-09-04,0.019441354344011,19.441354344011,0.0164633035449097,16.4633035449097,0.0163458333333333,16.3458333333333,16.3458333333333,16.3458333333333,16.3458333333333,19.441354344011,19.441354344011,19.441354344011,16.4633035449097,16.4633035449097,16.4633035449097
HRAO,-25.89,27.687,1414.3,2015,9,5,248,2015-09-05,0.0206784156345862,20.6784156345862,0.0195783957142021,19.5783957142021,0.0190875,19.0875,19.0875,19.0875,19.0875,20.6784156345862,20.6784156345862,20.6784156345862,19.5783957142021,19.5783957142021,19.5783957142021
HRAO,-25.89,27.687,1414.3,2015,9,6,249,2015-09-06,0.0152864760161535,15.2864760161535,0.0154681082815015,15.4681082815015,0.0149208333333333,14.9208333333333,14.9208333333333,14.9208333333333,14.9208333333333,15.2864760161535,15.2864760161535,15.2864760161535,15.4681082815015,15.4681082815015,15.4681082815015
HRAO,-25.89,27.687,1414.3,2015,9,7,250,2015-09-07,0.0139150449661606,13.9150449661606,0.0104214985915503,10.4214985915503,0.0118666666666666,11.8666666666666,11.8666666666666,11.8666666666666,11.8666666666666,13.9150449661606,13.9150449661606,13.9150449661606,10.4214985915503,10.4214985915503,10.4214985915503
HRAO,-25.89,27.687,1414.3,2015,9,8,251,2015-09-08,0.017561710421496,17.561710421496,0.0163658934524838,16.3658934524838,0.0168291666666666,16.829166666666598,16.829166666666598,16.829166666666598,16.829166666666598,17.561710421496,17.561710421496,17.561710421496,16.3658934524838,16.3658934524838,16.3658934524838
HRAO,-25.89,27.687,1414.3,2015,9,9,252,2015-09-09,0.0167547704209233,16.754770420923297,0.0149795403094712,14.9795403094712,0.0155541666666666,15.5541666666666,15.5541666666666,15.5541666666666,15.5541666666666,16.754770420923297,16.754770420923297,16.754770420923297,14.9795403094712,14.9795403094712,14.9795403094712
HRAO,-25.89,27.687,1414.3,2015,9,10,253,2015-09-10,0.0142136191011341,14.2136191011341,0.01274569261868,12.745692618680001,0.0128708333333333,12.8708333333333,12.8708333333333,12.8708333333333,12.8708333333333,14.2136191011341,14.2136191011341,14.2136191011341,12.745692618680001,12.745692618680001,12.745692618680001
HRAO,-25.89,27.687,1414.3,2015,9,11,254,2015-09-11,0.0160805759581329,16.0805759581329,0.0145937563853065,14.5937563853065,0.0160958333333333,16.0958333333333,16.0958333333333,16.0958333333333,16.0958333333333,16.0805759581329,16.0805759581329,16.0805759581329,14.5937563853065,14.5937563853065,14.5937563853065
HRAO,-25.89,27.687,1414.3,2015,9,12,255,2015-09-12,0.0222604598790588,22.2604598790588,0.0232770996764852,23.2770996764852,0.0233958333333333,23.3958333333333,15.5541666666666,23.3958333333333,23.3958333333333,16.0805759581329,22.2604598790588,22.2604598790588,14.5937563853065,23.2770996764852,23.2770996764852
HRAO,-25.89,27.687,1414.3,2015,9,13,256,2015-09-13,0.0213997970496875,21.3997970496875,0.0233821748770231,23.382174877023097,0.0230416666666666,23.0416666666666,14.175,23.0416666666666,23.0416666666666,14.2136191011341,21.3997970496875,21.3997970496875,14.5937563853065,23.382174877023097,23.382174877023097
HRAO,-25.89,27.687,1414.3,2015,9,14,257,2015-09-14,0.0141807829256423,14.1807829256423,0.013927421784,13.927421784,0.0139333333333333,13.9333333333333,13.9333333333333,13.9333333333333,13.9333333333333,14.1807829256423,14.1807829256423,14.1807829256423,13.927421784,13.927421784,13.927421784
HRAO,-25.89,27.687,1414.3,2015,9,15,258,2015-09-15,0.0125696824657692,12.5696824657692,0.0125436036775153,12.5436036775153,0.0122583333333333,12.258333333333299,12.258333333333299,12.258333333333299,12.258333333333299,12.5696824657692,12.5696824657692,12.5696824657692,12.5436036775153,12.5436036775153,12.5436036775153
HRAO,-25.89,27.687,1414.3,2015,9,16,259,2015-09-16,0.0139252696768385,13.9252696768385,0.0149451849564609,14.945184956460901,0.014175,14.175,14.175,14.175,14.175,13.9252696768385,13.9252696768385,13.9252696768385,14.945184956460901,14.945184956460901,14.945184956460901
HRAO,-25.89,27.687,1414.3,2015,9,17,260,2015-09-17,0.0111306692819864,11.1306692819864,0.009915249967574,9.915249967573999,0.0096666666666666,9.6666666666666,9.6666666666666,9.6666666666666,9.6666666666666,11.1306692819864,11.1306692819864,11.1306692819864,9.915249967573999,9.915249967573999,9.915249967573999
HRAO,-25.89,27.687,1414.3,2015,9,18,261,2015-09-18,0.0123553317729086,12.3553317729086,0.0081098066589428,8.1098066589428,0.0093041666666666,9.3041666666666,9.3041666666666,9.3041666666666,9.3041666666666,12.3553317729086,12.3553317729086,12.3553317729086,8.1098066589428,8.1098066589428,8.1098066589428
HRAO,-25.89,27.687,1414.3,2015,9,19,262,2015-09-19,0.0194383229610504,19.4383229610504,0.0159443035110337,15.944303511033702,0.0180125,18.0125,18.0125,18.0125,18.0125,19.4383229610504,19.4383229610504,19.4383229610504,15.944303511033702,15.944303511033702,15.944303511033702
HRAO,-25.89,27.687,1414.3,2015,9,20,263,2015-09-20,0.0233024683400646,23.3024683400646,0.023764667111372,23.764667111372002,0.024475,24.475,24.475,24.475,24.475,23.3024683400646,23.3024683400646,23.3024683400646,23.764667111372002,23.764667111372002,23.764667111372002
HRAO,-25.89,27.687,1414.3,2015,9,21,264,2015-09-21,0.0214002299547514,21.4002299547514,0.023016148050962,23.016148050962,0.0227416666666666,22.7416666666666,22.7416666666666,22.7416666666666,22.7416666666666,21.4002299547514,21.4002299547514,21.4002299547514,23.016148050962,23.016148050962,23.016148050962
HRAO,-25.89,27.687,1414.3,2015,9,22,265,2015-09-22,0.0213500335039464,21.3500335039464,0.0200745695297364,20.0745695297364,0.0201125,20.112499999999997,20.112499999999997,20.112499999999997,20.112499999999997,19.689378478862498,21.3500335039464,21.3500335039464,20.0745695297364,20.0745695297364,20.0745695297364
HRAO,-25.89,27.687,1414.3,2015,9,23,266,2015-09-23,0.0196893784788625,19.689378478862498,0.0156236089730845,15.623608973084501,0.0170625,17.0625,17.0625,17.0625,17.0625,19.689378478862498,19.689378478862498,19.689378478862498,15.623608973084501,15.623608973084501,15.623608973084501
HRAO,-25.89,27.687,1414.3,2015,9,24,267,2015-09-24,0.0190549646627324,19.054964662732402,0.0161142878357053,16.1142878357053,0.0160958333333333,16.0958333333333,16.0958333333333,16.0958333333333,16.0958333333333,19.054964662732402,19.054964662732402,19.054964662732402,16.1142878357053,16.1142878357053,16.1142878357053
HRAO,-25.89,27.687,1414.3,2015,9,25,268,2015-09-25,0.0192524002043456,19.252400204345598,0.0168977770755467,16.8977770755467,0.0176833333333333,17.6833333333333,17.6833333333333,17.6833333333333,17.6833333333333,19.252400204345598,19.252400204345598,19.252400204345598,16.8977770755467,16.8977770755467,16.8977770755467
HRAO,-25.89,27.687,1414.3,2015,9,26,269,2015-09-26,0.0155185355483458,15.518535548345799,0.0141035882958664,14.1035882958664,0.0138833333333333,13.883333333333299,13.883333333333299,13.883333333333299,13.883333333333299,15.518535548345799,15.518535548345799,15.518535548345799,14.1035882958664,14.1035882958664,14.1035882958664
HRAO,-25.89,27.687,1414.3,2015,9,27,270,2015-09-27,0.0124811697172981,12.4811697172981,0.0115625051297298,11.5625051297298,0.0126666666666666,12.6666666666666,12.6666666666666,12.6666666666666,12.6666666666666,12.4811697172981,12.4811697172981,12.4811697172981,11.5625051297298,11.5625051297298,11.5625051297298
HRAO,-25.89,27.687,1414.3,2015,9,28,271,2015-09-28,0.0138251066080758,13.8251066080758,0.0131534172137856,13.1534172137856,0.0137375,13.737499999999999,13.737499999999999,13.737499999999999,13.737499999999999,13.8251066080758,13.8251066080758,13.8251066080758,13.1534172137856,13.1534172137856,13.1534172137856
HRAO,-25.89,27.687,1414.3,2015,9,29,272,2015-09-29,0.0161694723545074,16.1694723545074,0.0119699260093307,11.9699260093307,0.0126583333333333,12.6583333333333,12.6583333333333,12.6583333333333,12.6583333333333,16.1694723545074,16.1694723545074,16.1694723545074,11.9699260093307,11.9699260093307,11.9699260093307
HRAO,-25.89,27.687,1414.3,2015,9,30,273,2015-09-30,0.0179139087576268,17.9139087576268,0.0133669335559923,13.3669335559923,0.0138166666666666,13.8166666666666,13.8166666666666,13.8166666666666,13.8166666666666,17.9139087576268,17.9139087576268,17.9139087576268,13.3669335559923,13.3669335559923,13.3669335559923
HRAO,-25.89,27.687,1414.3,2015,10,1,274,2015-10-01,0.0119512016368788,11.9512016368788,0.0105361832606003,10.5361832606003,0.0091458333333333,9.145833333333298,9.145833333333298,9.145833333333298,9.145833333333298,11.9512016368788,11.9512016368788,11.9512016368788,10.5361832606003,10.5361832606003,10.5361832606003
HRAO,-25.89,27.687,1414.3,2015,10,2,275,2015-10-02,0.0080961298935321,8.0961298935321,0.0056695161059048,5.6695161059048,0.0055958333333333,5.5958333333332995,12.9,5.5958333333332995,5.5958333333332995,8.0961298935321,8.0961298935321,8.0961298935321,5.6695161059048,5.6695161059048,5.6695161059048
HRAO,-25.89,27.687,1414.3,2015,10,3,276,2015-10-03,0.0132835121383692,13.2835121383692,0.0117704342179072,11.770434217907201,0.0129,12.9,12.9,12.9,12.9,13.2835121383692,13.2835121383692,13.2835121383692,11.770434217907201,11.770434217907201,11.770434217907201
HRAO,-25.89,27.687,1414.3,2015,10,4,277,2015-10-04,0.0155150497749008,15.515049774900799,0.0148237465812864,14.8237465812864,0.0156708333333333,15.6708333333333,15.6708333333333,15.6708333333333,15.6708333333333,15.515049774900799,15.515049774900799,15.515049774900799,14.8237465812864,14.8237465812864,14.8237465812864
HRAO,-25.89,27.687,1414.3,2015,10,5,278,2015-10-05,0.0165348035237572,16.5348035237572,0.014741398557225,14.741398557225,0.0160708333333333,16.0708333333333,16.0708333333333,16.0708333333333,16.0708333333333,16.5348035237572,16.5348035237572,16.5348035237572,14.741398557225,14.741398557225,14.741398557225
HRAO,-25.89,27.687,1414.3,2015,10,6,279,2015-10-06,0.0161323750094523,16.1323750094523,0.0144163093622533,14.416309362253301,0.0152291666666666,15.229166666666599,15.229166666666599,15.229166666666599,15.229166666666599,16.1323750094523,16.1323750094523,16.1323750094523,14.416309362253301,14.416309362253301,14.416309362253301
HRAO,-25.89,27.687,1414.3,2015,10,7,280,2015-10-07,0.0185866224161703,18.5866224161703,0.0160957347320848,16.0957347320848,0.0173708333333333,17.3708333333333,17.3708333333333,17.3708333333333,17.3708333333333,18.5866224161703,18.5866224161703,18.5866224161703,16.0957347320848,16.0957347320848,16.0957347320848
HRAO,-25.89,27.687,1414.3,2015,10,8,281,2015-10-08,0.0186708184913813,18.6708184913813,0.0169602564895948,16.960256489594798,0.0182333333333333,18.2333333333333,18.2333333333333,18.2333333333333,18.2333333333333,18.6708184913813,18.6708184913813,18.6708184913813,16.960256489594798,16.960256489594798,16.960256489594798
HRAO,-25.89,27.687,1414.3,2015,10,9,282,2015-10-09,0.0171065071459644,17.1065071459644,0.01679256843194,16.792568431939998,0.0168416666666666,16.841666666666598,16.841666666666598,16.841666666666598,16.841666666666598,17.1065071459644,17.1065071459644,17.1065071459644,16.792568431939998,16.792568431939998,16.792568431939998
HRAO,-25.89,27.687,1414.3,2015,10,10,283,2015-10-10,0.0170026938391717,17.0026938391717,0.0158908088219956,15.890808821995599,0.0163125,16.3125,16.3125,16.3125,16.3125,17.0026938391717,17.0026938391717,17.0026938391717,15.890808821995599,15.890808821995599,15.890808821995599
HRAO,-25.89,27.687,1414.3,2015,10,11,284,2015-10-11,0.0172595267118321,17.259526711832102,0.01477425983045,14.77425983045,0.016125,16.125,16.125,16.125,16.125,17.259526711832102,17.259526711832102,17.259526711832102,14.77425983045,14.77425983045,14.77425983045
HRAO,-25.89,27.687,1414.3,2015,10,12,285,2015-10-12,0.0161360342853858,16.136034285385797,0.0184177243132319,18.417724313231897,0.0169041666666666,16.904166666666598,16.904166666666598,16.904166666666598,16.904166666666598,16.136034285385797,16.136034285385797,16.136034285385797,18.417724313231897,18.417724313231897,18.417724313231897
HRAO,-25.89,27.687,1414.3,2015,10,13,286,2015-10-13,0.0153586826487224,15.3586826487224,0.0137146147815431,13.7146147815431,0.0137416666666666,13.7416666666666,13.7416666666666,13.7416666666666,13.7416666666666,15.3586826487224,15.3586826487224,15.3586826487224,13.7146147815431,13.7146147815431,13.7146147815431
HRAO,-25.89,27.687,1414.3,2015,10,14,287,2015-10-14,0.0252679793619306,25.2679793619306,0.0228666407058974,22.8666407058974,0.0257249999999999,25.724999999999902,25.724999999999902,25.724999999999902,25.724999999999902,17.259526711832102,25.2679793619306,25.2679793619306,22.8666407058974,22.8666407058974,22.8666407058974
HRAO,-25.89,27.687,1414.3,2015,10,15,288,2015-10-15,0.0186817439841718,18.6817439841718,0.0197188765873982,19.7188765873982,0.0192,19.2,19.2,19.2,19.2,18.6817439841718,18.6817439841718,18.6817439841718,19.7188765873982,19.7188765873982,19.7188765873982
HRAO,-25.89,27.687,1414.3,2015,10,16,289,2015-10-16,0.0150744077684135,15.074407768413499,0.0145847102325157,14.5847102325157,0.014975,14.975,14.975,14.975,14.975,15.074407768413499,15.074407768413499,15.074407768413499,14.5847102325157,14.5847102325157,14.5847102325157
HRAO,-25.89,27.687,1414.3,2015,10,17,290,2015-10-17,0.0179927958112981,17.9927958112981,0.0157637975702861,15.7637975702861,0.0181333333333333,18.1333333333333,18.1333333333333,18.1333333333333,18.1333333333333,17.9927958112981,17.9927958112981,17.9927958112981,15.7637975702861,15.7637975702861,15.7637975702861
HRAO,-25.89,27.687,1414.3,2015,10,18,291,2015-10-18,0.0162985330895068,16.298533089506797,0.0150920062809235,15.0920062809235,0.0164375,16.4375,16.4375,16.4375,16.4375,16.298533089506797,16.298533089506797,16.298533089506797,15.0920062809235,15.0920062809235,15.0920062809235
HRAO,-25.89,27.687,1414.3,2015,10,19,292,2015-10-19,0.0190469922936908,19.0469922936908,0.0177795271204814,17.7795271204814,0.0187458333333333,18.745833333333298,18.745833333333298,18.745833333333298,18.745833333333298,19.0469922936908,19.0469922936908,19.0469922936908,17.7795271204814,17.7795271204814,17.7795271204814
HRAO,-25.89,27.687,1414.3,2015,10,20,293,2015-10-20,0.020533526263871,20.533526263871,0.021120702098795,21.120702098795,0.0215666666666666,21.5666666666666,21.5666666666666,21.5666666666666,21.5666666666666,20.533526263871,20.533526263871,20.533526263871,21.120702098795,21.120702098795,21.120702098795
HRAO,-25.89,27.687,1414.3,2015,10,21,294,2015-10-21,0.0193694026235733,19.3694026235733,0.0188650238773605,18.8650238773605,0.0203083333333333,20.308333333333298,20.308333333333298,20.308333333333298,20.308333333333298,19.3694026235733,19.3694026235733,19.3694026235733,18.8650238773605,18.8650238773605,18.8650238773605
HRAO,-25.89,27.687,1414.3,2015,10,22,295,2015-10-22,0.0201996613782679,20.1996613782679,0.017546434834721,17.546434834721,0.0193791666666666,19.3791666666666,19.3791666666666,19.3791666666666,19.3791666666666,20.1996613782679,20.1996613782679,20.1996613782679,19.13172656341,17.546434834721,17.546434834721
HRAO,-25.89,27.687,1414.3,2015,10,23,296,2015-10-23,0.0218006419082696,21.8006419082696,0.0192582558539776,19.258255853977598,0.020125,20.125,20.125,20.125,20.125,21.8006419082696,21.8006419082696,21.8006419082696,19.258255853977598,19.258255853977598,19.258255853977598
HRAO,-25.89,27.687,1414.3,2015,10,24,297,2015-10-24,0.0228421372816236,22.8421372816236,0.01913172656341,19.13172656341,0.0198208333333333,19.8208333333333,19.8208333333333,19.8208333333333,19.8208333333333,22.8421372816236,22.8421372816236,22.8421372816236,19.13172656341,19.13172656341,19.13172656341
HRAO,-25.89,27.687,1414.3,2015,10,25,298,2015-10-25,0.0255408469222741,25.5408469222741,0.0244132842753602,24.4132842753602,0.0241208333333333,24.120833333333298,20.125,24.120833333333298,24.120833333333298,22.8421372816236,25.5408469222741,25.5408469222741,24.4132842753602,24.4132842753602,24.4132842753602
HRAO,-25.89,27.687,1414.3,2015,10,26,299,2015-10-26,0.0276946083288875,27.6946083288875,0.0255268485689807,25.5268485689807,0.0259958333333333,25.9958333333333,25.9958333333333,25.9958333333333,25.9958333333333,22.8421372816236,27.6946083288875,27.6946083288875,25.5268485689807,25.5268485689807,25.5268485689807
HRAO,-25.89,27.687,1414.3,2015,10,27,300,2015-10-27,0.0234269257829964,23.426925782996403,0.023045966255865,23.045966255865,0.0219833333333333,21.9833333333333,21.9833333333333,21.9833333333333,21.9833333333333,23.426925782996403,23.426925782996403,23.426925782996403,23.045966255865,23.045966255865,23.045966255865
HRAO,-25.89,27.687,1414.3,2015,10,28,301,2015-10-28,0.016270836262651,16.270836262651,0.0144372753273127,14.437275327312701,0.0156291666666666,15.6291666666666,15.6291666666666,15.6291666666666,15.6291666666666,16.270836262651,16.270836262651,16.270836262651,14.437275327312701,14.437275327312701,14.437275327312701
HRAO,-25.89,27.687,1414.3,2015,10,29,302,2015-10-29,0.0124230162828877,12.4230162828877,0.0102279654275087,10.2279654275087,0.0114333333333333,11.4333333333333,11.4333333333333,11.4333333333333,11.4333333333333,15.3743040635739,12.4230162828877,12.4230162828877,10.2279654275087,10.2279654275087,10.2279654275087
HRAO,-25.89,27.687,1414.3,2015,10,30,303,2015-10-30,0.0153335788054905,15.3335788054905,0.0134203013508822,13.4203013508822,0.0140666666666666,14.0666666666666,14.0666666666666,14.0666666666666,14.0666666666666,15.3335788054905,15.3335788054905,15.3335788054905,13.4203013508822,13.4203013508822,13.4203013508822
HRAO,-25.89,27.687,1414.3,2015,11,1,305,2015-11-01,0.0153743040635739,15.3743040635739,0.0133327552458511,13.3327552458511,0.0142625,14.2625,11.4333333333333,14.2625,14.2625,12.4230162828877,15.3743040635739,15.3743040635739,10.2279654275087,13.3327552458511,13.3327552458511
HRAO,-25.89,27.687,1414.3,2015,11,2,306,2015-11-02,0.0093584587710783,9.3584587710783,0.0098392684517126,9.8392684517126,0.0085458333333333,8.545833333333299,8.545833333333299,8.545833333333299,8.545833333333299,9.3584587710783,9.3584587710783,9.3584587710783,9.8392684517126,9.8392684517126,9.8392684517126
HRAO,-25.89,27.687,1414.3,2015,11,3,307,2015-11-03,0.0071614025758262,7.1614025758262,0.0051306692638965,5.1306692638965,0.0052875,5.2875,5.2875,5.2875,5.2875,7.1614025758262,7.1614025758262,7.1614025758262,5.1306692638965,5.1306692638965,5.1306692638965
HRAO,-25.89,27.687,1414.3,2015,11,4,308,2015-11-04,0.0095976886604795,9.597688660479498,0.0084748790400572,8.4748790400572,0.0089291666666666,8.9291666666666,8.9291666666666,8.9291666666666,8.9291666666666,9.597688660479498,9.597688660479498,9.597688660479498,8.4748790400572,8.4748790400572,8.4748790400572
HRAO,-25.89,27.687,1414.3,2015,11,5,309,2015-11-05,0.0067762861764204,6.7762861764204,0.0054424385681226,5.4424385681226,0.0055916666666666,5.5916666666666,5.5916666666666,5.5916666666666,5.5916666666666,6.7762861764204,6.7762861764204,6.7762861764204,5.4424385681226,5.4424385681226,5.4424385681226
HRAO,-25.89,27.687,1414.3,2015,11,6,310,2015-11-06,0.008122573650926,8.122573650926,0.0063398989697137,6.3398989697137,0.0061958333333333,6.1958333333333,6.1958333333333,6.1958333333333,6.1958333333333,8.122573650926,8.122573650926,8.122573650926,6.3398989697137,6.3398989697137,6.3398989697137
HRAO,-25.89,27.687,1414.3,2015,11,7,311,2015-11-07,0.0154017704990804,15.401770499080401,0.0121918145350536,12.1918145350536,0.0138208333333333,13.820833333333299,13.820833333333299,13.820833333333299,13.820833333333299,15.401770499080401,15.401770499080401,15.401770499080401,12.1918145350536,12.1918145350536,12.1918145350536
HRAO,-25.89,27.687,1414.3,2015,11,8,312,2015-11-08,0.0172982887170896,17.2982887170896,0.0150026874036614,15.0026874036614,0.0157625,15.7625,15.7625,15.7625,15.7625,17.2982887170896,17.2982887170896,17.2982887170896,15.0026874036614,15.0026874036614,15.0026874036614
HRAO,-25.89,27.687,1414.3,2015,11,9,313,2015-11-09,0.0150947019750601,15.0947019750601,0.0131592023890408,13.1592023890408,0.0137208333333333,13.7208333333333,13.7208333333333,13.7208333333333,13.7208333333333,15.0947019750601,15.0947019750601,15.0947019750601,13.1592023890408,13.1592023890408,13.1592023890408
HRAO,-25.89,27.687,1414.3,2015,11,10,314,2015-11-10,0.0153985845619544,15.398584561954399,0.0126649339148428,12.6649339148428,0.0132708333333333,13.2708333333333,13.2708333333333,13.2708333333333,13.2708333333333,15.398584561954399,15.398584561954399,15.398584561954399,12.6649339148428,12.6649339148428,12.6649339148428
HRAO,-25.89,27.687,1414.3,2015,11,11,315,2015-11-11,0.0183298197880023,18.3298197880023,0.0150624883817687,15.0624883817687,0.0155375,15.5375,15.5375,15.5375,15.5375,18.3298197880023,18.3298197880023,18.3298197880023,15.0624883817687,15.0624883817687,15.0624883817687
HRAO,-25.89,27.687,1414.3,2015,11,12,316,2015-11-12,0.0212501551819649,21.2501551819649,0.0174253254749114,17.4253254749114,0.0186541666666666,18.6541666666666,18.6541666666666,18.6541666666666,18.6541666666666,21.2501551819649,21.2501551819649,21.2501551819649,17.4253254749114,17.4253254749114,17.4253254749114
HRAO,-25.89,27.687,1414.3,2015,11,13,317,2015-11-13,0.0232992812935238,23.2992812935238,0.0213145593046662,21.314559304666197,0.0219625,21.9625,21.9625,21.9625,21.9625,23.2992812935238,23.2992812935238,23.2992812935238,21.314559304666197,21.314559304666197,21.314559304666197
HRAO,-25.89,27.687,1414.3,2015,11,14,318,2015-11-14,0.0207326475858108,20.7326475858108,0.0205632648991291,20.5632648991291,0.0210666666666666,21.066666666666602,21.066666666666602,21.066666666666602,21.066666666666602,20.7326475858108,20.7326475858108,20.7326475858108,20.5632648991291,20.5632648991291,20.5632648991291
HRAO,-25.89,27.687,1414.3,2015,11,15,319,2015-11-15,0.0107149483264755,10.714948326475499,0.0103098139823304,10.3098139823304,0.0102583333333333,10.258333333333299,10.258333333333299,10.258333333333299,10.258333333333299,10.714948326475499,10.714948326475499,10.714948326475499,10.3098139823304,10.3098139823304,10.3098139823304
HRAO,-25.89,27.687,1414.3,2015,11,16,320,2015-11-16,0.0174225549698391,17.4225549698391,0.0168736781310042,16.8736781310042,0.0184333333333333,18.4333333333333,18.4333333333333,18.4333333333333,18.4333333333333,17.4225549698391,17.4225549698391,17.4225549698391,16.8736781310042,16.8736781310042,16.8736781310042
HRAO,-25.89,27.687,1414.3,2015,11,17,321,2015-11-17,0.0248735028230875,24.8735028230875,0.0226275287718003,22.6275287718003,0.023675,23.675,23.675,23.675,23.675,24.8735028230875,24.8735028230875,24.8735028230875,22.6275287718003,22.6275287718003,22.6275287718003
HRAO,-25.89,27.687,1414.3,2015,11,18,322,2015-11-18,0.023036407735891,23.036407735891,0.023795435459897,23.795435459897,0.0240875,24.087500000000002,24.087500000000002,24.087500000000002,24.087500000000002,23.036407735891,23.036407735891,23.036407735891,23.795435459897,23.795435459897,23.795435459897
HRAO,-25.89,27.687,1414.3,2015,11,19,323,2015-11-19,0.0239680687707545,23.9680687707545,0.0221968993473869,22.1968993473869,0.0245916666666666,24.591666666666598,24.591666666666598,24.591666666666598,24.591666666666598,23.9680687707545,23.9680687707545,23.9680687707545,22.1968993473869,22.1968993473869,22.1968993473869
HRAO,-25.89,27.687,1414.3,2015,11,20,324,2015-11-20,0.025630345760478,25.630345760477997,0.0230215447997907,23.0215447997907,0.0241875,24.1875,24.1875,24.1875,24.1875,25.630345760477997,25.630345760477997,25.630345760477997,23.0215447997907,23.0215447997907,23.0215447997907
HRAO,-25.89,27.687,1414.3,2015,11,21,325,2015-11-21,0.0158032105658996,15.8032105658996,0.0175715106710392,17.5715106710392,0.0155958333333333,15.5958333333333,15.5958333333333,15.5958333333333,15.5958333333333,15.8032105658996,15.8032105658996,15.8032105658996,17.5715106710392,17.5715106710392,17.5715106710392
HRAO,-25.89,27.687,1414.3,2015,11,22,326,2015-11-22,0.0050681113411077,5.0681113411077,0.00464014706486,4.64014706486,0.0046291666666666,4.6291666666666,14.6625,4.6291666666666,4.6291666666666,13.2736547410348,5.0681113411077,5.0681113411077,14.2175560858244,4.64014706486,4.64014706486
HRAO,-25.89,27.687,1414.3,2015,11,23,327,2015-11-23,0.0066816394125114,6.6816394125114,0.0077453072285305,7.7453072285305,0.00885,8.85,8.85,8.85,8.85,6.6816394125114,6.6816394125114,6.6816394125114,7.7453072285305,7.7453072285305,7.7453072285305
HRAO,-25.89,27.687,1414.3,2015,11,24,328,2015-11-24,0.0107469689506635,10.7469689506635,0.0114389168412092,11.438916841209199,0.01295,12.95,12.95,12.95,12.95,10.7469689506635,10.7469689506635,10.7469689506635,11.438916841209199,11.438916841209199,11.438916841209199
HRAO,-25.89,27.687,1414.3,2015,11,25,329,2015-11-25,0.0132736547410348,13.2736547410348,0.0142175560858244,14.2175560858244,0.0146625,14.6625,14.6625,14.6625,14.6625,13.2736547410348,13.2736547410348,13.2736547410348,14.2175560858244,14.2175560858244,14.2175560858244
HRAO,-25.89,27.687,1414.3,2015,11,26,330,2015-11-26,0.0115235086701783,11.5235086701783,0.0118323630796548,11.832363079654801,0.0116291666666666,11.6291666666666,11.6291666666666,11.6291666666666,11.6291666666666,11.5235086701783,11.5235086701783,11.5235086701783,11.832363079654801,11.832363079654801,11.832363079654801
HRAO,-25.89,27.687,1414.3,2015,11,27,331,2015-11-27,0.0153572906327123,15.3572906327123,0.0138724514978032,13.872451497803201,0.0150291666666666,15.029166666666601,15.029166666666601,15.029166666666601,15.029166666666601,15.3572906327123,15.3572906327123,15.3572906327123,13.872451497803201,13.872451497803201,13.872451497803201
HRAO,-25.89,27.687,1414.3,2015,11,28,332,2015-11-28,0.0213805723288069,21.3805723288069,0.0229599978045274,22.959997804527397,0.0233708333333333,23.370833333333298,23.370833333333298,23.370833333333298,23.370833333333298,21.3805723288069,21.3805723288069,21.3805723288069,22.959997804527397,22.959997804527397,22.959997804527397
HRAO,-25.89,27.687,1414.3,2015,11,29,333,2015-11-29,0.0228217908920897,22.821790892089698,0.0221527507770541,22.152750777054102,0.0223375,22.3375,22.3375,22.3375,22.3375,22.821790892089698,22.821790892089698,22.821790892089698,22.152750777054102,22.152750777054102,22.152750777054102
HRAO,-25.89,27.687,1414.3,2015,11,30,334,2015-11-30,0.0219492120992106,21.9492120992106,0.0206609881680972,20.6609881680972,0.021425,21.425,21.425,21.425,21.425,21.9492120992106,21.9492120992106,21.9492120992106,20.6609881680972,20.6609881680972,20.6609881680972
HRAO,-25.89,27.687,1414.3,2015,12,1,335,2015-12-01,0.0259115763880881,25.911576388088097,0.0229020945585823,22.9020945585823,0.0249416666666666,24.941666666666602,24.941666666666602,24.941666666666602,24.941666666666602,25.911576388088097,25.911576388088097,25.911576388088097,22.9020945585823,22.9020945585823,22.9020945585823
HRAO,-25.89,27.687,1414.3,2015,12,2,336,2015-12-02,0.0301466228598231,30.1466228598231,0.0267846692498865,26.7846692498865,0.029275,29.275,29.275,29.275,29.275,25.911576388088097,30.1466228598231,30.1466228598231,26.7846692498865,26.7846692498865,26.7846692498865
HRAO,-25.89,27.687,1414.3,2015,12,3,337,2015-12-03,0.0321648475818671,32.1648475818671,0.031070280525063,31.070280525062998,0.0311,31.099999999999998,31.099999999999998,31.099999999999998,31.099999999999998,32.1648475818671,32.1648475818671,32.1648475818671,31.070280525062998,31.070280525062998,31.070280525062998
HRAO,-25.89,27.687,1414.3,2015,12,4,338,2015-12-04,0.0263914585744495,26.3914585744495,0.0264296773584413,26.4296773584413,0.02835,28.35,28.35,28.35,28.35,26.3914585744495,26.3914585744495,26.3914585744495,26.4296773584413,26.4296773584413,26.4296773584413
HRAO,-25.89,27.687,1414.3,2015,12,5,339,2015-12-05,0.023392972416174,23.392972416174,0.0224477796025095,22.447779602509502,0.0218041666666666,21.8041666666666,21.8041666666666,21.8041666666666,21.8041666666666,23.392972416174,23.392972416174,23.392972416174,22.447779602509502,22.447779602509502,22.447779602509502
HRAO,-25.89,27.687,1414.3,2015,12,6,340,2015-12-06,0.0181689406472785,18.1689406472785,0.019399584957673,19.399584957673,0.0180541666666666,18.0541666666666,18.0541666666666,18.0541666666666,18.0541666666666,18.1689406472785,18.1689406472785,18.1689406472785,19.399584957673,19.399584957673,19.399584957673
HRAO,-25.89,27.687,1414.3,2015,12,7,341,2015-12-07,0.0224778644592442,22.4778644592442,0.019732105448588,19.732105448588,0.023025,23.025,23.025,23.025,23.025,22.4778644592442,22.4778644592442,22.4778644592442,19.732105448588,19.732105448588,19.732105448588
HRAO,-25.89,27.687,1414.3,2015,12,8,342,2015-12-08,0.0292446128166046,29.2446128166046,0.031154106766933,31.154106766933,0.0302333333333333,30.2333333333333,30.2333333333333,30.2333333333333,30.2333333333333,29.2446128166046,29.2446128166046,29.2446128166046,31.154106766933,31.154106766933,31.154106766933
HRAO,-25.89,27.687,1414.3,2015,12,9,343,2015-12-09,0.0266038841357884,26.603884135788398,0.0282446335365479,28.2446335365479,0.0276666666666666,27.6666666666666,27.6666666666666,27.6666666666666,27.6666666666666,26.603884135788398,26.603884135788398,26.603884135788398,28.2446335365479,28.2446335365479,28.2446335365479
HRAO,-25.89,27.687,1414.3,2015,12,10,344,2015-12-10,0.0252231820192211,25.2231820192211,0.0245756626259279,24.5756626259279,0.0249999999999999,24.9999999999999,24.9999999999999,24.9999999999999,24.9999999999999,25.2231820192211,25.2231820192211,25.2231820192211,24.5756626259279,24.5756626259279,24.5756626259279
HRAO,-25.89,27.687,1414.3,2015,12,11,345,2015-12-11,0.0299154054520158,29.9154054520158,0.0282017731568361,28.2017731568361,0.0333458333333333,33.345833333333296,33.345833333333296,33.345833333333296,33.345833333333296,29.9154054520158,29.9154054520158,29.9154054520158,28.2017731568361,28.2017731568361,28.2017731568361
HRAO,-25.89,27.687,1414.3,2015,12,12,346,2015-12-12,0.0314093562895351,31.409356289535097,0.0338993209244645,33.899320924464504,0.0332666666666666,33.266666666666595,33.266666666666595,33.266666666666595,33.266666666666595,31.409356289535097,31.409356289535097,31.409356289535097,24.5756626259279,33.899320924464504,33.899320924464504
HRAO,-25.89,27.687,1414.3,2015,12,13,347,2015-12-13,0.0207802949349685,20.7802949349685,0.0208925291650898,20.8925291650898,0.0191208333333333,19.120833333333298,19.120833333333298,19.120833333333298,19.120833333333298,20.7802949349685,20.7802949349685,20.7802949349685,20.8925291650898,20.8925291650898,20.8925291650898
HRAO,-25.89,27.687,1414.3,2015,12,14,348,2015-12-14,0.0213273417548608,21.3273417548608,0.021751943769882,21.751943769882,0.0209083333333333,20.9083333333333,20.9083333333333,20.9083333333333,20.9083333333333,21.3273417548608,21.3273417548608,21.3273417548608,21.751943769882,21.751943769882,21.751943769882
HRAO,-25.89,27.687,1414.3,2015,12,15,349,2015-12-15,0.0210587565406258,21.058756540625797,0.0200674040972349,20.067404097234903,0.0216375,21.6375,21.6375,21.6375,21.6375,21.058756540625797,21.058756540625797,21.058756540625797,20.067404097234903,20.067404097234903,20.067404097234903
HRAO,-25.89,27.687,1414.3,2015,12,16,350,2015-12-16,0.0227832153903035,22.7832153903035,0.0217475707820993,21.7475707820993,0.0225291666666666,22.5291666666666,22.5291666666666,22.5291666666666,22.5291666666666,22.7832153903035,22.7832153903035,22.7832153903035,21.7475707820993,21.7475707820993,21.7475707820993
HRAO,-25.89,27.687,1414.3,2015,12,17,351,2015-12-17,0.0246415805468036,24.6415805468036,0.0216392047990869,21.6392047990869,0.0251625,25.1625,25.1625,25.1625,25.1625,24.6415805468036,24.6415805468036,24.6415805468036,21.6392047990869,21.6392047990869,21.6392047990869
HRAO,-25.89,27.687,1414.3,2015,12,18,352,2015-12-18,0.0237592767055853,23.7592767055853,0.0250292708418105,25.0292708418105,0.0253041666666666,25.3041666666666,25.3041666666666,25.3041666666666,25.3041666666666,23.7592767055853,23.7592767055853,23.7592767055853,25.0292708418105,25.0292708418105,25.0292708418105
HRAO,-25.89,27.687,1414.3,2015,12,19,353,2015-12-19,0.0261558320512306,26.1558320512306,0.0212535138094971,21.2535138094971,0.0238041666666666,23.8041666666666,23.8041666666666,23.8041666666666,23.8041666666666,26.1558320512306,26.1558320512306,26.1558320512306,21.2535138094971,21.2535138094971,21.2535138094971
HRAO,-25.89,27.687,1414.3,2015,12,20,354,2015-12-20,0.0287089007918242,28.7089007918242,0.0261069381065327,26.1069381065327,0.02795,27.95,27.95,27.95,27.95,28.7089007918242,28.7089007918242,28.7089007918242,26.1069381065327,26.1069381065327,26.1069381065327
HRAO,-25.89,27.687,1414.3,2015,12,21,355,2015-12-21,0.0264002767963874,26.400276796387402,0.025545094529232,25.545094529232,0.0269583333333333,26.9583333333333,26.9583333333333,26.9583333333333,26.9583333333333,26.400276796387402,26.400276796387402,26.400276796387402,25.545094529232,25.545094529232,25.545094529232
HRAO,-25.89,27.687,1414.3,2015,12,22,356,2015-12-22,0.0215303177653011,21.5303177653011,0.0189571238153386,18.9571238153386,0.0211583333333333,21.1583333333333,21.1583333333333,21.1583333333333,21.1583333333333,21.5303177653011,21.5303177653011,21.5303177653011,18.9571238153386,18.9571238153386,18.9571238153386
HRAO,-25.89,27.687,1414.3,2015,12,23,357,2015-12-23,0.0230245933985987,23.0245933985987,0.0213936122623906,21.3936122623906,0.0236666666666666,23.6666666666666,23.6666666666666,23.6666666666666,23.6666666666666,23.0245933985987,23.0245933985987,23.0245933985987,21.3936122623906,21.3936122623906,21.3936122623906
HRAO,-25.89,27.687,1414.3,2015,12,24,358,2015-12-24,0.0240733674976823,24.073367497682298,0.0235112573292686,23.5112573292686,0.0247458333333333,24.7458333333333,24.7458333333333,24.7458333333333,24.7458333333333,24.073367497682298,24.073367497682298,24.073367497682298,23.5112573292686,23.5112573292686,23.5112573292686
HRAO,-25.89,27.687,1414.3,2015,12,25,359,2015-12-25,0.0285411566220517,28.5411566220517,0.0293027008246914,29.3027008246914,0.0294666666666666,29.4666666666666,29.4666666666666,29.4666666666666,29.4666666666666,28.5411566220517,28.5411566220517,28.5411566220517,29.3027008246914,29.3027008246914,29.3027008246914
HRAO,-25.89,27.687,1414.3,2015,12,26,360,2015-12-26,0.0274957294377855,27.4957294377855,0.0295844310720545,29.5844310720545,0.0285083333333333,28.508333333333297,28.508333333333297,28.508333333333297,28.508333333333297,27.4957294377855,27.4957294377855,27.4957294377855,29.5844310720545,29.5844310720545,29.5844310720545
HRAO,-25.89,27.687,1414.3,2015,12,27,361,2015-12-27,0.0255710570804367,25.5710570804367,0.0241932666305212,24.1932666305212,0.0260625,26.0625,26.0625,26.0625,26.0625,25.5710570804367,25.5710570804367,25.5710570804367,24.1932666305212,24.1932666305212,24.1932666305212
HRAO,-25.89,27.687,1414.3,2015,12,28,362,2015-12-28,0.0284816234194274,28.4816234194274,0.0282559819015499,28.2559819015499,0.0274416666666666,27.4416666666666,27.4416666666666,27.4416666666666,27.4416666666666,28.4816234194274,28.4816234194274,28.4816234194274,28.2559819015499,28.2559819015499,28.2559819015499
HRAO,-25.89,27.687,1414.3,2015,12,29,363,2015-12-29,0.0273716094872386,27.371609487238597,0.028566556252323,28.566556252323,0.027325,27.325,27.325,27.325,27.325,27.371609487238597,27.371609487238597,27.371609487238597,28.566556252323,28.566556252323,28.566556252323
HRAO,-25.89,27.687,1414.3,2015,12,30,364,2015-12-30,0.0232307706023997,23.2307706023997,0.0239647772799607,23.9647772799607,0.0222083333333333,22.2083333333333,22.2083333333333,22.2083333333333,22.2083333333333,23.2307706023997,23.2307706023997,23.2307706023997,23.9647772799607,23.9647772799607,23.9647772799607
HRAO,-25.89,27.687,1414.3,2016,1,1,366,2016-01-01,0.0325068846277114,32.5068846277114,0.0282313488161982,28.2313488161982,0.0295374999999999,29.537499999999902,29.537499999999902,29.537499999999902,29.537499999999902,32.5068846277114,32.5068846277114,32.5068846277114,28.2313488161982,28.2313488161982,28.2313488161982
HRAO,-25.89,27.687,1414.3,2016,1,2,367,2016-01-02,0.0336642680542228,33.664268054222795,0.031593404916788,31.593404916788,0.0317958333333333,31.795833333333302,31.795833333333302,31.795833333333302,31.795833333333302,33.664268054222795,33.664268054222795,33.664268054222795,31.593404916788,31.593404916788,31.593404916788
HRAO,-25.89,27.687,1414.3,2016,1,3,368,2016-01-03,0.0291793086852105,29.1793086852105,0.027930407396748,27.930407396748,0.0290125,29.0125,29.0125,29.0125,29.0125,29.1793086852105,29.1793086852105,29.1793086852105,27.930407396748,27.930407396748,27.930407396748
HRAO,-25.89,27.687,1414.3,2016,1,4,369,2016-01-04,0.0246657018095131,24.665701809513102,0.0242514585104898,24.2514585104898,0.0256958333333333,25.6958333333333,25.6958333333333,25.6958333333333,25.6958333333333,24.665701809513102,24.665701809513102,24.665701809513102,24.2514585104898,24.2514585104898,24.2514585104898
HRAO,-25.89,27.687,1414.3,2016,1,5,370,2016-01-05,0.021317682629513,21.317682629512998,0.0203789175648832,20.3789175648832,0.0218666666666666,21.8666666666666,21.8666666666666,21.8666666666666,21.8666666666666,21.317682629512998,21.317682629512998,21.317682629512998,20.3789175648832,20.3789175648832,20.3789175648832
HRAO,-25.89,27.687,1414.3,2016,1,6,371,2016-01-06,0.0213099520111425,21.3099520111425,0.0205814303155825,20.581430315582498,0.0210458333333333,21.0458333333333,21.0458333333333,21.0458333333333,21.0458333333333,21.3099520111425,21.3099520111425,21.3099520111425,20.581430315582498,20.581430315582498,20.581430315582498
HRAO,-25.89,27.687,1414.3,2016,1,7,372,2016-01-07,0.0237347321389665,23.7347321389665,0.0201065193899832,20.106519389983198,0.0221416666666666,22.1416666666666,22.1416666666666,22.1416666666666,22.1416666666666,23.7347321389665,23.7347321389665,23.7347321389665,20.106519389983198,20.106519389983198,20.106519389983198
HRAO,-25.89,27.687,1414.3,2016,1,8,373,2016-01-08,0.0291071715667133,29.107171566713298,0.0278520203375035,27.8520203375035,0.0306583333333333,30.658333333333303,30.658333333333303,30.658333333333303,30.658333333333303,29.107171566713298,29.107171566713298,29.107171566713298,27.8520203375035,27.8520203375035,27.8520203375035
HRAO,-25.89,27.687,1414.3,2016,1,9,374,2016-01-09,0.0245216289184724,24.5216289184724,0.0271924862440593,27.1924862440593,0.0312125,31.212500000000002,31.212500000000002,31.212500000000002,31.212500000000002,24.5216289184724,24.5216289184724,24.5216289184724,27.1924862440593,27.1924862440593,27.1924862440593
HRAO,-25.89,27.687,1414.3,2016,1,10,375,2016-01-10,0.0247944617137581,24.7944617137581,0.0225962501943024,22.5962501943024,0.0237875,23.787499999999998,23.787499999999998,23.787499999999998,23.787499999999998,24.7944617137581,24.7944617137581,24.7944617137581,22.5962501943024,22.5962501943024,22.5962501943024
HRAO,-25.89,27.687,1414.3,2016,1,11,376,2016-01-11,0.0288392678344134,28.839267834413402,0.0264269854127022,26.426985412702198,0.0274375,27.4375,27.4375,27.4375,27.4375,28.839267834413402,28.839267834413402,28.839267834413402,26.426985412702198,26.426985412702198,26.426985412702198
HRAO,-25.89,27.687,1414.3,2016,1,12,377,2016-01-12,0.0309833092904057,30.9833092904057,0.028510740889582,28.510740889582003,0.029575,29.575,29.575,29.575,29.575,30.9833092904057,30.9833092904057,30.9833092904057,28.510740889582003,28.510740889582003,28.510740889582003
HRAO,-25.89,27.687,1414.3,2016,2,20,416,2016-02-20,0.0307630577635665,30.7630577635665,0.0283321548450016,28.3321548450016,0.0298375,29.8375,29.8375,29.8375,29.8375,30.7630577635665,30.7630577635665,30.7630577635665,28.3321548450016,28.3321548450016,28.3321548450016
HRAO,-25.89,27.687,1414.3,2016,2,21,417,2016-02-21,0.0270234786804607,27.0234786804607,0.0278082997900301,27.808299790030098,0.0263916666666666,26.3916666666666,26.3916666666666,26.3916666666666,26.3916666666666,27.0234786804607,27.0234786804607,27.0234786804607,27.808299790030098,27.808299790030098,27.808299790030098
HRAO,-25.89,27.687,1414.3,2016,2,22,418,2016-02-22,0.0257276064541103,25.7276064541103,0.0211486513155101,21.1486513155101,0.0242458333333333,24.2458333333333,24.2458333333333,24.2458333333333,24.2458333333333,25.7276064541103,25.7276064541103,25.7276064541103,28.3321548450016,21.1486513155101,21.1486513155101
HRAO,-25.89,27.687,1414.3,2016,2,23,419,2016-02-23,0.0326000689969412,32.6000689969412,0.0283311039826732,28.3311039826732,0.0291125,29.1125,29.1125,29.1125,29.1125,32.6000689969412,32.6000689969412,32.6000689969412,28.3311039826732,28.3311039826732,28.3311039826732
HRAO,-25.89,27.687,1414.3,2016,2,24,420,2016-02-24,0.0378380412441275,37.838041244127496,0.0372283722928476,37.2283722928476,0.0381166666666666,38.116666666666596,38.116666666666596,38.116666666666596,38.116666666666596,37.838041244127496,37.838041244127496,37.838041244127496,37.2283722928476,37.2283722928476,37.2283722928476
HRAO,-25.89,27.687,1414.3,2016,2,25,421,2016-02-25,0.038097375558016,38.097375558016,0.0372498993219806,37.2498993219806,0.0390958333333333,39.0958333333333,39.0958333333333,39.0958333333333,39.0958333333333,31.766650672356995,38.097375558016,38.097375558016,37.2498993219806,37.2498993219806,37.2498993219806
HRAO,-25.89,27.687,1414.3,2016,2,26,422,2016-02-26,0.031766650672357,31.766650672356995,0.0339579918639826,33.9579918639826,0.0332625,33.2625,33.2625,33.2625,33.2625,31.766650672356995,31.766650672356995,31.766650672356995,33.9579918639826,33.9579918639826,33.9579918639826
HRAO,-25.89,27.687,1414.3,2016,2,27,423,2016-02-27,0.0238610236798784,23.8610236798784,0.0214903069827071,21.4903069827071,0.0228249999999999,22.8249999999999,22.8249999999999,22.8249999999999,22.8249999999999,23.8610236798784,23.8610236798784,23.8610236798784,21.4903069827071,21.4903069827071,21.4903069827071
HRAO,-25.89,27.687,1414.3,2016,2,28,424,2016-02-28,0.0230643910793113,23.0643910793113,0.0241054435173469,24.1054435173469,0.0259333333333333,25.9333333333333,25.9333333333333,25.9333333333333,25.9333333333333,23.0643910793113,23.0643910793113,23.0643910793113,24.1054435173469,24.1054435173469,24.1054435173469
HRAO,-25.89,27.687,1414.3,2016,2,29,425,2016-02-29,0.0243207402784363,24.3207402784363,0.0235535493644669,23.5535493644669,0.0231916666666666,23.1916666666666,23.1916666666666,23.1916666666666,23.1916666666666,24.3207402784363,24.3207402784363,24.3207402784363,23.5535493644669,23.5535493644669,23.5535493644669
HRAO,-25.89,27.687,1414.3,2016,3,1,426,2016-03-01,0.0252460919163835,25.2460919163835,0.0249646557722106,24.964655772210598,0.0254541666666666,25.4541666666666,25.4541666666666,25.4541666666666,25.4541666666666,25.2460919163835,25.2460919163835,25.2460919163835,21.4903069827071,24.964655772210598,24.964655772210598
HRAO,-25.89,27.687,1414.3,2016,3,2,427,2016-03-02,0.0226852563372826,22.6852563372826,0.0210376525868164,21.037652586816403,0.0199541666666666,19.954166666666598,19.954166666666598,19.954166666666598,19.954166666666598,22.6852563372826,22.6852563372826,22.6852563372826,21.037652586816403,21.037652586816403,21.037652586816403
HRAO,-25.89,27.687,1414.3,2016,3,4,429,2016-03-04,0.0214775055935379,21.4775055935379,0.0206222357593198,20.6222357593198,0.0206416666666666,20.641666666666598,20.641666666666598,20.641666666666598,20.641666666666598,21.4775055935379,21.4775055935379,21.4775055935379,20.6222357593198,20.6222357593198,20.6222357593198
HRAO,-25.89,27.687,1414.3,2016,3,5,430,2016-03-05,0.0228060557042461,22.806055704246102,0.0206802952393956,20.680295239395598,0.02035,20.35,20.35,20.35,20.35,22.806055704246102,22.806055704246102,22.806055704246102,20.680295239395598,20.680295239395598,20.680295239395598
HRAO,-25.89,27.687,1414.3,2016,3,6,431,2016-03-06,0.0232593484770727,23.2593484770727,0.0200791838143478,20.0791838143478,0.0219083333333333,21.9083333333333,21.9083333333333,21.9083333333333,21.9083333333333,23.2593484770727,23.2593484770727,23.2593484770727,20.0791838143478,20.0791838143478,20.0791838143478
HRAO,-25.89,27.687,1414.3,2016,3,7,432,2016-03-07,0.0280086010388167,28.0086010388167,0.0236037216336521,23.6037216336521,0.0254708333333333,25.4708333333333,25.4708333333333,25.4708333333333,25.4708333333333,28.0086010388167,28.0086010388167,28.0086010388167,23.6037216336521,23.6037216336521,23.6037216336521
HRAO,-25.89,27.687,1414.3,2016,3,8,433,2016-03-08,0.0365455750310782,36.5455750310782,0.0338922954058686,33.8922954058686,0.0359166666666666,35.9166666666666,35.9166666666666,35.9166666666666,35.9166666666666,36.5455750310782,36.5455750310782,36.5455750310782,33.8922954058686,33.8922954058686,33.8922954058686
HRAO,-25.89,27.687,1414.3,2016,3,9,434,2016-03-09,0.0419770356984571,41.9770356984571,0.0399561479489557,39.9561479489557,0.0393458333333333,39.3458333333333,39.3458333333333,39.3458333333333,39.3458333333333,41.9770356984571,41.9770356984571,41.9770356984571,39.9561479489557,39.9561479489557,39.9561479489557
HRAO,-25.89,27.687,1414.3,2016,3,10,435,2016-03-10,0.0355745837669788,35.5745837669788,0.0339167543132846,33.9167543132846,0.0336625,33.6625,33.6625,33.6625,33.6625,35.5745837669788,35.5745837669788,35.5745837669788,33.9167543132846,33.9167543132846,33.9167543132846
HRAO,-25.89,27.687,1414.3,2016,3,11,436,2016-03-11,0.0310410420019673,31.0410420019673,0.0288882974564522,28.8882974564522,0.0285291666666666,28.529166666666598,28.529166666666598,28.529166666666598,28.529166666666598,31.0410420019673,31.0410420019673,31.0410420019673,28.8882974564522,28.8882974564522,28.8882974564522
HRAO,-25.89,27.687,1414.3,2016,3,12,437,2016-03-12,0.029805124492252,29.805124492252,0.0300341926690324,30.0341926690324,0.0295333333333333,29.5333333333333,29.5333333333333,29.5333333333333,29.5333333333333,29.805124492252,29.805124492252,29.805124492252,30.0341926690324,30.0341926690324,30.0341926690324
HRAO,-25.89,27.687,1414.3,2016,3,13,438,2016-03-13,0.0330601437128298,33.0601437128298,0.0297712047675506,29.7712047675506,0.0294916666666666,29.4916666666666,29.4916666666666,29.4916666666666,29.4916666666666,33.0601437128298,33.0601437128298,33.0601437128298,29.7712047675506,29.7712047675506,29.7712047675506
HRAO,-25.89,27.687,1414.3,2016,3,14,439,2016-03-14,0.0356615105589016,35.6615105589016,0.033180518470087,33.180518470087,0.0331208333333333,33.1208333333333,33.1208333333333,33.1208333333333,33.1208333333333,35.6615105589016,35.6615105589016,35.6615105589016,33.180518470087,33.180518470087,33.180518470087
HRAO,-25.89,27.687,1414.3,2016,3,15,440,2016-03-15,0.0334304233859522,33.4304233859522,0.0300611759257843,30.061175925784298,0.0317875,31.787500000000005,31.787500000000005,31.787500000000005,31.787500000000005,33.4304233859522,33.4304233859522,33.4304233859522,30.061175925784298,30.061175925784298,30.061175925784298
HRAO,-25.89,27.687,1414.3,2016,3,16,441,2016-03-16,0.0374980972031366,37.4980972031366,0.0339948048478314,33.994804847831396,0.0348,34.8,34.8,34.8,34.8,33.4304233859522,37.4980972031366,37.4980972031366,30.061175925784298,33.994804847831396,33.994804847831396
HRAO,-25.89,27.687,1414.3,2016,3,17,442,2016-03-17,0.0377369839083435,37.7369839083435,0.0401402053713294,40.1402053713294,0.0389666666666666,38.9666666666666,31.787500000000005,38.9666666666666,38.9666666666666,37.7369839083435,37.7369839083435,37.7369839083435,40.1402053713294,40.1402053713294,40.1402053713294
HRAO,-25.89,27.687,1414.3,2016,3,18,443,2016-03-18,0.0263493656446303,26.3493656446303,0.0263257703905233,26.3257703905233,0.0253916666666666,25.3916666666666,25.3916666666666,25.3916666666666,25.3916666666666,26.3493656446303,26.3493656446303,26.3493656446303,26.3257703905233,26.3257703905233,26.3257703905233
HRAO,-25.89,27.687,1414.3,2016,3,19,444,2016-03-19,0.0194268363693913,19.426836369391303,0.018072517804575,18.072517804575,0.0198666666666666,19.8666666666666,19.8666666666666,19.8666666666666,19.8666666666666,19.426836369391303,19.426836369391303,19.426836369391303,18.072517804575,18.072517804575,18.072517804575
HRAO,-25.89,27.687,1414.3,2016,3,20,445,2016-03-20,0.0131121655586526,13.1121655586526,0.0130790208487133,13.0790208487133,0.0129208333333333,12.9208333333333,12.9208333333333,12.9208333333333,12.9208333333333,13.1121655586526,13.1121655586526,13.1121655586526,13.0790208487133,13.0790208487133,13.0790208487133
HRAO,-25.89,27.687,1414.3,2016,3,21,446,2016-03-21,0.0108121686839495,10.8121686839495,0.0108352105547227,10.8352105547227,0.0111,11.1,17.875,11.1,11.1,18.6882652187759,10.8121686839495,10.8121686839495,18.072517804575,10.8352105547227,10.8352105547227
HRAO,-25.89,27.687,1414.3,2016,3,22,447,2016-03-22,0.0163688415210331,16.3688415210331,0.0120960592622767,12.0960592622767,0.0134458333333333,13.445833333333299,13.445833333333299,13.445833333333299,13.445833333333299,16.3688415210331,16.3688415210331,16.3688415210331,12.0960592622767,12.0960592622767,12.0960592622767
HRAO,-25.89,27.687,1414.3,2016,3,23,448,2016-03-23,0.0198919702231052,19.8919702231052,0.0183677432879415,18.3677432879415,0.0191583333333333,19.158333333333303,19.158333333333303,19.158333333333303,19.158333333333303,19.8919702231052,19.8919702231052,19.8919702231052,18.3677432879415,18.3677432879415,18.3677432879415
HRAO,-25.89,27.687,1414.3,2016,3,24,449,2016-03-24,0.0186882652187759,18.6882652187759,0.0184361455789077,18.436145578907702,0.017875,17.875,17.875,17.875,17.875,18.6882652187759,18.6882652187759,18.6882652187759,18.436145578907702,18.436145578907702,18.436145578907702
HRAO,-25.89,27.687,1414.3,2016,3,25,450,2016-03-25,0.0197371259478753,19.7371259478753,0.0206552280152318,20.6552280152318,0.0196958333333333,19.6958333333333,19.6958333333333,19.6958333333333,19.6958333333333,19.7371259478753,19.7371259478753,19.7371259478753,20.6552280152318,20.6552280152318,20.6552280152318
HRAO,-25.89,27.687,1414.3,2016,3,26,451,2016-03-26,0.0195890137305238,19.5890137305238,0.0240272009573538,24.0272009573538,0.0238208333333333,23.8208333333333,23.8208333333333,23.8208333333333,23.8208333333333,19.5890137305238,19.5890137305238,19.5890137305238,24.0272009573538,24.0272009573538,24.0272009573538
HRAO,-25.89,27.687,1414.3,2016,3,27,452,2016-03-27,0.0109834050748004,10.9834050748004,0.0116785102587214,11.6785102587214,0.0110416666666666,11.0416666666666,11.0416666666666,11.0416666666666,11.0416666666666,10.9834050748004,10.9834050748004,10.9834050748004,11.6785102587214,11.6785102587214,11.6785102587214
HRAO,-25.89,27.687,1414.3,2016,3,28,453,2016-03-28,0.0056090715154666,5.6090715154666,0.00489865912238,4.89865912238,0.0049583333333333,4.9583333333333,4.9583333333333,4.9583333333333,4.9583333333333,11.9496242457978,5.6090715154666,5.6090715154666,4.89865912238,4.89865912238,4.89865912238
HRAO,-25.89,27.687,1414.3,2016,3,29,454,2016-03-29,0.0073008030759773,7.3008030759773,0.0068809128338806,6.8809128338806005,0.0069291666666666,6.9291666666666,6.9291666666666,6.9291666666666,6.9291666666666,11.9496242457978,7.3008030759773,7.3008030759773,6.8809128338806005,6.8809128338806005,6.8809128338806005
HRAO,-25.89,27.687,1414.3,2016,3,30,455,2016-03-30,0.0119496242457978,11.9496242457978,0.0093590894861325,9.3590894861325,0.0095416666666666,9.541666666666599,9.541666666666599,9.541666666666599,9.541666666666599,11.9496242457978,11.9496242457978,11.9496242457978,9.3590894861325,9.3590894861325,9.3590894861325
HRAO,-25.89,27.687,1414.3,2016,4,1,457,2016-04-01,0.0186788242527855,18.6788242527855,0.0175802661932751,17.5802661932751,0.0205874999999999,20.587499999999903,20.587499999999903,20.587499999999903,20.587499999999903,18.6788242527855,18.6788242527855,18.6788242527855,17.5802661932751,17.5802661932751,17.5802661932751
HRAO,-25.89,27.687,1414.3,2016,4,2,458,2016-04-02,0.0230303785100687,23.0303785100687,0.020983096190712,20.983096190712,0.0226124999999999,22.6124999999999,22.6124999999999,22.6124999999999,22.6124999999999,23.0303785100687,23.0303785100687,23.0303785100687,20.983096190712,20.983096190712,20.983096190712
HRAO,-25.89,27.687,1414.3,2016,4,3,459,2016-04-03,0.0261567902498034,26.1567902498034,0.0224201699466229,22.4201699466229,0.0245791666666666,24.579166666666598,24.579166666666598,24.579166666666598,24.579166666666598,26.1567902498034,26.1567902498034,26.1567902498034,22.4201699466229,22.4201699466229,22.4201699466229
HRAO,-25.89,27.687,1414.3,2016,4,4,460,2016-04-04,0.0269745344711814,26.9745344711814,0.0257061786060856,25.7061786060856,0.026475,26.474999999999998,24.579166666666598,26.474999999999998,26.474999999999998,26.9745344711814,26.9745344711814,26.9745344711814,25.7061786060856,25.7061786060856,25.7061786060856
HRAO,-25.89,27.687,1414.3,2016,4,5,461,2016-04-05,0.0274889809512898,27.4889809512898,0.0288274811808403,28.827481180840298,0.0282833333333333,28.2833333333333,24.579166666666598,28.2833333333333,28.2833333333333,27.4889809512898,27.4889809512898,27.4889809512898,28.827481180840298,28.827481180840298,28.827481180840298
HRAO,-25.89,27.687,1414.3,2016,4,6,462,2016-04-06,0.0278461143834838,27.846114383483798,0.02674078485658,26.740784856580003,0.0262916666666666,26.2916666666666,24.579166666666598,26.2916666666666,26.2916666666666,27.846114383483798,27.846114383483798,27.846114383483798,26.740784856580003,26.740784856580003,26.740784856580003
HRAO,-25.89,27.687,1414.3,2016,4,7,463,2016-04-07,0.0240851359719887,24.0851359719887,0.0242621148284981,24.262114828498103,0.0237374999999999,23.7374999999999,23.7374999999999,23.7374999999999,23.7374999999999,24.0851359719887,24.0851359719887,24.0851359719887,24.262114828498103,24.262114828498103,24.262114828498103
HRAO,-25.89,27.687,1414.3,2016,4,8,464,2016-04-08,0.0232619274963812,23.2619274963812,0.0233255439005353,23.3255439005353,0.0239,23.900000000000002,23.900000000000002,23.900000000000002,23.900000000000002,23.2619274963812,23.2619274963812,23.2619274963812,23.3255439005353,23.3255439005353,23.3255439005353
HRAO,-25.89,27.687,1414.3,2016,4,9,465,2016-04-09,0.0226848091716775,22.6848091716775,0.0227278939712745,22.7278939712745,0.0221208333333333,22.1208333333333,22.1208333333333,22.1208333333333,22.1208333333333,22.6848091716775,22.6848091716775,22.6848091716775,22.7278939712745,22.7278939712745,22.7278939712745
HRAO,-25.89,27.687,1414.3,2016,4,10,466,2016-04-10,0.0196156340566031,19.6156340566031,0.017956345723926,17.956345723926002,0.0191708333333333,19.1708333333333,19.1708333333333,19.1708333333333,19.1708333333333,19.6156340566031,19.6156340566031,19.6156340566031,17.956345723926002,17.956345723926002,17.956345723926002
HRAO,-25.89,27.687,1414.3,2016,4,11,467,2016-04-11,0.0173990906562929,17.399090656292902,0.0175080622291516,17.508062229151598,0.0173375,17.3375,17.3375,17.3375,17.3375,17.399090656292902,17.399090656292902,17.399090656292902,17.508062229151598,17.508062229151598,17.508062229151598
HRAO,-25.89,27.687,1414.3,2016,4,12,468,2016-04-12,0.0156040056519588,15.6040056519588,0.0143174182801446,14.3174182801446,0.0149875,14.9875,14.9875,14.9875,14.9875,15.6040056519588,15.6040056519588,15.6040056519588,14.3174182801446,14.3174182801446,14.3174182801446
HRAO,-25.89,27.687,1414.3,2016,4,13,469,2016-04-13,0.0155141583222145,15.5141583222145,0.0138652123706736,13.8652123706736,0.0137208333333333,13.7208333333333,13.7208333333333,13.7208333333333,13.7208333333333,15.5141583222145,15.5141583222145,15.5141583222145,13.8652123706736,13.8652123706736,13.8652123706736
HRAO,-25.89,27.687,1414.3,2016,4,14,470,2016-04-14,0.0167606697599953,16.760669759995302,0.0151409462318559,15.1409462318559,0.0153708333333333,15.3708333333333,15.3708333333333,15.3708333333333,15.3708333333333,16.760669759995302,16.760669759995302,16.760669759995302,15.1409462318559,15.1409462318559,15.1409462318559
HRAO,-25.89,27.687,1414.3,2016,4,15,471,2016-04-15,0.0184923426250543,18.4923426250543,0.0163693615606149,16.3693615606149,0.0169,16.9,16.9,16.9,16.9,18.4923426250543,18.4923426250543,18.4923426250543,16.3693615606149,16.3693615606149,16.3693615606149
HRAO,-25.89,27.687,1414.3,2016,4,16,472,2016-04-16,0.0202416571488463,20.2416571488463,0.0169681587333042,16.9681587333042,0.0176208333333333,17.6208333333333,17.6208333333333,17.6208333333333,17.6208333333333,20.2416571488463,20.2416571488463,20.2416571488463,16.9681587333042,16.9681587333042,16.9681587333042
HRAO,-25.89,27.687,1414.3,2016,4,17,473,2016-04-17,0.0202822967542113,20.2822967542113,0.0178448269175826,17.8448269175826,0.0191541666666666,19.1541666666666,19.1541666666666,19.1541666666666,19.1541666666666,20.2822967542113,20.2822967542113,20.2822967542113,17.8448269175826,17.8448269175826,17.8448269175826
HRAO,-25.89,27.687,1414.3,2016,4,18,474,2016-04-18,0.0223086277064975,22.3086277064975,0.0217292793285189,21.7292793285189,0.0218375,21.8375,21.8375,21.8375,21.8375,22.3086277064975,22.3086277064975,22.3086277064975,21.7292793285189,21.7292793285189,21.7292793285189
HRAO,-25.89,27.687,1414.3,2016,4,19,475,2016-04-19,0.0246631758159545,24.6631758159545,0.0237438303599932,23.7438303599932,0.0235083333333333,23.5083333333333,23.5083333333333,23.5083333333333,23.5083333333333,24.6631758159545,24.6631758159545,24.6631758159545,23.7438303599932,23.7438303599932,23.7438303599932
HRAO,-25.89,27.687,1414.3,2016,4,20,476,2016-04-20,0.0238613229227068,23.8613229227068,0.0234054724216922,23.4054724216922,0.0232791666666666,23.2791666666666,23.2791666666666,23.2791666666666,23.2791666666666,23.8613229227068,23.8613229227068,23.8613229227068,23.4054724216922,23.4054724216922,23.4054724216922
HRAO,-25.89,27.687,1414.3,2016,4,21,477,2016-04-21,0.0205767850005746,20.5767850005746,0.0238161830748778,23.8161830748778,0.023375,23.375,23.375,23.375,23.375,20.5767850005746,20.5767850005746,20.5767850005746,23.8161830748778,23.8161830748778,23.8161830748778
HRAO,-25.89,27.687,1414.3,2016,4,22,478,2016-04-22,0.0154819152176646,15.4819152176646,0.0164238280079521,16.4238280079521,0.0159541666666666,15.9541666666666,15.9541666666666,15.9541666666666,15.9541666666666,15.4819152176646,15.4819152176646,15.4819152176646,16.4238280079521,16.4238280079521,16.4238280079521
HRAO,-25.89,27.687,1414.3,2016,4,23,479,2016-04-23,0.0189719284188122,18.971928418812197,0.0186379504695209,18.637950469520902,0.0190416666666666,19.0416666666666,19.0416666666666,19.0416666666666,19.0416666666666,18.971928418812197,18.971928418812197,18.971928418812197,18.637950469520902,18.637950469520902,18.637950469520902
HRAO,-25.89,27.687,1414.3,2016,4,24,480,2016-04-24,0.0184731666102241,18.473166610224098,0.0180994366504946,18.0994366504946,0.0197208333333333,19.7208333333333,19.7208333333333,19.7208333333333,19.7208333333333,18.473166610224098,18.473166610224098,18.473166610224098,18.0994366504946,18.0994366504946,18.0994366504946
HRAO,-25.89,27.687,1414.3,2016,4,25,481,2016-04-25,0.0205186989810106,20.5186989810106,0.0185332453870151,18.5332453870151,0.0193166666666666,19.3166666666666,19.3166666666666,19.3166666666666,19.3166666666666,20.5186989810106,20.5186989810106,20.5186989810106,18.5332453870151,18.5332453870151,18.5332453870151
HRAO,-25.89,27.687,1414.3,2016,4,26,482,2016-04-26,0.0212803846859328,21.2803846859328,0.0208484128066468,20.848412806646802,0.0229041666666666,22.9041666666666,19.0416666666666,22.9041666666666,22.9041666666666,21.2803846859328,21.2803846859328,21.2803846859328,18.0994366504946,20.848412806646802,20.848412806646802
HRAO,-25.89,27.687,1414.3,2016,4,27,483,2016-04-27,0.0165162616272709,16.5162616272709,0.0159296703793462,15.9296703793462,0.0157999999999999,15.799999999999901,15.799999999999901,15.799999999999901,15.799999999999901,16.5162616272709,16.5162616272709,16.5162616272709,15.9296703793462,15.9296703793462,15.9296703793462
HRAO,-25.89,27.687,1414.3,2016,4,28,484,2016-04-28,0.0126590303686795,12.6590303686795,0.0111749337871257,11.174933787125699,0.0132291666666666,13.229166666666599,13.229166666666599,13.229166666666599,13.229166666666599,12.6590303686795,12.6590303686795,12.6590303686795,13.1363810739987,11.174933787125699,11.174933787125699
HRAO,-25.89,27.687,1414.3,2016,4,29,485,2016-04-29,0.0136133241506705,13.6133241506705,0.0117656021598807,11.7656021598807,0.0136625,13.6625,13.6625,13.6625,13.6625,13.6133241506705,13.6133241506705,13.6133241506705,11.7656021598807,11.7656021598807,11.7656021598807
HRAO,-25.89,27.687,1414.3,2016,4,30,486,2016-04-30,0.0144223567722063,14.4223567722063,0.0131363810739987,13.1363810739987,0.0134708333333333,13.4708333333333,13.4708333333333,13.4708333333333,13.4708333333333,14.4223567722063,14.4223567722063,14.4223567722063,11.6387620762084,13.1363810739987,13.1363810739987
HRAO,-25.89,27.687,1414.3,2016,5,1,487,2016-05-01,0.0109016189064092,10.9016189064092,0.0108413615614516,10.841361561451599,0.0124291666666666,12.429166666666601,12.429166666666601,12.429166666666601,12.429166666666601,10.9016189064092,10.9016189064092,10.9016189064092,10.841361561451599,10.841361561451599,10.841361561451599
HRAO,-25.89,27.687,1414.3,2016,5,2,488,2016-05-02,0.0123119228599096,12.3119228599096,0.0108729493431437,10.8729493431437,0.0123833333333333,12.3833333333333,12.3833333333333,12.3833333333333,12.3833333333333,12.3119228599096,12.3119228599096,12.3119228599096,10.8729493431437,10.8729493431437,10.8729493431437
HRAO,-25.89,27.687,1414.3,2016,5,3,489,2016-05-03,0.0103616373999496,10.361637399949599,0.0116387620762084,11.6387620762084,0.0112791666666666,11.279166666666601,11.279166666666601,11.279166666666601,11.279166666666601,10.361637399949599,10.361637399949599,10.361637399949599,11.6387620762084,11.6387620762084,11.6387620762084
HRAO,-25.89,27.687,1414.3,2016,5,4,490,2016-05-04,0.0069873602772433,6.9873602772433,0.005775999911274,5.775999911274,0.0064416666666666,6.4416666666666,6.4416666666666,6.4416666666666,6.4416666666666,11.2297814424661,6.9873602772433,6.9873602772433,10.841361561451599,5.775999911274,5.775999911274
HRAO,-25.89,27.687,1414.3,2016,5,5,491,2016-05-05,0.0112297814424661,11.2297814424661,0.0100017518963559,10.0017518963559,0.0108458333333333,10.8458333333333,10.8458333333333,10.8458333333333,10.8458333333333,11.2297814424661,11.2297814424661,11.2297814424661,10.0017518963559,10.0017518963559,10.0017518963559
HRAO,-25.89,27.687,1414.3,2016,5,6,492,2016-05-06,0.0112748402204755,11.2748402204755,0.0092334774680714,9.2334774680714,0.0099666666666666,9.9666666666666,9.9666666666666,9.9666666666666,9.9666666666666,11.2748402204755,11.2748402204755,11.2748402204755,9.2334774680714,9.2334774680714,9.2334774680714
HRAO,-25.89,27.687,1414.3,2016,5,7,493,2016-05-07,0.0161444591281725,16.1444591281725,0.0138645349738517,13.8645349738517,0.0142458333333333,14.2458333333333,14.2458333333333,14.2458333333333,14.2458333333333,16.1444591281725,16.1444591281725,16.1444591281725,13.8645349738517,13.8645349738517,13.8645349738517
HRAO,-25.89,27.687,1414.3,2016,5,8,494,2016-05-08,0.0194791209833474,19.4791209833474,0.0195475951195749,19.5475951195749,0.0189208333333333,18.9208333333333,18.9208333333333,18.9208333333333,18.9208333333333,19.4791209833474,19.4791209833474,19.4791209833474,19.5475951195749,19.5475951195749,19.5475951195749
HRAO,-25.89,27.687,1414.3,2016,5,9,495,2016-05-09,0.0178601034639699,17.8601034639699,0.0175179390110974,17.5179390110974,0.01745,17.45,17.45,17.45,17.45,17.8601034639699,17.8601034639699,17.8601034639699,17.5179390110974,17.5179390110974,17.5179390110974
HRAO,-25.89,27.687,1414.3,2016,5,10,496,2016-05-10,0.017530418666288,17.530418666288,0.0177936969088166,17.7936969088166,0.0177625,17.7625,17.7625,17.7625,17.7625,17.530418666288,17.530418666288,17.530418666288,17.7936969088166,17.7936969088166,17.7936969088166
HRAO,-25.89,27.687,1414.3,2016,5,11,497,2016-05-11,0.0155760621172464,15.5760621172464,0.0152819197756107,15.281919775610701,0.0162833333333333,16.2833333333333,16.2833333333333,16.2833333333333,16.2833333333333,15.5760621172464,15.5760621172464,15.5760621172464,15.281919775610701,15.281919775610701,15.281919775610701
HRAO,-25.89,27.687,1414.3,2016,5,12,498,2016-05-12,0.0152557058760356,15.2557058760356,0.0121900839017588,12.1900839017588,0.014025,14.024999999999999,14.024999999999999,14.024999999999999,14.024999999999999,15.2557058760356,15.2557058760356,15.2557058760356,12.1900839017588,12.1900839017588,12.1900839017588
HRAO,-25.89,27.687,1414.3,2016,5,13,499,2016-05-13,0.0164753074429844,16.475307442984402,0.0154744269347009,15.4744269347009,0.0151666666666666,15.166666666666599,15.166666666666599,15.166666666666599,15.166666666666599,16.475307442984402,16.475307442984402,16.475307442984402,15.4744269347009,15.4744269347009,15.4744269347009
HRAO,-25.89,27.687,1414.3,2016,5,14,500,2016-05-14,0.0228848303858379,22.8848303858379,0.0219311481632844,21.9311481632844,0.0218208333333333,21.8208333333333,21.8208333333333,21.8208333333333,21.8208333333333,22.8848303858379,22.8848303858379,22.8848303858379,21.9311481632844,21.9311481632844,21.9311481632844
HRAO,-25.89,27.687,1414.3,2016,5,15,501,2016-05-15,0.0202188564230023,20.2188564230023,0.019904881551809,19.904881551809,0.0197708333333333,19.7708333333333,19.7708333333333,19.7708333333333,19.7708333333333,20.2188564230023,20.2188564230023,20.2188564230023,19.904881551809,19.904881551809,19.904881551809
HRAO,-25.89,27.687,1414.3,2016,5,16,502,2016-05-16,0.0168434384330717,16.8434384330717,0.0169164293822572,16.9164293822572,0.0166291666666666,16.629166666666602,16.629166666666602,16.629166666666602,16.629166666666602,16.8434384330717,16.8434384330717,16.8434384330717,16.9164293822572,16.9164293822572,16.9164293822572
HRAO,-25.89,27.687,1414.3,2016,5,17,503,2016-05-17,0.0145417391422247,14.541739142224701,0.0141878747999906,14.187874799990599,0.013925,13.925,13.925,13.925,13.925,14.541739142224701,14.541739142224701,14.541739142224701,14.187874799990599,14.187874799990599,14.187874799990599
HRAO,-25.89,27.687,1414.3,2016,5,18,504,2016-05-18,0.0147581393961384,14.7581393961384,0.0136217213866995,13.6217213866995,0.0140916666666666,14.0916666666666,14.0916666666666,14.0916666666666,14.0916666666666,14.7581393961384,14.7581393961384,14.7581393961384,13.6217213866995,13.6217213866995,13.6217213866995
HRAO,-25.89,27.687,1414.3,2016,5,19,505,2016-05-19,0.0152742671655293,15.2742671655293,0.0145096093627092,14.509609362709199,0.0146083333333333,14.608333333333299,14.608333333333299,14.608333333333299,14.608333333333299,15.2742671655293,15.2742671655293,15.2742671655293,14.509609362709199,14.509609362709199,14.509609362709199
HRAO,-25.89,27.687,1414.3,2016,5,20,506,2016-05-20,0.0156915124301115,15.6915124301115,0.013840491908032,13.840491908032,0.0138708333333333,13.8708333333333,13.8708333333333,13.8708333333333,13.8708333333333,15.6915124301115,15.6915124301115,15.6915124301115,13.840491908032,13.840491908032,13.840491908032
HRAO,-25.89,27.687,1414.3,2016,5,21,507,2016-05-21,0.015618018201221,15.618018201221,0.0149117729121046,14.9117729121046,0.0144875,14.4875,14.4875,14.4875,14.4875,15.618018201221,15.618018201221,15.618018201221,14.9117729121046,14.9117729121046,14.9117729121046
HRAO,-25.89,27.687,1414.3,2016,5,22,508,2016-05-22,0.0110893960325164,11.089396032516401,0.0097178924097854,9.717892409785401,0.0110208333333333,11.020833333333298,11.020833333333298,11.020833333333298,11.020833333333298,11.089396032516401,11.089396032516401,11.089396032516401,9.717892409785401,9.717892409785401,9.717892409785401
HRAO,-25.89,27.687,1414.3,2016,5,23,509,2016-05-23,0.0092330510082007,9.2330510082007,0.0071806022813686,7.1806022813686,0.0082,8.200000000000001,11.020833333333298,8.200000000000001,8.200000000000001,9.2330510082007,9.2330510082007,9.2330510082007,7.1806022813686,7.1806022813686,7.1806022813686
HRAO,-25.89,27.687,1414.3,2016,5,24,510,2016-05-24,0.0101047802262295,10.104780226229499,0.0072106647854216,7.210664785421599,0.008975,8.975,8.975,8.975,8.975,10.104780226229499,10.104780226229499,10.104780226229499,7.210664785421599,7.210664785421599,7.210664785421599
HRAO,-25.89,27.687,1414.3,2016,5,25,511,2016-05-25,0.0120711002944238,12.0711002944238,0.0096060575426155,9.6060575426155,0.0103541666666666,10.3541666666666,10.3541666666666,10.3541666666666,10.3541666666666,12.0711002944238,12.0711002944238,12.0711002944238,9.6060575426155,9.6060575426155,9.6060575426155
HRAO,-25.89,27.687,1414.3,2016,5,26,512,2016-05-26,0.0148987281206722,14.8987281206722,0.0135792439402241,13.5792439402241,0.0141416666666666,14.1416666666666,14.1416666666666,14.1416666666666,14.1416666666666,14.8987281206722,14.8987281206722,14.8987281206722,13.5792439402241,13.5792439402241,13.5792439402241
HRAO,-25.89,27.687,1414.3,2016,5,27,513,2016-05-27,0.0142853450571658,14.285345057165799,0.0143536966914971,14.3536966914971,0.0137833333333333,13.7833333333333,9.466666666666601,13.7833333333333,13.7833333333333,14.285345057165799,14.285345057165799,14.285345057165799,9.6060575426155,14.3536966914971,14.3536966914971
HRAO,-25.89,27.687,1414.3,2016,5,28,514,2016-05-28,0.0111134714067393,11.1134714067393,0.0099048485802547,9.904848580254699,0.0094666666666666,9.466666666666601,9.466666666666601,9.466666666666601,9.466666666666601,11.1134714067393,11.1134714067393,11.1134714067393,9.904848580254699,9.904848580254699,9.904848580254699
HRAO,-25.89,27.687,1414.3,2016,5,29,515,2016-05-29,0.0091268367707752,9.1268367707752,0.0081930724914012,8.1930724914012,0.0081291666666666,8.1291666666666,8.1291666666666,8.1291666666666,8.1291666666666,9.1268367707752,9.1268367707752,9.1268367707752,8.1930724914012,8.1930724914012,8.1930724914012
HRAO,-25.89,27.687,1414.3,2016,5,30,516,2016-05-30,0.0083786639631019,8.3786639631019,0.0075677372776267,7.5677372776267,0.0078833333333333,7.883333333333299,7.883333333333299,7.883333333333299,7.883333333333299,8.3786639631019,8.3786639631019,8.3786639631019,7.5677372776267,7.5677372776267,7.5677372776267
HRAO,-25.89,27.687,1414.3,2016,6,1,518,2016-06-01,0.0080467250773497,8.0467250773497,0.0062713415018299,6.2713415018299,0.0076875,7.6875,7.6875,7.6875,7.6875,8.0467250773497,8.0467250773497,8.0467250773497,8.084434925383,6.2713415018299,6.2713415018299
HRAO,-25.89,27.687,1414.3,2016,6,2,519,2016-06-02,0.0075795307504207,7.5795307504207,0.0056258810928243,5.6258810928243,0.0068833333333333,6.8833333333333,8.1291666666666,6.8833333333333,6.8833333333333,7.5795307504207,7.5795307504207,7.5795307504207,8.084434925383,5.6258810928243,5.6258810928243
HRAO,-25.89,27.687,1414.3,2016,6,3,520,2016-06-03,0.0097062057028186,9.706205702818599,0.008084434925383,8.084434925383,0.0089625,8.9625,8.9625,8.9625,8.9625,9.706205702818599,9.706205702818599,9.706205702818599,8.084434925383,8.084434925383,8.084434925383
HRAO,-25.89,27.687,1414.3,2016,6,4,521,2016-06-04,0.010323173871673,10.323173871673001,0.0088625640701459,8.862564070145899,0.0090541666666666,9.0541666666666,9.0541666666666,9.0541666666666,9.0541666666666,10.323173871673001,10.323173871673001,10.323173871673001,8.862564070145899,8.862564070145899,8.862564070145899
HRAO,-25.89,27.687,1414.3,2016,6,5,522,2016-06-05,0.0117732809915685,11.7732809915685,0.0119554811300785,11.9554811300785,0.0121583333333333,12.158333333333301,12.158333333333301,12.158333333333301,12.158333333333301,11.7732809915685,11.7732809915685,11.7732809915685,11.9554811300785,11.9554811300785,11.9554811300785
HRAO,-25.89,27.687,1414.3,2016,6,6,523,2016-06-06,0.0116662118124235,11.6662118124235,0.0120842723390055,12.084272339005501,0.0119208333333333,11.9208333333333,11.9208333333333,11.9208333333333,11.9208333333333,11.6662118124235,11.6662118124235,11.6662118124235,12.084272339005501,12.084272339005501,12.084272339005501
HRAO,-25.89,27.687,1414.3,2016,6,7,524,2016-06-07,0.0107317922529079,10.7317922529079,0.0087486970818945,8.7486970818945,0.0097583333333333,9.758333333333299,9.758333333333299,9.758333333333299,9.758333333333299,10.7317922529079,10.7317922529079,10.7317922529079,8.7486970818945,8.7486970818945,8.7486970818945
HRAO,-25.89,27.687,1414.3,2016,6,8,525,2016-06-08,0.0093670889387584,9.3670889387584,0.0085485210796155,8.5485210796155,0.0087333333333333,8.733333333333299,8.733333333333299,8.733333333333299,8.733333333333299,9.3670889387584,9.3670889387584,9.3670889387584,8.5485210796155,8.5485210796155,8.5485210796155
HRAO,-25.89,27.687,1414.3,2016,6,9,526,2016-06-09,0.0095452709745265,9.545270974526499,0.0075652905791974,7.5652905791973994,0.0082833333333333,8.283333333333301,8.283333333333301,8.283333333333301,8.283333333333301,9.545270974526499,9.545270974526499,9.545270974526499,10.1046650788932,7.5652905791973994,7.5652905791973994
HRAO,-25.89,27.687,1414.3,2016,6,10,527,2016-06-10,0.0125587095846672,12.5587095846672,0.0101046650788932,10.1046650788932,0.011075,11.075,11.075,11.075,11.075,12.5587095846672,12.5587095846672,12.5587095846672,10.1046650788932,10.1046650788932,10.1046650788932
HRAO,-25.89,27.687,1414.3,2016,6,11,528,2016-06-11,0.0120730671294833,12.0730671294833,0.010385781921974,10.385781921974,0.0101541666666666,10.1541666666666,10.1541666666666,10.1541666666666,10.1541666666666,12.0730671294833,12.0730671294833,12.0730671294833,10.385781921974,10.385781921974,10.385781921974
HRAO,-25.89,27.687,1414.3,2016,6,12,529,2016-06-12,0.0153843046896047,15.384304689604699,0.0108984243943215,10.8984243943215,0.0128208333333333,12.8208333333333,12.8208333333333,12.8208333333333,12.8208333333333,15.384304689604699,15.384304689604699,15.384304689604699,10.8984243943215,10.8984243943215,10.8984243943215
HRAO,-25.89,27.687,1414.3,2016,6,13,530,2016-06-13,0.0169562241943377,16.9562241943377,0.0159155681028028,15.9155681028028,0.0153208333333333,15.320833333333299,15.320833333333299,15.320833333333299,15.320833333333299,16.9562241943377,16.9562241943377,16.9562241943377,15.9155681028028,15.9155681028028,15.9155681028028
HRAO,-25.89,27.687,1414.3,2016,6,14,531,2016-06-14,0.0147195544971912,14.7195544971912,0.0143568861669749,14.3568861669749,0.0145624999999999,14.5624999999999,14.5624999999999,14.5624999999999,14.5624999999999,14.7195544971912,14.7195544971912,14.7195544971912,14.3568861669749,14.3568861669749,14.3568861669749
HRAO,-25.89,27.687,1414.3,2016,6,15,532,2016-06-15,0.0118039448059429,11.8039448059429,0.0123329239468817,12.332923946881701,0.0118166666666666,11.8166666666666,11.8166666666666,11.8166666666666,11.8166666666666,11.8039448059429,11.8039448059429,11.8039448059429,12.332923946881701,12.332923946881701,12.332923946881701
HRAO,-25.89,27.687,1414.3,2016,6,16,533,2016-06-16,0.0104649558300416,10.4649558300416,0.0095552932340068,9.555293234006799,0.0092249999999999,9.2249999999999,9.2249999999999,9.2249999999999,9.2249999999999,10.4649558300416,10.4649558300416,10.4649558300416,9.555293234006799,9.555293234006799,9.555293234006799
HRAO,-25.89,27.687,1414.3,2016,6,17,534,2016-06-17,0.0112908279312044,11.290827931204399,0.0092507274962753,9.250727496275301,0.0097875,9.7875,9.7875,9.7875,9.7875,11.290827931204399,11.290827931204399,11.290827931204399,9.250727496275301,9.250727496275301,9.250727496275301
HRAO,-25.89,27.687,1414.3,2016,6,18,535,2016-06-18,0.0131674426374859,13.1674426374859,0.0130071598022402,13.007159802240201,0.0127458333333333,12.7458333333333,12.7458333333333,12.7458333333333,12.7458333333333,13.1674426374859,13.1674426374859,13.1674426374859,13.007159802240201,13.007159802240201,13.007159802240201
HRAO,-25.89,27.687,1414.3,2016,6,19,536,2016-06-19,0.0107833752989159,10.7833752989159,0.0111602796622487,11.160279662248701,0.0111625,11.162500000000001,11.162500000000001,11.162500000000001,11.162500000000001,10.7833752989159,10.7833752989159,10.7833752989159,11.160279662248701,11.160279662248701,11.160279662248701
HRAO,-25.89,27.687,1414.3,2016,6,20,537,2016-06-20,0.0100171219224508,10.0171219224508,0.009652916125337,9.652916125337,0.0099083333333333,9.9083333333333,9.9083333333333,9.9083333333333,9.9083333333333,10.0171219224508,10.0171219224508,10.0171219224508,9.652916125337,9.652916125337,9.652916125337
HRAO,-25.89,27.687,1414.3,2016,6,21,538,2016-06-21,0.0098164899648453,9.8164899648453,0.0080350173584144,8.0350173584144,0.0088833333333333,8.8833333333333,8.8833333333333,8.8833333333333,8.8833333333333,9.8164899648453,9.8164899648453,9.8164899648453,8.0350173584144,8.0350173584144,8.0350173584144
HRAO,-25.89,27.687,1414.3,2016,6,22,539,2016-06-22,0.0122076748316615,12.2076748316615,0.0116793877444704,11.6793877444704,0.01185,11.85,11.85,11.85,11.85,12.2076748316615,12.2076748316615,12.2076748316615,11.6793877444704,11.6793877444704,11.6793877444704
HRAO,-25.89,27.687,1414.3,2016,6,23,540,2016-06-23,0.0116082736752202,11.6082736752202,0.0108263226338065,10.8263226338065,0.0121333333333333,12.133333333333299,12.133333333333299,12.133333333333299,12.133333333333299,11.6082736752202,11.6082736752202,11.6082736752202,10.8263226338065,10.8263226338065,10.8263226338065
HRAO,-25.89,27.687,1414.3,2016,6,24,541,2016-06-24,0.0103377308530777,10.3377308530777,0.0096469894827622,9.6469894827622,0.0099,9.9,9.9,9.9,9.9,10.3377308530777,10.3377308530777,10.3377308530777,9.6469894827622,9.6469894827622,9.6469894827622
HRAO,-25.89,27.687,1414.3,2016,6,25,542,2016-06-25,0.0076128165884406,7.6128165884406,0.0068330936506491,6.8330936506491,0.0074375,7.4375,7.4375,7.4375,7.4375,7.6128165884406,7.6128165884406,7.6128165884406,6.8330936506491,6.8330936506491,6.8330936506491
HRAO,-25.89,27.687,1414.3,2016,6,26,543,2016-06-26,0.0065883069543549,6.5883069543549,0.0053895765059177,5.3895765059177005,0.0064125,6.4125,6.4125,6.4125,6.4125,6.5883069543549,6.5883069543549,6.5883069543549,5.3895765059177005,5.3895765059177005,5.3895765059177005
HRAO,-25.89,27.687,1414.3,2016,6,27,544,2016-06-27,0.0058522130061536,5.8522130061536,0.0049036162548741,4.9036162548741,0.0059,5.8999999999999995,5.8999999999999995,5.8999999999999995,5.8999999999999995,5.8522130061536,5.8522130061536,5.8522130061536,4.9036162548741,4.9036162548741,4.9036162548741
HRAO,-25.89,27.687,1414.3,2016,6,28,545,2016-06-28,0.0041951062864517,4.1951062864517,0.0041070485914792,4.1070485914792005,0.0039708333333333,3.9708333333333004,3.9708333333333004,3.9708333333333004,3.9708333333333004,4.1951062864517,4.1951062864517,4.1951062864517,4.9036162548741,4.1070485914792005,4.1070485914792005
HRAO,-25.89,27.687,1414.3,2016,6,29,546,2016-06-29,0.0040589774282226,4.0589774282226,0.0046175483340493,4.6175483340493,0.0042166666666666,4.2166666666666,4.2166666666666,4.2166666666666,4.2166666666666,4.0589774282226,4.0589774282226,4.0589774282226,4.6175483340493,4.6175483340493,4.6175483340493
HRAO,-25.89,27.687,1414.3,2016,6,30,547,2016-06-30,0.0047209354404054,4.7209354404054,0.0047845134765204,4.7845134765204005,0.0044958333333333,4.4958333333333,4.4958333333333,4.4958333333333,4.4958333333333,4.7209354404054,4.7209354404054,4.7209354404054,4.7845134765204005,4.7845134765204005,4.7845134765204005
HRAO,-25.89,27.687,1414.3,2016,7,1,548,2016-07-01,0.0090508743252646,9.0508743252646,0.0073332770839353,7.333277083935299,0.00835,8.35,4.941666666666601,8.35,8.35,9.0508743252646,9.0508743252646,9.0508743252646,5.1899716013061,7.333277083935299,7.333277083935299
HRAO,-25.89,27.687,1414.3,2016,7,2,549,2016-07-02,0.0074131909385349,7.4131909385349,0.0051899716013061,5.1899716013061,0.0049416666666666,4.941666666666601,4.941666666666601,4.941666666666601,4.941666666666601,7.4131909385349,7.4131909385349,7.4131909385349,5.1899716013061,5.1899716013061,5.1899716013061
HRAO,-25.89,27.687,1414.3,2016,7,3,550,2016-07-03,0.0088219770587947,8.8219770587947,0.0066557371317936,6.655737131793599,0.0084666666666666,8.4666666666666,8.4666666666666,8.4666666666666,8.4666666666666,8.8219770587947,8.8219770587947,8.8219770587947,6.655737131793599,6.655737131793599,6.655737131793599
HRAO,-25.89,27.687,1414.3,2016,7,4,551,2016-07-04,0.0075323585941558,7.5323585941558004,0.0075070463024131,7.5070463024131,0.0085916666666666,8.5916666666666,8.5916666666666,8.5916666666666,8.5916666666666,7.5323585941558004,7.5323585941558004,7.5323585941558004,7.5070463024131,7.5070463024131,7.5070463024131
HRAO,-25.89,27.687,1414.3,2016,7,5,552,2016-07-05,0.0062678181245738,6.267818124573799,0.0061233800192474,6.1233800192474,0.0062875,6.2875,8.387500000000001,6.2875,6.2875,8.759063688749,6.267818124573799,6.267818124573799,6.1233800192474,6.1233800192474,6.1233800192474
HRAO,-25.89,27.687,1414.3,2016,7,6,553,2016-07-06,0.0088108680427657,8.8108680427657,0.0085336657770144,8.5336657770144,0.008225,8.225,8.225,8.225,8.225,8.8108680427657,8.8108680427657,8.8108680427657,8.5336657770144,8.5336657770144,8.5336657770144
HRAO,-25.89,27.687,1414.3,2016,7,7,554,2016-07-07,0.008759063688749,8.759063688749,0.0077916208753562,7.7916208753562,0.0083875,8.387500000000001,8.387500000000001,8.387500000000001,8.387500000000001,8.759063688749,8.759063688749,8.759063688749,7.7916208753562,7.7916208753562,7.7916208753562
HRAO,-25.89,27.687,1414.3,2016,7,8,555,2016-07-08,0.0090115901813823,9.0115901813823,0.009045862315852,9.045862315852,0.0093958333333333,9.3958333333333,9.3958333333333,9.3958333333333,9.3958333333333,9.0115901813823,9.0115901813823,9.0115901813823,9.045862315852,9.045862315852,9.045862315852
HRAO,-25.89,27.687,1414.3,2016,7,9,556,2016-07-09,0.0063274961768434,6.3274961768434,0.0057034199857102,5.7034199857102,0.0057916666666666,5.7916666666666,5.7916666666666,5.7916666666666,5.7916666666666,8.759063688749,6.3274961768434,6.3274961768434,5.7034199857102,5.7034199857102,5.7034199857102
HRAO,-25.89,27.687,1414.3,2016,7,10,557,2016-07-10,0.0084674573370418,8.4674573370418,0.0081722568542914,8.172256854291401,0.0082791666666666,8.2791666666666,8.2791666666666,8.2791666666666,8.2791666666666,8.4674573370418,8.4674573370418,8.4674573370418,8.172256854291401,8.172256854291401,8.172256854291401
HRAO,-25.89,27.687,1414.3,2016,7,11,558,2016-07-11,0.0089360038523641,8.9360038523641,0.0078806485736541,7.8806485736541,0.0085624999999999,8.5624999999999,8.5624999999999,8.5624999999999,8.5624999999999,8.9360038523641,8.9360038523641,8.9360038523641,7.8806485736541,7.8806485736541,7.8806485736541
HRAO,-25.89,27.687,1414.3,2016,7,12,559,2016-07-12,0.0083001320749199,8.300132074919901,0.0072063393142796,7.2063393142795995,0.007725,7.7250000000000005,7.7250000000000005,7.7250000000000005,7.7250000000000005,8.300132074919901,8.300132074919901,8.300132074919901,7.2063393142795995,7.2063393142795995,7.2063393142795995
HRAO,-25.89,27.687,1414.3,2016,7,13,560,2016-07-13,0.0070603449509593,7.0603449509592995,0.0057937660782802,5.7937660782802,0.0061458333333333,6.1458333333333,6.1458333333333,6.1458333333333,6.1458333333333,7.717208177951799,7.0603449509592995,7.0603449509592995,5.7937660782802,5.7937660782802,5.7937660782802
HRAO,-25.89,27.687,1414.3,2016,7,14,561,2016-07-14,0.0076317174930552,7.631717493055199,0.0061569356314848,6.1569356314848,0.0067,6.7,6.7,6.7,6.7,7.631717493055199,7.631717493055199,7.631717493055199,6.1569356314848,6.1569356314848,6.1569356314848
HRAO,-25.89,27.687,1414.3,2016,7,15,562,2016-07-15,0.0077172081779518,7.717208177951799,0.0064414251686759,6.4414251686759005,0.0062083333333333,6.2083333333333,6.2083333333333,6.2083333333333,6.2083333333333,7.717208177951799,7.717208177951799,7.717208177951799,6.4414251686759005,6.4414251686759005,6.4414251686759005
HRAO,-25.89,27.687,1414.3,2016,7,16,563,2016-07-16,0.00757063406846,7.57063406846,0.0063695636257611,6.3695636257611,0.0063416666666666,6.341666666666599,6.341666666666599,6.341666666666599,6.341666666666599,7.57063406846,7.57063406846,7.57063406846,6.3695636257611,6.3695636257611,6.3695636257611
HRAO,-25.89,27.687,1414.3,2016,7,17,564,2016-07-17,0.0105041806540041,10.504180654004099,0.0095742847939132,9.5742847939132,0.0104583333333333,10.4583333333333,6.7,10.4583333333333,10.4583333333333,7.717208177951799,10.504180654004099,10.504180654004099,6.5308056983415,9.5742847939132,9.5742847939132
HRAO,-25.89,27.687,1414.3,2016,7,18,565,2016-07-18,0.0097033909440351,9.7033909440351,0.0097245606744257,9.7245606744257,0.0101375,10.137500000000001,6.4291666666666,10.137500000000001,10.137500000000001,7.717208177951799,9.7033909440351,9.7033909440351,9.7245606744257,9.7245606744257,9.7245606744257
HRAO,-25.89,27.687,1414.3,2016,7,19,566,2016-07-19,0.007750352565915,7.750352565915,0.0073486952194653,7.3486952194652995,0.006875,6.875,6.875,6.875,6.875,7.750352565915,7.750352565915,7.750352565915,7.3486952194652995,7.3486952194652995,7.3486952194652995
HRAO,-25.89,27.687,1414.3,2016,7,20,567,2016-07-20,0.0069448897677949,6.9448897677948995,0.0065308056983415,6.5308056983415,0.0064291666666666,6.4291666666666,6.4291666666666,6.4291666666666,6.4291666666666,6.9448897677948995,6.9448897677948995,6.9448897677948995,6.5308056983415,6.5308056983415,6.5308056983415
HRAO,-25.89,27.687,1414.3,2016,7,21,568,2016-07-21,0.0051934737458789,5.1934737458789,0.0051433493810714,5.1433493810714,0.005075,5.074999999999999,5.074999999999999,5.074999999999999,5.074999999999999,5.1934737458789,5.1934737458789,5.1934737458789,5.1433493810714,5.1433493810714,5.1433493810714
HRAO,-25.89,27.687,1414.3,2016,7,22,569,2016-07-22,0.0048648375413951,4.8648375413951,0.0046890127750447,4.6890127750446995,0.0045958333333333,4.5958333333332995,4.5958333333332995,4.5958333333332995,4.5958333333332995,4.8648375413951,4.8648375413951,4.8648375413951,4.6890127750446995,4.6890127750446995,4.6890127750446995
HRAO,-25.89,27.687,1414.3,2016,7,23,570,2016-07-23,0.0061168223259602,6.1168223259602,0.0046281512560529,4.6281512560529,0.0043208333333333,4.3208333333333,4.3208333333333,4.3208333333333,4.3208333333333,6.1168223259602,6.1168223259602,6.1168223259602,4.6281512560529,4.6281512560529,4.6281512560529
HRAO,-25.89,27.687,1414.3,2016,7,24,571,2016-07-24,0.011860985238578,11.860985238578,0.0101700514099285,10.1700514099285,0.010625,10.625,10.625,10.625,10.625,11.860985238578,11.860985238578,11.860985238578,10.1700514099285,10.1700514099285,10.1700514099285
HRAO,-25.89,27.687,1414.3,2016,7,25,572,2016-07-25,0.0171655038759082,17.1655038759082,0.0160217930733907,16.0217930733907,0.01635,16.35,16.35,16.35,16.35,6.1168223259602,17.1655038759082,17.1655038759082,16.0217930733907,16.0217930733907,16.0217930733907
HRAO,-25.89,27.687,1414.3,2016,7,26,573,2016-07-26,0.0138102642366406,13.8102642366406,0.0133661519875735,13.3661519875735,0.0123208333333333,12.320833333333299,12.320833333333299,12.320833333333299,12.320833333333299,13.8102642366406,13.8102642366406,13.8102642366406,13.3661519875735,13.3661519875735,13.3661519875735
HRAO,-25.89,27.687,1414.3,2016,7,27,574,2016-07-27,0.0038798288142743,3.8798288142743,0.0030756861084973,3.0756861084972997,0.0027958333333333,2.7958333333333,2.7958333333333,2.7958333333333,2.7958333333333,3.8798288142743,3.8798288142743,3.8798288142743,3.0756861084972997,3.0756861084972997,3.0756861084972997
HRAO,-25.89,27.687,1414.3,2016,7,28,575,2016-07-28,0.0050262003441516,5.0262003441516,0.0043859554407148,4.3859554407148,0.0046708333333333,4.6708333333333005,4.6708333333333005,4.6708333333333005,4.6708333333333005,5.0262003441516,5.0262003441516,5.0262003441516,4.3859554407148,4.3859554407148,4.3859554407148
HRAO,-25.89,27.687,1414.3,2016,7,29,576,2016-07-29,0.0051465772199863,5.1465772199863,0.0045964735510367,4.5964735510367,0.0044125,4.4125,4.4125,4.4125,4.4125,5.1465772199863,5.1465772199863,5.1465772199863,4.5964735510367,4.5964735510367,4.5964735510367
HRAO,-25.89,27.687,1414.3,2016,7,30,577,2016-07-30,0.006240689637381,6.240689637381,0.0057484556236087,5.7484556236087,0.0059625,5.9625,5.9625,5.9625,5.9625,6.240689637381,6.240689637381,6.240689637381,5.7484556236087,5.7484556236087,5.7484556236087
HRAO,-25.89,27.687,1414.3,2016,8,1,579,2016-08-01,0.0062699604309277,6.269960430927701,0.0060943372218517,6.0943372218517,0.0058541666666666,5.8541666666665995,5.8541666666665995,5.8541666666665995,5.8541666666665995,6.269960430927701,6.269960430927701,6.269960430927701,6.0943372218517,6.0943372218517,6.0943372218517
HRAO,-25.89,27.687,1414.3,2016,8,2,580,2016-08-02,0.0054822908133246,5.4822908133246,0.0053095293147908,5.3095293147908,0.0051958333333333,5.1958333333333,5.1958333333333,5.1958333333333,5.1958333333333,5.4822908133246,5.4822908133246,5.4822908133246,5.3095293147908,5.3095293147908,5.3095293147908
HRAO,-25.89,27.687,1414.3,2016,8,3,581,2016-08-03,0.0050041667196969,5.0041667196969,0.0058707051136771,5.8707051136771,0.0058791666666666,5.879166666666601,5.879166666666601,5.879166666666601,5.879166666666601,5.0041667196969,5.0041667196969,5.0041667196969,5.8707051136771,5.8707051136771,5.8707051136771
HRAO,-25.89,27.687,1414.3,2016,8,4,582,2016-08-04,0.0036663434391798,3.6663434391798,0.0035369962543964,3.5369962543963998,0.0033458333333333,3.3458333333333,3.3458333333333,3.3458333333333,3.3458333333333,3.6663434391798,3.6663434391798,3.6663434391798,3.5369962543963998,3.5369962543963998,3.5369962543963998
HRAO,-25.89,27.687,1414.3,2016,8,5,583,2016-08-05,0.0038403648156179,3.8403648156179,0.0040162061768648,4.0162061768648005,0.0036083333333333,3.6083333333332996,3.6083333333332996,3.6083333333332996,3.6083333333332996,3.8403648156179,3.8403648156179,3.8403648156179,4.0162061768648005,4.0162061768648005,4.0162061768648005
HRAO,-25.89,27.687,1414.3,2016,8,6,584,2016-08-06,0.0044394955008558,4.4394955008558,0.0039976760473408,3.9976760473408,0.0033375,3.3375000000000004,3.3375000000000004,3.3375000000000004,3.3375000000000004,4.4394955008558,4.4394955008558,4.4394955008558,3.9976760473408,3.9976760473408,3.9976760473408
HRAO,-25.89,27.687,1414.3,2016,8,7,585,2016-08-07,0.0047241069896101,4.7241069896101004,0.0046803865756695,4.6803865756695,0.0040333333333333,4.0333333333333,4.0333333333333,4.0333333333333,4.0333333333333,4.7241069896101004,4.7241069896101004,4.7241069896101004,4.6803865756695,4.6803865756695,4.6803865756695
HRAO,-25.89,27.687,1414.3,2016,8,8,586,2016-08-08,0.0049599597989836,4.9599597989836,0.0051585125403061,5.1585125403061,0.0050458333333333,5.0458333333333,5.0458333333333,5.0458333333333,5.0458333333333,4.9599597989836,4.9599597989836,4.9599597989836,5.1585125403061,5.1585125403061,5.1585125403061
HRAO,-25.89,27.687,1414.3,2016,8,9,587,2016-08-09,0.0053803181532857,5.3803181532857005,0.0058974081267061,5.8974081267061,0.0060041666666666,6.004166666666601,6.004166666666601,6.004166666666601,6.004166666666601,5.3803181532857005,5.3803181532857005,5.3803181532857005,5.8974081267061,5.8974081267061,5.8974081267061
HRAO,-25.89,27.687,1414.3,2016,8,10,588,2016-08-10,0.005157078651678,5.157078651678,0.0039881994769019,3.9881994769019005,0.0041208333333333,4.1208333333333,4.1208333333333,4.1208333333333,4.1208333333333,5.157078651678,5.157078651678,5.157078651678,3.9881994769019005,3.9881994769019005,3.9881994769019005
HRAO,-25.89,27.687,1414.3,2016,8,11,589,2016-08-11,0.0043822948211333,4.3822948211333,0.0033646184018117,3.3646184018117,0.0033083333333333,3.3083333333333,3.3083333333333,3.3083333333333,3.3083333333333,4.3822948211333,4.3822948211333,4.3822948211333,3.3646184018117,3.3646184018117,3.3646184018117
HRAO,-25.89,27.687,1414.3,2016,8,12,590,2016-08-12,0.0043153816040252,4.3153816040252,0.0031453445522959,3.1453445522959,0.0033333333333333,3.3333333333333,3.3333333333333,3.3333333333333,3.3333333333333,4.3153816040252,4.3153816040252,4.3153816040252,3.1453445522959,3.1453445522959,3.1453445522959
HRAO,-25.89,27.687,1414.3,2016,8,13,591,2016-08-13,0.0067760482195984,6.7760482195984,0.0046047590524411,4.6047590524411,0.0053333333333333,5.3333333333333,5.3333333333333,5.3333333333333,5.3333333333333,6.7760482195984,6.7760482195984,6.7760482195984,4.6047590524411,4.6047590524411,4.6047590524411
HRAO,-25.89,27.687,1414.3,2016,8,14,592,2016-08-14,0.0111508691199038,11.150869119903799,0.0111456500332809,11.145650033280901,0.0114333333333333,11.4333333333333,11.4333333333333,11.4333333333333,11.4333333333333,11.150869119903799,11.150869119903799,11.150869119903799,11.145650033280901,11.145650033280901,11.145650033280901
HRAO,-25.89,27.687,1414.3,2016,8,15,593,2016-08-15,0.013841351087749,13.841351087749,0.0126577028624162,12.657702862416201,0.0128083333333333,12.8083333333333,12.8083333333333,12.8083333333333,12.8083333333333,13.841351087749,13.841351087749,13.841351087749,12.657702862416201,12.657702862416201,12.657702862416201
HRAO,-25.89,27.687,1414.3,2016,8,16,594,2016-08-16,0.0159102173828739,15.9102173828739,0.015835851799202,15.835851799202,0.0154208333333333,15.4208333333333,15.4208333333333,15.4208333333333,15.4208333333333,15.9102173828739,15.9102173828739,15.9102173828739,15.835851799202,15.835851799202,15.835851799202
HRAO,-25.89,27.687,1414.3,2016,8,17,595,2016-08-17,0.0146657911226601,14.6657911226601,0.0128974803391894,12.8974803391894,0.0128875,12.8875,12.8875,12.8875,12.8875,14.6657911226601,14.6657911226601,14.6657911226601,12.8974803391894,12.8974803391894,12.8974803391894
HRAO,-25.89,27.687,1414.3,2016,8,18,596,2016-08-18,0.0131942544092937,13.1942544092937,0.0107859275034376,10.7859275034376,0.01115,11.15,11.15,11.15,11.15,13.1942544092937,13.1942544092937,13.1942544092937,10.7859275034376,10.7859275034376,10.7859275034376
HRAO,-25.89,27.687,1414.3,2016,8,19,597,2016-08-19,0.0165460970682314,16.5460970682314,0.0148048926638525,14.8048926638525,0.0165708333333333,16.570833333333297,16.570833333333297,16.570833333333297,16.570833333333297,16.5460970682314,16.5460970682314,16.5460970682314,14.8048926638525,14.8048926638525,14.8048926638525
HRAO,-25.89,27.687,1414.3,2016,8,20,598,2016-08-20,0.0135638865508533,13.563886550853299,0.0139265062089112,13.926506208911201,0.0141249999999999,14.1249999999999,14.1249999999999,14.1249999999999,14.1249999999999,13.563886550853299,13.563886550853299,13.563886550853299,13.926506208911201,13.926506208911201,13.926506208911201
HRAO,-25.89,27.687,1414.3,2016,8,21,599,2016-08-21,0.0060538404313801,6.0538404313801,0.0051793108593874,5.1793108593874,0.0043041666666666,4.3041666666666005,4.3041666666666005,4.3041666666666005,4.3041666666666005,6.0538404313801,6.0538404313801,6.0538404313801,5.1793108593874,5.1793108593874,5.1793108593874
HRAO,-25.89,27.687,1414.3,2016,8,22,600,2016-08-22,0.0042673185592377,4.2673185592377,0.0038423984603134,3.8423984603134,0.0034416666666666,3.4416666666666,3.4416666666666,3.4416666666666,3.4416666666666,4.2673185592377,4.2673185592377,4.2673185592377,3.8423984603134,3.8423984603134,3.8423984603134
HRAO,-25.89,27.687,1414.3,2016,8,23,601,2016-08-23,0.0058211523866759,5.8211523866759,0.0046864400630992,4.686440063099201,0.0043416666666666,4.341666666666599,4.341666666666599,4.341666666666599,4.341666666666599,5.8211523866759,5.8211523866759,5.8211523866759,4.686440063099201,4.686440063099201,4.686440063099201
HRAO,-25.89,27.687,1414.3,2016,8,24,602,2016-08-24,0.0077355870690592,7.7355870690592,0.0071947032747649,7.1947032747649,0.0069749999999999,6.974999999999899,6.974999999999899,6.974999999999899,6.974999999999899,7.7355870690592,7.7355870690592,7.7355870690592,7.1947032747649,7.1947032747649,7.1947032747649
HRAO,-25.89,27.687,1414.3,2016,8,25,603,2016-08-25,0.0060309866476519,6.0309866476519005,0.0050566221641206,5.0566221641206,0.0046833333333333,4.6833333333333,4.6833333333333,4.6833333333333,4.6833333333333,6.0309866476519005,6.0309866476519005,6.0309866476519005,5.0566221641206,5.0566221641206,5.0566221641206
HRAO,-25.89,27.687,1414.3,2016,8,26,604,2016-08-26,0.0068591286034553,6.8591286034553,0.0054698608500741,5.4698608500741,0.0053,5.3,5.3,5.3,5.3,6.8591286034553,6.8591286034553,6.8591286034553,5.4698608500741,5.4698608500741,5.4698608500741
HRAO,-25.89,27.687,1414.3,2016,8,27,605,2016-08-27,0.0067365667607301,6.7365667607301,0.0066161578382181,6.6161578382181,0.0064708333333333,6.4708333333332995,6.4708333333332995,6.4708333333332995,6.4708333333332995,6.7365667607301,6.7365667607301,6.7365667607301,5.5619435955379,6.6161578382181,6.6161578382181
HRAO,-25.89,27.687,1414.3,2016,8,28,606,2016-08-28,0.0063673587737737,6.3673587737737,0.0053979097437702,5.3979097437702,0.0056916666666666,5.6916666666666,5.6916666666666,5.6916666666666,5.6916666666666,6.3673587737737,6.3673587737737,6.3673587737737,5.3979097437702,5.3979097437702,5.3979097437702
HRAO,-25.89,27.687,1414.3,2016,8,29,607,2016-08-29,0.0062668380212854,6.2668380212854,0.0055619435955379,5.5619435955379,0.0055333333333333,5.5333333333332995,5.5333333333332995,5.5333333333332995,5.5333333333332995,6.2668380212854,6.2668380212854,6.2668380212854,5.5619435955379,5.5619435955379,5.5619435955379
HRAO,-25.89,27.687,1414.3,2016,8,30,608,2016-08-30,0.0062005404918308,6.2005404918308,0.0056879366076759,5.6879366076759,0.0053374999999999,5.3374999999999,5.3374999999999,5.3374999999999,5.3374999999999,6.2005404918308,6.2005404918308,6.2005404918308,5.6879366076759,5.6879366076759,5.6879366076759
HRAO,-25.89,27.687,1414.3,2016,9,1,610,2016-09-01,0.0057600913474664,5.7600913474664,0.0054530584430286,5.4530584430286,0.0056208333333333,5.6208333333333,5.6208333333333,5.6208333333333,5.6208333333333,6.3673587737737,5.7600913474664,5.7600913474664,5.4530584430286,5.4530584430286,5.4530584430286
HRAO,-25.89,27.687,1414.3,2016,9,2,611,2016-09-02,0.0066657756828799,6.6657756828799,0.0055120060155104,5.5120060155104005,0.0055,5.5,5.6208333333333,5.5,5.5,6.6657756828799,6.6657756828799,6.6657756828799,5.5120060155104005,5.5120060155104005,5.5120060155104005
HRAO,-25.89,27.687,1414.3,2016,9,3,612,2016-09-03,0.0094389275991688,9.4389275991688,0.0071962463936429,7.1962463936429,0.0073166666666666,7.3166666666666,7.3166666666666,7.3166666666666,7.3166666666666,9.4389275991688,9.4389275991688,9.4389275991688,7.1962463936429,7.1962463936429,7.1962463936429
HRAO,-25.89,27.687,1414.3,2016,9,4,613,2016-09-04,0.0117866369292775,11.7866369292775,0.0106398037714371,10.6398037714371,0.0101666666666666,10.1666666666666,10.1666666666666,10.1666666666666,10.1666666666666,11.7866369292775,11.7866369292775,11.7866369292775,10.6398037714371,10.6398037714371,10.6398037714371
HRAO,-25.89,27.687,1414.3,2016,9,5,614,2016-09-05,0.0107683155508849,10.768315550884902,0.0103057110586242,10.3057110586242,0.0101625,10.1625,10.1625,10.1625,10.1625,10.768315550884902,10.768315550884902,10.768315550884902,10.3057110586242,10.3057110586242,10.3057110586242
HRAO,-25.89,27.687,1414.3,2016,9,6,615,2016-09-06,0.0103994065880732,10.3994065880732,0.010615334926691,10.615334926691,0.0115125,11.5125,11.5125,11.5125,11.5125,11.7866369292775,10.3994065880732,10.3994065880732,10.615334926691,10.615334926691,10.615334926691
HRAO,-25.89,27.687,1414.3,2016,9,7,616,2016-09-07,0.0135621506861818,13.5621506861818,0.0130387516217069,13.0387516217069,0.01475,14.75,13.820833333333299,14.75,14.75,13.5621506861818,13.5621506861818,13.5621506861818,13.0387516217069,13.0387516217069,13.0387516217069
HRAO,-25.89,27.687,1414.3,2016,9,8,617,2016-09-08,0.0144837446357812,14.4837446357812,0.013809559236209,13.809559236209,0.0138208333333333,13.820833333333299,13.820833333333299,13.820833333333299,13.820833333333299,14.4837446357812,14.4837446357812,14.4837446357812,13.809559236209,13.809559236209,13.809559236209
HRAO,-25.89,27.687,1414.3,2016,9,9,618,2016-09-09,0.0145740117654393,14.5740117654393,0.0145663650454358,14.5663650454358,0.0152875,15.287500000000001,15.287500000000001,15.287500000000001,15.287500000000001,14.5740117654393,14.5740117654393,14.5740117654393,14.5663650454358,14.5663650454358,14.5663650454358
HRAO,-25.89,27.687,1414.3,2016,9,10,619,2016-09-10,0.0150618483556818,15.0618483556818,0.0155740548460694,15.574054846069401,0.0164541666666666,16.454166666666598,16.454166666666598,16.454166666666598,16.454166666666598,15.0618483556818,15.0618483556818,15.0618483556818,15.574054846069401,15.574054846069401,15.574054846069401
HRAO,-25.89,27.687,1414.3,2016,9,11,620,2016-09-11,0.012728630098613,12.728630098613,0.0122281125644318,12.228112564431799,0.0121375,12.137500000000001,12.137500000000001,12.137500000000001,12.137500000000001,12.728630098613,12.728630098613,12.728630098613,12.228112564431799,12.228112564431799,12.228112564431799
HRAO,-25.89,27.687,1414.3,2016,9,12,621,2016-09-12,0.0157650670344195,15.765067034419499,0.0136127499176172,13.612749917617199,0.0154041666666666,15.404166666666601,15.404166666666601,15.404166666666601,15.404166666666601,15.765067034419499,15.765067034419499,15.765067034419499,13.612749917617199,13.612749917617199,13.612749917617199
HRAO,-25.89,27.687,1414.3,2016,9,13,622,2016-09-13,0.0180049536619668,18.004953661966802,0.0162043832662312,16.2043832662312,0.0174333333333333,17.4333333333333,17.4333333333333,17.4333333333333,17.4333333333333,18.004953661966802,18.004953661966802,18.004953661966802,16.2043832662312,16.2043832662312,16.2043832662312
HRAO,-25.89,27.687,1414.3,2016,9,14,623,2016-09-14,0.0196228548476903,19.6228548476903,0.0200890885532526,20.0890885532526,0.020575,20.575,20.575,20.575,20.575,19.6228548476903,19.6228548476903,19.6228548476903,20.0890885532526,20.0890885532526,20.0890885532526
HRAO,-25.89,27.687,1414.3,2016,9,15,624,2016-09-15,0.0178764219785665,17.876421978566498,0.0173097538171611,17.3097538171611,0.0177125,17.7125,17.7125,17.7125,17.7125,17.876421978566498,17.876421978566498,17.876421978566498,17.3097538171611,17.3097538171611,17.3097538171611
HRAO,-25.89,27.687,1414.3,2016,9,16,625,2016-09-16,0.0151752563729228,15.1752563729228,0.0159779230438462,15.977923043846198,0.01465,14.65,14.65,14.65,14.65,15.1752563729228,15.1752563729228,15.1752563729228,15.977923043846198,15.977923043846198,15.977923043846198
HRAO,-25.89,27.687,1414.3,2016,9,17,626,2016-09-17,0.0122045330994401,12.2045330994401,0.0111619434447936,11.1619434447936,0.0106124999999999,10.6124999999999,10.6124999999999,10.6124999999999,10.6124999999999,12.2045330994401,12.2045330994401,12.2045330994401,11.1619434447936,11.1619434447936,11.1619434447936
HRAO,-25.89,27.687,1414.3,2016,9,18,627,2016-09-18,0.0151832131286571,15.1832131286571,0.0153406436133341,15.3406436133341,0.0162791666666666,16.2791666666666,16.2791666666666,16.2791666666666,16.2791666666666,15.1832131286571,15.1832131286571,15.1832131286571,15.3406436133341,15.3406436133341,15.3406436133341
HRAO,-25.89,27.687,1414.3,2016,9,19,628,2016-09-19,0.0139625975853907,13.9625975853907,0.0121891870815801,12.1891870815801,0.0134541666666666,13.4541666666666,13.4541666666666,13.4541666666666,13.4541666666666,13.9625975853907,13.9625975853907,13.9625975853907,12.1891870815801,12.1891870815801,12.1891870815801
HRAO,-25.89,27.687,1414.3,2016,9,20,629,2016-09-20,0.0120573674068045,12.057367406804499,0.0112694618270521,11.2694618270521,0.0121791666666666,12.1791666666666,12.1791666666666,12.1791666666666,12.1791666666666,12.057367406804499,12.057367406804499,12.057367406804499,11.2694618270521,11.2694618270521,11.2694618270521
HRAO,-25.89,27.687,1414.3,2016,9,21,630,2016-09-21,0.0112279309444061,11.2279309444061,0.0090873983983968,9.0873983983968,0.00975,9.75,9.75,9.75,9.75,11.2279309444061,11.2279309444061,11.2279309444061,9.0873983983968,9.0873983983968,9.0873983983968
HRAO,-25.89,27.687,1414.3,2016,9,22,631,2016-09-22,0.0099323672796841,9.9323672796841,0.0098780138382388,9.878013838238799,0.0106916666666666,10.691666666666599,10.691666666666599,10.691666666666599,10.691666666666599,9.9323672796841,9.9323672796841,9.9323672796841,9.878013838238799,9.878013838238799,9.878013838238799
HRAO,-25.89,27.687,1414.3,2016,9,23,632,2016-09-23,0.0087286806560507,8.7286806560507,0.0085663667014365,8.5663667014365,0.0081375,8.137500000000001,8.137500000000001,8.137500000000001,8.137500000000001,8.7286806560507,8.7286806560507,8.7286806560507,8.5663667014365,8.5663667014365,8.5663667014365
HRAO,-25.89,27.687,1414.3,2016,9,24,633,2016-09-24,0.0086784527222149,8.678452722214901,0.0095649327229039,9.5649327229039,0.0098208333333333,9.820833333333299,9.820833333333299,9.820833333333299,9.820833333333299,8.678452722214901,8.678452722214901,8.678452722214901,9.5649327229039,9.5649327229039,9.5649327229039
HRAO,-25.89,27.687,1414.3,2016,9,25,634,2016-09-25,0.0132970258463583,13.2970258463583,0.0077989212643887,7.798921264388699,0.0092291666666666,9.2291666666666,9.2291666666666,9.2291666666666,9.2291666666666,13.2970258463583,13.2970258463583,13.2970258463583,7.798921264388699,7.798921264388699,7.798921264388699
HRAO,-25.89,27.687,1414.3,2016,9,26,635,2016-09-26,0.0187316721469026,18.7316721469026,0.0172988685726718,17.2988685726718,0.0171625,17.1625,9.2291666666666,17.1625,17.1625,18.7316721469026,18.7316721469026,18.7316721469026,17.2988685726718,17.2988685726718,17.2988685726718
HRAO,-25.89,27.687,1414.3,2016,9,27,636,2016-09-27,0.0221633988579709,22.1633988579709,0.0203490634913765,20.349063491376498,0.0214291666666666,21.4291666666666,21.4291666666666,21.4291666666666,21.4291666666666,22.1633988579709,22.1633988579709,22.1633988579709,20.349063491376498,20.349063491376498,20.349063491376498
HRAO,-25.89,27.687,1414.3,2016,9,28,637,2016-09-28,0.0121190869546258,12.1190869546258,0.0107844657173837,10.7844657173837,0.0087208333333333,8.7208333333333,8.7208333333333,8.7208333333333,8.7208333333333,12.1190869546258,12.1190869546258,12.1190869546258,10.7844657173837,10.7844657173837,10.7844657173837
HRAO,-25.89,27.687,1414.3,2016,9,29,638,2016-09-29,0.0091296315167009,9.1296315167009,0.0061650639490959,6.1650639490959005,0.0058291666666666,5.8291666666666,5.8291666666666,5.8291666666666,5.8291666666666,9.1296315167009,9.1296315167009,9.1296315167009,6.1650639490959005,6.1650639490959005,6.1650639490959005
HRAO,-25.89,27.687,1414.3,2016,9,30,639,2016-09-30,0.0123060014521182,12.306001452118199,0.0125058022551706,12.5058022551706,0.0121958333333333,12.195833333333299,12.195833333333299,12.195833333333299,12.195833333333299,12.306001452118199,12.306001452118199,12.306001452118199,12.5058022551706,12.5058022551706,12.5058022551706
HRAO,-25.89,27.687,1414.3,2016,10,1,640,2016-10-01,0.0076959169205268,7.6959169205268,0.0073975787337953,7.397578733795299,0.00645,6.45,6.45,6.45,6.45,7.6959169205268,7.6959169205268,7.6959169205268,7.397578733795299,7.397578733795299,7.397578733795299
HRAO,-25.89,27.687,1414.3,2016,10,2,641,2016-10-02,0.0071124340925946,7.1124340925946,0.0049055539796377,4.9055539796377,0.0043708333333333,4.370833333333301,4.370833333333301,4.370833333333301,4.370833333333301,7.1124340925946,7.1124340925946,7.1124340925946,4.9055539796377,4.9055539796377,4.9055539796377
HRAO,-25.89,27.687,1414.3,2016,10,3,642,2016-10-03,0.0086097247372222,8.609724737222201,0.0060912953664037,6.0912953664037,0.0068,6.8,6.8,6.8,6.8,8.609724737222201,8.609724737222201,8.609724737222201,6.0912953664037,6.0912953664037,6.0912953664037
HRAO,-25.89,27.687,1414.3,2016,10,4,643,2016-10-04,0.0119964039792842,11.9964039792842,0.0105628580737672,10.5628580737672,0.0110416666666666,11.0416666666666,6.8,11.0416666666666,11.0416666666666,11.9964039792842,11.9964039792842,11.9964039792842,10.5628580737672,10.5628580737672,10.5628580737672
HRAO,-25.89,27.687,1414.3,2016,10,5,644,2016-10-05,0.0097310208817302,9.731020881730199,0.0087214623990348,8.721462399034799,0.00925,9.25,9.25,9.25,9.25,9.731020881730199,9.731020881730199,9.731020881730199,8.721462399034799,8.721462399034799,8.721462399034799
HRAO,-25.89,27.687,1414.3,2016,10,6,645,2016-10-06,0.0076581374291883,7.6581374291883,0.0062216153728654,6.2216153728654,0.0068,6.8,6.8,6.8,6.8,7.6581374291883,7.6581374291883,7.6581374291883,6.2216153728654,6.2216153728654,6.2216153728654
HRAO,-25.89,27.687,1414.3,2016,10,7,646,2016-10-07,0.0110101983382359,11.0101983382359,0.009446815473533,9.446815473533,0.00975,9.75,9.75,9.75,9.75,11.0101983382359,11.0101983382359,11.0101983382359,9.446815473533,9.446815473533,9.446815473533
HRAO,-25.89,27.687,1414.3,2016,10,8,647,2016-10-08,0.0202241030155531,20.2241030155531,0.0190013855771905,19.0013855771905,0.0203625,20.362499999999997,20.362499999999997,20.362499999999997,20.362499999999997,20.2241030155531,20.2241030155531,20.2241030155531,19.0013855771905,19.0013855771905,19.0013855771905
HRAO,-25.89,27.687,1414.3,2016,10,9,648,2016-10-09,0.014170226878784,14.170226878784,0.0158952639567435,15.8952639567435,0.014125,14.125,14.125,14.125,14.125,14.170226878784,14.170226878784,14.170226878784,15.8952639567435,15.8952639567435,15.8952639567435
HRAO,-25.89,27.687,1414.3,2016,10,10,649,2016-10-10,0.0093599298382699,9.359929838269899,0.007275397837199,7.275397837199,0.0080583333333333,8.0583333333333,8.0583333333333,8.0583333333333,8.0583333333333,9.359929838269899,9.359929838269899,9.359929838269899,7.275397837199,7.275397837199,7.275397837199
HRAO,-25.89,27.687,1414.3,2016,10,11,650,2016-10-11,0.0137554897273417,13.7554897273417,0.0133160368776467,13.3160368776467,0.0132541666666666,13.2541666666666,13.2541666666666,13.2541666666666,13.2541666666666,13.7554897273417,13.7554897273417,13.7554897273417,13.3160368776467,13.3160368776467,13.3160368776467
HRAO,-25.89,27.687,1414.3,2016,10,12,651,2016-10-12,0.0107788363056275,10.7788363056275,0.0094566497440231,9.4566497440231,0.0087375,8.7375,14.125,8.7375,8.7375,10.7788363056275,10.7788363056275,10.7788363056275,9.4566497440231,9.4566497440231,9.4566497440231
HRAO,-25.89,27.687,1414.3,2016,10,13,652,2016-10-13,0.0183935456596964,18.3935456596964,0.0165688432664446,16.5688432664446,0.019125,19.125,19.125,19.125,19.125,18.3935456596964,18.3935456596964,18.3935456596964,16.5688432664446,16.5688432664446,16.5688432664446
HRAO,-25.89,27.687,1414.3,2016,10,14,653,2016-10-14,0.019514161303806,19.514161303806,0.0186190427661015,18.6190427661015,0.019975,19.975,19.975,19.975,19.975,19.514161303806,19.514161303806,19.514161303806,18.6190427661015,18.6190427661015,18.6190427661015
HRAO,-25.89,27.687,1414.3,2016,10,15,654,2016-10-15,0.0197711844513339,19.7711844513339,0.0174337026723654,17.4337026723654,0.0189666666666666,18.9666666666666,18.9666666666666,18.9666666666666,18.9666666666666,19.7711844513339,19.7711844513339,19.7711844513339,17.4337026723654,17.4337026723654,17.4337026723654
HRAO,-25.89,27.687,1414.3,2016,10,16,655,2016-10-16,0.0206663552387719,20.6663552387719,0.0202712092466034,20.271209246603398,0.0210958333333333,21.0958333333333,21.0958333333333,21.0958333333333,21.0958333333333,20.6663552387719,20.6663552387719,20.6663552387719,20.271209246603398,20.271209246603398,20.271209246603398
HRAO,-25.89,27.687,1414.3,2016,10,17,656,2016-10-17,0.017665633573205,17.665633573205,0.0170024242534709,17.0024242534709,0.017275,17.275,17.275,17.275,17.275,17.665633573205,17.665633573205,17.665633573205,17.0024242534709,17.0024242534709,17.0024242534709
HRAO,-25.89,27.687,1414.3,2016,10,18,657,2016-10-18,0.0253183783340842,25.3183783340842,0.0224192167274976,22.4192167274976,0.0241958333333333,24.195833333333297,24.195833333333297,24.195833333333297,24.195833333333297,25.3183783340842,25.3183783340842,25.3183783340842,22.4192167274976,22.4192167274976,22.4192167274976
HRAO,-25.89,27.687,1414.3,2016,10,19,658,2016-10-19,0.0288052520692734,28.8052520692734,0.0276958821530653,27.695882153065302,0.0271666666666666,27.1666666666666,27.1666666666666,27.1666666666666,27.1666666666666,28.8052520692734,28.8052520692734,28.8052520692734,27.695882153065302,27.695882153065302,27.695882153065302
HRAO,-25.89,27.687,1414.3,2016,10,20,659,2016-10-20,0.0274986258693533,27.4986258693533,0.0270404470060044,27.0404470060044,0.0277833333333333,27.7833333333333,27.7833333333333,27.7833333333333,27.7833333333333,27.4986258693533,27.4986258693533,27.4986258693533,27.0404470060044,27.0404470060044,27.0404470060044
HRAO,-25.89,27.687,1414.3,2016,10,21,660,2016-10-21,0.028115732771738,28.115732771738,0.0282138926214588,28.213892621458797,0.0281333333333333,28.133333333333297,28.133333333333297,28.133333333333297,28.133333333333297,28.115732771738,28.115732771738,28.115732771738,28.213892621458797,28.213892621458797,28.213892621458797
HRAO,-25.89,27.687,1414.3,2016,10,22,661,2016-10-22,0.024360245762317,24.360245762317,0.0202984714428075,20.2984714428075,0.0209374999999999,20.9374999999999,20.9374999999999,20.9374999999999,20.9374999999999,24.360245762317,24.360245762317,24.360245762317,20.2984714428075,20.2984714428075,20.2984714428075
HRAO,-25.89,27.687,1414.3,2016,10,23,662,2016-10-23,0.0231134471993635,23.1134471993635,0.0199908743014283,19.990874301428303,0.0203833333333333,20.383333333333297,20.383333333333297,20.383333333333297,20.383333333333297,23.1134471993635,23.1134471993635,23.1134471993635,19.990874301428303,19.990874301428303,19.990874301428303
HRAO,-25.89,27.687,1414.3,2016,10,24,663,2016-10-24,0.0164334294908066,16.4334294908066,0.0157197863162403,15.7197863162403,0.0167583333333333,16.758333333333297,16.758333333333297,16.758333333333297,16.758333333333297,16.4334294908066,16.4334294908066,16.4334294908066,15.7197863162403,15.7197863162403,15.7197863162403
HRAO,-25.89,27.687,1414.3,2016,10,25,664,2016-10-25,0.0139325421255491,13.9325421255491,0.0104901131063407,10.4901131063407,0.0119166666666666,11.9166666666666,11.9166666666666,11.9166666666666,11.9166666666666,13.9325421255491,13.9325421255491,13.9325421255491,10.4901131063407,10.4901131063407,10.4901131063407
HRAO,-25.89,27.687,1414.3,2016,10,26,665,2016-10-26,0.0220844163832987,22.084416383298702,0.0213642493941133,21.3642493941133,0.0221833333333333,22.1833333333333,22.1833333333333,22.1833333333333,22.1833333333333,22.084416383298702,22.084416383298702,22.084416383298702,21.3642493941133,21.3642493941133,21.3642493941133
HRAO,-25.89,27.687,1414.3,2016,10,27,666,2016-10-27,0.0216875242960456,21.687524296045602,0.0200011016301224,20.0011016301224,0.0220791666666666,22.0791666666666,22.0791666666666,22.0791666666666,22.0791666666666,21.687524296045602,21.687524296045602,21.687524296045602,20.0011016301224,20.0011016301224,20.0011016301224
HRAO,-25.89,27.687,1414.3,2016,10,28,667,2016-10-28,0.0202296658433145,20.2296658433145,0.0166197073982467,16.6197073982467,0.0182083333333333,18.2083333333333,18.2083333333333,18.2083333333333,18.2083333333333,20.2296658433145,20.2296658433145,20.2296658433145,16.6197073982467,16.6197073982467,16.6197073982467
HRAO,-25.89,27.687,1414.3,2016,10,29,668,2016-10-29,0.0187420146448991,18.7420146448991,0.0182296197566066,18.2296197566066,0.0189666666666666,18.9666666666666,18.9666666666666,18.9666666666666,18.9666666666666,18.7420146448991,18.7420146448991,18.7420146448991,18.2296197566066,18.2296197566066,18.2296197566066
HRAO,-25.89,27.687,1414.3,2016,10,30,669,2016-10-30,0.0186347891585109,18.634789158510902,0.0175378756353918,17.5378756353918,0.0178375,17.8375,17.8375,17.8375,17.8375,18.634789158510902,18.634789158510902,18.634789158510902,17.5378756353918,17.5378756353918,17.5378756353918
HRAO,-25.89,27.687,1414.3,2016,11,1,671,2016-11-01,0.0223892741184649,22.389274118464897,0.0206384208950998,20.638420895099802,0.0219666666666666,21.9666666666666,21.9666666666666,21.9666666666666,21.9666666666666,22.389274118464897,22.389274118464897,22.389274118464897,20.638420895099802,20.638420895099802,20.638420895099802
HRAO,-25.89,27.687,1414.3,2016,11,2,672,2016-11-02,0.0256160441789952,25.616044178995203,0.0230196103063138,23.0196103063138,0.0267125,26.7125,26.7125,26.7125,26.7125,25.616044178995203,25.616044178995203,25.616044178995203,23.0196103063138,23.0196103063138,23.0196103063138
HRAO,-25.89,27.687,1414.3,2016,11,3,673,2016-11-03,0.0265561668424153,26.5561668424153,0.0249361062263588,24.9361062263588,0.0262916666666666,26.2916666666666,26.2916666666666,26.2916666666666,26.2916666666666,26.5561668424153,26.5561668424153,26.5561668424153,24.9361062263588,24.9361062263588,24.9361062263588
HRAO,-25.89,27.687,1414.3,2016,11,4,674,2016-11-04,0.0268749586274205,26.874958627420497,0.0243848393044932,24.384839304493198,0.0250666666666666,25.066666666666602,25.066666666666602,25.066666666666602,25.066666666666602,26.874958627420497,26.874958627420497,26.874958627420497,24.384839304493198,24.384839304493198,24.384839304493198
HRAO,-25.89,27.687,1414.3,2016,11,5,675,2016-11-05,0.0295190075602557,29.519007560255698,0.0292554878461446,29.2554878461446,0.030075,30.075,30.075,30.075,30.075,29.519007560255698,29.519007560255698,29.519007560255698,29.2554878461446,29.2554878461446,29.2554878461446
HRAO,-25.89,27.687,1414.3,2016,11,6,676,2016-11-06,0.0306556438811418,30.655643881141803,0.0275808182809765,27.580818280976498,0.0294083333333333,29.4083333333333,29.4083333333333,29.4083333333333,29.4083333333333,29.519007560255698,30.655643881141803,30.655643881141803,27.580818280976498,27.580818280976498,27.580818280976498
HRAO,-25.89,27.687,1414.3,2016,11,7,677,2016-11-07,0.0309811097257698,30.9811097257698,0.0299153185582359,29.915318558235903,0.0300125,30.0125,30.0125,30.0125,30.0125,29.519007560255698,30.9811097257698,30.9811097257698,29.915318558235903,29.915318558235903,29.915318558235903
HRAO,-25.89,27.687,1414.3,2016,11,8,678,2016-11-08,0.0308746050633578,30.8746050633578,0.0281603322783219,28.1603322783219,0.0296083333333333,29.6083333333333,29.6083333333333,29.6083333333333,29.6083333333333,29.519007560255698,30.8746050633578,30.8746050633578,28.1603322783219,28.1603322783219,28.1603322783219
HRAO,-25.89,27.687,1414.3,2016,11,9,679,2016-11-09,0.0283123917474822,28.3123917474822,0.0288223748833193,28.822374883319302,0.0286208333333333,28.6208333333333,28.6208333333333,28.6208333333333,28.6208333333333,28.3123917474822,28.3123917474822,28.3123917474822,28.822374883319302,28.822374883319302,28.822374883319302
HRAO,-25.89,27.687,1414.3,2016,11,10,680,2016-11-10,0.0284081716658291,28.408171665829098,0.0254567168125447,25.4567168125447,0.0265416666666666,26.5416666666666,26.5416666666666,26.5416666666666,26.5416666666666,28.408171665829098,28.408171665829098,28.408171665829098,25.4567168125447,25.4567168125447,25.4567168125447
HRAO,-25.89,27.687,1414.3,2016,11,11,681,2016-11-11,0.0275366237585083,27.536623758508302,0.0273644216507737,27.3644216507737,0.0281499999999999,28.1499999999999,28.1499999999999,28.1499999999999,28.1499999999999,27.536623758508302,27.536623758508302,27.536623758508302,27.3644216507737,27.3644216507737,27.3644216507737
HRAO,-25.89,27.687,1414.3,2016,11,12,682,2016-11-12,0.0218824500746887,21.882450074688702,0.023018211372147,23.018211372147,0.0233916666666666,23.391666666666598,23.391666666666598,23.391666666666598,23.391666666666598,21.882450074688702,21.882450074688702,21.882450074688702,23.018211372147,23.018211372147,23.018211372147
HRAO,-25.89,27.687,1414.3,2016,11,13,683,2016-11-13,0.0141661874551997,14.1661874551997,0.0148210103053958,14.8210103053958,0.0132708333333333,13.2708333333333,23.391666666666598,13.2708333333333,13.2708333333333,14.1661874551997,14.1661874551997,14.1661874551997,14.8210103053958,14.8210103053958,14.8210103053958
HRAO,-25.89,27.687,1414.3,2016,11,14,684,2016-11-14,0.0200456554476685,20.045655447668498,0.0163002056328009,16.3002056328009,0.0184458333333333,18.4458333333333,18.4458333333333,18.4458333333333,18.4458333333333,20.045655447668498,20.045655447668498,20.045655447668498,16.3002056328009,16.3002056328009,16.3002056328009
HRAO,-25.89,27.687,1414.3,2016,11,15,685,2016-11-15,0.0253777777859047,25.3777777859047,0.0233032338386195,23.3032338386195,0.0237,23.7,23.7,23.7,23.7,25.3777777859047,25.3777777859047,25.3777777859047,23.3032338386195,23.3032338386195,23.3032338386195
HRAO,-25.89,27.687,1414.3,2016,11,16,686,2016-11-16,0.0247170287042207,24.717028704220702,0.0204083078605581,20.4083078605581,0.0215958333333333,21.5958333333333,21.5958333333333,21.5958333333333,21.5958333333333,24.717028704220702,24.717028704220702,24.717028704220702,20.4083078605581,20.4083078605581,20.4083078605581
HRAO,-25.89,27.687,1414.3,2016,11,17,687,2016-11-17,0.0195645265820955,19.5645265820955,0.0196144151653771,19.6144151653771,0.0210125,21.0125,21.0125,21.0125,21.0125,19.5645265820955,19.5645265820955,19.5645265820955,19.6144151653771,19.6144151653771,19.6144151653771
HRAO,-25.89,27.687,1414.3,2016,11,18,688,2016-11-18,0.016106998432767,16.106998432767,0.0138966737669505,13.8966737669505,0.0143791666666666,14.379166666666599,23.2833333333333,14.379166666666599,14.379166666666599,16.106998432767,16.106998432767,16.106998432767,21.005537163742,13.8966737669505,13.8966737669505
HRAO,-25.89,27.687,1414.3,2016,11,19,689,2016-11-19,0.0220549177777563,22.0549177777563,0.0223386618772423,22.3386618772423,0.0232833333333333,23.2833333333333,23.2833333333333,23.2833333333333,23.2833333333333,22.0549177777563,22.0549177777563,22.0549177777563,22.3386618772423,22.3386618772423,22.3386618772423
HRAO,-25.89,27.687,1414.3,2016,11,20,690,2016-11-20,0.0228037045184909,22.8037045184909,0.021005537163742,21.005537163742,0.0248666666666666,24.8666666666666,24.8666666666666,24.8666666666666,24.8666666666666,22.8037045184909,22.8037045184909,22.8037045184909,21.005537163742,21.005537163742,21.005537163742
HRAO,-25.89,27.687,1414.3,2016,11,21,691,2016-11-21,0.0257774727130141,25.7774727130141,0.0269540749490303,26.9540749490303,0.0272,27.2,27.2,27.2,27.2,25.7774727130141,25.7774727130141,25.7774727130141,26.9540749490303,26.9540749490303,26.9540749490303
HRAO,-25.89,27.687,1414.3,2016,11,22,692,2016-11-22,0.028440500111486,28.440500111486003,0.0259674562772175,25.967456277217497,0.0256833333333333,25.6833333333333,25.6833333333333,25.6833333333333,25.6833333333333,28.440500111486003,28.440500111486003,28.440500111486003,25.967456277217497,25.967456277217497,25.967456277217497
HRAO,-25.89,27.687,1414.3,2016,11,23,693,2016-11-23,0.0314458570596284,31.4458570596284,0.0322770480850753,32.27704808507529,0.0329916666666666,32.9916666666666,25.6833333333333,32.9916666666666,32.9916666666666,31.4458570596284,31.4458570596284,31.4458570596284,32.27704808507529,32.27704808507529,32.27704808507529
HRAO,-25.89,27.687,1414.3,2016,11,24,694,2016-11-24,0.0273001554253482,27.3001554253482,0.0301501833755062,30.1501833755062,0.0286791666666666,28.6791666666666,28.6791666666666,28.6791666666666,28.6791666666666,27.3001554253482,27.3001554253482,27.3001554253482,30.1501833755062,30.1501833755062,30.1501833755062
HRAO,-25.89,27.687,1414.3,2016,11,25,695,2016-11-25,0.0249991408445447,24.9991408445447,0.0242901415977023,24.2901415977023,0.0241625,24.1625,24.1625,24.1625,24.1625,24.9991408445447,24.9991408445447,24.9991408445447,24.2901415977023,24.2901415977023,24.2901415977023
HRAO,-25.89,27.687,1414.3,2016,11,26,696,2016-11-26,0.0226415456871163,22.6415456871163,0.0206665639010602,20.6665639010602,0.0200666666666666,20.066666666666602,20.066666666666602,20.066666666666602,20.066666666666602,22.6415456871163,22.6415456871163,22.6415456871163,20.6665639010602,20.6665639010602,20.6665639010602
HRAO,-25.89,27.687,1414.3,2016,11,27,697,2016-11-27,0.0265740455047078,26.5740455047078,0.0258642707140248,25.864270714024798,0.0263,26.3,26.3,26.3,26.3,26.5740455047078,26.5740455047078,26.5740455047078,25.864270714024798,25.864270714024798,25.864270714024798
HRAO,-25.89,27.687,1414.3,2016,11,28,698,2016-11-28,0.0228725432727448,22.8725432727448,0.0201252271795317,20.125227179531702,0.0205375,20.5375,20.5375,20.5375,20.5375,22.8725432727448,22.8725432727448,22.8725432727448,20.125227179531702,20.125227179531702,20.125227179531702
HRAO,-25.89,27.687,1414.3,2016,11,29,699,2016-11-29,0.0212104588872161,21.210458887216102,0.0189446588875981,18.9446588875981,0.0201833333333333,20.183333333333298,20.183333333333298,20.183333333333298,20.183333333333298,21.210458887216102,21.210458887216102,21.210458887216102,18.9446588875981,18.9446588875981,18.9446588875981
HRAO,-25.89,27.687,1414.3,2016,11,30,700,2016-11-30,0.024254716038944,24.254716038944,0.0206409793907383,20.6409793907383,0.0232125,23.212500000000002,23.212500000000002,23.212500000000002,23.212500000000002,24.254716038944,24.254716038944,24.254716038944,20.6409793907383,20.6409793907383,20.6409793907383
HRAO,-25.89,27.687,1414.3,2016,12,1,701,2016-12-01,0.0195299674665615,19.5299674665615,0.020809348688211,20.809348688211,0.021275,21.275,21.275,21.275,21.275,19.5299674665615,19.5299674665615,19.5299674665615,20.809348688211,20.809348688211,20.809348688211
HRAO,-25.89,27.687,1414.3,2016,12,2,702,2016-12-02,0.0192129519479645,19.212951947964502,0.0152451487575414,15.245148757541399,0.0166208333333333,16.6208333333333,21.275,16.6208333333333,16.6208333333333,19.212951947964502,19.212951947964502,19.212951947964502,20.5037118149088,15.245148757541399,15.245148757541399
HRAO,-25.89,27.687,1414.3,2016,12,3,703,2016-12-03,0.0229598012909976,22.9598012909976,0.0192528190621557,19.2528190621557,0.0208166666666666,20.816666666666602,20.816666666666602,20.816666666666602,20.816666666666602,22.9598012909976,22.9598012909976,22.9598012909976,19.2528190621557,19.2528190621557,19.2528190621557
HRAO,-25.89,27.687,1414.3,2016,12,4,704,2016-12-04,0.0260691079735323,26.0691079735323,0.0205037118149088,20.5037118149088,0.0238749999999999,23.8749999999999,23.8749999999999,23.8749999999999,23.8749999999999,26.0691079735323,26.0691079735323,26.0691079735323,20.5037118149088,20.5037118149088,20.5037118149088
HRAO,-25.89,27.687,1414.3,2016,12,5,705,2016-12-05,0.0284796365722932,28.479636572293202,0.0276852222890818,27.6852222890818,0.0287499999999999,28.7499999999999,28.7499999999999,28.7499999999999,28.7499999999999,28.479636572293202,28.479636572293202,28.479636572293202,27.6852222890818,27.6852222890818,27.6852222890818
HRAO,-25.89,27.687,1414.3,2016,12,6,706,2016-12-06,0.0293015674155176,29.3015674155176,0.0267306989054315,26.730698905431503,0.0288458333333333,28.8458333333333,28.8458333333333,28.8458333333333,28.8458333333333,29.3015674155176,29.3015674155176,29.3015674155176,26.730698905431503,26.730698905431503,26.730698905431503
HRAO,-25.89,27.687,1414.3,2016,12,7,707,2016-12-07,0.0289965538672448,28.996553867244803,0.0276881017301344,27.6881017301344,0.0298375,29.8375,28.1624999999999,29.8375,29.8375,28.996553867244803,28.996553867244803,28.996553867244803,27.6881017301344,27.6881017301344,27.6881017301344
HRAO,-25.89,27.687,1414.3,2016,12,8,708,2016-12-08,0.0298761696392572,29.8761696392572,0.0271935241545418,27.193524154541798,0.0281624999999999,28.1624999999999,28.1624999999999,28.1624999999999,28.1624999999999,29.8761696392572,29.8761696392572,29.8761696392572,27.193524154541798,27.193524154541798,27.193524154541798
HRAO,-25.89,27.687,1414.3,2016,12,9,709,2016-12-09,0.030194775850468,30.194775850468,0.0276933409652212,27.6933409652212,0.0280625,28.0625,28.0625,28.0625,28.0625,30.194775850468,30.194775850468,30.194775850468,27.6933409652212,27.6933409652212,27.6933409652212
HRAO,-25.89,27.687,1414.3,2016,12,10,710,2016-12-10,0.0275563586553918,27.5563586553918,0.0246366421719907,24.6366421719907,0.0277458333333333,27.745833333333298,27.745833333333298,27.745833333333298,27.745833333333298,27.5563586553918,27.5563586553918,27.5563586553918,24.6366421719907,24.6366421719907,24.6366421719907
HRAO,-25.89,27.687,1414.3,2016,12,11,711,2016-12-11,0.0271203942083747,27.120394208374698,0.024234387321886,24.234387321886,0.0265708333333333,26.5708333333333,28.0625,26.5708333333333,26.5708333333333,27.120394208374698,27.120394208374698,27.120394208374698,24.234387321886,24.234387321886,24.234387321886
HRAO,-25.89,27.687,1414.3,2016,12,12,712,2016-12-12,0.0295688518698279,29.568851869827903,0.0261575553776181,26.1575553776181,0.0271541666666666,27.1541666666666,27.1541666666666,27.1541666666666,27.1541666666666,29.568851869827903,29.568851869827903,29.568851869827903,26.1575553776181,26.1575553776181,26.1575553776181
HRAO,-25.89,27.687,1414.3,2016,12,13,713,2016-12-13,0.0283014493914377,28.3014493914377,0.0274733569162254,27.4733569162254,0.0291958333333333,29.1958333333333,29.1958333333333,29.1958333333333,29.1958333333333,28.3014493914377,28.3014493914377,28.3014493914377,27.4733569162254,27.4733569162254,27.4733569162254
HRAO,-25.89,27.687,1414.3,2016,12,14,714,2016-12-14,0.0335748072537765,33.5748072537765,0.0313873519182712,31.387351918271204,0.0319416666666666,31.9416666666666,31.9416666666666,31.9416666666666,31.9416666666666,33.5748072537765,33.5748072537765,33.5748072537765,31.387351918271204,31.387351918271204,31.387351918271204
HRAO,-25.89,27.687,1414.3,2016,12,15,715,2016-12-15,0.0324159153437724,32.415915343772404,0.0331490497834697,33.1490497834697,0.0316958333333333,31.695833333333297,31.695833333333297,31.695833333333297,31.695833333333297,32.415915343772404,32.415915343772404,32.415915343772404,33.1490497834697,33.1490497834697,33.1490497834697
HRAO,-25.89,27.687,1414.3,2016,12,16,716,2016-12-16,0.028566778092873,28.566778092872998,0.0281048362562415,28.1048362562415,0.0291333333333333,29.1333333333333,29.1333333333333,29.1333333333333,29.1333333333333,28.566778092872998,28.566778092872998,28.566778092872998,28.1048362562415,28.1048362562415,28.1048362562415
HRAO,-25.89,27.687,1414.3,2016,12,17,717,2016-12-17,0.0242105392838292,24.2105392838292,0.0232315830120557,23.2315830120557,0.0237458333333333,23.745833333333298,23.745833333333298,23.745833333333298,23.745833333333298,24.2105392838292,24.2105392838292,24.2105392838292,23.2315830120557,23.2315830120557,23.2315830120557
HRAO,-25.89,27.687,1414.3,2016,12,18,718,2016-12-18,0.0254600923738075,25.4600923738075,0.0255034644511804,25.5034644511804,0.0278,27.799999999999997,27.799999999999997,27.799999999999997,27.799999999999997,25.4600923738075,25.4600923738075,25.4600923738075,25.5034644511804,25.5034644511804,25.5034644511804
HRAO,-25.89,27.687,1414.3,2016,12,19,719,2016-12-19,0.0266669685643401,26.666968564340102,0.0266006498228405,26.600649822840502,0.0299208333333333,29.9208333333333,29.9208333333333,29.9208333333333,29.9208333333333,26.666968564340102,26.666968564340102,26.666968564340102,26.600649822840502,26.600649822840502,26.600649822840502
HRAO,-25.89,27.687,1414.3,2016,12,20,720,2016-12-20,0.0293377445270797,29.337744527079703,0.0266829623884658,26.6829623884658,0.0279833333333333,27.983333333333302,27.983333333333302,27.983333333333302,27.983333333333302,29.337744527079703,29.337744527079703,29.337744527079703,26.6829623884658,26.6829623884658,26.6829623884658
HRAO,-25.89,27.687,1414.3,2016,12,21,721,2016-12-21,0.0288299140148189,28.8299140148189,0.0274413953903837,27.4413953903837,0.0293,29.3,29.3,29.3,29.3,28.8299140148189,28.8299140148189,28.8299140148189,27.4413953903837,27.4413953903837,27.4413953903837
HRAO,-25.89,27.687,1414.3,2016,12,22,722,2016-12-22,0.0237313248476753,23.7313248476753,0.0225848094972536,22.5848094972536,0.0247833333333333,24.7833333333333,24.7833333333333,24.7833333333333,24.7833333333333,23.7313248476753,23.7313248476753,23.7313248476753,26.763729921756003,22.5848094972536,22.5848094972536
HRAO,-25.89,27.687,1414.3,2016,12,23,723,2016-12-23,0.0281382108465942,28.138210846594202,0.026763729921756,26.763729921756003,0.0275458333333333,27.545833333333302,27.545833333333302,27.545833333333302,27.545833333333302,28.138210846594202,28.138210846594202,28.138210846594202,26.763729921756003,26.763729921756003,26.763729921756003
HRAO,-25.89,27.687,1414.3,2016,12,24,724,2016-12-24,0.0316438099601876,31.6438099601876,0.031596088979918,31.596088979918,0.0345791666666666,34.5791666666666,34.5791666666666,34.5791666666666,34.5791666666666,31.6438099601876,31.6438099601876,31.6438099601876,31.596088979918,31.596088979918,31.596088979918
HRAO,-25.89,27.687,1414.3,2016,12,25,725,2016-12-25,0.0367713566857517,36.7713566857517,0.0353378682628162,35.3378682628162,0.0369958333333333,36.995833333333294,36.995833333333294,36.995833333333294,36.995833333333294,36.7713566857517,36.7713566857517,36.7713566857517,35.3378682628162,35.3378682628162,35.3378682628162
HRAO,-25.89,27.687,1414.3,2016,12,26,726,2016-12-26,0.0370261951479553,37.0261951479553,0.0366824919813071,36.6824919813071,0.0363416666666666,36.3416666666666,36.3416666666666,36.3416666666666,36.3416666666666,37.0261951479553,37.0261951479553,37.0261951479553,36.6824919813071,36.6824919813071,36.6824919813071
HRAO,-25.89,27.687,1414.3,2016,12,27,727,2016-12-27,0.0373724259699022,37.3724259699022,0.0358676826626862,35.8676826626862,0.0354416666666666,35.4416666666666,35.4416666666666,35.4416666666666,35.4416666666666,35.1081058709957,37.3724259699022,37.3724259699022,35.8676826626862,35.8676826626862,35.8676826626862
HRAO,-25.89,27.687,1414.3,2016,12,28,728,2016-12-28,0.0351081058709957,35.1081058709957,0.0367523717225534,36.7523717225534,0.0373166666666666,37.3166666666666,37.3166666666666,37.3166666666666,37.3166666666666,35.1081058709957,35.1081058709957,35.1081058709957,36.7523717225534,36.7523717225534,36.7523717225534
HRAO,-25.89,27.687,1414.3,2016,12,29,729,2016-12-29,0.0309419544538546,30.9419544538546,0.0298225030336725,29.8225030336725,0.0314874999999999,31.487499999999898,31.487499999999898,31.487499999999898,31.487499999999898,30.9419544538546,30.9419544538546,30.9419544538546,29.8225030336725,29.8225030336725,29.8225030336725
HRAO,-25.89,27.687,1414.3,2016,12,30,730,2016-12-30,0.0313698908431479,31.369890843147903,0.0280308149739566,28.030814973956602,0.0280625,28.0625,28.0625,28.0625,28.0625,31.369890843147903,31.369890843147903,31.369890843147903,28.030814973956602,28.030814973956602,28.030814973956602
HRAO,-25.89,27.687,1414.3,2017,1,1,732,2017-01-01,0.0264325788603041,26.4325788603041,0.0214656554088939,21.465655408893902,0.0237499999999999,23.7499999999999,23.7499999999999,23.7499999999999,23.7499999999999,26.4325788603041,26.4325788603041,26.4325788603041,21.465655408893902,21.465655408893902,21.465655408893902
HRAO,-25.89,27.687,1414.3,2017,1,2,733,2017-01-02,0.025139839778544,25.139839778544,0.0218743671656203,21.8743671656203,0.0215916666666666,21.5916666666666,21.5916666666666,21.5916666666666,21.5916666666666,25.139839778544,25.139839778544,25.139839778544,21.8743671656203,21.8743671656203,21.8743671656203
HRAO,-25.89,27.687,1414.3,2017,1,3,734,2017-01-03,0.0267778960733352,26.777896073335203,0.025259006829453,25.259006829453,0.0267666666666666,26.766666666666598,26.766666666666598,26.766666666666598,26.766666666666598,26.777896073335203,26.777896073335203,26.777896073335203,25.259006829453,25.259006829453,25.259006829453
HRAO,-25.89,27.687,1414.3,2017,1,6,737,2017-01-06,0.0426926570507178,42.6926570507178,0.0348991948081809,34.8991948081809,0.0376666666666666,37.6666666666666,37.6666666666666,37.6666666666666,37.6666666666666,42.6926570507178,42.6926570507178,42.6926570507178,34.8991948081809,34.8991948081809,34.8991948081809
HRAO,-25.89,27.687,1414.3,2017,1,7,738,2017-01-07,0.0410983541417058,41.0983541417058,0.0419210452250715,41.9210452250715,0.0411041666666666,41.1041666666666,41.1041666666666,41.1041666666666,41.1041666666666,41.0983541417058,41.0983541417058,41.0983541417058,41.9210452250715,41.9210452250715,41.9210452250715
HRAO,-25.89,27.687,1414.3,2017,1,8,739,2017-01-08,0.0361004360779976,36.1004360779976,0.0355104359763748,35.5104359763748,0.0359666666666666,35.9666666666666,35.9666666666666,35.9666666666666,35.9666666666666,36.1004360779976,36.1004360779976,36.1004360779976,35.5104359763748,35.5104359763748,35.5104359763748
HRAO,-25.89,27.687,1414.3,2017,1,9,740,2017-01-09,0.0319691021603065,31.9691021603065,0.0292690776835763,29.269077683576302,0.031525,31.525,31.525,31.525,31.525,31.9691021603065,31.9691021603065,31.9691021603065,29.269077683576302,29.269077683576302,29.269077683576302
HRAO,-25.89,27.687,1414.3,2017,1,10,741,2017-01-10,0.0316297992506853,31.6297992506853,0.0266907551757632,26.6907551757632,0.0282041666666666,28.204166666666598,28.204166666666598,28.204166666666598,28.204166666666598,31.6297992506853,31.6297992506853,31.6297992506853,26.6907551757632,26.6907551757632,26.6907551757632
HRAO,-25.89,27.687,1414.3,2017,1,11,742,2017-01-11,0.0333675834227594,33.3675834227594,0.0324969316809374,32.4969316809374,0.0313708333333333,31.370833333333298,31.370833333333298,31.370833333333298,31.370833333333298,33.3675834227594,33.3675834227594,33.3675834227594,32.4969316809374,32.4969316809374,32.4969316809374
HRAO,-25.89,27.687,1414.3,2017,1,12,743,2017-01-12,0.0365612667104377,36.5612667104377,0.032104423871749,32.104423871749,0.0336541666666666,33.654166666666605,33.654166666666605,33.654166666666605,33.654166666666605,36.5612667104377,36.5612667104377,36.5612667104377,32.104423871749,32.104423871749,32.104423871749
HRAO,-25.89,27.687,1414.3,2017,1,13,744,2017-01-13,0.0385393082121095,38.539308212109496,0.0364798730115528,36.479873011552804,0.0379041666666666,37.9041666666666,31.333333333333304,37.9041666666666,37.9041666666666,38.539308212109496,38.539308212109496,38.539308212109496,31.718512600955698,36.479873011552804,36.479873011552804
HRAO,-25.89,27.687,1414.3,2017,1,14,745,2017-01-14,0.0329176760404473,32.9176760404473,0.0317185126009557,31.718512600955698,0.0313333333333333,31.333333333333304,31.333333333333304,31.333333333333304,31.333333333333304,32.9176760404473,32.9176760404473,32.9176760404473,31.718512600955698,31.718512600955698,31.718512600955698
HRAO,-25.89,27.687,1414.3,2017,1,15,746,2017-01-15,0.0290072511781163,29.007251178116302,0.0267952147360923,26.795214736092298,0.0288166666666666,28.816666666666602,28.816666666666602,28.816666666666602,28.816666666666602,29.007251178116302,29.007251178116302,29.007251178116302,26.795214736092298,26.795214736092298,26.795214736092298
HRAO,-25.89,27.687,1414.3,2017,1,16,747,2017-01-16,0.0275817512347965,27.5817512347965,0.0264965979594738,26.4965979594738,0.02535,25.35,25.35,25.35,25.35,27.5817512347965,27.5817512347965,27.5817512347965,26.4965979594738,26.4965979594738,26.4965979594738
HRAO,-25.89,27.687,1414.3,2017,1,17,748,2017-01-17,0.0181020194601092,18.1020194601092,0.0182882149620319,18.288214962031898,0.0173333333333333,17.3333333333333,17.3333333333333,17.3333333333333,17.3333333333333,18.1020194601092,18.1020194601092,18.1020194601092,18.288214962031898,18.288214962031898,18.288214962031898
HRAO,-25.89,27.687,1414.3,2017,1,18,749,2017-01-18,0.0115165880821063,11.516588082106301,0.0095607830167963,9.5607830167963,0.0096375,9.637500000000001,9.637500000000001,9.637500000000001,9.637500000000001,21.9400142760589,11.516588082106301,11.516588082106301,18.978849712252398,9.5607830167963,9.5607830167963
HRAO,-25.89,27.687,1414.3,2017,1,19,750,2017-01-19,0.0129397939316821,12.939793931682098,0.0123323076963582,12.3323076963582,0.0142083333333333,14.2083333333333,14.2083333333333,14.2083333333333,14.2083333333333,21.9400142760589,12.939793931682098,12.939793931682098,18.978849712252398,12.3323076963582,12.3323076963582
HRAO,-25.89,27.687,1414.3,2017,1,20,751,2017-01-20,0.0219400142760589,21.9400142760589,0.0189788497122524,18.978849712252398,0.0224166666666666,22.4166666666666,22.4166666666666,22.4166666666666,22.4166666666666,21.9400142760589,21.9400142760589,21.9400142760589,18.978849712252398,18.978849712252398,18.978849712252398
HRAO,-25.89,27.687,1414.3,2017,1,21,752,2017-01-21,0.0306990016425874,30.6990016425874,0.027656993579337,27.656993579337,0.0314666666666666,31.4666666666666,31.4666666666666,31.4666666666666,31.4666666666666,30.6990016425874,30.6990016425874,30.6990016425874,27.656993579337,27.656993579337,27.656993579337
HRAO,-25.89,27.687,1414.3,2017,1,22,753,2017-01-22,0.0297306200805468,29.7306200805468,0.0273890594054573,27.3890594054573,0.0283708333333333,28.3708333333333,28.3708333333333,28.3708333333333,28.3708333333333,29.7306200805468,29.7306200805468,29.7306200805468,27.3890594054573,27.3890594054573,27.3890594054573
HRAO,-25.89,27.687,1414.3,2017,1,23,754,2017-01-23,0.0319360737663245,31.936073766324498,0.0292071976072534,29.207197607253402,0.0299458333333333,29.9458333333333,29.9458333333333,29.9458333333333,29.9458333333333,31.936073766324498,31.936073766324498,31.936073766324498,29.207197607253402,29.207197607253402,29.207197607253402
HRAO,-25.89,27.687,1414.3,2017,1,24,755,2017-01-24,0.0358208500614143,35.8208500614143,0.0325386789633856,32.5386789633856,0.0332666666666666,33.266666666666595,33.266666666666595,33.266666666666595,33.266666666666595,35.8208500614143,35.8208500614143,35.8208500614143,32.5386789633856,32.5386789633856,32.5386789633856
HRAO,-25.89,27.687,1414.3,2017,1,25,756,2017-01-25,0.0380563955864986,38.0563955864986,0.0374392748018897,37.4392748018897,0.0394583333333333,39.4583333333333,39.4583333333333,39.4583333333333,39.4583333333333,38.0563955864986,38.0563955864986,38.0563955864986,37.4392748018897,37.4392748018897,37.4392748018897
HRAO,-25.89,27.687,1414.3,2017,1,26,757,2017-01-26,0.0403999417263117,40.3999417263117,0.0392684457080302,39.2684457080302,0.0407958333333333,40.7958333333333,33.266666666666595,40.7958333333333,40.7958333333333,40.3999417263117,40.3999417263117,40.3999417263117,39.2684457080302,39.2684457080302,39.2684457080302
HRAO,-25.89,27.687,1414.3,2017,1,27,758,2017-01-27,0.0410840825539925,41.0840825539925,0.04008870346211,40.08870346211,0.0400958333333333,40.0958333333333,40.0958333333333,40.0958333333333,40.0958333333333,41.0840825539925,41.0840825539925,41.0840825539925,40.08870346211,40.08870346211,40.08870346211
HRAO,-25.89,27.687,1414.3,2017,1,28,759,2017-01-28,0.0261190099727779,26.1190099727779,0.0272545509518968,27.2545509518968,0.0268833333333333,26.8833333333333,26.8833333333333,26.8833333333333,26.8833333333333,26.1190099727779,26.1190099727779,26.1190099727779,27.2545509518968,27.2545509518968,27.2545509518968
HRAO,-25.89,27.687,1414.3,2017,1,29,760,2017-01-29,0.0264311122725881,26.431112272588102,0.0230084713492502,23.0084713492502,0.0278999999999999,27.8999999999999,27.8999999999999,27.8999999999999,27.8999999999999,26.431112272588102,26.431112272588102,26.431112272588102,23.0084713492502,23.0084713492502,23.0084713492502
HRAO,-25.89,27.687,1414.3,2017,1,30,761,2017-01-30,0.0397511409584602,39.7511409584602,0.0389574247355617,38.9574247355617,0.0387166666666666,38.7166666666666,38.7166666666666,38.7166666666666,38.7166666666666,39.7511409584602,39.7511409584602,39.7511409584602,38.9574247355617,38.9574247355617,38.9574247355617
HRAO,-25.89,27.687,1414.3,2017,2,1,763,2017-02-01,0.0249711851601241,24.9711851601241,0.0235418159236737,23.5418159236737,0.0257333333333333,25.7333333333333,25.7333333333333,25.7333333333333,25.7333333333333,24.9711851601241,24.9711851601241,24.9711851601241,23.5418159236737,23.5418159236737,23.5418159236737
HRAO,-25.89,27.687,1414.3,2017,2,2,764,2017-02-02,0.0266458005244504,26.6458005244504,0.0256647303832841,25.6647303832841,0.0259749999999999,25.974999999999902,25.974999999999902,25.974999999999902,25.974999999999902,26.6458005244504,26.6458005244504,26.6458005244504,25.6647303832841,25.6647303832841,25.6647303832841
HRAO,-25.89,27.687,1414.3,2017,2,3,765,2017-02-03,0.031415071382266,31.415071382266,0.0297543328838017,29.7543328838017,0.0302041666666666,30.2041666666666,30.2041666666666,30.2041666666666,30.2041666666666,31.415071382266,31.415071382266,31.415071382266,29.7543328838017,29.7543328838017,29.7543328838017
HRAO,-25.89,27.687,1414.3,2017,2,4,766,2017-02-04,0.0361571711080939,36.1571711080939,0.0331873774781781,33.1873774781781,0.0344958333333333,34.4958333333333,34.4958333333333,34.4958333333333,34.4958333333333,36.1571711080939,36.1571711080939,36.1571711080939,33.1873774781781,33.1873774781781,33.1873774781781
HRAO,-25.89,27.687,1414.3,2017,2,5,767,2017-02-05,0.0380076202590463,38.0076202590463,0.0359363991616029,35.9363991616029,0.0365541666666666,36.5541666666666,36.5541666666666,36.5541666666666,36.5541666666666,38.0076202590463,38.0076202590463,38.0076202590463,35.9363991616029,35.9363991616029,35.9363991616029
HRAO,-25.89,27.687,1414.3,2017,2,6,768,2017-02-06,0.0362000171269421,36.2000171269421,0.0337609914334149,33.7609914334149,0.03375,33.75,33.75,33.75,33.75,36.2000171269421,36.2000171269421,36.2000171269421,33.7609914334149,33.7609914334149,33.7609914334149
HRAO,-25.89,27.687,1414.3,2017,2,7,769,2017-02-07,0.0378587500602202,37.8587500602202,0.03586057352977,35.86057352977,0.0375249999999999,37.5249999999999,33.966666666666605,37.5249999999999,37.5249999999999,36.1571711080939,37.8587500602202,37.8587500602202,35.86057352977,35.86057352977,35.86057352977
HRAO,-25.89,27.687,1414.3,2017,2,8,770,2017-02-08,0.0356788564335807,35.6788564335807,0.0348273410270282,34.8273410270282,0.0339666666666666,33.966666666666605,33.966666666666605,33.966666666666605,33.966666666666605,35.6788564335807,35.6788564335807,35.6788564335807,34.8273410270282,34.8273410270282,34.8273410270282
HRAO,-25.89,27.687,1414.3,2017,2,9,771,2017-02-09,0.0337627136814548,33.762713681454805,0.0287271235741203,28.7271235741203,0.0302083333333333,30.2083333333333,30.2083333333333,30.2083333333333,30.2083333333333,33.762713681454805,33.762713681454805,33.762713681454805,28.7271235741203,28.7271235741203,28.7271235741203
HRAO,-25.89,27.687,1414.3,2017,2,10,772,2017-02-10,0.0315637488631884,31.563748863188398,0.0298063850123643,29.8063850123643,0.0298375,29.8375,29.8375,29.8375,29.8375,31.563748863188398,31.563748863188398,31.563748863188398,29.8063850123643,29.8063850123643,29.8063850123643
HRAO,-25.89,27.687,1414.3,2017,2,11,773,2017-02-11,0.0282342497871917,28.2342497871917,0.02631356799562,26.313567995619998,0.0253,25.3,29.8375,25.3,25.3,28.2342497871917,28.2342497871917,28.2342497871917,26.313567995619998,26.313567995619998,26.313567995619998
HRAO,-25.89,27.687,1414.3,2017,2,12,774,2017-02-12,0.0295657237581483,29.565723758148298,0.025978005998055,25.978005998055,0.0256541666666666,25.6541666666666,29.8375,25.6541666666666,25.6541666666666,29.565723758148298,29.565723758148298,29.565723758148298,25.978005998055,25.978005998055,25.978005998055
HRAO,-25.89,27.687,1414.3,2017,2,13,775,2017-02-13,0.0338213393956641,33.8213393956641,0.0296534894892876,29.6534894892876,0.0296083333333333,29.6083333333333,29.6083333333333,29.6083333333333,29.6083333333333,33.8213393956641,33.8213393956641,33.8213393956641,29.6534894892876,29.6534894892876,29.6534894892876
HRAO,-25.89,27.687,1414.3,2017,2,14,776,2017-02-14,0.0370636244280096,37.063624428009604,0.0344271851269227,34.4271851269227,0.0357083333333333,35.7083333333333,35.7083333333333,35.7083333333333,35.7083333333333,37.063624428009604,37.063624428009604,37.063624428009604,34.4271851269227,34.4271851269227,34.4271851269227
HRAO,-25.89,27.687,1414.3,2017,2,15,777,2017-02-15,0.0359707882509059,35.9707882509059,0.0362427905162945,36.2427905162945,0.0350333333333333,35.033333333333296,35.033333333333296,35.033333333333296,35.033333333333296,35.9707882509059,35.9707882509059,35.9707882509059,34.1951734813112,36.2427905162945,36.2427905162945
HRAO,-25.89,27.687,1414.3,2017,2,16,778,2017-02-16,0.0325939416014448,32.5939416014448,0.0337818779847797,33.7818779847797,0.0334083333333333,33.408333333333296,33.408333333333296,33.408333333333296,33.408333333333296,32.5939416014448,32.5939416014448,32.5939416014448,33.7818779847797,33.7818779847797,33.7818779847797
HRAO,-25.89,27.687,1414.3,2017,2,17,779,2017-02-17,0.0351813797190946,35.1813797190946,0.0345165550817985,34.5165550817985,0.0350458333333333,35.0458333333333,35.0458333333333,35.0458333333333,35.0458333333333,35.1813797190946,35.1813797190946,35.1813797190946,34.5165550817985,34.5165550817985,34.5165550817985
HRAO,-25.89,27.687,1414.3,2017,2,18,780,2017-02-18,0.0346218643007502,34.6218643007502,0.0341951734813112,34.1951734813112,0.0346625,34.6625,34.6625,34.6625,34.6625,34.6218643007502,34.6218643007502,34.6218643007502,34.1951734813112,34.1951734813112,34.1951734813112
HRAO,-25.89,27.687,1414.3,2017,2,19,781,2017-02-19,0.0334185814102026,33.4185814102026,0.0308522174565679,30.8522174565679,0.0298916666666666,29.8916666666666,29.8916666666666,29.8916666666666,29.8916666666666,33.4185814102026,33.4185814102026,33.4185814102026,30.8522174565679,30.8522174565679,30.8522174565679
HRAO,-25.89,27.687,1414.3,2017,2,20,782,2017-02-20,0.0397970645749266,39.7970645749266,0.0375886427338608,37.588642733860794,0.0378291666666666,37.8291666666666,37.8291666666666,37.8291666666666,37.8291666666666,39.7970645749266,39.7970645749266,39.7970645749266,37.588642733860794,37.588642733860794,37.588642733860794
HRAO,-25.89,27.687,1414.3,2017,2,21,783,2017-02-21,0.0398603594798968,39.8603594798968,0.0382202611365391,38.2202611365391,0.0368291666666666,36.8291666666666,36.8291666666666,36.8291666666666,36.8291666666666,39.8603594798968,39.8603594798968,39.8603594798968,38.2202611365391,38.2202611365391,38.2202611365391
HRAO,-25.89,27.687,1414.3,2017,2,22,784,2017-02-22,0.0317075552720524,31.7075552720524,0.0300509773891032,30.0509773891032,0.0282083333333333,28.2083333333333,28.2083333333333,28.2083333333333,28.2083333333333,31.7075552720524,31.7075552720524,31.7075552720524,30.0509773891032,30.0509773891032,30.0509773891032
HRAO,-25.89,27.687,1414.3,2017,2,23,785,2017-02-23,0.0378478410105037,37.8478410105037,0.0344039914845163,34.4039914845163,0.0342208333333333,34.220833333333296,34.220833333333296,34.220833333333296,34.220833333333296,37.8478410105037,37.8478410105037,37.8478410105037,34.4039914845163,34.4039914845163,34.4039914845163
HRAO,-25.89,27.687,1414.3,2017,2,24,786,2017-02-24,0.0376108267495953,37.610826749595304,0.0350772878900281,35.077287890028096,0.0336791666666666,33.6791666666666,33.6791666666666,33.6791666666666,33.6791666666666,37.610826749595304,37.610826749595304,37.610826749595304,35.077287890028096,35.077287890028096,35.077287890028096
HRAO,-25.89,27.687,1414.3,2017,2,25,787,2017-02-25,0.0335910400322437,33.591040032243704,0.0355267727736576,35.526772773657605,0.0342958333333333,34.295833333333306,34.295833333333306,34.295833333333306,34.295833333333306,33.591040032243704,33.591040032243704,33.591040032243704,35.526772773657605,35.526772773657605,35.526772773657605
HRAO,-25.89,27.687,1414.3,2017,2,26,788,2017-02-26,0.0258902204222134,25.890220422213403,0.0220997664582493,22.0997664582493,0.0225625,22.5625,22.5625,22.5625,22.5625,25.890220422213403,25.890220422213403,25.890220422213403,28.2486068868761,22.0997664582493,22.0997664582493
HRAO,-25.89,27.687,1414.3,2017,2,27,789,2017-02-27,0.0291787738908159,29.178773890815897,0.0282486068868761,28.2486068868761,0.0277666666666666,27.766666666666598,27.766666666666598,27.766666666666598,27.766666666666598,29.178773890815897,29.178773890815897,29.178773890815897,28.2486068868761,28.2486068868761,28.2486068868761
HRAO,-25.89,27.687,1414.3,2017,2,28,790,2017-02-28,0.026237030232261,26.237030232261,0.026018377475422,26.018377475422,0.0260083333333333,26.0083333333333,26.0083333333333,26.0083333333333,26.0083333333333,26.237030232261,26.237030232261,26.237030232261,26.018377475422,26.018377475422,26.018377475422
HRAO,-25.89,27.687,1414.3,2017,3,1,791,2017-03-01,0.0256290371685845,25.6290371685845,0.0221454072278494,22.1454072278494,0.0234375,23.4375,23.4375,23.4375,23.4375,25.6290371685845,25.6290371685845,25.6290371685845,22.1454072278494,22.1454072278494,22.1454072278494
HRAO,-25.89,27.687,1414.3,2017,3,2,792,2017-03-02,0.03007156861938,30.07156861938,0.0273604692150083,27.3604692150083,0.028575,28.575,28.575,28.575,28.575,30.07156861938,30.07156861938,30.07156861938,27.3604692150083,27.3604692150083,27.3604692150083
HRAO,-25.89,27.687,1414.3,2017,3,3,793,2017-03-03,0.0319787631687068,31.9787631687068,0.0304158268596309,30.4158268596309,0.0319916666666666,31.9916666666666,28.087500000000002,31.9916666666666,31.9916666666666,31.9787631687068,31.9787631687068,31.9787631687068,30.4158268596309,30.4158268596309,30.4158268596309
HRAO,-25.89,27.687,1414.3,2017,3,4,794,2017-03-04,0.032905033496134,32.905033496134,0.0276477533796542,27.6477533796542,0.0283125,28.3125,28.3125,28.3125,28.3125,32.905033496134,32.905033496134,32.905033496134,27.6477533796542,27.6477533796542,27.6477533796542
HRAO,-25.89,27.687,1414.3,2017,3,5,795,2017-03-05,0.0303083678537985,30.3083678537985,0.0276399083310788,27.6399083310788,0.0280875,28.087500000000002,28.087500000000002,28.087500000000002,28.087500000000002,30.3083678537985,30.3083678537985,30.3083678537985,27.6399083310788,27.6399083310788,27.6399083310788
HRAO,-25.89,27.687,1414.3,2017,3,6,796,2017-03-06,0.0236942140191848,23.694214019184802,0.0208273456916342,20.8273456916342,0.0221666666666666,22.166666666666597,22.166666666666597,22.166666666666597,22.166666666666597,23.694214019184802,23.694214019184802,23.694214019184802,20.8273456916342,20.8273456916342,20.8273456916342
HRAO,-25.89,27.687,1414.3,2017,3,7,797,2017-03-07,0.0209101876556546,20.9101876556546,0.0200656929899002,20.0656929899002,0.0199583333333333,19.9583333333333,19.9583333333333,19.9583333333333,19.9583333333333,20.9101876556546,20.9101876556546,20.9101876556546,20.0656929899002,20.0656929899002,20.0656929899002
HRAO,-25.89,27.687,1414.3,2017,3,8,798,2017-03-08,0.0230697319512992,23.0697319512992,0.0198101158275734,19.810115827573398,0.0206125,20.612499999999997,20.612499999999997,20.612499999999997,20.612499999999997,23.0697319512992,23.0697319512992,23.0697319512992,19.810115827573398,19.810115827573398,19.810115827573398
HRAO,-25.89,27.687,1414.3,2017,3,9,799,2017-03-09,0.0223936852585079,22.393685258507897,0.0230182477261608,23.0182477261608,0.0229083333333333,22.908333333333303,22.908333333333303,22.908333333333303,22.908333333333303,22.393685258507897,22.393685258507897,22.393685258507897,23.0182477261608,23.0182477261608,23.0182477261608
HRAO,-25.89,27.687,1414.3,2017,3,10,800,2017-03-10,0.0161972560926948,16.1972560926948,0.0172250377489676,17.225037748967598,0.0162291666666666,16.2291666666666,16.2291666666666,16.2291666666666,16.2291666666666,16.1972560926948,16.1972560926948,16.1972560926948,17.225037748967598,17.225037748967598,17.225037748967598
HRAO,-25.89,27.687,1414.3,2017,3,11,801,2017-03-11,0.0135980398111209,13.5980398111209,0.0139952118648609,13.9952118648609,0.0143833333333333,14.3833333333333,14.3833333333333,14.3833333333333,14.3833333333333,13.5980398111209,13.5980398111209,13.5980398111209,13.9952118648609,13.9952118648609,13.9952118648609
HRAO,-25.89,27.687,1414.3,2017,3,12,802,2017-03-12,0.0172181342262565,17.2181342262565,0.0151620617874553,15.1620617874553,0.0159708333333333,15.9708333333333,15.9708333333333,15.9708333333333,15.9708333333333,17.2181342262565,17.2181342262565,17.2181342262565,15.1620617874553,15.1620617874553,15.1620617874553
HRAO,-25.89,27.687,1414.3,2017,3,13,803,2017-03-13,0.0208667923090128,20.8667923090128,0.0192732446158209,19.2732446158209,0.0208666666666666,20.8666666666666,20.8666666666666,20.8666666666666,20.8666666666666,20.8667923090128,20.8667923090128,20.8667923090128,19.2732446158209,19.2732446158209,19.2732446158209
HRAO,-25.89,27.687,1414.3,2017,3,14,804,2017-03-14,0.0236553044293135,23.6553044293135,0.0226624993126879,22.6624993126879,0.02365,23.650000000000002,23.650000000000002,23.650000000000002,23.650000000000002,23.6553044293135,23.6553044293135,23.6553044293135,22.6624993126879,22.6624993126879,22.6624993126879
HRAO,-25.89,27.687,1414.3,2017,3,15,805,2017-03-15,0.0253927337318545,25.392733731854502,0.0235754968960569,23.5754968960569,0.0244416666666666,24.441666666666602,24.441666666666602,24.441666666666602,24.441666666666602,25.392733731854502,25.392733731854502,25.392733731854502,23.5754968960569,23.5754968960569,23.5754968960569
HRAO,-25.89,27.687,1414.3,2017,3,16,806,2017-03-16,0.0227382457917529,22.7382457917529,0.0180042772581813,18.004277258181297,0.0191374999999999,19.1374999999999,19.1374999999999,19.1374999999999,19.1374999999999,21.137228240577,22.7382457917529,22.7382457917529,18.004277258181297,18.004277258181297,18.004277258181297
HRAO,-25.89,27.687,1414.3,2017,3,17,807,2017-03-17,0.021137228240577,21.137228240577,0.0185446420031476,18.5446420031476,0.0201833333333333,20.183333333333298,20.183333333333298,20.183333333333298,20.183333333333298,21.137228240577,21.137228240577,21.137228240577,18.5446420031476,18.5446420031476,18.5446420031476
HRAO,-25.89,27.687,1414.3,2017,3,18,808,2017-03-18,0.0206701635609498,20.6701635609498,0.0169366931937432,16.936693193743203,0.0207458333333333,20.7458333333333,20.7458333333333,20.7458333333333,20.7458333333333,20.6701635609498,20.6701635609498,20.6701635609498,16.936693193743203,16.936693193743203,16.936693193743203
HRAO,-25.89,27.687,1414.3,2017,3,19,809,2017-03-19,0.0173059211667427,17.305921166742703,0.0169420697969824,16.942069796982402,0.0176083333333333,17.6083333333333,17.6083333333333,17.6083333333333,17.6083333333333,17.305921166742703,17.305921166742703,17.305921166742703,16.942069796982402,16.942069796982402,16.942069796982402
HRAO,-25.89,27.687,1414.3,2017,3,20,810,2017-03-20,0.017196523052065,17.196523052065,0.0155520573231356,15.5520573231356,0.0150874999999999,15.087499999999899,15.087499999999899,15.087499999999899,15.087499999999899,17.3318166312407,17.196523052065,17.196523052065,15.5520573231356,15.5520573231356,15.5520573231356
HRAO,-25.89,27.687,1414.3,2017,3,21,811,2017-03-21,0.0135052019122498,13.505201912249799,0.0132407652596716,13.2407652596716,0.0128541666666666,12.8541666666666,12.8541666666666,12.8541666666666,12.8541666666666,17.3318166312407,13.505201912249799,13.505201912249799,13.2407652596716,13.2407652596716,13.2407652596716
HRAO,-25.89,27.687,1414.3,2017,3,22,812,2017-03-22,0.0173318166312407,17.3318166312407,0.0160573680567244,16.0573680567244,0.0171708333333333,17.1708333333333,17.1708333333333,17.1708333333333,17.1708333333333,17.3318166312407,17.3318166312407,17.3318166312407,16.0573680567244,16.0573680567244,16.0573680567244
HRAO,-25.89,27.687,1414.3,2017,3,23,813,2017-03-23,0.0225936189921457,22.5936189921457,0.0223527749083706,22.3527749083706,0.0218791666666666,21.8791666666666,21.8791666666666,21.8791666666666,21.8791666666666,22.5936189921457,22.5936189921457,22.5936189921457,22.3527749083706,22.3527749083706,22.3527749083706
HRAO,-25.89,27.687,1414.3,2017,3,24,814,2017-03-24,0.0247593362901459,24.7593362901459,0.024207795421425,24.207795421425,0.0243458333333333,24.3458333333333,24.3458333333333,24.3458333333333,24.3458333333333,24.7593362901459,24.7593362901459,24.7593362901459,18.6102876481234,24.207795421425,24.207795421425
HRAO,-25.89,27.687,1414.3,2017,3,25,815,2017-03-25,0.0210566540459071,21.0566540459071,0.019163101653791,19.163101653791,0.0190458333333333,19.0458333333333,19.0458333333333,19.0458333333333,19.0458333333333,21.0566540459071,21.0566540459071,21.0566540459071,19.163101653791,19.163101653791,19.163101653791
HRAO,-25.89,27.687,1414.3,2017,3,26,816,2017-03-26,0.0205936310419046,20.593631041904597,0.0186102876481234,18.6102876481234,0.021025,21.025,21.025,21.025,21.025,20.593631041904597,20.593631041904597,20.593631041904597,18.6102876481234,18.6102876481234,18.6102876481234
HRAO,-25.89,27.687,1414.3,2017,3,27,817,2017-03-27,0.0177600683280894,17.7600683280894,0.0176717347133986,17.6717347133986,0.0192875,19.287499999999998,19.287499999999998,19.287499999999998,19.287499999999998,17.7600683280894,17.7600683280894,17.7600683280894,17.6717347133986,17.6717347133986,17.6717347133986
HRAO,-25.89,27.687,1414.3,2017,3,28,818,2017-03-28,0.0140372313441305,14.0372313441305,0.0132763987572851,13.276398757285099,0.0154958333333333,15.495833333333302,15.495833333333302,15.495833333333302,15.495833333333302,14.0372313441305,14.0372313441305,14.0372313441305,17.6717347133986,13.276398757285099,13.276398757285099
HRAO,-25.89,27.687,1414.3,2017,3,29,819,2017-03-29,0.0172834656141301,17.283465614130098,0.0146473337819023,14.6473337819023,0.0173791666666666,17.3791666666666,17.3791666666666,17.3791666666666,17.3791666666666,17.283465614130098,17.283465614130098,17.283465614130098,17.6717347133986,14.6473337819023,14.6473337819023
HRAO,-25.89,27.687,1414.3,2017,3,30,820,2017-03-30,0.0204830634438482,20.483063443848202,0.017836526322534,17.836526322534002,0.0198041666666666,19.8041666666666,19.8041666666666,19.8041666666666,19.8041666666666,20.483063443848202,20.483063443848202,20.483063443848202,17.836526322534002,17.836526322534002,17.836526322534002
HRAO,-25.89,27.687,1414.3,2017,4,1,822,2017-04-01,0.0180330115390447,18.0330115390447,0.0160182972572431,16.0182972572431,0.0178041666666666,17.8041666666666,17.8041666666666,17.8041666666666,17.8041666666666,18.0330115390447,18.0330115390447,18.0330115390447,16.0182972572431,16.0182972572431,16.0182972572431
HRAO,-25.89,27.687,1414.3,2017,4,2,823,2017-04-02,0.0219810149686525,21.9810149686525,0.0199200443460647,19.9200443460647,0.0211791666666666,21.1791666666666,21.1791666666666,21.1791666666666,21.1791666666666,21.9810149686525,21.9810149686525,21.9810149686525,19.9200443460647,19.9200443460647,19.9200443460647
HRAO,-25.89,27.687,1414.3,2017,4,3,824,2017-04-03,0.0240958655203212,24.0958655203212,0.0228467914095782,22.8467914095782,0.0228083333333333,22.808333333333298,22.808333333333298,22.808333333333298,22.808333333333298,24.0958655203212,24.0958655203212,24.0958655203212,22.8467914095782,22.8467914095782,22.8467914095782
HRAO,-25.89,27.687,1414.3,2017,4,4,825,2017-04-04,0.0250631332427135,25.0631332427135,0.0227576798390299,22.7576798390299,0.0235541666666666,23.5541666666666,23.5541666666666,23.5541666666666,23.5541666666666,25.0631332427135,25.0631332427135,25.0631332427135,22.7576798390299,22.7576798390299,22.7576798390299
HRAO,-25.89,27.687,1414.3,2017,4,5,826,2017-04-05,0.0246906483287945,24.690648328794502,0.0209247059967331,20.9247059967331,0.0230291666666666,23.0291666666666,23.0291666666666,23.0291666666666,23.0291666666666,24.690648328794502,24.690648328794502,24.690648328794502,20.9247059967331,20.9247059967331,20.9247059967331
HRAO,-25.89,27.687,1414.3,2017,4,6,827,2017-04-06,0.02799692352044,27.99692352044,0.0223712233418525,22.3712233418525,0.024325,24.325,24.325,24.325,24.325,27.99692352044,27.99692352044,27.99692352044,22.3712233418525,22.3712233418525,22.3712233418525
HRAO,-25.89,27.687,1414.3,2017,4,7,828,2017-04-07,0.0312979501634965,31.2979501634965,0.0299840732248286,29.9840732248286,0.0300666666666666,30.0666666666666,26.25,30.0666666666666,30.0666666666666,27.99692352044,31.2979501634965,31.2979501634965,25.821145517329303,29.9840732248286,29.9840732248286
HRAO,-25.89,27.687,1414.3,2017,4,8,829,2017-04-08,0.028524912104346,28.524912104346,0.0280653493882115,28.0653493882115,0.0264666666666666,26.4666666666666,26.4666666666666,26.4666666666666,26.4666666666666,28.524912104346,28.524912104346,28.524912104346,28.0653493882115,28.0653493882115,28.0653493882115
HRAO,-25.89,27.687,1414.3,2017,4,9,830,2017-04-09,0.0275387166872374,27.5387166872374,0.0258211455173293,25.821145517329303,0.02625,26.25,26.25,26.25,26.25,27.5387166872374,27.5387166872374,27.5387166872374,25.821145517329303,25.821145517329303,25.821145517329303
HRAO,-25.89,27.687,1414.3,2017,4,10,831,2017-04-10,0.029738887870475,29.738887870475,0.0276110540240226,27.6110540240226,0.0288291666666666,28.8291666666666,28.8291666666666,28.8291666666666,28.8291666666666,29.738887870475,29.738887870475,29.738887870475,27.6110540240226,27.6110540240226,27.6110540240226
HRAO,-25.89,27.687,1414.3,2017,4,11,832,2017-04-11,0.0281649237573731,28.1649237573731,0.0279947508125466,27.994750812546602,0.0257249999999999,25.724999999999902,25.724999999999902,25.724999999999902,25.724999999999902,28.1649237573731,28.1649237573731,28.1649237573731,27.994750812546602,27.994750812546602,27.994750812546602
HRAO,-25.89,27.687,1414.3,2017,4,12,833,2017-04-12,0.0259250016405089,25.9250016405089,0.0239349820058526,23.9349820058526,0.0237708333333333,23.7708333333333,23.7708333333333,23.7708333333333,23.7708333333333,25.9250016405089,25.9250016405089,25.9250016405089,23.9349820058526,23.9349820058526,23.9349820058526
HRAO,-25.89,27.687,1414.3,2017,4,13,834,2017-04-13,0.0262642198975896,26.2642198975896,0.0257775111676239,25.7775111676239,0.0263625,26.3625,26.3625,26.3625,26.3625,26.2642198975896,26.2642198975896,26.2642198975896,25.7775111676239,25.7775111676239,25.7775111676239
HRAO,-25.89,27.687,1414.3,2017,4,26,847,2017-04-26,0.0149225658455773,14.9225658455773,0.0151750584332455,15.1750584332455,0.0139,13.899999999999999,13.899999999999999,13.899999999999999,13.899999999999999,14.9225658455773,14.9225658455773,14.9225658455773,15.1750584332455,15.1750584332455,15.1750584332455
HRAO,-25.89,27.687,1414.3,2017,4,27,848,2017-04-27,0.0139986984226093,13.9986984226093,0.0140476593735254,14.0476593735254,0.0147625,14.7625,14.7625,14.7625,14.7625,16.7832927591045,13.9986984226093,13.9986984226093,14.0476593735254,14.0476593735254,14.0476593735254
HRAO,-25.89,27.687,1414.3,2017,4,28,849,2017-04-28,0.0158951275926512,15.895127592651201,0.0151452550281932,15.1452550281932,0.0160708333333333,16.0708333333333,16.0708333333333,16.0708333333333,16.0708333333333,15.895127592651201,15.895127592651201,15.895127592651201,15.1452550281932,15.1452550281932,15.1452550281932
HRAO,-25.89,27.687,1414.3,2017,4,29,850,2017-04-29,0.0167832927591045,16.7832927591045,0.0136667930687052,13.6667930687052,0.0149416666666666,14.941666666666599,14.941666666666599,14.941666666666599,14.941666666666599,16.7832927591045,16.7832927591045,16.7832927591045,15.1750584332455,13.6667930687052,13.6667930687052
HRAO,-25.89,27.687,1414.3,2017,4,30,851,2017-04-30,0.0177012391318998,17.7012391318998,0.0157277277555727,15.7277277555727,0.0165083333333333,16.508333333333297,16.508333333333297,16.508333333333297,16.508333333333297,17.7012391318998,17.7012391318998,17.7012391318998,15.7277277555727,15.7277277555727,15.7277277555727
HRAO,-25.89,27.687,1414.3,2017,5,1,852,2017-05-01,0.0177876450000038,17.7876450000038,0.0158051098029145,15.8051098029145,0.0166874999999999,16.6874999999999,16.6874999999999,16.6874999999999,16.6874999999999,17.7876450000038,17.7876450000038,17.7876450000038,15.8051098029145,15.8051098029145,15.8051098029145
HRAO,-25.89,27.687,1414.3,2017,5,2,853,2017-05-02,0.0182694166352618,18.269416635261802,0.0179459320904143,17.9459320904143,0.017925,17.925,17.925,17.925,17.925,17.667191338671998,18.269416635261802,18.269416635261802,17.9459320904143,17.9459320904143,17.9459320904143
HRAO,-25.89,27.687,1414.3,2017,5,3,854,2017-05-03,0.017667191338672,17.667191338671998,0.0180143565804576,18.0143565804576,0.0180625,18.0625,18.0625,18.0625,18.0625,17.667191338671998,17.667191338671998,17.667191338671998,18.0143565804576,18.0143565804576,18.0143565804576
HRAO,-25.89,27.687,1414.3,2017,5,4,855,2017-05-04,0.0160372820809432,16.0372820809432,0.01719430504334,17.19430504334,0.0176875,17.6875,17.6875,17.6875,17.6875,16.0372820809432,16.0372820809432,16.0372820809432,17.19430504334,17.19430504334,17.19430504334
HRAO,-25.89,27.687,1414.3,2017,5,5,856,2017-05-05,0.0155358920297572,15.5358920297572,0.0158019798684407,15.801979868440698,0.0173124999999999,17.3124999999999,17.3124999999999,17.3124999999999,17.3124999999999,15.5358920297572,15.5358920297572,15.5358920297572,15.801979868440698,15.801979868440698,15.801979868440698
HRAO,-25.89,27.687,1414.3,2017,5,6,857,2017-05-06,0.0135895736237408,13.5895736237408,0.0133750722159176,13.3750722159176,0.0143541666666666,14.3541666666666,14.3541666666666,14.3541666666666,14.3541666666666,15.9960147270788,13.5895736237408,13.5895736237408,13.3750722159176,13.3750722159176,13.3750722159176
HRAO,-25.89,27.687,1414.3,2017,5,7,858,2017-05-07,0.0121670419039272,12.1670419039272,0.0114557352408618,11.4557352408618,0.012475,12.475,12.475,12.475,12.475,15.9960147270788,12.1670419039272,12.1670419039272,11.4557352408618,11.4557352408618,11.4557352408618
HRAO,-25.89,27.687,1414.3,2017,5,8,859,2017-05-08,0.0159960147270788,15.9960147270788,0.014875965038865,14.875965038864999,0.0155916666666666,15.5916666666666,15.5916666666666,15.5916666666666,15.5916666666666,15.9960147270788,15.9960147270788,15.9960147270788,14.875965038864999,14.875965038864999,14.875965038864999
HRAO,-25.89,27.687,1414.3,2017,5,9,860,2017-05-09,0.0181483957712371,18.148395771237098,0.0165781206897196,16.5781206897196,0.0184875,18.4875,18.4875,18.4875,18.4875,18.148395771237098,18.148395771237098,18.148395771237098,16.5781206897196,16.5781206897196,16.5781206897196
HRAO,-25.89,27.687,1414.3,2017,5,10,861,2017-05-10,0.0162568390588619,16.2568390588619,0.0167011533974313,16.7011533974313,0.0176458333333333,17.6458333333333,15.5916666666666,17.6458333333333,17.6458333333333,16.2568390588619,16.2568390588619,16.2568390588619,16.7011533974313,16.7011533974313,16.7011533974313
HRAO,-25.89,27.687,1414.3,2017,5,11,862,2017-05-11,0.0145929352150958,14.5929352150958,0.0156588062615347,15.658806261534702,0.0155166666666666,15.5166666666666,15.5166666666666,15.5166666666666,15.5166666666666,14.5929352150958,14.5929352150958,14.5929352150958,15.658806261534702,15.658806261534702,15.658806261534702
HRAO,-25.89,27.687,1414.3,2017,5,12,863,2017-05-12,0.0175112776198934,17.5112776198934,0.0171573448833726,17.1573448833726,0.0180166666666666,18.0166666666666,18.0166666666666,18.0166666666666,18.0166666666666,17.5112776198934,17.5112776198934,17.5112776198934,17.1573448833726,17.1573448833726,17.1573448833726
HRAO,-25.89,27.687,1414.3,2017,5,13,864,2017-05-13,0.0154078660003426,15.407866000342601,0.0156639019273098,15.6639019273098,0.0151041666666666,15.1041666666666,15.1041666666666,15.1041666666666,15.1041666666666,15.407866000342601,15.407866000342601,15.407866000342601,15.6639019273098,15.6639019273098,15.6639019273098
HRAO,-25.89,27.687,1414.3,2017,5,14,865,2017-05-14,0.0162080685707906,16.2080685707906,0.0151366759949563,15.1366759949563,0.0150625,15.0625,15.0625,15.0625,15.0625,16.2080685707906,16.2080685707906,16.2080685707906,15.1366759949563,15.1366759949563,15.1366759949563
HRAO,-25.89,27.687,1414.3,2017,5,15,866,2017-05-15,0.0182376786402394,18.237678640239398,0.0184118235478964,18.4118235478964,0.0184375,18.4375,15.0625,18.4375,18.4375,18.237678640239398,18.237678640239398,18.237678640239398,15.1366759949563,18.4118235478964,18.4118235478964
HRAO,-25.89,27.687,1414.3,2017,5,16,867,2017-05-16,0.0089979273237068,8.9979273237068,0.0100398016278839,10.0398016278839,0.0098875,9.887500000000001,9.887500000000001,9.887500000000001,9.887500000000001,8.9979273237068,8.9979273237068,8.9979273237068,10.0398016278839,10.0398016278839,10.0398016278839
HRAO,-25.89,27.687,1414.3,2017,5,17,868,2017-05-17,0.0067655883251094,6.7655883251094,0.0067735138562899,6.7735138562899,0.0062833333333333,6.2833333333332995,6.2833333333332995,6.2833333333332995,6.2833333333332995,8.048948223019801,6.7655883251094,6.7655883251094,6.7735138562899,6.7735138562899,6.7735138562899
HRAO,-25.89,27.687,1414.3,2017,5,18,869,2017-05-18,0.008004225953356,8.004225953356,0.0075758079889162,7.5758079889162,0.0071666666666666,7.1666666666665995,7.1666666666665995,7.1666666666665995,7.1666666666665995,8.004225953356,8.004225953356,8.004225953356,7.5758079889162,7.5758079889162,7.5758079889162
HRAO,-25.89,27.687,1414.3,2017,5,19,870,2017-05-19,0.0080489482230198,8.048948223019801,0.007904420789585,7.904420789585,0.0077833333333333,7.7833333333333,7.7833333333333,7.7833333333333,7.7833333333333,8.048948223019801,8.048948223019801,8.048948223019801,7.904420789585,7.904420789585,7.904420789585
HRAO,-25.89,27.687,1414.3,2017,5,20,871,2017-05-20,0.0077069037612395,7.7069037612394995,0.0074329497177386,7.4329497177386,0.0073666666666666,7.3666666666666005,7.3666666666666005,7.3666666666666005,7.3666666666666005,7.7069037612394995,7.7069037612394995,7.7069037612394995,7.4329497177386,7.4329497177386,7.4329497177386
HRAO,-25.89,27.687,1414.3,2017,5,21,872,2017-05-21,0.0082661384419972,8.2661384419972,0.0080118526717151,8.0118526717151,0.007925,7.925,7.925,7.925,7.925,7.7069037612394995,8.2661384419972,8.2661384419972,8.0118526717151,8.0118526717151,8.0118526717151
HRAO,-25.89,27.687,1414.3,2017,5,22,873,2017-05-22,0.0076216284229669,7.6216284229669,0.008123754741663,8.123754741663001,0.0073,7.3,7.3,7.3,7.3,7.6216284229669,7.6216284229669,7.6216284229669,8.123754741663001,8.123754741663001,8.123754741663001
HRAO,-25.89,27.687,1414.3,2017,5,23,874,2017-05-23,0.0064265764019445,6.4265764019445,0.0061104074223278,6.110407422327801,0.0062499999999999,6.2499999999999,6.2499999999999,6.2499999999999,6.2499999999999,6.4265764019445,6.4265764019445,6.4265764019445,6.110407422327801,6.110407422327801,6.110407422327801
HRAO,-25.89,27.687,1414.3,2017,5,24,875,2017-05-24,0.0060925390425078,6.0925390425078,0.0048591042335602,4.8591042335602,0.0058541666666666,5.8541666666665995,5.8541666666665995,5.8541666666665995,5.8541666666665995,6.0925390425078,6.0925390425078,6.0925390425078,4.8591042335602,4.8591042335602,4.8591042335602
HRAO,-25.89,27.687,1414.3,2017,5,25,876,2017-05-25,0.0066269799290255,6.6269799290255,0.0049289008180883,4.9289008180883,0.0065791666666666,6.5791666666666,6.5791666666666,6.5791666666666,6.5791666666666,6.6269799290255,6.6269799290255,6.6269799290255,4.9289008180883,4.9289008180883,4.9289008180883
HRAO,-25.89,27.687,1414.3,2017,5,26,877,2017-05-26,0.0073680721579907,7.3680721579907,0.0071361178878894,7.1361178878894,0.0077416666666666,7.7416666666666,7.7416666666666,7.7416666666666,7.7416666666666,7.3680721579907,7.3680721579907,7.3680721579907,7.1361178878894,7.1361178878894,7.1361178878894
HRAO,-25.89,27.687,1414.3,2017,5,27,878,2017-05-27,0.007279023281411,7.279023281411001,0.0082577940675566,8.257794067556599,0.00795,7.95,7.95,7.95,7.95,7.279023281411001,7.279023281411001,7.279023281411001,8.257794067556599,8.257794067556599,8.257794067556599
HRAO,-25.89,27.687,1414.3,2017,5,28,879,2017-05-28,0.0087088243272253,8.7088243272253,0.0066075077661987,6.6075077661987,0.0068499999999999,6.849999999999899,6.849999999999899,6.849999999999899,6.849999999999899,8.7088243272253,8.7088243272253,8.7088243272253,6.6075077661987,6.6075077661987,6.6075077661987
HRAO,-25.89,27.687,1414.3,2017,5,29,880,2017-05-29,0.0113776295455315,11.3776295455315,0.0098673620979959,9.867362097995901,0.0100791666666666,10.0791666666666,10.0791666666666,10.0791666666666,10.0791666666666,11.3776295455315,11.3776295455315,11.3776295455315,9.867362097995901,9.867362097995901,9.867362097995901
HRAO,-25.89,27.687,1414.3,2017,5,30,881,2017-05-30,0.0102801102479446,10.280110247944599,0.0084066037511344,8.4066037511344,0.0093499999999999,9.3499999999999,9.3499999999999,9.3499999999999,9.3499999999999,10.280110247944599,10.280110247944599,10.280110247944599,8.4066037511344,8.4066037511344,8.4066037511344
HRAO,-25.89,27.687,1414.3,2017,6,1,883,2017-06-01,0.006449740968973,6.449740968973,0.0061351808073942,6.1351808073942,0.0065208333333333,6.5208333333333,6.5208333333333,6.5208333333333,6.5208333333333,6.449740968973,6.449740968973,6.449740968973,6.1351808073942,6.1351808073942,6.1351808073942
HRAO,-25.89,27.687,1414.3,2017,6,2,884,2017-06-02,0.0067916241779725,6.7916241779725,0.0057765009929678,5.7765009929678,0.0068708333333333,6.8708333333333,6.8708333333333,6.8708333333333,6.8708333333333,6.7916241779725,6.7916241779725,6.7916241779725,5.7765009929678,5.7765009929678,5.7765009929678
HRAO,-25.89,27.687,1414.3,2017,6,3,885,2017-06-03,0.0072536063322713,7.2536063322713,0.0061977832821229,6.1977832821228995,0.0065916666666666,6.5916666666666,6.5916666666666,6.5916666666666,6.5916666666666,7.2536063322713,7.2536063322713,7.2536063322713,6.1977832821228995,6.1977832821228995,6.1977832821228995
HRAO,-25.89,27.687,1414.3,2017,6,4,886,2017-06-04,0.0079855953317144,7.985595331714401,0.0073373097003625,7.3373097003625,0.0073291666666666,7.3291666666666,7.3291666666666,7.3291666666666,7.3291666666666,7.985595331714401,7.985595331714401,7.985595331714401,7.3373097003625,7.3373097003625,7.3373097003625
HRAO,-25.89,27.687,1414.3,2017,6,5,887,2017-06-05,0.0075547694002266,7.554769400226601,0.0078858155070013,7.8858155070013,0.0078374999999999,7.8374999999999,7.8374999999999,7.8374999999999,7.8374999999999,7.554769400226601,7.554769400226601,7.554769400226601,7.8858155070013,7.8858155070013,7.8858155070013
HRAO,-25.89,27.687,1414.3,2017,6,6,888,2017-06-06,0.0087486002141628,8.748600214162801,0.0074889159760785,7.488915976078499,0.0082083333333333,8.2083333333333,8.2083333333333,8.2083333333333,8.2083333333333,8.748600214162801,8.748600214162801,8.748600214162801,7.488915976078499,7.488915976078499,7.488915976078499
HRAO,-25.89,27.687,1414.3,2017,6,7,889,2017-06-07,0.0125209993223939,12.5209993223939,0.0107896377720609,10.789637772060901,0.0121666666666666,12.1666666666666,12.1666666666666,12.1666666666666,12.1666666666666,12.5209993223939,12.5209993223939,12.5209993223939,10.789637772060901,10.789637772060901,10.789637772060901
HRAO,-25.89,27.687,1414.3,2017,6,8,890,2017-06-08,0.0056903682687255,5.6903682687255,0.005296043841201,5.296043841201,0.0036375,3.6375,3.6375,3.6375,3.6375,5.6903682687255,5.6903682687255,5.6903682687255,5.296043841201,5.296043841201,5.296043841201
HRAO,-25.89,27.687,1414.3,2017,6,9,891,2017-06-09,0.0051637325191164,5.1637325191164,0.0031638762166284,3.1638762166284002,0.0032624999999999,3.2624999999999,3.2624999999999,3.2624999999999,3.2624999999999,5.1637325191164,5.1637325191164,5.1637325191164,3.1638762166284002,3.1638762166284002,3.1638762166284002
HRAO,-25.89,27.687,1414.3,2017,6,10,892,2017-06-10,0.0070855450457395,7.0855450457395,0.0065082742491747,6.5082742491747,0.00635,6.35,6.35,6.35,6.35,7.0855450457395,7.0855450457395,7.0855450457395,6.5082742491747,6.5082742491747,6.5082742491747
HRAO,-25.89,27.687,1414.3,2017,6,11,893,2017-06-11,0.0107225937612899,10.7225937612899,0.0108497626615991,10.849762661599101,0.0117125,11.7125,11.7125,11.7125,11.7125,10.7225937612899,10.7225937612899,10.7225937612899,10.849762661599101,10.849762661599101,10.849762661599101
HRAO,-25.89,27.687,1414.3,2017,6,12,894,2017-06-12,0.011109208341828,11.109208341828001,0.0098867719371501,9.8867719371501,0.0105625,10.5625,10.5625,10.5625,10.5625,11.109208341828001,11.109208341828001,11.109208341828001,9.8867719371501,9.8867719371501,9.8867719371501
HRAO,-25.89,27.687,1414.3,2017,6,13,895,2017-06-13,0.0108096249774618,10.8096249774618,0.0105370779905638,10.5370779905638,0.0096791666666666,9.6791666666666,9.6791666666666,9.6791666666666,9.6791666666666,10.8096249774618,10.8096249774618,10.8096249774618,10.5370779905638,10.5370779905638,10.5370779905638
HRAO,-25.89,27.687,1414.3,2017,6,14,896,2017-06-14,0.0102632733004588,10.2632733004588,0.0093423616002427,9.3423616002427,0.0094749999999999,9.4749999999999,9.4749999999999,9.4749999999999,9.4749999999999,10.2632733004588,10.2632733004588,10.2632733004588,9.3423616002427,9.3423616002427,9.3423616002427
HRAO,-25.89,27.687,1414.3,2017,6,15,897,2017-06-15,0.0113725502475223,11.3725502475223,0.0111579839170896,11.1579839170896,0.0114541666666666,11.4541666666666,11.4541666666666,11.4541666666666,11.4541666666666,11.3725502475223,11.3725502475223,11.3725502475223,11.1579839170896,11.1579839170896,11.1579839170896
HRAO,-25.89,27.687,1414.3,2017,6,16,898,2017-06-16,0.0119160124693421,11.9160124693421,0.0100163917746478,10.0163917746478,0.010975,10.975,10.975,10.975,10.975,11.9160124693421,11.9160124693421,11.9160124693421,10.0163917746478,10.0163917746478,10.0163917746478
HRAO,-25.89,27.687,1414.3,2017,6,17,899,2017-06-17,0.0121977921401519,12.197792140151899,0.0112201016740932,11.220101674093199,0.0125791666666666,12.5791666666666,12.5791666666666,12.5791666666666,12.5791666666666,12.197792140151899,12.197792140151899,12.197792140151899,11.220101674093199,11.220101674093199,11.220101674093199
HRAO,-25.89,27.687,1414.3,2017,6,18,900,2017-06-18,0.0124989308751659,12.4989308751659,0.0099412301222089,9.9412301222089,0.0112,11.2,11.2,11.2,11.2,12.4989308751659,12.4989308751659,12.4989308751659,9.9412301222089,9.9412301222089,9.9412301222089
HRAO,-25.89,27.687,1414.3,2017,6,19,901,2017-06-19,0.0132969232338027,13.2969232338027,0.0128724181582089,12.8724181582089,0.0124416666666666,12.441666666666599,12.441666666666599,12.441666666666599,12.441666666666599,13.2969232338027,13.2969232338027,13.2969232338027,12.8724181582089,12.8724181582089,12.8724181582089
HRAO,-25.89,27.687,1414.3,2017,6,20,902,2017-06-20,0.0128507923228623,12.850792322862299,0.012271980119601,12.271980119600999,0.0128333333333333,12.8333333333333,12.8333333333333,12.8333333333333,12.8333333333333,12.850792322862299,12.850792322862299,12.850792322862299,12.271980119600999,12.271980119600999,12.271980119600999
HRAO,-25.89,27.687,1414.3,2017,6,21,903,2017-06-21,0.0109746055008332,10.9746055008332,0.0108496899335647,10.8496899335647,0.0121333333333333,12.133333333333299,12.133333333333299,12.133333333333299,12.133333333333299,10.9746055008332,10.9746055008332,10.9746055008332,10.8496899335647,10.8496899335647,10.8496899335647
HRAO,-25.89,27.687,1414.3,2017,6,22,904,2017-06-22,0.0077942047885403,7.794204788540299,0.007235366742672,7.235366742672,0.0076625,7.6625,7.6625,7.6625,7.6625,7.794204788540299,7.794204788540299,7.794204788540299,7.235366742672,7.235366742672,7.235366742672
HRAO,-25.89,27.687,1414.3,2017,6,23,905,2017-06-23,0.0051333973622508,5.1333973622508005,0.0048297828542038,4.8297828542038,0.0042583333333333,4.2583333333333,4.2583333333333,4.2583333333333,4.2583333333333,8.2229771993608,5.1333973622508005,5.1333973622508005,4.8297828542038,4.8297828542038,4.8297828542038
HRAO,-25.89,27.687,1414.3,2017,6,24,906,2017-06-24,0.0082229771993608,8.2229771993608,0.0075465583478856,7.5465583478855995,0.0081875,8.1875,8.1875,8.1875,8.1875,8.2229771993608,8.2229771993608,8.2229771993608,7.5465583478855995,7.5465583478855995,7.5465583478855995
HRAO,-25.89,27.687,1414.3,2017,6,25,907,2017-06-25,0.0079324877695223,7.9324877695223,0.0061718195516527,6.171819551652701,0.0068875,6.8875,6.8875,6.8875,6.8875,7.9324877695223,7.9324877695223,7.9324877695223,6.171819551652701,6.171819551652701,6.171819551652701
HRAO,-25.89,27.687,1414.3,2017,6,26,908,2017-06-26,0.0100749653855723,10.0749653855723,0.0077227610516581,7.7227610516581,0.0092249999999999,9.2249999999999,9.2249999999999,9.2249999999999,9.2249999999999,10.0749653855723,10.0749653855723,10.0749653855723,7.7227610516581,7.7227610516581,7.7227610516581
HRAO,-25.89,27.687,1414.3,2017,6,27,909,2017-06-27,0.0127095050692764,12.7095050692764,0.0120168753491363,12.0168753491363,0.0124208333333333,12.420833333333299,12.420833333333299,12.420833333333299,12.420833333333299,12.7095050692764,12.7095050692764,12.7095050692764,12.0168753491363,12.0168753491363,12.0168753491363
HRAO,-25.89,27.687,1414.3,2017,6,28,910,2017-06-28,0.0099766914750594,9.976691475059399,0.0109136678310296,10.9136678310296,0.010725,10.725,10.725,10.725,10.725,9.976691475059399,9.976691475059399,9.976691475059399,10.9136678310296,10.9136678310296,10.9136678310296
HRAO,-25.89,27.687,1414.3,2017,6,29,911,2017-06-29,0.0066334021936615,6.6334021936615,0.0040972363455079,4.0972363455079,0.0046375,4.6375,11.1166666666666,4.6375,4.6375,6.6334021936615,6.6334021936615,6.6334021936615,10.9136678310296,4.0972363455079,4.0972363455079
HRAO,-25.89,27.687,1414.3,2017,6,30,912,2017-06-30,0.0112469268604588,11.246926860458801,0.0103899354467571,10.3899354467571,0.0111166666666666,11.1166666666666,11.1166666666666,11.1166666666666,11.1166666666666,11.246926860458801,11.246926860458801,11.246926860458801,10.3899354467571,10.3899354467571,10.3899354467571
HRAO,-25.89,27.687,1414.3,2017,7,1,913,2017-07-01,0.0134268395774066,13.4268395774066,0.0144540115132537,14.454011513253699,0.0151083333333333,15.1083333333333,15.1083333333333,15.1083333333333,15.1083333333333,13.4268395774066,13.4268395774066,13.4268395774066,14.454011513253699,14.454011513253699,14.454011513253699
HRAO,-25.89,27.687,1414.3,2017,7,2,914,2017-07-02,0.0128355316448017,12.835531644801701,0.0117629433913094,11.762943391309399,0.01355,13.549999999999999,13.549999999999999,13.549999999999999,13.549999999999999,12.835531644801701,12.835531644801701,12.835531644801701,11.762943391309399,11.762943391309399,11.762943391309399
HRAO,-25.89,27.687,1414.3,2017,7,3,915,2017-07-03,0.0144020214573659,14.4020214573659,0.0133885082903299,13.388508290329899,0.0149166666666666,14.9166666666666,14.9166666666666,14.9166666666666,14.9166666666666,14.4020214573659,14.4020214573659,14.4020214573659,13.388508290329899,13.388508290329899,13.388508290329899
HRAO,-25.89,27.687,1414.3,2017,7,4,916,2017-07-04,0.0154706923816512,15.4706923816512,0.0146501013623852,14.6501013623852,0.0144333333333333,14.4333333333333,14.4333333333333,14.4333333333333,14.4333333333333,15.4706923816512,15.4706923816512,15.4706923816512,14.6501013623852,14.6501013623852,14.6501013623852
HRAO,-25.89,27.687,1414.3,2017,7,5,917,2017-07-05,0.0111749816918981,11.1749816918981,0.0105352369700871,10.535236970087102,0.0110333333333333,11.0333333333333,11.0333333333333,11.0333333333333,11.0333333333333,11.1749816918981,11.1749816918981,11.1749816918981,10.535236970087102,10.535236970087102,10.535236970087102
HRAO,-25.89,27.687,1414.3,2017,7,6,918,2017-07-06,0.0077305204495024,7.7305204495024,0.0071974593809257,7.197459380925699,0.0069708333333333,6.9708333333333,6.9708333333333,6.9708333333333,6.9708333333333,7.7305204495024,7.7305204495024,7.7305204495024,7.197459380925699,7.197459380925699,7.197459380925699
HRAO,-25.89,27.687,1414.3,2017,7,7,919,2017-07-07,0.0133806895748251,13.3806895748251,0.0117914680474497,11.7914680474497,0.0126458333333333,12.6458333333333,12.6458333333333,12.6458333333333,12.6458333333333,13.3806895748251,13.3806895748251,13.3806895748251,11.7914680474497,11.7914680474497,11.7914680474497
HRAO,-25.89,27.687,1414.3,2017,7,8,920,2017-07-08,0.0164233480830393,16.423348083039297,0.0165624163553966,16.5624163553966,0.0170958333333333,17.0958333333333,17.0958333333333,17.0958333333333,17.0958333333333,16.423348083039297,16.423348083039297,16.423348083039297,10.535236970087102,16.5624163553966,16.5624163553966
HRAO,-25.89,27.687,1414.3,2017,7,9,921,2017-07-09,0.0106519244355175,10.6519244355175,0.0107067363939509,10.7067363939509,0.0107708333333333,10.7708333333333,10.7708333333333,10.7708333333333,10.7708333333333,10.6519244355175,10.6519244355175,10.6519244355175,10.7067363939509,10.7067363939509,10.7067363939509
HRAO,-25.89,27.687,1414.3,2017,7,10,922,2017-07-10,0.0098005948238168,9.8005948238168,0.0090335550186727,9.033555018672699,0.0099625,9.962499999999999,9.962499999999999,9.962499999999999,9.962499999999999,9.8005948238168,9.8005948238168,9.8005948238168,9.033555018672699,9.033555018672699,9.033555018672699
HRAO,-25.89,27.687,1414.3,2017,7,11,923,2017-07-11,0.0101867954635784,10.1867954635784,0.0095905170282243,9.5905170282243,0.0101999999999999,10.1999999999999,10.1999999999999,10.1999999999999,10.1999999999999,10.1867954635784,10.1867954635784,10.1867954635784,9.5905170282243,9.5905170282243,9.5905170282243
HRAO,-25.89,27.687,1414.3,2017,7,12,924,2017-07-12,0.0103241460879006,10.3241460879006,0.0103610975869373,10.3610975869373,0.0103458333333333,10.345833333333301,10.345833333333301,10.345833333333301,10.345833333333301,10.3241460879006,10.3241460879006,10.3241460879006,10.3610975869373,10.3610975869373,10.3610975869373
HRAO,-25.89,27.687,1414.3,2017,7,13,925,2017-07-13,0.0105247982361117,10.5247982361117,0.0097538507428525,9.7538507428525,0.010075,10.075000000000001,10.075000000000001,10.075000000000001,10.075000000000001,9.8005948238168,10.5247982361117,10.5247982361117,9.7538507428525,9.7538507428525,9.7538507428525
HRAO,-25.89,27.687,1414.3,2017,7,14,926,2017-07-14,0.0096213737943018,9.6213737943018,0.010122089259581,10.122089259581,0.0099666666666666,9.9666666666666,9.9666666666666,9.9666666666666,9.9666666666666,9.6213737943018,9.6213737943018,9.6213737943018,10.122089259581,10.122089259581,10.122089259581
HRAO,-25.89,27.687,1414.3,2017,7,15,927,2017-07-15,0.0090503048007621,9.050304800762099,0.0093125758550236,9.312575855023601,0.0096416666666666,9.6416666666666,9.6416666666666,9.6416666666666,9.6416666666666,9.050304800762099,9.050304800762099,9.050304800762099,9.312575855023601,9.312575855023601,9.312575855023601
HRAO,-25.89,27.687,1414.3,2017,7,16,928,2017-07-16,0.0061437940105555,6.1437940105555,0.0070752440705403,7.0752440705402995,0.0064041666666666,6.404166666666599,7.375,6.404166666666599,6.404166666666599,6.1437940105555,6.1437940105555,6.1437940105555,7.0752440705402995,7.0752440705402995,7.0752440705402995
HRAO,-25.89,27.687,1414.3,2017,7,17,929,2017-07-17,0.005033299882119,5.033299882119,0.0034888592886683,3.4888592886683,0.0036583333333333,3.6583333333333,3.6583333333333,3.6583333333333,3.6583333333333,5.033299882119,5.033299882119,5.033299882119,6.51629987139,3.4888592886683,3.4888592886683
HRAO,-25.89,27.687,1414.3,2017,7,18,930,2017-07-18,0.0073579572933209,7.3579572933209,0.00651629987139,6.51629987139,0.007375,7.375,7.375,7.375,7.375,7.3579572933209,7.3579572933209,7.3579572933209,6.51629987139,6.51629987139,6.51629987139
HRAO,-25.89,27.687,1414.3,2017,7,19,931,2017-07-19,0.005465247515839,5.465247515839001,0.0043278762971121,4.3278762971121,0.0040166666666666,4.0166666666666,4.0166666666666,4.0166666666666,4.0166666666666,5.465247515839001,5.465247515839001,5.465247515839001,4.3278762971121,4.3278762971121,4.3278762971121
HRAO,-25.89,27.687,1414.3,2017,7,20,932,2017-07-20,0.0037839531438521,3.7839531438521,0.0034839524662352,3.4839524662352,0.0032291666666666,3.2291666666666,3.2291666666666,3.2291666666666,3.2291666666666,3.7839531438521,3.7839531438521,3.7839531438521,3.4839524662352,3.4839524662352,3.4839524662352
HRAO,-25.89,27.687,1414.3,2017,7,21,933,2017-07-21,0.0029160775218636,2.9160775218636,0.002786652104592,2.786652104592,0.0025916666666666,2.5916666666665997,2.5916666666665997,2.5916666666665997,2.5916666666665997,5.465247515839001,2.9160775218636,2.9160775218636,2.786652104592,2.786652104592,2.786652104592
HRAO,-25.89,27.687,1414.3,2017,7,22,934,2017-07-22,0.0056228095151746,5.6228095151746,0.0048764787438799,4.8764787438798995,0.0051125,5.1125,5.1125,5.1125,5.1125,5.6228095151746,5.6228095151746,5.6228095151746,4.8764787438798995,4.8764787438798995,4.8764787438798995
HRAO,-25.89,27.687,1414.3,2017,7,23,935,2017-07-23,0.0053332104437156,5.3332104437156005,0.0052361483181139,5.236148318113901,0.0052166666666666,5.2166666666666,5.2166666666666,5.2166666666666,5.2166666666666,5.3332104437156005,5.3332104437156005,5.3332104437156005,5.236148318113901,5.236148318113901,5.236148318113901
HRAO,-25.89,27.687,1414.3,2017,7,24,936,2017-07-24,0.006114755060328,6.114755060328,0.0059876433000773,5.9876433000773,0.0059791666666666,5.9791666666665995,5.9791666666665995,5.9791666666665995,5.9791666666665995,6.114755060328,6.114755060328,6.114755060328,5.9876433000773,5.9876433000773,5.9876433000773
HRAO,-25.89,27.687,1414.3,2017,7,25,937,2017-07-25,0.0076716898473499,7.6716898473499,0.0063617987229852,6.3617987229852,0.0071708333333333,7.1708333333333,7.1708333333333,7.1708333333333,7.1708333333333,7.6716898473499,7.6716898473499,7.6716898473499,6.3617987229852,6.3617987229852,6.3617987229852
HRAO,-25.89,27.687,1414.3,2017,7,26,938,2017-07-26,0.0080009361074845,8.0009361074845,0.0073078919042248,7.3078919042248,0.0074166666666666,7.4166666666666,7.4166666666666,7.4166666666666,7.4166666666666,8.0009361074845,8.0009361074845,8.0009361074845,6.2630216603397,7.3078919042248,7.3078919042248
HRAO,-25.89,27.687,1414.3,2017,7,27,939,2017-07-27,0.0091372784226103,9.137278422610299,0.0096513333394798,9.6513333394798,0.0094041666666666,9.404166666666601,9.404166666666601,9.404166666666601,9.404166666666601,9.137278422610299,9.137278422610299,9.137278422610299,9.6513333394798,9.6513333394798,9.6513333394798
HRAO,-25.89,27.687,1414.3,2017,7,28,940,2017-07-28,0.0069280513389797,6.9280513389797,0.0062630216603397,6.2630216603397,0.0067916666666666,6.7916666666666,6.7916666666666,6.7916666666666,6.7916666666666,6.9280513389797,6.9280513389797,6.9280513389797,6.2630216603397,6.2630216603397,6.2630216603397
HRAO,-25.89,27.687,1414.3,2017,7,29,941,2017-07-29,0.0073080719435479,7.308071943547899,0.0058626246905382,5.8626246905382,0.0066416666666666,6.6416666666666,6.6416666666666,6.6416666666666,6.6416666666666,7.308071943547899,7.308071943547899,7.308071943547899,5.8626246905382,5.8626246905382,5.8626246905382
HRAO,-25.89,27.687,1414.3,2017,7,30,942,2017-07-30,0.0079046370848401,7.9046370848400995,0.0061268819856977,6.1268819856977,0.0061208333333333,6.1208333333333,6.1208333333333,6.1208333333333,6.1208333333333,7.9046370848400995,7.9046370848400995,7.9046370848400995,6.1268819856977,6.1268819856977,6.1268819856977
HRAO,-25.89,27.687,1414.3,2017,8,1,944,2017-08-01,0.0103370469108179,10.3370469108179,0.0103869051277142,10.3869051277142,0.0110458333333333,11.0458333333333,11.0458333333333,11.0458333333333,11.0458333333333,10.3370469108179,10.3370469108179,10.3370469108179,10.3869051277142,10.3869051277142,10.3869051277142
HRAO,-25.89,27.687,1414.3,2017,8,2,945,2017-08-02,0.0105356410204615,10.535641020461501,0.0108050305975715,10.8050305975715,0.0113125,11.3125,11.3125,11.3125,11.3125,10.535641020461501,10.535641020461501,10.535641020461501,10.8050305975715,10.8050305975715,10.8050305975715
HRAO,-25.89,27.687,1414.3,2017,8,3,946,2017-08-03,0.0104147797406134,10.4147797406134,0.0091648455806045,9.1648455806045,0.0098458333333333,9.8458333333333,9.8458333333333,9.8458333333333,9.8458333333333,10.4147797406134,10.4147797406134,10.4147797406134,9.1648455806045,9.1648455806045,9.1648455806045
HRAO,-25.89,27.687,1414.3,2017,8,4,947,2017-08-04,0.0118052149941942,11.8052149941942,0.0110088028184712,11.008802818471201,0.0115583333333333,11.5583333333333,11.5583333333333,11.5583333333333,11.5583333333333,10.4147797406134,11.8052149941942,11.8052149941942,11.008802818471201,11.008802818471201,11.008802818471201
HRAO,-25.89,27.687,1414.3,2017,8,5,948,2017-08-05,0.0105939763604274,10.5939763604274,0.0107450947207418,10.7450947207418,0.0110083333333333,11.0083333333333,11.0083333333333,11.0083333333333,11.0083333333333,10.5939763604274,10.5939763604274,10.5939763604274,10.7450947207418,10.7450947207418,10.7450947207418
HRAO,-25.89,27.687,1414.3,2017,8,6,949,2017-08-06,0.0069691484673399,6.9691484673399,0.0072408830084441,7.2408830084441,0.0071875,7.1875,7.1875,7.1875,7.1875,6.9691484673399,6.9691484673399,6.9691484673399,7.2408830084441,7.2408830084441,7.2408830084441
HRAO,-25.89,27.687,1414.3,2017,8,7,950,2017-08-07,0.0073778374573276,7.3778374573276,0.0049060913031547,4.9060913031546995,0.0056916666666666,5.6916666666666,5.6916666666666,5.6916666666666,5.6916666666666,7.3778374573276,7.3778374573276,7.3778374573276,4.9060913031546995,4.9060913031546995,4.9060913031546995
HRAO,-25.89,27.687,1414.3,2017,8,8,951,2017-08-08,0.0112532966908416,11.2532966908416,0.0099328280940814,9.9328280940814,0.0112041666666666,11.2041666666666,11.2041666666666,11.2041666666666,11.2041666666666,11.2532966908416,11.2532966908416,11.2532966908416,9.9328280940814,9.9328280940814,9.9328280940814
HRAO,-25.89,27.687,1414.3,2017,8,9,952,2017-08-09,0.0116218649050003,11.6218649050003,0.0109670074433973,10.9670074433973,0.0110083333333333,11.0083333333333,11.0083333333333,11.0083333333333,11.0083333333333,11.6218649050003,11.6218649050003,11.6218649050003,10.9670074433973,10.9670074433973,10.9670074433973
HRAO,-25.89,27.687,1414.3,2017,8,10,953,2017-08-10,0.0104248930227674,10.4248930227674,0.0101419058180763,10.141905818076301,0.0105708333333333,10.5708333333333,10.5708333333333,10.5708333333333,10.5708333333333,10.4248930227674,10.4248930227674,10.4248930227674,10.141905818076301,10.141905818076301,10.141905818076301
HRAO,-25.89,27.687,1414.3,2017,8,11,954,2017-08-11,0.0085493059397537,8.549305939753701,0.0084132074356378,8.413207435637801,0.0084875,8.4875,8.4875,8.4875,8.4875,8.549305939753701,8.549305939753701,8.549305939753701,8.413207435637801,8.413207435637801,8.413207435637801
HRAO,-25.89,27.687,1414.3,2017,8,12,955,2017-08-12,0.0082045117962317,8.2045117962317,0.007829725860629,7.829725860629,0.0077541666666666,7.7541666666666,7.7541666666666,7.7541666666666,7.7541666666666,8.2045117962317,8.2045117962317,8.2045117962317,7.829725860629,7.829725860629,7.829725860629
HRAO,-25.89,27.687,1414.3,2017,8,13,956,2017-08-13,0.0086682839781857,8.6682839781857,0.0078885847327159,7.888584732715901,0.0085083333333333,8.5083333333333,8.5083333333333,8.5083333333333,8.5083333333333,8.6682839781857,8.6682839781857,8.6682839781857,7.888584732715901,7.888584732715901,7.888584732715901
HRAO,-25.89,27.687,1414.3,2017,8,14,957,2017-08-14,0.008015222298303,8.015222298303,0.0066448066453189,6.6448066453189005,0.0079333333333333,7.933333333333299,7.933333333333299,7.933333333333299,7.933333333333299,8.015222298303,8.015222298303,8.015222298303,6.6448066453189005,6.6448066453189005,6.6448066453189005
HRAO,-25.89,27.687,1414.3,2017,8,15,958,2017-08-15,0.009209703045709,9.209703045709,0.0082562998229903,8.2562998229903,0.0090166666666666,9.0166666666666,9.0166666666666,9.0166666666666,9.0166666666666,9.209703045709,9.209703045709,9.209703045709,8.2562998229903,8.2562998229903,8.2562998229903
HRAO,-25.89,27.687,1414.3,2017,8,16,959,2017-08-16,0.0082144391332674,8.2144391332674,0.0085845065613305,8.5845065613305,0.0076833333333333,7.6833333333333,7.6833333333333,7.6833333333333,7.6833333333333,8.2144391332674,8.2144391332674,8.2144391332674,8.5845065613305,8.5845065613305,8.5845065613305
HRAO,-25.89,27.687,1414.3,2017,8,17,960,2017-08-17,0.0067790695554348,6.7790695554348,0.0049796121159901,4.9796121159901,0.0054541666666666,5.4541666666666,5.4541666666666,5.4541666666666,5.4541666666666,6.7790695554348,6.7790695554348,6.7790695554348,4.9796121159901,4.9796121159901,4.9796121159901
HRAO,-25.89,27.687,1414.3,2017,8,18,961,2017-08-18,0.0083437834723087,8.343783472308699,0.0069355333075901,6.9355333075901,0.0067875,6.7875000000000005,6.7875000000000005,6.7875000000000005,6.7875000000000005,8.343783472308699,8.343783472308699,8.343783472308699,6.9355333075901,6.9355333075901,6.9355333075901
HRAO,-25.89,27.687,1414.3,2017,8,19,962,2017-08-19,0.008937422365119,8.937422365119,0.0079990869521958,7.999086952195801,0.0073,7.3,7.3,7.3,7.3,8.937422365119,8.937422365119,8.937422365119,7.999086952195801,7.999086952195801,7.999086952195801
HRAO,-25.89,27.687,1414.3,2017,8,20,963,2017-08-20,0.0092722129771181,9.2722129771181,0.0083641203135036,8.364120313503602,0.0081916666666666,8.1916666666666,8.1916666666666,8.1916666666666,8.1916666666666,9.2722129771181,9.2722129771181,9.2722129771181,8.364120313503602,8.364120313503602,8.364120313503602
HRAO,-25.89,27.687,1414.3,2017,8,21,964,2017-08-21,0.0090772016061856,9.0772016061856,0.0078322484823551,7.832248482355101,0.0083416666666666,8.3416666666666,8.3416666666666,8.3416666666666,8.3416666666666,9.0772016061856,9.0772016061856,9.0772016061856,7.832248482355101,7.832248482355101,7.832248482355101
HRAO,-25.89,27.687,1414.3,2017,8,22,965,2017-08-22,0.0061185005176006,6.1185005176006,0.0062067905393329,6.2067905393329,0.0059125,5.9125000000000005,5.9125000000000005,5.9125000000000005,5.9125000000000005,6.1185005176006,6.1185005176006,6.1185005176006,6.2067905393329,6.2067905393329,6.2067905393329
HRAO,-25.89,27.687,1414.3,2017,8,23,966,2017-08-23,0.0039680238193271,3.9680238193271005,0.003877210101188,3.877210101188,0.0033416666666666,3.3416666666666,3.3416666666666,3.3416666666666,3.3416666666666,3.9680238193271005,3.9680238193271005,3.9680238193271005,3.877210101188,3.877210101188,3.877210101188
HRAO,-25.89,27.687,1414.3,2017,8,24,967,2017-08-24,0.0042746277902844,4.2746277902844,0.0034949970466227,3.4949970466227,0.003175,3.175,3.175,3.175,3.175,4.2746277902844,4.2746277902844,4.2746277902844,3.4949970466227,3.4949970466227,3.4949970466227
HRAO,-25.89,27.687,1414.3,2017,8,25,968,2017-08-25,0.0051898391424803,5.1898391424803,0.0041763468078045,4.1763468078045,0.00405,4.05,4.05,4.05,4.05,5.1898391424803,5.1898391424803,5.1898391424803,4.1763468078045,4.1763468078045,4.1763468078045
HRAO,-25.89,27.687,1414.3,2017,8,26,969,2017-08-26,0.0119795648156356,11.9795648156356,0.011148292610621,11.148292610621,0.012775,12.775,12.775,12.775,12.775,11.9795648156356,11.9795648156356,11.9795648156356,11.148292610621,11.148292610621,11.148292610621
HRAO,-25.89,27.687,1414.3,2017,8,27,970,2017-08-27,0.0128525709128305,12.8525709128305,0.0127521919366685,12.752191936668499,0.0134041666666666,13.404166666666601,13.404166666666601,13.404166666666601,13.404166666666601,12.8525709128305,12.8525709128305,12.8525709128305,12.752191936668499,12.752191936668499,12.752191936668499
HRAO,-25.89,27.687,1414.3,2017,8,28,971,2017-08-28,0.0143842258192334,14.3842258192334,0.0140237961665003,14.023796166500299,0.0147458333333333,14.7458333333333,14.7458333333333,14.7458333333333,14.7458333333333,12.559384840000499,14.3842258192334,14.3842258192334,14.023796166500299,14.023796166500299,14.023796166500299
HRAO,-25.89,27.687,1414.3,2017,8,29,972,2017-08-29,0.016697763250803,16.697763250803,0.0167416288032517,16.7416288032517,0.0169458333333333,16.945833333333297,16.945833333333297,16.945833333333297,16.945833333333297,12.559384840000499,16.697763250803,16.697763250803,16.7416288032517,16.7416288032517,16.7416288032517
HRAO,-25.89,27.687,1414.3,2017,8,30,973,2017-08-30,0.0125593848400005,12.559384840000499,0.0123634263604014,12.3634263604014,0.0116041666666666,11.6041666666666,11.6041666666666,11.6041666666666,11.6041666666666,12.559384840000499,12.559384840000499,12.559384840000499,12.3634263604014,12.3634263604014,12.3634263604014
HRAO,-25.89,27.687,1414.3,2017,9,1,975,2017-09-01,0.0118319120298931,11.8319120298931,0.0082788185815739,8.278818581573901,0.007375,7.375,7.375,7.375,7.375,11.8319120298931,11.8319120298931,11.8319120298931,8.278818581573901,8.278818581573901,8.278818581573901
HRAO,-25.89,27.687,1414.3,2017,9,2,976,2017-09-02,0.0080841499450912,8.0841499450912,0.0075033095146492,7.5033095146491995,0.00705,7.05,7.05,7.05,7.05,8.0841499450912,8.0841499450912,8.0841499450912,7.5033095146491995,7.5033095146491995,7.5033095146491995
HRAO,-25.89,27.687,1414.3,2017,9,3,977,2017-09-03,0.0084080772981099,8.4080772981099,0.0070002761678344,7.0002761678344,0.007,7.0,7.0,7.0,7.0,8.4080772981099,8.4080772981099,8.4080772981099,7.0002761678344,7.0002761678344,7.0002761678344
HRAO,-25.89,27.687,1414.3,2017,9,4,978,2017-09-04,0.0076051888447931,7.6051888447930995,0.0067451631823979,6.7451631823979,0.0069541666666666,6.9541666666666,6.9541666666666,6.9541666666666,6.9541666666666,7.6051888447930995,7.6051888447930995,7.6051888447930995,6.7451631823979,6.7451631823979,6.7451631823979
HRAO,-25.89,27.687,1414.3,2017,9,5,979,2017-09-05,0.0074405855985232,7.4405855985232,0.0051791280620137,5.1791280620136995,0.0059583333333333,5.9583333333333,5.9583333333333,5.9583333333333,5.9583333333333,7.4405855985232,7.4405855985232,7.4405855985232,5.1791280620136995,5.1791280620136995,5.1791280620136995
HRAO,-25.89,27.687,1414.3,2017,9,6,980,2017-09-06,0.0109808988707337,10.9808988707337,0.0102564422233276,10.2564422233276,0.0109249999999999,10.9249999999999,10.9249999999999,10.9249999999999,10.9249999999999,10.9808988707337,10.9808988707337,10.9808988707337,10.2564422233276,10.2564422233276,10.2564422233276
HRAO,-25.89,27.687,1414.3,2017,9,7,981,2017-09-07,0.0115410097375026,11.5410097375026,0.0112224477533444,11.222447753344401,0.0118749999999999,11.874999999999899,11.874999999999899,11.874999999999899,11.874999999999899,11.5410097375026,11.5410097375026,11.5410097375026,11.222447753344401,11.222447753344401,11.222447753344401
HRAO,-25.89,27.687,1414.3,2017,9,8,982,2017-09-08,0.0119662833341607,11.9662833341607,0.012207490603732,12.207490603732,0.0127666666666666,12.7666666666666,12.7666666666666,12.7666666666666,12.7666666666666,11.9662833341607,11.9662833341607,11.9662833341607,12.207490603732,12.207490603732,12.207490603732
HRAO,-25.89,27.687,1414.3,2017,9,9,983,2017-09-09,0.0133961024438701,13.3961024438701,0.0122166322419744,12.2166322419744,0.0139875,13.9875,13.9875,13.9875,13.9875,13.3961024438701,13.3961024438701,13.3961024438701,12.2166322419744,12.2166322419744,12.2166322419744
HRAO,-25.89,27.687,1414.3,2017,9,10,984,2017-09-10,0.0149892674096591,14.989267409659101,0.0149130446192471,14.913044619247101,0.0151083333333333,15.1083333333333,15.1083333333333,15.1083333333333,15.1083333333333,14.989267409659101,14.989267409659101,14.989267409659101,14.913044619247101,14.913044619247101,14.913044619247101
HRAO,-25.89,27.687,1414.3,2017,9,11,985,2017-09-11,0.0125489999898221,12.5489999898221,0.0132507284626539,13.2507284626539,0.0144333333333333,14.4333333333333,14.4333333333333,14.4333333333333,14.4333333333333,12.5489999898221,12.5489999898221,12.5489999898221,13.2507284626539,13.2507284626539,13.2507284626539
HRAO,-25.89,27.687,1414.3,2017,9,12,986,2017-09-12,0.0073267202227006,7.3267202227006,0.008681635806286,8.681635806286,0.0087958333333333,8.795833333333299,8.795833333333299,8.795833333333299,8.795833333333299,7.3267202227006,7.3267202227006,7.3267202227006,8.681635806286,8.681635806286,8.681635806286
HRAO,-25.89,27.687,1414.3,2017,9,13,987,2017-09-13,0.0047788232830829,4.778823283082899,0.0040794578029639,4.0794578029639,0.0044833333333333,4.4833333333333005,4.4833333333333005,4.4833333333333005,4.4833333333333005,4.778823283082899,4.778823283082899,4.778823283082899,4.0794578029639,4.0794578029639,4.0794578029639
HRAO,-25.89,27.687,1414.3,2017,9,14,988,2017-09-14,0.008054270377866,8.054270377865999,0.0079001128044569,7.900112804456899,0.0091208333333333,9.1208333333333,9.1208333333333,9.1208333333333,9.1208333333333,8.054270377865999,8.054270377865999,8.054270377865999,7.900112804456899,7.900112804456899,7.900112804456899
HRAO,-25.89,27.687,1414.3,2017,9,15,989,2017-09-15,0.0116282375534836,11.6282375534836,0.0103388868990659,10.3388868990659,0.0109125,10.9125,10.9125,10.9125,10.9125,11.6282375534836,11.6282375534836,11.6282375534836,10.3388868990659,10.3388868990659,10.3388868990659
HRAO,-25.89,27.687,1414.3,2017,9,16,990,2017-09-16,0.0129530607701224,12.9530607701224,0.0130586794486122,13.0586794486122,0.0134958333333333,13.4958333333333,13.4958333333333,13.4958333333333,13.4958333333333,12.9530607701224,12.9530607701224,12.9530607701224,13.0586794486122,13.0586794486122,13.0586794486122
HRAO,-25.89,27.687,1414.3,2017,9,17,991,2017-09-17,0.0172861710500191,17.2861710500191,0.0179355150255072,17.9355150255072,0.0191166666666666,19.1166666666666,14.9916666666666,19.1166666666666,19.1166666666666,15.3101679305925,17.2861710500191,17.2861710500191,14.199506316575599,17.9355150255072,17.9355150255072
HRAO,-25.89,27.687,1414.3,2017,9,18,992,2017-09-18,0.0165142265159001,16.514226515900102,0.0141995063165756,14.199506316575599,0.0152416666666666,15.2416666666666,15.2416666666666,15.2416666666666,15.2416666666666,16.514226515900102,16.514226515900102,16.514226515900102,14.199506316575599,14.199506316575599,14.199506316575599
HRAO,-25.89,27.687,1414.3,2017,9,19,993,2017-09-19,0.0153101679305925,15.3101679305925,0.014552278932198,14.552278932198,0.015775,15.775,15.775,15.775,15.775,16.3887394423021,15.3101679305925,15.3101679305925,14.552278932198,14.552278932198,14.552278932198
HRAO,-25.89,27.687,1414.3,2017,9,20,994,2017-09-20,0.0163887394423021,16.3887394423021,0.0143151419204491,14.3151419204491,0.0149916666666666,14.9916666666666,14.9916666666666,14.9916666666666,14.9916666666666,16.3887394423021,16.3887394423021,16.3887394423021,14.3151419204491,14.3151419204491,14.3151419204491
HRAO,-25.89,27.687,1414.3,2017,9,21,995,2017-09-21,0.0164477377297691,16.4477377297691,0.0162622847208182,16.262284720818197,0.0166916666666666,16.691666666666602,16.691666666666602,16.691666666666602,16.691666666666602,16.4477377297691,16.4477377297691,16.4477377297691,14.552278932198,16.262284720818197,16.262284720818197
HRAO,-25.89,27.687,1414.3,2017,9,22,996,2017-09-22,0.0119710241980291,11.9710241980291,0.0116260480620919,11.626048062091899,0.0112083333333333,11.2083333333333,16.337500000000002,11.2083333333333,11.2083333333333,11.9710241980291,11.9710241980291,11.9710241980291,11.626048062091899,11.626048062091899,11.626048062091899
HRAO,-25.89,27.687,1414.3,2017,9,23,997,2017-09-23,0.0171444593578453,17.1444593578453,0.0155007878227175,15.5007878227175,0.0163375,16.337500000000002,16.337500000000002,16.337500000000002,16.337500000000002,17.1444593578453,17.1444593578453,17.1444593578453,15.5007878227175,15.5007878227175,15.5007878227175
HRAO,-25.89,27.687,1414.3,2017,9,24,998,2017-09-24,0.0185433354088995,18.543335408899498,0.0176632816071588,17.663281607158797,0.017675,17.675,17.675,17.675,17.675,18.543335408899498,18.543335408899498,18.543335408899498,17.663281607158797,17.663281607158797,17.663281607158797
HRAO,-25.89,27.687,1414.3,2017,9,25,999,2017-09-25,0.0213270367295108,21.327036729510798,0.0211633312748943,21.1633312748943,0.0220666666666666,22.0666666666666,22.0666666666666,22.0666666666666,22.0666666666666,21.327036729510798,21.327036729510798,21.327036729510798,21.1633312748943,21.1633312748943,21.1633312748943
HRAO,-25.89,27.687,1414.3,2017,9,26,1000,2017-09-26,0.0143877606825663,14.3877606825663,0.0151919215968138,15.1919215968138,0.0132791666666666,13.279166666666601,13.279166666666601,13.279166666666601,13.279166666666601,14.3877606825663,14.3877606825663,14.3877606825663,15.1919215968138,15.1919215968138,15.1919215968138
HRAO,-25.89,27.687,1414.3,2017,9,27,1001,2017-09-27,0.0118385286701927,11.8385286701927,0.0088772869788732,8.8772869788732,0.0105875,10.5875,10.5875,10.5875,10.5875,11.8385286701927,11.8385286701927,11.8385286701927,8.8772869788732,8.8772869788732,8.8772869788732
HRAO,-25.89,27.687,1414.3,2017,9,28,1002,2017-09-28,0.018437825566711,18.437825566711,0.01705602466775,17.056024667750002,0.0177708333333333,17.7708333333333,17.7708333333333,17.7708333333333,17.7708333333333,18.437825566711,18.437825566711,18.437825566711,17.056024667750002,17.056024667750002,17.056024667750002
HRAO,-25.89,27.687,1414.3,2017,9,29,1003,2017-09-29,0.0209430765751419,20.9430765751419,0.0211309927682233,21.130992768223297,0.0216208333333333,21.6208333333333,21.6208333333333,21.6208333333333,21.6208333333333,20.9430765751419,20.9430765751419,20.9430765751419,21.130992768223297,21.130992768223297,21.130992768223297
HRAO,-25.89,27.687,1414.3,2017,9,30,1004,2017-09-30,0.021880430317748,21.880430317748,0.0197089978108428,19.708997810842803,0.0202958333333333,20.295833333333302,20.295833333333302,20.295833333333302,20.295833333333302,21.880430317748,21.880430317748,21.880430317748,19.708997810842803,19.708997810842803,19.708997810842803
HRAO,-25.89,27.687,1414.3,2017,10,1,1005,2017-10-01,0.0227865228699041,22.7865228699041,0.0229717042141036,22.9717042141036,0.0224499999999999,22.4499999999999,22.4499999999999,22.4499999999999,22.4499999999999,22.7865228699041,22.7865228699041,22.7865228699041,22.9717042141036,22.9717042141036,22.9717042141036
HRAO,-25.89,27.687,1414.3,2017,10,2,1006,2017-10-02,0.0240514018837099,24.0514018837099,0.0213291940566241,21.3291940566241,0.0229458333333333,22.9458333333333,22.9458333333333,22.9458333333333,22.9458333333333,24.0514018837099,24.0514018837099,24.0514018837099,21.3291940566241,21.3291940566241,21.3291940566241
HRAO,-25.89,27.687,1414.3,2017,10,3,1007,2017-10-03,0.0197502266111316,19.7502266111316,0.0179137729425066,17.913772942506597,0.0185291666666666,18.5291666666666,18.5291666666666,18.5291666666666,18.5291666666666,19.7502266111316,19.7502266111316,19.7502266111316,17.913772942506597,17.913772942506597,17.913772942506597
HRAO,-25.89,27.687,1414.3,2017,10,4,1008,2017-10-04,0.0204843581119566,20.484358111956602,0.0177478995248143,17.7478995248143,0.0180666666666666,18.0666666666666,18.0666666666666,18.0666666666666,18.0666666666666,20.484358111956602,20.484358111956602,20.484358111956602,17.7478995248143,17.7478995248143,17.7478995248143
HRAO,-25.89,27.687,1414.3,2017,10,5,1009,2017-10-05,0.0241160118064982,24.1160118064982,0.024723270020942,24.723270020942,0.0241916666666666,24.191666666666602,24.191666666666602,24.191666666666602,24.191666666666602,24.1160118064982,24.1160118064982,24.1160118064982,24.723270020942,24.723270020942,24.723270020942
HRAO,-25.89,27.687,1414.3,2017,10,6,1010,2017-10-06,0.0247187458078811,24.7187458078811,0.0211222633171907,21.1222633171907,0.0226458333333333,22.6458333333333,22.6458333333333,22.6458333333333,22.6458333333333,24.7187458078811,24.7187458078811,24.7187458078811,21.1222633171907,21.1222633171907,21.1222633171907
HRAO,-25.89,27.687,1414.3,2017,10,7,1011,2017-10-07,0.0223543558241269,22.354355824126902,0.0216670213960198,21.6670213960198,0.02105,21.05,21.05,21.05,21.05,22.354355824126902,22.354355824126902,22.354355824126902,21.6670213960198,21.6670213960198,21.6670213960198
HRAO,-25.89,27.687,1414.3,2017,10,8,1012,2017-10-08,0.0181406193719844,18.1406193719844,0.0192488022301756,19.2488022301756,0.0196333333333333,19.6333333333333,19.6333333333333,19.6333333333333,19.6333333333333,18.1406193719844,18.1406193719844,18.1406193719844,19.2488022301756,19.2488022301756,19.2488022301756
HRAO,-25.89,27.687,1414.3,2017,10,9,1013,2017-10-09,0.01449418926432,14.49418926432,0.0181722102489424,18.1722102489424,0.0169583333333333,16.9583333333333,16.9583333333333,16.9583333333333,16.9583333333333,14.49418926432,14.49418926432,14.49418926432,18.1722102489424,18.1722102489424,18.1722102489424
HRAO,-25.89,27.687,1414.3,2017,10,10,1014,2017-10-10,0.0075315720530165,7.5315720530165,0.006562852791711,6.562852791711,0.0071041666666666,7.1041666666665995,7.1041666666665995,7.1041666666665995,7.1041666666665995,7.5315720530165,7.5315720530165,7.5315720530165,6.562852791711,6.562852791711,6.562852791711
HRAO,-25.89,27.687,1414.3,2017,10,11,1015,2017-10-11,0.0078215842501818,7.8215842501818,0.0074571479501292,7.4571479501292,0.0084458333333333,8.4458333333333,8.4458333333333,8.4458333333333,8.4458333333333,7.8215842501818,7.8215842501818,7.8215842501818,7.4571479501292,7.4571479501292,7.4571479501292
HRAO,-25.89,27.687,1414.3,2017,10,12,1016,2017-10-12,0.0071434160052255,7.1434160052255,0.0061660726117687,6.1660726117686995,0.0066624999999999,6.6624999999999,6.6624999999999,6.6624999999999,6.6624999999999,7.1434160052255,7.1434160052255,7.1434160052255,6.1660726117686995,6.1660726117686995,6.1660726117686995
HRAO,-25.89,27.687,1414.3,2017,10,13,1017,2017-10-13,0.0123058721058361,12.3058721058361,0.0113914140438244,11.3914140438244,0.0125083333333333,12.5083333333333,12.5083333333333,12.5083333333333,12.5083333333333,12.3058721058361,12.3058721058361,12.3058721058361,11.3914140438244,11.3914140438244,11.3914140438244
HRAO,-25.89,27.687,1414.3,2017,10,14,1018,2017-10-14,0.0155137956360795,15.5137956360795,0.0154128702357838,15.412870235783801,0.0156708333333333,15.6708333333333,15.6708333333333,15.6708333333333,15.6708333333333,15.5137956360795,15.5137956360795,15.5137956360795,15.412870235783801,15.412870235783801,15.412870235783801
HRAO,-25.89,27.687,1414.3,2017,10,15,1019,2017-10-15,0.0112052314675328,11.2052314675328,0.0136491835645128,13.6491835645128,0.0121375,12.137500000000001,12.137500000000001,12.137500000000001,12.137500000000001,11.2052314675328,11.2052314675328,11.2052314675328,13.6491835645128,13.6491835645128,13.6491835645128
HRAO,-25.89,27.687,1414.3,2017,10,16,1020,2017-10-16,0.0072256377410872,7.2256377410872,0.0064879149992695,6.4879149992695,0.0067333333333333,6.7333333333333005,6.7333333333333005,6.7333333333333005,6.7333333333333005,7.2256377410872,7.2256377410872,7.2256377410872,6.4879149992695,6.4879149992695,6.4879149992695
HRAO,-25.89,27.687,1414.3,2017,10,17,1021,2017-10-17,0.0059764141994148,5.9764141994148,0.0051331147020865,5.1331147020865,0.0050083333333333,5.0083333333333,5.0083333333333,5.0083333333333,5.0083333333333,5.9764141994148,5.9764141994148,5.9764141994148,5.1331147020865,5.1331147020865,5.1331147020865
HRAO,-25.89,27.687,1414.3,2017,10,18,1022,2017-10-18,0.009334974449564,9.334974449564,0.0063370331288566,6.3370331288566,0.0073208333333333,7.3208333333333,7.3208333333333,7.3208333333333,7.3208333333333,9.334974449564,9.334974449564,9.334974449564,6.3370331288566,6.3370331288566,6.3370331288566
HRAO,-25.89,27.687,1414.3,2017,10,19,1023,2017-10-19,0.0151750269253896,15.175026925389599,0.013639405577614,13.639405577614001,0.0147083333333333,14.7083333333333,14.7083333333333,14.7083333333333,14.7083333333333,15.175026925389599,15.175026925389599,15.175026925389599,13.639405577614001,13.639405577614001,13.639405577614001
HRAO,-25.89,27.687,1414.3,2017,10,20,1024,2017-10-20,0.0199860512926372,19.9860512926372,0.0154521085599008,15.4521085599008,0.0162041666666666,16.204166666666598,16.204166666666598,16.204166666666598,16.204166666666598,19.9860512926372,19.9860512926372,19.9860512926372,15.4521085599008,15.4521085599008,15.4521085599008
HRAO,-25.89,27.687,1414.3,2017,10,21,1025,2017-10-21,0.0272199107991387,27.2199107991387,0.0245481238655725,24.5481238655725,0.0275,27.5,23.704166666666598,27.5,27.5,27.2199107991387,27.2199107991387,27.2199107991387,23.745047781672202,24.5481238655725,24.5481238655725
HRAO,-25.89,27.687,1414.3,2017,10,22,1026,2017-10-22,0.0245312761764335,24.5312761764335,0.0243344123188973,24.3344123188973,0.0237041666666666,23.704166666666598,23.704166666666598,23.704166666666598,23.704166666666598,24.5312761764335,24.5312761764335,24.5312761764335,24.3344123188973,24.3344123188973,24.3344123188973
HRAO,-25.89,27.687,1414.3,2017,10,23,1027,2017-10-23,0.0234895973905258,23.4895973905258,0.0239249739235509,23.9249739235509,0.0242625,24.2625,24.2625,24.2625,24.2625,23.4895973905258,23.4895973905258,23.4895973905258,23.9249739235509,23.9249739235509,23.9249739235509
HRAO,-25.89,27.687,1414.3,2017,10,24,1028,2017-10-24,0.0264172867955965,26.4172867955965,0.0237450477816722,23.745047781672202,0.0238958333333333,23.8958333333333,23.8958333333333,23.8958333333333,23.8958333333333,26.4172867955965,26.4172867955965,26.4172867955965,23.745047781672202,23.745047781672202,23.745047781672202
HRAO,-25.89,27.687,1414.3,2017,10,25,1029,2017-10-25,0.0252175421954122,25.2175421954122,0.0217625363548523,21.762536354852298,0.0221333333333333,22.1333333333333,22.1333333333333,22.1333333333333,22.1333333333333,25.2175421954122,25.2175421954122,25.2175421954122,22.714308589955,21.762536354852298,21.762536354852298
HRAO,-25.89,27.687,1414.3,2017,10,26,1030,2017-10-26,0.0245246631638655,24.5246631638655,0.022714308589955,22.714308589955,0.0220583333333333,22.0583333333333,22.0583333333333,22.0583333333333,22.0583333333333,24.5246631638655,24.5246631638655,24.5246631638655,22.714308589955,22.714308589955,22.714308589955
HRAO,-25.89,27.687,1414.3,2017,10,27,1031,2017-10-27,0.0212648714619106,21.2648714619106,0.0163046333439554,16.304633343955402,0.0184458333333333,18.4458333333333,18.4458333333333,18.4458333333333,18.4458333333333,21.2648714619106,21.2648714619106,21.2648714619106,16.304633343955402,16.304633343955402,16.304633343955402
HRAO,-25.89,27.687,1414.3,2017,10,28,1032,2017-10-28,0.0178471291306732,17.847129130673203,0.0159742681549248,15.974268154924799,0.0172875,17.2875,17.2875,17.2875,17.2875,17.847129130673203,17.847129130673203,17.847129130673203,15.974268154924799,15.974268154924799,15.974268154924799
HRAO,-25.89,27.687,1414.3,2017,10,29,1033,2017-10-29,0.015756307083335,15.756307083334999,0.0147915869555781,14.7915869555781,0.0158666666666666,15.866666666666598,15.866666666666598,15.866666666666598,15.866666666666598,15.756307083334999,15.756307083334999,15.756307083334999,14.7915869555781,14.7915869555781,14.7915869555781
HRAO,-25.89,27.687,1414.3,2017,10,30,1034,2017-10-30,0.0157530106431852,15.7530106431852,0.0136464825457831,13.646482545783101,0.0143125,14.3125,14.3125,14.3125,14.3125,15.7530106431852,15.7530106431852,15.7530106431852,13.646482545783101,13.646482545783101,13.646482545783101
HRAO,-25.89,27.687,1414.3,2017,11,1,1036,2017-11-01,0.0134626922536328,13.4626922536328,0.0137442049867004,13.7442049867004,0.0148666666666666,14.8666666666666,14.8666666666666,14.8666666666666,14.8666666666666,13.4626922536328,13.4626922536328,13.4626922536328,13.7442049867004,13.7442049867004,13.7442049867004
HRAO,-25.89,27.687,1414.3,2017,11,2,1037,2017-11-02,0.0097437246257312,9.7437246257312,0.0096874259056922,9.6874259056922,0.0092916666666666,9.291666666666599,9.291666666666599,9.291666666666599,9.291666666666599,9.7437246257312,9.7437246257312,9.7437246257312,9.6874259056922,9.6874259056922,9.6874259056922
HRAO,-25.89,27.687,1414.3,2017,11,3,1038,2017-11-03,0.0134451152232122,13.445115223212198,0.0109393332522308,10.9393332522308,0.0120666666666666,12.0666666666666,12.0666666666666,12.0666666666666,12.0666666666666,13.445115223212198,13.445115223212198,13.445115223212198,10.9393332522308,10.9393332522308,10.9393332522308
HRAO,-25.89,27.687,1414.3,2017,11,4,1039,2017-11-04,0.0193995023338005,19.3995023338005,0.0172705177612433,17.2705177612433,0.0178083333333333,17.8083333333333,17.8083333333333,17.8083333333333,17.8083333333333,19.3995023338005,19.3995023338005,19.3995023338005,17.2705177612433,17.2705177612433,17.2705177612433
HRAO,-25.89,27.687,1414.3,2017,11,5,1040,2017-11-05,0.0175396137926219,17.5396137926219,0.0187516758422985,18.7516758422985,0.0194791666666666,19.4791666666666,19.4791666666666,19.4791666666666,19.4791666666666,17.5396137926219,17.5396137926219,17.5396137926219,18.7516758422985,18.7516758422985,18.7516758422985
HRAO,-25.89,27.687,1414.3,2017,11,6,1041,2017-11-06,0.0169068649298878,16.9068649298878,0.0178167785276761,17.8167785276761,0.0183208333333333,18.3208333333333,18.3208333333333,18.3208333333333,18.3208333333333,16.9068649298878,16.9068649298878,16.9068649298878,17.8167785276761,17.8167785276761,17.8167785276761
HRAO,-25.89,27.687,1414.3,2017,11,7,1042,2017-11-07,0.0118705371033248,11.8705371033248,0.0104849785293238,10.4849785293238,0.0105166666666666,10.5166666666666,10.5166666666666,10.5166666666666,10.5166666666666,11.8705371033248,11.8705371033248,11.8705371033248,10.4849785293238,10.4849785293238,10.4849785293238
HRAO,-25.89,27.687,1414.3,2017,11,8,1043,2017-11-08,0.0114534314333275,11.4534314333275,0.0105303019499911,10.5303019499911,0.0098208333333333,9.820833333333299,18.3208333333333,9.820833333333299,9.820833333333299,11.4534314333275,11.4534314333275,11.4534314333275,10.5303019499911,10.5303019499911,10.5303019499911
HRAO,-25.89,27.687,1414.3,2017,11,9,1044,2017-11-09,0.0178944151988292,17.8944151988292,0.0164070149896453,16.4070149896453,0.0176916666666666,17.6916666666666,17.6916666666666,17.6916666666666,17.6916666666666,17.8944151988292,17.8944151988292,17.8944151988292,16.4070149896453,16.4070149896453,16.4070149896453
HRAO,-25.89,27.687,1414.3,2017,11,10,1045,2017-11-10,0.0205727661944548,20.5727661944548,0.0205532672054401,20.5532672054401,0.0201125,20.112499999999997,20.112499999999997,20.112499999999997,20.112499999999997,20.5727661944548,20.5727661944548,20.5727661944548,20.5532672054401,20.5532672054401,20.5532672054401
HRAO,-25.89,27.687,1414.3,2017,11,11,1046,2017-11-11,0.0211103314002363,21.110331400236298,0.0179538909712294,17.9538909712294,0.0188416666666666,18.8416666666666,18.8416666666666,18.8416666666666,18.8416666666666,21.110331400236298,21.110331400236298,21.110331400236298,17.9538909712294,17.9538909712294,17.9538909712294
HRAO,-25.89,27.687,1414.3,2017,11,12,1047,2017-11-12,0.0238269322680884,23.826932268088402,0.0221796429185388,22.1796429185388,0.0248041666666666,24.8041666666666,24.8041666666666,24.8041666666666,24.8041666666666,23.826932268088402,23.826932268088402,23.826932268088402,22.1796429185388,22.1796429185388,22.1796429185388
HRAO,-25.89,27.687,1414.3,2017,11,13,1048,2017-11-13,0.02439946589136,24.39946589136,0.0242207053132445,24.220705313244498,0.0245958333333333,24.5958333333333,24.5958333333333,24.5958333333333,24.5958333333333,24.39946589136,24.39946589136,24.39946589136,24.220705313244498,24.220705313244498,24.220705313244498
HRAO,-25.89,27.687,1414.3,2017,11,14,1049,2017-11-14,0.028154578200912,28.154578200912,0.0251542068013677,25.1542068013677,0.0265791666666666,26.5791666666666,26.5791666666666,26.5791666666666,26.5791666666666,28.154578200912,28.154578200912,28.154578200912,25.1542068013677,25.1542068013677,25.1542068013677
HRAO,-25.89,27.687,1414.3,2017,11,15,1050,2017-11-15,0.0195418735631108,19.541873563110798,0.0229645283407008,22.9645283407008,0.0202,20.2,20.2,20.2,20.2,19.541873563110798,19.541873563110798,19.541873563110798,22.9645283407008,22.9645283407008,22.9645283407008
HRAO,-25.89,27.687,1414.3,2017,11,16,1051,2017-11-16,0.0095018735329779,9.5018735329779,0.0086338494817357,8.6338494817357,0.0087625,8.7625,8.7625,8.7625,8.7625,9.5018735329779,9.5018735329779,9.5018735329779,8.6338494817357,8.6338494817357,8.6338494817357
HRAO,-25.89,27.687,1414.3,2017,11,17,1052,2017-11-17,0.0086198836234714,8.619883623471399,0.0076209683209788,7.6209683209787995,0.0074625,7.4625,7.4625,7.4625,7.4625,8.619883623471399,8.619883623471399,8.619883623471399,7.6209683209787995,7.6209683209787995,7.6209683209787995
HRAO,-25.89,27.687,1414.3,2017,11,18,1053,2017-11-18,0.0101152409133531,10.115240913353102,0.0082124709439724,8.2124709439724,0.0090125,9.0125,9.0125,9.0125,9.0125,10.115240913353102,10.115240913353102,10.115240913353102,12.3877837159877,8.2124709439724,8.2124709439724
HRAO,-25.89,27.687,1414.3,2017,11,19,1054,2017-11-19,0.0142966716831399,14.296671683139898,0.0123877837159877,12.3877837159877,0.014325,14.325,14.325,14.325,14.325,14.296671683139898,14.296671683139898,14.296671683139898,12.3877837159877,12.3877837159877,12.3877837159877
HRAO,-25.89,27.687,1414.3,2017,11,20,1055,2017-11-20,0.0186723625300872,18.672362530087202,0.0159361344897666,15.9361344897666,0.0164916666666666,16.4916666666666,16.4916666666666,16.4916666666666,16.4916666666666,18.672362530087202,18.672362530087202,18.672362530087202,15.9361344897666,15.9361344897666,15.9361344897666
HRAO,-25.89,27.687,1414.3,2017,11,21,1056,2017-11-21,0.0223770477293702,22.3770477293702,0.0188500382724271,18.850038272427103,0.021125,21.125,21.125,21.125,21.125,22.3770477293702,22.3770477293702,22.3770477293702,18.850038272427103,18.850038272427103,18.850038272427103
HRAO,-25.89,27.687,1414.3,2017,11,22,1057,2017-11-22,0.0264934066116834,26.493406611683398,0.02338220594386,23.38220594386,0.0263708333333333,26.3708333333333,26.3708333333333,26.3708333333333,26.3708333333333,26.493406611683398,26.493406611683398,26.493406611683398,21.7669119178437,23.38220594386,23.38220594386
HRAO,-25.89,27.687,1414.3,2017,11,23,1058,2017-11-23,0.0264867878165392,26.4867878165392,0.0230184250224332,23.0184250224332,0.023275,23.275000000000002,23.275000000000002,23.275000000000002,23.275000000000002,26.4867878165392,26.4867878165392,26.4867878165392,23.0184250224332,23.0184250224332,23.0184250224332
HRAO,-25.89,27.687,1414.3,2017,11,24,1059,2017-11-24,0.0233069284671047,23.3069284671047,0.0261144132391868,26.1144132391868,0.0259458333333333,25.9458333333333,25.9458333333333,25.9458333333333,25.9458333333333,23.3069284671047,23.3069284671047,23.3069284671047,26.1144132391868,26.1144132391868,26.1144132391868
HRAO,-25.89,27.687,1414.3,2017,11,25,1060,2017-11-25,0.0194817696469735,19.481769646973497,0.0217669119178437,21.7669119178437,0.0209374999999999,20.9374999999999,20.9374999999999,20.9374999999999,20.9374999999999,19.481769646973497,19.481769646973497,19.481769646973497,21.7669119178437,21.7669119178437,21.7669119178437
HRAO,-25.89,27.687,1414.3,2017,11,26,1061,2017-11-26,0.0178753323608576,17.875332360857602,0.0168789883493428,16.878988349342798,0.0172166666666666,17.216666666666598,17.216666666666598,17.216666666666598,17.216666666666598,23.5180606234833,17.875332360857602,17.875332360857602,16.878988349342798,16.878988349342798,16.878988349342798
HRAO,-25.89,27.687,1414.3,2017,11,27,1062,2017-11-27,0.0235180606234833,23.5180606234833,0.0217811523007874,21.7811523007874,0.0236625,23.662499999999998,23.662499999999998,23.662499999999998,23.662499999999998,23.5180606234833,23.5180606234833,23.5180606234833,21.7811523007874,21.7811523007874,21.7811523007874
HRAO,-25.89,27.687,1414.3,2017,11,28,1063,2017-11-28,0.024579907768416,24.579907768416,0.0214598721345085,21.4598721345085,0.0222041666666666,22.2041666666666,22.2041666666666,22.2041666666666,22.2041666666666,24.579907768416,24.579907768416,24.579907768416,21.4598721345085,21.4598721345085,21.4598721345085
HRAO,-25.89,27.687,1414.3,2017,11,29,1064,2017-11-29,0.0251576401781565,25.157640178156498,0.0251617001337375,25.161700133737497,0.0253625,25.3625,25.3625,25.3625,25.3625,25.157640178156498,25.157640178156498,25.157640178156498,21.7811523007874,25.161700133737497,25.161700133737497
HRAO,-25.89,27.687,1414.3,2017,11,30,1065,2017-11-30,0.0241488863452312,24.148886345231197,0.0204802758768374,20.4802758768374,0.0210875,21.0875,21.0875,21.0875,21.0875,24.148886345231197,24.148886345231197,24.148886345231197,25.161700133737497,20.4802758768374,20.4802758768374
HRAO,-25.89,27.687,1414.3,2017,12,1,1066,2017-12-01,0.0279679700595278,27.9679700595278,0.0259118099609238,25.9118099609238,0.0267,26.700000000000003,26.700000000000003,26.700000000000003,26.700000000000003,27.9679700595278,27.9679700595278,27.9679700595278,25.9118099609238,25.9118099609238,25.9118099609238
HRAO,-25.89,27.687,1414.3,2017,12,2,1067,2017-12-02,0.0283843848655685,28.3843848655685,0.0267248988385727,26.724898838572702,0.0282916666666666,28.2916666666666,28.2916666666666,28.2916666666666,28.2916666666666,28.3843848655685,28.3843848655685,28.3843848655685,26.724898838572702,26.724898838572702,26.724898838572702
HRAO,-25.89,27.687,1414.3,2017,12,4,1069,2017-12-04,0.0302876085267165,30.2876085267165,0.0275081673963624,27.508167396362403,0.0270791666666666,27.079166666666598,27.079166666666598,27.079166666666598,27.079166666666598,30.2876085267165,30.2876085267165,30.2876085267165,27.508167396362403,27.508167396362403,27.508167396362403
HRAO,-25.89,27.687,1414.3,2017,12,5,1070,2017-12-05,0.0306948927079351,30.6948927079351,0.0316046512923653,31.604651292365304,0.0305083333333333,30.5083333333333,30.5083333333333,30.5083333333333,30.5083333333333,30.6948927079351,30.6948927079351,30.6948927079351,26.0755719712555,31.604651292365304,31.604651292365304
HRAO,-25.89,27.687,1414.3,2017,12,6,1071,2017-12-06,0.0256024256067552,25.6024256067552,0.0260755719712555,26.0755719712555,0.0277791666666666,27.7791666666666,27.7791666666666,27.7791666666666,27.7791666666666,25.6024256067552,25.6024256067552,25.6024256067552,26.0755719712555,26.0755719712555,26.0755719712555
HRAO,-25.89,27.687,1414.3,2017,12,7,1072,2017-12-07,0.0235202027075861,23.5202027075861,0.0221271467320348,22.127146732034802,0.0222374999999999,22.2374999999999,22.2374999999999,22.2374999999999,22.2374999999999,23.5202027075861,23.5202027075861,23.5202027075861,22.127146732034802,22.127146732034802,22.127146732034802
HRAO,-25.89,27.687,1414.3,2017,12,8,1073,2017-12-08,0.0229597783654644,22.9597783654644,0.0196323987515703,19.6323987515703,0.02055,20.549999999999997,20.549999999999997,20.549999999999997,20.549999999999997,22.9597783654644,22.9597783654644,22.9597783654644,19.6323987515703,19.6323987515703,19.6323987515703
HRAO,-25.89,27.687,1414.3,2017,12,9,1074,2017-12-09,0.0239585750398727,23.958575039872702,0.0194671999017533,19.4671999017533,0.0200666666666666,20.066666666666602,20.066666666666602,20.066666666666602,20.066666666666602,23.958575039872702,23.958575039872702,23.958575039872702,19.4671999017533,19.4671999017533,19.4671999017533
HRAO,-25.89,27.687,1414.3,2017,12,10,1075,2017-12-10,0.0258713577947775,25.8713577947775,0.0218978964399237,21.897896439923702,0.0243625,24.362499999999997,24.362499999999997,24.362499999999997,24.362499999999997,25.8713577947775,25.8713577947775,25.8713577947775,21.897896439923702,21.897896439923702,21.897896439923702
HRAO,-25.89,27.687,1414.3,2017,12,11,1076,2017-12-11,0.0247447361679837,24.7447361679837,0.0224548356079868,22.454835607986798,0.0250708333333333,25.0708333333333,25.0708333333333,25.0708333333333,25.0708333333333,24.7447361679837,24.7447361679837,24.7447361679837,22.454835607986798,22.454835607986798,22.454835607986798
HRAO,-25.89,27.687,1414.3,2017,12,12,1077,2017-12-12,0.0218644997814163,21.8644997814163,0.0194377365495205,19.437736549520498,0.02105,21.05,21.05,21.05,21.05,21.8644997814163,21.8644997814163,21.8644997814163,19.437736549520498,19.437736549520498,19.437736549520498
HRAO,-25.89,27.687,1414.3,2017,12,13,1078,2017-12-13,0.0157670371815123,15.767037181512299,0.0178562467644409,17.8562467644409,0.0165291666666666,16.529166666666598,16.529166666666598,16.529166666666598,16.529166666666598,15.767037181512299,15.767037181512299,15.767037181512299,17.8562467644409,17.8562467644409,17.8562467644409
HRAO,-25.89,27.687,1414.3,2017,12,14,1079,2017-12-14,0.0092789414871803,9.2789414871803,0.0087582250471575,8.7582250471575,0.0085208333333333,8.5208333333333,18.3666666666666,8.5208333333333,8.5208333333333,19.529343124173998,9.2789414871803,9.2789414871803,17.583005251222602,8.7582250471575,8.7582250471575
HRAO,-25.89,27.687,1414.3,2017,12,15,1080,2017-12-15,0.0170004664233613,17.0004664233613,0.0163521275278907,16.3521275278907,0.018225,18.225,18.225,18.225,18.225,17.0004664233613,17.0004664233613,17.0004664233613,16.3521275278907,16.3521275278907,16.3521275278907
HRAO,-25.89,27.687,1414.3,2017,12,16,1081,2017-12-16,0.019529343124174,19.529343124173998,0.0175830052512226,17.583005251222602,0.0193083333333333,19.308333333333298,19.308333333333298,19.308333333333298,19.308333333333298,19.529343124173998,19.529343124173998,19.529343124173998,17.583005251222602,17.583005251222602,17.583005251222602
HRAO,-25.89,27.687,1414.3,2017,12,17,1082,2017-12-17,0.0195309087667589,19.5309087667589,0.0173047708466033,17.304770846603297,0.0183666666666666,18.3666666666666,18.3666666666666,18.3666666666666,18.3666666666666,19.5309087667589,19.5309087667589,19.5309087667589,17.304770846603297,17.304770846603297,17.304770846603297
HRAO,-25.89,27.687,1414.3,2017,12,18,1083,2017-12-18,0.0212682582299673,21.2682582299673,0.0177982162244523,17.7982162244523,0.0190749999999999,19.0749999999999,19.0749999999999,19.0749999999999,19.0749999999999,21.2682582299673,21.2682582299673,21.2682582299673,17.7982162244523,17.7982162244523,17.7982162244523
HRAO,-25.89,27.687,1414.3,2017,12,19,1084,2017-12-19,0.0282810720021043,28.2810720021043,0.0281343307176911,28.1343307176911,0.0292083333333333,29.2083333333333,29.2083333333333,29.2083333333333,29.2083333333333,28.2810720021043,28.2810720021043,28.2810720021043,28.1343307176911,28.1343307176911,28.1343307176911
HRAO,-25.89,27.687,1414.3,2017,12,20,1085,2017-12-20,0.0304760335993711,30.4760335993711,0.0291400829914054,29.1400829914054,0.0307208333333333,30.720833333333303,30.720833333333303,30.720833333333303,30.720833333333303,30.4760335993711,30.4760335993711,30.4760335993711,29.1400829914054,29.1400829914054,29.1400829914054
HRAO,-25.89,27.687,1414.3,2017,12,21,1086,2017-12-21,0.0308238145019085,30.823814501908497,0.0299324259367326,29.9324259367326,0.0301541666666666,30.1541666666666,30.1541666666666,30.1541666666666,30.1541666666666,30.823814501908497,30.823814501908497,30.823814501908497,29.9324259367326,29.9324259367326,29.9324259367326
HRAO,-25.89,27.687,1414.3,2017,12,22,1087,2017-12-22,0.0314386405250945,31.4386405250945,0.0343817614895044,34.3817614895044,0.0343125,34.3125,34.3125,34.3125,34.3125,31.4386405250945,31.4386405250945,31.4386405250945,34.3817614895044,34.3817614895044,34.3817614895044
HRAO,-25.89,27.687,1414.3,2017,12,23,1088,2017-12-23,0.026974298883721,26.974298883721,0.0219859400985156,21.985940098515602,0.0241833333333333,24.183333333333298,24.183333333333298,24.183333333333298,24.183333333333298,26.974298883721,26.974298883721,26.974298883721,21.985940098515602,21.985940098515602,21.985940098515602
HRAO,-25.89,27.687,1414.3,2017,12,24,1089,2017-12-24,0.028329317191003,28.329317191003,0.025281663290985,25.281663290984998,0.0271291666666666,27.1291666666666,27.1291666666666,27.1291666666666,27.1291666666666,28.329317191003,28.329317191003,28.329317191003,25.281663290984998,25.281663290984998,25.281663290984998
HRAO,-25.89,27.687,1414.3,2017,12,25,1090,2017-12-25,0.0180590551174135,18.0590551174135,0.0167921758941643,16.792175894164302,0.0160625,16.0625,16.0625,16.0625,16.0625,18.0590551174135,18.0590551174135,18.0590551174135,16.792175894164302,16.792175894164302,16.792175894164302
HRAO,-25.89,27.687,1414.3,2017,12,26,1091,2017-12-26,0.0197418586331662,19.741858633166203,0.0219266669560915,21.9266669560915,0.0238666666666666,23.8666666666666,23.8666666666666,23.8666666666666,23.8666666666666,19.741858633166203,19.741858633166203,19.741858633166203,21.9266669560915,21.9266669560915,21.9266669560915
HRAO,-25.89,27.687,1414.3,2017,12,27,1092,2017-12-27,0.0221271284238132,22.1271284238132,0.0214199297730928,21.4199297730928,0.0205958333333333,20.5958333333333,20.5958333333333,20.5958333333333,20.5958333333333,22.1271284238132,22.1271284238132,22.1271284238132,21.4199297730928,21.4199297730928,21.4199297730928
HRAO,-25.89,27.687,1414.3,2017,12,28,1093,2017-12-28,0.0247491579066195,24.749157906619498,0.0198422761619656,19.8422761619656,0.0224791666666666,22.4791666666666,22.4791666666666,22.4791666666666,22.4791666666666,24.749157906619498,24.749157906619498,24.749157906619498,19.8422761619656,19.8422761619656,19.8422761619656
HRAO,-25.89,27.687,1414.3,2017,12,29,1094,2017-12-29,0.0281008550630107,28.100855063010698,0.0262900820439437,26.2900820439437,0.0282666666666666,28.266666666666598,28.266666666666598,28.266666666666598,28.266666666666598,28.100855063010698,28.100855063010698,28.100855063010698,26.2900820439437,26.2900820439437,26.2900820439437
HRAO,-25.89,27.687,1414.3,2017,12,30,1095,2017-12-30,0.0234354986139739,23.4354986139739,0.0259122781779332,25.9122781779332,0.0250333333333333,25.0333333333333,25.0333333333333,25.0333333333333,25.0333333333333,23.4354986139739,23.4354986139739,23.4354986139739,25.9122781779332,25.9122781779332,25.9122781779332
HRAO,-25.89,27.687,1414.3,2018,1,1,1097,2018-01-01,0.0112260872573505,11.2260872573505,0.0107949924187721,10.7949924187721,0.0106208333333333,10.6208333333333,10.6208333333333,10.6208333333333,10.6208333333333,11.2260872573505,11.2260872573505,11.2260872573505,10.7949924187721,10.7949924187721,10.7949924187721
HRAO,-25.89,27.687,1414.3,2018,1,2,1098,2018-01-02,0.0143634057400054,14.3634057400054,0.0109392412161881,10.9392412161881,0.0123958333333333,12.3958333333333,12.3958333333333,12.3958333333333,12.3958333333333,14.3634057400054,14.3634057400054,14.3634057400054,10.9392412161881,10.9392412161881,10.9392412161881
HRAO,-25.89,27.687,1414.3,2018,1,3,1099,2018-01-03,0.0185014400947738,18.501440094773802,0.0181893056425757,18.1893056425757,0.0190291666666666,19.0291666666666,19.0291666666666,19.0291666666666,19.0291666666666,18.501440094773802,18.501440094773802,18.501440094773802,18.1893056425757,18.1893056425757,18.1893056425757
HRAO,-25.89,27.687,1414.3,2018,1,4,1100,2018-01-04,0.018108160446687,18.108160446687002,0.0159026078586373,15.9026078586373,0.0163375,16.337500000000002,16.337500000000002,16.337500000000002,16.337500000000002,18.108160446687002,18.108160446687002,18.108160446687002,15.9026078586373,15.9026078586373,15.9026078586373
HRAO,-25.89,27.687,1414.3,2018,1,5,1101,2018-01-05,0.018579586609455,18.579586609455,0.0168750142036505,16.8750142036505,0.018225,18.225,18.225,18.225,18.225,18.579586609455,18.579586609455,18.579586609455,16.8750142036505,16.8750142036505,16.8750142036505
HRAO,-25.89,27.687,1414.3,2018,1,6,1102,2018-01-06,0.016356825480664,16.356825480664,0.0151357574410494,15.1357574410494,0.0157791666666666,15.779166666666601,15.779166666666601,15.779166666666601,15.779166666666601,18.501440094773802,16.356825480664,16.356825480664,15.1357574410494,15.1357574410494,15.1357574410494
HRAO,-25.89,27.687,1414.3,2018,1,7,1103,2018-01-07,0.016062204505507,16.062204505507,0.0162813906698928,16.2813906698928,0.0162041666666666,16.204166666666598,16.204166666666598,16.204166666666598,16.204166666666598,16.062204505507,16.062204505507,16.062204505507,16.2813906698928,16.2813906698928,16.2813906698928
HRAO,-25.89,27.687,1414.3,2018,1,8,1104,2018-01-08,0.0202490322130756,20.249032213075598,0.0180836621347697,18.0836621347697,0.0181958333333333,18.1958333333333,18.1958333333333,18.1958333333333,18.1958333333333,20.249032213075598,20.249032213075598,20.249032213075598,18.0836621347697,18.0836621347697,18.0836621347697
HRAO,-25.89,27.687,1414.3,2018,1,9,1105,2018-01-09,0.0252666761209937,25.2666761209937,0.0250324050713991,25.0324050713991,0.0261291666666666,26.1291666666666,26.1291666666666,26.1291666666666,26.1291666666666,25.2666761209937,25.2666761209937,25.2666761209937,25.0324050713991,25.0324050713991,25.0324050713991
HRAO,-25.89,27.687,1414.3,2018,1,10,1106,2018-01-10,0.0265577695479974,26.5577695479974,0.025725702528564,25.725702528564,0.0253083333333333,25.3083333333333,25.3083333333333,25.3083333333333,25.3083333333333,26.5577695479974,26.5577695479974,26.5577695479974,25.725702528564,25.725702528564,25.725702528564
HRAO,-25.89,27.687,1414.3,2018,1,11,1107,2018-01-11,0.0263356288142861,26.3356288142861,0.0253075804290674,25.3075804290674,0.0252708333333333,25.2708333333333,25.2708333333333,25.2708333333333,25.2708333333333,26.3356288142861,26.3356288142861,26.3356288142861,25.3075804290674,25.3075804290674,25.3075804290674
HRAO,-25.89,27.687,1414.3,2018,1,12,1108,2018-01-12,0.0250239826835501,25.0239826835501,0.0246187039114273,24.6187039114273,0.0240958333333333,24.0958333333333,24.0958333333333,24.0958333333333,24.0958333333333,25.0239826835501,25.0239826835501,25.0239826835501,24.6187039114273,24.6187039114273,24.6187039114273
HRAO,-25.89,27.687,1414.3,2018,1,13,1109,2018-01-13,0.0220755363926653,22.0755363926653,0.0221960028011642,22.1960028011642,0.0221208333333333,22.1208333333333,22.1208333333333,22.1208333333333,22.1208333333333,22.0755363926653,22.0755363926653,22.0755363926653,22.1960028011642,22.1960028011642,22.1960028011642
HRAO,-25.89,27.687,1414.3,2018,1,14,1110,2018-01-14,0.0222151526814478,22.2151526814478,0.0212424129507103,21.2424129507103,0.0225541666666666,22.5541666666666,22.5541666666666,22.5541666666666,22.5541666666666,22.2151526814478,22.2151526814478,22.2151526814478,21.2424129507103,21.2424129507103,21.2424129507103
HRAO,-25.89,27.687,1414.3,2018,1,15,1111,2018-01-15,0.0272812298182036,27.2812298182036,0.0246872716983444,24.6872716983444,0.0255916666666666,25.5916666666666,25.5916666666666,25.5916666666666,25.5916666666666,27.2812298182036,27.2812298182036,27.2812298182036,24.6872716983444,24.6872716983444,24.6872716983444
HRAO,-25.89,27.687,1414.3,2018,1,16,1112,2018-01-16,0.0254792385666827,25.4792385666827,0.0265089743761277,26.5089743761277,0.0258125,25.8125,25.8125,25.8125,25.8125,25.4792385666827,25.4792385666827,25.4792385666827,26.5089743761277,26.5089743761277,26.5089743761277
HRAO,-25.89,27.687,1414.3,2018,1,17,1113,2018-01-17,0.0252084331170897,25.2084331170897,0.02264158723551,22.641587235510002,0.0222666666666666,22.2666666666666,22.2666666666666,22.2666666666666,22.2666666666666,25.2084331170897,25.2084331170897,25.2084331170897,22.641587235510002,22.641587235510002,22.641587235510002
HRAO,-25.89,27.687,1414.3,2018,1,18,1114,2018-01-18,0.0224219607816547,22.4219607816547,0.0235628314815462,23.5628314815462,0.0225416666666666,22.5416666666666,22.5416666666666,22.5416666666666,22.5416666666666,22.4219607816547,22.4219607816547,22.4219607816547,23.5628314815462,23.5628314815462,23.5628314815462
HRAO,-25.89,27.687,1414.3,2018,1,19,1115,2018-01-19,0.0188400888742161,18.8400888742161,0.0176960406904163,17.6960406904163,0.0181625,18.1625,18.1625,18.1625,18.1625,18.8400888742161,18.8400888742161,18.8400888742161,17.6960406904163,17.6960406904163,17.6960406904163
HRAO,-25.89,27.687,1414.3,2018,1,20,1116,2018-01-20,0.0206448093214396,20.644809321439602,0.0192723115461896,19.272311546189602,0.0208625,20.8625,20.8625,20.8625,20.8625,20.644809321439602,20.644809321439602,20.644809321439602,19.272311546189602,19.272311546189602,19.272311546189602
HRAO,-25.89,27.687,1414.3,2018,1,21,1117,2018-01-21,0.0252399233819971,25.2399233819971,0.0223619095484036,22.3619095484036,0.0231291666666666,23.1291666666666,23.1291666666666,23.1291666666666,23.1291666666666,25.2399233819971,25.2399233819971,25.2399233819971,22.3619095484036,22.3619095484036,22.3619095484036
HRAO,-25.89,27.687,1414.3,2018,1,22,1118,2018-01-22,0.0297445189985815,29.7445189985815,0.0283520227353648,28.3520227353648,0.0290708333333333,29.0708333333333,29.0708333333333,29.0708333333333,29.0708333333333,29.7445189985815,29.7445189985815,29.7445189985815,28.3520227353648,28.3520227353648,28.3520227353648
HRAO,-25.89,27.687,1414.3,2018,1,23,1119,2018-01-23,0.0333803137600628,33.3803137600628,0.0290095574965976,29.0095574965976,0.0313708333333333,31.370833333333298,31.370833333333298,31.370833333333298,31.370833333333298,33.3803137600628,33.3803137600628,33.3803137600628,29.0095574965976,29.0095574965976,29.0095574965976
HRAO,-25.89,27.687,1414.3,2018,1,24,1120,2018-01-24,0.0298667283858273,29.8667283858273,0.0286159680083091,28.6159680083091,0.0304416666666666,30.4416666666666,30.4416666666666,30.4416666666666,30.4416666666666,29.8667283858273,29.8667283858273,29.8667283858273,28.6159680083091,28.6159680083091,28.6159680083091
HRAO,-25.89,27.687,1414.3,2018,1,25,1121,2018-01-25,0.0249579127411043,24.957912741104302,0.0241434076735798,24.1434076735798,0.026,26.0,26.0,26.0,26.0,24.957912741104302,24.957912741104302,24.957912741104302,28.3520227353648,24.1434076735798,24.1434076735798
HRAO,-25.89,27.687,1414.3,2018,1,26,1122,2018-01-26,0.0282983180660295,28.298318066029502,0.0280899347236003,28.0899347236003,0.0294291666666666,29.4291666666666,29.4291666666666,29.4291666666666,29.4291666666666,28.298318066029502,28.298318066029502,28.298318066029502,28.0899347236003,28.0899347236003,28.0899347236003
HRAO,-25.89,27.687,1414.3,2018,1,27,1123,2018-01-27,0.0274602226262552,27.4602226262552,0.0286927098712708,28.6927098712708,0.0296416666666666,29.6416666666666,29.6416666666666,29.6416666666666,29.6416666666666,27.4602226262552,27.4602226262552,27.4602226262552,28.6927098712708,28.6927098712708,28.6927098712708
HRAO,-25.89,27.687,1414.3,2018,1,28,1124,2018-01-28,0.0264982337119397,26.4982337119397,0.0249442204511163,24.9442204511163,0.0252625,25.2625,25.2625,25.2625,25.2625,26.4982337119397,26.4982337119397,26.4982337119397,24.9442204511163,24.9442204511163,24.9442204511163
HRAO,-25.89,27.687,1414.3,2018,1,29,1125,2018-01-29,0.0286326418788813,28.6326418788813,0.0292390283807724,29.2390283807724,0.0288749999999999,28.8749999999999,28.8749999999999,28.8749999999999,28.8749999999999,28.6326418788813,28.6326418788813,28.6326418788813,29.2390283807724,29.2390283807724,29.2390283807724
HRAO,-25.89,27.687,1414.3,2018,1,30,1126,2018-01-30,0.0277378863600196,27.7378863600196,0.0260237154401413,26.023715440141302,0.0274958333333333,27.495833333333298,27.495833333333298,27.495833333333298,27.495833333333298,27.7378863600196,27.7378863600196,27.7378863600196,26.023715440141302,26.023715440141302,26.023715440141302
HRAO,-25.89,27.687,1414.3,2018,2,1,1128,2018-02-01,0.0246959691422055,24.6959691422055,0.0221865407664049,22.1865407664049,0.0251249999999999,25.1249999999999,25.1249999999999,25.1249999999999,25.1249999999999,24.6959691422055,24.6959691422055,24.6959691422055,22.1865407664049,22.1865407664049,22.1865407664049
HRAO,-25.89,27.687,1414.3,2018,2,2,1129,2018-02-02,0.0303178364680678,30.3178364680678,0.0267406000205046,26.7406000205046,0.0284791666666666,28.4791666666666,28.4791666666666,28.4791666666666,28.4791666666666,30.3178364680678,30.3178364680678,30.3178364680678,26.7406000205046,26.7406000205046,26.7406000205046
HRAO,-25.89,27.687,1414.3,2018,2,3,1130,2018-02-03,0.0327682009888465,32.7682009888465,0.0302479521756754,30.2479521756754,0.0305291666666666,30.5291666666666,30.5291666666666,30.5291666666666,30.5291666666666,32.7682009888465,32.7682009888465,32.7682009888465,30.2479521756754,30.2479521756754,30.2479521756754
HRAO,-25.89,27.687,1414.3,2018,2,4,1131,2018-02-04,0.0288580248028182,28.8580248028182,0.0265461870043821,26.5461870043821,0.0277458333333333,27.745833333333298,27.745833333333298,27.745833333333298,27.745833333333298,28.8580248028182,28.8580248028182,28.8580248028182,26.5461870043821,26.5461870043821,26.5461870043821
HRAO,-25.89,27.687,1414.3,2018,2,5,1132,2018-02-05,0.027897525023499,27.897525023499,0.0276316831082003,27.6316831082003,0.0278875,27.8875,27.8875,27.8875,27.8875,27.897525023499,27.897525023499,27.897525023499,27.6316831082003,27.6316831082003,27.6316831082003
HRAO,-25.89,27.687,1414.3,2018,2,6,1133,2018-02-06,0.0308304207510376,30.8304207510376,0.0289178450887025,28.917845088702503,0.0299,29.9,29.9,29.9,29.9,30.8304207510376,30.8304207510376,30.8304207510376,28.917845088702503,28.917845088702503,28.917845088702503
HRAO,-25.89,27.687,1414.3,2018,2,7,1134,2018-02-07,0.0324751314375673,32.4751314375673,0.031639065676825,31.639065676825,0.033425,33.425000000000004,33.425000000000004,33.425000000000004,33.425000000000004,32.4751314375673,32.4751314375673,32.4751314375673,31.639065676825,31.639065676825,31.639065676825
HRAO,-25.89,27.687,1414.3,2018,2,8,1135,2018-02-08,0.0300010582300617,30.001058230061698,0.0300141510131323,30.0141510131323,0.030775,30.775,30.775,30.775,30.775,30.001058230061698,30.001058230061698,30.001058230061698,30.0141510131323,30.0141510131323,30.0141510131323
HRAO,-25.89,27.687,1414.3,2018,2,9,1136,2018-02-09,0.0269996002494136,26.9996002494136,0.0231136717780237,23.1136717780237,0.0238416666666666,23.8416666666666,23.8416666666666,23.8416666666666,23.8416666666666,26.9996002494136,26.9996002494136,26.9996002494136,23.1136717780237,23.1136717780237,23.1136717780237
HRAO,-25.89,27.687,1414.3,2018,2,10,1137,2018-02-10,0.0298663162672127,29.8663162672127,0.0272317128845993,27.2317128845993,0.0276916666666666,27.6916666666666,27.6916666666666,27.6916666666666,27.6916666666666,29.8663162672127,29.8663162672127,29.8663162672127,27.2317128845993,27.2317128845993,27.2317128845993
HRAO,-25.89,27.687,1414.3,2018,2,11,1138,2018-02-11,0.0307010763905773,30.7010763905773,0.0278559441249952,27.855944124995197,0.0272083333333333,27.2083333333333,27.2083333333333,27.2083333333333,27.2083333333333,30.7010763905773,30.7010763905773,30.7010763905773,27.855944124995197,27.855944124995197,27.855944124995197
HRAO,-25.89,27.687,1414.3,2018,2,12,1139,2018-02-12,0.0245715577779462,24.5715577779462,0.0228797553249658,22.8797553249658,0.0229958333333333,22.995833333333298,22.995833333333298,22.995833333333298,22.995833333333298,24.5715577779462,24.5715577779462,24.5715577779462,22.8797553249658,22.8797553249658,22.8797553249658
HRAO,-25.89,27.687,1414.3,2018,2,13,1140,2018-02-13,0.0210316907960095,21.0316907960095,0.0211283569380688,21.1283569380688,0.0218916666666666,21.8916666666666,21.8916666666666,21.8916666666666,21.8916666666666,21.0316907960095,21.0316907960095,21.0316907960095,21.1283569380688,21.1283569380688,21.1283569380688
HRAO,-25.89,27.687,1414.3,2018,2,14,1141,2018-02-14,0.0260421447865186,26.042144786518598,0.0252357417990701,25.2357417990701,0.0246875,24.6875,24.6875,24.6875,24.6875,26.042144786518598,26.042144786518598,26.042144786518598,25.2357417990701,25.2357417990701,25.2357417990701
HRAO,-25.89,27.687,1414.3,2018,2,15,1142,2018-02-15,0.0281257976134431,28.1257976134431,0.0305924941990931,30.5924941990931,0.0276041666666666,27.6041666666666,27.6041666666666,27.6041666666666,27.6041666666666,28.1257976134431,28.1257976134431,28.1257976134431,30.5924941990931,30.5924941990931,30.5924941990931
HRAO,-25.89,27.687,1414.3,2018,2,16,1143,2018-02-16,0.0209425698585626,20.9425698585626,0.021307557283968,21.307557283968,0.0179416666666666,17.9416666666666,17.9416666666666,17.9416666666666,17.9416666666666,20.9425698585626,20.9425698585626,20.9425698585626,21.307557283968,21.307557283968,21.307557283968
HRAO,-25.89,27.687,1414.3,2018,2,17,1144,2018-02-17,0.0242508938970171,24.2508938970171,0.0210556132321536,21.0556132321536,0.0218083333333333,21.8083333333333,21.8083333333333,21.8083333333333,21.8083333333333,24.2508938970171,24.2508938970171,24.2508938970171,21.0556132321536,21.0556132321536,21.0556132321536
HRAO,-25.89,27.687,1414.3,2018,2,18,1145,2018-02-18,0.0320896053365486,32.0896053365486,0.0283966277319166,28.396627731916602,0.0292916666666666,29.2916666666666,29.2916666666666,29.2916666666666,29.2916666666666,32.0896053365486,32.0896053365486,32.0896053365486,28.396627731916602,28.396627731916602,28.396627731916602
HRAO,-25.89,27.687,1414.3,2018,2,19,1146,2018-02-19,0.0363439571510444,36.3439571510444,0.0341346699814923,34.134669981492294,0.0351541666666666,35.1541666666666,35.1541666666666,35.1541666666666,35.1541666666666,36.3439571510444,36.3439571510444,36.3439571510444,34.134669981492294,34.134669981492294,34.134669981492294
HRAO,-25.89,27.687,1414.3,2018,2,20,1147,2018-02-20,0.0345862630283783,34.5862630283783,0.0314207222174394,31.420722217439398,0.0329041666666666,32.904166666666605,32.904166666666605,32.904166666666605,32.904166666666605,34.5862630283783,34.5862630283783,34.5862630283783,31.420722217439398,31.420722217439398,31.420722217439398
HRAO,-25.89,27.687,1414.3,2018,2,21,1148,2018-02-21,0.035695404716707,35.695404716706996,0.0353378170980938,35.3378170980938,0.0354375,35.4375,30.3958333333333,35.4375,35.4375,35.695404716706996,35.695404716706996,35.695404716706996,35.3378170980938,35.3378170980938,35.3378170980938
HRAO,-25.89,27.687,1414.3,2018,2,22,1149,2018-02-22,0.0317088898025816,31.708889802581602,0.0313807560891391,31.3807560891391,0.0299124999999999,29.912499999999902,29.912499999999902,29.912499999999902,29.912499999999902,31.708889802581602,31.708889802581602,31.708889802581602,31.3807560891391,31.3807560891391,31.3807560891391
HRAO,-25.89,27.687,1414.3,2018,2,23,1150,2018-02-23,0.0302148965679694,30.214896567969397,0.0304454263056416,30.4454263056416,0.0303958333333333,30.3958333333333,30.3958333333333,30.3958333333333,30.3958333333333,30.214896567969397,30.214896567969397,30.214896567969397,30.4454263056416,30.4454263056416,30.4454263056416
HRAO,-25.89,27.687,1414.3,2018,2,24,1151,2018-02-24,0.0267014401374948,26.7014401374948,0.0280375220720933,28.0375220720933,0.0287791666666666,28.779166666666598,28.779166666666598,28.779166666666598,28.779166666666598,26.7014401374948,26.7014401374948,26.7014401374948,28.0375220720933,28.0375220720933,28.0375220720933
HRAO,-25.89,27.687,1414.3,2018,2,25,1152,2018-02-25,0.0271049068295572,27.104906829557198,0.0254761511363758,25.476151136375798,0.0269166666666666,26.9166666666666,26.9166666666666,26.9166666666666,26.9166666666666,27.104906829557198,27.104906829557198,27.104906829557198,25.476151136375798,25.476151136375798,25.476151136375798
HRAO,-25.89,27.687,1414.3,2018,2,26,1153,2018-02-26,0.0269122924136225,26.912292413622502,0.0229846403227617,22.9846403227617,0.0255333333333333,25.5333333333333,25.5333333333333,25.5333333333333,25.5333333333333,26.912292413622502,26.912292413622502,26.912292413622502,22.9846403227617,22.9846403227617,22.9846403227617
HRAO,-25.89,27.687,1414.3,2018,2,27,1154,2018-02-27,0.0321848172499688,32.1848172499688,0.0299793292119102,29.9793292119102,0.0296708333333333,29.6708333333333,29.6708333333333,29.6708333333333,29.6708333333333,32.1848172499688,32.1848172499688,32.1848172499688,29.9793292119102,29.9793292119102,29.9793292119102
HRAO,-25.89,27.687,1414.3,2018,2,28,1155,2018-02-28,0.031643163749663,31.643163749663,0.0308441206189824,30.844120618982398,0.0308791666666666,30.8791666666666,30.8791666666666,30.8791666666666,30.8791666666666,31.643163749663,31.643163749663,31.643163749663,30.844120618982398,30.844120618982398,30.844120618982398
HRAO,-25.89,27.687,1414.3,2018,3,1,1156,2018-03-01,0.0259109704548373,25.9109704548373,0.0253694267275573,25.3694267275573,0.0239624999999999,23.9624999999999,23.9624999999999,23.9624999999999,23.9624999999999,25.9109704548373,25.9109704548373,25.9109704548373,25.3694267275573,25.3694267275573,25.3694267275573
HRAO,-25.89,27.687,1414.3,2018,3,2,1157,2018-03-02,0.02300518698927,23.00518698927,0.0205961792320584,20.5961792320584,0.0205791666666666,20.579166666666598,20.579166666666598,20.579166666666598,20.579166666666598,23.00518698927,23.00518698927,23.00518698927,20.5961792320584,20.5961792320584,20.5961792320584
HRAO,-25.89,27.687,1414.3,2018,3,3,1158,2018-03-03,0.0233068806341725,23.3068806341725,0.023478513828514,23.478513828514,0.0232625,23.2625,23.2625,23.2625,23.2625,23.3068806341725,23.3068806341725,23.3068806341725,23.478513828514,23.478513828514,23.478513828514
HRAO,-25.89,27.687,1414.3,2018,3,4,1159,2018-03-04,0.0250724381731264,25.0724381731264,0.0251169623206509,25.116962320650902,0.0265,26.5,26.5,26.5,26.5,25.0724381731264,25.0724381731264,25.0724381731264,25.116962320650902,25.116962320650902,25.116962320650902
HRAO,-25.89,27.687,1414.3,2018,3,5,1160,2018-03-05,0.0264407999548659,26.4407999548659,0.0260520524438159,26.0520524438159,0.0284666666666666,28.466666666666598,28.466666666666598,28.466666666666598,28.466666666666598,26.4407999548659,26.4407999548659,26.4407999548659,26.0520524438159,26.0520524438159,26.0520524438159
HRAO,-25.89,27.687,1414.3,2018,3,6,1161,2018-03-06,0.0262779555045184,26.277955504518403,0.025607894235578,25.607894235578,0.0251916666666666,25.1916666666666,25.1916666666666,25.1916666666666,25.1916666666666,26.277955504518403,26.277955504518403,26.277955504518403,25.607894235578,25.607894235578,25.607894235578
HRAO,-25.89,27.687,1414.3,2018,3,7,1162,2018-03-07,0.0305051688681421,30.5051688681421,0.0285773116002998,28.5773116002998,0.0285416666666666,28.5416666666666,28.5416666666666,28.5416666666666,28.5416666666666,30.5051688681421,30.5051688681421,30.5051688681421,28.5773116002998,28.5773116002998,28.5773116002998
HRAO,-25.89,27.687,1414.3,2018,3,8,1163,2018-03-08,0.0289459508312639,28.9459508312639,0.0305014613622268,30.501461362226802,0.0299541666666666,29.9541666666666,29.9541666666666,29.9541666666666,29.9541666666666,28.9459508312639,28.9459508312639,28.9459508312639,30.501461362226802,30.501461362226802,30.501461362226802
HRAO,-25.89,27.687,1414.3,2018,3,9,1164,2018-03-09,0.0190566325734573,19.0566325734573,0.0163574590475306,16.3574590475306,0.0163416666666666,16.3416666666666,16.3416666666666,16.3416666666666,16.3416666666666,19.0566325734573,19.0566325734573,19.0566325734573,16.3574590475306,16.3574590475306,16.3574590475306
HRAO,-25.89,27.687,1414.3,2018,3,10,1165,2018-03-10,0.0226674355105017,22.6674355105017,0.0201012140297802,20.1012140297802,0.0210125,21.0125,21.0125,21.0125,21.0125,22.6674355105017,22.6674355105017,22.6674355105017,20.1012140297802,20.1012140297802,20.1012140297802
HRAO,-25.89,27.687,1414.3,2018,3,11,1166,2018-03-11,0.0230159292554202,23.0159292554202,0.0234588520977542,23.4588520977542,0.0232333333333333,23.2333333333333,23.2333333333333,23.2333333333333,23.2333333333333,23.0159292554202,23.0159292554202,23.0159292554202,23.4588520977542,23.4588520977542,23.4588520977542
HRAO,-25.89,27.687,1414.3,2018,3,12,1167,2018-03-12,0.0272706587846303,27.270658784630303,0.0208555823751921,20.8555823751921,0.0232916666666666,23.2916666666666,23.2916666666666,23.2916666666666,23.2916666666666,27.270658784630303,27.270658784630303,27.270658784630303,20.8555823751921,20.8555823751921,20.8555823751921
HRAO,-25.89,27.687,1414.3,2018,3,13,1168,2018-03-13,0.028698546090319,28.698546090319002,0.0257883155758892,25.7883155758892,0.0259291666666666,25.9291666666666,25.9291666666666,25.9291666666666,25.9291666666666,28.698546090319002,28.698546090319002,28.698546090319002,25.7883155758892,25.7883155758892,25.7883155758892
HRAO,-25.89,27.687,1414.3,2018,3,14,1169,2018-03-14,0.0266895188950576,26.6895188950576,0.0249723753526188,24.9723753526188,0.0253083333333333,25.3083333333333,25.3083333333333,25.3083333333333,25.3083333333333,26.6895188950576,26.6895188950576,26.6895188950576,24.9723753526188,24.9723753526188,24.9723753526188
HRAO,-25.89,27.687,1414.3,2018,3,15,1170,2018-03-15,0.0265236068132247,26.523606813224703,0.0236333736349821,23.6333736349821,0.0242916666666666,24.2916666666666,24.2916666666666,24.2916666666666,24.2916666666666,26.523606813224703,26.523606813224703,26.523606813224703,23.6333736349821,23.6333736349821,23.6333736349821
HRAO,-25.89,27.687,1414.3,2018,3,16,1171,2018-03-16,0.0299670131636668,29.9670131636668,0.0260934343756134,26.0934343756134,0.0276124999999999,27.6124999999999,27.6124999999999,27.6124999999999,27.6124999999999,29.9670131636668,29.9670131636668,29.9670131636668,26.0934343756134,26.0934343756134,26.0934343756134
HRAO,-25.89,27.687,1414.3,2018,3,17,1172,2018-03-17,0.0284572817371446,28.4572817371446,0.0276308988150559,27.6308988150559,0.0283,28.299999999999997,28.299999999999997,28.299999999999997,28.299999999999997,28.4572817371446,28.4572817371446,28.4572817371446,27.6308988150559,27.6308988150559,27.6308988150559
HRAO,-25.89,27.687,1414.3,2018,3,18,1173,2018-03-18,0.027970546766411,27.970546766411,0.0244348236698322,24.434823669832202,0.026675,26.675,26.675,26.675,26.675,27.970546766411,27.970546766411,27.970546766411,24.434823669832202,24.434823669832202,24.434823669832202
HRAO,-25.89,27.687,1414.3,2018,3,19,1174,2018-03-19,0.0280829447915542,28.082944791554198,0.0264001211521803,26.4001211521803,0.0256041666666666,25.6041666666666,25.6041666666666,25.6041666666666,25.6041666666666,28.082944791554198,28.082944791554198,28.082944791554198,26.4001211521803,26.4001211521803,26.4001211521803
HRAO,-25.89,27.687,1414.3,2018,3,20,1175,2018-03-20,0.0284497337178372,28.4497337178372,0.0233164042807258,23.3164042807258,0.0244333333333333,24.4333333333333,24.4333333333333,24.4333333333333,24.4333333333333,28.4497337178372,28.4497337178372,28.4497337178372,23.3164042807258,23.3164042807258,23.3164042807258
HRAO,-25.89,27.687,1414.3,2018,3,21,1176,2018-03-21,0.0336477060483092,33.6477060483092,0.0302780632588481,30.2780632588481,0.0318583333333333,31.858333333333302,31.858333333333302,31.858333333333302,31.858333333333302,28.082944791554198,33.6477060483092,33.6477060483092,30.2780632588481,30.2780632588481,30.2780632588481
HRAO,-25.89,27.687,1414.3,2018,3,22,1177,2018-03-22,0.0359334019503945,35.933401950394504,0.0346000627146971,34.6000627146971,0.0366041666666666,36.6041666666666,36.6041666666666,36.6041666666666,36.6041666666666,28.082944791554198,35.933401950394504,35.933401950394504,34.6000627146971,34.6000627146971,34.6000627146971
HRAO,-25.89,27.687,1414.3,2018,3,23,1178,2018-03-23,0.0271795507108631,27.1795507108631,0.0264314204493857,26.431420449385698,0.0258666666666666,25.8666666666666,25.8666666666666,25.8666666666666,25.8666666666666,27.1795507108631,27.1795507108631,27.1795507108631,26.431420449385698,26.431420449385698,26.431420449385698
HRAO,-25.89,27.687,1414.3,2018,3,24,1179,2018-03-24,0.0214277550987783,21.427755098778302,0.0188542495094457,18.8542495094457,0.0190625,19.0625,19.0625,19.0625,19.0625,21.427755098778302,21.427755098778302,21.427755098778302,18.8542495094457,18.8542495094457,18.8542495094457
HRAO,-25.89,27.687,1414.3,2018,3,25,1180,2018-03-25,0.0221686685757939,22.1686685757939,0.022526864108758,22.526864108758,0.0232166666666666,23.2166666666666,23.2166666666666,23.2166666666666,23.2166666666666,22.1686685757939,22.1686685757939,22.1686685757939,22.526864108758,22.526864108758,22.526864108758
HRAO,-25.89,27.687,1414.3,2018,3,26,1181,2018-03-26,0.0142374090867244,14.2374090867244,0.0116153275312709,11.6153275312709,0.0130958333333333,13.0958333333333,13.0958333333333,13.0958333333333,13.0958333333333,18.8364499939715,14.2374090867244,14.2374090867244,11.6153275312709,11.6153275312709,11.6153275312709
HRAO,-25.89,27.687,1414.3,2018,3,27,1182,2018-03-27,0.0156822451169981,15.6822451169981,0.0148303314649824,14.8303314649824,0.015,15.0,15.0,15.0,15.0,15.6822451169981,15.6822451169981,15.6822451169981,14.8303314649824,14.8303314649824,14.8303314649824
HRAO,-25.89,27.687,1414.3,2018,3,28,1183,2018-03-28,0.0142251445961208,14.225144596120801,0.0122300556887535,12.2300556887535,0.01285,12.85,12.85,12.85,12.85,14.225144596120801,14.225144596120801,14.225144596120801,12.2300556887535,12.2300556887535,12.2300556887535
HRAO,-25.89,27.687,1414.3,2018,3,29,1184,2018-03-29,0.0188364499939715,18.8364499939715,0.0162218998226887,16.221899822688698,0.0183208333333333,18.3208333333333,18.3208333333333,18.3208333333333,18.3208333333333,18.8364499939715,18.8364499939715,18.8364499939715,16.221899822688698,16.221899822688698,16.221899822688698
HRAO,-25.89,27.687,1414.3,2018,3,30,1185,2018-03-30,0.0282572078658852,28.2572078658852,0.0250392939000795,25.0392939000795,0.0257875,25.7875,25.7875,25.7875,25.7875,28.2572078658852,28.2572078658852,28.2572078658852,25.0392939000795,25.0392939000795,25.0392939000795
HRAO,-25.89,27.687,1414.3,2018,4,1,1187,2018-04-01,0.0336402995917091,33.640299591709095,0.0314295873875193,31.4295873875193,0.0315708333333333,31.570833333333297,31.570833333333297,31.570833333333297,31.570833333333297,28.2572078658852,33.640299591709095,33.640299591709095,31.4295873875193,31.4295873875193,31.4295873875193
HRAO,-25.89,27.687,1414.3,2018,4,2,1188,2018-04-02,0.0309206586984572,30.9206586984572,0.0304115520190042,30.411552019004198,0.0292166666666666,29.216666666666598,29.216666666666598,29.216666666666598,29.216666666666598,30.9206586984572,30.9206586984572,30.9206586984572,30.411552019004198,30.411552019004198,30.411552019004198
HRAO,-25.89,27.687,1414.3,2018,4,3,1189,2018-04-03,0.0291822984753066,29.1822984753066,0.0282037409646197,28.2037409646197,0.0273041666666666,27.304166666666603,27.304166666666603,27.304166666666603,27.304166666666603,29.1822984753066,29.1822984753066,29.1822984753066,28.2037409646197,28.2037409646197,28.2037409646197
HRAO,-25.89,27.687,1414.3,2018,4,4,1190,2018-04-04,0.0265738307379116,26.5738307379116,0.0234615856792364,23.4615856792364,0.0245791666666666,24.579166666666598,24.579166666666598,24.579166666666598,24.579166666666598,26.5738307379116,26.5738307379116,26.5738307379116,23.4615856792364,23.4615856792364,23.4615856792364
HRAO,-25.89,27.687,1414.3,2018,4,5,1191,2018-04-05,0.021936470749239,21.936470749239,0.0249972120132669,24.9972120132669,0.0258666666666666,25.8666666666666,25.8666666666666,25.8666666666666,25.8666666666666,21.936470749239,21.936470749239,21.936470749239,24.9972120132669,24.9972120132669,24.9972120132669
HRAO,-25.89,27.687,1414.3,2018,4,6,1192,2018-04-06,0.0147427213024865,14.7427213024865,0.0166925907327252,16.6925907327252,0.0166083333333333,16.608333333333302,16.608333333333302,16.608333333333302,16.608333333333302,23.5616320078207,14.7427213024865,14.7427213024865,16.6925907327252,16.6925907327252,16.6925907327252
HRAO,-25.89,27.687,1414.3,2018,4,7,1193,2018-04-07,0.0173566595453649,17.3566595453649,0.014989176678925,14.989176678925,0.0170375,17.0375,17.0375,17.0375,17.0375,17.3566595453649,17.3566595453649,17.3566595453649,14.989176678925,14.989176678925,14.989176678925
HRAO,-25.89,27.687,1414.3,2018,4,8,1194,2018-04-08,0.0235616320078207,23.5616320078207,0.0212983962699524,21.298396269952402,0.0225583333333333,22.558333333333298,22.558333333333298,22.558333333333298,22.558333333333298,23.5616320078207,23.5616320078207,23.5616320078207,21.298396269952402,21.298396269952402,21.298396269952402
HRAO,-25.89,27.687,1414.3,2018,4,9,1195,2018-04-09,0.0293985508684851,29.3985508684851,0.0290831969892793,29.0831969892793,0.0289708333333333,28.9708333333333,28.9708333333333,28.9708333333333,28.9708333333333,29.3985508684851,29.3985508684851,29.3985508684851,29.0831969892793,29.0831969892793,29.0831969892793
HRAO,-25.89,27.687,1414.3,2018,4,10,1196,2018-04-10,0.0277500733452924,27.7500733452924,0.0280852254761708,28.0852254761708,0.0276083333333333,27.608333333333302,27.608333333333302,27.608333333333302,27.608333333333302,27.7500733452924,27.7500733452924,27.7500733452924,28.0852254761708,28.0852254761708,28.0852254761708
HRAO,-25.89,27.687,1414.3,2018,4,11,1197,2018-04-11,0.026135868698593,26.135868698593,0.0250501385162535,25.0501385162535,0.0246,24.6,24.6,24.6,24.6,26.135868698593,26.135868698593,26.135868698593,25.0501385162535,25.0501385162535,25.0501385162535
HRAO,-25.89,27.687,1414.3,2018,4,12,1198,2018-04-12,0.0248572665162928,24.8572665162928,0.0241852761876871,24.1852761876871,0.0247791666666666,24.779166666666598,24.779166666666598,24.779166666666598,24.779166666666598,24.8572665162928,24.8572665162928,24.8572665162928,24.1852761876871,24.1852761876871,24.1852761876871
HRAO,-25.89,27.687,1414.3,2018,4,13,1199,2018-04-13,0.0259855087464184,25.9855087464184,0.0250278511862941,25.0278511862941,0.0256583333333333,25.6583333333333,25.6583333333333,25.6583333333333,25.6583333333333,25.9855087464184,25.9855087464184,25.9855087464184,25.0278511862941,25.0278511862941,25.0278511862941
HRAO,-25.89,27.687,1414.3,2018,4,14,1200,2018-04-14,0.0256879209207048,25.6879209207048,0.0256780047488488,25.6780047488488,0.0256374999999999,25.6374999999999,25.6374999999999,25.6374999999999,25.6374999999999,25.6879209207048,25.6879209207048,25.6879209207048,25.6780047488488,25.6780047488488,25.6780047488488
HRAO,-25.89,27.687,1414.3,2018,4,15,1201,2018-04-15,0.022779627247245,22.779627247245,0.021821379788911,21.821379788911003,0.0230541666666666,23.0541666666666,23.0541666666666,23.0541666666666,23.0541666666666,22.779627247245,22.779627247245,22.779627247245,21.821379788911003,21.821379788911003,21.821379788911003
HRAO,-25.89,27.687,1414.3,2018,4,16,1202,2018-04-16,0.0211144933738126,21.1144933738126,0.019877280831708,19.877280831708003,0.0216083333333333,21.6083333333333,21.6083333333333,21.6083333333333,21.6083333333333,21.1144933738126,21.1144933738126,21.1144933738126,19.877280831708003,19.877280831708003,19.877280831708003
HRAO,-25.89,27.687,1414.3,2018,4,17,1203,2018-04-17,0.0249927946688484,24.9927946688484,0.0247976433866178,24.7976433866178,0.0276083333333333,27.608333333333302,21.6083333333333,27.608333333333302,27.608333333333302,21.584987913522,24.9927946688484,24.9927946688484,24.7976433866178,24.7976433866178,24.7976433866178
HRAO,-25.89,27.687,1414.3,2018,4,18,1204,2018-04-18,0.021584987913522,21.584987913522,0.0212579894241325,21.2579894241325,0.0206625,20.6625,20.6625,20.6625,20.6625,21.584987913522,21.584987913522,21.584987913522,21.2579894241325,21.2579894241325,21.2579894241325
HRAO,-25.89,27.687,1414.3,2018,4,19,1205,2018-04-19,0.0205100484992293,20.5100484992293,0.0206596565436255,20.659656543625502,0.0210291666666666,21.029166666666598,21.029166666666598,21.029166666666598,21.029166666666598,20.5100484992293,20.5100484992293,20.5100484992293,20.659656543625502,20.659656543625502,20.659656543625502
HRAO,-25.89,27.687,1414.3,2018,4,20,1206,2018-04-20,0.0179427111515418,17.9427111515418,0.018917474801055,18.917474801055,0.0196625,19.662499999999998,19.662499999999998,19.662499999999998,19.662499999999998,17.9427111515418,17.9427111515418,17.9427111515418,18.917474801055,18.917474801055,18.917474801055
HRAO,-25.89,27.687,1414.3,2018,4,21,1207,2018-04-21,0.0145372639018505,14.537263901850501,0.0149630132129214,14.9630132129214,0.0136958333333333,13.695833333333299,13.695833333333299,13.695833333333299,13.695833333333299,14.537263901850501,14.537263901850501,14.537263901850501,14.9630132129214,14.9630132129214,14.9630132129214
HRAO,-25.89,27.687,1414.3,2018,4,22,1208,2018-04-22,0.010371756547226,10.371756547226,0.009567617846346,9.567617846346002,0.0098249999999999,9.8249999999999,9.8249999999999,9.8249999999999,9.8249999999999,10.371756547226,10.371756547226,10.371756547226,9.567617846346002,9.567617846346002,9.567617846346002
HRAO,-25.89,27.687,1414.3,2018,4,23,1209,2018-04-23,0.0096333668463933,9.6333668463933,0.0090390510152282,9.0390510152282,0.0086791666666666,8.679166666666601,9.8249999999999,8.679166666666601,8.679166666666601,10.4141049799553,9.6333668463933,9.6333668463933,9.0390510152282,9.0390510152282,9.0390510152282
HRAO,-25.89,27.687,1414.3,2018,4,24,1210,2018-04-24,0.0077821347337643,7.7821347337643,0.0071040898624462,7.1040898624462,0.0076625,7.6625,9.8249999999999,7.6625,7.6625,10.4141049799553,7.7821347337643,7.7821347337643,7.1040898624462,7.1040898624462,7.1040898624462
HRAO,-25.89,27.687,1414.3,2018,4,25,1211,2018-04-25,0.0104141049799553,10.4141049799553,0.008155837980325,8.155837980325002,0.0092083333333333,9.2083333333333,9.2083333333333,9.2083333333333,9.2083333333333,10.4141049799553,10.4141049799553,10.4141049799553,8.155837980325002,8.155837980325002,8.155837980325002
HRAO,-25.89,27.687,1414.3,2018,4,26,1212,2018-04-26,0.012204755502107,12.204755502107,0.010986371209067,10.986371209067,0.0118583333333333,11.8583333333333,11.8583333333333,11.8583333333333,11.8583333333333,12.204755502107,12.204755502107,12.204755502107,10.986371209067,10.986371209067,10.986371209067
HRAO,-25.89,27.687,1414.3,2018,4,27,1213,2018-04-27,0.0119973709049398,11.9973709049398,0.0115022579587982,11.5022579587982,0.0121,12.1,12.1,12.1,12.1,11.9973709049398,11.9973709049398,11.9973709049398,11.5022579587982,11.5022579587982,11.5022579587982
HRAO,-25.89,27.687,1414.3,2018,4,28,1214,2018-04-28,0.0132213894297359,13.2213894297359,0.0116757691098516,11.6757691098516,0.0118083333333333,11.8083333333333,11.8083333333333,11.8083333333333,11.8083333333333,13.2213894297359,13.2213894297359,13.2213894297359,11.6757691098516,11.6757691098516,11.6757691098516
HRAO,-25.89,27.687,1414.3,2018,4,29,1215,2018-04-29,0.0150759003252602,15.0759003252602,0.0143851148672716,14.3851148672716,0.0126958333333333,12.6958333333333,12.6958333333333,12.6958333333333,12.6958333333333,15.0759003252602,15.0759003252602,15.0759003252602,14.3851148672716,14.3851148672716,14.3851148672716
HRAO,-25.89,27.687,1414.3,2018,4,30,1216,2018-04-30,0.018081449292272,18.081449292272,0.0168006911620904,16.8006911620904,0.0170166666666666,17.0166666666666,14.25,17.0166666666666,17.0166666666666,15.0759003252602,18.081449292272,18.081449292272,16.8006911620904,16.8006911620904,16.8006911620904
HRAO,-25.89,27.687,1414.3,2018,5,1,1217,2018-05-01,0.0184835764582353,18.483576458235298,0.0183168921872774,18.3168921872774,0.0179,17.9,14.25,17.9,17.9,18.483576458235298,18.483576458235298,18.483576458235298,18.3168921872774,18.3168921872774,18.3168921872774
HRAO,-25.89,27.687,1414.3,2018,5,2,1218,2018-05-02,0.0175773309088244,17.5773309088244,0.0161404556784468,16.1404556784468,0.0163166666666666,16.316666666666602,16.316666666666602,16.316666666666602,16.316666666666602,17.5773309088244,17.5773309088244,17.5773309088244,16.1404556784468,16.1404556784468,16.1404556784468
HRAO,-25.89,27.687,1414.3,2018,5,3,1219,2018-05-03,0.0142014587679674,14.2014587679674,0.0136046901301422,13.6046901301422,0.01425,14.25,14.25,14.25,14.25,14.2014587679674,14.2014587679674,14.2014587679674,13.6046901301422,13.6046901301422,13.6046901301422
HRAO,-25.89,27.687,1414.3,2018,5,4,1220,2018-05-04,0.0091546425000836,9.1546425000836,0.0072012194417106,7.201219441710601,0.0078041666666666,7.8041666666666,7.8041666666666,7.8041666666666,7.8041666666666,9.1546425000836,9.1546425000836,9.1546425000836,7.201219441710601,7.201219441710601,7.201219441710601
HRAO,-25.89,27.687,1414.3,2018,5,5,1221,2018-05-05,0.0059361647211021,5.9361647211021,0.0063603373496607,6.360337349660701,0.0057625,5.7625,7.8125,5.7625,5.7625,5.9361647211021,5.9361647211021,5.9361647211021,6.360337349660701,6.360337349660701,6.360337349660701
HRAO,-25.89,27.687,1414.3,2018,5,6,1222,2018-05-06,0.0065688957574359,6.5688957574359,0.0065952378251526,6.5952378251526005,0.0067166666666666,6.7166666666666,7.8125,6.7166666666666,6.7166666666666,6.5688957574359,6.5688957574359,6.5688957574359,6.5952378251526005,6.5952378251526005,6.5952378251526005
HRAO,-25.89,27.687,1414.3,2018,5,7,1223,2018-05-07,0.0078570624755152,7.8570624755152,0.0064893099283093,6.489309928309299,0.0078125,7.8125,7.8125,7.8125,7.8125,7.8570624755152,7.8570624755152,7.8570624755152,6.489309928309299,6.489309928309299,6.489309928309299
HRAO,-25.89,27.687,1414.3,2018,5,8,1224,2018-05-08,0.010764297993831,10.764297993830999,0.0090566197450394,9.0566197450394,0.0101291666666666,10.1291666666666,10.1291666666666,10.1291666666666,10.1291666666666,10.764297993830999,10.764297993830999,10.764297993830999,9.0566197450394,9.0566197450394,9.0566197450394
HRAO,-25.89,27.687,1414.3,2018,5,9,1225,2018-05-09,0.0116392568310354,11.6392568310354,0.0099010741341071,9.9010741341071,0.0117458333333333,11.745833333333302,11.745833333333302,11.745833333333302,11.745833333333302,11.6392568310354,11.6392568310354,11.6392568310354,9.9010741341071,9.9010741341071,9.9010741341071
HRAO,-25.89,27.687,1414.3,2018,5,10,1226,2018-05-10,0.0113383673498336,11.3383673498336,0.0108505817420881,10.850581742088101,0.0109208333333333,10.9208333333333,10.9208333333333,10.9208333333333,10.9208333333333,11.3383673498336,11.3383673498336,11.3383673498336,10.850581742088101,10.850581742088101,10.850581742088101
HRAO,-25.89,27.687,1414.3,2018,5,11,1227,2018-05-11,0.0105623759252041,10.5623759252041,0.0096643752251565,9.664375225156501,0.0103541666666666,10.3541666666666,10.3541666666666,10.3541666666666,10.3541666666666,10.5623759252041,10.5623759252041,10.5623759252041,9.664375225156501,9.664375225156501,9.664375225156501
HRAO,-25.89,27.687,1414.3,2018,5,12,1228,2018-05-12,0.0112431712232564,11.243171223256399,0.0120958119602728,12.0958119602728,0.0127166666666666,12.7166666666666,12.7166666666666,12.7166666666666,12.7166666666666,11.243171223256399,11.243171223256399,11.243171223256399,12.0958119602728,12.0958119602728,12.0958119602728
HRAO,-25.89,27.687,1414.3,2018,5,13,1229,2018-05-13,0.0091077436934553,9.1077436934553,0.0069100982845918,6.9100982845917995,0.007275,7.275,12.1,7.275,7.275,9.1077436934553,9.1077436934553,9.1077436934553,6.9100982845917995,6.9100982845917995,6.9100982845917995
HRAO,-25.89,27.687,1414.3,2018,5,14,1230,2018-05-14,0.0149822895674307,14.982289567430701,0.017155893494064,17.155893494064,0.0164,16.400000000000002,16.400000000000002,16.400000000000002,16.400000000000002,14.982289567430701,14.982289567430701,14.982289567430701,17.155893494064,17.155893494064,17.155893494064
HRAO,-25.89,27.687,1414.3,2018,5,15,1231,2018-05-15,0.0123490950393989,12.3490950393989,0.0117176143868499,11.7176143868499,0.0121,12.1,12.1,12.1,12.1,12.3490950393989,12.3490950393989,12.3490950393989,11.7176143868499,11.7176143868499,11.7176143868499
HRAO,-25.89,27.687,1414.3,2018,5,16,1232,2018-05-16,0.0164079275432621,16.4079275432621,0.0171285994102365,17.1285994102365,0.0172833333333333,17.2833333333333,17.2833333333333,17.2833333333333,17.2833333333333,16.4079275432621,16.4079275432621,16.4079275432621,17.1285994102365,17.1285994102365,17.1285994102365
HRAO,-25.89,27.687,1414.3,2018,5,17,1233,2018-05-17,0.0117344486245355,11.7344486245355,0.0128269096121756,12.8269096121756,0.0123333333333333,12.3333333333333,12.3333333333333,12.3333333333333,12.3333333333333,11.7344486245355,11.7344486245355,11.7344486245355,12.8269096121756,12.8269096121756,12.8269096121756
HRAO,-25.89,27.687,1414.3,2018,5,18,1234,2018-05-18,0.0137109943452219,13.7109943452219,0.0129020465062317,12.902046506231699,0.0135166666666666,13.5166666666666,13.5166666666666,13.5166666666666,13.5166666666666,13.7109943452219,13.7109943452219,13.7109943452219,12.902046506231699,12.902046506231699,12.902046506231699
HRAO,-25.89,27.687,1414.3,2018,5,19,1235,2018-05-19,0.0160638703310773,16.063870331077297,0.0153291452362193,15.3291452362193,0.0153833333333333,15.383333333333299,15.383333333333299,15.383333333333299,15.383333333333299,16.063870331077297,16.063870331077297,16.063870331077297,15.3291452362193,15.3291452362193,15.3291452362193
HRAO,-25.89,27.687,1414.3,2018,5,20,1236,2018-05-20,0.0186694280343639,18.6694280343639,0.0148686231352579,14.8686231352579,0.0165708333333333,16.570833333333297,16.570833333333297,16.570833333333297,16.570833333333297,18.6694280343639,18.6694280343639,18.6694280343639,14.8686231352579,14.8686231352579,14.8686231352579
HRAO,-25.89,27.687,1414.3,2018,5,21,1237,2018-05-21,0.018273923585303,18.273923585303002,0.0173750373043889,17.3750373043889,0.017175,17.175,17.175,17.175,17.175,18.273923585303002,18.273923585303002,18.273923585303002,12.902046506231699,17.3750373043889,17.3750373043889
HRAO,-25.89,27.687,1414.3,2018,5,22,1238,2018-05-22,0.0132626998066319,13.262699806631899,0.011895063033043,11.895063033043,0.0125041666666666,12.504166666666599,12.504166666666599,12.504166666666599,12.504166666666599,13.262699806631899,13.262699806631899,13.262699806631899,11.895063033043,11.895063033043,11.895063033043
HRAO,-25.89,27.687,1414.3,2018,5,23,1239,2018-05-23,0.0123056918516664,12.3056918516664,0.0111678838471227,11.1678838471227,0.0122541666666666,12.2541666666666,12.2541666666666,12.2541666666666,12.2541666666666,12.3056918516664,12.3056918516664,12.3056918516664,11.1678838471227,11.1678838471227,11.1678838471227
HRAO,-25.89,27.687,1414.3,2018,5,24,1240,2018-05-24,0.0121157778234557,12.115777823455701,0.0111271503838835,11.1271503838835,0.0115291666666666,11.529166666666601,11.529166666666601,11.529166666666601,11.529166666666601,12.115777823455701,12.115777823455701,12.115777823455701,11.1271503838835,11.1271503838835,11.1271503838835
HRAO,-25.89,27.687,1414.3,2018,5,25,1241,2018-05-25,0.0098327191939892,9.8327191939892,0.0092478327719355,9.247832771935501,0.0090958333333333,9.0958333333333,9.0958333333333,9.0958333333333,9.0958333333333,9.8327191939892,9.8327191939892,9.8327191939892,9.247832771935501,9.247832771935501,9.247832771935501
HRAO,-25.89,27.687,1414.3,2018,5,26,1242,2018-05-26,0.0110030613104701,11.0030613104701,0.0104315927458305,10.4315927458305,0.0105041666666666,10.504166666666599,10.504166666666599,10.504166666666599,10.504166666666599,11.0030613104701,11.0030613104701,11.0030613104701,10.4315927458305,10.4315927458305,10.4315927458305
HRAO,-25.89,27.687,1414.3,2018,5,27,1243,2018-05-27,0.0114473247338359,11.4473247338359,0.0111103862827342,11.1103862827342,0.0112,11.2,11.2,11.2,11.2,11.4473247338359,11.4473247338359,11.4473247338359,11.1103862827342,11.1103862827342,11.1103862827342
HRAO,-25.89,27.687,1414.3,2018,5,28,1244,2018-05-28,0.0118338300734568,11.8338300734568,0.0114549811089139,11.4549811089139,0.0118333333333333,11.8333333333333,11.8333333333333,11.8333333333333,11.8333333333333,11.8338300734568,11.8338300734568,11.8338300734568,11.4549811089139,11.4549811089139,11.4549811089139
HRAO,-25.89,27.687,1414.3,2018,5,29,1245,2018-05-29,0.01472183080597,14.72183080597,0.0161147545424203,16.1147545424203,0.0165458333333333,16.545833333333302,10.504166666666599,16.545833333333302,16.545833333333302,11.4256637117626,14.72183080597,14.72183080597,10.4315927458305,16.1147545424203,16.1147545424203
HRAO,-25.89,27.687,1414.3,2018,5,30,1246,2018-05-30,0.0114256637117626,11.4256637117626,0.0101104421432829,10.110442143282901,0.0102791666666666,10.2791666666666,10.2791666666666,10.2791666666666,10.2791666666666,11.4256637117626,11.4256637117626,11.4256637117626,10.110442143282901,10.110442143282901,10.110442143282901
HRAO,-25.89,27.687,1414.3,2018,6,1,1248,2018-06-01,0.0067879061572884,6.7879061572884,0.0062670020341096,6.2670020341096,0.0051125,5.1125,5.1125,5.1125,5.1125,6.7879061572884,6.7879061572884,6.7879061572884,6.2670020341096,6.2670020341096,6.2670020341096
HRAO,-25.89,27.687,1414.3,2018,6,2,1249,2018-06-02,0.0045351923306854,4.535192330685399,0.0033249296138244,3.3249296138244,0.00365,3.65,3.65,3.65,3.65,4.535192330685399,4.535192330685399,4.535192330685399,3.3249296138244,3.3249296138244,3.3249296138244
HRAO,-25.89,27.687,1414.3,2018,6,3,1250,2018-06-03,0.004315486213561,4.315486213561,0.0049075313841046,4.9075313841046,0.0049125,4.9125000000000005,4.9125000000000005,4.9125000000000005,4.9125000000000005,4.315486213561,4.315486213561,4.315486213561,4.9075313841046,4.9075313841046,4.9075313841046
HRAO,-25.89,27.687,1414.3,2018,6,4,1251,2018-06-04,0.0060953529972677,6.0953529972677,0.0051138396285152,5.1138396285152,0.0055666666666666,5.5666666666666,5.5666666666666,5.5666666666666,5.5666666666666,6.0953529972677,6.0953529972677,6.0953529972677,5.1138396285152,5.1138396285152,5.1138396285152
HRAO,-25.89,27.687,1414.3,2018,6,5,1252,2018-06-05,0.0088649117429119,8.8649117429119,0.0076062165493695,7.6062165493695,0.0087583333333333,8.7583333333333,5.1958333333333,8.7583333333333,8.7583333333333,8.8649117429119,8.8649117429119,8.8649117429119,7.6062165493695,7.6062165493695,7.6062165493695
HRAO,-25.89,27.687,1414.3,2018,6,6,1253,2018-06-06,0.0087812944070758,8.7812944070758,0.0082064490176177,8.2064490176177,0.0089916666666666,8.9916666666666,5.2625,8.9916666666666,8.9916666666666,5.7176828352842,8.7812944070758,8.7812944070758,5.1138396285152,8.2064490176177,8.2064490176177
HRAO,-25.89,27.687,1414.3,2018,6,7,1254,2018-06-07,0.0057176828352842,5.7176828352842,0.005364414504743,5.364414504742999,0.0051958333333333,5.1958333333333,5.1958333333333,5.1958333333333,5.1958333333333,5.7176828352842,5.7176828352842,5.7176828352842,5.364414504742999,5.364414504742999,5.364414504742999
HRAO,-25.89,27.687,1414.3,2018,6,8,1255,2018-06-08,0.0055128347289448,5.512834728944799,0.0048399182478169,4.8399182478169,0.005075,5.074999999999999,5.074999999999999,5.074999999999999,5.074999999999999,5.512834728944799,5.512834728944799,5.512834728944799,4.8399182478169,4.8399182478169,4.8399182478169
HRAO,-25.89,27.687,1414.3,2018,6,9,1256,2018-06-09,0.0052888166579094,5.2888166579094,0.0050514548690298,5.0514548690298,0.0052625,5.2625,5.2625,5.2625,5.2625,5.2888166579094,5.2888166579094,5.2888166579094,5.0514548690298,5.0514548690298,5.0514548690298
HRAO,-25.89,27.687,1414.3,2018,6,10,1257,2018-06-10,0.0053119418805589,5.3119418805589,0.0047579233476086,4.7579233476086,0.0053166666666666,5.3166666666666,5.3166666666666,5.3166666666666,5.3166666666666,5.3119418805589,5.3119418805589,5.3119418805589,4.7579233476086,4.7579233476086,4.7579233476086
HRAO,-25.89,27.687,1414.3,2018,6,11,1258,2018-06-11,0.0067635626032277,6.7635626032277,0.0060326759981155,6.032675998115501,0.0059625,5.9625,5.9625,5.9625,5.9625,6.7635626032277,6.7635626032277,6.7635626032277,6.032675998115501,6.032675998115501,6.032675998115501
HRAO,-25.89,27.687,1414.3,2018,6,12,1259,2018-06-12,0.0089598293299918,8.9598293299918,0.0071565746247009,7.1565746247009,0.0087,8.7,6.550000000000001,8.7,8.7,6.9397652994672,8.9598293299918,8.9598293299918,7.1565746247009,7.1565746247009,7.1565746247009
HRAO,-25.89,27.687,1414.3,2018,6,13,1260,2018-06-13,0.0087351801954259,8.7351801954259,0.0069545052983799,6.9545052983799005,0.0089416666666666,8.941666666666599,8.941666666666599,8.941666666666599,8.941666666666599,8.7351801954259,8.7351801954259,8.7351801954259,6.9545052983799005,6.9545052983799005,6.9545052983799005
HRAO,-25.89,27.687,1414.3,2018,6,14,1261,2018-06-14,0.0076952357436718,7.6952357436718,0.0060019536975223,6.001953697522301,0.0077291666666666,7.7291666666666,7.7291666666666,7.7291666666666,7.7291666666666,7.6952357436718,7.6952357436718,7.6952357436718,6.001953697522301,6.001953697522301,6.001953697522301
HRAO,-25.89,27.687,1414.3,2018,6,15,1262,2018-06-15,0.0069397652994672,6.9397652994672,0.0061575705737637,6.1575705737637,0.00655,6.550000000000001,6.550000000000001,6.550000000000001,6.550000000000001,6.9397652994672,6.9397652994672,6.9397652994672,6.1575705737637,6.1575705737637,6.1575705737637
HRAO,-25.89,27.687,1414.3,2018,6,16,1263,2018-06-16,0.0058301059009935,5.8301059009935,0.006133609147481,6.133609147481,0.005175,5.175,5.175,5.175,5.175,5.8301059009935,5.8301059009935,5.8301059009935,6.133609147481,6.133609147481,6.133609147481
HRAO,-25.89,27.687,1414.3,2018,6,17,1264,2018-06-17,0.0067415117366523,6.7415117366523,0.0071475785487439,7.1475785487439,0.0062166666666666,6.2166666666666,6.2166666666666,6.2166666666666,6.2166666666666,6.7415117366523,6.7415117366523,6.7415117366523,7.1475785487439,7.1475785487439,7.1475785487439
HRAO,-25.89,27.687,1414.3,2018,6,18,1265,2018-06-18,0.0071264584555217,7.1264584555217,0.006806130677297,6.806130677297,0.0068041666666666,6.8041666666666,6.8041666666666,6.8041666666666,6.8041666666666,7.1264584555217,7.1264584555217,7.1264584555217,6.806130677297,6.806130677297,6.806130677297
HRAO,-25.89,27.687,1414.3,2018,6,19,1266,2018-06-19,0.0061882696680897,6.1882696680897,0.0056986304415025,5.6986304415025,0.0060291666666666,6.0291666666666,6.0291666666666,6.0291666666666,6.0291666666666,6.1882696680897,6.1882696680897,6.1882696680897,5.6986304415025,5.6986304415025,5.6986304415025
HRAO,-25.89,27.687,1414.3,2018,6,20,1267,2018-06-20,0.0068503308383196,6.8503308383196,0.0065681908944222,6.5681908944222,0.0067333333333333,6.7333333333333005,6.7333333333333005,6.7333333333333005,6.7333333333333005,6.8503308383196,6.8503308383196,6.8503308383196,6.5681908944222,6.5681908944222,6.5681908944222
HRAO,-25.89,27.687,1414.3,2018,6,21,1268,2018-06-21,0.0080006392475038,8.0006392475038,0.0087344968640369,8.7344968640369,0.0081583333333333,8.158333333333301,8.158333333333301,8.158333333333301,8.158333333333301,8.0006392475038,8.0006392475038,8.0006392475038,8.7344968640369,8.7344968640369,8.7344968640369
HRAO,-25.89,27.687,1414.3,2018,6,22,1269,2018-06-22,0.0088018504659014,8.801850465901401,0.008300212894663,8.300212894663,0.008475,8.475,8.475,8.475,8.475,8.801850465901401,8.801850465901401,8.801850465901401,8.300212894663,8.300212894663,8.300212894663
HRAO,-25.89,27.687,1414.3,2018,6,23,1270,2018-06-23,0.0088790671748572,8.879067174857202,0.0088773237922608,8.8773237922608,0.0086708333333333,8.670833333333299,8.670833333333299,8.670833333333299,8.670833333333299,8.879067174857202,8.879067174857202,8.879067174857202,8.8773237922608,8.8773237922608,8.8773237922608
HRAO,-25.89,27.687,1414.3,2018,6,24,1271,2018-06-24,0.0065704024985413,6.570402498541299,0.0073379321006917,7.3379321006917,0.0065166666666666,6.5166666666666,6.5166666666666,6.5166666666666,6.5166666666666,6.570402498541299,6.570402498541299,6.570402498541299,7.3379321006917,7.3379321006917,7.3379321006917
HRAO,-25.89,27.687,1414.3,2018,6,25,1272,2018-06-25,0.0067488869858669,6.7488869858669,0.0065374462300341,6.5374462300341,0.0059875,5.9875,5.9875,5.9875,5.9875,6.7488869858669,6.7488869858669,6.7488869858669,6.5374462300341,6.5374462300341,6.5374462300341
HRAO,-25.89,27.687,1414.3,2018,6,26,1273,2018-06-26,0.0105546930079938,10.5546930079938,0.0095721913152504,9.5721913152504,0.0095333333333333,9.5333333333333,9.5333333333333,9.5333333333333,9.5333333333333,10.5546930079938,10.5546930079938,10.5546930079938,9.5721913152504,9.5721913152504,9.5721913152504
HRAO,-25.89,27.687,1414.3,2018,6,27,1274,2018-06-27,0.0108521229914285,10.8521229914285,0.0104150650444331,10.415065044433101,0.0107041666666666,10.7041666666666,10.7041666666666,10.7041666666666,10.7041666666666,10.8521229914285,10.8521229914285,10.8521229914285,10.415065044433101,10.415065044433101,10.415065044433101
HRAO,-25.89,27.687,1414.3,2018,6,28,1275,2018-06-28,0.0103934708340269,10.3934708340269,0.0102840317802908,10.2840317802908,0.0107875,10.7875,10.7875,10.7875,10.7875,10.3934708340269,10.3934708340269,10.3934708340269,10.2840317802908,10.2840317802908,10.2840317802908
HRAO,-25.89,27.687,1414.3,2018,6,29,1276,2018-06-29,0.0105836668244358,10.583666824435799,0.0107955036672809,10.7955036672809,0.0099541666666666,9.9541666666666,9.9541666666666,9.9541666666666,9.9541666666666,10.583666824435799,10.583666824435799,10.583666824435799,10.7955036672809,10.7955036672809,10.7955036672809
HRAO,-25.89,27.687,1414.3,2018,6,30,1277,2018-06-30,0.0075383705103647,7.5383705103647,0.00779205750138,7.7920575013799995,0.0073708333333333,7.3708333333333,7.3708333333333,7.3708333333333,7.3708333333333,7.5383705103647,7.5383705103647,7.5383705103647,7.7920575013799995,7.7920575013799995,7.7920575013799995
HRAO,-25.89,27.687,1414.3,2018,7,1,1278,2018-07-01,0.0053082510493006,5.3082510493006,0.0052141000796026,5.2141000796026,0.0052083333333333,5.2083333333333,5.2083333333333,5.2083333333333,5.2083333333333,5.3082510493006,5.3082510493006,5.3082510493006,5.2141000796026,5.2141000796026,5.2141000796026
HRAO,-25.89,27.687,1414.3,2018,7,2,1279,2018-07-02,0.0049112690681355,4.9112690681355,0.0054602929733912,5.4602929733912005,0.0044458333333333,4.4458333333333,4.4458333333333,4.4458333333333,4.4458333333333,4.9112690681355,4.9112690681355,4.9112690681355,5.4602929733912005,5.4602929733912005,5.4602929733912005
HRAO,-25.89,27.687,1414.3,2018,7,3,1280,2018-07-03,0.0056259462068373,5.625946206837299,0.0028792277273365,2.8792277273364997,0.0030916666666666,3.0916666666665997,3.0916666666665997,3.0916666666665997,3.0916666666665997,5.625946206837299,5.625946206837299,5.625946206837299,2.8792277273364997,2.8792277273364997,2.8792277273364997
HRAO,-25.89,27.687,1414.3,2018,7,4,1281,2018-07-04,0.0093606860040048,9.3606860040048,0.0091065695232534,9.1065695232534,0.0088416666666666,8.8416666666666,8.8416666666666,8.8416666666666,8.8416666666666,9.3606860040048,9.3606860040048,9.3606860040048,9.1065695232534,9.1065695232534,9.1065695232534
HRAO,-25.89,27.687,1414.3,2018,7,5,1282,2018-07-05,0.0075921967863792,7.5921967863792,0.0063270923332578,6.3270923332578,0.0060333333333333,6.0333333333333,6.0333333333333,6.0333333333333,6.0333333333333,7.5921967863792,7.5921967863792,7.5921967863792,6.3270923332578,6.3270923332578,6.3270923332578
HRAO,-25.89,27.687,1414.3,2018,7,6,1283,2018-07-06,0.008750889664718,8.750889664718,0.0069984215911096,6.9984215911096,0.0072499999999999,7.2499999999999,7.2499999999999,7.2499999999999,7.2499999999999,8.750889664718,8.750889664718,8.750889664718,6.9984215911096,6.9984215911096,6.9984215911096
HRAO,-25.89,27.687,1414.3,2018,7,7,1284,2018-07-07,0.0124355841819384,12.435584181938399,0.0111155337309635,11.1155337309635,0.0113291666666666,11.3291666666666,11.3291666666666,11.3291666666666,11.3291666666666,12.435584181938399,12.435584181938399,12.435584181938399,11.1155337309635,11.1155337309635,11.1155337309635
HRAO,-25.89,27.687,1414.3,2018,7,8,1285,2018-07-08,0.0162280179669914,16.228017966991402,0.014579098502091,14.579098502091,0.0151083333333333,15.1083333333333,15.1083333333333,15.1083333333333,15.1083333333333,16.228017966991402,16.228017966991402,16.228017966991402,14.579098502091,14.579098502091,14.579098502091
HRAO,-25.89,27.687,1414.3,2018,7,9,1286,2018-07-09,0.0182252299504455,18.2252299504455,0.0160676492230583,16.0676492230583,0.0172416666666666,17.2416666666666,17.2416666666666,17.2416666666666,17.2416666666666,18.2252299504455,18.2252299504455,18.2252299504455,16.0676492230583,16.0676492230583,16.0676492230583
HRAO,-25.89,27.687,1414.3,2018,7,10,1287,2018-07-10,0.0171881364709008,17.1881364709008,0.0157320246666283,15.732024666628298,0.0152416666666666,15.2416666666666,15.2416666666666,15.2416666666666,15.2416666666666,17.1881364709008,17.1881364709008,17.1881364709008,15.732024666628298,15.732024666628298,15.732024666628298
HRAO,-25.89,27.687,1414.3,2018,7,11,1288,2018-07-11,0.01300340002108,13.003400021080001,0.0124285591705894,12.4285591705894,0.0125416666666666,12.5416666666666,12.5416666666666,12.5416666666666,12.5416666666666,13.003400021080001,13.003400021080001,13.003400021080001,12.4285591705894,12.4285591705894,12.4285591705894
HRAO,-25.89,27.687,1414.3,2018,7,12,1289,2018-07-12,0.011917075080927,11.917075080927,0.0098609286280617,9.8609286280617,0.0103666666666666,10.3666666666666,10.3666666666666,10.3666666666666,10.3666666666666,11.917075080927,11.917075080927,11.917075080927,9.8609286280617,9.8609286280617,9.8609286280617
HRAO,-25.89,27.687,1414.3,2018,7,13,1290,2018-07-13,0.0123653493025894,12.365349302589399,0.0105543798357053,10.5543798357053,0.0114458333333333,11.445833333333299,11.445833333333299,11.445833333333299,11.445833333333299,12.365349302589399,12.365349302589399,12.365349302589399,10.5543798357053,10.5543798357053,10.5543798357053
HRAO,-25.89,27.687,1414.3,2018,7,14,1291,2018-07-14,0.0135432209854978,13.543220985497799,0.0152571663863429,15.257166386342899,0.0156666666666666,15.6666666666666,15.6666666666666,15.6666666666666,15.6666666666666,13.543220985497799,13.543220985497799,13.543220985497799,15.257166386342899,15.257166386342899,15.257166386342899
HRAO,-25.89,27.687,1414.3,2018,7,15,1292,2018-07-15,0.0134595006501474,13.459500650147401,0.0128742669222088,12.874266922208799,0.0133958333333333,13.3958333333333,13.3958333333333,13.3958333333333,13.3958333333333,13.459500650147401,13.459500650147401,13.459500650147401,12.874266922208799,12.874266922208799,12.874266922208799
HRAO,-25.89,27.687,1414.3,2018,7,16,1293,2018-07-16,0.0104938785202185,10.4938785202185,0.0091727801149918,9.172780114991799,0.0085458333333333,8.545833333333299,8.545833333333299,8.545833333333299,8.545833333333299,10.4938785202185,10.4938785202185,10.4938785202185,9.172780114991799,9.172780114991799,9.172780114991799
HRAO,-25.89,27.687,1414.3,2018,7,17,1294,2018-07-17,0.0072959660286657,7.2959660286657,0.0058897043388076,5.8897043388076,0.0062916666666666,6.2916666666666,6.2916666666666,6.2916666666666,6.2916666666666,7.2959660286657,7.2959660286657,7.2959660286657,5.8897043388076,5.8897043388076,5.8897043388076
HRAO,-25.89,27.687,1414.3,2018,7,18,1295,2018-07-18,0.0074117443274451,7.4117443274451,0.0064811588711805,6.4811588711805,0.0066375,6.6375,6.6375,6.6375,6.6375,7.4117443274451,7.4117443274451,7.4117443274451,6.4811588711805,6.4811588711805,6.4811588711805
HRAO,-25.89,27.687,1414.3,2018,7,19,1296,2018-07-19,0.0079602570997429,7.9602570997429,0.0075581344520133,7.5581344520133005,0.0071833333333333,7.183333333333301,7.183333333333301,7.183333333333301,7.183333333333301,7.9602570997429,7.9602570997429,7.9602570997429,7.5581344520133005,7.5581344520133005,7.5581344520133005
HRAO,-25.89,27.687,1414.3,2018,7,20,1297,2018-07-20,0.0083550447112797,8.355044711279701,0.0079764683293093,7.9764683293093,0.0074291666666666,7.4291666666666,7.4291666666666,7.4291666666666,7.4291666666666,8.355044711279701,8.355044711279701,8.355044711279701,7.9764683293093,7.9764683293093,7.9764683293093
HRAO,-25.89,27.687,1414.3,2018,7,21,1298,2018-07-21,0.0072270053144842,7.2270053144842,0.0060799394845832,6.079939484583201,0.0070125,7.012499999999999,7.012499999999999,7.012499999999999,7.012499999999999,7.2270053144842,7.2270053144842,7.2270053144842,6.079939484583201,6.079939484583201,6.079939484583201
HRAO,-25.89,27.687,1414.3,2018,7,22,1299,2018-07-22,0.0073904284191046,7.3904284191046,0.0058862703465486,5.886270346548599,0.0065208333333333,6.5208333333333,6.5208333333333,6.5208333333333,6.5208333333333,7.3904284191046,7.3904284191046,7.3904284191046,5.886270346548599,5.886270346548599,5.886270346548599
HRAO,-25.89,27.687,1414.3,2018,7,23,1300,2018-07-23,0.0068418689738252,6.8418689738252,0.0055917872611251,5.591787261125099,0.0064125,6.4125,6.4125,6.4125,6.4125,6.8418689738252,6.8418689738252,6.8418689738252,5.591787261125099,5.591787261125099,5.591787261125099
HRAO,-25.89,27.687,1414.3,2018,7,24,1301,2018-07-24,0.0056826272989325,5.6826272989325,0.0054292599186479,5.429259918647899,0.0051666666666666,5.1666666666665995,5.1666666666665995,5.1666666666665995,5.1666666666665995,5.6826272989325,5.6826272989325,5.6826272989325,5.429259918647899,5.429259918647899,5.429259918647899
HRAO,-25.89,27.687,1414.3,2018,7,25,1302,2018-07-25,0.0050513428746684,5.0513428746684,0.0043274595800209,4.3274595800209,0.0044916666666666,4.4916666666666,4.4916666666666,4.4916666666666,4.4916666666666,6.3135821271973,5.0513428746684,5.0513428746684,4.3274595800209,4.3274595800209,4.3274595800209
HRAO,-25.89,27.687,1414.3,2018,7,26,1303,2018-07-26,0.0053305307444648,5.3305307444648,0.0038711772054515,3.8711772054515,0.0044958333333333,4.4958333333333,4.4958333333333,4.4958333333333,4.4958333333333,5.3305307444648,5.3305307444648,5.3305307444648,5.429259918647899,3.8711772054515,3.8711772054515
HRAO,-25.89,27.687,1414.3,2018,7,27,1304,2018-07-27,0.0063135821271973,6.3135821271973,0.0046851121836458,4.6851121836458,0.0054541666666666,5.4541666666666,5.4541666666666,5.4541666666666,5.4541666666666,6.3135821271973,6.3135821271973,6.3135821271973,4.6851121836458,4.6851121836458,4.6851121836458
HRAO,-25.89,27.687,1414.3,2018,7,28,1305,2018-07-28,0.0072855909798814,7.2855909798814,0.0073535177888782,7.3535177888782,0.007225,7.225,7.225,7.225,7.225,7.2855909798814,7.2855909798814,7.2855909798814,7.3535177888782,7.3535177888782,7.3535177888782
HRAO,-25.89,27.687,1414.3,2018,7,29,1306,2018-07-29,0.0082777593182592,8.2777593182592,0.0078247431042291,7.8247431042291,0.0079708333333333,7.9708333333333,7.9708333333333,7.9708333333333,7.9708333333333,8.2777593182592,8.2777593182592,8.2777593182592,7.8247431042291,7.8247431042291,7.8247431042291
HRAO,-25.89,27.687,1414.3,2018,7,30,1307,2018-07-30,0.0079957718979142,7.9957718979142,0.0075287230246188,7.528723024618801,0.0081291666666666,8.1291666666666,8.1291666666666,8.1291666666666,8.1291666666666,7.9957718979142,7.9957718979142,7.9957718979142,7.528723024618801,7.528723024618801,7.528723024618801
HRAO,-25.89,27.687,1414.3,2018,8,1,1309,2018-08-01,0.0092581166725554,9.258116672555401,0.0084653191607131,8.465319160713099,0.0089291666666666,8.9291666666666,8.9291666666666,8.9291666666666,8.9291666666666,9.258116672555401,9.258116672555401,9.258116672555401,8.465319160713099,8.465319160713099,8.465319160713099
HRAO,-25.89,27.687,1414.3,2018,8,2,1310,2018-08-02,0.0095447658994141,9.5447658994141,0.0096076371694521,9.6076371694521,0.0093541666666666,9.354166666666599,9.354166666666599,9.354166666666599,9.354166666666599,9.5447658994141,9.5447658994141,9.5447658994141,9.6076371694521,9.6076371694521,9.6076371694521
HRAO,-25.89,27.687,1414.3,2018,8,3,1311,2018-08-03,0.0134290747087593,13.4290747087593,0.0139090422595769,13.9090422595769,0.0139541666666666,13.9541666666666,9.354166666666599,13.9541666666666,13.9541666666666,9.5447658994141,13.4290747087593,13.4290747087593,13.9090422595769,13.9090422595769,13.9090422595769
HRAO,-25.89,27.687,1414.3,2018,8,4,1312,2018-08-04,0.0172345064165636,17.2345064165636,0.0160010364478846,16.0010364478846,0.0161583333333333,16.1583333333333,16.1583333333333,16.1583333333333,16.1583333333333,12.1854237364507,17.2345064165636,17.2345064165636,16.0010364478846,16.0010364478846,16.0010364478846
HRAO,-25.89,27.687,1414.3,2018,8,5,1313,2018-08-05,0.0126184017383163,12.6184017383163,0.0147698968443769,14.7698968443769,0.0134958333333333,13.4958333333333,13.4958333333333,13.4958333333333,13.4958333333333,12.6184017383163,12.6184017383163,12.6184017383163,14.7698968443769,14.7698968443769,14.7698968443769
HRAO,-25.89,27.687,1414.3,2018,8,6,1314,2018-08-06,0.006229948967603,6.229948967603001,0.0046721915475982,4.6721915475982,0.0050541666666666,5.0541666666666005,5.0541666666666005,5.0541666666666005,5.0541666666666005,6.229948967603001,6.229948967603001,6.229948967603001,4.6721915475982,4.6721915475982,4.6721915475982
HRAO,-25.89,27.687,1414.3,2018,8,7,1315,2018-08-07,0.0121854237364507,12.1854237364507,0.0116652196398568,11.6652196398568,0.0121958333333333,12.195833333333299,12.195833333333299,12.195833333333299,12.195833333333299,12.1854237364507,12.1854237364507,12.1854237364507,11.6652196398568,11.6652196398568,11.6652196398568
HRAO,-25.89,27.687,1414.3,2018,8,8,1316,2018-08-08,0.0151361676500275,15.136167650027499,0.012553754167261,12.553754167261001,0.0125666666666666,12.566666666666599,12.566666666666599,12.566666666666599,12.566666666666599,15.136167650027499,15.136167650027499,15.136167650027499,12.553754167261001,12.553754167261001,12.553754167261001
HRAO,-25.89,27.687,1414.3,2018,8,9,1317,2018-08-09,0.0179225241473994,17.9225241473994,0.0160643963991273,16.0643963991273,0.0167416666666666,16.7416666666666,16.7416666666666,16.7416666666666,16.7416666666666,17.9225241473994,17.9225241473994,17.9225241473994,16.0643963991273,16.0643963991273,16.0643963991273
HRAO,-25.89,27.687,1414.3,2018,8,10,1318,2018-08-10,0.0118353668135379,11.8353668135379,0.0113834061694427,11.3834061694427,0.0102458333333333,10.2458333333333,10.2458333333333,10.2458333333333,10.2458333333333,11.8353668135379,11.8353668135379,11.8353668135379,11.3834061694427,11.3834061694427,11.3834061694427
HRAO,-25.89,27.687,1414.3,2018,8,11,1319,2018-08-11,0.0031854212049272,3.1854212049272,0.0024654744650168,2.4654744650167997,0.002275,2.275,10.3541666666666,2.275,2.275,9.926670924715701,3.1854212049272,3.1854212049272,10.5887310868501,2.4654744650167997,2.4654744650167997
HRAO,-25.89,27.687,1414.3,2018,8,12,1320,2018-08-12,0.0086617540423292,8.6617540423292,0.0073968314654655,7.3968314654655,0.0083333333333333,8.3333333333333,8.3333333333333,8.3333333333333,8.3333333333333,8.6617540423292,8.6617540423292,8.6617540423292,7.3968314654655,7.3968314654655,7.3968314654655
HRAO,-25.89,27.687,1414.3,2018,8,13,1321,2018-08-13,0.0089355145038832,8.9355145038832,0.0101525926002598,10.152592600259801,0.0103541666666666,10.3541666666666,10.3541666666666,10.3541666666666,10.3541666666666,8.9355145038832,8.9355145038832,8.9355145038832,10.152592600259801,10.152592600259801,10.152592600259801
HRAO,-25.89,27.687,1414.3,2018,8,14,1322,2018-08-14,0.0099266709247157,9.926670924715701,0.0105887310868501,10.5887310868501,0.0110375,11.0375,11.0375,11.0375,11.0375,9.926670924715701,9.926670924715701,9.926670924715701,10.5887310868501,10.5887310868501,10.5887310868501
HRAO,-25.89,27.687,1414.3,2018,8,15,1323,2018-08-15,0.0128314839464361,12.831483946436101,0.01273386190677,12.73386190677,0.0130666666666666,13.066666666666599,13.066666666666599,13.066666666666599,13.066666666666599,12.831483946436101,12.831483946436101,12.831483946436101,12.73386190677,12.73386190677,12.73386190677
HRAO,-25.89,27.687,1414.3,2018,8,16,1324,2018-08-16,0.0126472220219605,12.6472220219605,0.0125238346967905,12.5238346967905,0.013725,13.725,13.725,13.725,13.725,12.6472220219605,12.6472220219605,12.6472220219605,12.5238346967905,12.5238346967905,12.5238346967905
HRAO,-25.89,27.687,1414.3,2018,8,17,1325,2018-08-17,0.01245929328101,12.45929328101,0.0128402996840685,12.8402996840685,0.0127333333333333,12.7333333333333,12.7333333333333,12.7333333333333,12.7333333333333,12.45929328101,12.45929328101,12.45929328101,12.8402996840685,12.8402996840685,12.8402996840685
HRAO,-25.89,27.687,1414.3,2018,8,18,1326,2018-08-18,0.0115401304802102,11.5401304802102,0.009927231849076,9.927231849076,0.0093,9.299999999999999,9.299999999999999,9.299999999999999,9.299999999999999,11.5401304802102,11.5401304802102,11.5401304802102,9.927231849076,9.927231849076,9.927231849076
HRAO,-25.89,27.687,1414.3,2018,8,19,1327,2018-08-19,0.0110161112781639,11.0161112781639,0.0081988263310123,8.1988263310123,0.009375,9.375,9.375,9.375,9.375,11.0161112781639,11.0161112781639,11.0161112781639,8.1988263310123,8.1988263310123,8.1988263310123
HRAO,-25.89,27.687,1414.3,2018,8,20,1328,2018-08-20,0.0115758093104208,11.5758093104208,0.0108673055261765,10.867305526176501,0.0119541666666666,11.9541666666666,11.9541666666666,11.9541666666666,11.9541666666666,11.5758093104208,11.5758093104208,11.5758093104208,10.867305526176501,10.867305526176501,10.867305526176501
HRAO,-25.89,27.687,1414.3,2018,8,21,1329,2018-08-21,0.0119251004666211,11.9251004666211,0.0118256307401551,11.8256307401551,0.01205,12.05,12.05,12.05,12.05,11.9251004666211,11.9251004666211,11.9251004666211,11.8256307401551,11.8256307401551,11.8256307401551
HRAO,-25.89,27.687,1414.3,2018,8,22,1330,2018-08-22,0.0111249614156834,11.1249614156834,0.0119194858572347,11.9194858572347,0.0116083333333333,11.6083333333333,11.6083333333333,11.6083333333333,11.6083333333333,11.1249614156834,11.1249614156834,11.1249614156834,11.9194858572347,11.9194858572347,11.9194858572347
HRAO,-25.89,27.687,1414.3,2018,8,23,1331,2018-08-23,0.0083329147760491,8.332914776049101,0.0087037109691302,8.7037109691302,0.0073541666666666,7.3541666666666,12.05,7.3541666666666,7.3541666666666,11.6545504910724,8.332914776049101,8.332914776049101,8.7037109691302,8.7037109691302,8.7037109691302
HRAO,-25.89,27.687,1414.3,2018,8,24,1332,2018-08-24,0.0116545504910724,11.6545504910724,0.0101064483443061,10.1064483443061,0.0120666666666666,12.0666666666666,12.0666666666666,12.0666666666666,12.0666666666666,11.6545504910724,11.6545504910724,11.6545504910724,10.1064483443061,10.1064483443061,10.1064483443061
HRAO,-25.89,27.687,1414.3,2018,8,25,1333,2018-08-25,0.0170503719689246,17.050371968924598,0.0159024664858669,15.9024664858669,0.0175875,17.5875,17.5875,17.5875,17.5875,17.050371968924598,17.050371968924598,17.050371968924598,15.9024664858669,15.9024664858669,15.9024664858669
HRAO,-25.89,27.687,1414.3,2018,8,26,1334,2018-08-26,0.01265118000969,12.65118000969,0.0142696511524435,14.2696511524435,0.0134166666666666,13.416666666666599,13.416666666666599,13.416666666666599,13.416666666666599,12.65118000969,12.65118000969,12.65118000969,14.2696511524435,14.2696511524435,14.2696511524435
HRAO,-25.89,27.687,1414.3,2018,8,27,1335,2018-08-27,0.0050503039046867,5.050303904686699,0.0036117520181551,3.6117520181551,0.0029208333333333,2.9208333333333,2.9208333333333,2.9208333333333,2.9208333333333,5.050303904686699,5.050303904686699,5.050303904686699,3.6117520181551,3.6117520181551,3.6117520181551
HRAO,-25.89,27.687,1414.3,2018,8,28,1336,2018-08-28,0.0066011043110121,6.6011043110121,0.0064665382150964,6.4665382150964,0.0063625,6.3625,6.3625,6.3625,6.3625,6.6011043110121,6.6011043110121,6.6011043110121,6.4665382150964,6.4665382150964,6.4665382150964
HRAO,-25.89,27.687,1414.3,2018,8,29,1337,2018-08-29,0.0075916544654975,7.591654465497499,0.0063125322642886,6.3125322642886,0.006875,6.875,6.875,6.875,6.875,7.591654465497499,7.591654465497499,7.591654465497499,6.3125322642886,6.3125322642886,6.3125322642886
HRAO,-25.89,27.687,1414.3,2018,8,30,1338,2018-08-30,0.0086061327356963,8.606132735696299,0.0070826722882779,7.0826722882779,0.0075166666666666,7.5166666666666,7.5166666666666,7.5166666666666,7.5166666666666,8.606132735696299,8.606132735696299,8.606132735696299,7.0826722882779,7.0826722882779,7.0826722882779
HRAO,-25.89,27.687,1414.3,2018,9,1,1340,2018-09-01,0.0109287426606112,10.9287426606112,0.0110346273477787,11.0346273477787,0.0122041666666666,12.2041666666666,12.2041666666666,12.2041666666666,12.2041666666666,10.9287426606112,10.9287426606112,10.9287426606112,11.0346273477787,11.0346273477787,11.0346273477787
HRAO,-25.89,27.687,1414.3,2018,9,2,1341,2018-09-02,0.0107313762454498,10.7313762454498,0.0097920639651097,9.792063965109701,0.0093625,9.362499999999999,9.362499999999999,9.362499999999999,9.362499999999999,10.7313762454498,10.7313762454498,10.7313762454498,9.792063965109701,9.792063965109701,9.792063965109701
HRAO,-25.89,27.687,1414.3,2018,9,3,1342,2018-09-03,0.0061510087460311,6.1510087460311,0.0052548728488096,5.254872848809599,0.00445,4.45,4.45,4.45,4.45,6.1510087460311,6.1510087460311,6.1510087460311,5.254872848809599,5.254872848809599,5.254872848809599
HRAO,-25.89,27.687,1414.3,2018,9,4,1343,2018-09-04,0.0057724622834225,5.7724622834225,0.0048444969460288,4.8444969460288,0.0050083333333333,5.0083333333333,5.0083333333333,5.0083333333333,5.0083333333333,5.7724622834225,5.7724622834225,5.7724622834225,4.8444969460288,4.8444969460288,4.8444969460288
HRAO,-25.89,27.687,1414.3,2018,9,5,1344,2018-09-05,0.0111179184357408,11.1179184357408,0.0107621106836067,10.7621106836067,0.0107458333333333,10.7458333333333,10.7458333333333,10.7458333333333,10.7458333333333,11.1179184357408,11.1179184357408,11.1179184357408,10.7621106836067,10.7621106836067,10.7621106836067
HRAO,-25.89,27.687,1414.3,2018,9,6,1345,2018-09-06,0.0167030331097044,16.7030331097044,0.0136637573525658,13.6637573525658,0.0148333333333333,14.8333333333333,14.8333333333333,14.8333333333333,14.8333333333333,16.7030331097044,16.7030331097044,16.7030331097044,13.6637573525658,13.6637573525658,13.6637573525658
HRAO,-25.89,27.687,1414.3,2018,9,7,1346,2018-09-07,0.0175944399417595,17.5944399417595,0.017602877842244,17.602877842244,0.0176041666666666,17.6041666666666,8.0625,17.6041666666666,17.6041666666666,9.219946895090601,17.5944399417595,17.5944399417595,17.602877842244,17.602877842244,17.602877842244
HRAO,-25.89,27.687,1414.3,2018,9,8,1347,2018-09-08,0.0092199468950906,9.219946895090601,0.0101172696619626,10.117269661962599,0.0080625,8.0625,8.0625,8.0625,8.0625,9.219946895090601,9.219946895090601,9.219946895090601,10.117269661962599,10.117269661962599,10.117269661962599
HRAO,-25.89,27.687,1414.3,2018,9,9,1348,2018-09-09,0.0039695881763255,3.9695881763255,0.0035276177502569,3.5276177502569,0.0035208333333333,3.5208333333332997,3.5208333333332997,3.5208333333332997,3.5208333333332997,3.9695881763255,3.9695881763255,3.9695881763255,3.5276177502569,3.5276177502569,3.5276177502569
HRAO,-25.89,27.687,1414.3,2018,9,10,1349,2018-09-10,0.0038632806159909,3.8632806159909,0.0035758501853728,3.5758501853727997,0.0032624999999999,3.2624999999999,3.2624999999999,3.2624999999999,3.2624999999999,3.8632806159909,3.8632806159909,3.8632806159909,3.5758501853727997,3.5758501853727997,3.5758501853727997
HRAO,-25.89,27.687,1414.3,2018,9,11,1350,2018-09-11,0.0047721164470208,4.7721164470207995,0.0046069753062453,4.6069753062453005,0.0048833333333333,4.8833333333333,4.8833333333333,4.8833333333333,4.8833333333333,4.7721164470207995,4.7721164470207995,4.7721164470207995,4.6069753062453005,4.6069753062453005,4.6069753062453005
HRAO,-25.89,27.687,1414.3,2018,9,12,1351,2018-09-12,0.0053730947790072,5.3730947790072,0.0058398833037579,5.839883303757899,0.0055625,5.5625,5.5625,5.5625,5.5625,5.3730947790072,5.3730947790072,5.3730947790072,5.839883303757899,5.839883303757899,5.839883303757899
HRAO,-25.89,27.687,1414.3,2018,9,13,1352,2018-09-13,0.0038525734832056,3.8525734832056,0.0037229593691328,3.7229593691328,0.0030666666666666,3.0666666666666,3.0666666666666,3.0666666666666,3.0666666666666,3.8525734832056,3.8525734832056,3.8525734832056,3.7229593691328,3.7229593691328,3.7229593691328
HRAO,-25.89,27.687,1414.3,2018,9,14,1353,2018-09-14,0.0028991960661168,2.8991960661168,0.00259638779654,2.59638779654,0.0023041666666666,2.3041666666665996,2.3041666666665996,2.3041666666665996,2.3041666666665996,2.8991960661168,2.8991960661168,2.8991960661168,2.59638779654,2.59638779654,2.59638779654
HRAO,-25.89,27.687,1414.3,2018,9,15,1354,2018-09-15,0.0039697929628133,3.9697929628133,0.0038437899452433,3.8437899452433,0.0036333333333333,3.6333333333333,3.6333333333333,3.6333333333333,3.6333333333333,5.0303139091268,3.9697929628133,3.9697929628133,4.807969095325499,3.8437899452433,3.8437899452433
HRAO,-25.89,27.687,1414.3,2018,9,16,1355,2018-09-16,0.0050303139091268,5.0303139091268,0.0048079690953255,4.807969095325499,0.0049416666666666,4.941666666666601,4.941666666666601,4.941666666666601,4.941666666666601,5.0303139091268,5.0303139091268,5.0303139091268,4.807969095325499,4.807969095325499,4.807969095325499
HRAO,-25.89,27.687,1414.3,2018,9,17,1356,2018-09-17,0.0073232769611954,7.3232769611954005,0.0077311693692113,7.7311693692113,0.0081041666666666,8.1041666666666,8.1041666666666,8.1041666666666,8.1041666666666,7.3232769611954005,7.3232769611954005,7.3232769611954005,7.7311693692113,7.7311693692113,7.7311693692113
HRAO,-25.89,27.687,1414.3,2018,9,18,1357,2018-09-18,0.0081078598892993,8.107859889299299,0.0078320756070315,7.8320756070315,0.0087791666666666,8.7791666666666,8.7791666666666,8.7791666666666,8.7791666666666,8.107859889299299,8.107859889299299,8.107859889299299,7.8320756070315,7.8320756070315,7.8320756070315
HRAO,-25.89,27.687,1414.3,2018,9,19,1358,2018-09-19,0.0103364531822932,10.3364531822932,0.0095032996054354,9.5032996054354,0.0096958333333333,9.695833333333299,9.695833333333299,9.695833333333299,9.695833333333299,10.3364531822932,10.3364531822932,10.3364531822932,9.5032996054354,9.5032996054354,9.5032996054354
HRAO,-25.89,27.687,1414.3,2018,9,20,1359,2018-09-20,0.0149189155335073,14.9189155335073,0.0131479832389321,13.1479832389321,0.0146208333333333,14.6208333333333,14.6208333333333,14.6208333333333,14.6208333333333,14.9189155335073,14.9189155335073,14.9189155335073,13.1479832389321,13.1479832389321,13.1479832389321
HRAO,-25.89,27.687,1414.3,2018,9,21,1360,2018-09-21,0.0182420352638557,18.2420352638557,0.0182848482420051,18.2848482420051,0.019725,19.724999999999998,19.724999999999998,19.724999999999998,19.724999999999998,18.2420352638557,18.2420352638557,18.2420352638557,18.2848482420051,18.2848482420051,18.2848482420051
HRAO,-25.89,27.687,1414.3,2018,9,22,1361,2018-09-22,0.0183162699533048,18.3162699533048,0.0178763294321465,17.8763294321465,0.0179625,17.9625,17.9625,17.9625,17.9625,18.3162699533048,18.3162699533048,18.3162699533048,17.8763294321465,17.8763294321465,17.8763294321465
HRAO,-25.89,27.687,1414.3,2018,9,23,1362,2018-09-23,0.0200270730498295,20.0270730498295,0.0191533727388853,19.1533727388853,0.0189666666666666,18.9666666666666,18.9666666666666,18.9666666666666,18.9666666666666,20.0270730498295,20.0270730498295,20.0270730498295,19.1533727388853,19.1533727388853,19.1533727388853
HRAO,-25.89,27.687,1414.3,2018,9,24,1363,2018-09-24,0.0194881061264227,19.4881061264227,0.0180984796138731,18.0984796138731,0.0183166666666666,18.3166666666666,18.3166666666666,18.3166666666666,18.3166666666666,19.4881061264227,19.4881061264227,19.4881061264227,18.0984796138731,18.0984796138731,18.0984796138731
HRAO,-25.89,27.687,1414.3,2018,9,25,1364,2018-09-25,0.0150283984081945,15.0283984081945,0.0115913248451806,11.5913248451806,0.0110291666666666,11.029166666666601,11.029166666666601,11.029166666666601,11.029166666666601,15.0283984081945,15.0283984081945,15.0283984081945,17.8763294321465,11.5913248451806,11.5913248451806
HRAO,-25.89,27.687,1414.3,2018,9,26,1365,2018-09-26,0.0151414342677958,15.1414342677958,0.0136281629292826,13.628162929282599,0.01355,13.549999999999999,13.549999999999999,13.549999999999999,13.549999999999999,15.1414342677958,15.1414342677958,15.1414342677958,13.628162929282599,13.628162929282599,13.628162929282599
HRAO,-25.89,27.687,1414.3,2018,9,27,1366,2018-09-27,0.0194204362665062,19.420436266506197,0.0167513910613685,16.7513910613685,0.0169374999999999,16.9374999999999,16.9374999999999,16.9374999999999,16.9374999999999,19.420436266506197,19.420436266506197,19.420436266506197,16.7513910613685,16.7513910613685,16.7513910613685
HRAO,-25.89,27.687,1414.3,2018,9,28,1367,2018-09-28,0.0193514745928089,19.3514745928089,0.0200889040048647,20.088904004864702,0.0207041666666666,20.704166666666598,20.704166666666598,20.704166666666598,20.704166666666598,19.3514745928089,19.3514745928089,19.3514745928089,20.088904004864702,20.088904004864702,20.088904004864702
HRAO,-25.89,27.687,1414.3,2018,9,29,1368,2018-09-29,0.0149907758173052,14.9907758173052,0.0156048302367145,15.6048302367145,0.0151333333333333,15.1333333333333,15.1333333333333,15.1333333333333,15.1333333333333,14.9907758173052,14.9907758173052,14.9907758173052,15.6048302367145,15.6048302367145,15.6048302367145
HRAO,-25.89,27.687,1414.3,2018,9,30,1369,2018-09-30,0.0121162798497653,12.1162798497653,0.0100177374025572,10.0177374025572,0.0106749999999999,10.6749999999999,10.6749999999999,10.6749999999999,10.6749999999999,12.1162798497653,12.1162798497653,12.1162798497653,10.0177374025572,10.0177374025572,10.0177374025572
HRAO,-25.89,27.687,1414.3,2018,10,1,1370,2018-10-01,0.0087863589597322,8.7863589597322,0.0073208484225472,7.3208484225472,0.007475,7.475,7.475,7.475,7.475,8.7863589597322,8.7863589597322,8.7863589597322,7.3208484225472,7.3208484225472,7.3208484225472
HRAO,-25.89,27.687,1414.3,2018,10,2,1371,2018-10-02,0.010150233486822,10.150233486822,0.0079306842891098,7.9306842891098,0.0083083333333333,8.3083333333333,8.3083333333333,8.3083333333333,8.3083333333333,10.150233486822,10.150233486822,10.150233486822,7.9306842891098,7.9306842891098,7.9306842891098
HRAO,-25.89,27.687,1414.3,2018,10,3,1372,2018-10-03,0.0123581846131352,12.358184613135201,0.0150117651798803,15.0117651798803,0.0150708333333333,15.0708333333333,15.0708333333333,15.0708333333333,15.0708333333333,12.358184613135201,12.358184613135201,12.358184613135201,15.0117651798803,15.0117651798803,15.0117651798803
HRAO,-25.89,27.687,1414.3,2018,10,4,1373,2018-10-04,0.0109081333189695,10.908133318969501,0.0105608480866477,10.5608480866477,0.0107208333333333,10.7208333333333,10.7208333333333,10.7208333333333,10.7208333333333,10.908133318969501,10.908133318969501,10.908133318969501,10.5608480866477,10.5608480866477,10.5608480866477
HRAO,-25.89,27.687,1414.3,2018,10,5,1374,2018-10-05,0.0111767039549413,11.1767039549413,0.0107762828226181,10.7762828226181,0.0113458333333333,11.3458333333333,11.3458333333333,11.3458333333333,11.3458333333333,11.1767039549413,11.1767039549413,11.1767039549413,10.7762828226181,10.7762828226181,10.7762828226181
HRAO,-25.89,27.687,1414.3,2018,10,6,1375,2018-10-06,0.0107677768474691,10.7677768474691,0.0096916681594819,9.6916681594819,0.0104291666666666,10.4291666666666,10.4291666666666,10.4291666666666,10.4291666666666,10.7677768474691,10.7677768474691,10.7677768474691,9.6916681594819,9.6916681594819,9.6916681594819
HRAO,-25.89,27.687,1414.3,2018,10,7,1376,2018-10-07,0.012364760714711,12.364760714711,0.010437574434976,10.437574434976,0.0106541666666666,10.6541666666666,10.6541666666666,10.6541666666666,10.6541666666666,12.364760714711,12.364760714711,12.364760714711,10.437574434976,10.437574434976,10.437574434976
HRAO,-25.89,27.687,1414.3,2018,10,8,1377,2018-10-08,0.0142557852097025,14.2557852097025,0.0132104354249142,13.2104354249142,0.0139458333333333,13.945833333333299,13.945833333333299,13.945833333333299,13.945833333333299,14.2557852097025,14.2557852097025,14.2557852097025,13.2104354249142,13.2104354249142,13.2104354249142
HRAO,-25.89,27.687,1414.3,2018,10,9,1378,2018-10-09,0.0169091469603436,16.909146960343598,0.0157713623513915,15.7713623513915,0.0155708333333333,15.570833333333299,15.570833333333299,15.570833333333299,15.570833333333299,16.909146960343598,16.909146960343598,16.909146960343598,15.7713623513915,15.7713623513915,15.7713623513915
HRAO,-25.89,27.687,1414.3,2018,10,10,1379,2018-10-10,0.0177238443757259,17.7238443757259,0.0174802941437509,17.4802941437509,0.0169666666666666,16.966666666666598,16.966666666666598,16.966666666666598,16.966666666666598,17.7238443757259,17.7238443757259,17.7238443757259,17.4802941437509,17.4802941437509,17.4802941437509
HRAO,-25.89,27.687,1414.3,2018,10,11,1380,2018-10-11,0.0156216968261393,15.621696826139301,0.0155071170855125,15.507117085512501,0.0162666666666666,16.266666666666598,16.266666666666598,16.266666666666598,16.266666666666598,15.621696826139301,15.621696826139301,15.621696826139301,15.507117085512501,15.507117085512501,15.507117085512501
HRAO,-25.89,27.687,1414.3,2018,10,12,1381,2018-10-12,0.0194379188037648,19.4379188037648,0.0152874611254595,15.2874611254595,0.0172833333333333,17.2833333333333,17.2833333333333,17.2833333333333,17.2833333333333,19.4379188037648,19.4379188037648,19.4379188037648,15.2874611254595,15.2874611254595,15.2874611254595
HRAO,-25.89,27.687,1414.3,2018,10,13,1382,2018-10-13,0.0257712428864779,25.7712428864779,0.0265422483429636,26.5422483429636,0.0270083333333333,27.0083333333333,27.0083333333333,27.0083333333333,27.0083333333333,25.7712428864779,25.7712428864779,25.7712428864779,15.507117085512501,26.5422483429636,26.5422483429636
HRAO,-25.89,27.687,1414.3,2018,10,14,1383,2018-10-14,0.0249358388844645,24.9358388844645,0.0245573701601506,24.5573701601506,0.024975,24.975,24.975,24.975,24.975,24.9358388844645,24.9358388844645,24.9358388844645,15.2874611254595,24.5573701601506,24.5573701601506
HRAO,-25.89,27.687,1414.3,2018,10,15,1384,2018-10-15,0.0147350828043262,14.735082804326199,0.0126383096373526,12.6383096373526,0.0127625,12.7625,12.7625,12.7625,12.7625,14.735082804326199,14.735082804326199,14.735082804326199,12.6383096373526,12.6383096373526,12.6383096373526
HRAO,-25.89,27.687,1414.3,2018,10,16,1385,2018-10-16,0.0108705748196104,10.8705748196104,0.0109180047457049,10.9180047457049,0.0104708333333333,10.470833333333301,10.470833333333301,10.470833333333301,10.470833333333301,10.8705748196104,10.8705748196104,10.8705748196104,10.9180047457049,10.9180047457049,10.9180047457049
HRAO,-25.89,27.687,1414.3,2018,10,17,1386,2018-10-17,0.0135503846346685,13.5503846346685,0.0145637698592336,14.5637698592336,0.0143583333333333,14.358333333333299,14.358333333333299,14.358333333333299,14.358333333333299,13.5503846346685,13.5503846346685,13.5503846346685,14.5637698592336,14.5637698592336,14.5637698592336
HRAO,-25.89,27.687,1414.3,2018,10,18,1387,2018-10-18,0.0160671133898912,16.0671133898912,0.0134719924685429,13.471992468542899,0.0153625,15.362499999999999,15.362499999999999,15.362499999999999,15.362499999999999,16.0671133898912,16.0671133898912,16.0671133898912,13.471992468542899,13.471992468542899,13.471992468542899
HRAO,-25.89,27.687,1414.3,2018,10,19,1388,2018-10-19,0.0169812227227645,16.981222722764503,0.0156378947619403,15.637894761940299,0.0159291666666666,15.929166666666598,15.929166666666598,15.929166666666598,15.929166666666598,16.981222722764503,16.981222722764503,16.981222722764503,15.637894761940299,15.637894761940299,15.637894761940299
HRAO,-25.89,27.687,1414.3,2018,10,20,1389,2018-10-20,0.0218539714907877,21.8539714907877,0.0196611927604357,19.6611927604357,0.0196833333333333,19.683333333333298,19.683333333333298,19.683333333333298,19.683333333333298,21.8539714907877,21.8539714907877,21.8539714907877,14.5637698592336,19.6611927604357,19.6611927604357
HRAO,-25.89,27.687,1414.3,2018,10,21,1390,2018-10-21,0.0175803150326046,17.5803150326046,0.0158755778980565,15.875577898056498,0.0153999999999999,15.399999999999899,15.399999999999899,15.399999999999899,15.399999999999899,17.5803150326046,17.5803150326046,17.5803150326046,15.875577898056498,15.875577898056498,15.875577898056498
HRAO,-25.89,27.687,1414.3,2018,10,22,1391,2018-10-22,0.0092821239112042,9.2821239112042,0.0075038035550798,7.5038035550797995,0.0082625,8.262500000000001,8.262500000000001,8.262500000000001,8.262500000000001,9.2821239112042,9.2821239112042,9.2821239112042,7.5038035550797995,7.5038035550797995,7.5038035550797995
HRAO,-25.89,27.687,1414.3,2018,10,23,1392,2018-10-23,0.009179682978171,9.179682978171,0.0088768810079046,8.8768810079046,0.0092958333333333,9.2958333333333,9.2958333333333,9.2958333333333,9.2958333333333,9.179682978171,9.179682978171,9.179682978171,8.8768810079046,8.8768810079046,8.8768810079046
HRAO,-25.89,27.687,1414.3,2018,10,24,1393,2018-10-24,0.0090504541148864,9.050454114886401,0.0085176926628548,8.517692662854799,0.0090625,9.0625,10.6749999999999,9.0625,9.0625,9.050454114886401,9.050454114886401,9.050454114886401,8.517692662854799,8.517692662854799,8.517692662854799
HRAO,-25.89,27.687,1414.3,2018,10,25,1394,2018-10-25,0.010514835112682,10.514835112681999,0.0096412396585323,9.6412396585323,0.0106749999999999,10.6749999999999,10.6749999999999,10.6749999999999,10.6749999999999,10.514835112681999,10.514835112681999,10.514835112681999,9.6412396585323,9.6412396585323,9.6412396585323
HRAO,-25.89,27.687,1414.3,2018,10,26,1395,2018-10-26,0.011824549352174,11.824549352174,0.0103125527231168,10.3125527231168,0.0119416666666666,11.9416666666666,11.9416666666666,11.9416666666666,11.9416666666666,11.824549352174,11.824549352174,11.824549352174,10.3125527231168,10.3125527231168,10.3125527231168
HRAO,-25.89,27.687,1414.3,2018,10,27,1396,2018-10-27,0.0136475897938702,13.6475897938702,0.012820030177069,12.820030177069,0.0127625,12.7625,12.7625,12.7625,12.7625,13.6475897938702,13.6475897938702,13.6475897938702,12.820030177069,12.820030177069,12.820030177069
HRAO,-25.89,27.687,1414.3,2018,10,28,1397,2018-10-28,0.0150038823635677,15.0038823635677,0.0134417196082667,13.4417196082667,0.0143041666666666,14.3041666666666,14.3041666666666,14.3041666666666,14.3041666666666,15.0038823635677,15.0038823635677,15.0038823635677,13.4417196082667,13.4417196082667,13.4417196082667
HRAO,-25.89,27.687,1414.3,2018,10,29,1398,2018-10-29,0.015463099662583,15.463099662583,0.0151401225037796,15.140122503779601,0.0154041666666666,15.404166666666601,15.404166666666601,15.404166666666601,15.404166666666601,15.463099662583,15.463099662583,15.463099662583,15.140122503779601,15.140122503779601,15.140122503779601
HRAO,-25.89,27.687,1414.3,2018,10,30,1399,2018-10-30,0.0171149108144908,17.114910814490802,0.0149757052542027,14.9757052542027,0.0160208333333333,16.0208333333333,16.0208333333333,16.0208333333333,16.0208333333333,17.114910814490802,17.114910814490802,17.114910814490802,14.9757052542027,14.9757052542027,14.9757052542027
HRAO,-25.89,27.687,1414.3,2018,11,1,1401,2018-11-01,0.0192570526811239,19.257052681123902,0.0220621841698107,22.0621841698107,0.0189916666666666,18.9916666666666,18.9916666666666,18.9916666666666,18.9916666666666,16.7856336966022,19.257052681123902,19.257052681123902,15.140122503779601,22.0621841698107,22.0621841698107
HRAO,-25.89,27.687,1414.3,2018,11,2,1402,2018-11-02,0.0150646450542689,15.0646450542689,0.0122327939179584,12.2327939179584,0.0126958333333333,12.6958333333333,12.6958333333333,12.6958333333333,12.6958333333333,15.0646450542689,15.0646450542689,15.0646450542689,12.2327939179584,12.2327939179584,12.2327939179584
HRAO,-25.89,27.687,1414.3,2018,11,3,1403,2018-11-03,0.0171551050601107,17.155105060110703,0.0168526206630017,16.8526206630017,0.01685,16.85,16.85,16.85,16.85,17.155105060110703,17.155105060110703,17.155105060110703,16.8526206630017,16.8526206630017,16.8526206630017
HRAO,-25.89,27.687,1414.3,2018,11,4,1404,2018-11-04,0.0167856336966022,16.7856336966022,0.0179327452876701,17.932745287670098,0.019375,19.375,19.375,19.375,19.375,16.7856336966022,16.7856336966022,16.7856336966022,17.932745287670098,17.932745287670098,17.932745287670098
HRAO,-25.89,27.687,1414.3,2018,11,5,1405,2018-11-05,0.0227821797555839,22.7821797555839,0.0223372379348046,22.3372379348046,0.0241666666666666,24.1666666666666,24.1666666666666,24.1666666666666,24.1666666666666,22.7821797555839,22.7821797555839,22.7821797555839,22.3372379348046,22.3372379348046,22.3372379348046
HRAO,-25.89,27.687,1414.3,2018,11,6,1406,2018-11-06,0.0167315743313527,16.7315743313527,0.0176513739200515,17.6513739200515,0.0163416666666666,16.3416666666666,16.3416666666666,16.3416666666666,16.3416666666666,16.7315743313527,16.7315743313527,16.7315743313527,17.6513739200515,17.6513739200515,17.6513739200515
HRAO,-25.89,27.687,1414.3,2018,11,7,1407,2018-11-07,0.0081108670808213,8.1108670808213,0.0087826853465375,8.7826853465375,0.00795,7.95,7.95,7.95,7.95,14.7371635960289,8.1108670808213,8.1108670808213,13.6123923778556,8.7826853465375,8.7826853465375
HRAO,-25.89,27.687,1414.3,2018,11,8,1408,2018-11-08,0.0106524150179,10.6524150179,0.0096442726419681,9.6442726419681,0.0100041666666666,10.0041666666666,14.7583333333333,10.0041666666666,10.0041666666666,14.7371635960289,10.6524150179,10.6524150179,13.223243076353299,9.6442726419681,9.6442726419681
HRAO,-25.89,27.687,1414.3,2018,11,9,1409,2018-11-09,0.0139322858843046,13.9322858843046,0.0132232430763533,13.223243076353299,0.0144166666666666,14.4166666666666,14.4166666666666,14.4166666666666,14.4166666666666,13.9322858843046,13.9322858843046,13.9322858843046,13.223243076353299,13.223243076353299,13.223243076353299
HRAO,-25.89,27.687,1414.3,2018,11,10,1410,2018-11-10,0.0147371635960289,14.7371635960289,0.0136123923778556,13.6123923778556,0.0147583333333333,14.7583333333333,14.7583333333333,14.7583333333333,14.7583333333333,14.7371635960289,14.7371635960289,14.7371635960289,13.6123923778556,13.6123923778556,13.6123923778556
HRAO,-25.89,27.687,1414.3,2018,11,11,1411,2018-11-11,0.0154995016697186,15.499501669718601,0.0131564235487104,13.1564235487104,0.0147875,14.7875,14.7875,14.7875,14.7875,15.499501669718601,15.499501669718601,15.499501669718601,13.6123923778556,13.1564235487104,13.1564235487104
HRAO,-25.89,27.687,1414.3,2018,11,12,1412,2018-11-12,0.0177526688947911,17.7526688947911,0.016267167820842,16.267167820842,0.017475,17.475,17.475,17.475,17.475,17.7526688947911,17.7526688947911,17.7526688947911,16.267167820842,16.267167820842,16.267167820842
HRAO,-25.89,27.687,1414.3,2018,11,13,1413,2018-11-13,0.017788173570052,17.788173570052,0.0162549667793297,16.2549667793297,0.0168083333333333,16.8083333333333,16.8083333333333,16.8083333333333,16.8083333333333,17.788173570052,17.788173570052,17.788173570052,16.2549667793297,16.2549667793297,16.2549667793297
HRAO,-25.89,27.687,1414.3,2018,11,14,1414,2018-11-14,0.0203149419061924,20.3149419061924,0.0177807146807878,17.7807146807878,0.02005,20.049999999999997,20.049999999999997,20.049999999999997,20.049999999999997,20.3149419061924,20.3149419061924,20.3149419061924,17.7807146807878,17.7807146807878,17.7807146807878
HRAO,-25.89,27.687,1414.3,2018,11,15,1415,2018-11-15,0.0210213975791246,21.0213975791246,0.0205048910742399,20.5048910742399,0.0215125,21.5125,21.5125,21.5125,21.5125,21.0213975791246,21.0213975791246,21.0213975791246,18.2881811255259,20.5048910742399,20.5048910742399
HRAO,-25.89,27.687,1414.3,2018,11,16,1416,2018-11-16,0.0195159125498342,19.515912549834198,0.0189594074463712,18.959407446371202,0.0187333333333333,18.7333333333333,18.7333333333333,18.7333333333333,18.7333333333333,19.515912549834198,19.515912549834198,19.515912549834198,18.959407446371202,18.959407446371202,18.959407446371202
HRAO,-25.89,27.687,1414.3,2018,11,17,1417,2018-11-17,0.0190111567931189,19.0111567931189,0.0182881811255259,18.2881811255259,0.01785,17.85,17.85,17.85,17.85,19.0111567931189,19.0111567931189,19.0111567931189,18.2881811255259,18.2881811255259,18.2881811255259
HRAO,-25.89,27.687,1414.3,2018,11,18,1418,2018-11-18,0.0220815253495657,22.081525349565702,0.0200053689892191,20.0053689892191,0.020625,20.625,20.625,20.625,20.625,22.081525349565702,22.081525349565702,22.081525349565702,20.0053689892191,20.0053689892191,20.0053689892191
HRAO,-25.89,27.687,1414.3,2018,11,19,1419,2018-11-19,0.0281821358047641,28.1821358047641,0.0240105546775469,24.0105546775469,0.0280833333333333,28.0833333333333,28.0833333333333,28.0833333333333,28.0833333333333,28.1821358047641,28.1821358047641,28.1821358047641,24.0105546775469,24.0105546775469,24.0105546775469
HRAO,-25.89,27.687,1414.3,2018,11,20,1420,2018-11-20,0.0273676349167721,27.3676349167721,0.0277893662609565,27.7893662609565,0.0281499999999999,28.1499999999999,28.1499999999999,28.1499999999999,28.1499999999999,27.3676349167721,27.3676349167721,27.3676349167721,27.7893662609565,27.7893662609565,27.7893662609565
HRAO,-25.89,27.687,1414.3,2018,11,21,1421,2018-11-21,0.0145586251211733,14.5586251211733,0.0134139418222166,13.4139418222166,0.0112833333333333,11.2833333333333,11.2833333333333,11.2833333333333,11.2833333333333,14.5586251211733,14.5586251211733,14.5586251211733,13.4139418222166,13.4139418222166,13.4139418222166
HRAO,-25.89,27.687,1414.3,2018,11,22,1422,2018-11-22,0.0098557802504845,9.8557802504845,0.0076349865508014,7.6349865508014,0.0089083333333333,8.9083333333333,8.9083333333333,8.9083333333333,8.9083333333333,9.8557802504845,9.8557802504845,9.8557802504845,7.6349865508014,7.6349865508014,7.6349865508014
HRAO,-25.89,27.687,1414.3,2018,11,23,1423,2018-11-23,0.0186960175509383,18.6960175509383,0.0169075288002843,16.9075288002843,0.0186333333333333,18.6333333333333,18.6333333333333,18.6333333333333,18.6333333333333,18.6960175509383,18.6960175509383,18.6960175509383,16.9075288002843,16.9075288002843,16.9075288002843
HRAO,-25.89,27.687,1414.3,2018,11,24,1424,2018-11-24,0.0239609377404071,23.960937740407097,0.0212157371517349,21.2157371517349,0.0222625,22.2625,22.2625,22.2625,22.2625,23.960937740407097,23.960937740407097,23.960937740407097,21.2157371517349,21.2157371517349,21.2157371517349
HRAO,-25.89,27.687,1414.3,2018,11,25,1425,2018-11-25,0.0249066429550884,24.9066429550884,0.0231048464839177,23.1048464839177,0.0237208333333333,23.7208333333333,23.7208333333333,23.7208333333333,23.7208333333333,24.9066429550884,24.9066429550884,24.9066429550884,23.1048464839177,23.1048464839177,23.1048464839177
HRAO,-25.89,27.687,1414.3,2018,11,26,1426,2018-11-26,0.0264613874318603,26.4613874318603,0.0244856078156926,24.4856078156926,0.0256666666666666,25.6666666666666,25.6666666666666,25.6666666666666,25.6666666666666,26.4613874318603,26.4613874318603,26.4613874318603,24.4856078156926,24.4856078156926,24.4856078156926
HRAO,-25.89,27.687,1414.3,2018,11,27,1427,2018-11-27,0.0286894680244558,28.689468024455802,0.0242509774296953,24.2509774296953,0.0244999999999999,24.4999999999999,24.4999999999999,24.4999999999999,24.4999999999999,28.689468024455802,28.689468024455802,28.689468024455802,24.2509774296953,24.2509774296953,24.2509774296953
HRAO,-25.89,27.687,1414.3,2018,11,28,1428,2018-11-28,0.0188253471554662,18.8253471554662,0.0183406994842011,18.340699484201103,0.0163708333333333,16.370833333333298,16.370833333333298,16.370833333333298,16.370833333333298,18.8253471554662,18.8253471554662,18.8253471554662,18.340699484201103,18.340699484201103,18.340699484201103
HRAO,-25.89,27.687,1414.3,2018,11,29,1429,2018-11-29,0.0164312489970524,16.4312489970524,0.0158271290757585,15.8271290757585,0.0171708333333333,17.1708333333333,17.1708333333333,17.1708333333333,17.1708333333333,16.4312489970524,16.4312489970524,16.4312489970524,15.8271290757585,15.8271290757585,15.8271290757585
HRAO,-25.89,27.687,1414.3,2018,11,30,1430,2018-11-30,0.0166763530816431,16.6763530816431,0.0139591246123436,13.959124612343599,0.0147458333333333,14.7458333333333,14.7458333333333,14.7458333333333,14.7458333333333,16.6763530816431,16.6763530816431,16.6763530816431,13.959124612343599,13.959124612343599,13.959124612343599
HRAO,-25.89,27.687,1414.3,2018,12,1,1431,2018-12-01,0.0212385793048485,21.2385793048485,0.0197689473317818,19.7689473317818,0.02075,20.75,20.75,20.75,20.75,21.2385793048485,21.2385793048485,21.2385793048485,19.7689473317818,19.7689473317818,19.7689473317818
HRAO,-25.89,27.687,1414.3,2018,12,2,1432,2018-12-02,0.0203142430351615,20.3142430351615,0.0206578979779766,20.6578979779766,0.0216416666666666,21.6416666666666,21.6416666666666,21.6416666666666,21.6416666666666,20.3142430351615,20.3142430351615,20.3142430351615,20.6578979779766,20.6578979779766,20.6578979779766
HRAO,-25.89,27.687,1414.3,2018,12,3,1433,2018-12-03,0.0139359171754266,13.9359171754266,0.0144217191203032,14.4217191203032,0.0138208333333333,13.820833333333299,13.820833333333299,13.820833333333299,13.820833333333299,13.9359171754266,13.9359171754266,13.9359171754266,14.4217191203032,14.4217191203032,14.4217191203032
HRAO,-25.89,27.687,1414.3,2018,12,4,1434,2018-12-04,0.0103446703434143,10.3446703434143,0.0090911046089366,9.0911046089366,0.0091541666666666,9.154166666666601,9.154166666666601,9.154166666666601,9.154166666666601,10.3446703434143,10.3446703434143,10.3446703434143,9.0911046089366,9.0911046089366,9.0911046089366
HRAO,-25.89,27.687,1414.3,2018,12,5,1435,2018-12-05,0.0147289844456535,14.7289844456535,0.0122736315725471,12.2736315725471,0.0130916666666666,13.091666666666601,13.091666666666601,13.091666666666601,13.091666666666601,14.7289844456535,14.7289844456535,14.7289844456535,12.2736315725471,12.2736315725471,12.2736315725471
HRAO,-25.89,27.687,1414.3,2018,12,6,1436,2018-12-06,0.0256254518875779,25.6254518875779,0.0206714782695855,20.6714782695855,0.022175,22.175,22.175,22.175,22.175,25.6254518875779,25.6254518875779,25.6254518875779,20.6714782695855,20.6714782695855,20.6714782695855
HRAO,-25.89,27.687,1414.3,2018,12,7,1437,2018-12-07,0.0300588179245801,30.0588179245801,0.0269145599220783,26.9145599220783,0.0285916666666666,28.591666666666598,28.591666666666598,28.591666666666598,28.591666666666598,30.0588179245801,30.0588179245801,30.0588179245801,26.9145599220783,26.9145599220783,26.9145599220783
HRAO,-25.89,27.687,1414.3,2018,12,8,1438,2018-12-08,0.0276034371931667,27.603437193166698,0.0294503636545048,29.4503636545048,0.0297,29.7,29.7,29.7,29.7,27.603437193166698,27.603437193166698,27.603437193166698,29.4503636545048,29.4503636545048,29.4503636545048
HRAO,-25.89,27.687,1414.3,2018,12,9,1439,2018-12-09,0.0215795093119237,21.579509311923697,0.024719433713656,24.719433713656002,0.0259416666666666,25.9416666666666,25.9416666666666,25.9416666666666,25.9416666666666,21.579509311923697,21.579509311923697,21.579509311923697,24.719433713656002,24.719433713656002,24.719433713656002
HRAO,-25.89,27.687,1414.3,2018,12,10,1440,2018-12-10,0.0179047729701414,17.9047729701414,0.0185916165109982,18.5916165109982,0.0206916666666666,20.691666666666602,20.691666666666602,20.691666666666602,20.691666666666602,17.9047729701414,17.9047729701414,17.9047729701414,18.5916165109982,18.5916165109982,18.5916165109982
HRAO,-25.89,27.687,1414.3,2018,12,11,1441,2018-12-11,0.0167087749606954,16.7087749606954,0.0153862651556367,15.3862651556367,0.0158458333333333,15.8458333333333,15.8458333333333,15.8458333333333,15.8458333333333,16.7087749606954,16.7087749606954,16.7087749606954,15.3862651556367,15.3862651556367,15.3862651556367
HRAO,-25.89,27.687,1414.3,2018,12,12,1442,2018-12-12,0.0177078953981621,17.707895398162098,0.0159342779511507,15.9342779511507,0.0175708333333333,17.5708333333333,17.5708333333333,17.5708333333333,17.5708333333333,17.707895398162098,17.707895398162098,17.707895398162098,15.9342779511507,15.9342779511507,15.9342779511507
HRAO,-25.89,27.687,1414.3,2018,12,13,1443,2018-12-13,0.0172668310432115,17.2668310432115,0.0143824563213646,14.3824563213646,0.0157999999999999,15.799999999999901,15.799999999999901,15.799999999999901,15.799999999999901,17.2668310432115,17.2668310432115,17.2668310432115,14.3824563213646,14.3824563213646,14.3824563213646
HRAO,-25.89,27.687,1414.3,2018,12,14,1444,2018-12-14,0.0262207719214024,26.2207719214024,0.0229433737803162,22.9433737803162,0.0240166666666666,24.016666666666598,24.016666666666598,24.016666666666598,24.016666666666598,26.2207719214024,26.2207719214024,26.2207719214024,22.9433737803162,22.9433737803162,22.9433737803162
HRAO,-25.89,27.687,1414.3,2018,12,15,1445,2018-12-15,0.0260953908956028,26.0953908956028,0.0236247061006877,23.6247061006877,0.0257249999999999,25.724999999999902,25.724999999999902,25.724999999999902,25.724999999999902,26.0953908956028,26.0953908956028,26.0953908956028,23.6247061006877,23.6247061006877,23.6247061006877
HRAO,-25.89,27.687,1414.3,2018,12,16,1446,2018-12-16,0.0258658938590528,25.8658938590528,0.0222670475381162,22.2670475381162,0.0228291666666666,22.829166666666598,22.829166666666598,22.829166666666598,22.829166666666598,25.8658938590528,25.8658938590528,25.8658938590528,22.2670475381162,22.2670475381162,22.2670475381162
HRAO,-25.89,27.687,1414.3,2018,12,17,1447,2018-12-17,0.0265279050446732,26.5279050446732,0.0245940523022025,24.5940523022025,0.0239541666666666,23.954166666666598,23.954166666666598,23.954166666666598,23.954166666666598,26.5279050446732,26.5279050446732,26.5279050446732,24.5940523022025,24.5940523022025,24.5940523022025
HRAO,-25.89,27.687,1414.3,2018,12,18,1448,2018-12-18,0.0270424547708972,27.0424547708972,0.0270319683014989,27.0319683014989,0.0274874999999999,27.4874999999999,27.4874999999999,27.4874999999999,27.4874999999999,27.0424547708972,27.0424547708972,27.0424547708972,27.0319683014989,27.0319683014989,27.0319683014989
HRAO,-25.89,27.687,1414.3,2018,12,19,1449,2018-12-19,0.0249919066731235,24.9919066731235,0.0232421108840184,23.2421108840184,0.0231541666666666,23.1541666666666,23.1541666666666,23.1541666666666,23.1541666666666,24.9919066731235,24.9919066731235,24.9919066731235,23.2421108840184,23.2421108840184,23.2421108840184
HRAO,-25.89,27.687,1414.3,2018,12,20,1450,2018-12-20,0.023063225191648,23.063225191647998,0.0208059651698842,20.8059651698842,0.0241458333333333,24.1458333333333,24.1458333333333,24.1458333333333,24.1458333333333,23.063225191647998,23.063225191647998,23.063225191647998,20.8059651698842,20.8059651698842,20.8059651698842
HRAO,-25.89,27.687,1414.3,2018,12,21,1451,2018-12-21,0.0238305158383151,23.8305158383151,0.0217308811131022,21.730881113102203,0.02505,25.05,25.05,25.05,25.05,23.8305158383151,23.8305158383151,23.8305158383151,21.730881113102203,21.730881113102203,21.730881113102203
HRAO,-25.89,27.687,1414.3,2018,12,22,1452,2018-12-22,0.0277240330094856,27.7240330094856,0.0267205274888496,26.7205274888496,0.02855,28.55,28.55,28.55,28.55,27.7240330094856,27.7240330094856,27.7240330094856,26.7205274888496,26.7205274888496,26.7205274888496
HRAO,-25.89,27.687,1414.3,2018,12,23,1453,2018-12-23,0.0258995307501308,25.8995307501308,0.0235874636604396,23.5874636604396,0.0256,25.6,25.6,25.6,25.6,25.8995307501308,25.8995307501308,25.8995307501308,23.5874636604396,23.5874636604396,23.5874636604396
HRAO,-25.89,27.687,1414.3,2018,12,24,1454,2018-12-24,0.023486867983702,23.486867983702,0.0229548425203245,22.954842520324497,0.0231291666666666,23.1291666666666,23.1291666666666,23.1291666666666,23.1291666666666,23.486867983702,23.486867983702,23.486867983702,22.954842520324497,22.954842520324497,22.954842520324497
HRAO,-25.89,27.687,1414.3,2018,12,25,1455,2018-12-25,0.0235248546848402,23.5248546848402,0.0220067279558787,22.0067279558787,0.0220416666666666,22.041666666666597,22.041666666666597,22.041666666666597,22.041666666666597,23.5248546848402,23.5248546848402,23.5248546848402,22.0067279558787,22.0067279558787,22.0067279558787
HRAO,-25.89,27.687,1414.3,2018,12,26,1456,2018-12-26,0.0206686529503732,20.6686529503732,0.0195524055883475,19.5524055883475,0.0197583333333333,19.7583333333333,19.7583333333333,19.7583333333333,19.7583333333333,20.6686529503732,20.6686529503732,20.6686529503732,23.5874636604396,19.5524055883475,19.5524055883475
HRAO,-25.89,27.687,1414.3,2018,12,27,1457,2018-12-27,0.0275254140308072,27.525414030807198,0.024937776662348,24.937776662348,0.0266,26.599999999999998,26.599999999999998,26.599999999999998,26.599999999999998,27.525414030807198,27.525414030807198,27.525414030807198,24.937776662348,24.937776662348,24.937776662348
HRAO,-25.89,27.687,1414.3,2018,12,28,1458,2018-12-28,0.032137560973183,32.137560973183,0.0331913735175085,33.191373517508495,0.033075,33.075,33.075,33.075,33.075,32.137560973183,32.137560973183,32.137560973183,33.191373517508495,33.191373517508495,33.191373517508495
HRAO,-25.89,27.687,1414.3,2018,12,29,1459,2018-12-29,0.0346944452036952,34.694445203695196,0.033419335127785,33.419335127785,0.0330083333333333,33.0083333333333,33.0083333333333,33.0083333333333,33.0083333333333,34.694445203695196,34.694445203695196,34.694445203695196,33.419335127785,33.419335127785,33.419335127785
HRAO,-25.89,27.687,1414.3,2018,12,30,1460,2018-12-30,0.0359960966290193,35.9960966290193,0.034091283921271,34.091283921271,0.0346875,34.6875,33.0083333333333,34.6875,34.6875,35.9960966290193,35.9960966290193,35.9960966290193,34.091283921271,34.091283921271,34.091283921271
HRAO,-25.89,27.687,1414.3,2019,1,1,1462,2019-01-01,0.0378051307244289,37.8051307244289,0.0361329130525898,36.13291305258981,0.0356041666666666,35.6041666666666,35.6041666666666,35.6041666666666,35.6041666666666,37.8051307244289,37.8051307244289,37.8051307244289,33.191373517508495,36.13291305258981,36.13291305258981
HRAO,-25.89,27.687,1414.3,2019,1,2,1463,2019-01-02,0.0328162074213668,32.816207421366805,0.0301635977130177,30.1635977130177,0.0310708333333333,31.0708333333333,31.0708333333333,31.0708333333333,31.0708333333333,32.816207421366805,32.816207421366805,32.816207421366805,30.1635977130177,30.1635977130177,30.1635977130177
HRAO,-25.89,27.687,1414.3,2019,1,3,1464,2019-01-03,0.0301876652739717,30.1876652739717,0.0272112007842906,27.2112007842906,0.0272,27.2,27.2,27.2,27.2,30.1876652739717,30.1876652739717,30.1876652739717,27.2112007842906,27.2112007842906,27.2112007842906
HRAO,-25.89,27.687,1414.3,2019,1,4,1465,2019-01-04,0.0261887185430522,26.1887185430522,0.024197610141492,24.197610141492,0.0246416666666666,24.641666666666598,24.641666666666598,24.641666666666598,24.641666666666598,26.1887185430522,26.1887185430522,26.1887185430522,24.197610141492,24.197610141492,24.197610141492
HRAO,-25.89,27.687,1414.3,2019,1,5,1466,2019-01-05,0.026059490577364,26.059490577364002,0.0240914131415695,24.0914131415695,0.0261666666666666,26.166666666666597,26.166666666666597,26.166666666666597,26.166666666666597,26.059490577364002,26.059490577364002,26.059490577364002,24.0914131415695,24.0914131415695,24.0914131415695
HRAO,-25.89,27.687,1414.3,2019,1,6,1467,2019-01-06,0.0295916047517178,29.5916047517178,0.0252243418557175,25.2243418557175,0.0302083333333333,30.2083333333333,30.2083333333333,30.2083333333333,30.2083333333333,29.5916047517178,29.5916047517178,29.5916047517178,25.2243418557175,25.2243418557175,25.2243418557175
HRAO,-25.89,27.687,1414.3,2019,1,7,1468,2019-01-07,0.0299543213170598,29.9543213170598,0.0296197376484311,29.6197376484311,0.0300416666666666,30.041666666666597,30.041666666666597,30.041666666666597,30.041666666666597,29.9543213170598,29.9543213170598,29.9543213170598,29.6197376484311,29.6197376484311,29.6197376484311
HRAO,-25.89,27.687,1414.3,2019,1,8,1469,2019-01-08,0.0265929011350365,26.592901135036502,0.0271460264656528,27.146026465652803,0.0301708333333333,30.1708333333333,30.1708333333333,30.1708333333333,30.1708333333333,26.592901135036502,26.592901135036502,26.592901135036502,27.146026465652803,27.146026465652803,27.146026465652803
HRAO,-25.89,27.687,1414.3,2019,1,9,1470,2019-01-09,0.0255384277731222,25.5384277731222,0.0230663078057532,23.0663078057532,0.024525,24.525000000000002,24.525000000000002,24.525000000000002,24.525000000000002,25.5384277731222,25.5384277731222,25.5384277731222,23.0663078057532,23.0663078057532,23.0663078057532
HRAO,-25.89,27.687,1414.3,2019,1,10,1471,2019-01-10,0.0282436788419024,28.2436788419024,0.0273576222978319,27.3576222978319,0.0306083333333333,30.6083333333333,30.6083333333333,30.6083333333333,30.6083333333333,28.2436788419024,28.2436788419024,28.2436788419024,27.3576222978319,27.3576222978319,27.3576222978319
HRAO,-25.89,27.687,1414.3,2019,1,11,1472,2019-01-11,0.0257837008200362,25.7837008200362,0.0241902278511074,24.1902278511074,0.0255166666666666,25.5166666666666,25.5166666666666,25.5166666666666,25.5166666666666,25.7837008200362,25.7837008200362,25.7837008200362,24.1902278511074,24.1902278511074,24.1902278511074
HRAO,-25.89,27.687,1414.3,2019,1,12,1473,2019-01-12,0.0295442308692888,29.5442308692888,0.0239400861546989,23.9400861546989,0.0246291666666666,24.629166666666602,24.629166666666602,24.629166666666602,24.629166666666602,29.5442308692888,29.5442308692888,29.5442308692888,23.9400861546989,23.9400861546989,23.9400861546989
HRAO,-25.89,27.687,1414.3,2019,1,13,1474,2019-01-13,0.0313845327266844,31.384532726684398,0.0264258505419377,26.4258505419377,0.0264541666666666,26.4541666666666,26.4541666666666,26.4541666666666,26.4541666666666,31.384532726684398,31.384532726684398,31.384532726684398,26.4258505419377,26.4258505419377,26.4258505419377
HRAO,-25.89,27.687,1414.3,2019,1,14,1475,2019-01-14,0.0340052333623691,34.005233362369104,0.0308624368991942,30.862436899194197,0.030325,30.325000000000003,30.325000000000003,30.325000000000003,30.325000000000003,28.1226396371595,34.005233362369104,34.005233362369104,30.862436899194197,30.862436899194197,30.862436899194197
HRAO,-25.89,27.687,1414.3,2019,1,15,1476,2019-01-15,0.0278957943276882,27.8957943276882,0.027763858739176,27.763858739176,0.0281875,28.1875,28.1875,28.1875,28.1875,27.8957943276882,27.8957943276882,27.8957943276882,27.763858739176,27.763858739176,27.763858739176
HRAO,-25.89,27.687,1414.3,2019,1,16,1477,2019-01-16,0.0281226396371595,28.1226396371595,0.0260136188494257,26.013618849425697,0.0265958333333333,26.5958333333333,26.5958333333333,26.5958333333333,26.5958333333333,28.1226396371595,28.1226396371595,28.1226396371595,26.013618849425697,26.013618849425697,26.013618849425697
HRAO,-25.89,27.687,1414.3,2019,1,17,1478,2019-01-17,0.0260737282483786,26.0737282483786,0.0275193595228248,27.5193595228248,0.0302625,30.262500000000003,30.262500000000003,30.262500000000003,30.262500000000003,26.0737282483786,26.0737282483786,26.0737282483786,27.5193595228248,27.5193595228248,27.5193595228248
HRAO,-25.89,27.687,1414.3,2019,1,18,1479,2019-01-18,0.026562470642504,26.562470642504,0.0245616137916265,24.5616137916265,0.0277958333333333,27.795833333333302,27.795833333333302,27.795833333333302,27.795833333333302,26.562470642504,26.562470642504,26.562470642504,24.5616137916265,24.5616137916265,24.5616137916265
HRAO,-25.89,27.687,1414.3,2019,1,19,1480,2019-01-19,0.0229981864430072,22.9981864430072,0.0187336592147899,18.733659214789903,0.0177708333333333,17.7708333333333,17.7708333333333,17.7708333333333,17.7708333333333,22.9981864430072,22.9981864430072,22.9981864430072,18.733659214789903,18.733659214789903,18.733659214789903
HRAO,-25.89,27.687,1414.3,2019,1,20,1481,2019-01-20,0.0172997901789516,17.2997901789516,0.0171072648607362,17.1072648607362,0.0171,17.1,17.1,17.1,17.1,22.9981864430072,17.2997901789516,17.2997901789516,17.1072648607362,17.1072648607362,17.1072648607362
HRAO,-25.89,27.687,1414.3,2019,1,21,1482,2019-01-21,0.012699146395627,12.699146395627,0.0115585958696514,11.558595869651398,0.0121375,12.137500000000001,17.7708333333333,12.137500000000001,12.137500000000001,22.9981864430072,12.699146395627,12.699146395627,11.558595869651398,11.558595869651398,11.558595869651398
HRAO,-25.89,27.687,1414.3,2019,1,22,1483,2019-01-22,0.0146970462573675,14.6970462573675,0.0132097040999139,13.2097040999139,0.0143208333333333,14.3208333333333,17.7708333333333,14.3208333333333,14.3208333333333,22.9981864430072,14.6970462573675,14.6970462573675,18.733659214789903,13.2097040999139,13.2097040999139
HRAO,-25.89,27.687,1414.3,2019,1,23,1484,2019-01-23,0.0230885451074984,23.0885451074984,0.0194168589282889,19.4168589282889,0.0224,22.4,22.4,22.4,22.4,23.0885451074984,23.0885451074984,23.0885451074984,19.4168589282889,19.4168589282889,19.4168589282889
HRAO,-25.89,27.687,1414.3,2019,1,24,1485,2019-01-24,0.0267815482929788,26.7815482929788,0.0228435857713639,22.843585771363898,0.0244541666666666,24.454166666666598,24.454166666666598,24.454166666666598,24.454166666666598,26.7815482929788,26.7815482929788,26.7815482929788,22.843585771363898,22.843585771363898,22.843585771363898
HRAO,-25.89,27.687,1414.3,2019,1,25,1486,2019-01-25,0.0257916079259986,25.791607925998598,0.0240604782199756,24.0604782199756,0.0263625,26.3625,26.3625,26.3625,26.3625,25.791607925998598,25.791607925998598,25.791607925998598,24.0604782199756,24.0604782199756,24.0604782199756
HRAO,-25.89,27.687,1414.3,2019,1,26,1487,2019-01-26,0.0262352037587937,26.2352037587937,0.0270141091142977,27.0141091142977,0.0294791666666666,29.4791666666666,29.4791666666666,29.4791666666666,29.4791666666666,26.2352037587937,26.2352037587937,26.2352037587937,27.0141091142977,27.0141091142977,27.0141091142977
HRAO,-25.89,27.687,1414.3,2019,1,27,1488,2019-01-27,0.0276702843255605,27.670284325560498,0.0264176405466441,26.4176405466441,0.0285916666666666,28.591666666666598,28.591666666666598,28.591666666666598,28.591666666666598,27.670284325560498,27.670284325560498,27.670284325560498,26.4176405466441,26.4176405466441,26.4176405466441
HRAO,-25.89,27.687,1414.3,2019,1,28,1489,2019-01-28,0.0243524649917702,24.3524649917702,0.0234684919651182,23.4684919651182,0.0229333333333333,22.933333333333298,22.933333333333298,22.933333333333298,22.933333333333298,24.3524649917702,24.3524649917702,24.3524649917702,23.4684919651182,23.4684919651182,23.4684919651182
HRAO,-25.89,27.687,1414.3,2019,1,29,1490,2019-01-29,0.0247690091790565,24.7690091790565,0.0214339529685797,21.433952968579703,0.0221833333333333,22.1833333333333,22.1833333333333,22.1833333333333,22.1833333333333,24.7690091790565,24.7690091790565,24.7690091790565,21.433952968579703,21.433952968579703,21.433952968579703
HRAO,-25.89,27.687,1414.3,2019,1,30,1491,2019-01-30,0.0269656247294334,26.9656247294334,0.0269775844569555,26.9775844569555,0.0269416666666666,26.9416666666666,26.9416666666666,26.9416666666666,26.9416666666666,26.9656247294334,26.9656247294334,26.9656247294334,26.9775844569555,26.9775844569555,26.9775844569555
HRAO,-25.89,27.687,1414.3,2019,2,2,1494,2019-02-02,0.0308362249763551,30.8362249763551,0.0329625630227908,32.962563022790796,0.03265,32.65,32.65,32.65,32.65,30.8362249763551,30.8362249763551,30.8362249763551,32.962563022790796,32.962563022790796,32.962563022790796
HRAO,-25.89,27.687,1414.3,2019,2,3,1495,2019-02-03,0.0334855457872686,33.485545787268606,0.0304047261573841,30.404726157384097,0.032925,32.925000000000004,32.925000000000004,32.925000000000004,32.925000000000004,33.485545787268606,33.485545787268606,33.485545787268606,30.404726157384097,30.404726157384097,30.404726157384097
HRAO,-25.89,27.687,1414.3,2019,2,4,1496,2019-02-04,0.0260730015262767,26.073001526276702,0.0231512757959296,23.1512757959296,0.0234708333333333,23.4708333333333,23.4708333333333,23.4708333333333,23.4708333333333,26.073001526276702,26.073001526276702,26.073001526276702,23.1512757959296,23.1512757959296,23.1512757959296
HRAO,-25.89,27.687,1414.3,2019,2,5,1497,2019-02-05,0.025436680942432,25.436680942432,0.0238826706308832,23.8826706308832,0.0248749999999999,24.8749999999999,24.8749999999999,24.8749999999999,24.8749999999999,25.436680942432,25.436680942432,25.436680942432,23.8826706308832,23.8826706308832,23.8826706308832
HRAO,-25.89,27.687,1414.3,2019,2,6,1498,2019-02-06,0.0302382202530437,30.2382202530437,0.0295209028282581,29.520902828258098,0.0289875,28.9875,28.9875,28.9875,28.9875,30.2382202530437,30.2382202530437,30.2382202530437,29.520902828258098,29.520902828258098,29.520902828258098
HRAO,-25.89,27.687,1414.3,2019,2,7,1499,2019-02-07,0.0308783416319981,30.8783416319981,0.0275422748242205,27.5422748242205,0.0270041666666666,27.0041666666666,27.0041666666666,27.0041666666666,27.0041666666666,30.8783416319981,30.8783416319981,30.8783416319981,27.5422748242205,27.5422748242205,27.5422748242205
HRAO,-25.89,27.687,1414.3,2019,2,8,1500,2019-02-08,0.0310931533140151,31.0931533140151,0.0288382397273265,28.8382397273265,0.0286125,28.6125,28.6125,28.6125,28.6125,31.0931533140151,31.0931533140151,31.0931533140151,28.8382397273265,28.8382397273265,28.8382397273265
HRAO,-25.89,27.687,1414.3,2019,2,9,1501,2019-02-09,0.0313571687494657,31.357168749465703,0.0275821818067068,27.5821818067068,0.0283125,28.3125,28.3125,28.3125,28.3125,31.357168749465703,31.357168749465703,31.357168749465703,27.5821818067068,27.5821818067068,27.5821818067068
HRAO,-25.89,27.687,1414.3,2019,2,10,1502,2019-02-10,0.0340524670042719,34.0524670042719,0.0314669732288792,31.4669732288792,0.0303874999999999,30.3874999999999,30.3874999999999,30.3874999999999,30.3874999999999,34.0524670042719,34.0524670042719,34.0524670042719,31.4669732288792,31.4669732288792,31.4669732288792
HRAO,-25.89,27.687,1414.3,2019,2,11,1503,2019-02-11,0.0365066239234861,36.5066239234861,0.0331855283753074,33.1855283753074,0.0340458333333333,34.045833333333306,34.045833333333306,34.045833333333306,34.045833333333306,36.5066239234861,36.5066239234861,36.5066239234861,33.1855283753074,33.1855283753074,33.1855283753074
HRAO,-25.89,27.687,1414.3,2019,2,12,1504,2019-02-12,0.0371519812739588,37.1519812739588,0.0353431813494267,35.3431813494267,0.0352291666666666,35.2291666666666,35.2291666666666,35.2291666666666,35.2291666666666,37.1519812739588,37.1519812739588,37.1519812739588,35.3431813494267,35.3431813494267,35.3431813494267
HRAO,-25.89,27.687,1414.3,2019,2,13,1505,2019-02-13,0.0379105769732933,37.9105769732933,0.0362946425555448,36.2946425555448,0.0374666666666666,37.4666666666666,37.4666666666666,37.4666666666666,37.4666666666666,37.9105769732933,37.9105769732933,37.9105769732933,36.2946425555448,36.2946425555448,36.2946425555448
HRAO,-25.89,27.687,1414.3,2019,2,14,1506,2019-02-14,0.0403845880403663,40.3845880403663,0.0385976696777041,38.597669677704104,0.0396208333333333,39.6208333333333,39.6208333333333,39.6208333333333,39.6208333333333,40.3845880403663,40.3845880403663,40.3845880403663,38.597669677704104,38.597669677704104,38.597669677704104
HRAO,-25.89,27.687,1414.3,2019,2,15,1507,2019-02-15,0.0389955574753999,38.9955574753999,0.036947190559497,36.947190559497,0.0368125,36.8125,36.8125,36.8125,36.8125,38.9955574753999,38.9955574753999,38.9955574753999,36.947190559497,36.947190559497,36.947190559497
HRAO,-25.89,27.687,1414.3,2019,2,16,1508,2019-02-16,0.0327343481857609,32.7343481857609,0.0331309465896638,33.1309465896638,0.0330916666666666,33.091666666666605,33.091666666666605,33.091666666666605,33.091666666666605,32.7343481857609,32.7343481857609,32.7343481857609,33.1309465896638,33.1309465896638,33.1309465896638
HRAO,-25.89,27.687,1414.3,2019,2,17,1509,2019-02-17,0.018268605063172,18.268605063172,0.0160727940108569,16.0727940108569,0.0169,16.9,16.9,16.9,16.9,18.268605063172,18.268605063172,18.268605063172,16.0727940108569,16.0727940108569,16.0727940108569
HRAO,-25.89,27.687,1414.3,2019,2,18,1510,2019-02-18,0.015339229512822,15.339229512822,0.0154207266422663,15.4207266422663,0.0161958333333333,16.1958333333333,16.1958333333333,16.1958333333333,16.1958333333333,15.339229512822,15.339229512822,15.339229512822,15.4207266422663,15.4207266422663,15.4207266422663
HRAO,-25.89,27.687,1414.3,2019,2,19,1511,2019-02-19,0.0177392414385379,17.7392414385379,0.0148257391079292,14.8257391079292,0.0167333333333333,16.733333333333302,16.733333333333302,16.733333333333302,16.733333333333302,17.7392414385379,17.7392414385379,17.7392414385379,14.8257391079292,14.8257391079292,14.8257391079292
HRAO,-25.89,27.687,1414.3,2019,2,20,1512,2019-02-20,0.0191764682247517,19.176468224751698,0.0192563321983882,19.2563321983882,0.0201916666666666,20.191666666666602,20.191666666666602,20.191666666666602,20.191666666666602,19.176468224751698,19.176468224751698,19.176468224751698,19.2563321983882,19.2563321983882,19.2563321983882
HRAO,-25.89,27.687,1414.3,2019,2,21,1513,2019-02-21,0.0216027552921871,21.602755292187098,0.0195422295293005,19.5422295293005,0.0204208333333333,20.420833333333302,20.420833333333302,20.420833333333302,20.420833333333302,21.602755292187098,21.602755292187098,21.602755292187098,19.5422295293005,19.5422295293005,19.5422295293005
HRAO,-25.89,27.687,1414.3,2019,2,22,1514,2019-02-22,0.0270830085771266,27.0830085771266,0.025126760311081,25.126760311081,0.0273166666666666,27.3166666666666,27.3166666666666,27.3166666666666,27.3166666666666,27.0830085771266,27.0830085771266,27.0830085771266,25.126760311081,25.126760311081,25.126760311081
HRAO,-25.89,27.687,1414.3,2019,2,23,1515,2019-02-23,0.0246446386285258,24.6446386285258,0.0245859182817209,24.585918281720897,0.0244208333333333,24.420833333333302,24.420833333333302,24.420833333333302,24.420833333333302,24.6446386285258,24.6446386285258,24.6446386285258,24.585918281720897,24.585918281720897,24.585918281720897
HRAO,-25.89,27.687,1414.3,2019,2,24,1516,2019-02-24,0.0154490416476557,15.4490416476557,0.0180062769611402,18.006276961140202,0.0173416666666666,17.341666666666598,17.341666666666598,17.341666666666598,17.341666666666598,15.4490416476557,15.4490416476557,15.4490416476557,18.006276961140202,18.006276961140202,18.006276961140202
HRAO,-25.89,27.687,1414.3,2019,2,25,1517,2019-02-25,0.020677448580656,20.677448580656,0.0230215956150075,23.0215956150075,0.0254125,25.4125,25.4125,25.4125,25.4125,20.677448580656,20.677448580656,20.677448580656,23.0215956150075,23.0215956150075,23.0215956150075
HRAO,-25.89,27.687,1414.3,2019,2,26,1518,2019-02-26,0.0210305158457588,21.0305158457588,0.0186421579570643,18.6421579570643,0.0186875,18.6875,18.6875,18.6875,18.6875,21.0305158457588,21.0305158457588,21.0305158457588,18.6421579570643,18.6421579570643,18.6421579570643
HRAO,-25.89,27.687,1414.3,2019,2,27,1519,2019-02-27,0.0178134531321847,17.8134531321847,0.0165373944954754,16.5373944954754,0.0159166666666666,15.9166666666666,15.9166666666666,15.9166666666666,15.9166666666666,17.8134531321847,17.8134531321847,17.8134531321847,16.5373944954754,16.5373944954754,16.5373944954754
HRAO,-25.89,27.687,1414.3,2019,2,28,1520,2019-02-28,0.0145332185403867,14.533218540386699,0.0150487873265948,15.0487873265948,0.0149708333333333,14.9708333333333,14.9708333333333,14.9708333333333,14.9708333333333,14.533218540386699,14.533218540386699,14.533218540386699,15.0487873265948,15.0487873265948,15.0487873265948
HRAO,-25.89,27.687,1414.3,2019,3,1,1521,2019-03-01,0.0165869140660338,16.586914066033803,0.0138664270230519,13.8664270230519,0.0148041666666666,14.8041666666666,14.8041666666666,14.8041666666666,14.8041666666666,16.586914066033803,16.586914066033803,16.586914066033803,13.8664270230519,13.8664270230519,13.8664270230519
HRAO,-25.89,27.687,1414.3,2019,3,2,1522,2019-03-02,0.0255368052077813,25.5368052077813,0.0228054261176927,22.8054261176927,0.0249416666666666,24.941666666666602,24.941666666666602,24.941666666666602,24.941666666666602,25.5368052077813,25.5368052077813,25.5368052077813,22.8054261176927,22.8054261176927,22.8054261176927
HRAO,-25.89,27.687,1414.3,2019,3,3,1523,2019-03-03,0.0221779547847109,22.1779547847109,0.0202934706228369,20.2934706228369,0.020075,20.075,20.075,20.075,20.075,22.1779547847109,22.1779547847109,22.1779547847109,20.2934706228369,20.2934706228369,20.2934706228369
HRAO,-25.89,27.687,1414.3,2019,3,4,1524,2019-03-04,0.0231905817208121,23.190581720812098,0.0208331195347865,20.8331195347865,0.0213333333333333,21.3333333333333,21.3333333333333,21.3333333333333,21.3333333333333,23.190581720812098,23.190581720812098,23.190581720812098,20.8331195347865,20.8331195347865,20.8331195347865
HRAO,-25.89,27.687,1414.3,2019,3,5,1525,2019-03-05,0.0287582131734082,28.758213173408198,0.0249475939515506,24.947593951550598,0.02655,26.55,26.55,26.55,26.55,28.758213173408198,28.758213173408198,28.758213173408198,24.947593951550598,24.947593951550598,24.947593951550598
HRAO,-25.89,27.687,1414.3,2019,3,6,1526,2019-03-06,0.0314700543663868,31.4700543663868,0.0289045918400319,28.904591840031898,0.0282708333333333,28.2708333333333,28.2708333333333,28.2708333333333,28.2708333333333,31.4700543663868,31.4700543663868,31.4700543663868,28.904591840031898,28.904591840031898,28.904591840031898
HRAO,-25.89,27.687,1414.3,2019,3,7,1527,2019-03-07,0.0291632148443448,29.1632148443448,0.0274319484124448,27.4319484124448,0.0270166666666666,27.016666666666598,27.016666666666598,27.016666666666598,27.016666666666598,29.1632148443448,29.1632148443448,29.1632148443448,27.4319484124448,27.4319484124448,27.4319484124448
HRAO,-25.89,27.687,1414.3,2019,3,8,1528,2019-03-08,0.0330212978863621,33.0212978863621,0.0300759748304696,30.0759748304696,0.0316166666666666,31.6166666666666,28.0833333333333,31.6166666666666,31.6166666666666,33.0212978863621,33.0212978863621,33.0212978863621,30.0759748304696,30.0759748304696,30.0759748304696
HRAO,-25.89,27.687,1414.3,2019,3,9,1529,2019-03-09,0.0302972823992305,30.2972823992305,0.0279089246394718,27.9089246394718,0.0280833333333333,28.0833333333333,28.0833333333333,28.0833333333333,28.0833333333333,30.2972823992305,30.2972823992305,30.2972823992305,27.9089246394718,27.9089246394718,27.9089246394718
HRAO,-25.89,27.687,1414.3,2019,3,10,1530,2019-03-10,0.0305339292513501,30.5339292513501,0.0256417324430489,25.6417324430489,0.0271416666666666,27.141666666666598,27.141666666666598,27.141666666666598,27.141666666666598,30.5339292513501,30.5339292513501,30.5339292513501,25.6417324430489,25.6417324430489,25.6417324430489
HRAO,-25.89,27.687,1414.3,2019,3,11,1531,2019-03-11,0.032056051508015,32.056051508015,0.0319375752159665,31.937575215966497,0.0323208333333333,32.3208333333333,32.3208333333333,32.3208333333333,32.3208333333333,30.2972823992305,32.056051508015,32.056051508015,31.937575215966497,31.937575215966497,31.937575215966497
HRAO,-25.89,27.687,1414.3,2019,3,12,1532,2019-03-12,0.0273515201365431,27.3515201365431,0.0264245359875448,26.424535987544797,0.0270416666666666,27.0416666666666,27.0416666666666,27.0416666666666,27.0416666666666,27.3515201365431,27.3515201365431,27.3515201365431,26.424535987544797,26.424535987544797,26.424535987544797
HRAO,-25.89,27.687,1414.3,2019,3,13,1533,2019-03-13,0.0233145230087443,23.3145230087443,0.0218649979194195,21.8649979194195,0.0217375,21.7375,21.7375,21.7375,21.7375,23.3145230087443,23.3145230087443,23.3145230087443,21.8649979194195,21.8649979194195,21.8649979194195
HRAO,-25.89,27.687,1414.3,2019,3,14,1534,2019-03-14,0.0187429836670581,18.742983667058102,0.0184736280722203,18.4736280722203,0.0175375,17.5375,17.5375,17.5375,17.5375,18.742983667058102,18.742983667058102,18.742983667058102,18.4736280722203,18.4736280722203,18.4736280722203
HRAO,-25.89,27.687,1414.3,2019,3,15,1535,2019-03-15,0.016137565307898,16.137565307897997,0.0140288660129636,14.0288660129636,0.0147875,14.7875,14.7875,14.7875,14.7875,16.137565307897997,16.137565307897997,16.137565307897997,14.0288660129636,14.0288660129636,14.0288660129636
HRAO,-25.89,27.687,1414.3,2019,3,16,1536,2019-03-16,0.0209213997105807,20.921399710580697,0.0206502956722943,20.6502956722943,0.0206708333333333,20.670833333333302,20.670833333333302,20.670833333333302,20.670833333333302,20.921399710580697,20.921399710580697,20.921399710580697,20.6502956722943,20.6502956722943,20.6502956722943
HRAO,-25.89,27.687,1414.3,2019,3,17,1537,2019-03-17,0.0247834801474166,24.7834801474166,0.024286046873757,24.286046873756998,0.0249916666666666,24.9916666666666,24.9916666666666,24.9916666666666,24.9916666666666,24.7834801474166,24.7834801474166,24.7834801474166,24.286046873756998,24.286046873756998,24.286046873756998
HRAO,-25.89,27.687,1414.3,2019,3,18,1538,2019-03-18,0.0255157914958114,25.5157914958114,0.0252560180223959,25.2560180223959,0.0244333333333333,24.4333333333333,24.4333333333333,24.4333333333333,24.4333333333333,25.5157914958114,25.5157914958114,25.5157914958114,25.2560180223959,25.2560180223959,25.2560180223959
HRAO,-25.89,27.687,1414.3,2019,3,19,1539,2019-03-19,0.0211039869868045,21.1039869868045,0.0195325143697479,19.5325143697479,0.0204791666666666,20.4791666666666,20.4791666666666,20.4791666666666,20.4791666666666,21.1039869868045,21.1039869868045,21.1039869868045,19.5325143697479,19.5325143697479,19.5325143697479
HRAO,-25.89,27.687,1414.3,2019,3,20,1540,2019-03-20,0.0180542728889785,18.054272888978502,0.0189819873946617,18.9819873946617,0.0202041666666666,20.204166666666598,20.204166666666598,20.204166666666598,20.204166666666598,18.054272888978502,18.054272888978502,18.054272888978502,18.9819873946617,18.9819873946617,18.9819873946617
HRAO,-25.89,27.687,1414.3,2019,3,21,1541,2019-03-21,0.0153873635431586,15.387363543158601,0.0155865379627556,15.5865379627556,0.0163916666666666,16.391666666666598,16.391666666666598,16.391666666666598,16.391666666666598,15.387363543158601,15.387363543158601,15.387363543158601,15.5865379627556,15.5865379627556,15.5865379627556
HRAO,-25.89,27.687,1414.3,2019,3,22,1542,2019-03-22,0.0240828258043377,24.0828258043377,0.0222934408569615,22.2934408569615,0.0229208333333333,22.9208333333333,22.9208333333333,22.9208333333333,22.9208333333333,24.0828258043377,24.0828258043377,24.0828258043377,22.2934408569615,22.2934408569615,22.2934408569615
HRAO,-25.89,27.687,1414.3,2019,3,23,1543,2019-03-23,0.0265929947340973,26.5929947340973,0.0249038477830814,24.903847783081403,0.0255583333333333,25.5583333333333,25.5583333333333,25.5583333333333,25.5583333333333,26.5929947340973,26.5929947340973,26.5929947340973,24.903847783081403,24.903847783081403,24.903847783081403
HRAO,-25.89,27.687,1414.3,2019,3,24,1544,2019-03-24,0.0262569603935126,26.2569603935126,0.0262424672627387,26.2424672627387,0.0267125,26.7125,26.7125,26.7125,26.7125,26.2569603935126,26.2569603935126,26.2569603935126,26.2424672627387,26.2424672627387,26.2424672627387
HRAO,-25.89,27.687,1414.3,2019,3,25,1545,2019-03-25,0.0247325863832534,24.7325863832534,0.0228345507808995,22.8345507808995,0.0226541666666666,22.6541666666666,22.6541666666666,22.6541666666666,22.6541666666666,24.7325863832534,24.7325863832534,24.7325863832534,22.8345507808995,22.8345507808995,22.8345507808995
HRAO,-25.89,27.687,1414.3,2019,3,26,1546,2019-03-26,0.023088401877599,23.088401877598997,0.0213232448739645,21.323244873964498,0.0207125,20.7125,20.7125,20.7125,20.7125,23.088401877598997,23.088401877598997,23.088401877598997,21.323244873964498,21.323244873964498,21.323244873964498
HRAO,-25.89,27.687,1414.3,2019,3,27,1547,2019-03-27,0.0246891645243043,24.6891645243043,0.0224173186096435,22.4173186096435,0.0235583333333333,23.558333333333298,23.558333333333298,23.558333333333298,23.558333333333298,24.6891645243043,24.6891645243043,24.6891645243043,22.4173186096435,22.4173186096435,22.4173186096435
HRAO,-25.89,27.687,1414.3,2019,3,28,1548,2019-03-28,0.0238802467902703,23.880246790270302,0.0243517092243578,24.351709224357798,0.0254749999999999,25.474999999999902,25.474999999999902,25.474999999999902,25.474999999999902,23.880246790270302,23.880246790270302,23.880246790270302,24.351709224357798,24.351709224357798,24.351709224357798
HRAO,-25.89,27.687,1414.3,2019,3,29,1549,2019-03-29,0.0210580900977905,21.0580900977905,0.0188951733472738,18.8951733472738,0.0208125,20.8125,20.8125,20.8125,20.8125,21.0580900977905,21.0580900977905,21.0580900977905,18.8951733472738,18.8951733472738,18.8951733472738
HRAO,-25.89,27.687,1414.3,2019,3,30,1550,2019-03-30,0.0220849313464173,22.0849313464173,0.0210386254900857,21.0386254900857,0.0222916666666666,22.2916666666666,22.2916666666666,22.2916666666666,22.2916666666666,22.0849313464173,22.0849313464173,22.0849313464173,21.0386254900857,21.0386254900857,21.0386254900857
HRAO,-25.89,27.687,1414.3,2019,4,1,1552,2019-04-01,0.0300124859706571,30.0124859706571,0.0285260996922075,28.5260996922075,0.0295083333333333,29.5083333333333,29.5083333333333,29.5083333333333,29.5083333333333,30.0124859706571,30.0124859706571,30.0124859706571,28.5260996922075,28.5260996922075,28.5260996922075
HRAO,-25.89,27.687,1414.3,2019,4,2,1553,2019-04-02,0.0281950886706518,28.195088670651803,0.0257831240745935,25.7831240745935,0.0261458333333333,26.1458333333333,26.1458333333333,26.1458333333333,26.1458333333333,28.195088670651803,28.195088670651803,28.195088670651803,25.7831240745935,25.7831240745935,25.7831240745935
HRAO,-25.89,27.687,1414.3,2019,4,3,1554,2019-04-03,0.0232213145356811,23.2213145356811,0.0223440988767152,22.3440988767152,0.0228208333333333,22.8208333333333,22.8208333333333,22.8208333333333,22.8208333333333,23.2213145356811,23.2213145356811,23.2213145356811,22.3440988767152,22.3440988767152,22.3440988767152
HRAO,-25.89,27.687,1414.3,2019,4,4,1555,2019-04-04,0.0248482079414356,24.8482079414356,0.0250539132163572,25.0539132163572,0.0259125,25.9125,25.9125,25.9125,25.9125,24.8482079414356,24.8482079414356,24.8482079414356,25.0539132163572,25.0539132163572,25.0539132163572
HRAO,-25.89,27.687,1414.3,2019,4,5,1556,2019-04-05,0.0255440754546664,25.5440754546664,0.0275067265279215,27.5067265279215,0.0265916666666666,26.5916666666666,26.5916666666666,26.5916666666666,26.5916666666666,25.5440754546664,25.5440754546664,25.5440754546664,22.771540800426997,27.5067265279215,27.5067265279215
HRAO,-25.89,27.687,1414.3,2019,4,6,1557,2019-04-06,0.0227832257099796,22.7832257099796,0.0214431531584858,21.4431531584858,0.0218666666666666,21.8666666666666,21.8666666666666,21.8666666666666,21.8666666666666,22.7832257099796,22.7832257099796,22.7832257099796,21.4431531584858,21.4431531584858,21.4431531584858
HRAO,-25.89,27.687,1414.3,2019,4,7,1558,2019-04-07,0.0258973007598345,25.8973007598345,0.0225415040665482,22.5415040665482,0.0242375,24.237499999999997,24.237499999999997,24.237499999999997,24.237499999999997,25.8973007598345,25.8973007598345,25.8973007598345,22.5415040665482,22.5415040665482,22.5415040665482
HRAO,-25.89,27.687,1414.3,2019,4,8,1559,2019-04-08,0.0238397365742372,23.8397365742372,0.022771540800427,22.771540800426997,0.0224791666666666,22.4791666666666,22.4791666666666,22.4791666666666,22.4791666666666,23.8397365742372,23.8397365742372,23.8397365742372,22.771540800426997,22.771540800426997,22.771540800426997
HRAO,-25.89,27.687,1414.3,2019,4,9,1560,2019-04-09,0.0211405894570976,21.1405894570976,0.0200162068606092,20.0162068606092,0.02235,22.349999999999998,22.349999999999998,22.349999999999998,22.349999999999998,21.1405894570976,21.1405894570976,21.1405894570976,20.0162068606092,20.0162068606092,20.0162068606092
HRAO,-25.89,27.687,1414.3,2019,4,10,1561,2019-04-10,0.0210966118488375,21.0966118488375,0.0217302537309129,21.7302537309129,0.0240333333333333,24.0333333333333,24.0333333333333,24.0333333333333,24.0333333333333,21.0966118488375,21.0966118488375,21.0966118488375,21.7302537309129,21.7302537309129,21.7302537309129
HRAO,-25.89,27.687,1414.3,2019,4,11,1562,2019-04-11,0.0229315234264171,22.931523426417098,0.0219516210094795,21.951621009479503,0.0232374999999999,23.2374999999999,23.2374999999999,23.2374999999999,23.2374999999999,22.931523426417098,22.931523426417098,22.931523426417098,21.951621009479503,21.951621009479503,21.951621009479503
HRAO,-25.89,27.687,1414.3,2019,4,12,1563,2019-04-12,0.0235216349265463,23.5216349265463,0.0249198738024296,24.9198738024296,0.0249791666666666,24.9791666666666,24.9791666666666,24.9791666666666,24.9791666666666,23.5216349265463,23.5216349265463,23.5216349265463,24.9198738024296,24.9198738024296,24.9198738024296
HRAO,-25.89,27.687,1414.3,2019,4,13,1564,2019-04-13,0.0209660117707605,20.9660117707605,0.0189996334448937,18.9996334448937,0.0195375,19.537499999999998,19.537499999999998,19.537499999999998,19.537499999999998,20.9660117707605,20.9660117707605,20.9660117707605,18.9996334448937,18.9996334448937,18.9996334448937
HRAO,-25.89,27.687,1414.3,2019,4,14,1565,2019-04-14,0.0208815610357587,20.8815610357587,0.0193591926218018,19.3591926218018,0.0198791666666666,19.8791666666666,19.8791666666666,19.8791666666666,19.8791666666666,20.8815610357587,20.8815610357587,20.8815610357587,19.3591926218018,19.3591926218018,19.3591926218018
HRAO,-25.89,27.687,1414.3,2019,4,15,1566,2019-04-15,0.0224608421710823,22.460842171082298,0.022494870813614,22.494870813614,0.02335,23.349999999999998,23.349999999999998,23.349999999999998,23.349999999999998,22.460842171082298,22.460842171082298,22.460842171082298,22.494870813614,22.494870813614,22.494870813614
HRAO,-25.89,27.687,1414.3,2019,4,16,1567,2019-04-16,0.0126614068152499,12.6614068152499,0.0139254683479028,13.9254683479028,0.0135708333333333,13.570833333333299,13.570833333333299,13.570833333333299,13.570833333333299,20.9660117707605,12.6614068152499,12.6614068152499,13.9254683479028,13.9254683479028,13.9254683479028
HRAO,-25.89,27.687,1414.3,2019,4,17,1568,2019-04-17,0.0098441360056187,9.844136005618699,0.0084769029831724,8.476902983172401,0.0092666666666666,9.2666666666666,21.2541666666666,9.2666666666666,9.2666666666666,22.061093082408103,9.844136005618699,9.844136005618699,20.117843180685,8.476902983172401,8.476902983172401
HRAO,-25.89,27.687,1414.3,2019,4,19,1570,2019-04-19,0.0220912021987078,22.0912021987078,0.020117843180685,20.117843180685,0.02155,21.55,21.55,21.55,21.55,22.0912021987078,22.0912021987078,22.0912021987078,20.117843180685,20.117843180685,20.117843180685
HRAO,-25.89,27.687,1414.3,2019,4,20,1571,2019-04-20,0.0220610930824081,22.061093082408103,0.0217169058697132,21.716905869713198,0.0212541666666666,21.2541666666666,21.2541666666666,21.2541666666666,21.2541666666666,22.061093082408103,22.061093082408103,22.061093082408103,21.716905869713198,21.716905869713198,21.716905869713198
HRAO,-25.89,27.687,1414.3,2019,4,21,1572,2019-04-21,0.0243260869276088,24.3260869276088,0.021613734019196,21.613734019196002,0.0223208333333333,22.3208333333333,22.3208333333333,22.3208333333333,22.3208333333333,24.3260869276088,24.3260869276088,24.3260869276088,21.613734019196002,21.613734019196002,21.613734019196002
HRAO,-25.89,27.687,1414.3,2019,4,22,1573,2019-04-22,0.027448768904553,27.448768904553,0.0260872409272052,26.087240927205197,0.0273291666666666,27.329166666666598,21.5958333333333,27.329166666666598,27.329166666666598,22.0912021987078,27.448768904553,27.448768904553,21.613734019196002,26.087240927205197,26.087240927205197
HRAO,-25.89,27.687,1414.3,2019,4,23,1574,2019-04-23,0.0254271198956199,25.4271198956199,0.0230810922953624,23.0810922953624,0.02335,23.349999999999998,23.349999999999998,23.349999999999998,23.349999999999998,25.4271198956199,25.4271198956199,25.4271198956199,21.613734019196002,23.0810922953624,23.0810922953624
HRAO,-25.89,27.687,1414.3,2019,4,24,1575,2019-04-24,0.0217354509190781,21.7354509190781,0.0204859811055096,20.4859811055096,0.0215958333333333,21.5958333333333,21.5958333333333,21.5958333333333,21.5958333333333,21.7354509190781,21.7354509190781,21.7354509190781,20.4859811055096,20.4859811055096,20.4859811055096
HRAO,-25.89,27.687,1414.3,2019,4,25,1576,2019-04-25,0.0190119480662718,19.011948066271803,0.0171635812954862,17.1635812954862,0.0201541666666666,20.1541666666666,20.1541666666666,20.1541666666666,20.1541666666666,19.011948066271803,19.011948066271803,19.011948066271803,17.1635812954862,17.1635812954862,17.1635812954862
HRAO,-25.89,27.687,1414.3,2019,4,26,1577,2019-04-26,0.0110677402557587,11.0677402557587,0.0104115416415132,10.4115416415132,0.0116875,11.6875,11.6875,11.6875,11.6875,11.0677402557587,11.0677402557587,11.0677402557587,10.4115416415132,10.4115416415132,10.4115416415132
HRAO,-25.89,27.687,1414.3,2019,4,27,1578,2019-04-27,0.0104057973572793,10.4057973572793,0.0083310787138547,8.3310787138547,0.0098708333333333,9.8708333333333,9.8708333333333,9.8708333333333,9.8708333333333,10.4057973572793,10.4057973572793,10.4057973572793,8.3310787138547,8.3310787138547,8.3310787138547
HRAO,-25.89,27.687,1414.3,2019,4,28,1579,2019-04-28,0.0126841249778865,12.684124977886501,0.0110684805927409,11.068480592740901,0.0130291666666666,13.029166666666601,13.029166666666601,13.029166666666601,13.029166666666601,12.684124977886501,12.684124977886501,12.684124977886501,11.068480592740901,11.068480592740901,11.068480592740901
HRAO,-25.89,27.687,1414.3,2019,4,29,1580,2019-04-29,0.0112818594674768,11.281859467476801,0.0092900639616613,9.2900639616613,0.0118875,11.887500000000001,11.887500000000001,11.887500000000001,11.887500000000001,11.281859467476801,11.281859467476801,11.281859467476801,9.2900639616613,9.2900639616613,9.2900639616613
HRAO,-25.89,27.687,1414.3,2019,4,30,1581,2019-04-30,0.0087363856643233,8.7363856643233,0.0077614508957275,7.761450895727499,0.0091625,9.1625,9.1625,9.1625,9.1625,8.7363856643233,8.7363856643233,8.7363856643233,7.761450895727499,7.761450895727499,7.761450895727499
HRAO,-25.89,27.687,1414.3,2019,5,1,1582,2019-05-01,0.008753565817455,8.753565817455,0.0069601443684359,6.9601443684359,0.0086,8.6,8.6,8.6,8.6,8.753565817455,8.753565817455,8.753565817455,6.9601443684359,6.9601443684359,6.9601443684359
HRAO,-25.89,27.687,1414.3,2019,5,2,1583,2019-05-02,0.0095266448356353,9.526644835635299,0.0077298393397904,7.7298393397904,0.0085458333333333,8.545833333333299,8.545833333333299,8.545833333333299,8.545833333333299,9.526644835635299,9.526644835635299,9.526644835635299,7.7298393397904,7.7298393397904,7.7298393397904
HRAO,-25.89,27.687,1414.3,2019,5,3,1584,2019-05-03,0.0129363964761203,12.9363964761203,0.0123575882665848,12.3575882665848,0.013175,13.174999999999999,13.174999999999999,13.174999999999999,13.174999999999999,12.9363964761203,12.9363964761203,12.9363964761203,12.3575882665848,12.3575882665848,12.3575882665848
HRAO,-25.89,27.687,1414.3,2019,5,4,1585,2019-05-04,0.0137877095619175,13.7877095619175,0.0138897540263934,13.889754026393401,0.0137458333333333,13.7458333333333,13.7458333333333,13.7458333333333,13.7458333333333,13.7877095619175,13.7877095619175,13.7877095619175,13.889754026393401,13.889754026393401,13.889754026393401
HRAO,-25.89,27.687,1414.3,2019,5,5,1586,2019-05-05,0.0138658882459176,13.865888245917601,0.0124381228273793,12.4381228273793,0.0126249999999999,12.6249999999999,12.6249999999999,12.6249999999999,12.6249999999999,13.865888245917601,13.865888245917601,13.865888245917601,12.4381228273793,12.4381228273793,12.4381228273793
HRAO,-25.89,27.687,1414.3,2019,5,6,1587,2019-05-06,0.0146805618637578,14.6805618637578,0.0125524771690619,12.5524771690619,0.0136625,13.6625,13.6625,13.6625,13.6625,14.6805618637578,14.6805618637578,14.6805618637578,12.5524771690619,12.5524771690619,12.5524771690619
HRAO,-25.89,27.687,1414.3,2019,5,7,1588,2019-05-07,0.0157331685965425,15.733168596542502,0.0122234859519957,12.2234859519957,0.0134083333333333,13.4083333333333,13.4083333333333,13.4083333333333,13.4083333333333,15.733168596542502,15.733168596542502,15.733168596542502,12.2234859519957,12.2234859519957,12.2234859519957
HRAO,-25.89,27.687,1414.3,2019,5,8,1589,2019-05-08,0.0187038561782377,18.7038561782377,0.0194373934948553,19.4373934948553,0.0194166666666666,19.4166666666666,14.1833333333333,19.4166666666666,19.4166666666666,14.6805618637578,18.7038561782377,18.7038561782377,12.5806545586326,19.4373934948553,19.4373934948553
HRAO,-25.89,27.687,1414.3,2019,5,9,1590,2019-05-09,0.0150971031344711,15.0971031344711,0.0158273095594737,15.8273095594737,0.0152416666666666,15.2416666666666,14.1833333333333,15.2416666666666,15.2416666666666,15.0971031344711,15.0971031344711,15.0971031344711,12.5806545586326,15.8273095594737,15.8273095594737
HRAO,-25.89,27.687,1414.3,2019,5,10,1591,2019-05-10,0.013263682451838,13.263682451838,0.0125806545586326,12.5806545586326,0.0141833333333333,14.1833333333333,14.1833333333333,14.1833333333333,14.1833333333333,13.263682451838,13.263682451838,13.263682451838,12.5806545586326,12.5806545586326,12.5806545586326
HRAO,-25.89,27.687,1414.3,2019,5,11,1592,2019-05-11,0.0139391363309319,13.9391363309319,0.0129792756732135,12.9792756732135,0.0143375,14.3375,14.3375,14.3375,14.3375,13.9391363309319,13.9391363309319,13.9391363309319,12.9792756732135,12.9792756732135,12.9792756732135
HRAO,-25.89,27.687,1414.3,2019,5,12,1593,2019-05-12,0.0106190435862966,10.6190435862966,0.0105891957287076,10.589195728707601,0.0117041666666666,11.7041666666666,11.7041666666666,11.7041666666666,11.7041666666666,10.6190435862966,10.6190435862966,10.6190435862966,10.589195728707601,10.589195728707601,10.589195728707601
HRAO,-25.89,27.687,1414.3,2019,5,13,1594,2019-05-13,0.0086344588613081,8.6344588613081,0.007548627800325,7.548627800325001,0.0086375,8.6375,11.7041666666666,8.6375,8.6375,8.6344588613081,8.6344588613081,8.6344588613081,7.548627800325001,7.548627800325001,7.548627800325001
HRAO,-25.89,27.687,1414.3,2019,5,14,1595,2019-05-14,0.0084078072050795,8.4078072050795,0.008323391269537,8.323391269537,0.0091041666666666,9.1041666666666,9.1041666666666,9.1041666666666,9.1041666666666,8.4078072050795,8.4078072050795,8.4078072050795,8.323391269537,8.323391269537,8.323391269537
HRAO,-25.89,27.687,1414.3,2019,5,15,1596,2019-05-15,0.0108014247513478,10.8014247513478,0.011803519760395,11.803519760395,0.0111333333333333,11.1333333333333,11.1333333333333,11.1333333333333,11.1333333333333,10.8014247513478,10.8014247513478,10.8014247513478,11.803519760395,11.803519760395,11.803519760395
HRAO,-25.89,27.687,1414.3,2019,5,16,1597,2019-05-16,0.0126603517200757,12.6603517200757,0.011292453398588,11.292453398588,0.0118958333333333,11.8958333333333,11.8958333333333,11.8958333333333,11.8958333333333,12.6603517200757,12.6603517200757,12.6603517200757,11.292453398588,11.292453398588,11.292453398588
HRAO,-25.89,27.687,1414.3,2019,5,17,1598,2019-05-17,0.0103964449878643,10.3964449878643,0.0093208237358655,9.320823735865499,0.0103,10.3,10.3,10.3,10.3,10.3964449878643,10.3964449878643,10.3964449878643,9.320823735865499,9.320823735865499,9.320823735865499
HRAO,-25.89,27.687,1414.3,2019,5,18,1599,2019-05-18,0.0126267940877848,12.6267940877848,0.0119575047778513,11.9575047778513,0.0121166666666666,12.1166666666666,12.1166666666666,12.1166666666666,12.1166666666666,12.6267940877848,12.6267940877848,12.6267940877848,11.9575047778513,11.9575047778513,11.9575047778513
HRAO,-25.89,27.687,1414.3,2019,5,19,1600,2019-05-19,0.0126201807869337,12.6201807869337,0.0125251756788634,12.5251756788634,0.012225,12.225,12.225,12.225,12.225,12.6201807869337,12.6201807869337,12.6201807869337,12.5251756788634,12.5251756788634,12.5251756788634
HRAO,-25.89,27.687,1414.3,2019,5,20,1601,2019-05-20,0.0110734763877602,11.0734763877602,0.0104362054610499,10.4362054610499,0.0104,10.4,10.4,10.4,10.4,12.6267940877848,11.0734763877602,11.0734763877602,10.4362054610499,10.4362054610499,10.4362054610499
HRAO,-25.89,27.687,1414.3,2019,5,21,1602,2019-05-21,0.0136249671753697,13.624967175369699,0.0120640230724923,12.0640230724923,0.0128125,12.8125,12.8125,12.8125,12.8125,13.624967175369699,13.624967175369699,13.624967175369699,12.0640230724923,12.0640230724923,12.0640230724923
HRAO,-25.89,27.687,1414.3,2019,5,22,1603,2019-05-22,0.0147834664943558,14.7834664943558,0.0148609056131262,14.8609056131262,0.0147291666666666,14.7291666666666,14.7291666666666,14.7291666666666,14.7291666666666,14.7834664943558,14.7834664943558,14.7834664943558,14.8609056131262,14.8609056131262,14.8609056131262
HRAO,-25.89,27.687,1414.3,2019,5,23,1604,2019-05-23,0.0148285189946307,14.8285189946307,0.0139367248801215,13.9367248801215,0.0144625,14.4625,14.4625,14.4625,14.4625,14.8285189946307,14.8285189946307,14.8285189946307,13.9367248801215,13.9367248801215,13.9367248801215
HRAO,-25.89,27.687,1414.3,2019,5,24,1605,2019-05-24,0.0162123624422085,16.2123624422085,0.0158074800769446,15.807480076944598,0.0163041666666666,16.3041666666666,13.975,16.3041666666666,16.3041666666666,14.7834664943558,16.2123624422085,16.2123624422085,13.6848248410214,15.807480076944598,15.807480076944598
HRAO,-25.89,27.687,1414.3,2019,5,25,1606,2019-05-25,0.0151862636549055,15.186263654905499,0.0136848248410214,13.6848248410214,0.013975,13.975,13.975,13.975,13.975,14.7834664943558,15.186263654905499,15.186263654905499,13.6848248410214,13.6848248410214,13.6848248410214
HRAO,-25.89,27.687,1414.3,2019,5,26,1607,2019-05-26,0.0120315109425102,12.0315109425102,0.0113123701981836,11.3123701981836,0.0116625,11.6625,11.6625,11.6625,11.6625,12.0315109425102,12.0315109425102,12.0315109425102,11.3123701981836,11.3123701981836,11.3123701981836
HRAO,-25.89,27.687,1414.3,2019,5,27,1608,2019-05-27,0.0106716372337212,10.6716372337212,0.0098432833780687,9.8432833780687,0.0103416666666666,10.3416666666666,10.3416666666666,10.3416666666666,10.3416666666666,10.6716372337212,10.6716372337212,10.6716372337212,10.6036064930305,9.8432833780687,9.8432833780687
HRAO,-25.89,27.687,1414.3,2019,5,28,1609,2019-05-28,0.0113146352761513,11.3146352761513,0.0106036064930305,10.6036064930305,0.0106291666666666,10.629166666666599,10.629166666666599,10.629166666666599,10.629166666666599,11.3146352761513,11.3146352761513,11.3146352761513,10.6036064930305,10.6036064930305,10.6036064930305
HRAO,-25.89,27.687,1414.3,2019,5,29,1610,2019-05-29,0.0105240521583106,10.5240521583106,0.0097970696276487,9.797069627648701,0.0101,10.1,10.1,10.1,10.1,10.5240521583106,10.5240521583106,10.5240521583106,9.797069627648701,9.797069627648701,9.797069627648701
HRAO,-25.89,27.687,1414.3,2019,5,30,1611,2019-05-30,0.0071637933776307,7.1637933776307,0.0072242497134785,7.2242497134785,0.0073541666666666,7.3541666666666,10.1,7.3541666666666,7.3541666666666,10.5240521583106,7.1637933776307,7.1637933776307,9.797069627648701,7.2242497134785,7.2242497134785
HRAO,-25.89,27.687,1414.3,2019,6,1,1613,2019-06-01,0.011398612707802,11.398612707802,0.0106463178782922,10.6463178782922,0.010775,10.775,9.5333333333333,10.775,10.775,10.2173765773891,11.398612707802,11.398612707802,9.797069627648701,10.6463178782922,10.6463178782922
HRAO,-25.89,27.687,1414.3,2019,6,2,1614,2019-06-02,0.0098613440551467,9.8613440551467,0.0093905756495588,9.390575649558802,0.0090583333333333,9.0583333333333,9.0583333333333,9.0583333333333,9.0583333333333,9.8613440551467,9.8613440551467,9.8613440551467,9.390575649558802,9.390575649558802,9.390575649558802
HRAO,-25.89,27.687,1414.3,2019,6,3,1615,2019-06-03,0.0094267633319854,9.4267633319854,0.0087703563219615,8.7703563219615,0.0085416666666666,8.5416666666666,8.5416666666666,8.5416666666666,8.5416666666666,9.4267633319854,9.4267633319854,9.4267633319854,8.7703563219615,8.7703563219615,8.7703563219615
HRAO,-25.89,27.687,1414.3,2019,6,4,1616,2019-06-04,0.0102173765773891,10.2173765773891,0.00997085962233,9.97085962233,0.0095333333333333,9.5333333333333,9.5333333333333,9.5333333333333,9.5333333333333,10.2173765773891,10.2173765773891,10.2173765773891,9.97085962233,9.97085962233,9.97085962233
HRAO,-25.89,27.687,1414.3,2019,6,5,1617,2019-06-05,0.007719491777156,7.7194917771560005,0.0079416691215603,7.941669121560301,0.007875,7.875,7.875,7.875,7.875,7.7194917771560005,7.7194917771560005,7.7194917771560005,7.941669121560301,7.941669121560301,7.941669121560301
HRAO,-25.89,27.687,1414.3,2019,6,6,1618,2019-06-06,0.006375301441783,6.375301441783,0.006448195580129,6.448195580129,0.0066166666666666,6.6166666666666,6.6166666666666,6.6166666666666,6.6166666666666,6.375301441783,6.375301441783,6.375301441783,6.448195580129,6.448195580129,6.448195580129
HRAO,-25.89,27.687,1414.3,2019,6,7,1619,2019-06-07,0.0068593713398591,6.859371339859099,0.00655244710679,6.55244710679,0.0075708333333333,7.5708333333333,7.5708333333333,7.5708333333333,7.5708333333333,6.859371339859099,6.859371339859099,6.859371339859099,6.55244710679,6.55244710679,6.55244710679
HRAO,-25.89,27.687,1414.3,2019,6,8,1620,2019-06-08,0.0075472865726393,7.5472865726393,0.0064163505619142,6.4163505619142,0.0062583333333333,6.2583333333333,6.2583333333333,6.2583333333333,6.2583333333333,7.5472865726393,7.5472865726393,7.5472865726393,6.4163505619142,6.4163505619142,6.4163505619142
HRAO,-25.89,27.687,1414.3,2019,6,9,1621,2019-06-09,0.0079021920959011,7.9021920959011,0.0070376760780709,7.0376760780709,0.0075291666666666,7.5291666666666,7.5291666666666,7.5291666666666,7.5291666666666,7.9021920959011,7.9021920959011,7.9021920959011,7.0376760780709,7.0376760780709,7.0376760780709
HRAO,-25.89,27.687,1414.3,2019,6,10,1622,2019-06-10,0.0085755544310473,8.5755544310473,0.0087438595209318,8.743859520931801,0.0082541666666666,8.2541666666666,8.2541666666666,8.2541666666666,8.2541666666666,8.5755544310473,8.5755544310473,8.5755544310473,8.743859520931801,8.743859520931801,8.743859520931801
HRAO,-25.89,27.687,1414.3,2019,6,11,1623,2019-06-11,0.0063379953866614,6.3379953866614,0.0071232095485526,7.1232095485526,0.0064208333333333,6.4208333333333005,6.4208333333333005,6.4208333333333005,6.4208333333333005,6.3379953866614,6.3379953866614,6.3379953866614,7.1232095485526,7.1232095485526,7.1232095485526
HRAO,-25.89,27.687,1414.3,2019,6,12,1624,2019-06-12,0.0063534808304451,6.3534808304451,0.0061499000999905,6.1499000999905,0.0058625,5.8625,5.8625,5.8625,5.8625,6.3534808304451,6.3534808304451,6.3534808304451,6.1499000999905,6.1499000999905,6.1499000999905
HRAO,-25.89,27.687,1414.3,2019,6,13,1625,2019-06-13,0.0056128561917639,5.612856191763901,0.0041762612951791,4.176261295179099,0.0048083333333333,4.8083333333333,4.8083333333333,4.8083333333333,4.8083333333333,5.612856191763901,5.612856191763901,5.612856191763901,4.176261295179099,4.176261295179099,4.176261295179099
HRAO,-25.89,27.687,1414.3,2019,6,14,1626,2019-06-14,0.007215014571346,7.215014571346,0.0068958706377569,6.8958706377569,0.0072375,7.2375,7.2375,7.2375,7.2375,7.215014571346,7.215014571346,7.215014571346,6.8958706377569,6.8958706377569,6.8958706377569
HRAO,-25.89,27.687,1414.3,2019,6,15,1627,2019-06-15,0.0061930704854409,6.1930704854409,0.0058918920047818,5.8918920047818,0.0061916666666666,6.1916666666666,6.1916666666666,6.1916666666666,6.1916666666666,6.1930704854409,6.1930704854409,6.1930704854409,5.8918920047818,5.8918920047818,5.8918920047818
HRAO,-25.89,27.687,1414.3,2019,6,16,1628,2019-06-16,0.0045286122649416,4.5286122649416,0.0045495127436053,4.5495127436053,0.0042916666666666,4.2916666666666,4.2916666666666,4.2916666666666,4.2916666666666,4.5286122649416,4.5286122649416,4.5286122649416,4.5495127436053,4.5495127436053,4.5495127436053
HRAO,-25.89,27.687,1414.3,2019,6,17,1629,2019-06-17,0.0045380994538246,4.5380994538246,0.0045503413823235,4.5503413823235,0.0048291666666666,4.8291666666666,4.8291666666666,4.8291666666666,4.8291666666666,4.5380994538246,4.5380994538246,4.5380994538246,4.5503413823235,4.5503413823235,4.5503413823235
HRAO,-25.89,27.687,1414.3,2019,6,18,1630,2019-06-18,0.005264795280593,5.264795280593001,0.0047861530614327,4.7861530614326995,0.0052,5.2,5.2,5.2,5.2,5.264795280593001,5.264795280593001,5.264795280593001,4.7861530614326995,4.7861530614326995,4.7861530614326995
HRAO,-25.89,27.687,1414.3,2019,6,19,1631,2019-06-19,0.0045190221326597,4.5190221326597,0.0043976498533909,4.3976498533909,0.0043749999999999,4.3749999999999,4.3749999999999,4.3749999999999,4.3749999999999,4.5190221326597,4.5190221326597,4.5190221326597,4.3976498533909,4.3976498533909,4.3976498533909
HRAO,-25.89,27.687,1414.3,2019,6,20,1632,2019-06-20,0.0035585167679469,3.5585167679469,0.0033452699027702,3.3452699027702,0.0030333333333333,3.0333333333333,5.2,3.0333333333333,3.0333333333333,3.5585167679469,3.5585167679469,3.5585167679469,3.3452699027702,3.3452699027702,3.3452699027702
HRAO,-25.89,27.687,1414.3,2019,6,21,1633,2019-06-21,0.0059144346387587,5.9144346387587,0.0053602589263696,5.3602589263696,0.0057125,5.7124999999999995,5.7124999999999995,5.7124999999999995,5.7124999999999995,5.9144346387587,5.9144346387587,5.9144346387587,5.3602589263696,5.3602589263696,5.3602589263696
HRAO,-25.89,27.687,1414.3,2019,6,22,1634,2019-06-22,0.0083558465364024,8.3558465364024,0.0071609451292036,7.160945129203601,0.0080666666666666,8.0666666666666,8.0666666666666,8.0666666666666,8.0666666666666,8.3558465364024,8.3558465364024,8.3558465364024,7.160945129203601,7.160945129203601,7.160945129203601
HRAO,-25.89,27.687,1414.3,2019,6,23,1635,2019-06-23,0.0069405533442229,6.9405533442228995,0.0059934704706997,5.9934704706997,0.0059958333333333,5.9958333333333,5.9958333333333,5.9958333333333,5.9958333333333,6.9405533442228995,6.9405533442228995,6.9405533442228995,5.9934704706997,5.9934704706997,5.9934704706997
HRAO,-25.89,27.687,1414.3,2019,6,24,1636,2019-06-24,0.0040767472009751,4.0767472009751,0.0036406241782131,3.6406241782131,0.0039041666666666,3.9041666666666,3.9041666666666,3.9041666666666,3.9041666666666,4.0767472009751,4.0767472009751,4.0767472009751,3.6406241782131,3.6406241782131,3.6406241782131
HRAO,-25.89,27.687,1414.3,2019,6,25,1637,2019-06-25,0.0062759960970354,6.2759960970354,0.0041870848327541,4.1870848327541,0.0050833333333333,5.0833333333333,5.0833333333333,5.0833333333333,5.0833333333333,6.2759960970354,6.2759960970354,6.2759960970354,4.1870848327541,4.1870848327541,4.1870848327541
HRAO,-25.89,27.687,1414.3,2019,6,26,1638,2019-06-26,0.0117471424088807,11.7471424088807,0.0104296421195101,10.4296421195101,0.0104708333333333,10.470833333333301,10.470833333333301,10.470833333333301,10.470833333333301,11.7471424088807,11.7471424088807,11.7471424088807,10.4296421195101,10.4296421195101,10.4296421195101
HRAO,-25.89,27.687,1414.3,2019,6,27,1639,2019-06-27,0.0112074048164079,11.2074048164079,0.0106572289393795,10.6572289393795,0.0112791666666666,11.279166666666601,11.279166666666601,11.279166666666601,11.279166666666601,11.2074048164079,11.2074048164079,11.2074048164079,10.6572289393795,10.6572289393795,10.6572289393795
HRAO,-25.89,27.687,1414.3,2019,6,28,1640,2019-06-28,0.0103362747107398,10.336274710739799,0.0098294188697073,9.8294188697073,0.0105375,10.5375,10.5375,10.5375,10.5375,10.336274710739799,10.336274710739799,10.336274710739799,9.8294188697073,9.8294188697073,9.8294188697073
HRAO,-25.89,27.687,1414.3,2019,6,29,1641,2019-06-29,0.008228508648985,8.228508648985,0.008444792110577,8.444792110577,0.0086375,8.6375,8.6375,8.6375,8.6375,8.228508648985,8.228508648985,8.228508648985,8.444792110577,8.444792110577,8.444792110577
HRAO,-25.89,27.687,1414.3,2019,6,30,1642,2019-06-30,0.0071713607528627,7.1713607528627,0.0065593911044697,6.559391104469699,0.0067541666666666,6.7541666666666,6.7541666666666,6.7541666666666,6.7541666666666,7.1713607528627,7.1713607528627,7.1713607528627,6.559391104469699,6.559391104469699,6.559391104469699
HRAO,-25.89,27.687,1414.3,2019,7,1,1643,2019-07-01,0.0071756266722231,7.175626672223101,0.0071939071180344,7.1939071180344,0.0073541666666666,7.3541666666666,7.3541666666666,7.3541666666666,7.3541666666666,7.175626672223101,7.175626672223101,7.175626672223101,7.1939071180344,7.1939071180344,7.1939071180344
HRAO,-25.89,27.687,1414.3,2019,7,2,1644,2019-07-02,0.0036268548974398,3.6268548974398,0.0043080701835558,4.3080701835558,0.0034416666666666,3.4416666666666,3.4416666666666,3.4416666666666,3.4416666666666,5.499890937719,3.6268548974398,3.6268548974398,4.3080701835558,4.3080701835558,4.3080701835558
HRAO,-25.89,27.687,1414.3,2019,7,3,1645,2019-07-03,0.0039654155697455,3.9654155697455,0.003538439586687,3.538439586687,0.0030083333333333,3.0083333333333,3.0083333333333,3.0083333333333,3.0083333333333,3.9654155697455,3.9654155697455,3.9654155697455,3.538439586687,3.538439586687,3.538439586687
HRAO,-25.89,27.687,1414.3,2019,7,4,1646,2019-07-04,0.004842929311615,4.842929311614999,0.0046635182794252,4.6635182794252,0.0046666666666666,4.6666666666666,4.6666666666666,4.6666666666666,4.6666666666666,4.842929311614999,4.842929311614999,4.842929311614999,4.6635182794252,4.6635182794252,4.6635182794252
HRAO,-25.89,27.687,1414.3,2019,7,5,1647,2019-07-05,0.005499890937719,5.499890937719,0.0049727905091202,4.9727905091202,0.0050833333333333,5.0833333333333,5.0833333333333,5.0833333333333,5.0833333333333,5.499890937719,5.499890937719,5.499890937719,4.9727905091202,4.9727905091202,4.9727905091202
HRAO,-25.89,27.687,1414.3,2019,7,6,1648,2019-07-06,0.0047802550739106,4.7802550739106,0.0043057916109333,4.3057916109333005,0.0047458333333333,4.7458333333333,4.7458333333333,4.7458333333333,4.7458333333333,4.7802550739106,4.7802550739106,4.7802550739106,4.3057916109333005,4.3057916109333005,4.3057916109333005
HRAO,-25.89,27.687,1414.3,2019,7,7,1649,2019-07-07,0.006658240776127,6.658240776126999,0.0054640854843967,5.4640854843967,0.0062875,6.2875,6.2875,6.2875,6.2875,6.658240776126999,6.658240776126999,6.658240776126999,5.4640854843967,5.4640854843967,5.4640854843967
HRAO,-25.89,27.687,1414.3,2019,7,8,1650,2019-07-08,0.0077388198886853,7.7388198886853,0.0078887647507127,7.8887647507127,0.00775,7.75,5.0916666666666,7.75,7.75,7.7388198886853,7.7388198886853,7.7388198886853,5.224812504655,7.8887647507127,7.8887647507127
HRAO,-25.89,27.687,1414.3,2019,7,9,1651,2019-07-09,0.0053729814153025,5.372981415302499,0.005224812504655,5.224812504655,0.0050916666666666,5.0916666666666,5.0916666666666,5.0916666666666,5.0916666666666,5.372981415302499,5.372981415302499,5.372981415302499,5.224812504655,5.224812504655,5.224812504655
HRAO,-25.89,27.687,1414.3,2019,7,10,1652,2019-07-10,0.005061555947303,5.061555947303,0.0052557431193597,5.255743119359701,0.0051291666666666,5.1291666666666,5.1291666666666,5.1291666666666,5.1291666666666,5.061555947303,5.061555947303,5.061555947303,5.255743119359701,5.255743119359701,5.255743119359701
HRAO,-25.89,27.687,1414.3,2019,7,11,1653,2019-07-11,0.0048275227476497,4.8275227476497,0.0046418796278739,4.6418796278739,0.0043333333333333,4.3333333333333,4.3333333333333,4.3333333333333,4.3333333333333,4.8275227476497,4.8275227476497,4.8275227476497,4.6418796278739,4.6418796278739,4.6418796278739
HRAO,-25.89,27.687,1414.3,2019,7,12,1654,2019-07-12,0.0048699984635194,4.8699984635194005,0.004266878720619,4.266878720619,0.0041416666666666,4.1416666666666,4.1416666666666,4.1416666666666,4.1416666666666,4.8699984635194005,4.8699984635194005,4.8699984635194005,4.266878720619,4.266878720619,4.266878720619
HRAO,-25.89,27.687,1414.3,2019,7,13,1655,2019-07-13,0.0052312225804664,5.2312225804664,0.0044829970668422,4.4829970668422,0.0046708333333333,4.6708333333333005,4.6708333333333005,4.6708333333333005,4.6708333333333005,5.2312225804664,5.2312225804664,5.2312225804664,4.4829970668422,4.4829970668422,4.4829970668422
HRAO,-25.89,27.687,1414.3,2019,7,14,1656,2019-07-14,0.0061301697376639,6.1301697376639,0.0052854126652276,5.2854126652276,0.0053458333333333,5.3458333333332995,5.3458333333332995,5.3458333333332995,5.3458333333332995,6.1301697376639,6.1301697376639,6.1301697376639,5.2854126652276,5.2854126652276,5.2854126652276
HRAO,-25.89,27.687,1414.3,2019,7,15,1657,2019-07-15,0.0059268450949694,5.9268450949694005,0.005069211443507,5.069211443507,0.0044791666666666,4.4791666666666,4.4791666666666,4.4791666666666,4.4791666666666,5.9268450949694005,5.9268450949694005,5.9268450949694005,5.069211443507,5.069211443507,5.069211443507
HRAO,-25.89,27.687,1414.3,2019,7,16,1658,2019-07-16,0.005745985933536,5.745985933536,0.0047838589004951,4.783858900495099,0.0046166666666666,4.6166666666666,4.6166666666666,4.6166666666666,4.6166666666666,5.745985933536,5.745985933536,5.745985933536,4.783858900495099,4.783858900495099,4.783858900495099
HRAO,-25.89,27.687,1414.3,2019,7,17,1659,2019-07-17,0.0071744036428733,7.1744036428733,0.0068310054822432,6.831005482243199,0.007,7.0,7.0,7.0,7.0,5.9268450949694005,7.1744036428733,7.1744036428733,6.831005482243199,6.831005482243199,6.831005482243199
HRAO,-25.89,27.687,1414.3,2019,7,18,1660,2019-07-18,0.0063726232469687,6.3726232469687,0.0058010834155558,5.8010834155558,0.0064,6.4,6.4,6.4,6.4,6.3726232469687,6.3726232469687,6.3726232469687,5.8010834155558,5.8010834155558,5.8010834155558
HRAO,-25.89,27.687,1414.3,2019,7,19,1661,2019-07-19,0.0052169932056676,5.2169932056676,0.0040389490001059,4.0389490001059,0.0042333333333333,4.2333333333333,4.2333333333333,4.2333333333333,4.2333333333333,5.2169932056676,5.2169932056676,5.2169932056676,4.0389490001059,4.0389490001059,4.0389490001059
HRAO,-25.89,27.687,1414.3,2019,7,20,1662,2019-07-20,0.005024166379068,5.024166379068,0.0047140370674562,4.7140370674562,0.0047875,4.7875,4.7875,4.7875,4.7875,5.024166379068,5.024166379068,5.024166379068,4.7140370674562,4.7140370674562,4.7140370674562
HRAO,-25.89,27.687,1414.3,2019,7,21,1663,2019-07-21,0.0049596243752124,4.9596243752124005,0.0038690388343732,3.8690388343732,0.0040666666666666,4.066666666666601,4.066666666666601,4.066666666666601,4.066666666666601,4.9596243752124005,4.9596243752124005,4.9596243752124005,3.8690388343732,3.8690388343732,3.8690388343732
HRAO,-25.89,27.687,1414.3,2019,7,22,1664,2019-07-22,0.0054273469318013,5.4273469318013,0.0054172068583813,5.4172068583813,0.004875,4.875,4.875,4.875,4.875,5.4273469318013,5.4273469318013,5.4273469318013,5.4172068583813,5.4172068583813,5.4172068583813
HRAO,-25.89,27.687,1414.3,2019,7,23,1665,2019-07-23,0.0052032913740897,5.2032913740897,0.0049031951405747,4.9031951405747005,0.0050083333333333,5.0083333333333,5.0083333333333,5.0083333333333,5.0083333333333,5.2032913740897,5.2032913740897,5.2032913740897,4.9031951405747005,4.9031951405747005,4.9031951405747005
HRAO,-25.89,27.687,1414.3,2019,7,24,1666,2019-07-24,0.0039817393015532,3.9817393015532,0.0038806934276861,3.8806934276861,0.0032208333333333,3.2208333333333,3.2208333333333,3.2208333333333,3.2208333333333,3.9817393015532,3.9817393015532,3.9817393015532,3.8806934276861,3.8806934276861,3.8806934276861
HRAO,-25.89,27.687,1414.3,2019,7,25,1667,2019-07-25,0.0033597356171357,3.3597356171357,0.0033908576208044,3.3908576208044,0.0033208333333333,3.3208333333333,3.3208333333333,3.3208333333333,3.3208333333333,3.3597356171357,3.3597356171357,3.3597356171357,3.3908576208044,3.3908576208044,3.3908576208044
HRAO,-25.89,27.687,1414.3,2019,7,26,1668,2019-07-26,0.0045489158286511,4.5489158286511,0.0034720699956449,3.4720699956448997,0.0034249999999999,3.4249999999999,3.4249999999999,3.4249999999999,3.4249999999999,4.5489158286511,4.5489158286511,4.5489158286511,3.4720699956448997,3.4720699956448997,3.4720699956448997
HRAO,-25.89,27.687,1414.3,2019,7,27,1669,2019-07-27,0.0066544916567444,6.6544916567444,0.0062705091984013,6.2705091984013,0.006775,6.7749999999999995,6.7749999999999995,6.7749999999999995,6.7749999999999995,6.6544916567444,6.6544916567444,6.6544916567444,6.2705091984013,6.2705091984013,6.2705091984013
HRAO,-25.89,27.687,1414.3,2019,7,28,1670,2019-07-28,0.0065201924618033,6.520192461803299,0.005477602992843,5.477602992843,0.0065041666666666,6.5041666666666,6.5041666666666,6.5041666666666,6.5041666666666,6.520192461803299,6.520192461803299,6.520192461803299,5.477602992843,5.477602992843,5.477602992843
HRAO,-25.89,27.687,1414.3,2019,7,29,1671,2019-07-29,0.0044712676149488,4.4712676149488,0.0040458813865897,4.045881386589699,0.0043083333333333,4.308333333333301,4.308333333333301,4.308333333333301,4.308333333333301,4.4712676149488,4.4712676149488,4.4712676149488,4.045881386589699,4.045881386589699,4.045881386589699
HRAO,-25.89,27.687,1414.3,2019,7,30,1672,2019-07-30,0.0046847011013176,4.684701101317599,0.0038916497813533,3.8916497813533,0.0047708333333333,4.770833333333299,4.770833333333299,4.770833333333299,4.770833333333299,4.684701101317599,4.684701101317599,4.684701101317599,3.8916497813533,3.8916497813533,3.8916497813533
HRAO,-25.89,27.687,1414.3,2019,8,1,1674,2019-08-01,0.0079859503849967,7.9859503849967,0.0064825627072161,6.4825627072161,0.0065916666666666,6.5916666666666,6.5916666666666,6.5916666666666,6.5916666666666,7.9859503849967,7.9859503849967,7.9859503849967,6.4825627072161,6.4825627072161,6.4825627072161
HRAO,-25.89,27.687,1414.3,2019,8,2,1675,2019-08-02,0.012009991184784,12.009991184784,0.0102671756829141,10.2671756829141,0.0107166666666666,10.7166666666666,10.7166666666666,10.7166666666666,10.7166666666666,12.009991184784,12.009991184784,12.009991184784,10.2671756829141,10.2671756829141,10.2671756829141
HRAO,-25.89,27.687,1414.3,2019,8,3,1676,2019-08-03,0.0118836126369747,11.8836126369747,0.0105511620385755,10.5511620385755,0.0114916666666666,11.4916666666666,11.4916666666666,11.4916666666666,11.4916666666666,11.8836126369747,11.8836126369747,11.8836126369747,10.5511620385755,10.5511620385755,10.5511620385755
HRAO,-25.89,27.687,1414.3,2019,8,4,1677,2019-08-04,0.0117907156555105,11.7907156555105,0.0108192338283616,10.8192338283616,0.0111416666666666,11.1416666666666,11.1416666666666,11.1416666666666,11.1416666666666,11.7907156555105,11.7907156555105,11.7907156555105,10.8192338283616,10.8192338283616,10.8192338283616
HRAO,-25.89,27.687,1414.3,2019,8,5,1678,2019-08-05,0.0154359251853404,15.4359251853404,0.0138536320129016,13.853632012901599,0.0147458333333333,14.7458333333333,14.7458333333333,14.7458333333333,14.7458333333333,15.4359251853404,15.4359251853404,15.4359251853404,13.853632012901599,13.853632012901599,13.853632012901599
HRAO,-25.89,27.687,1414.3,2019,8,6,1679,2019-08-06,0.0158487007494582,15.848700749458201,0.0142487563802326,14.2487563802326,0.0155958333333333,15.5958333333333,15.5958333333333,15.5958333333333,15.5958333333333,15.848700749458201,15.848700749458201,15.848700749458201,14.2487563802326,14.2487563802326,14.2487563802326
HRAO,-25.89,27.687,1414.3,2019,8,7,1680,2019-08-07,0.0134611242624045,13.4611242624045,0.0141430071715478,14.143007171547799,0.0155791666666666,15.5791666666666,15.5791666666666,15.5791666666666,15.5791666666666,13.4611242624045,13.4611242624045,13.4611242624045,14.143007171547799,14.143007171547799,14.143007171547799
HRAO,-25.89,27.687,1414.3,2019,8,8,1681,2019-08-08,0.0135483324048519,13.5483324048519,0.0127842907894119,12.784290789411902,0.0148666666666666,14.8666666666666,14.8666666666666,14.8666666666666,14.8666666666666,13.5483324048519,13.5483324048519,13.5483324048519,12.784290789411902,12.784290789411902,12.784290789411902
HRAO,-25.89,27.687,1414.3,2019,8,9,1682,2019-08-09,0.0152492529399051,15.2492529399051,0.012311836910049,12.311836910049,0.0153291666666666,15.3291666666666,15.3291666666666,15.3291666666666,15.3291666666666,15.2492529399051,15.2492529399051,15.2492529399051,12.311836910049,12.311836910049,12.311836910049
HRAO,-25.89,27.687,1414.3,2019,8,10,1683,2019-08-10,0.0172114124806085,17.211412480608498,0.016220080011031,16.220080011031,0.0166666666666666,16.6666666666666,15.3291666666666,16.6666666666666,16.6666666666666,17.211412480608498,17.211412480608498,17.211412480608498,16.220080011031,16.220080011031,16.220080011031
HRAO,-25.89,27.687,1414.3,2019,8,11,1684,2019-08-11,0.0160881292642677,16.0881292642677,0.0171820536490213,17.182053649021302,0.0169083333333333,16.9083333333333,16.9083333333333,16.9083333333333,16.9083333333333,16.0881292642677,16.0881292642677,16.0881292642677,17.182053649021302,17.182053649021302,17.182053649021302
HRAO,-25.89,27.687,1414.3,2019,8,12,1685,2019-08-12,0.0127591281820289,12.7591281820289,0.0122187528052318,12.218752805231802,0.01255,12.55,12.55,12.55,12.55,12.7591281820289,12.7591281820289,12.7591281820289,12.218752805231802,12.218752805231802,12.218752805231802
HRAO,-25.89,27.687,1414.3,2019,8,13,1686,2019-08-13,0.0123443429958805,12.3443429958805,0.0111196704062559,11.119670406255901,0.0126333333333333,12.6333333333333,12.6333333333333,12.6333333333333,12.6333333333333,12.3443429958805,12.3443429958805,12.3443429958805,11.119670406255901,11.119670406255901,11.119670406255901
HRAO,-25.89,27.687,1414.3,2019,8,14,1687,2019-08-14,0.0121246147079942,12.1246147079942,0.0124452741296974,12.445274129697399,0.0120624999999999,12.0624999999999,12.0624999999999,12.0624999999999,12.0624999999999,12.1246147079942,12.1246147079942,12.1246147079942,12.445274129697399,12.445274129697399,12.445274129697399
HRAO,-25.89,27.687,1414.3,2019,8,15,1688,2019-08-15,0.011786179500949,11.786179500949,0.0116090929575532,11.6090929575532,0.0127791666666666,12.779166666666601,12.779166666666601,12.779166666666601,12.779166666666601,11.786179500949,11.786179500949,11.786179500949,11.6090929575532,11.6090929575532,11.6090929575532
HRAO,-25.89,27.687,1414.3,2019,8,16,1689,2019-08-16,0.0091941971380998,9.1941971380998,0.0097257876350958,9.7257876350958,0.0092125,9.2125,9.2125,9.2125,9.2125,9.1941971380998,9.1941971380998,9.1941971380998,9.7257876350958,9.7257876350958,9.7257876350958
HRAO,-25.89,27.687,1414.3,2019,8,17,1690,2019-08-17,0.0079959627078929,7.995962707892899,0.0070098397038793,7.0098397038793,0.0074541666666666,7.4541666666666,7.4541666666666,7.4541666666666,7.4541666666666,7.995962707892899,7.995962707892899,7.995962707892899,9.740558182954299,7.0098397038793,7.0098397038793
HRAO,-25.89,27.687,1414.3,2019,8,18,1691,2019-08-18,0.0104935309850792,10.4935309850792,0.0097405581829543,9.740558182954299,0.0101166666666666,10.1166666666666,10.1166666666666,10.1166666666666,10.1166666666666,10.4935309850792,10.4935309850792,10.4935309850792,9.740558182954299,9.740558182954299,9.740558182954299
HRAO,-25.89,27.687,1414.3,2019,8,19,1692,2019-08-19,0.0092968593874545,9.2968593874545,0.0098370670255616,9.8370670255616,0.0099958333333333,9.9958333333333,9.9958333333333,9.9958333333333,9.9958333333333,9.2968593874545,9.2968593874545,9.2968593874545,9.8370670255616,9.8370670255616,9.8370670255616
HRAO,-25.89,27.687,1414.3,2019,8,20,1693,2019-08-20,0.0087723633132054,8.7723633132054,0.0052747786912605,5.2747786912605,0.0060333333333333,6.0333333333333,6.0333333333333,6.0333333333333,6.0333333333333,8.7723633132054,8.7723633132054,8.7723633132054,5.2747786912605,5.2747786912605,5.2747786912605
HRAO,-25.89,27.687,1414.3,2019,8,21,1694,2019-08-21,0.0122282971120297,12.2282971120297,0.0100733506847578,10.0733506847578,0.0109041666666666,10.904166666666601,10.904166666666601,10.904166666666601,10.904166666666601,12.2282971120297,12.2282971120297,12.2282971120297,10.0733506847578,10.0733506847578,10.0733506847578
HRAO,-25.89,27.687,1414.3,2019,8,22,1695,2019-08-22,0.0097989575676058,9.7989575676058,0.0090579463501676,9.057946350167601,0.0089541666666666,8.9541666666666,8.9541666666666,8.9541666666666,8.9541666666666,9.7989575676058,9.7989575676058,9.7989575676058,9.057946350167601,9.057946350167601,9.057946350167601
HRAO,-25.89,27.687,1414.3,2019,8,23,1696,2019-08-23,0.0068367554136723,6.8367554136723,0.0060220494651376,6.0220494651376,0.0060541666666666,6.0541666666666005,6.0541666666666005,6.0541666666666005,6.0541666666666005,6.8367554136723,6.8367554136723,6.8367554136723,6.0220494651376,6.0220494651376,6.0220494651376
HRAO,-25.89,27.687,1414.3,2019,8,24,1697,2019-08-24,0.0053039374648273,5.3039374648273,0.0055609459612201,5.5609459612201,0.0055583333333333,5.5583333333333,5.5583333333333,5.5583333333333,5.5583333333333,5.3039374648273,5.3039374648273,5.3039374648273,5.5609459612201,5.5609459612201,5.5609459612201
HRAO,-25.89,27.687,1414.3,2019,8,25,1698,2019-08-25,0.0062022200862261,6.2022200862261,0.006307332435742,6.307332435742,0.0062791666666666,6.279166666666599,6.279166666666599,6.279166666666599,6.279166666666599,6.2022200862261,6.2022200862261,6.2022200862261,6.307332435742,6.307332435742,6.307332435742
HRAO,-25.89,27.687,1414.3,2019,8,26,1699,2019-08-26,0.007267894530129,7.267894530129,0.0060392772124562,6.0392772124562,0.0061083333333333,6.1083333333333,6.1083333333333,6.1083333333333,6.1083333333333,7.267894530129,7.267894530129,7.267894530129,6.0392772124562,6.0392772124562,6.0392772124562
HRAO,-25.89,27.687,1414.3,2019,8,27,1700,2019-08-27,0.0081048162204691,8.1048162204691,0.0067795260980904,6.7795260980903995,0.0074666666666666,7.4666666666666,7.4666666666666,7.4666666666666,7.4666666666666,8.1048162204691,8.1048162204691,8.1048162204691,6.7795260980903995,6.7795260980903995,6.7795260980903995
HRAO,-25.89,27.687,1414.3,2019,8,28,1701,2019-08-28,0.0084310737071237,8.431073707123701,0.007904541220916,7.904541220916,0.0084583333333333,8.4583333333333,8.4583333333333,8.4583333333333,8.4583333333333,8.431073707123701,8.431073707123701,8.431073707123701,7.904541220916,7.904541220916,7.904541220916
HRAO,-25.89,27.687,1414.3,2019,8,29,1702,2019-08-29,0.0112445329053676,11.2445329053676,0.0100723962575576,10.0723962575576,0.0108666666666666,10.8666666666666,10.8666666666666,10.8666666666666,10.8666666666666,11.2445329053676,11.2445329053676,11.2445329053676,10.0723962575576,10.0723962575576,10.0723962575576
HRAO,-25.89,27.687,1414.3,2019,8,30,1703,2019-08-30,0.0140468122082322,14.046812208232199,0.0123301365665537,12.3301365665537,0.0131166666666666,13.1166666666666,13.1166666666666,13.1166666666666,13.1166666666666,14.046812208232199,14.046812208232199,14.046812208232199,12.3301365665537,12.3301365665537,12.3301365665537
HRAO,-25.89,27.687,1414.3,2019,9,1,1705,2019-09-01,0.0035953003943291,3.5953003943291,0.002777706144317,2.7777061443170004,0.0024333333333333,2.4333333333333,2.4333333333333,2.4333333333333,2.4333333333333,3.5953003943291,3.5953003943291,3.5953003943291,2.7777061443170004,2.7777061443170004,2.7777061443170004
HRAO,-25.89,27.687,1414.3,2019,9,2,1706,2019-09-02,0.004774088152854,4.7740881528540005,0.0042088991571076,4.2088991571075995,0.0038166666666666,3.8166666666666003,3.8166666666666003,3.8166666666666003,3.8166666666666003,4.7740881528540005,4.7740881528540005,4.7740881528540005,4.2088991571075995,4.2088991571075995,4.2088991571075995
HRAO,-25.89,27.687,1414.3,2019,9,3,1707,2019-09-03,0.0067459406328325,6.745940632832499,0.0053795527278003,5.3795527278003,0.0055958333333333,5.5958333333332995,5.5958333333332995,5.5958333333332995,5.5958333333332995,6.745940632832499,6.745940632832499,6.745940632832499,5.3795527278003,5.3795527278003,5.3795527278003
HRAO,-25.89,27.687,1414.3,2019,9,4,1708,2019-09-04,0.0094112026138536,9.4112026138536,0.0084832979065466,8.4832979065466,0.0092,9.2,9.2,9.2,9.2,9.4112026138536,9.4112026138536,9.4112026138536,8.4832979065466,8.4832979065466,8.4832979065466
HRAO,-25.89,27.687,1414.3,2019,9,5,1709,2019-09-05,0.0169029430246297,16.9029430246297,0.0129004485276343,12.9004485276343,0.0140458333333333,14.0458333333333,14.0458333333333,14.0458333333333,14.0458333333333,16.9029430246297,16.9029430246297,16.9029430246297,12.9004485276343,12.9004485276343,12.9004485276343
HRAO,-25.89,27.687,1414.3,2019,9,6,1710,2019-09-06,0.0191755688219348,19.1755688219348,0.0186792035827142,18.6792035827142,0.0188166666666666,18.8166666666666,10.008333333333299,18.8166666666666,18.8166666666666,10.744097436266,19.1755688219348,19.1755688219348,18.6792035827142,18.6792035827142,18.6792035827142
HRAO,-25.89,27.687,1414.3,2019,9,7,1711,2019-09-07,0.0125188465243286,12.5188465243286,0.0118739868925907,11.8739868925907,0.0117333333333333,11.7333333333333,11.7333333333333,11.7333333333333,11.7333333333333,12.5188465243286,12.5188465243286,12.5188465243286,9.276245419394,11.8739868925907,11.8739868925907
HRAO,-25.89,27.687,1414.3,2019,9,8,1712,2019-09-08,0.010744097436266,10.744097436266,0.0091971365127363,9.1971365127363,0.0100083333333333,10.008333333333299,10.008333333333299,10.008333333333299,10.008333333333299,10.744097436266,10.744097436266,10.744097436266,9.1971365127363,9.1971365127363,9.1971365127363
HRAO,-25.89,27.687,1414.3,2019,9,9,1713,2019-09-09,0.0100474399988504,10.0474399988504,0.009276245419394,9.276245419394,0.009325,9.325,9.325,9.325,9.325,10.0474399988504,10.0474399988504,10.0474399988504,9.276245419394,9.276245419394,9.276245419394
HRAO,-25.89,27.687,1414.3,2019,9,10,1714,2019-09-10,0.0079672168242795,7.967216824279499,0.0069955686567424,6.9955686567424,0.0077541666666666,7.7541666666666,7.7541666666666,7.7541666666666,7.7541666666666,7.967216824279499,7.967216824279499,7.967216824279499,6.9955686567424,6.9955686567424,6.9955686567424
HRAO,-25.89,27.687,1414.3,2019,9,11,1715,2019-09-11,0.0065477941955593,6.5477941955593,0.0057514600840446,5.7514600840446,0.0062541666666666,6.2541666666666,6.2541666666666,6.2541666666666,6.2541666666666,6.5477941955593,6.5477941955593,6.5477941955593,6.2780060895306,5.7514600840446,5.7514600840446
HRAO,-25.89,27.687,1414.3,2019,9,12,1716,2019-09-12,0.0056111928905016,5.6111928905015995,0.0047200051811582,4.7200051811582,0.0048458333333333,4.8458333333333,4.8458333333333,4.8458333333333,4.8458333333333,5.6111928905015995,5.6111928905015995,5.6111928905015995,6.2780060895306,4.7200051811582,4.7200051811582
HRAO,-25.89,27.687,1414.3,2019,9,13,1717,2019-09-13,0.0069840933721983,6.9840933721983,0.0062780060895306,6.2780060895306,0.0070291666666666,7.0291666666666,7.0291666666666,7.0291666666666,7.0291666666666,6.9840933721983,6.9840933721983,6.9840933721983,6.2780060895306,6.2780060895306,6.2780060895306
HRAO,-25.89,27.687,1414.3,2019,9,14,1718,2019-09-14,0.0060122605297422,6.0122605297422,0.0057358125675585,5.7358125675585,0.0050666666666666,5.0666666666666,5.0666666666666,5.0666666666666,5.0666666666666,6.0122605297422,6.0122605297422,6.0122605297422,5.7358125675585,5.7358125675585,5.7358125675585
HRAO,-25.89,27.687,1414.3,2019,9,15,1719,2019-09-15,0.0108600472765194,10.860047276519401,0.0118005614354314,11.800561435431401,0.0125416666666666,12.5416666666666,12.5416666666666,12.5416666666666,12.5416666666666,10.860047276519401,10.860047276519401,10.860047276519401,11.800561435431401,11.800561435431401,11.800561435431401
HRAO,-25.89,27.687,1414.3,2019,9,16,1720,2019-09-16,0.0130295732139016,13.0295732139016,0.0125049932309713,12.5049932309713,0.0129458333333333,12.9458333333333,12.9458333333333,12.9458333333333,12.9458333333333,13.0295732139016,13.0295732139016,13.0295732139016,12.5049932309713,12.5049932309713,12.5049932309713
HRAO,-25.89,27.687,1414.3,2019,9,17,1721,2019-09-17,0.0142562216173441,14.256221617344101,0.0131149165926166,13.1149165926166,0.0131416666666666,13.1416666666666,13.1416666666666,13.1416666666666,13.1416666666666,14.256221617344101,14.256221617344101,14.256221617344101,13.1149165926166,13.1149165926166,13.1149165926166
HRAO,-25.89,27.687,1414.3,2019,9,18,1722,2019-09-18,0.0150001979022675,15.0001979022675,0.0146746864822787,14.6746864822787,0.0159125,15.9125,12.5416666666666,15.9125,15.9125,15.0001979022675,15.0001979022675,15.0001979022675,12.0820767855803,14.6746864822787,14.6746864822787
HRAO,-25.89,27.687,1414.3,2019,9,19,1723,2019-09-19,0.0136021644016384,13.6021644016384,0.0120820767855803,12.0820767855803,0.0120624999999999,12.0624999999999,12.0624999999999,12.0624999999999,12.0624999999999,13.6021644016384,13.6021644016384,13.6021644016384,12.0820767855803,12.0820767855803,12.0820767855803
HRAO,-25.89,27.687,1414.3,2019,9,20,1724,2019-09-20,0.0129777184153244,12.9777184153244,0.0117037880758647,11.703788075864699,0.0118208333333333,11.820833333333299,11.820833333333299,11.820833333333299,11.820833333333299,12.9777184153244,12.9777184153244,12.9777184153244,11.703788075864699,11.703788075864699,11.703788075864699
HRAO,-25.89,27.687,1414.3,2019,9,21,1725,2019-09-21,0.0113466839677484,11.346683967748401,0.0109219559073635,10.9219559073635,0.0107791666666666,10.7791666666666,10.7791666666666,10.7791666666666,10.7791666666666,11.346683967748401,11.346683967748401,11.346683967748401,10.9219559073635,10.9219559073635,10.9219559073635
HRAO,-25.89,27.687,1414.3,2019,9,22,1726,2019-09-22,0.0118317993641786,11.831799364178599,0.0104222350605987,10.4222350605987,0.0105208333333333,10.5208333333333,10.5208333333333,10.5208333333333,10.5208333333333,11.831799364178599,11.831799364178599,11.831799364178599,10.4222350605987,10.4222350605987,10.4222350605987
HRAO,-25.89,27.687,1414.3,2019,9,23,1727,2019-09-23,0.0108453634265568,10.845363426556801,0.0110873643348552,11.0873643348552,0.0106208333333333,10.6208333333333,10.6208333333333,10.6208333333333,10.6208333333333,10.845363426556801,10.845363426556801,10.845363426556801,11.0873643348552,11.0873643348552,11.0873643348552
HRAO,-25.89,27.687,1414.3,2019,9,24,1728,2019-09-24,0.015391914724328,15.391914724328,0.0145247064192582,14.5247064192582,0.0156291666666666,15.6291666666666,10.5208333333333,15.6291666666666,15.6291666666666,10.845363426556801,15.391914724328,15.391914724328,10.4222350605987,14.5247064192582,14.5247064192582
HRAO,-25.89,27.687,1414.3,2019,9,25,1729,2019-09-25,0.0099041932486201,9.9041932486201,0.0088301843983979,8.830184398397899,0.0081916666666666,8.1916666666666,8.1916666666666,8.1916666666666,8.1916666666666,9.9041932486201,9.9041932486201,9.9041932486201,8.830184398397899,8.830184398397899,8.830184398397899
HRAO,-25.89,27.687,1414.3,2019,9,26,1730,2019-09-26,0.0058211973747737,5.8211973747737,0.0054617103068445,5.4617103068445,0.0050708333333333,5.0708333333333,6.2833333333332995,5.0708333333333,5.0708333333333,5.8211973747737,5.8211973747737,5.8211973747737,5.4617103068445,5.4617103068445,5.4617103068445
HRAO,-25.89,27.687,1414.3,2019,9,27,1731,2019-09-27,0.0063846869163996,6.3846869163996,0.0058961981467921,5.8961981467921,0.0061125,6.1125,6.1125,6.1125,6.1125,6.3846869163996,6.3846869163996,6.3846869163996,5.8961981467921,5.8961981467921,5.8961981467921
HRAO,-25.89,27.687,1414.3,2019,9,28,1732,2019-09-28,0.0066328819520101,6.6328819520101,0.0060882719849073,6.0882719849073,0.0062291666666666,6.2291666666666,6.2291666666666,6.2291666666666,6.2291666666666,6.6328819520101,6.6328819520101,6.6328819520101,6.0882719849073,6.0882719849073,6.0882719849073
HRAO,-25.89,27.687,1414.3,2019,9,29,1733,2019-09-29,0.006977287944419,6.977287944419,0.0061514487760662,6.1514487760662,0.0062833333333333,6.2833333333332995,6.2833333333332995,6.2833333333332995,6.2833333333332995,6.977287944419,6.977287944419,6.977287944419,6.1514487760662,6.1514487760662,6.1514487760662
HRAO,-25.89,27.687,1414.3,2019,9,30,1734,2019-09-30,0.0093637817083976,9.363781708397601,0.0094813455360051,9.4813455360051,0.0091,9.1,9.1,9.1,9.1,9.363781708397601,9.363781708397601,9.363781708397601,9.4813455360051,9.4813455360051,9.4813455360051
HRAO,-25.89,27.687,1414.3,2019,10,1,1735,2019-10-01,0.0131134651892515,13.1134651892515,0.0104974413989518,10.4974413989518,0.0109625,10.9625,10.9625,10.9625,10.9625,13.1134651892515,13.1134651892515,13.1134651892515,10.4974413989518,10.4974413989518,10.4974413989518
HRAO,-25.89,27.687,1414.3,2019,10,2,1736,2019-10-02,0.0144741631557724,14.4741631557724,0.0120437544942718,12.0437544942718,0.0123458333333333,12.345833333333301,12.345833333333301,12.345833333333301,12.345833333333301,14.4741631557724,14.4741631557724,14.4741631557724,12.0437544942718,12.0437544942718,12.0437544942718
HRAO,-25.89,27.687,1414.3,2019,10,3,1737,2019-10-03,0.0118215034398389,11.8215034398389,0.0109249661975091,10.9249661975091,0.0107708333333333,10.7708333333333,10.7708333333333,10.7708333333333,10.7708333333333,11.8215034398389,11.8215034398389,11.8215034398389,10.9249661975091,10.9249661975091,10.9249661975091
HRAO,-25.89,27.687,1414.3,2019,10,4,1738,2019-10-04,0.0131337497628904,13.1337497628904,0.0127645979467954,12.7645979467954,0.013675,13.674999999999999,13.674999999999999,13.674999999999999,13.674999999999999,13.1337497628904,13.1337497628904,13.1337497628904,12.7645979467954,12.7645979467954,12.7645979467954
HRAO,-25.89,27.687,1414.3,2019,10,5,1739,2019-10-05,0.0135600365890679,13.5600365890679,0.0112648317927307,11.2648317927307,0.0114166666666666,11.416666666666599,11.416666666666599,11.416666666666599,11.416666666666599,13.5600365890679,13.5600365890679,13.5600365890679,11.2648317927307,11.2648317927307,11.2648317927307
HRAO,-25.89,27.687,1414.3,2019,10,6,1740,2019-10-06,0.0176683562631209,17.6683562631209,0.0167303492718958,16.7303492718958,0.0161208333333333,16.120833333333298,16.120833333333298,16.120833333333298,16.120833333333298,17.6683562631209,17.6683562631209,17.6683562631209,16.7303492718958,16.7303492718958,16.7303492718958
HRAO,-25.89,27.687,1414.3,2019,10,7,1741,2019-10-07,0.016088172061357,16.088172061357,0.0161525424754278,16.1525424754278,0.0153458333333333,15.3458333333333,15.3458333333333,15.3458333333333,15.3458333333333,16.088172061357,16.088172061357,16.088172061357,16.1525424754278,16.1525424754278,16.1525424754278
HRAO,-25.89,27.687,1414.3,2019,10,8,1742,2019-10-08,0.010880462134488,10.880462134487999,0.0099096564613215,9.9096564613215,0.009025,9.025,9.025,9.025,9.025,10.880462134487999,10.880462134487999,10.880462134487999,9.9096564613215,9.9096564613215,9.9096564613215
HRAO,-25.89,27.687,1414.3,2019,10,9,1743,2019-10-09,0.0108200619119568,10.8200619119568,0.0114266962651773,11.4266962651773,0.0118208333333333,11.820833333333299,11.820833333333299,11.820833333333299,11.820833333333299,10.8200619119568,10.8200619119568,10.8200619119568,11.4266962651773,11.4266962651773,11.4266962651773
HRAO,-25.89,27.687,1414.3,2019,10,10,1744,2019-10-10,0.0178241074135085,17.8241074135085,0.0162433555019252,16.2433555019252,0.0165875,16.587500000000002,16.587500000000002,16.587500000000002,16.587500000000002,17.8241074135085,17.8241074135085,17.8241074135085,16.2433555019252,16.2433555019252,16.2433555019252
HRAO,-25.89,27.687,1414.3,2019,10,11,1745,2019-10-11,0.0208447384387555,20.8447384387555,0.020090688656681,20.090688656681,0.0215291666666666,21.529166666666598,21.529166666666598,21.529166666666598,21.529166666666598,20.8447384387555,20.8447384387555,20.8447384387555,20.090688656681,20.090688656681,20.090688656681
HRAO,-25.89,27.687,1414.3,2019,10,12,1746,2019-10-12,0.018389837028916,18.389837028916002,0.0166297754286028,16.629775428602798,0.0175541666666666,17.5541666666666,17.5541666666666,17.5541666666666,17.5541666666666,18.389837028916002,18.389837028916002,18.389837028916002,16.629775428602798,16.629775428602798,16.629775428602798
HRAO,-25.89,27.687,1414.3,2019,10,13,1747,2019-10-13,0.0208450716732038,20.8450716732038,0.0183779973702694,18.377997370269398,0.0191083333333333,19.1083333333333,19.1083333333333,19.1083333333333,19.1083333333333,20.8450716732038,20.8450716732038,20.8450716732038,18.377997370269398,18.377997370269398,18.377997370269398
HRAO,-25.89,27.687,1414.3,2019,10,14,1748,2019-10-14,0.0205941402813285,20.5941402813285,0.0187381164108211,18.7381164108211,0.0178583333333333,17.8583333333333,17.8583333333333,17.8583333333333,17.8583333333333,20.5941402813285,20.5941402813285,20.5941402813285,18.7381164108211,18.7381164108211,18.7381164108211
HRAO,-25.89,27.687,1414.3,2019,10,15,1749,2019-10-15,0.0214457813518669,21.445781351866902,0.0198965532983285,19.896553298328502,0.0207791666666666,20.779166666666598,17.5541666666666,20.779166666666598,20.779166666666598,21.445781351866902,21.445781351866902,21.445781351866902,19.896553298328502,19.896553298328502,19.896553298328502
HRAO,-25.89,27.687,1414.3,2019,10,16,1750,2019-10-16,0.0175183826359512,17.518382635951202,0.0160016790425123,16.0016790425123,0.0161791666666666,16.1791666666666,16.1791666666666,16.1791666666666,16.1791666666666,17.518382635951202,17.518382635951202,17.518382635951202,16.0016790425123,16.0016790425123,16.0016790425123
HRAO,-25.89,27.687,1414.3,2019,10,17,1751,2019-10-17,0.0177041362695835,17.7041362695835,0.0155831920343207,15.5831920343207,0.0169,16.9,16.9,16.9,16.9,17.7041362695835,17.7041362695835,17.7041362695835,15.5831920343207,15.5831920343207,15.5831920343207
HRAO,-25.89,27.687,1414.3,2019,10,18,1752,2019-10-18,0.0185411188383487,18.541118838348698,0.0174438604040065,17.4438604040065,0.0168124999999999,16.8124999999999,16.8124999999999,16.8124999999999,16.8124999999999,18.541118838348698,18.541118838348698,18.541118838348698,17.4438604040065,17.4438604040065,17.4438604040065
HRAO,-25.89,27.687,1414.3,2019,10,19,1753,2019-10-19,0.0176853269738533,17.6853269738533,0.0161887852814741,16.1887852814741,0.0159375,15.9375,15.9375,15.9375,15.9375,17.6853269738533,17.6853269738533,17.6853269738533,16.1887852814741,16.1887852814741,16.1887852814741
HRAO,-25.89,27.687,1414.3,2019,10,20,1754,2019-10-20,0.0167350356776986,16.7350356776986,0.0152291746387924,15.2291746387924,0.0152625,15.2625,15.2625,15.2625,15.2625,16.7350356776986,16.7350356776986,16.7350356776986,15.2291746387924,15.2291746387924,15.2291746387924
HRAO,-25.89,27.687,1414.3,2019,10,21,1755,2019-10-21,0.0130508585044927,13.0508585044927,0.0124614288974783,12.4614288974783,0.0127083333333333,12.7083333333333,12.7083333333333,12.7083333333333,12.7083333333333,17.6853269738533,13.0508585044927,13.0508585044927,12.4614288974783,12.4614288974783,12.4614288974783
HRAO,-25.89,27.687,1414.3,2019,10,22,1756,2019-10-22,0.0182171208573921,18.2171208573921,0.0151437148949534,15.143714894953401,0.0150208333333333,15.020833333333298,15.020833333333298,15.020833333333298,15.020833333333298,18.2171208573921,18.2171208573921,18.2171208573921,15.143714894953401,15.143714894953401,15.143714894953401
HRAO,-25.89,27.687,1414.3,2019,10,23,1757,2019-10-23,0.0196557474759423,19.655747475942302,0.0192731646322568,19.2731646322568,0.0198166666666666,19.8166666666666,19.8166666666666,19.8166666666666,19.8166666666666,19.655747475942302,19.655747475942302,19.655747475942302,19.2731646322568,19.2731646322568,19.2731646322568
HRAO,-25.89,27.687,1414.3,2019,10,24,1758,2019-10-24,0.0162174316280087,16.2174316280087,0.0136558439194795,13.6558439194795,0.0123333333333333,12.3333333333333,12.3333333333333,12.3333333333333,12.3333333333333,16.2174316280087,16.2174316280087,16.2174316280087,13.6558439194795,13.6558439194795,13.6558439194795
HRAO,-25.89,27.687,1414.3,2019,10,25,1759,2019-10-25,0.0255382225454615,25.5382225454615,0.0243559105353048,24.355910535304798,0.0288291666666666,28.8291666666666,28.8291666666666,28.8291666666666,28.8291666666666,25.5382225454615,25.5382225454615,25.5382225454615,24.355910535304798,24.355910535304798,24.355910535304798
HRAO,-25.89,27.687,1414.3,2019,10,26,1760,2019-10-26,0.0260522735530926,26.0522735530926,0.0258359314062063,25.8359314062063,0.0258874999999999,25.8874999999999,25.8874999999999,25.8874999999999,25.8874999999999,26.0522735530926,26.0522735530926,26.0522735530926,25.8359314062063,25.8359314062063,25.8359314062063
HRAO,-25.89,27.687,1414.3,2019,10,27,1761,2019-10-27,0.0218407842802547,21.8407842802547,0.0209547251620712,20.9547251620712,0.0202583333333333,20.258333333333297,20.258333333333297,20.258333333333297,20.258333333333297,21.8407842802547,21.8407842802547,21.8407842802547,20.9547251620712,20.9547251620712,20.9547251620712
HRAO,-25.89,27.687,1414.3,2019,10,28,1762,2019-10-28,0.012259682229295,12.259682229295,0.0132620069085462,13.2620069085462,0.0128875,12.8875,12.8875,12.8875,12.8875,12.259682229295,12.259682229295,12.259682229295,13.2620069085462,13.2620069085462,13.2620069085462
HRAO,-25.89,27.687,1414.3,2019,10,29,1763,2019-10-29,0.0054820129227546,5.4820129227546,0.0045648704437951,4.5648704437951,0.0049541666666666,4.9541666666666,4.9541666666666,4.9541666666666,4.9541666666666,5.4820129227546,5.4820129227546,5.4820129227546,4.5648704437951,4.5648704437951,4.5648704437951
HRAO,-25.89,27.687,1414.3,2019,10,30,1764,2019-10-30,0.0066307577372983,6.6307577372983,0.0054044237355802,5.4044237355802,0.006925,6.925,6.925,6.925,6.925,6.6307577372983,6.6307577372983,6.6307577372983,5.4044237355802,5.4044237355802,5.4044237355802
HRAO,-25.89,27.687,1414.3,2019,11,1,1766,2019-11-01,0.0271669547998234,27.166954799823397,0.0238535097385477,23.8535097385477,0.0259541666666666,25.9541666666666,25.9541666666666,25.9541666666666,25.9541666666666,27.166954799823397,27.166954799823397,27.166954799823397,23.8535097385477,23.8535097385477,23.8535097385477
HRAO,-25.89,27.687,1414.3,2019,11,2,1767,2019-11-02,0.0234491548343631,23.4491548343631,0.0227336180507018,22.7336180507018,0.0223375,22.3375,22.3375,22.3375,22.3375,23.4491548343631,23.4491548343631,23.4491548343631,22.7336180507018,22.7336180507018,22.7336180507018
HRAO,-25.89,27.687,1414.3,2019,11,3,1768,2019-11-03,0.0151192674931098,15.1192674931098,0.0138031989438536,13.8031989438536,0.0148708333333333,14.8708333333333,14.8708333333333,14.8708333333333,14.8708333333333,15.1192674931098,15.1192674931098,15.1192674931098,13.8031989438536,13.8031989438536,13.8031989438536
HRAO,-25.89,27.687,1414.3,2019,11,4,1769,2019-11-04,0.0197001547880656,19.7001547880656,0.0159758595388487,15.9758595388487,0.0177291666666666,17.7291666666666,17.7291666666666,17.7291666666666,17.7291666666666,19.7001547880656,19.7001547880656,19.7001547880656,15.9758595388487,15.9758595388487,15.9758595388487
HRAO,-25.89,27.687,1414.3,2019,11,5,1770,2019-11-05,0.0233827289047679,23.3827289047679,0.0212116779300769,21.2116779300769,0.0216208333333333,21.6208333333333,21.6208333333333,21.6208333333333,21.6208333333333,23.3827289047679,23.3827289047679,23.3827289047679,21.2116779300769,21.2116779300769,21.2116779300769
HRAO,-25.89,27.687,1414.3,2019,11,6,1771,2019-11-06,0.0208854439405888,20.8854439405888,0.019594952258129,19.594952258129,0.0199624999999999,19.9624999999999,19.9624999999999,19.9624999999999,19.9624999999999,20.8854439405888,20.8854439405888,20.8854439405888,19.594952258129,19.594952258129,19.594952258129
HRAO,-25.89,27.687,1414.3,2019,11,7,1772,2019-11-07,0.020961462147983,20.961462147983,0.0181445049228223,18.1445049228223,0.0191208333333333,19.120833333333298,19.120833333333298,19.120833333333298,19.120833333333298,20.961462147983,20.961462147983,20.961462147983,18.1445049228223,18.1445049228223,18.1445049228223
HRAO,-25.89,27.687,1414.3,2019,11,8,1773,2019-11-08,0.0230311943777328,23.031194377732803,0.0213971138226426,21.3971138226426,0.0228791666666666,22.8791666666666,22.8791666666666,22.8791666666666,22.8791666666666,23.031194377732803,23.031194377732803,23.031194377732803,21.3971138226426,21.3971138226426,21.3971138226426
HRAO,-25.89,27.687,1414.3,2019,11,9,1774,2019-11-09,0.0264664154546358,26.4664154546358,0.0246992509186325,24.699250918632497,0.0276666666666666,27.6666666666666,26.3625,27.6666666666666,27.6666666666666,26.4664154546358,26.4664154546358,26.4664154546358,24.699250918632497,24.699250918632497,24.699250918632497
HRAO,-25.89,27.687,1414.3,2019,11,10,1775,2019-11-10,0.0283808394908076,28.380839490807602,0.0258368032648721,25.8368032648721,0.0263625,26.3625,26.3625,26.3625,26.3625,28.380839490807602,28.380839490807602,28.380839490807602,25.8368032648721,25.8368032648721,25.8368032648721
HRAO,-25.89,27.687,1414.3,2019,11,11,1776,2019-11-11,0.0282168361790643,28.216836179064302,0.0272208020294214,27.220802029421403,0.0282874999999999,28.2874999999999,26.3625,28.2874999999999,28.2874999999999,28.216836179064302,28.216836179064302,28.216836179064302,27.220802029421403,27.220802029421403,27.220802029421403
HRAO,-25.89,27.687,1414.3,2019,11,12,1777,2019-11-12,0.0305454146184365,30.5454146184365,0.0269882062075166,26.988206207516598,0.0264583333333333,26.4583333333333,26.4583333333333,26.4583333333333,26.4583333333333,30.5454146184365,30.5454146184365,30.5454146184365,25.8368032648721,26.988206207516598,26.988206207516598
HRAO,-25.89,27.687,1414.3,2019,11,13,1778,2019-11-13,0.027489854906562,27.489854906562,0.0259360063519067,25.9360063519067,0.0257708333333333,25.7708333333333,25.7708333333333,25.7708333333333,25.7708333333333,27.489854906562,27.489854906562,27.489854906562,25.9360063519067,25.9360063519067,25.9360063519067
HRAO,-25.89,27.687,1414.3,2019,11,14,1779,2019-11-14,0.0188876415247493,18.8876415247493,0.0180153256537967,18.0153256537967,0.0181625,18.1625,18.1625,18.1625,18.1625,18.8876415247493,18.8876415247493,18.8876415247493,18.0153256537967,18.0153256537967,18.0153256537967
HRAO,-25.89,27.687,1414.3,2019,11,15,1780,2019-11-15,0.0122650807962271,12.2650807962271,0.0106106459385102,10.610645938510201,0.0111958333333333,11.1958333333333,18.8,11.1958333333333,11.1958333333333,18.8876415247493,12.2650807962271,12.2650807962271,18.0153256537967,10.610645938510201,10.610645938510201
HRAO,-25.89,27.687,1414.3,2019,11,16,1781,2019-11-16,0.0149698217671455,14.969821767145499,0.0141086576609976,14.1086576609976,0.0154708333333333,15.4708333333333,18.8,15.4708333333333,15.4708333333333,14.969821767145499,14.969821767145499,14.969821767145499,18.0153256537967,14.1086576609976,14.1086576609976
HRAO,-25.89,27.687,1414.3,2019,11,17,1782,2019-11-17,0.0176463222176154,17.6463222176154,0.0174337383421997,17.4337383421997,0.0188,18.8,18.8,18.8,18.8,17.6463222176154,17.6463222176154,17.6463222176154,17.4337383421997,17.4337383421997,17.4337383421997
HRAO,-25.89,27.687,1414.3,2019,11,18,1783,2019-11-18,0.0252216643541749,25.221664354174898,0.0241177622549705,24.1177622549705,0.0267583333333333,26.7583333333333,26.7583333333333,26.7583333333333,26.7583333333333,25.221664354174898,25.221664354174898,25.221664354174898,24.1177622549705,24.1177622549705,24.1177622549705
HRAO,-25.89,27.687,1414.3,2019,11,19,1784,2019-11-19,0.0279405636988008,27.9405636988008,0.0285512257367051,28.5512257367051,0.0294083333333333,29.4083333333333,29.4083333333333,29.4083333333333,29.4083333333333,27.9405636988008,27.9405636988008,27.9405636988008,28.5512257367051,28.5512257367051,28.5512257367051
HRAO,-25.89,27.687,1414.3,2019,11,20,1785,2019-11-20,0.0307601239195614,30.7601239195614,0.0321350782401458,32.135078240145795,0.0327708333333333,32.7708333333333,32.7708333333333,32.7708333333333,32.7708333333333,30.7601239195614,30.7601239195614,30.7601239195614,24.1177622549705,32.135078240145795,32.135078240145795
HRAO,-25.89,27.687,1414.3,2019,11,21,1786,2019-11-21,0.0301428098458358,30.1428098458358,0.0274060387672611,27.406038767261098,0.0289833333333333,28.9833333333333,28.9833333333333,28.9833333333333,28.9833333333333,30.1428098458358,30.1428098458358,30.1428098458358,27.406038767261098,27.406038767261098,27.406038767261098
HRAO,-25.89,27.687,1414.3,2019,11,22,1787,2019-11-22,0.0221416657270284,22.1416657270284,0.0215135829320278,21.5135829320278,0.0240916666666666,24.0916666666666,24.0916666666666,24.0916666666666,24.0916666666666,22.1416657270284,22.1416657270284,22.1416657270284,21.5135829320278,21.5135829320278,21.5135829320278
HRAO,-25.89,27.687,1414.3,2019,11,23,1788,2019-11-23,0.0244220691992713,24.4220691992713,0.0231751206867175,23.1751206867175,0.0255875,25.5875,25.5875,25.5875,25.5875,24.4220691992713,24.4220691992713,24.4220691992713,23.1751206867175,23.1751206867175,23.1751206867175
HRAO,-25.89,27.687,1414.3,2019,11,24,1789,2019-11-24,0.0168941690265564,16.8941690265564,0.0175723084953853,17.5723084953853,0.0175875,17.5875,17.5875,17.5875,17.5875,16.8941690265564,16.8941690265564,16.8941690265564,17.5723084953853,17.5723084953853,17.5723084953853
HRAO,-25.89,27.687,1414.3,2019,11,25,1790,2019-11-25,0.0092946862977717,9.2946862977717,0.0101235807036355,10.1235807036355,0.0124125,12.4125,12.4125,12.4125,12.4125,9.2946862977717,9.2946862977717,9.2946862977717,10.1235807036355,10.1235807036355,10.1235807036355
HRAO,-25.89,27.687,1414.3,2019,11,26,1791,2019-11-26,0.0165727468732478,16.572746873247798,0.015717816210115,15.717816210115,0.0177583333333333,17.7583333333333,17.7583333333333,17.7583333333333,17.7583333333333,16.572746873247798,16.572746873247798,16.572746873247798,15.717816210115,15.717816210115,15.717816210115
HRAO,-25.89,27.687,1414.3,2019,11,27,1792,2019-11-27,0.0232682714811315,23.2682714811315,0.021411680449835,21.411680449835,0.0205125,20.5125,20.5125,20.5125,20.5125,23.2682714811315,23.2682714811315,23.2682714811315,21.411680449835,21.411680449835,21.411680449835
HRAO,-25.89,27.687,1414.3,2019,11,28,1793,2019-11-28,0.0204555483538339,20.4555483538339,0.022561079093489,22.561079093489,0.0216083333333333,21.6083333333333,21.6083333333333,21.6083333333333,21.6083333333333,20.4555483538339,20.4555483538339,20.4555483538339,22.561079093489,22.561079093489,22.561079093489
HRAO,-25.89,27.687,1414.3,2019,11,29,1794,2019-11-29,0.0143617838942944,14.3617838942944,0.0139620872489397,13.9620872489397,0.0125583333333333,12.5583333333333,12.5583333333333,12.5583333333333,12.5583333333333,14.3617838942944,14.3617838942944,14.3617838942944,13.9620872489397,13.9620872489397,13.9620872489397
HRAO,-25.89,27.687,1414.3,2019,11,30,1795,2019-11-30,0.0110768369671756,11.0768369671756,0.009675528610371,9.675528610371,0.0099,9.9,9.9,9.9,9.9,11.0768369671756,11.0768369671756,11.0768369671756,9.675528610371,9.675528610371,9.675528610371
HRAO,-25.89,27.687,1414.3,2019,12,1,1796,2019-12-01,0.0130416438476597,13.0416438476597,0.0112747145435147,11.2747145435147,0.0119958333333333,11.9958333333333,11.9958333333333,11.9958333333333,11.9958333333333,13.0416438476597,13.0416438476597,13.0416438476597,11.2747145435147,11.2747145435147,11.2747145435147
HRAO,-25.89,27.687,1414.3,2019,12,2,1797,2019-12-02,0.0179325252211554,17.9325252211554,0.0180157310625796,18.0157310625796,0.0179125,17.9125,17.9125,17.9125,17.9125,17.9325252211554,17.9325252211554,17.9325252211554,18.0157310625796,18.0157310625796,18.0157310625796
HRAO,-25.89,27.687,1414.3,2019,12,3,1798,2019-12-03,0.0273932479715038,27.3932479715038,0.0231927979249126,23.1927979249126,0.0269958333333333,26.995833333333298,26.995833333333298,26.995833333333298,26.995833333333298,27.3932479715038,27.3932479715038,27.3932479715038,23.1927979249126,23.1927979249126,23.1927979249126
HRAO,-25.89,27.687,1414.3,2019,12,4,1799,2019-12-04,0.0367609479369009,36.7609479369009,0.0360924991422644,36.0924991422644,0.0359875,35.9875,33.2416666666666,35.9875,35.9875,34.8220681482111,36.7609479369009,36.7609479369009,33.693542879114,36.0924991422644,36.0924991422644
HRAO,-25.89,27.687,1414.3,2019,12,5,1800,2019-12-05,0.0349688917970647,34.9688917970647,0.033693542879114,33.693542879114,0.0332416666666666,33.2416666666666,33.2416666666666,33.2416666666666,33.2416666666666,34.9688917970647,34.9688917970647,34.9688917970647,33.693542879114,33.693542879114,33.693542879114
HRAO,-25.89,27.687,1414.3,2019,12,6,1801,2019-12-06,0.0348220681482111,34.8220681482111,0.0345532389880249,34.5532389880249,0.0345416666666666,34.5416666666666,34.5416666666666,34.5416666666666,34.5416666666666,34.8220681482111,34.8220681482111,34.8220681482111,34.5532389880249,34.5532389880249,34.5532389880249
HRAO,-25.89,27.687,1414.3,2019,12,7,1802,2019-12-07,0.0359851688579806,35.985168857980604,0.0340415144918962,34.0415144918962,0.034275,34.275,34.275,34.275,34.275,34.9688917970647,35.985168857980604,35.985168857980604,34.0415144918962,34.0415144918962,34.0415144918962
HRAO,-25.89,27.687,1414.3,2019,12,8,1803,2019-12-08,0.0348770163145633,34.877016314563306,0.0330072929334977,33.0072929334977,0.0327166666666666,32.716666666666605,32.716666666666605,32.716666666666605,32.716666666666605,34.877016314563306,34.877016314563306,34.877016314563306,33.0072929334977,33.0072929334977,33.0072929334977
HRAO,-25.89,27.687,1414.3,2019,12,9,1804,2019-12-09,0.0352296600383625,35.229660038362496,0.0322481501252337,32.2481501252337,0.0342541666666666,34.2541666666666,34.2541666666666,34.2541666666666,34.2541666666666,35.229660038362496,35.229660038362496,35.229660038362496,32.2481501252337,32.2481501252337,32.2481501252337
HRAO,-25.89,27.687,1414.3,2019,12,10,1805,2019-12-10,0.0314409225821664,31.4409225821664,0.0314983590277749,31.498359027774896,0.0304083333333333,30.4083333333333,30.4083333333333,30.4083333333333,30.4083333333333,31.4409225821664,31.4409225821664,31.4409225821664,31.498359027774896,31.498359027774896,31.498359027774896
HRAO,-25.89,27.687,1414.3,2019,12,11,1806,2019-12-11,0.0210789227949755,21.078922794975497,0.0206597208612458,20.6597208612458,0.0202875,20.2875,20.2875,20.2875,20.2875,21.078922794975497,21.078922794975497,21.078922794975497,20.6597208612458,20.6597208612458,20.6597208612458
HRAO,-25.89,27.687,1414.3,2019,12,12,1807,2019-12-12,0.0211744823582756,21.1744823582756,0.0186025201510152,18.602520151015202,0.0199333333333333,19.933333333333298,19.933333333333298,19.933333333333298,19.933333333333298,21.1744823582756,21.1744823582756,21.1744823582756,18.602520151015202,18.602520151015202,18.602520151015202
HRAO,-25.89,27.687,1414.3,2019,12,13,1808,2019-12-13,0.0255917744715596,25.591774471559603,0.0249440673257202,24.9440673257202,0.0250375,25.0375,25.0375,25.0375,25.0375,25.591774471559603,25.591774471559603,25.591774471559603,24.9440673257202,24.9440673257202,24.9440673257202
HRAO,-25.89,27.687,1414.3,2019,12,14,1809,2019-12-14,0.0248197567100382,24.8197567100382,0.0223856409588758,22.3856409588758,0.022375,22.375,22.375,22.375,22.375,24.8197567100382,24.8197567100382,24.8197567100382,22.3856409588758,22.3856409588758,22.3856409588758
HRAO,-25.89,27.687,1414.3,2019,12,15,1810,2019-12-15,0.0157968623096443,15.796862309644302,0.0180231604523446,18.023160452344598,0.0187416666666666,18.7416666666666,18.7416666666666,18.7416666666666,18.7416666666666,15.796862309644302,15.796862309644302,15.796862309644302,18.023160452344598,18.023160452344598,18.023160452344598
HRAO,-25.89,27.687,1414.3,2019,12,16,1811,2019-12-16,0.0121238319290911,12.1238319290911,0.0115237384435843,11.5237384435843,0.0133083333333333,13.3083333333333,13.3083333333333,13.3083333333333,13.3083333333333,12.1238319290911,12.1238319290911,12.1238319290911,11.5237384435843,11.5237384435843,11.5237384435843
HRAO,-25.89,27.687,1414.3,2019,12,17,1812,2019-12-17,0.0199736953316721,19.9736953316721,0.0187060819513959,18.7060819513959,0.0205666666666666,20.566666666666602,20.566666666666602,20.566666666666602,20.566666666666602,19.9736953316721,19.9736953316721,19.9736953316721,18.7060819513959,18.7060819513959,18.7060819513959
HRAO,-25.89,27.687,1414.3,2019,12,18,1813,2019-12-18,0.0253810721703654,25.3810721703654,0.0240245065497057,24.0245065497057,0.0257291666666666,25.7291666666666,25.7291666666666,25.7291666666666,25.7291666666666,25.3810721703654,25.3810721703654,25.3810721703654,24.0245065497057,24.0245065497057,24.0245065497057
HRAO,-25.89,27.687,1414.3,2019,12,19,1814,2019-12-19,0.0310075451008434,31.0075451008434,0.0286371033996384,28.6371033996384,0.0292333333333333,29.2333333333333,29.2333333333333,29.2333333333333,29.2333333333333,31.0075451008434,31.0075451008434,31.0075451008434,28.6371033996384,28.6371033996384,28.6371033996384
HRAO,-25.89,27.687,1414.3,2019,12,20,1815,2019-12-20,0.0270470532247942,27.047053224794197,0.0236675123872028,23.667512387202798,0.0247833333333333,24.7833333333333,24.7833333333333,24.7833333333333,24.7833333333333,27.047053224794197,27.047053224794197,27.047053224794197,23.667512387202798,23.667512387202798,23.667512387202798
HRAO,-25.89,27.687,1414.3,2019,12,21,1816,2019-12-21,0.028904819662038,28.904819662037998,0.0285321163719626,28.532116371962598,0.031,31.0,31.0,31.0,31.0,28.904819662037998,28.904819662037998,28.904819662037998,28.532116371962598,28.532116371962598,28.532116371962598
HRAO,-25.89,27.687,1414.3,2019,12,22,1817,2019-12-22,0.0324893357066052,32.489335706605196,0.0310866833890213,31.086683389021303,0.0326583333333333,32.6583333333333,32.6583333333333,32.6583333333333,32.6583333333333,32.489335706605196,32.489335706605196,32.489335706605196,31.086683389021303,31.086683389021303,31.086683389021303
HRAO,-25.89,27.687,1414.3,2019,12,23,1818,2019-12-23,0.0324259645774408,32.4259645774408,0.0323118722790155,32.311872279015496,0.0346166666666666,34.6166666666666,34.6166666666666,34.6166666666666,34.6166666666666,32.4259645774408,32.4259645774408,32.4259645774408,32.311872279015496,32.311872279015496,32.311872279015496
HRAO,-25.89,27.687,1414.3,2019,12,24,1819,2019-12-24,0.0304960336628574,30.4960336628574,0.0315071235011147,31.5071235011147,0.0317791666666666,31.7791666666666,31.7791666666666,31.7791666666666,31.7791666666666,30.4960336628574,30.4960336628574,30.4960336628574,31.5071235011147,31.5071235011147,31.5071235011147
HRAO,-25.89,27.687,1414.3,2019,12,25,1820,2019-12-25,0.0324092596052828,32.4092596052828,0.0309032575590029,30.9032575590029,0.0321041666666666,32.1041666666666,32.1041666666666,32.1041666666666,32.1041666666666,32.4092596052828,32.4092596052828,32.4092596052828,30.9032575590029,30.9032575590029,30.9032575590029
HRAO,-25.89,27.687,1414.3,2019,12,26,1821,2019-12-26,0.0311797333466458,31.1797333466458,0.0305367630422528,30.5367630422528,0.0300333333333333,30.0333333333333,30.0333333333333,30.0333333333333,30.0333333333333,31.1797333466458,31.1797333466458,31.1797333466458,30.5367630422528,30.5367630422528,30.5367630422528
HRAO,-25.89,27.687,1414.3,2019,12,27,1822,2019-12-27,0.0317929539193509,31.7929539193509,0.0311057892283835,31.1057892283835,0.032625,32.625,32.625,32.625,32.625,31.7929539193509,31.7929539193509,31.7929539193509,31.1057892283835,31.1057892283835,31.1057892283835
HRAO,-25.89,27.687,1414.3,2019,12,28,1823,2019-12-28,0.0352478559656138,35.2478559656138,0.0331387546755148,33.138754675514804,0.0353291666666666,35.3291666666666,35.3291666666666,35.3291666666666,35.3291666666666,31.7929539193509,35.2478559656138,35.2478559656138,33.138754675514804,33.138754675514804,33.138754675514804
HRAO,-25.89,27.687,1414.3,2019,12,29,1824,2019-12-29,0.0352159231898573,35.2159231898573,0.0343987703380368,34.398770338036805,0.0349958333333333,34.9958333333333,34.9958333333333,34.9958333333333,34.9958333333333,35.2159231898573,35.2159231898573,35.2159231898573,34.398770338036805,34.398770338036805,34.398770338036805
HRAO,-25.89,27.687,1414.3,2019,12,30,1825,2019-12-30,0.031289948891918,31.289948891918,0.0294816864646365,29.4816864646365,0.0309666666666666,30.9666666666666,30.9666666666666,30.9666666666666,30.9666666666666,31.289948891918,31.289948891918,31.289948891918,29.4816864646365,29.4816864646365,29.4816864646365
HRAO,-25.89,27.687,1414.3,2020,1,1,1827,2020-01-01,0.0316544488836264,31.654448883626404,0.0303601918113865,30.3601918113865,0.03235,32.349999999999994,32.349999999999994,32.349999999999994,32.349999999999994,31.654448883626404,31.654448883626404,31.654448883626404,30.3601918113865,30.3601918113865,30.3601918113865
HRAO,-25.89,27.687,1414.3,2020,1,2,1828,2020-01-02,0.0258195210766076,25.8195210766076,0.0265760911264502,26.5760911264502,0.0267083333333333,26.7083333333333,26.7083333333333,26.7083333333333,26.7083333333333,30.6745107864746,25.8195210766076,25.8195210766076,26.5760911264502,26.5760911264502,26.5760911264502
HRAO,-25.89,27.687,1414.3,2020,1,3,1829,2020-01-03,0.0306745107864746,30.6745107864746,0.028352212899011,28.352212899011,0.0290916666666666,29.091666666666598,29.091666666666598,29.091666666666598,29.091666666666598,30.6745107864746,30.6745107864746,30.6745107864746,28.352212899011,28.352212899011,28.352212899011
HRAO,-25.89,27.687,1414.3,2020,1,4,1830,2020-01-04,0.0303578475902103,30.3578475902103,0.0277966077600419,27.796607760041898,0.028825,28.825,28.825,28.825,28.825,30.3578475902103,30.3578475902103,30.3578475902103,27.796607760041898,27.796607760041898,27.796607760041898
HRAO,-25.89,27.687,1414.3,2020,1,5,1831,2020-01-05,0.0245994367754785,24.599436775478498,0.0269746697100051,26.9746697100051,0.0266083333333333,26.6083333333333,26.6083333333333,26.6083333333333,26.6083333333333,24.599436775478498,24.599436775478498,24.599436775478498,26.9746697100051,26.9746697100051,26.9746697100051
HRAO,-25.89,27.687,1414.3,2020,1,6,1832,2020-01-06,0.0260054960324996,26.0054960324996,0.02347563749286,23.47563749286,0.0253874999999999,25.3874999999999,25.3874999999999,25.3874999999999,25.3874999999999,26.0054960324996,26.0054960324996,26.0054960324996,28.352212899011,23.47563749286,23.47563749286
HRAO,-25.89,27.687,1414.3,2020,1,7,1833,2020-01-07,0.0334109352876122,33.4109352876122,0.0314445067182498,31.444506718249798,0.0316708333333333,31.670833333333302,31.670833333333302,31.670833333333302,31.670833333333302,33.4109352876122,33.4109352876122,33.4109352876122,31.444506718249798,31.444506718249798,31.444506718249798
HRAO,-25.89,27.687,1414.3,2020,1,8,1834,2020-01-08,0.0374480128709471,37.4480128709471,0.0352722343287449,35.2722343287449,0.0360416666666666,36.0416666666666,36.0416666666666,36.0416666666666,36.0416666666666,37.4480128709471,37.4480128709471,37.4480128709471,35.2722343287449,35.2722343287449,35.2722343287449
HRAO,-25.89,27.687,1414.3,2020,1,9,1835,2020-01-09,0.039521136964786,39.521136964786,0.0373138263974864,37.3138263974864,0.0363083333333333,36.308333333333294,36.308333333333294,36.308333333333294,36.308333333333294,39.521136964786,39.521136964786,39.521136964786,37.3138263974864,37.3138263974864,37.3138263974864
HRAO,-25.89,27.687,1414.3,2020,1,10,1836,2020-01-10,0.0353995714797942,35.399571479794204,0.034898982928431,34.898982928431,0.0349958333333333,34.9958333333333,34.9958333333333,34.9958333333333,34.9958333333333,33.4109352876122,35.399571479794204,35.399571479794204,34.898982928431,34.898982928431,34.898982928431
HRAO,-25.89,27.687,1414.3,2020,1,11,1837,2020-01-11,0.0321428751002359,32.1428751002359,0.0323299480811822,32.329948081182195,0.032,32.0,32.0,32.0,32.0,32.1428751002359,32.1428751002359,32.1428751002359,32.329948081182195,32.329948081182195,32.329948081182195
HRAO,-25.89,27.687,1414.3,2020,1,12,1838,2020-01-12,0.0309313463081317,30.931346308131697,0.0279961187416329,27.996118741632902,0.0291791666666666,29.1791666666666,29.1791666666666,29.1791666666666,29.1791666666666,30.931346308131697,30.931346308131697,30.931346308131697,27.996118741632902,27.996118741632902,27.996118741632902
HRAO,-25.89,27.687,1414.3,2020,1,13,1839,2020-01-13,0.03133476315711,31.33476315711,0.0298900089421294,29.890008942129402,0.0301958333333333,30.1958333333333,30.1958333333333,30.1958333333333,30.1958333333333,31.33476315711,31.33476315711,31.33476315711,29.890008942129402,29.890008942129402,29.890008942129402
HRAO,-25.89,27.687,1414.3,2020,1,14,1840,2020-01-14,0.0250417369196789,25.0417369196789,0.0242187325922608,24.2187325922608,0.0246833333333333,24.6833333333333,24.6833333333333,24.6833333333333,24.6833333333333,25.0417369196789,25.0417369196789,25.0417369196789,24.2187325922608,24.2187325922608,24.2187325922608
HRAO,-25.89,27.687,1414.3,2020,1,15,1841,2020-01-15,0.0245229476589606,24.5229476589606,0.0231024921477948,23.1024921477948,0.0234666666666666,23.4666666666666,23.4666666666666,23.4666666666666,23.4666666666666,24.5229476589606,24.5229476589606,24.5229476589606,23.1024921477948,23.1024921477948,23.1024921477948
HRAO,-25.89,27.687,1414.3,2020,1,16,1842,2020-01-16,0.019026675408975,19.026675408975,0.0166530182577647,16.6530182577647,0.0160708333333333,16.0708333333333,16.0708333333333,16.0708333333333,16.0708333333333,19.026675408975,19.026675408975,19.026675408975,16.6530182577647,16.6530182577647,16.6530182577647
HRAO,-25.89,27.687,1414.3,2020,1,17,1843,2020-01-17,0.0235577144338289,23.5577144338289,0.020108495112593,20.108495112593,0.0204666666666666,20.466666666666598,20.466666666666598,20.466666666666598,20.466666666666598,23.5577144338289,23.5577144338289,23.5577144338289,20.108495112593,20.108495112593,20.108495112593
HRAO,-25.89,27.687,1414.3,2020,1,18,1844,2020-01-18,0.0361184706669411,36.1184706669411,0.0362755949232009,36.2755949232009,0.0360166666666666,36.0166666666666,36.0166666666666,36.0166666666666,36.0166666666666,26.9042009110484,36.1184706669411,36.1184706669411,36.2755949232009,36.2755949232009,36.2755949232009
HRAO,-25.89,27.687,1414.3,2020,1,19,1845,2020-01-19,0.0329335177953295,32.9335177953295,0.0324604872003149,32.4604872003149,0.0321375,32.1375,32.1375,32.1375,32.1375,32.9335177953295,32.9335177953295,32.9335177953295,32.4604872003149,32.4604872003149,32.4604872003149
HRAO,-25.89,27.687,1414.3,2020,1,20,1846,2020-01-20,0.0270885358577821,27.088535857782098,0.0263473821742216,26.3473821742216,0.0263375,26.3375,26.3375,26.3375,26.3375,27.088535857782098,27.088535857782098,27.088535857782098,26.3473821742216,26.3473821742216,26.3473821742216
HRAO,-25.89,27.687,1414.3,2020,1,21,1847,2020-01-21,0.0269042009110484,26.9042009110484,0.0259901991342461,25.990199134246097,0.0301375,30.137500000000003,30.137500000000003,30.137500000000003,30.137500000000003,26.9042009110484,26.9042009110484,26.9042009110484,25.990199134246097,25.990199134246097,25.990199134246097
HRAO,-25.89,27.687,1414.3,2020,1,22,1848,2020-01-22,0.024573265779135,24.573265779135,0.0221120874697837,22.1120874697837,0.0258541666666666,25.854166666666597,25.854166666666597,25.854166666666597,25.854166666666597,26.9042009110484,24.573265779135,24.573265779135,22.1120874697837,22.1120874697837,22.1120874697837
HRAO,-25.89,27.687,1414.3,2020,1,23,1849,2020-01-23,0.026836399372752,26.836399372752,0.022192411532655,22.192411532654997,0.02655,26.55,26.55,26.55,26.55,26.836399372752,26.836399372752,26.836399372752,22.192411532654997,22.192411532654997,22.192411532654997
HRAO,-25.89,27.687,1414.3,2020,1,24,1850,2020-01-24,0.0318062122481396,31.806212248139598,0.0318502007604647,31.850200760464702,0.033175,33.175000000000004,26.55,33.175000000000004,33.175000000000004,25.445869079891303,31.806212248139598,31.806212248139598,31.850200760464702,31.850200760464702,31.850200760464702
HRAO,-25.89,27.687,1414.3,2020,1,25,1851,2020-01-25,0.0254458690798913,25.445869079891303,0.0276529723477582,27.652972347758197,0.0272333333333333,27.2333333333333,27.2333333333333,27.2333333333333,27.2333333333333,25.445869079891303,25.445869079891303,25.445869079891303,27.652972347758197,27.652972347758197,27.652972347758197
HRAO,-25.89,27.687,1414.3,2020,1,26,1852,2020-01-26,0.0254287771929629,25.428777192962897,0.0237780671271066,23.7780671271066,0.0259833333333333,25.9833333333333,25.9833333333333,25.9833333333333,25.9833333333333,25.428777192962897,25.428777192962897,25.428777192962897,23.7780671271066,23.7780671271066,23.7780671271066
HRAO,-25.89,27.687,1414.3,2020,1,27,1853,2020-01-27,0.0188033882489887,18.8033882489887,0.0165426380878665,16.5426380878665,0.0176208333333333,17.6208333333333,17.6208333333333,17.6208333333333,17.6208333333333,18.8033882489887,18.8033882489887,18.8033882489887,16.5426380878665,16.5426380878665,16.5426380878665
HRAO,-25.89,27.687,1414.3,2020,1,28,1854,2020-01-28,0.0181654538702134,18.165453870213398,0.0166570584762228,16.6570584762228,0.019025,19.025,19.025,19.025,19.025,18.165453870213398,18.165453870213398,18.165453870213398,16.6570584762228,16.6570584762228,16.6570584762228
HRAO,-25.89,27.687,1414.3,2020,1,29,1855,2020-01-29,0.023567307888929,23.567307888928998,0.0223134757382342,22.3134757382342,0.0234166666666666,23.4166666666666,23.4166666666666,23.4166666666666,23.4166666666666,23.567307888928998,23.567307888928998,23.567307888928998,22.3134757382342,22.3134757382342,22.3134757382342
HRAO,-25.89,27.687,1414.3,2020,1,30,1856,2020-01-30,0.0270022422005178,27.0022422005178,0.0261507459232686,26.1507459232686,0.0265083333333333,26.5083333333333,26.5083333333333,26.5083333333333,26.5083333333333,27.0022422005178,27.0022422005178,27.0022422005178,26.1507459232686,26.1507459232686,26.1507459232686
HRAO,-25.89,27.687,1414.3,2020,2,1,1858,2020-02-01,0.0246592064704624,24.6592064704624,0.0230724183295041,23.0724183295041,0.0239458333333333,23.9458333333333,23.9458333333333,23.9458333333333,23.9458333333333,24.6592064704624,24.6592064704624,24.6592064704624,23.0724183295041,23.0724183295041,23.0724183295041
HRAO,-25.89,27.687,1414.3,2020,2,2,1859,2020-02-02,0.0229243882226635,22.9243882226635,0.0213522205514825,21.3522205514825,0.0213,21.3,21.3,21.3,21.3,22.9243882226635,22.9243882226635,22.9243882226635,21.3522205514825,21.3522205514825,21.3522205514825
HRAO,-25.89,27.687,1414.3,2020,2,3,1860,2020-02-03,0.02081991878574,20.81991878574,0.0198027795615047,19.8027795615047,0.0218,21.8,21.8,21.8,21.8,20.81991878574,20.81991878574,20.81991878574,19.8027795615047,19.8027795615047,19.8027795615047
HRAO,-25.89,27.687,1414.3,2020,2,4,1861,2020-02-04,0.0214108166764278,21.4108166764278,0.0207163678339153,20.7163678339153,0.0214374999999999,21.4374999999999,21.4374999999999,21.4374999999999,21.4374999999999,21.4108166764278,21.4108166764278,21.4108166764278,20.7163678339153,20.7163678339153,20.7163678339153
HRAO,-25.89,27.687,1414.3,2020,2,5,1862,2020-02-05,0.0263050136891089,26.3050136891089,0.0235760813520514,23.5760813520514,0.0243833333333333,24.383333333333297,24.383333333333297,24.383333333333297,24.383333333333297,26.3050136891089,26.3050136891089,26.3050136891089,23.5760813520514,23.5760813520514,23.5760813520514
HRAO,-25.89,27.687,1414.3,2020,2,6,1863,2020-02-06,0.0341337976893507,34.1337976893507,0.0317269376947788,31.7269376947788,0.0325958333333333,32.5958333333333,32.5958333333333,32.5958333333333,32.5958333333333,34.1337976893507,34.1337976893507,34.1337976893507,31.7269376947788,31.7269376947788,31.7269376947788
HRAO,-25.89,27.687,1414.3,2020,2,7,1864,2020-02-07,0.0360374953316735,36.0374953316735,0.0334003701681955,33.4003701681955,0.0340125,34.0125,34.0125,34.0125,34.0125,36.0374953316735,36.0374953316735,36.0374953316735,33.4003701681955,33.4003701681955,33.4003701681955
HRAO,-25.89,27.687,1414.3,2020,2,8,1865,2020-02-08,0.0337673024011506,33.767302401150594,0.0357053241921569,35.7053241921569,0.0338749999999999,33.8749999999999,33.8749999999999,33.8749999999999,33.8749999999999,33.767302401150594,33.767302401150594,33.767302401150594,35.7053241921569,35.7053241921569,35.7053241921569
HRAO,-25.89,27.687,1414.3,2020,2,9,1866,2020-02-09,0.0296062961470881,29.6062961470881,0.0266253741418924,26.6253741418924,0.027425,27.425,27.425,27.425,27.425,29.6062961470881,29.6062961470881,29.6062961470881,26.6253741418924,26.6253741418924,26.6253741418924
HRAO,-25.89,27.687,1414.3,2020,2,10,1867,2020-02-10,0.033415855947235,33.415855947235,0.0304704258948524,30.4704258948524,0.0303666666666666,30.3666666666666,30.3666666666666,30.3666666666666,30.3666666666666,33.415855947235,33.415855947235,33.415855947235,30.4704258948524,30.4704258948524,30.4704258948524
HRAO,-25.89,27.687,1414.3,2020,2,11,1868,2020-02-11,0.0307370263507188,30.7370263507188,0.0307148199876789,30.7148199876789,0.0294333333333333,29.4333333333333,29.4333333333333,29.4333333333333,29.4333333333333,30.7370263507188,30.7370263507188,30.7370263507188,30.7148199876789,30.7148199876789,30.7148199876789
HRAO,-25.89,27.687,1414.3,2020,2,12,1869,2020-02-12,0.0287380026615697,28.738002661569702,0.0281342865526513,28.1342865526513,0.0278541666666666,27.8541666666666,27.8541666666666,27.8541666666666,27.8541666666666,28.738002661569702,28.738002661569702,28.738002661569702,28.1342865526513,28.1342865526513,28.1342865526513
HRAO,-25.89,27.687,1414.3,2020,2,13,1870,2020-02-13,0.0278621316499831,27.8621316499831,0.0270218000800773,27.021800080077302,0.0279416666666666,27.941666666666602,27.941666666666602,27.941666666666602,27.941666666666602,27.8621316499831,27.8621316499831,27.8621316499831,27.021800080077302,27.021800080077302,27.021800080077302
HRAO,-25.89,27.687,1414.3,2020,2,14,1871,2020-02-14,0.0294294790394824,29.429479039482402,0.0276053556792198,27.6053556792198,0.02685,26.849999999999998,26.849999999999998,26.849999999999998,26.849999999999998,29.429479039482402,29.429479039482402,29.429479039482402,27.6053556792198,27.6053556792198,27.6053556792198
HRAO,-25.89,27.687,1414.3,2020,2,15,1872,2020-02-15,0.0265972723449897,26.5972723449897,0.0245026134244131,24.502613424413102,0.023825,23.825,26.849999999999998,23.825,23.825,26.5972723449897,26.5972723449897,26.5972723449897,24.502613424413102,24.502613424413102,24.502613424413102
HRAO,-25.89,27.687,1414.3,2020,2,16,1873,2020-02-16,0.0238658410282381,23.8658410282381,0.0223465431216137,22.346543121613703,0.0241041666666666,24.1041666666666,26.849999999999998,24.1041666666666,24.1041666666666,23.8658410282381,23.8658410282381,23.8658410282381,27.021800080077302,22.346543121613703,22.346543121613703
HRAO,-25.89,27.687,1414.3,2020,2,17,1874,2020-02-17,0.0260792767707951,26.0792767707951,0.0243741790786247,24.3741790786247,0.0266125,26.6125,26.6125,26.6125,26.6125,26.0792767707951,26.0792767707951,26.0792767707951,24.3741790786247,24.3741790786247,24.3741790786247
HRAO,-25.89,27.687,1414.3,2020,2,18,1875,2020-02-18,0.0308379690057203,30.8379690057203,0.0284401560609681,28.4401560609681,0.0305291666666666,30.5291666666666,30.5291666666666,30.5291666666666,30.5291666666666,30.8379690057203,30.8379690057203,30.8379690057203,28.4401560609681,28.4401560609681,28.4401560609681
HRAO,-25.89,27.687,1414.3,2020,2,19,1876,2020-02-19,0.0341275588799534,34.1275588799534,0.0320150512486999,32.0150512486999,0.0330875,33.0875,33.0875,33.0875,33.0875,34.1275588799534,34.1275588799534,34.1275588799534,32.0150512486999,32.0150512486999,32.0150512486999
HRAO,-25.89,27.687,1414.3,2020,2,20,1877,2020-02-20,0.0351754790973523,35.1754790973523,0.0329695835406728,32.9695835406728,0.0345916666666666,34.5916666666666,33.0875,34.5916666666666,34.5916666666666,35.1754790973523,35.1754790973523,35.1754790973523,32.9695835406728,32.9695835406728,32.9695835406728
HRAO,-25.89,27.687,1414.3,2020,2,21,1878,2020-02-21,0.0354996869989855,35.4996869989855,0.035844135622306,35.844135622306,0.0372583333333333,37.258333333333304,37.258333333333304,37.258333333333304,37.258333333333304,35.4996869989855,35.4996869989855,35.4996869989855,35.844135622306,35.844135622306,35.844135622306
HRAO,-25.89,27.687,1414.3,2020,2,22,1879,2020-02-22,0.0371317684378982,37.1317684378982,0.0390808788728137,39.080878872813706,0.0397833333333333,39.7833333333333,39.7833333333333,39.7833333333333,39.7833333333333,37.1317684378982,37.1317684378982,37.1317684378982,39.080878872813706,39.080878872813706,39.080878872813706
HRAO,-25.89,27.687,1414.3,2020,2,23,1880,2020-02-23,0.0287114106093418,28.711410609341797,0.0316495508177301,31.6495508177301,0.0303791666666666,30.3791666666666,30.3791666666666,30.3791666666666,30.3791666666666,28.711410609341797,28.711410609341797,28.711410609341797,31.6495508177301,31.6495508177301,31.6495508177301
HRAO,-25.89,27.687,1414.3,2020,2,24,1881,2020-02-24,0.0180811467326907,18.081146732690698,0.0178322150943449,17.8322150943449,0.0173375,17.3375,17.3375,17.3375,17.3375,18.081146732690698,18.081146732690698,18.081146732690698,17.8322150943449,17.8322150943449,17.8322150943449
HRAO,-25.89,27.687,1414.3,2020,2,25,1882,2020-02-25,0.0152317078322042,15.2317078322042,0.0134296921312403,13.4296921312403,0.0147875,14.7875,14.7875,14.7875,14.7875,15.2317078322042,15.2317078322042,15.2317078322042,13.4296921312403,13.4296921312403,13.4296921312403
HRAO,-25.89,27.687,1414.3,2020,2,26,1883,2020-02-26,0.0188290991407217,18.8290991407217,0.0168062287664907,16.8062287664907,0.0184416666666666,18.4416666666666,18.4416666666666,18.4416666666666,18.4416666666666,25.2154037573045,18.8290991407217,18.8290991407217,23.533905615504,16.8062287664907,16.8062287664907
HRAO,-25.89,27.687,1414.3,2020,2,27,1884,2020-02-27,0.0252154037573045,25.2154037573045,0.023533905615504,23.533905615504,0.02335,23.349999999999998,23.349999999999998,23.349999999999998,23.349999999999998,25.2154037573045,25.2154037573045,25.2154037573045,23.533905615504,23.533905615504,23.533905615504
HRAO,-25.89,27.687,1414.3,2020,2,28,1885,2020-02-28,0.0317451159808778,31.7451159808778,0.0291268492006393,29.1268492006393,0.03115,31.150000000000002,31.150000000000002,31.150000000000002,31.150000000000002,31.7451159808778,31.7451159808778,31.7451159808778,29.1268492006393,29.1268492006393,29.1268492006393
HRAO,-25.89,27.687,1414.3,2020,2,29,1886,2020-02-29,0.0309200603814141,30.9200603814141,0.0290924995598623,29.0924995598623,0.0293666666666666,29.3666666666666,29.3666666666666,29.3666666666666,29.3666666666666,30.9200603814141,30.9200603814141,30.9200603814141,29.0924995598623,29.0924995598623,29.0924995598623
HRAO,-25.89,27.687,1414.3,2020,3,1,1887,2020-03-01,0.0305297961049053,30.5297961049053,0.0291626711271027,29.1626711271027,0.029825,29.825,29.825,29.825,29.825,30.5297961049053,30.5297961049053,30.5297961049053,29.1626711271027,29.1626711271027,29.1626711271027
HRAO,-25.89,27.687,1414.3,2020,3,2,1888,2020-03-02,0.030678073291044,30.678073291044,0.0314256209419194,31.425620941919398,0.0309958333333333,30.995833333333298,30.995833333333298,30.995833333333298,30.995833333333298,30.678073291044,30.678073291044,30.678073291044,29.0924995598623,31.425620941919398,31.425620941919398
HRAO,-25.89,27.687,1414.3,2020,3,3,1889,2020-03-03,0.0240770225970027,24.0770225970027,0.0234196627564368,23.4196627564368,0.02325,23.25,23.25,23.25,23.25,24.0770225970027,24.0770225970027,24.0770225970027,23.4196627564368,23.4196627564368,23.4196627564368
HRAO,-25.89,27.687,1414.3,2020,3,4,1890,2020-03-04,0.0187459072795687,18.7459072795687,0.0177138092063513,17.7138092063513,0.0177458333333333,17.7458333333333,17.7458333333333,17.7458333333333,17.7458333333333,19.5288214887659,18.7459072795687,18.7459072795687,17.7138092063513,17.7138092063513,17.7138092063513
HRAO,-25.89,27.687,1414.3,2020,3,5,1891,2020-03-05,0.0195288214887659,19.5288214887659,0.0176176818078361,17.6176818078361,0.0186416666666666,18.6416666666666,18.6416666666666,18.6416666666666,18.6416666666666,19.5288214887659,19.5288214887659,19.5288214887659,17.6176818078361,17.6176818078361,17.6176818078361
HRAO,-25.89,27.687,1414.3,2020,3,6,1892,2020-03-06,0.0162000398041406,16.2000398041406,0.0136053570972119,13.6053570972119,0.0141708333333333,14.170833333333299,14.170833333333299,14.170833333333299,14.170833333333299,16.2000398041406,16.2000398041406,16.2000398041406,13.6053570972119,13.6053570972119,13.6053570972119
HRAO,-25.89,27.687,1414.3,2020,3,7,1893,2020-03-07,0.0168620143448949,16.8620143448949,0.0139078979761448,13.907897976144799,0.0155333333333333,15.5333333333333,15.5333333333333,15.5333333333333,15.5333333333333,16.8620143448949,16.8620143448949,16.8620143448949,13.907897976144799,13.907897976144799,13.907897976144799
HRAO,-25.89,27.687,1414.3,2020,3,8,1894,2020-03-08,0.0211306461311525,21.130646131152503,0.0195471213736729,19.547121373672898,0.0195916666666666,19.5916666666666,19.5916666666666,19.5916666666666,19.5916666666666,21.130646131152503,21.130646131152503,21.130646131152503,19.547121373672898,19.547121373672898,19.547121373672898
HRAO,-25.89,27.687,1414.3,2020,3,9,1895,2020-03-09,0.0244168070741404,24.4168070741404,0.0206493909024699,20.6493909024699,0.0216791666666666,21.6791666666666,21.6791666666666,21.6791666666666,21.6791666666666,24.4168070741404,24.4168070741404,24.4168070741404,20.6493909024699,20.6493909024699,20.6493909024699
HRAO,-25.89,27.687,1414.3,2020,3,10,1896,2020-03-10,0.0251061805746384,25.1061805746384,0.0229894916841237,22.9894916841237,0.0224625,22.4625,22.4625,22.4625,22.4625,25.1061805746384,25.1061805746384,25.1061805746384,22.9894916841237,22.9894916841237,22.9894916841237
HRAO,-25.89,27.687,1414.3,2020,3,11,1897,2020-03-11,0.0275543980329096,27.5543980329096,0.0257742592489723,25.7742592489723,0.0266708333333333,26.6708333333333,26.6708333333333,26.6708333333333,26.6708333333333,27.5543980329096,27.5543980329096,27.5543980329096,25.7742592489723,25.7742592489723,25.7742592489723
HRAO,-25.89,27.687,1414.3,2020,3,12,1898,2020-03-12,0.0307611115965899,30.7611115965899,0.0282316609951109,28.2316609951109,0.0302791666666666,30.2791666666666,30.2791666666666,30.2791666666666,30.2791666666666,30.7611115965899,30.7611115965899,30.7611115965899,28.2316609951109,28.2316609951109,28.2316609951109
HRAO,-25.89,27.687,1414.3,2020,3,13,1899,2020-03-13,0.0271460829109503,27.146082910950298,0.0282028207140195,28.2028207140195,0.0270416666666666,27.0416666666666,27.0416666666666,27.0416666666666,27.0416666666666,27.146082910950298,27.146082910950298,27.146082910950298,28.2028207140195,28.2028207140195,28.2028207140195
HRAO,-25.89,27.687,1414.3,2020,3,14,1900,2020-03-14,0.0220363301539932,22.036330153993198,0.0205055419968641,20.5055419968641,0.0212666666666666,21.2666666666666,21.2666666666666,21.2666666666666,21.2666666666666,22.036330153993198,22.036330153993198,22.036330153993198,20.5055419968641,20.5055419968641,20.5055419968641
HRAO,-25.89,27.687,1414.3,2020,3,15,1901,2020-03-15,0.0158525701003701,15.852570100370102,0.0151947823825631,15.1947823825631,0.0160833333333333,16.0833333333333,16.0833333333333,16.0833333333333,16.0833333333333,15.852570100370102,15.852570100370102,15.852570100370102,15.1947823825631,15.1947823825631,15.1947823825631
HRAO,-25.89,27.687,1414.3,2020,3,16,1902,2020-03-16,0.0222435816808296,22.2435816808296,0.0207785559444249,20.7785559444249,0.0224583333333333,22.4583333333333,22.4583333333333,22.4583333333333,22.4583333333333,22.2435816808296,22.2435816808296,22.2435816808296,20.7785559444249,20.7785559444249,20.7785559444249
HRAO,-25.89,27.687,1414.3,2020,3,17,1903,2020-03-17,0.0288015207327127,28.8015207327127,0.0287475510675412,28.747551067541202,0.0297125,29.7125,29.7125,29.7125,29.7125,28.8015207327127,28.8015207327127,28.8015207327127,28.747551067541202,28.747551067541202,28.747551067541202
HRAO,-25.89,27.687,1414.3,2020,3,18,1904,2020-03-18,0.0255100080589507,25.5100080589507,0.0253190757090819,25.3190757090819,0.0249833333333333,24.9833333333333,24.9833333333333,24.9833333333333,24.9833333333333,25.5100080589507,25.5100080589507,25.5100080589507,25.3190757090819,25.3190757090819,25.3190757090819
HRAO,-25.89,27.687,1414.3,2020,3,19,1905,2020-03-19,0.0199795116111411,19.979511611141103,0.0198299298189091,19.8299298189091,0.0198458333333333,19.8458333333333,19.8458333333333,19.8458333333333,19.8458333333333,19.979511611141103,19.979511611141103,19.979511611141103,19.8299298189091,19.8299298189091,19.8299298189091
HRAO,-25.89,27.687,1414.3,2020,3,20,1906,2020-03-20,0.0233923885768013,23.392388576801302,0.0219269780334311,21.9269780334311,0.021775,21.775,21.775,21.775,21.775,23.392388576801302,23.392388576801302,23.392388576801302,21.9269780334311,21.9269780334311,21.9269780334311
HRAO,-25.89,27.687,1414.3,2020,3,21,1907,2020-03-21,0.0273159337445809,27.3159337445809,0.0244816893984461,24.4816893984461,0.0264125,26.412499999999998,26.412499999999998,26.412499999999998,26.412499999999998,27.3159337445809,27.3159337445809,27.3159337445809,24.4816893984461,24.4816893984461,24.4816893984461
HRAO,-25.89,27.687,1414.3,2020,3,22,1908,2020-03-22,0.0288128426622496,28.8128426622496,0.0295519714059393,29.551971405939298,0.02905,29.05,29.05,29.05,29.05,28.8128426622496,28.8128426622496,28.8128426622496,29.551971405939298,29.551971405939298,29.551971405939298
HRAO,-25.89,27.687,1414.3,2020,3,23,1909,2020-03-23,0.0269221691615982,26.922169161598198,0.0265320431924428,26.5320431924428,0.0260541666666666,26.0541666666666,26.0541666666666,26.0541666666666,26.0541666666666,26.922169161598198,26.922169161598198,26.922169161598198,21.9269780334311,26.5320431924428,26.5320431924428
HRAO,-25.89,27.687,1414.3,2020,3,24,1910,2020-03-24,0.0229700734403371,22.9700734403371,0.0208518019038734,20.8518019038734,0.0225416666666666,22.5416666666666,22.5416666666666,22.5416666666666,22.5416666666666,22.9700734403371,22.9700734403371,22.9700734403371,20.8518019038734,20.8518019038734,20.8518019038734
HRAO,-25.89,27.687,1414.3,2020,3,25,1911,2020-03-25,0.0208712534569103,20.8712534569103,0.0213122996920688,21.3122996920688,0.0218041666666666,21.8041666666666,21.8041666666666,21.8041666666666,21.8041666666666,20.8712534569103,20.8712534569103,20.8712534569103,21.3122996920688,21.3122996920688,21.3122996920688
HRAO,-25.89,27.687,1414.3,2020,3,26,1912,2020-03-26,0.0201612822726393,20.161282272639298,0.0217749469772141,21.7749469772141,0.02205,22.05,22.05,22.05,22.05,20.881486072007903,20.161282272639298,20.161282272639298,21.7749469772141,21.7749469772141,21.7749469772141
HRAO,-25.89,27.687,1414.3,2020,3,27,1913,2020-03-27,0.0208814860720079,20.881486072007903,0.0181177507347363,18.1177507347363,0.0202458333333333,20.245833333333298,22.05,20.245833333333298,20.245833333333298,20.881486072007903,20.881486072007903,20.881486072007903,18.1177507347363,18.1177507347363,18.1177507347363
HRAO,-25.89,27.687,1414.3,2020,3,28,1914,2020-03-28,0.0193693523682893,19.369352368289302,0.0175314770415015,17.5314770415015,0.0194875,19.4875,22.05,19.4875,19.4875,19.369352368289302,19.369352368289302,19.369352368289302,21.7749469772141,17.5314770415015,17.5314770415015
HRAO,-25.89,27.687,1414.3,2020,3,29,1915,2020-03-29,0.0245996229712796,24.5996229712796,0.0228114032438897,22.8114032438897,0.0247125,24.7125,24.7125,24.7125,24.7125,24.5996229712796,24.5996229712796,24.5996229712796,22.8114032438897,22.8114032438897,22.8114032438897
HRAO,-25.89,27.687,1414.3,2020,3,30,1916,2020-03-30,0.0320180929434468,32.018092943446796,0.0295037870892726,29.5037870892726,0.0306125,30.6125,27.5708333333333,30.6125,30.6125,32.018092943446796,32.018092943446796,32.018092943446796,29.5037870892726,29.5037870892726,29.5037870892726
HRAO,-25.89,27.687,1414.3,2020,4,1,1918,2020-04-01,0.0287897146237642,28.7897146237642,0.027686962265886,27.686962265886,0.0277375,27.737499999999997,27.737499999999997,27.737499999999997,27.737499999999997,28.7897146237642,28.7897146237642,28.7897146237642,27.686962265886,27.686962265886,27.686962265886
HRAO,-25.89,27.687,1414.3,2020,4,2,1919,2020-04-02,0.027336388973601,27.336388973601,0.0278748308515775,27.8748308515775,0.0275708333333333,27.5708333333333,27.5708333333333,27.5708333333333,27.5708333333333,27.336388973601,27.336388973601,27.336388973601,27.8748308515775,27.8748308515775,27.8748308515775
HRAO,-25.89,27.687,1414.3,2020,4,3,1920,2020-04-03,0.0291046865680932,29.1046865680932,0.0282170775255222,28.2170775255222,0.0280541666666666,28.0541666666666,28.0541666666666,28.0541666666666,28.0541666666666,29.1046865680932,29.1046865680932,29.1046865680932,28.2170775255222,28.2170775255222,28.2170775255222
HRAO,-25.89,27.687,1414.3,2020,4,4,1921,2020-04-04,0.0226368193041396,22.6368193041396,0.0254830970193494,25.4830970193494,0.0241708333333333,24.170833333333302,24.170833333333302,24.170833333333302,24.170833333333302,22.6368193041396,22.6368193041396,22.6368193041396,25.4830970193494,25.4830970193494,25.4830970193494
HRAO,-25.89,27.687,1414.3,2020,4,5,1922,2020-04-05,0.0151575018327092,15.157501832709201,0.014030558468798,14.030558468798,0.0145166666666666,14.5166666666666,20.716666666666598,14.5166666666666,14.5166666666666,15.157501832709201,15.157501832709201,15.157501832709201,18.9147552564764,14.030558468798,14.030558468798
HRAO,-25.89,27.687,1414.3,2020,4,6,1923,2020-04-06,0.0168556515444716,16.8556515444716,0.0152695793967757,15.269579396775699,0.0155958333333333,15.5958333333333,15.5958333333333,15.5958333333333,15.5958333333333,16.8556515444716,16.8556515444716,16.8556515444716,15.269579396775699,15.269579396775699,15.269579396775699
HRAO,-25.89,27.687,1414.3,2020,4,7,1924,2020-04-07,0.0152256301974602,15.2256301974602,0.0159850308401909,15.9850308401909,0.0161041666666666,16.1041666666666,16.1041666666666,16.1041666666666,16.1041666666666,15.2256301974602,15.2256301974602,15.2256301974602,15.9850308401909,15.9850308401909,15.9850308401909
HRAO,-25.89,27.687,1414.3,2020,4,8,1925,2020-04-08,0.019457246450942,19.457246450942,0.0189147552564764,18.9147552564764,0.0207166666666666,20.716666666666598,20.716666666666598,20.716666666666598,20.716666666666598,19.457246450942,19.457246450942,19.457246450942,18.9147552564764,18.9147552564764,18.9147552564764
HRAO,-25.89,27.687,1414.3,2020,4,9,1926,2020-04-09,0.0235355955984185,23.535595598418503,0.0203662403581197,20.3662403581197,0.0217166666666666,21.7166666666666,21.7166666666666,21.7166666666666,21.7166666666666,23.535595598418503,23.535595598418503,23.535595598418503,20.3662403581197,20.3662403581197,20.3662403581197
HRAO,-25.89,27.687,1414.3,2020,4,10,1927,2020-04-10,0.0241677422179914,24.167742217991403,0.0238322895298953,23.832289529895302,0.0225875,22.5875,22.5875,22.5875,22.5875,24.167742217991403,24.167742217991403,24.167742217991403,23.832289529895302,23.832289529895302,23.832289529895302
HRAO,-25.89,27.687,1414.3,2020,4,11,1928,2020-04-11,0.0218877298895907,21.8877298895907,0.0216512239442054,21.651223944205398,0.0202791666666666,20.2791666666666,20.2791666666666,20.2791666666666,20.2791666666666,21.8877298895907,21.8877298895907,21.8877298895907,21.651223944205398,21.651223944205398,21.651223944205398
HRAO,-25.89,27.687,1414.3,2020,4,12,1929,2020-04-12,0.0205164101145692,20.5164101145692,0.0184905037209313,18.4905037209313,0.0198083333333333,19.808333333333298,19.808333333333298,19.808333333333298,19.808333333333298,20.5164101145692,20.5164101145692,20.5164101145692,18.4905037209313,18.4905037209313,18.4905037209313
HRAO,-25.89,27.687,1414.3,2020,4,13,1930,2020-04-13,0.0228218871959449,22.821887195944903,0.021633447734102,21.633447734102003,0.0226083333333333,22.6083333333333,22.6083333333333,22.6083333333333,22.6083333333333,22.821887195944903,22.821887195944903,22.821887195944903,21.633447734102003,21.633447734102003,21.633447734102003
HRAO,-25.89,27.687,1414.3,2020,4,14,1931,2020-04-14,0.0248314494670096,24.831449467009598,0.0262725211112992,26.2725211112992,0.027075,27.075,27.075,27.075,27.075,24.831449467009598,24.831449467009598,24.831449467009598,26.2725211112992,26.2725211112992,26.2725211112992
HRAO,-25.89,27.687,1414.3,2020,4,15,1932,2020-04-15,0.0141066450913349,14.1066450913349,0.0134588784925925,13.4588784925925,0.0138625,13.8625,13.8625,13.8625,13.8625,14.1066450913349,14.1066450913349,14.1066450913349,13.4588784925925,13.4588784925925,13.4588784925925
HRAO,-25.89,27.687,1414.3,2020,4,16,1933,2020-04-16,0.0108801550300885,10.8801550300885,0.0109782836644207,10.9782836644207,0.0108833333333333,10.8833333333333,10.8833333333333,10.8833333333333,10.8833333333333,10.8801550300885,10.8801550300885,10.8801550300885,10.9782836644207,10.9782836644207,10.9782836644207
HRAO,-25.89,27.687,1414.3,2020,4,17,1934,2020-04-17,0.0131333068195118,13.1333068195118,0.0110053187161627,11.0053187161627,0.0117333333333333,11.7333333333333,11.7333333333333,11.7333333333333,11.7333333333333,13.1333068195118,13.1333068195118,13.1333068195118,11.0053187161627,11.0053187161627,11.0053187161627
HRAO,-25.89,27.687,1414.3,2020,4,18,1935,2020-04-18,0.0197192941038778,19.7192941038778,0.0182797131545925,18.2797131545925,0.0190083333333333,19.0083333333333,19.0083333333333,19.0083333333333,19.0083333333333,19.7192941038778,19.7192941038778,19.7192941038778,18.2797131545925,18.2797131545925,18.2797131545925
HRAO,-25.89,27.687,1414.3,2020,4,19,1936,2020-04-19,0.0188401475680317,18.8401475680317,0.0198136322373242,19.8136322373242,0.0203208333333333,20.320833333333297,20.320833333333297,20.320833333333297,20.320833333333297,18.8401475680317,18.8401475680317,18.8401475680317,19.8136322373242,19.8136322373242,19.8136322373242
HRAO,-25.89,27.687,1414.3,2020,4,20,1937,2020-04-20,0.0145712136773464,14.571213677346401,0.0146497953718009,14.649795371800899,0.0163541666666666,16.3541666666666,16.3541666666666,16.3541666666666,16.3541666666666,14.571213677346401,14.571213677346401,14.571213677346401,14.649795371800899,14.649795371800899,14.649795371800899
HRAO,-25.89,27.687,1414.3,2020,4,21,1938,2020-04-21,0.0150881114715628,15.0881114715628,0.0135881880163588,13.588188016358801,0.0143083333333333,14.3083333333333,14.3083333333333,14.3083333333333,14.3083333333333,15.0881114715628,15.0881114715628,15.0881114715628,13.588188016358801,13.588188016358801,13.588188016358801
HRAO,-25.89,27.687,1414.3,2020,4,22,1939,2020-04-22,0.020401167254816,20.401167254816,0.0199981539176472,19.998153917647198,0.0204458333333333,20.445833333333297,20.445833333333297,20.445833333333297,20.445833333333297,20.401167254816,20.401167254816,20.401167254816,19.998153917647198,19.998153917647198,19.998153917647198
HRAO,-25.89,27.687,1414.3,2020,4,23,1940,2020-04-23,0.0206093500853773,20.6093500853773,0.0203881061512612,20.3881061512612,0.0199666666666666,19.9666666666666,19.9666666666666,19.9666666666666,19.9666666666666,20.6093500853773,20.6093500853773,20.6093500853773,20.3881061512612,20.3881061512612,20.3881061512612
HRAO,-25.89,27.687,1414.3,2020,4,24,1941,2020-04-24,0.0190650730497296,19.0650730497296,0.0192731043240074,19.2731043240074,0.0187458333333333,18.745833333333298,18.745833333333298,18.745833333333298,18.745833333333298,19.0650730497296,19.0650730497296,19.0650730497296,19.2731043240074,19.2731043240074,19.2731043240074
HRAO,-25.89,27.687,1414.3,2020,4,25,1942,2020-04-25,0.0205099121498623,20.509912149862302,0.0187629485942873,18.7629485942873,0.0193958333333333,19.3958333333333,19.3958333333333,19.3958333333333,19.3958333333333,20.509912149862302,20.509912149862302,20.509912149862302,18.7629485942873,18.7629485942873,18.7629485942873
HRAO,-25.89,27.687,1414.3,2020,4,26,1943,2020-04-26,0.0232627977666947,23.2627977666947,0.0215723772720533,21.572377272053302,0.0222541666666666,22.2541666666666,22.2541666666666,22.2541666666666,22.2541666666666,20.509912149862302,23.2627977666947,23.2627977666947,21.572377272053302,21.572377272053302,21.572377272053302
HRAO,-25.89,27.687,1414.3,2020,4,27,1944,2020-04-27,0.0254728931176016,25.472893117601597,0.0241312996992744,24.1312996992744,0.0251208333333333,25.1208333333333,19.3958333333333,25.1208333333333,25.1208333333333,25.472893117601597,25.472893117601597,25.472893117601597,24.1312996992744,24.1312996992744,24.1312996992744
HRAO,-25.89,27.687,1414.3,2020,4,28,1945,2020-04-28,0.0203420481646389,20.3420481646389,0.0230082921611275,23.0082921611275,0.0211833333333333,21.1833333333333,21.1833333333333,21.1833333333333,21.1833333333333,20.3420481646389,20.3420481646389,20.3420481646389,23.0082921611275,23.0082921611275,23.0082921611275
HRAO,-25.89,27.687,1414.3,2020,4,29,1946,2020-04-29,0.0127891078407523,12.789107840752301,0.0127834577799006,12.783457779900601,0.0124916666666666,12.491666666666601,12.491666666666601,12.491666666666601,12.491666666666601,12.789107840752301,12.789107840752301,12.789107840752301,12.783457779900601,12.783457779900601,12.783457779900601
HRAO,-25.89,27.687,1414.3,2020,4,30,1947,2020-04-30,0.0110850111546528,11.0850111546528,0.0113711764854899,11.371176485489901,0.0119791666666666,11.9791666666666,11.9791666666666,11.9791666666666,11.9791666666666,11.0850111546528,11.0850111546528,11.0850111546528,11.371176485489901,11.371176485489901,11.371176485489901
HRAO,-25.89,27.687,1414.3,2020,5,1,1948,2020-05-01,0.0102804380711241,10.2804380711241,0.0082930748376278,8.293074837627799,0.0093,9.299999999999999,9.299999999999999,9.299999999999999,9.299999999999999,10.2804380711241,10.2804380711241,10.2804380711241,8.293074837627799,8.293074837627799,8.293074837627799
HRAO,-25.89,27.687,1414.3,2020,5,2,1949,2020-05-02,0.0106238664209962,10.623866420996201,0.0097433929825316,9.7433929825316,0.0101541666666666,10.1541666666666,10.1541666666666,10.1541666666666,10.1541666666666,10.623866420996201,10.623866420996201,10.623866420996201,9.7433929825316,9.7433929825316,9.7433929825316
HRAO,-25.89,27.687,1414.3,2020,5,3,1950,2020-05-03,0.0085607044115437,8.5607044115437,0.0076702938652508,7.6702938652508,0.0089041666666666,8.904166666666601,8.904166666666601,8.904166666666601,8.904166666666601,8.5607044115437,8.5607044115437,8.5607044115437,7.6702938652508,7.6702938652508,7.6702938652508
HRAO,-25.89,27.687,1414.3,2020,5,4,1951,2020-05-04,0.0110525787410977,11.0525787410977,0.0103365874851137,10.3365874851137,0.0113708333333333,11.3708333333333,11.3708333333333,11.3708333333333,11.3708333333333,11.0525787410977,11.0525787410977,11.0525787410977,10.3365874851137,10.3365874851137,10.3365874851137
HRAO,-25.89,27.687,1414.3,2020,5,5,1952,2020-05-05,0.0128051800281127,12.805180028112702,0.0119826384022693,11.9826384022693,0.0132916666666666,13.291666666666599,13.291666666666599,13.291666666666599,13.291666666666599,12.805180028112702,12.805180028112702,12.805180028112702,11.9826384022693,11.9826384022693,11.9826384022693
HRAO,-25.89,27.687,1414.3,2020,5,6,1953,2020-05-06,0.0084785899504935,8.4785899504935,0.0087495767768533,8.749576776853301,0.0085125,8.5125,8.5125,8.5125,8.5125,8.4785899504935,8.4785899504935,8.4785899504935,8.749576776853301,8.749576776853301,8.749576776853301
HRAO,-25.89,27.687,1414.3,2020,5,7,1954,2020-05-07,0.0116998572987677,11.6998572987677,0.0113117205575262,11.311720557526199,0.012225,12.225,12.225,12.225,12.225,11.6998572987677,11.6998572987677,11.6998572987677,11.311720557526199,11.311720557526199,11.311720557526199
HRAO,-25.89,27.687,1414.3,2020,5,8,1955,2020-05-08,0.0132478144649301,13.2478144649301,0.0124173528445305,12.4173528445305,0.0141833333333333,14.1833333333333,14.1833333333333,14.1833333333333,14.1833333333333,13.2478144649301,13.2478144649301,13.2478144649301,12.4173528445305,12.4173528445305,12.4173528445305
HRAO,-25.89,27.687,1414.3,2020,5,9,1956,2020-05-09,0.0125445147833197,12.5445147833197,0.0134054598159301,13.405459815930099,0.0133875,13.3875,11.091666666666601,13.3875,13.3875,10.8208715536226,12.5445147833197,12.5445147833197,13.405459815930099,13.405459815930099,13.405459815930099
HRAO,-25.89,27.687,1414.3,2020,5,10,1957,2020-05-10,0.0107568792898262,10.7568792898262,0.0104070506664453,10.407050666445299,0.0110916666666666,11.091666666666601,11.091666666666601,11.091666666666601,11.091666666666601,10.7568792898262,10.7568792898262,10.7568792898262,10.407050666445299,10.407050666445299,10.407050666445299
HRAO,-25.89,27.687,1414.3,2020,5,11,1958,2020-05-11,0.0108208715536226,10.8208715536226,0.0093736950784279,9.373695078427899,0.0103791666666666,10.3791666666666,10.3791666666666,10.3791666666666,10.3791666666666,10.8208715536226,10.8208715536226,10.8208715536226,9.373695078427899,9.373695078427899,9.373695078427899
HRAO,-25.89,27.687,1414.3,2020,5,12,1959,2020-05-12,0.010461569656265,10.461569656264999,0.0098330817547392,9.8330817547392,0.0103375,10.337499999999999,10.337499999999999,10.337499999999999,10.337499999999999,10.461569656264999,10.461569656264999,10.461569656264999,9.8330817547392,9.8330817547392,9.8330817547392
HRAO,-25.89,27.687,1414.3,2020,5,13,1960,2020-05-13,0.0110875124978301,11.087512497830101,0.0105532495334043,10.553249533404301,0.0107666666666666,10.7666666666666,10.7666666666666,10.7666666666666,10.7666666666666,11.087512497830101,11.087512497830101,11.087512497830101,10.553249533404301,10.553249533404301,10.553249533404301
HRAO,-25.89,27.687,1414.3,2020,5,14,1961,2020-05-14,0.0092198396428048,9.2198396428048,0.0079545225997148,7.9545225997148,0.0076374999999999,7.6374999999999,9.6291666666666,7.6374999999999,7.6374999999999,9.2198396428048,9.2198396428048,9.2198396428048,7.9545225997148,7.9545225997148,7.9545225997148
HRAO,-25.89,27.687,1414.3,2020,5,15,1962,2020-05-15,0.0091546078804403,9.154607880440299,0.0095688465994656,9.5688465994656,0.0090916666666666,9.091666666666601,9.091666666666601,9.091666666666601,9.091666666666601,9.154607880440299,9.154607880440299,9.154607880440299,9.5688465994656,9.5688465994656,9.5688465994656
HRAO,-25.89,27.687,1414.3,2020,5,16,1963,2020-05-16,0.0069969163234281,6.9969163234281,0.006340465729002,6.340465729002,0.0066625,6.6625,9.091666666666601,6.6625,6.6625,9.2198396428048,6.9969163234281,6.9969163234281,6.340465729002,6.340465729002,6.340465729002
HRAO,-25.89,27.687,1414.3,2020,5,17,1964,2020-05-17,0.0095635497757338,9.563549775733799,0.0092116785382352,9.2116785382352,0.0096291666666666,9.6291666666666,9.6291666666666,9.6291666666666,9.6291666666666,9.563549775733799,9.563549775733799,9.563549775733799,9.2116785382352,9.2116785382352,9.2116785382352
HRAO,-25.89,27.687,1414.3,2020,5,18,1965,2020-05-18,0.0090658070460311,9.0658070460311,0.0082864980474854,8.2864980474854,0.0089666666666666,8.966666666666601,8.966666666666601,8.966666666666601,8.966666666666601,9.0658070460311,9.0658070460311,9.0658070460311,8.2864980474854,8.2864980474854,8.2864980474854
HRAO,-25.89,27.687,1414.3,2020,5,19,1966,2020-05-19,0.0095343883361473,9.5343883361473,0.0095157334229991,9.5157334229991,0.0098833333333333,9.883333333333299,9.883333333333299,9.883333333333299,9.883333333333299,9.5343883361473,9.5343883361473,9.5343883361473,9.5157334229991,9.5157334229991,9.5157334229991
HRAO,-25.89,27.687,1414.3,2020,5,20,1967,2020-05-20,0.0106596374400954,10.6596374400954,0.0106466941320226,10.6466941320226,0.0104708333333333,10.470833333333301,10.470833333333301,10.470833333333301,10.470833333333301,10.6596374400954,10.6596374400954,10.6596374400954,10.6466941320226,10.6466941320226,10.6466941320226
HRAO,-25.89,27.687,1414.3,2020,5,21,1968,2020-05-21,0.0118329477374434,11.8329477374434,0.0111511131210519,11.1511131210519,0.0120833333333333,12.0833333333333,12.0833333333333,12.0833333333333,12.0833333333333,10.6596374400954,11.8329477374434,11.8329477374434,11.1511131210519,11.1511131210519,11.1511131210519
HRAO,-25.89,27.687,1414.3,2020,5,22,1969,2020-05-22,0.0108110841366809,10.811084136680899,0.0103768649085289,10.3768649085289,0.0106375,10.6375,10.6375,10.6375,10.6375,10.811084136680899,10.811084136680899,10.811084136680899,10.3768649085289,10.3768649085289,10.3768649085289
HRAO,-25.89,27.687,1414.3,2020,5,23,1970,2020-05-23,0.0105838820553121,10.583882055312099,0.0104483592707322,10.4483592707322,0.010025,10.024999999999999,10.024999999999999,10.024999999999999,10.024999999999999,10.583882055312099,10.583882055312099,10.583882055312099,10.4483592707322,10.4483592707322,10.4483592707322
HRAO,-25.89,27.687,1414.3,2020,5,24,1971,2020-05-24,0.0113110313354382,11.311031335438201,0.0108526974428673,10.8526974428673,0.0101583333333333,10.158333333333301,10.158333333333301,10.158333333333301,10.158333333333301,11.311031335438201,11.311031335438201,11.311031335438201,10.8526974428673,10.8526974428673,10.8526974428673
HRAO,-25.89,27.687,1414.3,2020,5,25,1972,2020-05-25,0.0117375769237701,11.7375769237701,0.0100291149299767,10.0291149299767,0.0105041666666666,10.504166666666599,10.504166666666599,10.504166666666599,10.504166666666599,11.7375769237701,11.7375769237701,11.7375769237701,10.0291149299767,10.0291149299767,10.0291149299767
HRAO,-25.89,27.687,1414.3,2020,5,26,1973,2020-05-26,0.0079812615142723,7.9812615142723,0.0079325288508545,7.932528850854499,0.0074208333333333,7.4208333333333005,7.4208333333333005,7.4208333333333005,7.4208333333333005,7.9812615142723,7.9812615142723,7.9812615142723,7.932528850854499,7.932528850854499,7.932528850854499
HRAO,-25.89,27.687,1414.3,2020,5,27,1974,2020-05-27,0.0055550239221957,5.5550239221957005,0.0047526467451598,4.7526467451598,0.0048916666666666,4.8916666666666,4.8916666666666,4.8916666666666,4.8916666666666,5.5550239221957005,5.5550239221957005,5.5550239221957005,4.7526467451598,4.7526467451598,4.7526467451598
HRAO,-25.89,27.687,1414.3,2020,5,28,1975,2020-05-28,0.0066323592281442,6.6323592281442,0.005671566216781,5.671566216781,0.0054041666666666,5.404166666666599,5.404166666666599,5.404166666666599,5.404166666666599,6.6323592281442,6.6323592281442,6.6323592281442,5.671566216781,5.671566216781,5.671566216781
HRAO,-25.89,27.687,1414.3,2020,5,29,1976,2020-05-29,0.009206219508303,9.206219508303,0.009543191824195,9.543191824195,0.00915,9.15,9.15,9.15,9.15,9.206219508303,9.206219508303,9.206219508303,9.543191824195,9.543191824195,9.543191824195
HRAO,-25.89,27.687,1414.3,2020,5,30,1977,2020-05-30,0.0094730877770217,9.4730877770217,0.0087936196245985,8.7936196245985,0.0088083333333333,8.8083333333333,8.8083333333333,8.8083333333333,8.8083333333333,9.4730877770217,9.4730877770217,9.4730877770217,8.7936196245985,8.7936196245985,8.7936196245985
HRAO,-25.89,27.687,1414.3,2020,6,1,1979,2020-06-01,0.0065357893135862,6.5357893135862,0.0054950031923007,5.4950031923006994,0.0063666666666666,6.3666666666666005,6.3666666666666005,6.3666666666666005,6.3666666666666005,6.5357893135862,6.5357893135862,6.5357893135862,5.4950031923006994,5.4950031923006994,5.4950031923006994
HRAO,-25.89,27.687,1414.3,2020,6,2,1980,2020-06-02,0.0059054298433062,5.905429843306201,0.0060999141664263,6.0999141664263,0.0062708333333333,6.2708333333333,6.2708333333333,6.2708333333333,6.2708333333333,5.905429843306201,5.905429843306201,5.905429843306201,6.0999141664263,6.0999141664263,6.0999141664263
HRAO,-25.89,27.687,1414.3,2020,6,3,1981,2020-06-03,0.0054817018462586,5.4817018462586,0.0061235766023306,6.1235766023305995,0.005775,5.7749999999999995,5.7749999999999995,5.7749999999999995,5.7749999999999995,5.4817018462586,5.4817018462586,5.4817018462586,6.1235766023305995,6.1235766023305995,6.1235766023305995
HRAO,-25.89,27.687,1414.3,2020,6,4,1982,2020-06-04,0.006764146406331,6.764146406330999,0.0062056615439696,6.2056615439696,0.0063166666666666,6.3166666666666,6.3166666666666,6.3166666666666,6.3166666666666,6.764146406330999,6.764146406330999,6.764146406330999,6.2056615439696,6.2056615439696,6.2056615439696
HRAO,-25.89,27.687,1414.3,2020,6,5,1983,2020-06-05,0.0095090453111787,9.5090453111787,0.0089771566316248,8.9771566316248,0.0093208333333333,9.3208333333333,9.3208333333333,9.3208333333333,9.3208333333333,9.5090453111787,9.5090453111787,9.5090453111787,6.4923917563928,8.9771566316248,8.9771566316248
HRAO,-25.89,27.687,1414.3,2020,6,6,1984,2020-06-06,0.0091343404436458,9.134340443645801,0.0088489388189476,8.8489388189476,0.0092874999999999,9.2874999999999,9.2874999999999,9.2874999999999,9.2874999999999,9.134340443645801,9.134340443645801,9.134340443645801,8.8489388189476,8.8489388189476,8.8489388189476
HRAO,-25.89,27.687,1414.3,2020,6,7,1985,2020-06-07,0.0082875335720285,8.2875335720285,0.008032957222396,8.032957222396,0.0077458333333333,7.7458333333333,7.7458333333333,7.7458333333333,7.7458333333333,8.2875335720285,8.2875335720285,8.2875335720285,8.032957222396,8.032957222396,8.032957222396
HRAO,-25.89,27.687,1414.3,2020,6,8,1986,2020-06-08,0.0077542216448452,7.754221644845201,0.0064923917563928,6.4923917563928,0.0069,6.8999999999999995,6.8999999999999995,6.8999999999999995,6.8999999999999995,7.754221644845201,7.754221644845201,7.754221644845201,6.4923917563928,6.4923917563928,6.4923917563928
HRAO,-25.89,27.687,1414.3,2020,6,9,1987,2020-06-09,0.0073259280767214,7.3259280767214,0.0058493860729346,5.8493860729346,0.0068583333333333,6.8583333333333,6.8583333333333,6.8583333333333,6.8583333333333,7.3259280767214,7.3259280767214,7.3259280767214,5.8493860729346,5.8493860729346,5.8493860729346
HRAO,-25.89,27.687,1414.3,2020,6,10,1988,2020-06-10,0.0098946915284699,9.8946915284699,0.0075986252373415,7.5986252373415,0.0088833333333333,8.8833333333333,8.8833333333333,8.8833333333333,8.8833333333333,9.8946915284699,9.8946915284699,9.8946915284699,7.5986252373415,7.5986252373415,7.5986252373415
HRAO,-25.89,27.687,1414.3,2020,6,11,1989,2020-06-11,0.0088841442760405,8.8841442760405,0.0100135226608604,10.0135226608604,0.0091041666666666,9.1041666666666,9.1041666666666,9.1041666666666,9.1041666666666,8.8841442760405,8.8841442760405,8.8841442760405,10.0135226608604,10.0135226608604,10.0135226608604
HRAO,-25.89,27.687,1414.3,2020,6,12,1990,2020-06-12,0.0040293286013516,4.0293286013516,0.003623983282257,3.6239832822570004,0.0034541666666666,3.4541666666666,3.4541666666666,3.4541666666666,3.4541666666666,4.0293286013516,4.0293286013516,4.0293286013516,3.6239832822570004,3.6239832822570004,3.6239832822570004
HRAO,-25.89,27.687,1414.3,2020,6,13,1991,2020-06-13,0.0036128088177493,3.6128088177493,0.0029721263079094,2.9721263079094,0.0032708333333333,3.2708333333333,3.2708333333333,3.2708333333333,3.2708333333333,3.6128088177493,3.6128088177493,3.6128088177493,2.9721263079094,2.9721263079094,2.9721263079094
HRAO,-25.89,27.687,1414.3,2020,6,14,1992,2020-06-14,0.0050328411565188,5.0328411565188,0.0039054704336634,3.9054704336634,0.0046458333333333,4.645833333333299,4.645833333333299,4.645833333333299,4.645833333333299,5.0328411565188,5.0328411565188,5.0328411565188,3.9054704336634,3.9054704336634,3.9054704336634
HRAO,-25.89,27.687,1414.3,2020,6,15,1993,2020-06-15,0.0080245771316172,8.0245771316172,0.0064919072205176,6.4919072205176,0.0068166666666666,6.816666666666601,6.816666666666601,6.816666666666601,6.816666666666601,8.0245771316172,8.0245771316172,8.0245771316172,6.4919072205176,6.4919072205176,6.4919072205176
HRAO,-25.89,27.687,1414.3,2020,6,16,1994,2020-06-16,0.0133202358615963,13.320235861596299,0.0115729547089798,11.5729547089798,0.0129041666666666,12.904166666666601,12.904166666666601,12.904166666666601,12.904166666666601,13.320235861596299,13.320235861596299,13.320235861596299,11.5729547089798,11.5729547089798,11.5729547089798
HRAO,-25.89,27.687,1414.3,2020,6,17,1995,2020-06-17,0.0142293932909889,14.229393290988899,0.0138025992558567,13.802599255856698,0.0133874999999999,13.3874999999999,13.3874999999999,13.3874999999999,13.3874999999999,14.229393290988899,14.229393290988899,14.229393290988899,13.802599255856698,13.802599255856698,13.802599255856698
HRAO,-25.89,27.687,1414.3,2020,6,18,1996,2020-06-18,0.0116971245375873,11.697124537587301,0.0112375797961857,11.2375797961857,0.011575,11.575000000000001,8.875,11.575000000000001,11.575000000000001,8.7855076822204,11.697124537587301,11.697124537587301,11.2375797961857,11.2375797961857,11.2375797961857
HRAO,-25.89,27.687,1414.3,2020,6,19,1997,2020-06-19,0.0087855076822204,8.7855076822204,0.00892879761189,8.92879761189,0.008875,8.875,8.875,8.875,8.875,8.7855076822204,8.7855076822204,8.7855076822204,8.92879761189,8.92879761189,8.92879761189
HRAO,-25.89,27.687,1414.3,2020,6,20,1998,2020-06-20,0.0074203923092128,7.4203923092128,0.0067389859878181,6.7389859878181,0.0073458333333333,7.3458333333332995,7.3458333333332995,7.3458333333332995,7.3458333333332995,7.4203923092128,7.4203923092128,7.4203923092128,6.7389859878181,6.7389859878181,6.7389859878181
HRAO,-25.89,27.687,1414.3,2020,6,21,1999,2020-06-21,0.0061359171240429,6.1359171240429005,0.0057233350143226,5.7233350143226,0.0062583333333333,6.2583333333333,6.2583333333333,6.2583333333333,6.2583333333333,6.1359171240429005,6.1359171240429005,6.1359171240429005,5.7233350143226,5.7233350143226,5.7233350143226
HRAO,-25.89,27.687,1414.3,2020,6,22,2000,2020-06-22,0.0064139302795183,6.4139302795183,0.0056223443130136,5.6223443130136,0.0062,6.2,6.2,6.2,6.2,6.4139302795183,6.4139302795183,6.4139302795183,5.6223443130136,5.6223443130136,5.6223443130136
HRAO,-25.89,27.687,1414.3,2020,6,23,2001,2020-06-23,0.0057499258253588,5.7499258253588,0.0056500466633432,5.6500466633432005,0.0064875,6.4875,6.4875,6.4875,6.4875,5.7499258253588,5.7499258253588,5.7499258253588,5.6500466633432005,5.6500466633432005,5.6500466633432005
HRAO,-25.89,27.687,1414.3,2020,6,24,2002,2020-06-24,0.0047698549776913,4.7698549776913,0.0041605305040807,4.1605305040806995,0.0046416666666666,4.6416666666666,6.2583333333333,4.6416666666666,4.6416666666666,4.7698549776913,4.7698549776913,4.7698549776913,5.6500466633432005,4.1605305040806995,4.1605305040806995
HRAO,-25.89,27.687,1414.3,2020,6,25,2003,2020-06-25,0.0077493655901287,7.7493655901287,0.0059945508473856,5.994550847385599,0.0070958333333333,7.0958333333333,7.0958333333333,7.0958333333333,7.0958333333333,7.7493655901287,7.7493655901287,7.7493655901287,5.994550847385599,5.994550847385599,5.994550847385599
HRAO,-25.89,27.687,1414.3,2020,6,26,2004,2020-06-26,0.0094399105317657,9.439910531765701,0.0087701081150436,8.7701081150436,0.0087583333333333,8.7583333333333,5.7416666666666,8.7583333333333,8.7583333333333,9.439910531765701,9.439910531765701,9.439910531765701,5.7166331744494,8.7701081150436,8.7701081150436
HRAO,-25.89,27.687,1414.3,2020,6,27,2005,2020-06-27,0.0061346126066856,6.1346126066856,0.0055959280589636,5.5959280589636,0.0057416666666666,5.7416666666666,5.7416666666666,5.7416666666666,5.7416666666666,6.1346126066856,6.1346126066856,6.1346126066856,5.5959280589636,5.5959280589636,5.5959280589636
HRAO,-25.89,27.687,1414.3,2020,6,28,2006,2020-06-28,0.0056471924426627,5.647192442662701,0.0057166331744494,5.7166331744494,0.0055666666666666,5.5666666666666,5.5666666666666,5.5666666666666,5.5666666666666,5.647192442662701,5.647192442662701,5.647192442662701,5.7166331744494,5.7166331744494,5.7166331744494
HRAO,-25.89,27.687,1414.3,2020,6,29,2007,2020-06-29,0.0059063909094814,5.9063909094813996,0.0058925712313426,5.8925712313425995,0.0056833333333333,5.6833333333333,5.6833333333333,5.6833333333333,5.6833333333333,5.9063909094813996,5.9063909094813996,5.9063909094813996,5.8925712313425995,5.8925712313425995,5.8925712313425995
HRAO,-25.89,27.687,1414.3,2020,6,30,2008,2020-06-30,0.006874033658952,6.8740336589519995,0.0049565471773671,4.956547177367099,0.0055708333333333,5.5708333333333,5.5708333333333,5.5708333333333,5.5708333333333,6.8740336589519995,6.8740336589519995,6.8740336589519995,4.956547177367099,4.956547177367099,4.956547177367099
HRAO,-25.89,27.687,1414.3,2020,7,1,2009,2020-07-01,0.0094702828631897,9.4702828631897,0.0092582581336786,9.2582581336786,0.0097333333333333,9.7333333333333,9.7333333333333,9.7333333333333,9.7333333333333,9.4702828631897,9.4702828631897,9.4702828631897,5.7166331744494,9.2582581336786,9.2582581336786
HRAO,-25.89,27.687,1414.3,2020,7,2,2010,2020-07-02,0.0072115662913236,7.211566291323599,0.007407416378934,7.407416378933999,0.0073166666666666,7.3166666666666,7.3166666666666,7.3166666666666,7.3166666666666,7.211566291323599,7.211566291323599,7.211566291323599,7.407416378933999,7.407416378933999,7.407416378933999
HRAO,-25.89,27.687,1414.3,2020,7,3,2011,2020-07-03,0.004441400087257,4.4414000872570005,0.0038021557226189,3.8021557226189,0.0035208333333333,3.5208333333332997,3.5208333333332997,3.5208333333332997,3.5208333333332997,4.4414000872570005,4.4414000872570005,4.4414000872570005,3.8021557226189,3.8021557226189,3.8021557226189
HRAO,-25.89,27.687,1414.3,2020,7,4,2012,2020-07-04,0.0049835215596896,4.9835215596896,0.0048093803717318,4.8093803717318,0.0053833333333333,5.3833333333333,5.3833333333333,5.3833333333333,5.3833333333333,4.9835215596896,4.9835215596896,4.9835215596896,4.8093803717318,4.8093803717318,4.8093803717318
HRAO,-25.89,27.687,1414.3,2020,7,5,2013,2020-07-05,0.0035322922431043,3.5322922431043,0.0039053149310405,3.9053149310405,0.0035208333333333,3.5208333333332997,3.5208333333332997,3.5208333333332997,3.5208333333332997,3.5322922431043,3.5322922431043,3.5322922431043,3.9053149310405,3.9053149310405,3.9053149310405
HRAO,-25.89,27.687,1414.3,2020,7,6,2014,2020-07-06,0.0035501471432397,3.5501471432397,0.0037389629139433,3.7389629139433,0.0035,3.5,3.5,3.5,3.5,3.5501471432397,3.5501471432397,3.5501471432397,3.7389629139433,3.7389629139433,3.7389629139433
HRAO,-25.89,27.687,1414.3,2020,7,7,2015,2020-07-07,0.0052502738654782,5.2502738654782,0.0044976058077388,4.4976058077388,0.0043833333333333,4.3833333333333,4.3833333333333,4.3833333333333,4.3833333333333,5.2502738654782,5.2502738654782,5.2502738654782,4.4976058077388,4.4976058077388,4.4976058077388
HRAO,-25.89,27.687,1414.3,2020,7,8,2016,2020-07-08,0.010785205729629,10.785205729629,0.0088528167228406,8.852816722840599,0.0096791666666666,9.6791666666666,9.6791666666666,9.6791666666666,9.6791666666666,10.785205729629,10.785205729629,10.785205729629,8.852816722840599,8.852816722840599,8.852816722840599
HRAO,-25.89,27.687,1414.3,2020,7,9,2017,2020-07-09,0.0116518063978006,11.6518063978006,0.0114626332706795,11.462633270679499,0.0107708333333333,10.7708333333333,10.7708333333333,10.7708333333333,10.7708333333333,11.6518063978006,11.6518063978006,11.6518063978006,6.8037166725864004,11.462633270679499,11.462633270679499
HRAO,-25.89,27.687,1414.3,2020,7,10,2018,2020-07-10,0.0117513025414059,11.751302541405899,0.0104756441640149,10.4756441640149,0.0111791666666666,11.1791666666666,6.5541666666666,11.1791666666666,11.1791666666666,8.1974880553011,11.751302541405899,11.751302541405899,6.8037166725864004,10.4756441640149,10.4756441640149
HRAO,-25.89,27.687,1414.3,2020,7,11,2019,2020-07-11,0.0081974880553011,8.1974880553011,0.0068037166725864,6.8037166725864004,0.0065541666666666,6.5541666666666,6.5541666666666,6.5541666666666,6.5541666666666,8.1974880553011,8.1974880553011,8.1974880553011,6.8037166725864004,6.8037166725864004,6.8037166725864004
HRAO,-25.89,27.687,1414.3,2020,7,12,2020,2020-07-12,0.0037419125576311,3.7419125576311,0.003865498183274,3.865498183274,0.0035666666666666,3.5666666666666,3.5666666666666,3.5666666666666,3.5666666666666,3.7419125576311,3.7419125576311,3.7419125576311,3.865498183274,3.865498183274,3.865498183274
HRAO,-25.89,27.687,1414.3,2020,7,13,2021,2020-07-13,0.0039322092142391,3.9322092142391,0.0037420300945287,3.7420300945286997,0.0037874999999999,3.7874999999998997,3.7874999999998997,3.7874999999998997,3.7874999999998997,3.9322092142391,3.9322092142391,3.9322092142391,3.7420300945286997,3.7420300945286997,3.7420300945286997
HRAO,-25.89,27.687,1414.3,2020,7,14,2022,2020-07-14,0.0042246795012155,4.2246795012155,0.0034885188762834,3.4885188762834,0.00345,3.4499999999999997,3.4499999999999997,3.4499999999999997,3.4499999999999997,4.2246795012155,4.2246795012155,4.2246795012155,3.4885188762834,3.4885188762834,3.4885188762834
HRAO,-25.89,27.687,1414.3,2020,7,15,2023,2020-07-15,0.0025939451793771,2.5939451793771,0.0026314834060859,2.6314834060859003,0.0026666666666666,2.6666666666666,2.6666666666666,2.6666666666666,2.6666666666666,2.5939451793771,2.5939451793771,2.5939451793771,2.6314834060859003,2.6314834060859003,2.6314834060859003
HRAO,-25.89,27.687,1414.3,2020,7,16,2024,2020-07-16,0.0027045551500795,2.7045551500795,0.0027378528456626,2.7378528456626,0.0026416666666666,2.6416666666666,2.6416666666666,2.6416666666666,2.6416666666666,2.7045551500795,2.7045551500795,2.7045551500795,2.7378528456626,2.7378528456626,2.7378528456626
HRAO,-25.89,27.687,1414.3,2020,7,17,2025,2020-07-17,0.0031714981869652,3.1714981869652,0.0032119637284295,3.2119637284294997,0.003075,3.075,3.075,3.075,3.075,3.1714981869652,3.1714981869652,3.1714981869652,3.2119637284294997,3.2119637284294997,3.2119637284294997
HRAO,-25.89,27.687,1414.3,2020,7,18,2026,2020-07-18,0.0033937944432495,3.3937944432495,0.0033703315424084,3.3703315424084,0.0031916666666666,3.1916666666666003,3.1916666666666003,3.1916666666666003,3.1916666666666003,3.3937944432495,3.3937944432495,3.3937944432495,3.3703315424084,3.3703315424084,3.3703315424084
HRAO,-25.89,27.687,1414.3,2020,7,19,2027,2020-07-19,0.0035380038105608,3.5380038105608,0.0030208106222814,3.0208106222814,0.0028958333333333,2.8958333333333,2.8958333333333,2.8958333333333,2.8958333333333,3.5380038105608,3.5380038105608,3.5380038105608,3.0208106222814,3.0208106222814,3.0208106222814
HRAO,-25.89,27.687,1414.3,2020,7,20,2028,2020-07-20,0.0046150480917901,4.6150480917901,0.0044081635048004,4.4081635048004,0.0042458333333333,4.245833333333301,4.245833333333301,4.245833333333301,4.245833333333301,4.6150480917901,4.6150480917901,4.6150480917901,4.4081635048004,4.4081635048004,4.4081635048004
HRAO,-25.89,27.687,1414.3,2020,7,21,2029,2020-07-21,0.0041094425717689,4.1094425717689,0.0033821233732487,3.3821233732487,0.0036583333333333,3.6583333333333,3.6583333333333,3.6583333333333,3.6583333333333,4.1094425717689,4.1094425717689,4.1094425717689,3.3821233732487,3.3821233732487,3.3821233732487
HRAO,-25.89,27.687,1414.3,2020,7,22,2030,2020-07-22,0.003732270490075,3.732270490075,0.0039621181731756,3.9621181731756003,0.0038375,3.8375000000000004,3.8375000000000004,3.8375000000000004,3.8375000000000004,3.732270490075,3.732270490075,3.732270490075,3.9621181731756003,3.9621181731756003,3.9621181731756003
HRAO,-25.89,27.687,1414.3,2020,7,23,2031,2020-07-23,0.0055907019892924,5.5907019892924,0.0054102237407319,5.4102237407319,0.0054125,5.4125,5.4125,5.4125,5.4125,5.5907019892924,5.5907019892924,5.5907019892924,5.4102237407319,5.4102237407319,5.4102237407319
HRAO,-25.89,27.687,1414.3,2020,7,24,2032,2020-07-24,0.0066551668169347,6.6551668169347,0.0047452164496565,4.745216449656501,0.0061708333333333,6.1708333333333,6.1708333333333,6.1708333333333,6.1708333333333,6.6551668169347,6.6551668169347,6.6551668169347,4.745216449656501,4.745216449656501,4.745216449656501
HRAO,-25.89,27.687,1414.3,2020,7,25,2033,2020-07-25,0.0060222541100992,6.0222541100992,0.0044925983692713,4.4925983692713,0.0062333333333333,6.2333333333333,6.2333333333333,6.2333333333333,6.2333333333333,6.0222541100992,6.0222541100992,6.0222541100992,4.4925983692713,4.4925983692713,4.4925983692713
HRAO,-25.89,27.687,1414.3,2020,7,26,2034,2020-07-26,0.004678509019144,4.678509019143999,0.0042758391967256,4.275839196725601,0.00445,4.45,4.45,4.45,4.45,4.678509019143999,4.678509019143999,4.678509019143999,4.275839196725601,4.275839196725601,4.275839196725601
HRAO,-25.89,27.687,1414.3,2020,7,27,2035,2020-07-27,0.0076188508062565,7.6188508062565,0.0055796777641303,5.5796777641303,0.0068625,6.8625,6.8625,6.8625,6.8625,7.6188508062565,7.6188508062565,7.6188508062565,5.5796777641303,5.5796777641303,5.5796777641303
HRAO,-25.89,27.687,1414.3,2020,7,28,2036,2020-07-28,0.0093262447091642,9.3262447091642,0.0081435838213388,8.143583821338801,0.0087833333333333,8.7833333333333,8.7833333333333,8.7833333333333,8.7833333333333,9.3262447091642,9.3262447091642,9.3262447091642,5.269324457587,8.143583821338801,8.143583821338801
HRAO,-25.89,27.687,1414.3,2020,7,29,2037,2020-07-29,0.0081403649985609,8.1403649985609,0.0068190012842856,6.8190012842856005,0.00735,7.35,7.35,7.35,7.35,8.1403649985609,8.1403649985609,8.1403649985609,6.8190012842856005,6.8190012842856005,6.8190012842856005
HRAO,-25.89,27.687,1414.3,2020,7,30,2038,2020-07-30,0.0063025166147782,6.3025166147782,0.005269324457587,5.269324457587,0.0055958333333333,5.5958333333332995,5.5958333333332995,5.5958333333332995,5.5958333333332995,6.3025166147782,6.3025166147782,6.3025166147782,5.269324457587,5.269324457587,5.269324457587
HRAO,-25.89,27.687,1414.3,2020,8,1,2040,2020-08-01,0.0050004773844337,5.0004773844337,0.0046328489049391,4.632848904939101,0.00505,5.05,5.05,5.05,5.05,5.0004773844337,5.0004773844337,5.0004773844337,4.632848904939101,4.632848904939101,4.632848904939101
HRAO,-25.89,27.687,1414.3,2020,8,2,2041,2020-08-02,0.0048720461385701,4.8720461385701,0.0056755468797655,5.6755468797655,0.0055208333333333,5.5208333333333,5.5208333333333,5.5208333333333,5.5208333333333,4.8720461385701,4.8720461385701,4.8720461385701,5.6755468797655,5.6755468797655,5.6755468797655
HRAO,-25.89,27.687,1414.3,2020,8,3,2042,2020-08-03,0.0043925471024952,4.3925471024952,0.0044001603513492,4.4001603513492,0.0041458333333333,4.1458333333333,4.1458333333333,4.1458333333333,4.1458333333333,5.0004773844337,4.3925471024952,4.3925471024952,4.4001603513492,4.4001603513492,4.4001603513492
HRAO,-25.89,27.687,1414.3,2020,8,4,2043,2020-08-04,0.0045887049831334,4.5887049831334,0.003867023411871,3.8670234118709996,0.0038083333333333,3.8083333333333,3.8083333333333,3.8083333333333,3.8083333333333,4.5887049831334,4.5887049831334,4.5887049831334,3.8670234118709996,3.8670234118709996,3.8670234118709996
HRAO,-25.89,27.687,1414.3,2020,8,5,2044,2020-08-05,0.0061689283533913,6.1689283533913,0.0046329940022367,4.6329940022367,0.0048875,4.8875,4.8875,4.8875,4.8875,6.1689283533913,6.1689283533913,6.1689283533913,4.6329940022367,4.6329940022367,4.6329940022367
HRAO,-25.89,27.687,1414.3,2020,8,6,2045,2020-08-06,0.0086554445090368,8.655444509036801,0.0080451251520607,8.045125152060699,0.0084291666666666,8.4291666666666,8.4291666666666,8.4291666666666,8.4291666666666,8.655444509036801,8.655444509036801,8.655444509036801,8.045125152060699,8.045125152060699,8.045125152060699
HRAO,-25.89,27.687,1414.3,2020,8,7,2046,2020-08-07,0.0101344161828109,10.1344161828109,0.0098242236791799,9.8242236791799,0.0112083333333333,11.2083333333333,11.2083333333333,11.2083333333333,11.2083333333333,10.1344161828109,10.1344161828109,10.1344161828109,9.8242236791799,9.8242236791799,9.8242236791799
HRAO,-25.89,27.687,1414.3,2020,8,8,2047,2020-08-08,0.0102135016730616,10.2135016730616,0.0092936136107364,9.2936136107364,0.0100291666666666,10.0291666666666,10.0291666666666,10.0291666666666,10.0291666666666,10.2135016730616,10.2135016730616,10.2135016730616,9.2936136107364,9.2936136107364,9.2936136107364
HRAO,-25.89,27.687,1414.3,2020,8,9,2048,2020-08-09,0.0081689881223281,8.168988122328098,0.0090047241417308,9.004724141730799,0.0092541666666666,9.2541666666666,9.2541666666666,9.2541666666666,9.2541666666666,8.168988122328098,8.168988122328098,8.168988122328098,9.004724141730799,9.004724141730799,9.004724141730799
HRAO,-25.89,27.687,1414.3,2020,8,10,2049,2020-08-10,0.003283567088845,3.2835670888450004,0.0029553070921298,2.9553070921298,0.0024874999999999,2.4874999999999,2.4874999999999,2.4874999999999,2.4874999999999,3.2835670888450004,3.2835670888450004,3.2835670888450004,2.9553070921298,2.9553070921298,2.9553070921298
HRAO,-25.89,27.687,1414.3,2020,8,11,2050,2020-08-11,0.0052110052217314,5.2110052217314005,0.004044722764044,4.044722764044,0.0049458333333333,4.9458333333333,4.9458333333333,4.9458333333333,4.9458333333333,5.2110052217314005,5.2110052217314005,5.2110052217314005,4.044722764044,4.044722764044,4.044722764044
HRAO,-25.89,27.687,1414.3,2020,8,12,2051,2020-08-12,0.0086091526219412,8.6091526219412,0.0084699029958054,8.4699029958054,0.0089208333333333,8.9208333333333,8.9208333333333,8.9208333333333,8.9208333333333,8.6091526219412,8.6091526219412,8.6091526219412,8.4699029958054,8.4699029958054,8.4699029958054
HRAO,-25.89,27.687,1414.3,2020,8,13,2052,2020-08-13,0.0041806761965934,4.1806761965934,0.0035624925854864,3.5624925854864,0.0028208333333333,2.8208333333333,2.8208333333333,2.8208333333333,2.8208333333333,4.1806761965934,4.1806761965934,4.1806761965934,3.5624925854864,3.5624925854864,3.5624925854864
HRAO,-25.89,27.687,1414.3,2020,8,14,2053,2020-08-14,0.0052826737226526,5.2826737226526,0.0040278622598009,4.0278622598009,0.0049708333333333,4.9708333333333,4.9708333333333,4.9708333333333,4.9708333333333,5.2826737226526,5.2826737226526,5.2826737226526,4.0278622598009,4.0278622598009,4.0278622598009
HRAO,-25.89,27.687,1414.3,2020,8,15,2054,2020-08-15,0.0096158455711327,9.6158455711327,0.0097350389702776,9.7350389702776,0.0102208333333333,10.220833333333301,10.220833333333301,10.220833333333301,10.220833333333301,9.6158455711327,9.6158455711327,9.6158455711327,9.7350389702776,9.7350389702776,9.7350389702776
HRAO,-25.89,27.687,1414.3,2020,8,16,2055,2020-08-16,0.0060564826930773,6.0564826930772995,0.0058175551925344,5.8175551925344005,0.00565,5.6499999999999995,5.6499999999999995,5.6499999999999995,5.6499999999999995,6.0564826930772995,6.0564826930772995,6.0564826930772995,5.8175551925344005,5.8175551925344005,5.8175551925344005
HRAO,-25.89,27.687,1414.3,2020,8,17,2056,2020-08-17,0.0105258676405087,10.5258676405087,0.0093234774083849,9.323477408384901,0.0101916666666666,10.1916666666666,10.1916666666666,10.1916666666666,10.1916666666666,10.5258676405087,10.5258676405087,10.5258676405087,9.323477408384901,9.323477408384901,9.323477408384901
HRAO,-25.89,27.687,1414.3,2020,8,18,2057,2020-08-18,0.0110938789806564,11.093878980656399,0.0108370550865337,10.8370550865337,0.0098916666666666,9.8916666666666,9.8916666666666,9.8916666666666,9.8916666666666,11.093878980656399,11.093878980656399,11.093878980656399,10.8370550865337,10.8370550865337,10.8370550865337
HRAO,-25.89,27.687,1414.3,2020,8,19,2058,2020-08-19,0.0037939971222157,3.7939971222157003,0.0020390587065674,2.0390587065674,0.002225,2.225,2.225,2.225,2.225,3.7939971222157003,3.7939971222157003,3.7939971222157003,2.0390587065674,2.0390587065674,2.0390587065674
HRAO,-25.89,27.687,1414.3,2020,8,20,2059,2020-08-20,0.0075401649058123,7.540164905812301,0.0061793460980307,6.179346098030701,0.0067291666666666,6.7291666666666,6.7291666666666,6.7291666666666,6.7291666666666,7.540164905812301,7.540164905812301,7.540164905812301,6.179346098030701,6.179346098030701,6.179346098030701
HRAO,-25.89,27.687,1414.3,2020,8,21,2060,2020-08-21,0.0109276621416684,10.927662141668401,0.0085000174173148,8.5000174173148,0.0094749999999999,9.4749999999999,9.4749999999999,9.4749999999999,9.4749999999999,10.927662141668401,10.927662141668401,10.927662141668401,8.5000174173148,8.5000174173148,8.5000174173148
HRAO,-25.89,27.687,1414.3,2020,8,22,2061,2020-08-22,0.0123170018227206,12.317001822720599,0.0118377198141248,11.837719814124801,0.0115791666666666,11.5791666666666,11.5791666666666,11.5791666666666,11.5791666666666,12.317001822720599,12.317001822720599,12.317001822720599,11.837719814124801,11.837719814124801,11.837719814124801
HRAO,-25.89,27.687,1414.3,2020,8,23,2062,2020-08-23,0.0121588692661961,12.1588692661961,0.0120729210375122,12.0729210375122,0.0115833333333333,11.5833333333333,11.5833333333333,11.5833333333333,11.5833333333333,12.1588692661961,12.1588692661961,12.1588692661961,12.0729210375122,12.0729210375122,12.0729210375122
HRAO,-25.89,27.687,1414.3,2020,8,24,2063,2020-08-24,0.0107949984729753,10.7949984729753,0.0104204795821264,10.4204795821264,0.0098875,9.887500000000001,9.887500000000001,9.887500000000001,9.887500000000001,10.7949984729753,10.7949984729753,10.7949984729753,10.4204795821264,10.4204795821264,10.4204795821264
HRAO,-25.89,27.687,1414.3,2020,8,25,2064,2020-08-25,0.0090988445098882,9.098844509888199,0.0085075811237175,8.5075811237175,0.0085875,8.5875,8.5875,8.5875,8.5875,9.098844509888199,9.098844509888199,9.098844509888199,8.5075811237175,8.5075811237175,8.5075811237175
HRAO,-25.89,27.687,1414.3,2020,8,26,2065,2020-08-26,0.0133716111464959,13.371611146495901,0.0118201361072423,11.8201361072423,0.0129791666666666,12.9791666666666,12.9791666666666,12.9791666666666,12.9791666666666,13.371611146495901,13.371611146495901,13.371611146495901,11.8201361072423,11.8201361072423,11.8201361072423
HRAO,-25.89,27.687,1414.3,2020,8,27,2066,2020-08-27,0.0172032817918074,17.203281791807402,0.0154240613230186,15.4240613230186,0.0161875,16.1875,16.1875,16.1875,16.1875,17.203281791807402,17.203281791807402,17.203281791807402,15.4240613230186,15.4240613230186,15.4240613230186
HRAO,-25.89,27.687,1414.3,2020,8,28,2067,2020-08-28,0.01873152863494,18.731528634940002,0.0177424391230336,17.7424391230336,0.0176041666666666,17.6041666666666,17.6041666666666,17.6041666666666,17.6041666666666,18.731528634940002,18.731528634940002,18.731528634940002,17.7424391230336,17.7424391230336,17.7424391230336
HRAO,-25.89,27.687,1414.3,2020,8,29,2068,2020-08-29,0.0151608887668731,15.1608887668731,0.0144889328018078,14.4889328018078,0.0148458333333333,14.8458333333333,14.8458333333333,14.8458333333333,14.8458333333333,15.1608887668731,15.1608887668731,15.1608887668731,14.4889328018078,14.4889328018078,14.4889328018078
HRAO,-25.89,27.687,1414.3,2020,8,30,2069,2020-08-30,0.0066539670670236,6.653967067023601,0.0052195022132083,5.2195022132083,0.004925,4.925,4.925,4.925,4.925,6.653967067023601,6.653967067023601,6.653967067023601,5.2195022132083,5.2195022132083,5.2195022132083
HRAO,-25.89,27.687,1414.3,2020,9,1,2071,2020-09-01,0.0173217583607876,17.3217583607876,0.0154317002784844,15.4317002784844,0.0163,16.299999999999997,16.299999999999997,16.299999999999997,16.299999999999997,17.3217583607876,17.3217583607876,17.3217583607876,15.4317002784844,15.4317002784844,15.4317002784844
HRAO,-25.89,27.687,1414.3,2020,9,2,2072,2020-09-02,0.0218179942972251,21.8179942972251,0.0215285123712726,21.528512371272598,0.0225041666666666,22.5041666666666,14.8458333333333,22.5041666666666,22.5041666666666,21.8179942972251,21.8179942972251,21.8179942972251,14.4889328018078,21.528512371272598,21.528512371272598
HRAO,-25.89,27.687,1414.3,2020,9,3,2073,2020-09-03,0.019169232770501,19.169232770501,0.0185384133461802,18.5384133461802,0.0190166666666666,19.016666666666598,14.7333333333333,19.016666666666598,19.016666666666598,19.169232770501,19.169232770501,19.169232770501,13.8751465062928,18.5384133461802,18.5384133461802
HRAO,-25.89,27.687,1414.3,2020,9,4,2074,2020-09-04,0.0138231451278485,13.8231451278485,0.0130682369220349,13.0682369220349,0.0147333333333333,14.7333333333333,14.7333333333333,14.7333333333333,14.7333333333333,13.8231451278485,13.8231451278485,13.8231451278485,13.0682369220349,13.0682369220349,13.0682369220349
HRAO,-25.89,27.687,1414.3,2020,9,5,2075,2020-09-05,0.0137383250974371,13.7383250974371,0.0128674349564085,12.8674349564085,0.0138208333333333,13.820833333333299,13.820833333333299,13.820833333333299,13.820833333333299,13.7383250974371,13.7383250974371,13.7383250974371,12.8674349564085,12.8674349564085,12.8674349564085
HRAO,-25.89,27.687,1414.3,2020,9,6,2076,2020-09-06,0.0153927242189601,15.3927242189601,0.0138751465062928,13.8751465062928,0.0142458333333333,14.2458333333333,14.2458333333333,14.2458333333333,14.2458333333333,15.3927242189601,15.3927242189601,15.3927242189601,13.8751465062928,13.8751465062928,13.8751465062928
HRAO,-25.89,27.687,1414.3,2020,9,7,2077,2020-09-07,0.0137670403875647,13.7670403875647,0.0129513707381543,12.9513707381543,0.0135041666666666,13.5041666666666,13.5041666666666,13.5041666666666,13.5041666666666,13.7670403875647,13.7670403875647,13.7670403875647,12.9513707381543,12.9513707381543,12.9513707381543
HRAO,-25.89,27.687,1414.3,2020,9,8,2078,2020-09-08,0.0105591868241377,10.5591868241377,0.0101755722379532,10.1755722379532,0.0118458333333333,11.8458333333333,11.8458333333333,11.8458333333333,11.8458333333333,10.5591868241377,10.5591868241377,10.5591868241377,10.1755722379532,10.1755722379532,10.1755722379532
HRAO,-25.89,27.687,1414.3,2020,9,9,2079,2020-09-09,0.0113555106096877,11.3555106096877,0.010690132768995,10.690132768995,0.0110083333333333,11.0083333333333,11.0083333333333,11.0083333333333,11.0083333333333,11.3555106096877,11.3555106096877,11.3555106096877,10.690132768995,10.690132768995,10.690132768995
HRAO,-25.89,27.687,1414.3,2020,9,10,2080,2020-09-10,0.0108897488375756,10.8897488375756,0.0090751860485388,9.0751860485388,0.0089541666666666,8.9541666666666,8.9541666666666,8.9541666666666,8.9541666666666,10.8897488375756,10.8897488375756,10.8897488375756,9.0751860485388,9.0751860485388,9.0751860485388
HRAO,-25.89,27.687,1414.3,2020,9,11,2081,2020-09-11,0.0096779757675059,9.677975767505899,0.0097880343263725,9.7880343263725,0.0099583333333333,9.9583333333333,9.9583333333333,9.9583333333333,9.9583333333333,9.677975767505899,9.677975767505899,9.677975767505899,9.7880343263725,9.7880343263725,9.7880343263725
HRAO,-25.89,27.687,1414.3,2020,9,12,2082,2020-09-12,0.0092565577998277,9.2565577998277,0.0093387160300447,9.338716030044699,0.00885,8.85,8.85,8.85,8.85,9.2565577998277,9.2565577998277,9.2565577998277,9.338716030044699,9.338716030044699,9.338716030044699
HRAO,-25.89,27.687,1414.3,2020,9,13,2083,2020-09-13,0.0100677090606398,10.0677090606398,0.0085647195664375,8.5647195664375,0.00945,9.45,9.45,9.45,9.45,10.0677090606398,10.0677090606398,10.0677090606398,8.5647195664375,8.5647195664375,8.5647195664375
HRAO,-25.89,27.687,1414.3,2020,9,14,2084,2020-09-14,0.0127755429641887,12.7755429641887,0.011529954037625,11.529954037625,0.0125833333333333,12.5833333333333,12.5833333333333,12.5833333333333,12.5833333333333,12.7755429641887,12.7755429641887,12.7755429641887,11.529954037625,11.529954037625,11.529954037625
HRAO,-25.89,27.687,1414.3,2020,9,15,2085,2020-09-15,0.0148396115165066,14.8396115165066,0.0127194400076758,12.7194400076758,0.0128416666666666,12.841666666666601,12.841666666666601,12.841666666666601,12.841666666666601,14.8396115165066,14.8396115165066,14.8396115165066,12.7194400076758,12.7194400076758,12.7194400076758
HRAO,-25.89,27.687,1414.3,2020,9,16,2086,2020-09-16,0.0156148129580018,15.6148129580018,0.016644736207853,16.644736207853,0.0171333333333333,17.133333333333297,17.133333333333297,17.133333333333297,17.133333333333297,15.6148129580018,15.6148129580018,15.6148129580018,16.644736207853,16.644736207853,16.644736207853
HRAO,-25.89,27.687,1414.3,2020,9,17,2087,2020-09-17,0.0162084481646434,16.2084481646434,0.0141972378741319,14.1972378741319,0.0165708333333333,16.570833333333297,16.570833333333297,16.570833333333297,16.570833333333297,16.2084481646434,16.2084481646434,16.2084481646434,14.1972378741319,14.1972378741319,14.1972378741319
HRAO,-25.89,27.687,1414.3,2020,9,18,2088,2020-09-18,0.015952060103894,15.952060103894002,0.0167949240989759,16.7949240989759,0.0171125,17.1125,17.1125,17.1125,17.1125,15.952060103894002,15.952060103894002,15.952060103894002,16.7949240989759,16.7949240989759,16.7949240989759
HRAO,-25.89,27.687,1414.3,2020,9,19,2089,2020-09-19,0.0151927965713675,15.1927965713675,0.0155330605155526,15.5330605155526,0.0162041666666666,16.204166666666598,16.204166666666598,16.204166666666598,16.204166666666598,15.1927965713675,15.1927965713675,15.1927965713675,15.5330605155526,15.5330605155526,15.5330605155526
HRAO,-25.89,27.687,1414.3,2020,9,20,2090,2020-09-20,0.0191752804621004,19.1752804621004,0.0163939828179715,16.3939828179715,0.0174166666666666,17.4166666666666,17.4166666666666,17.4166666666666,17.4166666666666,19.1752804621004,19.1752804621004,19.1752804621004,16.3939828179715,16.3939828179715,16.3939828179715
HRAO,-25.89,27.687,1414.3,2020,9,21,2091,2020-09-21,0.0197511243489976,19.7511243489976,0.0162390455403639,16.2390455403639,0.0163708333333333,16.370833333333298,16.370833333333298,16.370833333333298,16.370833333333298,19.7511243489976,19.7511243489976,19.7511243489976,16.2390455403639,16.2390455403639,16.2390455403639
HRAO,-25.89,27.687,1414.3,2020,9,22,2092,2020-09-22,0.0178096617942029,17.8096617942029,0.0172238943787939,17.2238943787939,0.0176416666666666,17.6416666666666,17.6416666666666,17.6416666666666,17.6416666666666,17.8096617942029,17.8096617942029,17.8096617942029,17.2238943787939,17.2238943787939,17.2238943787939
HRAO,-25.89,27.687,1414.3,2020,9,23,2093,2020-09-23,0.0151586282444922,15.1586282444922,0.0144799935787282,14.479993578728202,0.0150125,15.0125,15.0125,15.0125,15.0125,15.1586282444922,15.1586282444922,15.1586282444922,14.479993578728202,14.479993578728202,14.479993578728202
HRAO,-25.89,27.687,1414.3,2020,9,24,2094,2020-09-24,0.0150459257724351,15.0459257724351,0.0113625533633181,11.362553363318101,0.01295,12.95,12.95,12.95,12.95,15.0459257724351,15.0459257724351,15.0459257724351,11.362553363318101,11.362553363318101,11.362553363318101
HRAO,-25.89,27.687,1414.3,2020,9,25,2095,2020-09-25,0.0183329816502433,18.332981650243298,0.0175296892668327,17.5296892668327,0.0174916666666666,17.4916666666666,17.4916666666666,17.4916666666666,17.4916666666666,18.332981650243298,18.332981650243298,18.332981650243298,17.5296892668327,17.5296892668327,17.5296892668327
HRAO,-25.89,27.687,1414.3,2020,9,26,2096,2020-09-26,0.0107604477726821,10.7604477726821,0.0100419643280904,10.041964328090401,0.0089333333333333,8.9333333333333,8.9333333333333,8.9333333333333,8.9333333333333,10.7604477726821,10.7604477726821,10.7604477726821,10.041964328090401,10.041964328090401,10.041964328090401
HRAO,-25.89,27.687,1414.3,2020,9,27,2097,2020-09-27,0.0044748844605586,4.4748844605586005,0.0037091899045338,3.7091899045338,0.0035583333333333,3.5583333333333003,3.5583333333333003,3.5583333333333003,3.5583333333333003,4.4748844605586005,4.4748844605586005,4.4748844605586005,3.7091899045338,3.7091899045338,3.7091899045338
HRAO,-25.89,27.687,1414.3,2020,9,28,2098,2020-09-28,0.0050695387310856,5.069538731085601,0.0042397932676056,4.2397932676056005,0.00415,4.15,4.15,4.15,4.15,5.069538731085601,5.069538731085601,5.069538731085601,4.2397932676056005,4.2397932676056005,4.2397932676056005
HRAO,-25.89,27.687,1414.3,2020,9,29,2099,2020-09-29,0.0059970668059698,5.9970668059698005,0.0052525130720355,5.252513072035501,0.0051541666666666,5.1541666666666,5.1541666666666,5.1541666666666,5.1541666666666,5.9970668059698005,5.9970668059698005,5.9970668059698005,5.252513072035501,5.252513072035501,5.252513072035501
HRAO,-25.89,27.687,1414.3,2020,9,30,2100,2020-09-30,0.0171886444715615,17.188644471561503,0.0148379866206007,14.8379866206007,0.0171291666666666,17.129166666666602,17.129166666666602,17.129166666666602,17.129166666666602,17.188644471561503,17.188644471561503,17.188644471561503,14.8379866206007,14.8379866206007,14.8379866206007
HRAO,-25.89,27.687,1414.3,2020,10,1,2101,2020-10-01,0.0260927106928789,26.092710692878903,0.0216186641889808,21.618664188980798,0.0243041666666666,24.3041666666666,24.3041666666666,24.3041666666666,24.3041666666666,26.092710692878903,26.092710692878903,26.092710692878903,21.618664188980798,21.618664188980798,21.618664188980798
HRAO,-25.89,27.687,1414.3,2020,10,2,2102,2020-10-02,0.0236752662726151,23.6752662726151,0.0251958113282574,25.1958113282574,0.0254833333333333,25.4833333333333,25.4833333333333,25.4833333333333,25.4833333333333,23.6752662726151,23.6752662726151,23.6752662726151,25.1958113282574,25.1958113282574,25.1958113282574
HRAO,-25.89,27.687,1414.3,2020,10,3,2103,2020-10-03,0.0174513857202087,17.4513857202087,0.016669875683788,16.669875683788,0.0187083333333333,18.7083333333333,18.7083333333333,18.7083333333333,18.7083333333333,17.4513857202087,17.4513857202087,17.4513857202087,16.669875683788,16.669875683788,16.669875683788
HRAO,-25.89,27.687,1414.3,2020,10,4,2104,2020-10-04,0.0180849889629185,18.0849889629185,0.017175692428647,17.175692428647,0.01995,19.95,19.95,19.95,19.95,18.0849889629185,18.0849889629185,18.0849889629185,17.175692428647,17.175692428647,17.175692428647
HRAO,-25.89,27.687,1414.3,2020,10,5,2105,2020-10-05,0.0256288244287527,25.6288244287527,0.0277843284850274,27.7843284850274,0.0286958333333333,28.695833333333297,28.695833333333297,28.695833333333297,28.695833333333297,25.6288244287527,25.6288244287527,25.6288244287527,27.7843284850274,27.7843284850274,27.7843284850274
HRAO,-25.89,27.687,1414.3,2020,10,6,2106,2020-10-06,0.026293045455131,26.293045455131,0.028231671126334,28.231671126334,0.0269416666666666,26.9416666666666,26.9416666666666,26.9416666666666,26.9416666666666,26.293045455131,26.293045455131,26.293045455131,28.231671126334,28.231671126334,28.231671126334
HRAO,-25.89,27.687,1414.3,2020,10,7,2107,2020-10-07,0.0231972269059967,23.1972269059967,0.0231308407354389,23.130840735438902,0.0224666666666666,22.4666666666666,22.4666666666666,22.4666666666666,22.4666666666666,23.1972269059967,23.1972269059967,23.1972269059967,23.130840735438902,23.130840735438902,23.130840735438902
HRAO,-25.89,27.687,1414.3,2020,10,8,2108,2020-10-08,0.0230353389942105,23.035338994210502,0.0230182332555415,23.0182332555415,0.0247624999999999,24.7624999999999,24.7624999999999,24.7624999999999,24.7624999999999,23.035338994210502,23.035338994210502,23.035338994210502,23.0182332555415,23.0182332555415,23.0182332555415
HRAO,-25.89,27.687,1414.3,2020,10,9,2109,2020-10-09,0.0223267469669497,22.3267469669497,0.0226353631550492,22.635363155049202,0.0219541666666666,21.9541666666666,21.9541666666666,21.9541666666666,21.9541666666666,22.3267469669497,22.3267469669497,22.3267469669497,22.635363155049202,22.635363155049202,22.635363155049202
HRAO,-25.89,27.687,1414.3,2020,10,10,2110,2020-10-10,0.0153312850526226,15.3312850526226,0.012657516543608,12.657516543607999,0.0128708333333333,12.8708333333333,21.9541666666666,12.8708333333333,12.8708333333333,15.3312850526226,15.3312850526226,15.3312850526226,21.6182200695971,12.657516543607999,12.657516543607999
HRAO,-25.89,27.687,1414.3,2020,10,11,2111,2020-10-11,0.0178216944584278,17.821694458427803,0.0216182200695971,21.6182200695971,0.0223125,22.3125,17.0875,22.3125,22.3125,17.821694458427803,17.821694458427803,17.821694458427803,15.858275822694502,21.6182200695971,21.6182200695971
HRAO,-25.89,27.687,1414.3,2020,10,12,2112,2020-10-12,0.0160315938500621,16.0315938500621,0.0143504018027634,14.3504018027634,0.0155416666666666,15.5416666666666,15.5416666666666,15.5416666666666,15.5416666666666,16.0315938500621,16.0315938500621,16.0315938500621,14.3504018027634,14.3504018027634,14.3504018027634
HRAO,-25.89,27.687,1414.3,2020,10,13,2113,2020-10-13,0.0143174637156157,14.3174637156157,0.0158582758226945,15.858275822694502,0.0154958333333333,15.495833333333302,15.495833333333302,15.495833333333302,15.495833333333302,14.3174637156157,14.3174637156157,14.3174637156157,15.858275822694502,15.858275822694502,15.858275822694502
HRAO,-25.89,27.687,1414.3,2020,10,14,2114,2020-10-14,0.0136966462533771,13.6966462533771,0.0156570393709045,15.6570393709045,0.0170875,17.0875,17.0875,17.0875,17.0875,13.6966462533771,13.6966462533771,13.6966462533771,15.6570393709045,15.6570393709045,15.6570393709045
HRAO,-25.89,27.687,1414.3,2020,10,15,2115,2020-10-15,0.0140790789092267,14.079078909226698,0.0162463935981084,16.2463935981084,0.0164208333333333,16.420833333333302,16.420833333333302,16.420833333333302,16.420833333333302,14.079078909226698,14.079078909226698,14.079078909226698,16.2463935981084,16.2463935981084,16.2463935981084
HRAO,-25.89,27.687,1414.3,2020,10,16,2116,2020-10-16,0.0179317547828162,17.9317547828162,0.0142178720428966,14.2178720428966,0.0163833333333333,16.383333333333297,16.383333333333297,16.383333333333297,16.383333333333297,17.9317547828162,17.9317547828162,17.9317547828162,16.2463935981084,14.2178720428966,14.2178720428966
HRAO,-25.89,27.687,1414.3,2020,10,17,2117,2020-10-17,0.0190226153565971,19.0226153565971,0.0190400931393692,19.0400931393692,0.0193791666666666,19.3791666666666,19.3791666666666,19.3791666666666,19.3791666666666,19.0226153565971,19.0226153565971,19.0226153565971,16.8509458183395,19.0400931393692,19.0400931393692
HRAO,-25.89,27.687,1414.3,2020,10,18,2118,2020-10-18,0.0191343539488161,19.1343539488161,0.0176286912890019,17.6286912890019,0.0168416666666666,16.841666666666598,16.841666666666598,16.841666666666598,16.841666666666598,19.1343539488161,19.1343539488161,19.1343539488161,17.6286912890019,17.6286912890019,17.6286912890019
HRAO,-25.89,27.687,1414.3,2020,10,19,2119,2020-10-19,0.0192345829259125,19.2345829259125,0.0168509458183395,16.8509458183395,0.0157999999999999,15.799999999999901,15.799999999999901,15.799999999999901,15.799999999999901,19.2345829259125,19.2345829259125,19.2345829259125,16.8509458183395,16.8509458183395,16.8509458183395
HRAO,-25.89,27.687,1414.3,2020,10,20,2120,2020-10-20,0.0205331112516829,20.5331112516829,0.018797630841239,18.797630841239002,0.0183041666666666,18.3041666666666,18.3041666666666,18.3041666666666,18.3041666666666,20.5331112516829,20.5331112516829,20.5331112516829,18.797630841239002,18.797630841239002,18.797630841239002
HRAO,-25.89,27.687,1414.3,2020,10,21,2121,2020-10-21,0.0208928889608961,20.8928889608961,0.021628714450798,21.628714450798,0.0212833333333333,21.2833333333333,21.2833333333333,21.2833333333333,21.2833333333333,20.8928889608961,20.8928889608961,20.8928889608961,19.0801313396427,21.628714450798,21.628714450798
HRAO,-25.89,27.687,1414.3,2020,10,22,2122,2020-10-22,0.0209067978346232,20.9067978346232,0.0190801313396427,19.0801313396427,0.0189208333333333,18.9208333333333,18.9208333333333,18.9208333333333,18.9208333333333,20.9067978346232,20.9067978346232,20.9067978346232,21.222875788425,19.0801313396427,19.0801313396427
HRAO,-25.89,27.687,1414.3,2020,10,23,2123,2020-10-23,0.0229235733632371,22.9235733632371,0.021222875788425,21.222875788425,0.0217249999999999,21.724999999999902,21.724999999999902,21.724999999999902,21.724999999999902,22.9235733632371,22.9235733632371,22.9235733632371,21.222875788425,21.222875788425,21.222875788425
HRAO,-25.89,27.687,1414.3,2020,10,24,2124,2020-10-24,0.0228030021061127,22.8030021061127,0.0226641430424906,22.6641430424906,0.0212416666666666,21.2416666666666,21.2416666666666,21.2416666666666,21.2416666666666,22.8030021061127,22.8030021061127,22.8030021061127,22.6641430424906,22.6641430424906,22.6641430424906
HRAO,-25.89,27.687,1414.3,2020,10,25,2125,2020-10-25,0.0233193251752458,23.319325175245798,0.0222787721534426,22.278772153442603,0.0227708333333333,22.7708333333333,22.7708333333333,22.7708333333333,22.7708333333333,23.319325175245798,23.319325175245798,23.319325175245798,22.278772153442603,22.278772153442603,22.278772153442603
HRAO,-25.89,27.687,1414.3,2020,10,26,2126,2020-10-26,0.0250344305679331,25.0344305679331,0.0230203441467665,23.0203441467665,0.0229625,22.9625,22.9625,22.9625,22.9625,25.0344305679331,25.0344305679331,25.0344305679331,23.0203441467665,23.0203441467665,23.0203441467665
HRAO,-25.89,27.687,1414.3,2020,10,27,2127,2020-10-27,0.0240431691060646,24.0431691060646,0.0248437982471951,24.843798247195103,0.0242875,24.2875,24.2875,24.2875,24.2875,24.0431691060646,24.0431691060646,24.0431691060646,24.843798247195103,24.843798247195103,24.843798247195103
HRAO,-25.89,27.687,1414.3,2020,10,28,2128,2020-10-28,0.0203202873870999,20.3202873870999,0.020305863690861,20.305863690861,0.0197583333333333,19.7583333333333,19.7583333333333,19.7583333333333,19.7583333333333,20.3202873870999,20.3202873870999,20.3202873870999,20.305863690861,20.305863690861,20.305863690861
HRAO,-25.89,27.687,1414.3,2020,10,29,2129,2020-10-29,0.0145266828817345,14.5266828817345,0.0130799749940042,13.0799749940042,0.0129708333333333,12.9708333333333,12.9708333333333,12.9708333333333,12.9708333333333,14.5266828817345,14.5266828817345,14.5266828817345,13.0799749940042,13.0799749940042,13.0799749940042
HRAO,-25.89,27.687,1414.3,2020,10,30,2130,2020-10-30,0.0169075799260698,16.9075799260698,0.0148233566144501,14.8233566144501,0.0160583333333333,16.058333333333298,16.058333333333298,16.058333333333298,16.058333333333298,16.9075799260698,16.9075799260698,16.9075799260698,14.8233566144501,14.8233566144501,14.8233566144501
HRAO,-25.89,27.687,1414.3,2020,11,1,2132,2020-11-01,0.0287474288416427,28.747428841642698,0.0270656337439231,27.065633743923097,0.0262666666666666,26.2666666666666,26.2666666666666,26.2666666666666,26.2666666666666,28.747428841642698,28.747428841642698,28.747428841642698,27.065633743923097,27.065633743923097,27.065633743923097
HRAO,-25.89,27.687,1414.3,2020,11,2,2133,2020-11-02,0.0198439628647592,19.843962864759202,0.0193249140367917,19.3249140367917,0.0197291666666666,19.7291666666666,19.7291666666666,19.7291666666666,19.7291666666666,19.843962864759202,19.843962864759202,19.843962864759202,19.3249140367917,19.3249140367917,19.3249140367917
HRAO,-25.89,27.687,1414.3,2020,11,3,2134,2020-11-03,0.0234456292125539,23.4456292125539,0.0219617741155986,21.9617741155986,0.0214583333333333,21.4583333333333,21.4583333333333,21.4583333333333,21.4583333333333,23.4456292125539,23.4456292125539,23.4456292125539,21.9617741155986,21.9617741155986,21.9617741155986
HRAO,-25.89,27.687,1414.3,2020,11,4,2135,2020-11-04,0.0249724410880947,24.9724410880947,0.0246023954723547,24.6023954723547,0.0247333333333333,24.733333333333302,24.733333333333302,24.733333333333302,24.733333333333302,24.9724410880947,24.9724410880947,24.9724410880947,24.6023954723547,24.6023954723547,24.6023954723547
HRAO,-25.89,27.687,1414.3,2020,11,5,2136,2020-11-05,0.0241211934861448,24.1211934861448,0.0278316575826051,27.8316575826051,0.0282,28.2,28.2,28.2,28.2,24.1211934861448,24.1211934861448,24.1211934861448,27.8316575826051,27.8316575826051,27.8316575826051
HRAO,-25.89,27.687,1414.3,2020,11,6,2137,2020-11-06,0.0196114852568711,19.6114852568711,0.0206842947654441,20.6842947654441,0.0208041666666666,20.8041666666666,20.8041666666666,20.8041666666666,20.8041666666666,19.6114852568711,19.6114852568711,19.6114852568711,20.6842947654441,20.6842947654441,20.6842947654441
HRAO,-25.89,27.687,1414.3,2020,11,7,2138,2020-11-07,0.0169979852717497,16.997985271749698,0.0181639641218599,18.163964121859898,0.0186374999999999,18.6374999999999,18.6374999999999,18.6374999999999,18.6374999999999,16.997985271749698,16.997985271749698,16.997985271749698,18.163964121859898,18.163964121859898,18.163964121859898
HRAO,-25.89,27.687,1414.3,2020,11,8,2139,2020-11-08,0.0248930128339313,24.8930128339313,0.0228426724644215,22.8426724644215,0.0244875,24.487499999999997,24.487499999999997,24.487499999999997,24.487499999999997,24.8930128339313,24.8930128339313,24.8930128339313,22.8426724644215,22.8426724644215,22.8426724644215
HRAO,-25.89,27.687,1414.3,2020,11,9,2140,2020-11-09,0.0304207871480848,30.4207871480848,0.0296869048244741,29.6869048244741,0.0293541666666666,29.3541666666666,29.3541666666666,29.3541666666666,29.3541666666666,30.4207871480848,30.4207871480848,30.4207871480848,29.6869048244741,29.6869048244741,29.6869048244741
HRAO,-25.89,27.687,1414.3,2020,11,10,2141,2020-11-10,0.0282480231559785,28.2480231559785,0.0306864777573817,30.6864777573817,0.0310291666666666,31.0291666666666,31.0291666666666,31.0291666666666,31.0291666666666,28.2480231559785,28.2480231559785,28.2480231559785,30.6864777573817,30.6864777573817,30.6864777573817
HRAO,-25.89,27.687,1414.3,2020,11,11,2142,2020-11-11,0.0230494728395152,23.049472839515197,0.0217920620420793,21.792062042079298,0.0214,21.4,21.4,21.4,21.4,23.049472839515197,23.049472839515197,23.049472839515197,21.792062042079298,21.792062042079298,21.792062042079298
HRAO,-25.89,27.687,1414.3,2020,11,12,2143,2020-11-12,0.0201813563704343,20.181356370434298,0.0184667629161801,18.4667629161801,0.0190208333333333,19.0208333333333,19.0208333333333,19.0208333333333,19.0208333333333,20.181356370434298,20.181356370434298,20.181356370434298,18.4667629161801,18.4667629161801,18.4667629161801
HRAO,-25.89,27.687,1414.3,2020,11,13,2144,2020-11-13,0.0155776134040325,15.577613404032501,0.0147290337117687,14.7290337117687,0.0142791666666666,14.2791666666666,14.2791666666666,14.2791666666666,14.2791666666666,15.577613404032501,15.577613404032501,15.577613404032501,14.7290337117687,14.7290337117687,14.7290337117687
HRAO,-25.89,27.687,1414.3,2020,11,14,2145,2020-11-14,0.0134395630328928,13.4395630328928,0.0123955264744494,12.395526474449401,0.0140625,14.0625,14.0625,14.0625,14.0625,13.4395630328928,13.4395630328928,13.4395630328928,12.395526474449401,12.395526474449401,12.395526474449401
HRAO,-25.89,27.687,1414.3,2020,11,15,2146,2020-11-15,0.0151595970538562,15.1595970538562,0.0152452660619204,15.2452660619204,0.01455,14.55,14.55,14.55,14.55,15.1595970538562,15.1595970538562,15.1595970538562,15.2452660619204,15.2452660619204,15.2452660619204
HRAO,-25.89,27.687,1414.3,2020,11,16,2147,2020-11-16,0.0202503372162657,20.2503372162657,0.0206712939869212,20.671293986921203,0.019975,19.975,19.975,19.975,19.975,20.2503372162657,20.2503372162657,20.2503372162657,20.671293986921203,20.671293986921203,20.671293986921203
HRAO,-25.89,27.687,1414.3,2020,11,17,2148,2020-11-17,0.023235438915717,23.235438915716998,0.0243656743950316,24.3656743950316,0.0240583333333333,24.058333333333298,24.058333333333298,24.058333333333298,24.058333333333298,23.235438915716998,23.235438915716998,23.235438915716998,24.3656743950316,24.3656743950316,24.3656743950316
HRAO,-25.89,27.687,1414.3,2020,11,18,2149,2020-11-18,0.0247840680111103,24.7840680111103,0.0226176008519917,22.6176008519917,0.0238916666666666,23.891666666666598,23.891666666666598,23.891666666666598,23.891666666666598,24.7840680111103,24.7840680111103,24.7840680111103,22.6176008519917,22.6176008519917,22.6176008519917
HRAO,-25.89,27.687,1414.3,2020,11,19,2150,2020-11-19,0.0248111453433111,24.8111453433111,0.0217791400303277,21.7791400303277,0.0226208333333333,22.620833333333298,22.620833333333298,22.620833333333298,22.620833333333298,24.8111453433111,24.8111453433111,24.8111453433111,21.7791400303277,21.7791400303277,21.7791400303277
HRAO,-25.89,27.687,1414.3,2020,11,20,2151,2020-11-20,0.0298138702249062,29.8138702249062,0.0294660197324194,29.466019732419397,0.0298333333333333,29.8333333333333,29.8333333333333,29.8333333333333,29.8333333333333,29.8138702249062,29.8138702249062,29.8138702249062,29.466019732419397,29.466019732419397,29.466019732419397
HRAO,-25.89,27.687,1414.3,2020,11,21,2152,2020-11-21,0.033764986654218,33.764986654218006,0.0323109988139302,32.310998813930205,0.0322583333333333,32.2583333333333,32.2583333333333,32.2583333333333,32.2583333333333,27.8487125959413,33.764986654218006,33.764986654218006,28.7365696834666,32.310998813930205,32.310998813930205
HRAO,-25.89,27.687,1414.3,2020,11,22,2153,2020-11-22,0.0335441607466905,33.544160746690494,0.0329906585684547,32.9906585684547,0.0323375,32.3375,32.3375,32.3375,32.3375,33.544160746690494,33.544160746690494,33.544160746690494,32.9906585684547,32.9906585684547,32.9906585684547
HRAO,-25.89,27.687,1414.3,2020,11,23,2154,2020-11-23,0.0278487125959413,27.8487125959413,0.0287365696834666,28.7365696834666,0.0276,27.599999999999998,27.599999999999998,27.599999999999998,27.599999999999998,27.8487125959413,27.8487125959413,27.8487125959413,28.7365696834666,28.7365696834666,28.7365696834666
HRAO,-25.89,27.687,1414.3,2020,11,24,2155,2020-11-24,0.022678866357225,22.678866357224997,0.0259008839575425,25.9008839575425,0.026875,26.875,26.875,26.875,26.875,22.678866357224997,22.678866357224997,22.678866357224997,25.9008839575425,25.9008839575425,25.9008839575425
HRAO,-25.89,27.687,1414.3,2020,11,25,2156,2020-11-25,0.0212522429252039,21.252242925203902,0.0184401470736344,18.4401470736344,0.0201166666666666,20.1166666666666,26.875,20.1166666666666,20.1166666666666,21.252242925203902,21.252242925203902,21.252242925203902,18.4401470736344,18.4401470736344,18.4401470736344
HRAO,-25.89,27.687,1414.3,2020,11,26,2157,2020-11-26,0.0230839877075551,23.083987707555103,0.0237944349389551,23.7944349389551,0.0239958333333333,23.995833333333298,23.995833333333298,23.995833333333298,23.995833333333298,23.083987707555103,23.083987707555103,23.083987707555103,23.7944349389551,23.7944349389551,23.7944349389551
HRAO,-25.89,27.687,1414.3,2020,11,27,2158,2020-11-27,0.0234837616507089,23.4837616507089,0.0238953781163102,23.895378116310198,0.0257375,25.7375,25.7375,25.7375,25.7375,23.4837616507089,23.4837616507089,23.4837616507089,23.895378116310198,23.895378116310198,23.895378116310198
HRAO,-25.89,27.687,1414.3,2020,11,28,2159,2020-11-28,0.0300773502924292,30.0773502924292,0.0266519909937967,26.6519909937967,0.0271541666666666,27.1541666666666,27.1541666666666,27.1541666666666,27.1541666666666,30.0773502924292,30.0773502924292,30.0773502924292,26.6519909937967,26.6519909937967,26.6519909937967
HRAO,-25.89,27.687,1414.3,2020,11,29,2160,2020-11-29,0.0295101910577549,29.5101910577549,0.0264364890429379,26.4364890429379,0.0277916666666666,27.7916666666666,27.7916666666666,27.7916666666666,27.7916666666666,29.5101910577549,29.5101910577549,29.5101910577549,26.4364890429379,26.4364890429379,26.4364890429379
HRAO,-25.89,27.687,1414.3,2020,11,30,2161,2020-11-30,0.028207716774308,28.207716774308,0.0254347730355493,25.434773035549302,0.0268041666666666,26.8041666666666,26.8041666666666,26.8041666666666,26.8041666666666,28.207716774308,28.207716774308,28.207716774308,25.434773035549302,25.434773035549302,25.434773035549302
HRAO,-25.89,27.687,1414.3,2020,12,1,2162,2020-12-01,0.0219819202419954,21.9819202419954,0.0222486073989403,22.2486073989403,0.0230166666666666,23.016666666666598,23.016666666666598,23.016666666666598,23.016666666666598,21.9819202419954,21.9819202419954,21.9819202419954,22.2486073989403,22.2486073989403,22.2486073989403
HRAO,-25.89,27.687,1414.3,2020,12,2,2163,2020-12-02,0.0173467791782465,17.3467791782465,0.0141916570499361,14.1916570499361,0.0160375,16.0375,23.016666666666598,16.0375,16.0375,17.3467791782465,17.3467791782465,17.3467791782465,22.2486073989403,14.1916570499361,14.1916570499361
HRAO,-25.89,27.687,1414.3,2020,12,3,2164,2020-12-03,0.0225182341987362,22.5182341987362,0.0210390435917236,21.0390435917236,0.0219333333333333,21.9333333333333,21.9333333333333,21.9333333333333,21.9333333333333,22.5182341987362,22.5182341987362,22.5182341987362,21.0390435917236,21.0390435917236,21.0390435917236
HRAO,-25.89,27.687,1414.3,2020,12,4,2165,2020-12-04,0.0247464558497436,24.746455849743597,0.0201588208958161,20.1588208958161,0.0225208333333333,22.5208333333333,22.5208333333333,22.5208333333333,22.5208333333333,24.746455849743597,24.746455849743597,24.746455849743597,20.1588208958161,20.1588208958161,20.1588208958161
HRAO,-25.89,27.687,1414.3,2020,12,5,2166,2020-12-05,0.0285667168346317,28.5667168346317,0.0272798545121174,27.2798545121174,0.0275583333333333,27.558333333333298,27.558333333333298,27.558333333333298,27.558333333333298,28.5667168346317,28.5667168346317,28.5667168346317,27.2798545121174,27.2798545121174,27.2798545121174
HRAO,-25.89,27.687,1414.3,2020,12,6,2167,2020-12-06,0.0228869897706879,22.886989770687897,0.0216712664001307,21.6712664001307,0.0232666666666666,23.266666666666598,23.266666666666598,23.266666666666598,23.266666666666598,22.886989770687897,22.886989770687897,22.886989770687897,21.6712664001307,21.6712664001307,21.6712664001307
HRAO,-25.89,27.687,1414.3,2020,12,7,2168,2020-12-07,0.0268438071947776,26.8438071947776,0.0249327885429335,24.9327885429335,0.0261583333333333,26.1583333333333,26.1583333333333,26.1583333333333,26.1583333333333,26.8438071947776,26.8438071947776,26.8438071947776,24.9327885429335,24.9327885429335,24.9327885429335
HRAO,-25.89,27.687,1414.3,2020,12,8,2169,2020-12-08,0.027968710170765,27.968710170765,0.0284786467889318,28.4786467889318,0.0274708333333333,27.4708333333333,27.4708333333333,27.4708333333333,27.4708333333333,27.968710170765,27.968710170765,27.968710170765,28.4786467889318,28.4786467889318,28.4786467889318
HRAO,-25.89,27.687,1414.3,2020,12,9,2170,2020-12-09,0.0269092676759873,26.9092676759873,0.0244920404354273,24.492040435427302,0.025325,25.325,25.325,25.325,25.325,26.9092676759873,26.9092676759873,26.9092676759873,24.492040435427302,24.492040435427302,24.492040435427302
HRAO,-25.89,27.687,1414.3,2020,12,10,2171,2020-12-10,0.0264969645177579,26.4969645177579,0.0258275359678754,25.8275359678754,0.0266083333333333,26.6083333333333,26.6083333333333,26.6083333333333,26.6083333333333,26.4969645177579,26.4969645177579,26.4969645177579,25.8275359678754,25.8275359678754,25.8275359678754
HRAO,-25.89,27.687,1414.3,2020,12,11,2172,2020-12-11,0.0265257860307524,26.5257860307524,0.0275668875817793,27.5668875817793,0.0273666666666666,27.366666666666603,27.366666666666603,27.366666666666603,27.366666666666603,26.5257860307524,26.5257860307524,26.5257860307524,27.5668875817793,27.5668875817793,27.5668875817793
HRAO,-25.89,27.687,1414.3,2020,12,12,2173,2020-12-12,0.0309672398244607,30.9672398244607,0.0302275028437102,30.227502843710198,0.0333208333333333,33.3208333333333,33.3208333333333,33.3208333333333,33.3208333333333,30.9672398244607,30.9672398244607,30.9672398244607,30.227502843710198,30.227502843710198,30.227502843710198
HRAO,-25.89,27.687,1414.3,2020,12,13,2174,2020-12-13,0.0327232562074209,32.723256207420896,0.0317058905094476,31.705890509447602,0.0314333333333333,31.433333333333298,31.433333333333298,31.433333333333298,31.433333333333298,32.723256207420896,32.723256207420896,32.723256207420896,31.705890509447602,31.705890509447602,31.705890509447602
HRAO,-25.89,27.687,1414.3,2020,12,14,2175,2020-12-14,0.0346549004391048,34.65490043910479,0.0335638540818595,33.5638540818595,0.0330625,33.0625,33.0625,33.0625,33.0625,34.65490043910479,34.65490043910479,34.65490043910479,33.5638540818595,33.5638540818595,33.5638540818595
HRAO,-25.89,27.687,1414.3,2020,12,15,2176,2020-12-15,0.0286366035375973,28.6366035375973,0.0302361328308791,30.2361328308791,0.0281458333333333,28.1458333333333,28.1458333333333,28.1458333333333,28.1458333333333,28.6366035375973,28.6366035375973,28.6366035375973,30.2361328308791,30.2361328308791,30.2361328308791
HRAO,-25.89,27.687,1414.3,2020,12,16,2177,2020-12-16,0.0307939934324827,30.7939934324827,0.0274615718331,27.4615718331,0.0280083333333333,28.008333333333297,28.008333333333297,28.008333333333297,28.008333333333297,30.7939934324827,30.7939934324827,30.7939934324827,27.4615718331,27.4615718331,27.4615718331
HRAO,-25.89,27.687,1414.3,2020,12,17,2178,2020-12-17,0.0346919091414808,34.6919091414808,0.0329698767845748,32.9698767845748,0.032,32.0,32.0,32.0,32.0,34.6919091414808,34.6919091414808,34.6919091414808,32.9698767845748,32.9698767845748,32.9698767845748
HRAO,-25.89,27.687,1414.3,2020,12,18,2179,2020-12-18,0.0305852364584124,30.5852364584124,0.0319747508633396,31.974750863339597,0.0312291666666666,31.2291666666666,31.2291666666666,31.2291666666666,31.2291666666666,30.5852364584124,30.5852364584124,30.5852364584124,31.974750863339597,31.974750863339597,31.974750863339597
HRAO,-25.89,27.687,1414.3,2020,12,19,2180,2020-12-19,0.0237638112273469,23.763811227346903,0.0245031680914144,24.5031680914144,0.0236291666666666,23.6291666666666,23.6291666666666,23.6291666666666,23.6291666666666,23.763811227346903,23.763811227346903,23.763811227346903,24.5031680914144,24.5031680914144,24.5031680914144
HRAO,-25.89,27.687,1414.3,2020,12,20,2181,2020-12-20,0.021766819826476,21.766819826476,0.0199177906196222,19.9177906196222,0.0214083333333333,21.4083333333333,21.4083333333333,21.4083333333333,21.4083333333333,21.766819826476,21.766819826476,21.766819826476,19.9177906196222,19.9177906196222,19.9177906196222
HRAO,-25.89,27.687,1414.3,2020,12,21,2182,2020-12-21,0.0331579694513267,33.1579694513267,0.031027084371665,31.027084371665,0.0309208333333333,30.9208333333333,30.9208333333333,30.9208333333333,30.9208333333333,33.1579694513267,33.1579694513267,33.1579694513267,31.027084371665,31.027084371665,31.027084371665
HRAO,-25.89,27.687,1414.3,2020,12,22,2183,2020-12-22,0.0390727533429114,39.072753342911405,0.0383523044520697,38.352304452069696,0.0383791666666666,38.379166666666606,38.379166666666606,38.379166666666606,38.379166666666606,39.072753342911405,39.072753342911405,39.072753342911405,38.352304452069696,38.352304452069696,38.352304452069696
HRAO,-25.89,27.687,1414.3,2020,12,23,2184,2020-12-23,0.0353838437344319,35.3838437344319,0.0364762355796791,36.4762355796791,0.0366125,36.6125,36.6125,36.6125,36.6125,35.3838437344319,35.3838437344319,35.3838437344319,36.4762355796791,36.4762355796791,36.4762355796791
HRAO,-25.89,27.687,1414.3,2020,12,24,2185,2020-12-24,0.0245384099567119,24.538409956711902,0.0237072752782595,23.707275278259498,0.0229333333333333,22.933333333333298,22.933333333333298,22.933333333333298,22.933333333333298,24.538409956711902,24.538409956711902,24.538409956711902,23.707275278259498,23.707275278259498,23.707275278259498
HRAO,-25.89,27.687,1414.3,2020,12,25,2186,2020-12-25,0.0261286559594785,26.1286559594785,0.0261098419418916,26.109841941891602,0.0276124999999999,27.6124999999999,27.6124999999999,27.6124999999999,27.6124999999999,26.1286559594785,26.1286559594785,26.1286559594785,26.109841941891602,26.109841941891602,26.109841941891602
HRAO,-25.89,27.687,1414.3,2020,12,26,2187,2020-12-26,0.0288788118787111,28.8788118787111,0.0287369683780253,28.7369683780253,0.028575,28.575,28.575,28.575,28.575,28.8788118787111,28.8788118787111,28.8788118787111,28.7369683780253,28.7369683780253,28.7369683780253
HRAO,-25.89,27.687,1414.3,2020,12,27,2188,2020-12-27,0.028938548854913,28.938548854912998,0.0308789550056625,30.8789550056625,0.030525,30.525,30.525,30.525,30.525,28.938548854912998,28.938548854912998,28.938548854912998,30.8789550056625,30.8789550056625,30.8789550056625
HRAO,-25.89,27.687,1414.3,2020,12,28,2189,2020-12-28,0.0318710575256107,31.871057525610702,0.030852724278836,30.852724278836,0.0328083333333333,32.8083333333333,32.8083333333333,32.8083333333333,32.8083333333333,29.0742728540299,31.871057525610702,31.871057525610702,30.852724278836,30.852724278836,30.852724278836
HRAO,-25.89,27.687,1414.3,2020,12,29,2190,2020-12-29,0.0298302733831637,29.8302733831637,0.0307190464453798,30.7190464453798,0.03255,32.550000000000004,32.550000000000004,32.550000000000004,32.550000000000004,29.8302733831637,29.8302733831637,29.8302733831637,30.7190464453798,30.7190464453798,30.7190464453798
HRAO,-25.89,27.687,1414.3,2020,12,30,2191,2020-12-30,0.0290742728540299,29.0742728540299,0.0274212338898657,27.4212338898657,0.0300208333333333,30.0208333333333,30.0208333333333,30.0208333333333,30.0208333333333,31.871057525610702,29.0742728540299,29.0742728540299,27.4212338898657,27.4212338898657,27.4212338898657
HRAO,-25.89,27.687,1414.3,2021,1,1,2193,2021-01-01,0.0330920605902398,33.092060590239804,0.0347417944083399,34.741794408339906,0.0338208333333333,33.8208333333333,33.8208333333333,33.8208333333333,33.8208333333333,33.092060590239804,33.092060590239804,33.092060590239804,34.741794408339906,34.741794408339906,34.741794408339906
HRAO,-25.89,27.687,1414.3,2021,2,12,2235,2021-02-12,0.0329942528428477,32.9942528428477,0.0228567373792039,22.8567373792039,0.0237666666666666,23.766666666666598,23.766666666666598,23.766666666666598,23.766666666666598,32.9942528428477,32.9942528428477,32.9942528428477,22.8567373792039,22.8567373792039,22.8567373792039
HRAO,-25.89,27.687,1414.3,2021,2,13,2236,2021-02-13,0.0376484456921842,37.648445692184204,0.0321914102259889,32.191410225988896,0.0329375,32.9375,32.9375,32.9375,32.9375,37.648445692184204,37.648445692184204,37.648445692184204,32.191410225988896,32.191410225988896,32.191410225988896
HRAO,-25.89,27.687,1414.3,2021,2,14,2237,2021-02-14,0.0385495121783987,38.5495121783987,0.0370336010817143,37.0336010817143,0.0358958333333333,35.8958333333333,35.8958333333333,35.8958333333333,35.8958333333333,38.5495121783987,38.5495121783987,38.5495121783987,37.0336010817143,37.0336010817143,37.0336010817143
HRAO,-25.89,27.687,1414.3,2021,2,15,2238,2021-02-15,0.0371905021087363,37.1905021087363,0.0368190487583076,36.819048758307595,0.0381916666666666,38.191666666666606,24.4708333333333,38.191666666666606,38.191666666666606,37.1905021087363,37.1905021087363,37.1905021087363,36.819048758307595,36.819048758307595,36.819048758307595
HRAO,-25.89,27.687,1414.3,2021,2,16,2239,2021-02-16,0.0230785254919843,23.0785254919843,0.024520051443764,24.520051443764,0.0244708333333333,24.4708333333333,24.4708333333333,24.4708333333333,24.4708333333333,23.0785254919843,23.0785254919843,23.0785254919843,24.520051443764,24.520051443764,24.520051443764
HRAO,-25.89,27.687,1414.3,2021,2,17,2240,2021-02-17,0.0159366615830828,15.936661583082799,0.0140221259859322,14.0221259859322,0.0144374999999999,14.4374999999999,14.4374999999999,14.4374999999999,14.4374999999999,15.936661583082799,15.936661583082799,15.936661583082799,14.0221259859322,14.0221259859322,14.0221259859322
HRAO,-25.89,27.687,1414.3,2021,2,18,2241,2021-02-18,0.0199457200645531,19.9457200645531,0.0168054780212127,16.8054780212127,0.0206583333333333,20.6583333333333,20.6583333333333,20.6583333333333,20.6583333333333,19.9457200645531,19.9457200645531,19.9457200645531,18.4032368920586,16.8054780212127,16.8054780212127
HRAO,-25.89,27.687,1414.3,2021,2,19,2242,2021-02-19,0.0244841820509435,24.4841820509435,0.0182048316675386,18.2048316675386,0.0182875,18.2875,18.2875,18.2875,18.2875,24.4841820509435,24.4841820509435,24.4841820509435,18.2048316675386,18.2048316675386,18.2048316675386
HRAO,-25.89,27.687,1414.3,2021,2,20,2243,2021-02-20,0.019627505589357,19.627505589357,0.0184032368920586,18.4032368920586,0.0173124999999999,17.3124999999999,17.3124999999999,17.3124999999999,17.3124999999999,19.627505589357,19.627505589357,19.627505589357,18.4032368920586,18.4032368920586,18.4032368920586
HRAO,-25.89,27.687,1414.3,2021,2,21,2244,2021-02-21,0.0237204243003034,23.7204243003034,0.0198717233495745,19.8717233495745,0.0206208333333333,20.6208333333333,20.6208333333333,20.6208333333333,20.6208333333333,23.7204243003034,23.7204243003034,23.7204243003034,19.8717233495745,19.8717233495745,19.8717233495745
HRAO,-25.89,27.687,1414.3,2021,2,22,2245,2021-02-22,0.0337972788884143,33.7972788884143,0.0339094668844302,33.9094668844302,0.0345791666666666,34.5791666666666,34.5791666666666,34.5791666666666,34.5791666666666,33.7972788884143,33.7972788884143,33.7972788884143,29.2292380136598,33.9094668844302,33.9094668844302
HRAO,-25.89,27.687,1414.3,2021,2,23,2246,2021-02-23,0.0346138303581258,34.613830358125796,0.0316031034845727,31.603103484572703,0.0330416666666666,33.0416666666666,33.0416666666666,33.0416666666666,33.0416666666666,34.613830358125796,34.613830358125796,34.613830358125796,31.603103484572703,31.603103484572703,31.603103484572703
HRAO,-25.89,27.687,1414.3,2021,2,24,2247,2021-02-24,0.0348654160948835,34.8654160948835,0.0351660197562952,35.1660197562952,0.0352333333333333,35.2333333333333,29.341666666666598,35.2333333333333,35.2333333333333,31.3823526751327,34.8654160948835,34.8654160948835,35.1660197562952,35.1660197562952,35.1660197562952
HRAO,-25.89,27.687,1414.3,2021,2,25,2248,2021-02-25,0.0313823526751327,31.3823526751327,0.0292292380136598,29.2292380136598,0.0293416666666666,29.341666666666598,29.341666666666598,29.341666666666598,29.341666666666598,31.3823526751327,31.3823526751327,31.3823526751327,29.2292380136598,29.2292380136598,29.2292380136598
HRAO,-25.89,27.687,1414.3,2021,2,26,2249,2021-02-26,0.0255971988601864,25.5971988601864,0.0256619282629682,25.6619282629682,0.0263333333333333,26.3333333333333,26.3333333333333,26.3333333333333,26.3333333333333,25.5971988601864,25.5971988601864,25.5971988601864,25.6619282629682,25.6619282629682,25.6619282629682
HRAO,-25.89,27.687,1414.3,2021,2,27,2250,2021-02-27,0.0241951869236945,24.1951869236945,0.0239480214440925,23.9480214440925,0.024575,24.575,24.575,24.575,24.575,24.1951869236945,24.1951869236945,24.1951869236945,23.9480214440925,23.9480214440925,23.9480214440925
HRAO,-25.89,27.687,1414.3,2021,2,28,2251,2021-02-28,0.0215022368938591,21.5022368938591,0.018862027103165,18.862027103165,0.0192333333333333,19.2333333333333,19.2333333333333,19.2333333333333,19.2333333333333,21.5022368938591,21.5022368938591,21.5022368938591,21.584780523646998,18.862027103165,18.862027103165
HRAO,-25.89,27.687,1414.3,2021,3,1,2252,2021-03-01,0.0194839395932527,19.4839395932527,0.0178015720050755,17.8015720050755,0.0187958333333333,18.7958333333333,18.7958333333333,18.7958333333333,18.7958333333333,19.4839395932527,19.4839395932527,19.4839395932527,21.584780523646998,17.8015720050755,17.8015720050755
HRAO,-25.89,27.687,1414.3,2021,3,2,2253,2021-03-02,0.0236162402720398,23.6162402720398,0.021584780523647,21.584780523646998,0.0225291666666666,22.5291666666666,22.5291666666666,22.5291666666666,22.5291666666666,23.6162402720398,23.6162402720398,23.6162402720398,21.584780523646998,21.584780523646998,21.584780523646998
HRAO,-25.89,27.687,1414.3,2021,3,3,2254,2021-03-03,0.0226127034965737,22.6127034965737,0.0208799764186581,20.8799764186581,0.0215541666666666,21.5541666666666,21.5541666666666,21.5541666666666,21.5541666666666,22.6127034965737,22.6127034965737,22.6127034965737,20.8799764186581,20.8799764186581,20.8799764186581
HRAO,-25.89,27.687,1414.3,2021,3,4,2255,2021-03-04,0.0226402094317483,22.640209431748303,0.0220985414215662,22.0985414215662,0.0242875,24.2875,24.2875,24.2875,24.2875,22.640209431748303,22.640209431748303,22.640209431748303,22.0985414215662,22.0985414215662,22.0985414215662
HRAO,-25.89,27.687,1414.3,2021,3,5,2256,2021-03-05,0.0216155398025618,21.615539802561802,0.0214325108364701,21.4325108364701,0.0212708333333333,21.2708333333333,21.2708333333333,21.2708333333333,21.2708333333333,21.615539802561802,21.615539802561802,21.615539802561802,21.4325108364701,21.4325108364701,21.4325108364701
HRAO,-25.89,27.687,1414.3,2021,3,6,2257,2021-03-06,0.0208420363596221,20.8420363596221,0.0214745813130766,21.474581313076598,0.0224791666666666,22.4791666666666,22.4791666666666,22.4791666666666,22.4791666666666,20.8420363596221,20.8420363596221,20.8420363596221,21.474581313076598,21.474581313076598,21.474581313076598
HRAO,-25.89,27.687,1414.3,2021,3,7,2258,2021-03-07,0.0164358278921962,16.435827892196198,0.0161456688959456,16.1456688959456,0.0150791666666666,15.0791666666666,15.0791666666666,15.0791666666666,15.0791666666666,16.435827892196198,16.435827892196198,16.435827892196198,21.4325108364701,16.1456688959456,16.1456688959456
HRAO,-25.89,27.687,1414.3,2021,3,8,2259,2021-03-08,0.0171817039176202,17.1817039176202,0.0160615944665393,16.061594466539297,0.0166958333333333,16.695833333333297,16.695833333333297,16.695833333333297,16.695833333333297,17.1817039176202,17.1817039176202,17.1817039176202,16.061594466539297,16.061594466539297,16.061594466539297
HRAO,-25.89,27.687,1414.3,2021,3,9,2260,2021-03-09,0.0236392553394491,23.6392553394491,0.0220871647069778,22.0871647069778,0.0227208333333333,22.720833333333303,22.720833333333303,22.720833333333303,22.720833333333303,23.6392553394491,23.6392553394491,23.6392553394491,22.0871647069778,22.0871647069778,22.0871647069778
HRAO,-25.89,27.687,1414.3,2021,3,10,2261,2021-03-10,0.0199435400512476,19.9435400512476,0.0189182122073799,18.918212207379902,0.0196625,19.662499999999998,19.662499999999998,19.662499999999998,19.662499999999998,19.9435400512476,19.9435400512476,19.9435400512476,18.918212207379902,18.918212207379902,18.918212207379902
HRAO,-25.89,27.687,1414.3,2021,3,11,2262,2021-03-11,0.0146324109114202,14.6324109114202,0.0134536899387208,13.4536899387208,0.0144458333333333,14.4458333333333,14.4458333333333,14.4458333333333,14.4458333333333,14.6324109114202,14.6324109114202,14.6324109114202,13.4536899387208,13.4536899387208,13.4536899387208
HRAO,-25.89,27.687,1414.3,2021,3,12,2263,2021-03-12,0.0233832887496288,23.3832887496288,0.0224383880630799,22.4383880630799,0.0245874999999999,24.587499999999903,24.587499999999903,24.587499999999903,24.587499999999903,23.3832887496288,23.3832887496288,23.3832887496288,22.4383880630799,22.4383880630799,22.4383880630799
HRAO,-25.89,27.687,1414.3,2021,3,13,2264,2021-03-13,0.0234162745285506,23.4162745285506,0.0247055621442928,24.7055621442928,0.0229916666666666,22.9916666666666,22.9916666666666,22.9916666666666,22.9916666666666,23.4162745285506,23.4162745285506,23.4162745285506,24.7055621442928,24.7055621442928,24.7055621442928
HRAO,-25.89,27.687,1414.3,2021,3,14,2265,2021-03-14,0.0172471496339526,17.2471496339526,0.0148728521144842,14.8728521144842,0.0145875,14.5875,14.5875,14.5875,14.5875,17.2471496339526,17.2471496339526,17.2471496339526,14.8728521144842,14.8728521144842,14.8728521144842
HRAO,-25.89,27.687,1414.3,2021,3,15,2266,2021-03-15,0.020589913166889,20.589913166889,0.0173304444197883,17.330444419788297,0.0182291666666666,18.229166666666597,18.229166666666597,18.229166666666597,18.229166666666597,20.589913166889,20.589913166889,20.589913166889,17.330444419788297,17.330444419788297,17.330444419788297
HRAO,-25.89,27.687,1414.3,2021,3,16,2267,2021-03-16,0.0245062718955609,24.5062718955609,0.0217503901072531,21.7503901072531,0.0220291666666666,22.0291666666666,22.0291666666666,22.0291666666666,22.0291666666666,24.5062718955609,24.5062718955609,24.5062718955609,21.7503901072531,21.7503901072531,21.7503901072531
HRAO,-25.89,27.687,1414.3,2021,3,17,2268,2021-03-17,0.0304639249007468,30.4639249007468,0.0320285874875756,32.0285874875756,0.0324041666666666,32.404166666666605,32.404166666666605,32.404166666666605,32.404166666666605,30.4639249007468,30.4639249007468,30.4639249007468,32.0285874875756,32.0285874875756,32.0285874875756
HRAO,-25.89,27.687,1414.3,2021,3,18,2269,2021-03-18,0.0223470591601807,22.347059160180702,0.0234419533923025,23.4419533923025,0.0236625,23.662499999999998,23.662499999999998,23.662499999999998,23.662499999999998,22.347059160180702,22.347059160180702,22.347059160180702,23.4419533923025,23.4419533923025,23.4419533923025
HRAO,-25.89,27.687,1414.3,2021,3,19,2270,2021-03-19,0.0212834149087086,21.283414908708597,0.0217003846843096,21.7003846843096,0.0230916666666666,23.0916666666666,23.0916666666666,23.0916666666666,23.0916666666666,21.283414908708597,21.283414908708597,21.283414908708597,21.7003846843096,21.7003846843096,21.7003846843096
HRAO,-25.89,27.687,1414.3,2021,3,20,2271,2021-03-20,0.0273731690599922,27.3731690599922,0.0264237253834398,26.4237253834398,0.0281416666666666,28.141666666666598,28.141666666666598,28.141666666666598,28.141666666666598,27.3731690599922,27.3731690599922,27.3731690599922,26.4237253834398,26.4237253834398,26.4237253834398
HRAO,-25.89,27.687,1414.3,2021,3,21,2272,2021-03-21,0.0275935236327762,27.5935236327762,0.0270150442963457,27.0150442963457,0.0274625,27.462500000000002,27.462500000000002,27.462500000000002,27.462500000000002,27.5935236327762,27.5935236327762,27.5935236327762,27.0150442963457,27.0150442963457,27.0150442963457
HRAO,-25.89,27.687,1414.3,2021,3,22,2273,2021-03-22,0.0247291585675083,24.7291585675083,0.0232015243888282,23.2015243888282,0.0248375,24.8375,24.8375,24.8375,24.8375,24.7291585675083,24.7291585675083,24.7291585675083,23.2015243888282,23.2015243888282,23.2015243888282
HRAO,-25.89,27.687,1414.3,2021,3,23,2274,2021-03-23,0.0225376941904771,22.5376941904771,0.0230481603979774,23.048160397977398,0.022,22.0,22.0,22.0,22.0,22.5376941904771,22.5376941904771,22.5376941904771,23.048160397977398,23.048160397977398,23.048160397977398
HRAO,-25.89,27.687,1414.3,2021,3,24,2275,2021-03-24,0.0272172997535653,27.2172997535653,0.0261611603797033,26.1611603797033,0.0285875,28.5875,28.5875,28.5875,28.5875,27.2172997535653,27.2172997535653,27.2172997535653,26.1611603797033,26.1611603797033,26.1611603797033
HRAO,-25.89,27.687,1414.3,2021,3,25,2276,2021-03-25,0.0228407133306401,22.8407133306401,0.0211734247761051,21.1734247761051,0.0218541666666666,21.8541666666666,21.8541666666666,21.8541666666666,21.8541666666666,22.8407133306401,22.8407133306401,22.8407133306401,21.1734247761051,21.1734247761051,21.1734247761051
HRAO,-25.89,27.687,1414.3,2021,3,26,2277,2021-03-26,0.0157457574607088,15.7457574607088,0.013678948672783,13.678948672783,0.0147666666666666,14.7666666666666,14.7666666666666,14.7666666666666,14.7666666666666,15.7457574607088,15.7457574607088,15.7457574607088,21.1734247761051,13.678948672783,13.678948672783
HRAO,-25.89,27.687,1414.3,2021,3,27,2278,2021-03-27,0.019251500575749,19.251500575749,0.0174159195705794,17.4159195705794,0.0184083333333333,18.4083333333333,18.4083333333333,18.4083333333333,18.4083333333333,19.251500575749,19.251500575749,19.251500575749,17.4159195705794,17.4159195705794,17.4159195705794
HRAO,-25.89,27.687,1414.3,2021,3,28,2279,2021-03-28,0.0231319527622822,23.1319527622822,0.0210998768585173,21.099876858517298,0.0217708333333333,21.770833333333297,21.770833333333297,21.770833333333297,21.770833333333297,23.1319527622822,23.1319527622822,23.1319527622822,21.099876858517298,21.099876858517298,21.099876858517298
HRAO,-25.89,27.687,1414.3,2021,3,29,2280,2021-03-29,0.022381614132464,22.381614132463998,0.0214163103355421,21.4163103355421,0.0215,21.5,21.5,21.5,21.5,22.381614132463998,22.381614132463998,22.381614132463998,21.4163103355421,21.4163103355421,21.4163103355421
HRAO,-25.89,27.687,1414.3,2021,3,30,2281,2021-03-30,0.0208903802127636,20.8903802127636,0.0203844974221731,20.3844974221731,0.0210291666666666,21.029166666666598,21.029166666666598,21.029166666666598,21.029166666666598,20.8903802127636,20.8903802127636,20.8903802127636,20.3844974221731,20.3844974221731,20.3844974221731
HRAO,-25.89,27.687,1414.3,2021,4,1,2283,2021-04-01,0.0229796345773571,22.9796345773571,0.022776321253296,22.776321253296,0.0241083333333333,24.108333333333302,24.108333333333302,24.108333333333302,24.108333333333302,22.9796345773571,22.9796345773571,22.9796345773571,22.776321253296,22.776321253296,22.776321253296
HRAO,-25.89,27.687,1414.3,2021,4,2,2284,2021-04-02,0.0216774192505756,21.6774192505756,0.0216902743530029,21.6902743530029,0.022925,22.925,22.925,22.925,22.925,21.6774192505756,21.6774192505756,21.6774192505756,21.6902743530029,21.6902743530029,21.6902743530029
HRAO,-25.89,27.687,1414.3,2022,1,18,2575,2022-01-18,0.0298376160439619,29.8376160439619,0.028976187675602,28.976187675602,0.0297041666666666,29.7041666666666,23.9916666666666,29.7041666666666,29.7041666666666,29.8376160439619,29.8376160439619,29.8376160439619,28.976187675602,28.976187675602,28.976187675602
HRAO,-25.89,27.687,1414.3,2022,1,19,2576,2022-01-19,0.0308767294777392,30.8767294777392,0.0305741315269393,30.574131526939297,0.0326625,32.662499999999994,32.662499999999994,32.662499999999994,32.662499999999994,30.8767294777392,30.8767294777392,30.8767294777392,30.574131526939297,30.574131526939297,30.574131526939297
HRAO,-25.89,27.687,1414.3,2022,1,20,2577,2022-01-20,0.0254337236618938,25.433723661893797,0.0255002757349893,25.5002757349893,0.0239916666666666,23.9916666666666,23.9916666666666,23.9916666666666,23.9916666666666,25.433723661893797,25.433723661893797,25.433723661893797,25.5002757349893,25.5002757349893,25.5002757349893
HRAO,-25.89,27.687,1414.3,2022,1,21,2578,2022-01-21,0.0149879128058398,14.9879128058398,0.0141643320168945,14.1643320168945,0.013625,13.625,13.625,13.625,13.625,14.9879128058398,14.9879128058398,14.9879128058398,14.1643320168945,14.1643320168945,14.1643320168945
HRAO,-25.89,27.687,1414.3,2022,1,22,2579,2022-01-22,0.0162340564117027,16.2340564117027,0.013709451972127,13.709451972126999,0.0141958333333333,14.195833333333299,14.195833333333299,14.195833333333299,14.195833333333299,16.2340564117027,16.2340564117027,16.2340564117027,13.709451972126999,13.709451972126999,13.709451972126999
HRAO,-25.89,27.687,1414.3,2022,1,23,2580,2022-01-23,0.0193181121575901,19.3181121575901,0.0169954303978642,16.995430397864197,0.0164791666666666,16.4791666666666,22.6791666666666,16.4791666666666,16.4791666666666,19.3181121575901,19.3181121575901,19.3181121575901,16.995430397864197,16.995430397864197,16.995430397864197
HRAO,-25.89,27.687,1414.3,2022,1,24,2581,2022-01-24,0.024834426796818,24.834426796818,0.023675042478546,23.675042478545997,0.0226791666666666,22.6791666666666,22.6791666666666,22.6791666666666,22.6791666666666,24.834426796818,24.834426796818,24.834426796818,23.675042478545997,23.675042478545997,23.675042478545997
HRAO,-25.89,27.687,1414.3,2022,1,25,2582,2022-01-25,0.0252368574664264,25.2368574664264,0.0269991878340967,26.9991878340967,0.0263874999999999,26.3874999999999,26.3874999999999,26.3874999999999,26.3874999999999,25.2368574664264,25.2368574664264,25.2368574664264,26.9991878340967,26.9991878340967,26.9991878340967
HRAO,-25.89,27.687,1414.3,2022,1,26,2583,2022-01-26,0.0283930399818148,28.393039981814802,0.0256944158182051,25.694415818205098,0.0257791666666666,25.7791666666666,25.7791666666666,25.7791666666666,25.7791666666666,28.393039981814802,28.393039981814802,28.393039981814802,25.694415818205098,25.694415818205098,25.694415818205098
HRAO,-25.89,27.687,1414.3,2022,1,27,2584,2022-01-27,0.0350584635187268,35.0584635187268,0.0339066825811038,33.906682581103794,0.0330375,33.037499999999994,33.037499999999994,33.037499999999994,33.037499999999994,35.0584635187268,35.0584635187268,35.0584635187268,33.906682581103794,33.906682581103794,33.906682581103794
HRAO,-25.89,27.687,1414.3,2022,1,28,2585,2022-01-28,0.0368852524973945,36.885252497394504,0.0356962811902215,35.6962811902215,0.0367125,36.7125,36.7125,36.7125,36.7125,36.885252497394504,36.885252497394504,36.885252497394504,35.6962811902215,35.6962811902215,35.6962811902215
HRAO,-25.89,27.687,1414.3,2022,1,29,2586,2022-01-29,0.0366994080577617,36.6994080577617,0.0355800142460431,35.580014246043106,0.0360541666666666,36.0541666666666,36.0541666666666,36.0541666666666,36.0541666666666,36.6994080577617,36.6994080577617,36.6994080577617,35.580014246043106,35.580014246043106,35.580014246043106
HRAO,-25.89,27.687,1414.3,2022,1,30,2587,2022-01-30,0.0379407615137747,37.9407615137747,0.0369865982500373,36.9865982500373,0.0381083333333333,38.1083333333333,38.1083333333333,38.1083333333333,38.1083333333333,37.9407615137747,37.9407615137747,37.9407615137747,36.9865982500373,36.9865982500373,36.9865982500373
HRAO,-25.89,27.687,1414.3,2022,2,1,2589,2022-02-01,0.0189409831620977,18.9409831620977,0.0160126086374175,16.012608637417497,0.0193416666666666,19.3416666666666,19.3416666666666,19.3416666666666,19.3416666666666,36.216102795787,18.9409831620977,18.9409831620977,33.1736420391951,16.012608637417497,16.012608637417497
HRAO,-25.89,27.687,1414.3,2022,2,2,2590,2022-02-02,0.0241378144145852,24.1378144145852,0.0199066141313026,19.9066141313026,0.0227708333333333,22.7708333333333,22.7708333333333,22.7708333333333,22.7708333333333,24.1378144145852,24.1378144145852,24.1378144145852,19.9066141313026,19.9066141313026,19.9066141313026
HRAO,-25.89,27.687,1414.3,2022,2,3,2591,2022-02-03,0.0303633061852451,30.3633061852451,0.0260760304238846,26.0760304238846,0.0278583333333333,27.858333333333302,27.858333333333302,27.858333333333302,27.858333333333302,30.3633061852451,30.3633061852451,30.3633061852451,26.0760304238846,26.0760304238846,26.0760304238846
HRAO,-25.89,27.687,1414.3,2022,2,4,2592,2022-02-04,0.036216102795787,36.216102795787,0.0331736420391951,33.1736420391951,0.0360124999999999,36.012499999999896,36.012499999999896,36.012499999999896,36.012499999999896,36.216102795787,36.216102795787,36.216102795787,33.1736420391951,33.1736420391951,33.1736420391951
HRAO,-25.89,27.687,1414.3,2022,2,5,2593,2022-02-05,0.0329373104339104,32.9373104339104,0.0330898887691247,33.0898887691247,0.0330166666666666,33.016666666666595,33.016666666666595,33.016666666666595,33.016666666666595,32.9373104339104,32.9373104339104,32.9373104339104,33.0898887691247,33.0898887691247,33.0898887691247
HRAO,-25.89,27.687,1414.3,2022,2,6,2594,2022-02-06,0.0247993299760007,24.7993299760007,0.0250399912744695,25.0399912744695,0.0252916666666666,25.2916666666666,25.2916666666666,25.2916666666666,25.2916666666666,24.7993299760007,24.7993299760007,24.7993299760007,25.0399912744695,25.0399912744695,25.0399912744695
HRAO,-25.89,27.687,1414.3,2022,2,7,2595,2022-02-07,0.0249115197351983,24.9115197351983,0.0217187083067938,21.718708306793797,0.0211541666666666,21.154166666666598,21.154166666666598,21.154166666666598,21.154166666666598,24.9115197351983,24.9115197351983,24.9115197351983,21.718708306793797,21.718708306793797,21.718708306793797
HRAO,-25.89,27.687,1414.3,2022,2,8,2596,2022-02-08,0.029433514740534,29.433514740534,0.0291057831892047,29.1057831892047,0.0298208333333333,29.8208333333333,29.8208333333333,29.8208333333333,29.8208333333333,29.433514740534,29.433514740534,29.433514740534,29.1057831892047,29.1057831892047,29.1057831892047
HRAO,-25.89,27.687,1414.3,2022,2,9,2597,2022-02-09,0.0292973555479844,29.297355547984402,0.027609610836145,27.609610836145,0.0276625,27.662499999999998,27.662499999999998,27.662499999999998,27.662499999999998,29.297355547984402,29.297355547984402,29.297355547984402,27.609610836145,27.609610836145,27.609610836145
HRAO,-25.89,27.687,1414.3,2022,2,10,2598,2022-02-10,0.0298847030871572,29.8847030871572,0.0273431057807321,27.3431057807321,0.0279958333333333,27.995833333333298,27.995833333333298,27.995833333333298,27.995833333333298,29.8847030871572,29.8847030871572,29.8847030871572,27.3431057807321,27.3431057807321,27.3431057807321
HRAO,-25.89,27.687,1414.3,2022,2,11,2599,2022-02-11,0.0240151493826764,24.0151493826764,0.024699962636597,24.699962636597,0.0243791666666666,24.379166666666602,24.379166666666602,24.379166666666602,24.379166666666602,24.0151493826764,24.0151493826764,24.0151493826764,24.699962636597,24.699962636597,24.699962636597
HRAO,-25.89,27.687,1414.3,2022,2,12,2600,2022-02-12,0.0186007037894839,18.6007037894839,0.0151959947008546,15.1959947008546,0.0168458333333333,16.8458333333333,16.8458333333333,16.8458333333333,16.8458333333333,18.6007037894839,18.6007037894839,18.6007037894839,15.1959947008546,15.1959947008546,15.1959947008546
HRAO,-25.89,27.687,1414.3,2022,2,13,2601,2022-02-13,0.0214001678902886,21.4001678902886,0.0202946264982944,20.2946264982944,0.0198708333333333,19.870833333333298,24.7666666666666,19.870833333333298,19.870833333333298,24.701316940516598,21.4001678902886,21.4001678902886,20.2946264982944,20.2946264982944,20.2946264982944
HRAO,-25.89,27.687,1414.3,2022,2,14,2602,2022-02-14,0.0247013169405166,24.701316940516598,0.0235179674764094,23.5179674764094,0.0247666666666666,24.7666666666666,24.7666666666666,24.7666666666666,24.7666666666666,24.701316940516598,24.701316940516598,24.701316940516598,23.5179674764094,23.5179674764094,23.5179674764094
HRAO,-25.89,27.687,1414.3,2022,2,15,2603,2022-02-15,0.0266272844347097,26.6272844347097,0.025083517485144,25.083517485144,0.0248749999999999,24.8749999999999,24.8749999999999,24.8749999999999,24.8749999999999,26.6272844347097,26.6272844347097,26.6272844347097,25.083517485144,25.083517485144,25.083517485144
HRAO,-25.89,27.687,1414.3,2022,2,16,2604,2022-02-16,0.0288100402440262,28.8100402440262,0.0270596171865611,27.059617186561102,0.0278458333333333,27.8458333333333,27.8458333333333,27.8458333333333,27.8458333333333,28.8100402440262,28.8100402440262,28.8100402440262,27.059617186561102,27.059617186561102,27.059617186561102
HRAO,-25.89,27.687,1414.3,2022,2,17,2605,2022-02-17,0.0295987676428985,29.5987676428985,0.0305547988345109,30.554798834510898,0.0322083333333333,32.2083333333333,32.2083333333333,32.2083333333333,32.2083333333333,29.5987676428985,29.5987676428985,29.5987676428985,30.554798834510898,30.554798834510898,30.554798834510898
HRAO,-25.89,27.687,1414.3,2022,2,18,2606,2022-02-18,0.0333453997113932,33.3453997113932,0.0324937174239684,32.4937174239684,0.0326291666666666,32.6291666666666,32.6291666666666,32.6291666666666,32.6291666666666,28.8100402440262,33.3453997113932,33.3453997113932,32.4937174239684,32.4937174239684,32.4937174239684
HRAO,-25.89,27.687,1414.3,2022,2,19,2607,2022-02-19,0.0327457665357466,32.745766535746604,0.0341131179269188,34.1131179269188,0.0332333333333333,33.2333333333333,33.2333333333333,33.2333333333333,33.2333333333333,32.745766535746604,32.745766535746604,32.745766535746604,34.1131179269188,34.1131179269188,34.1131179269188
HRAO,-25.89,27.687,1414.3,2022,2,20,2608,2022-02-20,0.0268228953660546,26.8228953660546,0.0275653464216273,27.5653464216273,0.0285,28.5,28.5,28.5,28.5,26.8228953660546,26.8228953660546,26.8228953660546,27.5653464216273,27.5653464216273,27.5653464216273
HRAO,-25.89,27.687,1414.3,2022,2,21,2609,2022-02-21,0.0216499304223757,21.6499304223757,0.0214355243964116,21.435524396411598,0.021375,21.375,21.375,21.375,21.375,21.6499304223757,21.6499304223757,21.6499304223757,21.435524396411598,21.435524396411598,21.435524396411598
HRAO,-25.89,27.687,1414.3,2022,2,22,2610,2022-02-22,0.0220091524618272,22.0091524618272,0.02208896051828,22.08896051828,0.0228416666666666,22.8416666666666,26.275,22.8416666666666,22.8416666666666,25.092827511875402,22.0091524618272,22.0091524618272,22.08896051828,22.08896051828,22.08896051828
HRAO,-25.89,27.687,1414.3,2022,2,23,2611,2022-02-23,0.0247357464478984,24.7357464478984,0.0243348426570406,24.3348426570406,0.0269708333333333,26.970833333333303,26.970833333333303,26.970833333333303,26.970833333333303,24.7357464478984,24.7357464478984,24.7357464478984,24.3348426570406,24.3348426570406,24.3348426570406
HRAO,-25.89,27.687,1414.3,2022,2,24,2612,2022-02-24,0.0250928275118754,25.092827511875402,0.022424394380672,22.424394380672002,0.0256875,25.6875,25.6875,25.6875,25.6875,25.092827511875402,25.092827511875402,25.092827511875402,24.3348426570406,22.424394380672002,22.424394380672002
HRAO,-25.89,27.687,1414.3,2022,2,25,2613,2022-02-25,0.0260960724421829,26.096072442182898,0.024744079073457,24.744079073456998,0.026275,26.275,26.275,26.275,26.275,26.096072442182898,26.096072442182898,26.096072442182898,24.744079073456998,24.744079073456998,24.744079073456998
HRAO,-25.89,27.687,1414.3,2022,2,26,2614,2022-02-26,0.0275297089082891,27.5297089082891,0.028217048141504,28.217048141504,0.0282708333333333,28.2708333333333,28.2708333333333,28.2708333333333,28.2708333333333,27.5297089082891,27.5297089082891,27.5297089082891,28.217048141504,28.217048141504,28.217048141504
HRAO,-25.89,27.687,1414.3,2022,2,27,2615,2022-02-27,0.0284135431224162,28.4135431224162,0.0284960915568942,28.4960915568942,0.0285291666666666,28.529166666666598,28.529166666666598,28.529166666666598,28.529166666666598,28.4135431224162,28.4135431224162,28.4135431224162,28.4960915568942,28.4960915568942,28.4960915568942
HRAO,-25.89,27.687,1414.3,2022,2,28,2616,2022-02-28,0.0303523852478493,30.3523852478493,0.0309897181348938,30.9897181348938,0.0311541666666666,31.1541666666666,28.7499999999999,31.1541666666666,31.1541666666666,30.3523852478493,30.3523852478493,30.3523852478493,30.9897181348938,30.9897181348938,30.9897181348938
HRAO,-25.89,27.687,1414.3,2022,3,1,2617,2022-03-01,0.0290120364277551,29.0120364277551,0.0295249624590955,29.524962459095498,0.0293458333333333,29.3458333333333,29.3458333333333,29.3458333333333,29.3458333333333,29.0120364277551,29.0120364277551,29.0120364277551,29.524962459095498,29.524962459095498,29.524962459095498
HRAO,-25.89,27.687,1414.3,2022,3,2,2618,2022-03-02,0.0275522997104484,27.552299710448402,0.02630971131192,26.30971131192,0.0289541666666666,28.9541666666666,28.9541666666666,28.9541666666666,28.9541666666666,27.552299710448402,27.552299710448402,27.552299710448402,26.30971131192,26.30971131192,26.30971131192
HRAO,-25.89,27.687,1414.3,2022,3,3,2619,2022-03-03,0.0281687913342719,28.1687913342719,0.0271482972008735,27.1482972008735,0.0287499999999999,28.7499999999999,28.7499999999999,28.7499999999999,28.7499999999999,28.1687913342719,28.1687913342719,28.1687913342719,27.1482972008735,27.1482972008735,27.1482972008735
HRAO,-25.89,27.687,1414.3,2022,3,4,2620,2022-03-04,0.0343860795855508,34.3860795855508,0.0345413630717097,34.541363071709696,0.0333833333333333,33.3833333333333,33.3833333333333,33.3833333333333,33.3833333333333,34.3860795855508,34.3860795855508,34.3860795855508,34.541363071709696,34.541363071709696,34.541363071709696
HRAO,-25.89,27.687,1414.3,2022,3,5,2621,2022-03-05,0.0339681259053157,33.9681259053157,0.0352055577687598,35.205557768759796,0.0359916666666666,35.9916666666666,35.9916666666666,35.9916666666666,35.9916666666666,33.9681259053157,33.9681259053157,33.9681259053157,35.205557768759796,35.205557768759796,35.205557768759796
HRAO,-25.89,27.687,1414.3,2022,3,6,2622,2022-03-06,0.0233276828151362,23.3276828151362,0.0205869794473758,20.5869794473758,0.0210375,21.0375,21.0375,21.0375,21.0375,23.3276828151362,23.3276828151362,23.3276828151362,20.5869794473758,20.5869794473758,20.5869794473758
HRAO,-25.89,27.687,1414.3,2022,3,7,2623,2022-03-07,0.0244588519077578,24.4588519077578,0.0211360400776783,21.1360400776783,0.0231124999999999,23.1124999999999,23.1124999999999,23.1124999999999,23.1124999999999,24.4588519077578,24.4588519077578,24.4588519077578,21.1360400776783,21.1360400776783,21.1360400776783
HRAO,-25.89,27.687,1414.3,2022,3,8,2624,2022-03-08,0.0328616572240232,32.8616572240232,0.031178997514581,31.178997514581,0.0329041666666666,32.904166666666605,32.904166666666605,32.904166666666605,32.904166666666605,32.8616572240232,32.8616572240232,32.8616572240232,31.178997514581,31.178997514581,31.178997514581
HRAO,-25.89,27.687,1414.3,2022,3,9,2625,2022-03-09,0.0365733884841949,36.5733884841949,0.036204546686289,36.204546686289,0.0358208333333333,35.820833333333304,35.820833333333304,35.820833333333304,35.820833333333304,36.5733884841949,36.5733884841949,36.5733884841949,36.204546686289,36.204546686289,36.204546686289
HRAO,-25.89,27.687,1414.3,2022,3,10,2626,2022-03-10,0.0338472999844705,33.8472999844705,0.0338785514703931,33.8785514703931,0.0340125,34.0125,34.0125,34.0125,34.0125,33.8472999844705,33.8472999844705,33.8472999844705,33.8785514703931,33.8785514703931,33.8785514703931
HRAO,-25.89,27.687,1414.3,2022,3,11,2627,2022-03-11,0.0303493787055809,30.3493787055809,0.0280983483922895,28.098348392289502,0.0290583333333333,29.0583333333333,29.0583333333333,29.0583333333333,29.0583333333333,30.3493787055809,30.3493787055809,30.3493787055809,28.098348392289502,28.098348392289502,28.098348392289502
HRAO,-25.89,27.687,1414.3,2022,3,12,2628,2022-03-12,0.0281798561187293,28.1798561187293,0.0258335411688952,25.833541168895202,0.0259541666666666,25.9541666666666,25.9541666666666,25.9541666666666,25.9541666666666,28.1798561187293,28.1798561187293,28.1798561187293,25.833541168895202,25.833541168895202,25.833541168895202
HRAO,-25.89,27.687,1414.3,2022,3,13,2629,2022-03-13,0.0246645711261958,24.6645711261958,0.0232360433482429,23.2360433482429,0.0225791666666666,22.5791666666666,22.5791666666666,22.5791666666666,22.5791666666666,24.6645711261958,24.6645711261958,24.6645711261958,23.2360433482429,23.2360433482429,23.2360433482429
HRAO,-25.89,27.687,1414.3,2022,3,14,2630,2022-03-14,0.0307831536628901,30.7831536628901,0.0293164926578509,29.316492657850898,0.0298166666666666,29.8166666666666,29.8166666666666,29.8166666666666,29.8166666666666,30.7831536628901,30.7831536628901,30.7831536628901,29.316492657850898,29.316492657850898,29.316492657850898
HRAO,-25.89,27.687,1414.3,2022,3,15,2631,2022-03-15,0.028451865726228,28.451865726228,0.0265113668474844,26.5113668474844,0.0243916666666666,24.391666666666598,24.391666666666598,24.391666666666598,24.391666666666598,28.451865726228,28.451865726228,28.451865726228,26.5113668474844,26.5113668474844,26.5113668474844
HRAO,-25.89,27.687,1414.3,2022,3,16,2632,2022-03-16,0.0281967383459653,28.1967383459653,0.0241224193229128,24.1224193229128,0.0267958333333333,26.7958333333333,26.7958333333333,26.7958333333333,26.7958333333333,28.1967383459653,28.1967383459653,28.1967383459653,24.1224193229128,24.1224193229128,24.1224193229128
HRAO,-25.89,27.687,1414.3,2022,3,17,2633,2022-03-17,0.0317822026841606,31.7822026841606,0.0302643855747515,30.2643855747515,0.0294375,29.4375,29.4375,29.4375,29.4375,31.7822026841606,31.7822026841606,31.7822026841606,30.2643855747515,30.2643855747515,30.2643855747515
HRAO,-25.89,27.687,1414.3,2022,3,18,2634,2022-03-18,0.0293279017425909,29.3279017425909,0.0285677787589452,28.5677787589452,0.0275333333333333,27.5333333333333,27.5333333333333,27.5333333333333,27.5333333333333,29.3279017425909,29.3279017425909,29.3279017425909,28.5677787589452,28.5677787589452,28.5677787589452
HRAO,-25.89,27.687,1414.3,2022,3,19,2635,2022-03-19,0.02509951028165,25.09951028165,0.0215851902169257,21.5851902169257,0.0224083333333333,22.4083333333333,22.4083333333333,22.4083333333333,22.4083333333333,25.09951028165,25.09951028165,25.09951028165,21.5851902169257,21.5851902169257,21.5851902169257
HRAO,-25.89,27.687,1414.3,2022,3,20,2636,2022-03-20,0.0265191972765314,26.5191972765314,0.0241750611689083,24.1750611689083,0.0261125,26.1125,26.1125,26.1125,26.1125,26.5191972765314,26.5191972765314,26.5191972765314,24.1750611689083,24.1750611689083,24.1750611689083
HRAO,-25.89,27.687,1414.3,2022,3,21,2637,2022-03-21,0.0256716186285347,25.6716186285347,0.0254311175926287,25.4311175926287,0.0248749999999999,24.8749999999999,24.8749999999999,24.8749999999999,24.8749999999999,25.6716186285347,25.6716186285347,25.6716186285347,25.4311175926287,25.4311175926287,25.4311175926287
HRAO,-25.89,27.687,1414.3,2022,3,22,2638,2022-03-22,0.0237380893736145,23.7380893736145,0.022244558330544,22.244558330544,0.0227541666666666,22.7541666666666,22.7541666666666,22.7541666666666,22.7541666666666,23.7380893736145,23.7380893736145,23.7380893736145,22.244558330544,22.244558330544,22.244558330544
HRAO,-25.89,27.687,1414.3,2022,3,23,2639,2022-03-23,0.0233446247264812,23.3446247264812,0.0219626249197924,21.962624919792397,0.0221375,22.1375,22.1375,22.1375,22.1375,23.3446247264812,23.3446247264812,23.3446247264812,21.962624919792397,21.962624919792397,21.962624919792397
HRAO,-25.89,27.687,1414.3,2022,3,24,2640,2022-03-24,0.023293290762545,23.293290762545002,0.0212285851343412,21.2285851343412,0.0227916666666666,22.7916666666666,22.7916666666666,22.7916666666666,22.7916666666666,23.293290762545002,23.293290762545002,23.293290762545002,21.2285851343412,21.2285851343412,21.2285851343412
HRAO,-25.89,27.687,1414.3,2022,3,25,2641,2022-03-25,0.0284040215589445,28.4040215589445,0.0274465745464155,27.4465745464155,0.0273791666666666,27.3791666666666,22.7541666666666,27.3791666666666,27.3791666666666,28.4040215589445,28.4040215589445,28.4040215589445,21.962624919792397,27.4465745464155,27.4465745464155
HRAO,-25.89,27.687,1414.3,2022,3,26,2642,2022-03-26,0.0264243929945822,26.4243929945822,0.0267805320473071,26.780532047307098,0.0258041666666666,25.8041666666666,25.8041666666666,25.8041666666666,25.8041666666666,26.4243929945822,26.4243929945822,26.4243929945822,26.780532047307098,26.780532047307098,26.780532047307098
HRAO,-25.89,27.687,1414.3,2022,3,27,2643,2022-03-27,0.0192941159888499,19.2941159888499,0.0172177816348673,17.2177816348673,0.0167458333333333,16.7458333333333,16.7458333333333,16.7458333333333,16.7458333333333,19.2941159888499,19.2941159888499,19.2941159888499,17.2177816348673,17.2177816348673,17.2177816348673
HRAO,-25.89,27.687,1414.3,2022,3,28,2644,2022-03-28,0.0183204834732373,18.3204834732373,0.0170357600190481,17.0357600190481,0.017275,17.275,17.275,17.275,17.275,18.3204834732373,18.3204834732373,18.3204834732373,17.0357600190481,17.0357600190481,17.0357600190481
HRAO,-25.89,27.687,1414.3,2022,3,29,2645,2022-03-29,0.0168669188594258,16.866918859425798,0.015886965477235,15.886965477235002,0.0157374999999999,15.737499999999901,15.737499999999901,15.737499999999901,15.737499999999901,16.866918859425798,16.866918859425798,16.866918859425798,15.886965477235002,15.886965477235002,15.886965477235002
HRAO,-25.89,27.687,1414.3,2022,3,30,2646,2022-03-30,0.014836615743633,14.836615743633,0.0136516334878349,13.6516334878349,0.0144208333333333,14.420833333333299,14.420833333333299,14.420833333333299,14.420833333333299,14.836615743633,14.836615743633,14.836615743633,13.6516334878349,13.6516334878349,13.6516334878349
HRAO,-25.89,27.687,1414.3,2022,4,1,2648,2022-04-01,0.021189258638628,21.189258638628,0.0221162343778874,22.1162343778874,0.0238166666666666,23.8166666666666,23.8166666666666,23.8166666666666,23.8166666666666,21.189258638628,21.189258638628,21.189258638628,22.1162343778874,22.1162343778874,22.1162343778874
HRAO,-25.89,27.687,1414.3,2022,4,2,2649,2022-04-02,0.026946982938141,26.946982938141,0.0249060066279581,24.9060066279581,0.0274874999999999,27.4874999999999,27.4874999999999,27.4874999999999,27.4874999999999,26.946982938141,26.946982938141,26.946982938141,24.9060066279581,24.9060066279581,24.9060066279581
HRAO,-25.89,27.687,1414.3,2022,4,3,2650,2022-04-03,0.0331882737443368,33.1882737443368,0.0313877268786939,31.3877268786939,0.0320958333333333,32.0958333333333,32.0958333333333,32.0958333333333,32.0958333333333,33.1882737443368,33.1882737443368,33.1882737443368,31.3877268786939,31.3877268786939,31.3877268786939
HRAO,-25.89,27.687,1414.3,2022,4,4,2651,2022-04-04,0.0268073674771807,26.8073674771807,0.0296133449433123,29.6133449433123,0.0275125,27.5125,27.5125,27.5125,27.5125,26.8073674771807,26.8073674771807,26.8073674771807,29.6133449433123,29.6133449433123,29.6133449433123
HRAO,-25.89,27.687,1414.3,2022,4,5,2652,2022-04-05,0.0209066484764903,20.9066484764903,0.0180544575904056,18.054457590405598,0.0186875,18.6875,18.6875,18.6875,18.6875,20.9066484764903,20.9066484764903,20.9066484764903,18.054457590405598,18.054457590405598,18.054457590405598
HRAO,-25.89,27.687,1414.3,2022,4,6,2653,2022-04-06,0.0162676906139709,16.2676906139709,0.0162439156626403,16.2439156626403,0.0143583333333333,14.358333333333299,14.358333333333299,14.358333333333299,14.358333333333299,16.2676906139709,16.2676906139709,16.2676906139709,16.2439156626403,16.2439156626403,16.2439156626403
HRAO,-25.89,27.687,1414.3,2022,4,7,2654,2022-04-07,0.0101676587425945,10.167658742594499,0.0099294678123425,9.9294678123425,0.0106583333333333,10.6583333333333,10.6583333333333,10.6583333333333,10.6583333333333,10.167658742594499,10.167658742594499,10.167658742594499,9.9294678123425,9.9294678123425,9.9294678123425
HRAO,-25.89,27.687,1414.3,2022,4,8,2655,2022-04-08,0.0197652182302213,19.7652182302213,0.0197082519132653,19.7082519132653,0.0221541666666666,22.1541666666666,22.1541666666666,22.1541666666666,22.1541666666666,19.7652182302213,19.7652182302213,19.7652182302213,19.7082519132653,19.7082519132653,19.7082519132653
HRAO,-25.89,27.687,1414.3,2022,4,9,2656,2022-04-09,0.0255819244679858,25.581924467985797,0.0241687017845042,24.168701784504197,0.0242875,24.2875,24.2875,24.2875,24.2875,25.581924467985797,25.581924467985797,25.581924467985797,24.168701784504197,24.168701784504197,24.168701784504197
HRAO,-25.89,27.687,1414.3,2022,4,10,2657,2022-04-10,0.0277318687782625,27.7318687782625,0.0257419135240086,25.7419135240086,0.0255666666666666,25.5666666666666,25.5666666666666,25.5666666666666,25.5666666666666,27.7318687782625,27.7318687782625,27.7318687782625,25.7419135240086,25.7419135240086,25.7419135240086
HRAO,-25.89,27.687,1414.3,2022,4,11,2658,2022-04-11,0.0246495464666438,24.649546466643802,0.0218953777949447,21.8953777949447,0.0214708333333333,21.4708333333333,21.4708333333333,21.4708333333333,21.4708333333333,24.649546466643802,24.649546466643802,24.649546466643802,21.8953777949447,21.8953777949447,21.8953777949447
HRAO,-25.89,27.687,1414.3,2022,4,12,2659,2022-04-12,0.020954164008546,20.954164008546,0.0191222685954095,19.1222685954095,0.0202291666666666,20.2291666666666,20.2291666666666,20.2291666666666,20.2291666666666,20.954164008546,20.954164008546,20.954164008546,19.1222685954095,19.1222685954095,19.1222685954095
HRAO,-25.89,27.687,1414.3,2022,4,13,2660,2022-04-13,0.016506274969915,16.506274969915,0.0168688970067737,16.8688970067737,0.0156166666666666,15.6166666666666,15.6166666666666,15.6166666666666,15.6166666666666,16.506274969915,16.506274969915,16.506274969915,16.8688970067737,16.8688970067737,16.8688970067737
HRAO,-25.89,27.687,1414.3,2022,4,14,2661,2022-04-14,0.0138182228711054,13.8182228711054,0.0128605897268628,12.8605897268628,0.0136416666666666,13.6416666666666,13.6416666666666,13.6416666666666,13.6416666666666,13.8182228711054,13.8182228711054,13.8182228711054,12.8605897268628,12.8605897268628,12.8605897268628
HRAO,-25.89,27.687,1414.3,2022,4,15,2662,2022-04-15,0.01695027600477,16.95027600477,0.0150404425865174,15.0404425865174,0.0142458333333333,14.2458333333333,14.2458333333333,14.2458333333333,14.2458333333333,16.95027600477,16.95027600477,16.95027600477,15.0404425865174,15.0404425865174,15.0404425865174
HRAO,-25.89,27.687,1414.3,2022,4,16,2663,2022-04-16,0.0257825903864489,25.782590386448902,0.0259787479608044,25.9787479608044,0.0268958333333333,26.8958333333333,26.8958333333333,26.8958333333333,26.8958333333333,25.782590386448902,25.782590386448902,25.782590386448902,25.9787479608044,25.9787479608044,25.9787479608044
HRAO,-25.89,27.687,1414.3,2022,4,17,2664,2022-04-17,0.0267956634525353,26.7956634525353,0.0264009087260625,26.4009087260625,0.0253208333333333,25.3208333333333,25.3208333333333,25.3208333333333,25.3208333333333,26.7956634525353,26.7956634525353,26.7956634525353,26.4009087260625,26.4009087260625,26.4009087260625
HRAO,-25.89,27.687,1414.3,2022,4,18,2665,2022-04-18,0.0181306331881222,18.1306331881222,0.0167004589684323,16.7004589684323,0.0162083333333333,16.2083333333333,16.2083333333333,16.2083333333333,16.2083333333333,18.1306331881222,18.1306331881222,18.1306331881222,16.7004589684323,16.7004589684323,16.7004589684323
HRAO,-25.89,27.687,1414.3,2022,4,19,2666,2022-04-19,0.0175341887579628,17.5341887579628,0.016552442782959,16.552442782959,0.0164625,16.462500000000002,16.462500000000002,16.462500000000002,16.462500000000002,17.5341887579628,17.5341887579628,17.5341887579628,16.552442782959,16.552442782959,16.552442782959
HRAO,-25.89,27.687,1414.3,2022,4,20,2667,2022-04-20,0.0179071276658506,17.9071276658506,0.016772470353047,16.772470353046998,0.0160125,16.0125,16.0125,16.0125,16.0125,17.9071276658506,17.9071276658506,17.9071276658506,16.772470353046998,16.772470353046998,16.772470353046998
HRAO,-25.89,27.687,1414.3,2022,4,21,2668,2022-04-21,0.0228590838091989,22.8590838091989,0.021391652342958,21.391652342958,0.0219833333333333,21.9833333333333,21.9833333333333,21.9833333333333,21.9833333333333,22.8590838091989,22.8590838091989,22.8590838091989,21.391652342958,21.391652342958,21.391652342958
HRAO,-25.89,27.687,1414.3,2022,4,22,2669,2022-04-22,0.0244182806101204,24.418280610120398,0.024778908178356,24.778908178355998,0.0242416666666666,24.2416666666666,24.2416666666666,24.2416666666666,24.2416666666666,24.418280610120398,24.418280610120398,24.418280610120398,24.778908178355998,24.778908178355998,24.778908178355998
HRAO,-25.89,27.687,1414.3,2022,4,23,2670,2022-04-23,0.0224074620000664,22.407462000066403,0.0213724472711208,21.372447271120798,0.0202041666666666,20.204166666666598,20.204166666666598,20.204166666666598,20.204166666666598,22.407462000066403,22.407462000066403,22.407462000066403,21.372447271120798,21.372447271120798,21.372447271120798
HRAO,-25.89,27.687,1414.3,2022,4,24,2671,2022-04-24,0.0216155773404416,21.6155773404416,0.019558110720564,19.558110720564002,0.0193791666666666,19.3791666666666,19.3791666666666,19.3791666666666,19.3791666666666,21.6155773404416,21.6155773404416,21.6155773404416,19.558110720564002,19.558110720564002,19.558110720564002
HRAO,-25.89,27.687,1414.3,2022,4,25,2672,2022-04-25,0.0178952452166023,17.895245216602298,0.019805624188744,19.805624188744,0.0183125,18.3125,18.3125,18.3125,18.3125,17.895245216602298,17.895245216602298,17.895245216602298,19.805624188744,19.805624188744,19.805624188744
HRAO,-25.89,27.687,1414.3,2022,4,26,2673,2022-04-26,0.0067955158813573,6.7955158813573,0.0060699694169028,6.0699694169028,0.0050625,5.0625,18.1458333333333,5.0625,5.0625,16.3191345237358,6.7955158813573,6.7955158813573,16.1068971565436,6.0699694169028,6.0699694169028
HRAO,-25.89,27.687,1414.3,2022,4,27,2674,2022-04-27,0.0083378225150577,8.337822515057699,0.0060438102772188,6.0438102772188005,0.0064583333333333,6.4583333333333,6.4583333333333,6.4583333333333,6.4583333333333,8.337822515057699,8.337822515057699,8.337822515057699,15.107993381724,6.0438102772188005,6.0438102772188005
HRAO,-25.89,27.687,1414.3,2022,4,28,2675,2022-04-28,0.0130747492297491,13.0747492297491,0.012214993279464,12.214993279463998,0.0129874999999999,12.9874999999999,12.9874999999999,12.9874999999999,12.9874999999999,13.0747492297491,13.0747492297491,13.0747492297491,12.214993279463998,12.214993279463998,12.214993279463998
HRAO,-25.89,27.687,1414.3,2022,4,29,2676,2022-04-29,0.0163191345237358,16.3191345237358,0.0161068971565436,16.1068971565436,0.0181458333333333,18.1458333333333,18.1458333333333,18.1458333333333,18.1458333333333,16.3191345237358,16.3191345237358,16.3191345237358,16.1068971565436,16.1068971565436,16.1068971565436
HRAO,-25.89,27.687,1414.3,2022,4,30,2677,2022-04-30,0.0137827472792375,13.7827472792375,0.015107993381724,15.107993381724,0.0130916666666666,13.091666666666601,13.091666666666601,13.091666666666601,13.091666666666601,13.7827472792375,13.7827472792375,13.7827472792375,15.107993381724,15.107993381724,15.107993381724
HRAO,-25.89,27.687,1414.3,2022,5,1,2678,2022-05-01,0.0108824369013483,10.882436901348301,0.0105951688596412,10.5951688596412,0.0100416666666666,10.0416666666666,10.0416666666666,10.0416666666666,10.0416666666666,13.7827472792375,10.882436901348301,10.882436901348301,10.5951688596412,10.5951688596412,10.5951688596412
HRAO,-25.89,27.687,1414.3,2022,5,2,2679,2022-05-02,0.0141467504443398,14.146750444339801,0.0135482352330304,13.548235233030399,0.0143541666666666,14.3541666666666,14.3541666666666,14.3541666666666,14.3541666666666,14.146750444339801,14.146750444339801,14.146750444339801,13.548235233030399,13.548235233030399,13.548235233030399
HRAO,-25.89,27.687,1414.3,2022,5,3,2680,2022-05-03,0.0150128511284403,15.012851128440301,0.0145485907197759,14.5485907197759,0.0149416666666666,14.941666666666599,14.941666666666599,14.941666666666599,14.941666666666599,15.012851128440301,15.012851128440301,15.012851128440301,14.5485907197759,14.5485907197759,14.5485907197759
HRAO,-25.89,27.687,1414.3,2022,5,4,2681,2022-05-04,0.0135454340814885,13.5454340814885,0.0127647509881701,12.7647509881701,0.0127166666666666,12.7166666666666,12.7166666666666,12.7166666666666,12.7166666666666,13.5454340814885,13.5454340814885,13.5454340814885,12.7647509881701,12.7647509881701,12.7647509881701
HRAO,-25.89,27.687,1414.3,2022,5,5,2682,2022-05-05,0.0130177602193516,13.0177602193516,0.0117758225334078,11.775822533407801,0.0118708333333333,11.8708333333333,11.8708333333333,11.8708333333333,11.8708333333333,13.0177602193516,13.0177602193516,13.0177602193516,11.775822533407801,11.775822533407801,11.775822533407801
HRAO,-25.89,27.687,1414.3,2022,5,6,2683,2022-05-06,0.0125692979739001,12.569297973900099,0.0111192160738787,11.1192160738787,0.0108791666666666,10.879166666666599,10.879166666666599,10.879166666666599,10.879166666666599,12.569297973900099,12.569297973900099,12.569297973900099,11.1192160738787,11.1192160738787,11.1192160738787
HRAO,-25.89,27.687,1414.3,2022,5,7,2684,2022-05-07,0.0127209738105509,12.7209738105509,0.011773652206388,11.773652206388,0.0116791666666666,11.6791666666666,11.6791666666666,11.6791666666666,11.6791666666666,12.7209738105509,12.7209738105509,12.7209738105509,11.773652206388,11.773652206388,11.773652206388
HRAO,-25.89,27.687,1414.3,2022,5,8,2685,2022-05-08,0.0149842277613819,14.9842277613819,0.0166390078294107,16.6390078294107,0.0160416666666666,16.0416666666666,11.6791666666666,16.0416666666666,16.0416666666666,14.9842277613819,14.9842277613819,14.9842277613819,11.773652206388,16.6390078294107,16.6390078294107
HRAO,-25.89,27.687,1414.3,2022,5,9,2686,2022-05-09,0.011076224714967,11.076224714967,0.0105688866714611,10.5688866714611,0.0107958333333333,10.7958333333333,10.7958333333333,10.7958333333333,10.7958333333333,11.076224714967,11.076224714967,11.076224714967,10.5688866714611,10.5688866714611,10.5688866714611
HRAO,-25.89,27.687,1414.3,2022,5,10,2687,2022-05-10,0.0114913633544386,11.4913633544386,0.0091794579674868,9.1794579674868,0.0104833333333333,10.483333333333299,12.1625,10.483333333333299,10.483333333333299,13.5284704228756,11.4913633544386,11.4913633544386,12.7363761535971,9.1794579674868,9.1794579674868
HRAO,-25.89,27.687,1414.3,2022,5,11,2688,2022-05-11,0.0135284704228756,13.5284704228756,0.0130489483658033,13.0489483658033,0.012225,12.225,12.225,12.225,12.225,13.5284704228756,13.5284704228756,13.5284704228756,13.0489483658033,13.0489483658033,13.0489483658033
HRAO,-25.89,27.687,1414.3,2022,5,12,2689,2022-05-12,0.0135372485320778,13.5372485320778,0.0127363761535971,12.7363761535971,0.0121625,12.1625,12.1625,12.1625,12.1625,13.5372485320778,13.5372485320778,13.5372485320778,12.7363761535971,12.7363761535971,12.7363761535971
HRAO,-25.89,27.687,1414.3,2022,5,13,2690,2022-05-13,0.0144830883497761,14.4830883497761,0.0141051924282739,14.1051924282739,0.0144583333333333,14.4583333333333,14.4583333333333,14.4583333333333,14.4583333333333,14.4830883497761,14.4830883497761,14.4830883497761,14.1051924282739,14.1051924282739,14.1051924282739
HRAO,-25.89,27.687,1414.3,2022,5,14,2691,2022-05-14,0.0151200227894896,15.120022789489601,0.0150597630224686,15.0597630224686,0.015575,15.575000000000001,15.575000000000001,15.575000000000001,15.575000000000001,15.120022789489601,15.120022789489601,15.120022789489601,15.0597630224686,15.0597630224686,15.0597630224686
HRAO,-25.89,27.687,1414.3,2022,5,15,2692,2022-05-15,0.0178196598331394,17.8196598331394,0.0169910128311414,16.991012831141397,0.01715,17.15,17.15,17.15,17.15,16.6756359639947,17.8196598331394,17.8196598331394,16.991012831141397,16.991012831141397,16.991012831141397
HRAO,-25.89,27.687,1414.3,2022,5,16,2693,2022-05-16,0.0185820981907993,18.5820981907993,0.0167771575401964,16.7771575401964,0.0163291666666666,16.329166666666598,16.329166666666598,16.329166666666598,16.329166666666598,18.5820981907993,18.5820981907993,18.5820981907993,16.7771575401964,16.7771575401964,16.7771575401964
HRAO,-25.89,27.687,1414.3,2022,5,17,2694,2022-05-17,0.0178812220969241,17.8812220969241,0.0178948658892137,17.894865889213698,0.0173166666666666,17.3166666666666,17.3166666666666,17.3166666666666,17.3166666666666,17.8812220969241,17.8812220969241,17.8812220969241,17.894865889213698,17.894865889213698,17.894865889213698
HRAO,-25.89,27.687,1414.3,2022,5,18,2695,2022-05-18,0.0166756359639947,16.6756359639947,0.0151682759502151,15.168275950215099,0.014525,14.525,14.525,14.525,14.525,16.6756359639947,16.6756359639947,16.6756359639947,15.168275950215099,15.168275950215099,15.168275950215099
HRAO,-25.89,27.687,1414.3,2022,5,19,2696,2022-05-19,0.0155494165868962,15.5494165868962,0.0143425757350204,14.3425757350204,0.0143791666666666,14.379166666666599,14.379166666666599,14.379166666666599,14.379166666666599,15.5494165868962,15.5494165868962,15.5494165868962,14.3425757350204,14.3425757350204,14.3425757350204
HRAO,-25.89,27.687,1414.3,2022,5,20,2697,2022-05-20,0.0189906285099189,18.990628509918903,0.0177810939918963,17.7810939918963,0.019025,19.025,14.379166666666599,19.025,19.025,18.990628509918903,18.990628509918903,18.990628509918903,17.7810939918963,17.7810939918963,17.7810939918963
HRAO,-25.89,27.687,1414.3,2022,5,21,2698,2022-05-21,0.0156933746130913,15.693374613091299,0.0147778499600137,14.7778499600137,0.0126083333333333,12.608333333333299,12.608333333333299,12.608333333333299,12.608333333333299,15.693374613091299,15.693374613091299,15.693374613091299,14.7778499600137,14.7778499600137,14.7778499600137
HRAO,-25.89,27.687,1414.3,2022,5,22,2699,2022-05-22,0.0134245495478747,13.4245495478747,0.0125880718260262,12.5880718260262,0.012275,12.274999999999999,12.274999999999999,12.274999999999999,12.274999999999999,13.4245495478747,13.4245495478747,13.4245495478747,12.5880718260262,12.5880718260262,12.5880718260262
HRAO,-25.89,27.687,1414.3,2022,5,23,2700,2022-05-23,0.014194623548609,14.194623548609,0.0130508826691829,13.050882669182899,0.0125666666666666,12.566666666666599,12.566666666666599,12.566666666666599,12.566666666666599,14.194623548609,14.194623548609,14.194623548609,13.050882669182899,13.050882669182899,13.050882669182899
HRAO,-25.89,27.687,1414.3,2022,5,24,2701,2022-05-24,0.0099986885783999,9.9986885783999,0.0105828677142596,10.582867714259601,0.0094875,9.487499999999999,9.487499999999999,9.487499999999999,9.487499999999999,9.9986885783999,9.9986885783999,9.9986885783999,10.582867714259601,10.582867714259601,10.582867714259601
HRAO,-25.89,27.687,1414.3,2022,5,25,2702,2022-05-25,0.0076073784189995,7.6073784189995,0.0070182849319579,7.018284931957901,0.0069791666666666,6.9791666666665995,9.487499999999999,6.9791666666665995,6.9791666666665995,7.6073784189995,7.6073784189995,7.6073784189995,10.582867714259601,7.018284931957901,7.018284931957901
HRAO,-25.89,27.687,1414.3,2022,5,26,2703,2022-05-26,0.0086147550167622,8.6147550167622,0.0076950237543982,7.6950237543982,0.0079208333333333,7.9208333333333005,7.9208333333333005,7.9208333333333005,7.9208333333333005,8.6147550167622,8.6147550167622,8.6147550167622,7.6950237543982,7.6950237543982,7.6950237543982
HRAO,-25.89,27.687,1414.3,2022,5,27,2704,2022-05-27,0.0111297580898534,11.1297580898534,0.0094891885864935,9.489188586493501,0.0091,9.1,9.1,9.1,9.1,11.1297580898534,11.1297580898534,11.1297580898534,9.489188586493501,9.489188586493501,9.489188586493501
HRAO,-25.89,27.687,1414.3,2022,5,28,2705,2022-05-28,0.0113430684706404,11.3430684706404,0.0114073209394502,11.4073209394502,0.0099541666666666,9.9541666666666,9.9541666666666,9.9541666666666,9.9541666666666,11.3430684706404,11.3430684706404,11.3430684706404,11.4073209394502,11.4073209394502,11.4073209394502
HRAO,-25.89,27.687,1414.3,2022,5,29,2706,2022-05-29,0.0117834135834374,11.783413583437401,0.01165113627463,11.65113627463,0.0118916666666666,11.8916666666666,11.8916666666666,11.8916666666666,11.8916666666666,11.783413583437401,11.783413583437401,11.783413583437401,11.65113627463,11.65113627463,11.65113627463
HRAO,-25.89,27.687,1414.3,2022,5,30,2707,2022-05-30,0.0067180083505449,6.7180083505449,0.0054835867842513,5.483586784251299,0.0046166666666666,4.6166666666666,6.7708333333333,4.6166666666666,4.6166666666666,6.7180083505449,6.7180083505449,6.7180083505449,5.483586784251299,5.483586784251299,5.483586784251299
HRAO,-25.89,27.687,1414.3,2022,6,1,2709,2022-06-01,0.0073583461792214,7.3583461792213996,0.0070578421836965,7.0578421836965,0.0067708333333333,6.7708333333333,6.7708333333333,6.7708333333333,6.7708333333333,7.3583461792213996,7.3583461792213996,7.3583461792213996,7.0578421836965,7.0578421836965,7.0578421836965
HRAO,-25.89,27.687,1414.3,2022,6,2,2710,2022-06-02,0.0075491084175258,7.5491084175258,0.0072144023322116,7.2144023322116,0.0064291666666666,6.4291666666666,6.4291666666666,6.4291666666666,6.4291666666666,7.5491084175258,7.5491084175258,7.5491084175258,7.2144023322116,7.2144023322116,7.2144023322116
HRAO,-25.89,27.687,1414.3,2022,6,3,2711,2022-06-03,0.0072702323201877,7.2702323201876995,0.00617949312565,6.1794931256500005,0.0063875,6.3875,6.3875,6.3875,6.3875,7.2702323201876995,7.2702323201876995,7.2702323201876995,6.1794931256500005,6.1794931256500005,6.1794931256500005
HRAO,-25.89,27.687,1414.3,2022,6,4,2712,2022-06-04,0.0068272096458629,6.827209645862901,0.0061862776494705,6.1862776494705,0.0064375,6.4375,6.4375,6.4375,6.4375,6.827209645862901,6.827209645862901,6.827209645862901,6.1862776494705,6.1862776494705,6.1862776494705
HRAO,-25.89,27.687,1414.3,2022,6,5,2713,2022-06-05,0.0077873386976838,7.7873386976838,0.0060211408062558,6.021140806255801,0.00605,6.05,6.4291666666666,6.05,6.05,7.7873386976838,7.7873386976838,7.7873386976838,6.021140806255801,6.021140806255801,6.021140806255801
HRAO,-25.89,27.687,1414.3,2022,6,6,2714,2022-06-06,0.0090719086055092,9.0719086055092,0.0084011837947882,8.4011837947882,0.0091166666666666,9.1166666666666,6.3875,9.1166666666666,9.1166666666666,9.0719086055092,9.0719086055092,9.0719086055092,8.4011837947882,8.4011837947882,8.4011837947882
HRAO,-25.89,27.687,1414.3,2022,6,7,2715,2022-06-07,0.009571688407509,9.571688407509,0.0095083329985379,9.508332998537899,0.0097375,9.737499999999999,6.05,9.737499999999999,9.737499999999999,9.571688407509,9.571688407509,9.571688407509,9.508332998537899,9.508332998537899,9.508332998537899
HRAO,-25.89,27.687,1414.3,2022,6,8,2716,2022-06-08,0.0070618536102401,7.0618536102400995,0.006837708648055,6.837708648055,0.0060458333333333,6.0458333333333,6.0458333333333,6.0458333333333,6.0458333333333,7.0618536102400995,7.0618536102400995,7.0618536102400995,6.837708648055,6.837708648055,6.837708648055
HRAO,-25.89,27.687,1414.3,2022,6,9,2717,2022-06-09,0.0060095076221874,6.0095076221874,0.0054326090473345,5.4326090473345,0.005325,5.325,5.325,5.325,5.325,6.0095076221874,6.0095076221874,6.0095076221874,5.4326090473345,5.4326090473345,5.4326090473345
HRAO,-25.89,27.687,1414.3,2022,6,10,2718,2022-06-10,0.0068173696008015,6.8173696008015,0.0057797262850199,5.7797262850199,0.0056291666666666,5.6291666666666,5.6291666666666,5.6291666666666,5.6291666666666,6.8173696008015,6.8173696008015,6.8173696008015,5.7797262850199,5.7797262850199,5.7797262850199
HRAO,-25.89,27.687,1414.3,2022,6,11,2719,2022-06-11,0.0065940847092854,6.5940847092854,0.0060763614983893,6.0763614983893,0.0059583333333333,5.9583333333333,5.9583333333333,5.9583333333333,5.9583333333333,6.5940847092854,6.5940847092854,6.5940847092854,6.0763614983893,6.0763614983893,6.0763614983893
HRAO,-25.89,27.687,1414.3,2022,6,12,2720,2022-06-12,0.0054271385536644,5.4271385536644,0.0058849450409092,5.8849450409092,0.004875,4.875,4.875,4.875,4.875,5.4271385536644,5.4271385536644,5.4271385536644,5.8849450409092,5.8849450409092,5.8849450409092
HRAO,-25.89,27.687,1414.3,2022,6,13,2721,2022-06-13,0.0062774823632122,6.2774823632122,0.0045395819533315,4.5395819533315,0.0044916666666666,4.4916666666666,4.4916666666666,4.4916666666666,4.4916666666666,6.2774823632122,6.2774823632122,6.2774823632122,4.5395819533315,4.5395819533315,4.5395819533315
HRAO,-25.89,27.687,1414.3,2022,6,14,2722,2022-06-14,0.0122560004545698,12.256000454569799,0.010427165523356,10.427165523355999,0.0112333333333333,11.2333333333333,5.8749999999999005,11.2333333333333,11.2333333333333,6.5940847092854,12.256000454569799,12.256000454569799,6.0763614983893,10.427165523355999,10.427165523355999
HRAO,-25.89,27.687,1414.3,2022,6,15,2723,2022-06-15,0.0085213022092391,8.5213022092391,0.0066689550677442,6.6689550677442,0.0058749999999999,5.8749999999999005,5.8749999999999005,5.8749999999999005,5.8749999999999005,8.5213022092391,8.5213022092391,8.5213022092391,6.6689550677442,6.6689550677442,6.6689550677442
HRAO,-25.89,27.687,1414.3,2022,6,16,2724,2022-06-16,0.0056568424252106,5.6568424252106,0.0052792967819253,5.2792967819253,0.0050708333333333,5.0708333333333,5.0708333333333,5.0708333333333,5.0708333333333,5.6568424252106,5.6568424252106,5.6568424252106,5.2792967819253,5.2792967819253,5.2792967819253
HRAO,-25.89,27.687,1414.3,2022,6,17,2725,2022-06-17,0.007878173087302,7.878173087302,0.0071144554205981,7.1144554205981,0.0068083333333333,6.8083333333333,6.8083333333333,6.8083333333333,6.8083333333333,7.878173087302,7.878173087302,7.878173087302,7.1144554205981,7.1144554205981,7.1144554205981
HRAO,-25.89,27.687,1414.3,2022,6,18,2726,2022-06-18,0.0077263470085796,7.726347008579601,0.0061367668794348,6.1367668794348,0.0051833333333333,5.1833333333333,5.1833333333333,5.1833333333333,5.1833333333333,7.726347008579601,7.726347008579601,7.726347008579601,6.1367668794348,6.1367668794348,6.1367668794348
HRAO,-25.89,27.687,1414.3,2022,6,19,2727,2022-06-19,0.0103285592484307,10.3285592484307,0.008997519409729,8.997519409729,0.00785,7.85,7.85,7.85,7.85,10.3285592484307,10.3285592484307,10.3285592484307,8.997519409729,8.997519409729,8.997519409729
HRAO,-25.89,27.687,1414.3,2022,6,20,2728,2022-06-20,0.0123308130500401,12.3308130500401,0.0117410649298461,11.7410649298461,0.0107708333333333,10.7708333333333,10.7708333333333,10.7708333333333,10.7708333333333,12.3308130500401,12.3308130500401,12.3308130500401,11.7410649298461,11.7410649298461,11.7410649298461
HRAO,-25.89,27.687,1414.3,2022,6,21,2729,2022-06-21,0.009582704831461,9.582704831461,0.0092015433604862,9.2015433604862,0.0089833333333333,8.9833333333333,8.9833333333333,8.9833333333333,8.9833333333333,9.582704831461,9.582704831461,9.582704831461,9.2015433604862,9.2015433604862,9.2015433604862
HRAO,-25.89,27.687,1414.3,2022,6,22,2730,2022-06-22,0.0126995946816914,12.6995946816914,0.0108279889590305,10.827988959030499,0.0107791666666666,10.7791666666666,10.7791666666666,10.7791666666666,10.7791666666666,12.6995946816914,12.6995946816914,12.6995946816914,10.827988959030499,10.827988959030499,10.827988959030499
HRAO,-25.89,27.687,1414.3,2022,6,23,2731,2022-06-23,0.016303166899791,16.303166899790998,0.015072441264495,15.072441264495,0.015475,15.475,15.475,15.475,15.475,16.303166899790998,16.303166899790998,16.303166899790998,15.072441264495,15.072441264495,15.072441264495
HRAO,-25.89,27.687,1414.3,2022,6,24,2732,2022-06-24,0.0182223723100073,18.2223723100073,0.0146596702373437,14.6596702373437,0.0155,15.5,15.5,15.5,15.5,18.2223723100073,18.2223723100073,18.2223723100073,14.6596702373437,14.6596702373437,14.6596702373437
HRAO,-25.89,27.687,1414.3,2022,6,25,2733,2022-06-25,0.0183612556040141,18.3612556040141,0.0180578483829972,18.0578483829972,0.017775,17.775,17.775,17.775,17.775,18.3612556040141,18.3612556040141,18.3612556040141,18.0578483829972,18.0578483829972,18.0578483829972
HRAO,-25.89,27.687,1414.3,2022,6,26,2734,2022-06-26,0.0121669194436273,12.1669194436273,0.0112298159731589,11.2298159731589,0.0100833333333333,10.0833333333333,10.0833333333333,10.0833333333333,10.0833333333333,12.1669194436273,12.1669194436273,12.1669194436273,11.2298159731589,11.2298159731589,11.2298159731589
HRAO,-25.89,27.687,1414.3,2022,6,27,2735,2022-06-27,0.0084810412908464,8.4810412908464,0.0074732847468108,7.4732847468108,0.006725,6.725,6.725,6.725,6.725,8.4810412908464,8.4810412908464,8.4810412908464,7.4732847468108,7.4732847468108,7.4732847468108
HRAO,-25.89,27.687,1414.3,2022,6,28,2736,2022-06-28,0.0087951095701777,8.7951095701777,0.0073812434891755,7.3812434891755,0.0075583333333333,7.5583333333333,7.5583333333333,7.5583333333333,7.5583333333333,8.7951095701777,8.7951095701777,8.7951095701777,7.3812434891755,7.3812434891755,7.3812434891755
HRAO,-25.89,27.687,1414.3,2022,6,29,2737,2022-06-29,0.0099540540588934,9.9540540588934,0.0094047081811781,9.4047081811781,0.0088291666666666,8.8291666666666,8.8291666666666,8.8291666666666,8.8291666666666,9.9540540588934,9.9540540588934,9.9540540588934,9.4047081811781,9.4047081811781,9.4047081811781
HRAO,-25.89,27.687,1414.3,2022,6,30,2738,2022-06-30,0.0073915572643672,7.3915572643672,0.0063373739653152,6.3373739653152,0.00615,6.15,6.15,6.15,6.15,7.3915572643672,7.3915572643672,7.3915572643672,6.3373739653152,6.3373739653152,6.3373739653152
HRAO,-25.89,27.687,1414.3,2022,7,1,2739,2022-07-01,0.0070077049678315,7.0077049678315,0.0062783111992353,6.2783111992353,0.0066416666666666,6.6416666666666,6.6416666666666,6.6416666666666,6.6416666666666,7.0077049678315,7.0077049678315,7.0077049678315,6.2783111992353,6.2783111992353,6.2783111992353
HRAO,-25.89,27.687,1414.3,2022,7,2,2740,2022-07-02,0.008207205094477,8.207205094476999,0.0080269202493038,8.0269202493038,0.0080125,8.012500000000001,8.012500000000001,8.012500000000001,8.012500000000001,8.207205094476999,8.207205094476999,8.207205094476999,8.0269202493038,8.0269202493038,8.0269202493038
HRAO,-25.89,27.687,1414.3,2022,7,3,2741,2022-07-03,0.0099936297619556,9.9936297619556,0.0086116423421238,8.611642342123801,0.0088791666666666,8.879166666666599,8.879166666666599,8.879166666666599,8.879166666666599,9.9936297619556,9.9936297619556,9.9936297619556,8.611642342123801,8.611642342123801,8.611642342123801
HRAO,-25.89,27.687,1414.3,2022,7,4,2742,2022-07-04,0.0106480477638928,10.6480477638928,0.010897065763451,10.897065763451,0.0100666666666666,10.0666666666666,10.0666666666666,10.0666666666666,10.0666666666666,10.6480477638928,10.6480477638928,10.6480477638928,10.897065763451,10.897065763451,10.897065763451
HRAO,-25.89,27.687,1414.3,2022,7,5,2743,2022-07-05,0.0118040611252378,11.8040611252378,0.0103162128011731,10.3162128011731,0.0101541666666666,10.1541666666666,10.1541666666666,10.1541666666666,10.1541666666666,11.8040611252378,11.8040611252378,11.8040611252378,10.3162128011731,10.3162128011731,10.3162128011731
HRAO,-25.89,27.687,1414.3,2022,7,6,2744,2022-07-06,0.0105004268094067,10.500426809406699,0.010680098740905,10.680098740904999,0.0109291666666666,10.9291666666666,10.9291666666666,10.9291666666666,10.9291666666666,10.500426809406699,10.500426809406699,10.500426809406699,10.680098740904999,10.680098740904999,10.680098740904999
HRAO,-25.89,27.687,1414.3,2022,7,7,2745,2022-07-07,0.0056114900598223,5.6114900598223,0.0051801590063421,5.1801590063421,0.0059291666666666,5.9291666666666,5.9291666666666,5.9291666666666,5.9291666666666,5.6114900598223,5.6114900598223,5.6114900598223,5.1801590063421,5.1801590063421,5.1801590063421
HRAO,-25.89,27.687,1414.3,2022,7,8,2746,2022-07-08,0.0054270119124854,5.4270119124854,0.0045739182264369,4.5739182264369,0.0052291666666666,5.2291666666665995,5.2291666666665995,5.2291666666665995,5.2291666666665995,5.4270119124854,5.4270119124854,5.4270119124854,4.5739182264369,4.5739182264369,4.5739182264369
HRAO,-25.89,27.687,1414.3,2022,7,9,2747,2022-07-09,0.0081128871858018,8.1128871858018,0.0061728901039003,6.172890103900301,0.0078958333333333,7.8958333333333,7.8958333333333,7.8958333333333,7.8958333333333,8.1128871858018,8.1128871858018,8.1128871858018,6.172890103900301,6.172890103900301,6.172890103900301
HRAO,-25.89,27.687,1414.3,2022,7,10,2748,2022-07-10,0.010664883016929,10.664883016929,0.0091558092704089,9.155809270408898,0.009075,9.075,9.075,9.075,9.075,10.664883016929,10.664883016929,10.664883016929,9.155809270408898,9.155809270408898,9.155809270408898
HRAO,-25.89,27.687,1414.3,2022,7,11,2749,2022-07-11,0.0071949275007055,7.1949275007055,0.0065663418692354,6.5663418692354,0.0061791666666666,6.1791666666666005,6.1791666666666005,6.1791666666666005,6.1791666666666005,7.1949275007055,7.1949275007055,7.1949275007055,6.5663418692354,6.5663418692354,6.5663418692354
HRAO,-25.89,27.687,1414.3,2022,7,12,2750,2022-07-12,0.0079275722752145,7.9275722752145,0.0064466492633801,6.446649263380101,0.0068875,6.8875,6.8875,6.8875,6.8875,7.9275722752145,7.9275722752145,7.9275722752145,6.446649263380101,6.446649263380101,6.446649263380101
HRAO,-25.89,27.687,1414.3,2022,7,13,2751,2022-07-13,0.0103040403548515,10.3040403548515,0.0100550517561348,10.0550517561348,0.0104541666666666,10.4541666666666,6.8875,10.4541666666666,10.4541666666666,10.3040403548515,10.3040403548515,10.3040403548515,7.0917847098681,10.0550517561348,10.0550517561348
HRAO,-25.89,27.687,1414.3,2022,7,14,2752,2022-07-14,0.0067178173561988,6.7178173561987995,0.0070917847098681,7.0917847098681,0.0062583333333333,6.2583333333333,6.2583333333333,6.2583333333333,6.2583333333333,6.7178173561987995,6.7178173561987995,6.7178173561987995,7.0917847098681,7.0917847098681,7.0917847098681
HRAO,-25.89,27.687,1414.3,2022,7,15,2753,2022-07-15,0.0068772935334279,6.877293533427901,0.0065044977534016,6.5044977534016,0.00665,6.6499999999999995,6.6499999999999995,6.6499999999999995,6.6499999999999995,6.877293533427901,6.877293533427901,6.877293533427901,6.5044977534016,6.5044977534016,6.5044977534016
HRAO,-25.89,27.687,1414.3,2022,7,16,2754,2022-07-16,0.0083780878672319,8.3780878672319,0.0083878997979333,8.3878997979333,0.0081291666666666,8.1291666666666,8.1291666666666,8.1291666666666,8.1291666666666,8.3780878672319,8.3780878672319,8.3780878672319,8.3878997979333,8.3878997979333,8.3878997979333
HRAO,-25.89,27.687,1414.3,2022,7,17,2755,2022-07-17,0.0074533228680951,7.4533228680951,0.0063751405245691,6.375140524569099,0.0071583333333333,7.1583333333333,7.9624999999999,7.1583333333333,7.1583333333333,7.4533228680951,7.4533228680951,7.4533228680951,6.375140524569099,6.375140524569099,6.375140524569099
HRAO,-25.89,27.687,1414.3,2022,7,18,2756,2022-07-18,0.0089949241116701,8.9949241116701,0.0070965820406993,7.0965820406993005,0.0079624999999999,7.9624999999999,7.9624999999999,7.9624999999999,7.9624999999999,8.9949241116701,8.9949241116701,8.9949241116701,7.0965820406993005,7.0965820406993005,7.0965820406993005
HRAO,-25.89,27.687,1414.3,2022,7,19,2757,2022-07-19,0.0120073369306195,12.0073369306195,0.0103258562663473,10.3258562663473,0.0104166666666666,10.4166666666666,10.4166666666666,10.4166666666666,10.4166666666666,12.0073369306195,12.0073369306195,12.0073369306195,10.3258562663473,10.3258562663473,10.3258562663473
HRAO,-25.89,27.687,1414.3,2022,7,20,2758,2022-07-20,0.0156998259308777,15.699825930877699,0.0146738170480108,14.6738170480108,0.01435,14.35,14.35,14.35,14.35,15.699825930877699,15.699825930877699,15.699825930877699,14.6738170480108,14.6738170480108,14.6738170480108
HRAO,-25.89,27.687,1414.3,2022,7,21,2759,2022-07-21,0.015407672458188,15.407672458188001,0.0151210706106438,15.1210706106438,0.0147375,14.7375,14.7375,14.7375,14.7375,15.407672458188001,15.407672458188001,15.407672458188001,15.1210706106438,15.1210706106438,15.1210706106438
HRAO,-25.89,27.687,1414.3,2022,7,22,2760,2022-07-22,0.0163410442602331,16.3410442602331,0.015875685218011,15.875685218010998,0.0147416666666666,14.7416666666666,14.7416666666666,14.7416666666666,14.7416666666666,16.3410442602331,16.3410442602331,16.3410442602331,15.875685218010998,15.875685218010998,15.875685218010998
HRAO,-25.89,27.687,1414.3,2022,7,23,2761,2022-07-23,0.0167671300235163,16.7671300235163,0.0160609615896749,16.0609615896749,0.015825,15.825,15.825,15.825,15.825,16.7671300235163,16.7671300235163,16.7671300235163,16.0609615896749,16.0609615896749,16.0609615896749
HRAO,-25.89,27.687,1414.3,2022,7,24,2762,2022-07-24,0.0101604388217315,10.1604388217315,0.0096225194937913,9.6225194937913,0.0085291666666666,8.5291666666666,8.5291666666666,8.5291666666666,8.5291666666666,14.963016317649402,10.1604388217315,10.1604388217315,9.6225194937913,9.6225194937913,9.6225194937913
HRAO,-25.89,27.687,1414.3,2022,7,25,2763,2022-07-25,0.0096193826840329,9.619382684032901,0.0075328452947349,7.5328452947349005,0.0092125,9.2125,9.2125,9.2125,9.2125,9.619382684032901,9.619382684032901,9.619382684032901,14.9460226102725,7.5328452947349005,7.5328452947349005
HRAO,-25.89,27.687,1414.3,2022,7,26,2764,2022-07-26,0.0140229314431031,14.0229314431031,0.0140307189091495,14.030718909149499,0.0139499999999999,13.9499999999999,13.9499999999999,13.9499999999999,13.9499999999999,14.0229314431031,14.0229314431031,14.0229314431031,14.030718909149499,14.030718909149499,14.030718909149499
HRAO,-25.89,27.687,1414.3,2022,7,27,2765,2022-07-27,0.0149630163176494,14.963016317649402,0.0149460226102725,14.9460226102725,0.0145416666666666,14.5416666666666,14.5416666666666,14.5416666666666,14.5416666666666,14.963016317649402,14.963016317649402,14.963016317649402,14.9460226102725,14.9460226102725,14.9460226102725
HRAO,-25.89,27.687,1414.3,2022,7,28,2766,2022-07-28,0.0162352832928771,16.2352832928771,0.0151699085486206,15.1699085486206,0.0149833333333333,14.9833333333333,14.9833333333333,14.9833333333333,14.9833333333333,16.2352832928771,16.2352832928771,16.2352832928771,15.1699085486206,15.1699085486206,15.1699085486206
HRAO,-25.89,27.687,1414.3,2022,7,29,2767,2022-07-29,0.013832222661127,13.832222661127,0.0134266541415494,13.4266541415494,0.0126625,12.6625,12.6625,12.6625,12.6625,13.832222661127,13.832222661127,13.832222661127,13.4266541415494,13.4266541415494,13.4266541415494
HRAO,-25.89,27.687,1414.3,2022,7,30,2768,2022-07-30,0.0139325845962929,13.9325845962929,0.0129210836007889,12.921083600788899,0.0123708333333333,12.3708333333333,12.3708333333333,12.3708333333333,12.3708333333333,13.9325845962929,13.9325845962929,13.9325845962929,12.921083600788899,12.921083600788899,12.921083600788899
HRAO,-25.89,27.687,1414.3,2022,8,1,2770,2022-08-01,0.0155022418889367,15.5022418889367,0.0146781733091925,14.6781733091925,0.0138708333333333,13.8708333333333,13.8708333333333,13.8708333333333,13.8708333333333,15.5022418889367,15.5022418889367,15.5022418889367,14.6781733091925,14.6781733091925,14.6781733091925
HRAO,-25.89,27.687,1414.3,2022,8,2,2771,2022-08-02,0.0157612014776176,15.7612014776176,0.0150154970904861,15.0154970904861,0.0141458333333333,14.1458333333333,14.1458333333333,14.1458333333333,14.1458333333333,15.7612014776176,15.7612014776176,15.7612014776176,15.0154970904861,15.0154970904861,15.0154970904861
HRAO,-25.89,27.687,1414.3,2022,8,3,2772,2022-08-03,0.0187699448744986,18.7699448744986,0.0182036623135228,18.203662313522802,0.0179208333333333,17.9208333333333,17.9208333333333,17.9208333333333,17.9208333333333,18.7699448744986,18.7699448744986,18.7699448744986,18.203662313522802,18.203662313522802,18.203662313522802
HRAO,-25.89,27.687,1414.3,2022,8,4,2773,2022-08-04,0.013417300796141,13.417300796141001,0.0126784057742869,12.678405774286901,0.0124916666666666,12.491666666666601,12.491666666666601,12.491666666666601,12.491666666666601,13.417300796141001,13.417300796141001,13.417300796141001,12.678405774286901,12.678405774286901,12.678405774286901
HRAO,-25.89,27.687,1414.3,2022,8,5,2774,2022-08-05,0.007887587182518,7.887587182518001,0.0075668678026103,7.5668678026103,0.007625,7.625,7.625,7.625,7.625,7.887587182518001,7.887587182518001,7.887587182518001,7.5668678026103,7.5668678026103,7.5668678026103
HRAO,-25.89,27.687,1414.3,2022,8,6,2775,2022-08-06,0.0067212660353711,6.7212660353711,0.0060430146375274,6.0430146375274,0.0058458333333333,5.8458333333333,5.8458333333333,5.8458333333333,5.8458333333333,6.7212660353711,6.7212660353711,6.7212660353711,6.0430146375274,6.0430146375274,6.0430146375274
HRAO,-25.89,27.687,1414.3,2022,8,7,2776,2022-08-07,0.0109597917659226,10.9597917659226,0.0104254252583404,10.4254252583404,0.0109791666666666,10.9791666666666,10.9791666666666,10.9791666666666,10.9791666666666,10.9597917659226,10.9597917659226,10.9597917659226,10.4254252583404,10.4254252583404,10.4254252583404
HRAO,-25.89,27.687,1414.3,2022,8,8,2777,2022-08-08,0.0100577886047222,10.0577886047222,0.0094956122265926,9.4956122265926,0.0081958333333333,8.195833333333299,8.195833333333299,8.195833333333299,8.195833333333299,10.0577886047222,10.0577886047222,10.0577886047222,9.4956122265926,9.4956122265926,9.4956122265926
HRAO,-25.89,27.687,1414.3,2022,8,9,2778,2022-08-09,0.0062158021739454,6.2158021739454,0.0056702925669572,5.6702925669572,0.0058833333333333,5.8833333333333,5.8833333333333,5.8833333333333,5.8833333333333,6.2158021739454,6.2158021739454,6.2158021739454,5.6702925669572,5.6702925669572,5.6702925669572
HRAO,-25.89,27.687,1414.3,2022,8,10,2779,2022-08-10,0.0067702479884856,6.7702479884855995,0.0054948137170255,5.4948137170255,0.006325,6.325,6.325,6.325,6.325,6.7702479884855995,6.7702479884855995,6.7702479884855995,5.4948137170255,5.4948137170255,5.4948137170255
HRAO,-25.89,27.687,1414.3,2022,8,11,2780,2022-08-11,0.0077769256789382,7.776925678938199,0.0066764877811217,6.6764877811217005,0.0068708333333333,6.8708333333333,6.8708333333333,6.8708333333333,6.8708333333333,7.776925678938199,7.776925678938199,7.776925678938199,6.6764877811217005,6.6764877811217005,6.6764877811217005
HRAO,-25.89,27.687,1414.3,2022,8,12,2781,2022-08-12,0.0078150383828038,7.815038382803801,0.0072985810912203,7.298581091220299,0.0071291666666666,7.1291666666666,7.1291666666666,7.1291666666666,7.1291666666666,7.815038382803801,7.815038382803801,7.815038382803801,7.298581091220299,7.298581091220299,7.298581091220299
HRAO,-25.89,27.687,1414.3,2022,8,13,2782,2022-08-13,0.0090365019786919,9.0365019786919,0.0091505886103216,9.1505886103216,0.0089958333333333,8.9958333333333,8.9958333333333,8.9958333333333,8.9958333333333,9.0365019786919,9.0365019786919,9.0365019786919,9.1505886103216,9.1505886103216,9.1505886103216
HRAO,-25.89,27.687,1414.3,2022,8,14,2783,2022-08-14,0.0067385905035604,6.7385905035604,0.0061747364252372,6.1747364252371995,0.0055875,5.5874999999999995,5.5874999999999995,5.5874999999999995,5.5874999999999995,6.7385905035604,6.7385905035604,6.7385905035604,6.1747364252371995,6.1747364252371995,6.1747364252371995
HRAO,-25.89,27.687,1414.3,2022,8,15,2784,2022-08-15,0.0033020405680841,3.3020405680841,0.0029925437711512,2.9925437711512,0.0028583333333333,2.8583333333333,2.8583333333333,2.8583333333333,2.8583333333333,3.3020405680841,3.3020405680841,3.3020405680841,2.9925437711512,2.9925437711512,2.9925437711512
HRAO,-25.89,27.687,1414.3,2022,8,16,2785,2022-08-16,0.0040490899269576,4.0490899269576,0.0046749008671214,4.6749008671214,0.004525,4.525,4.525,4.525,4.525,4.0490899269576,4.0490899269576,4.0490899269576,4.6749008671214,4.6749008671214,4.6749008671214
HRAO,-25.89,27.687,1414.3,2022,8,17,2786,2022-08-17,0.0061586192011902,6.1586192011901995,0.0066682570838674,6.668257083867401,0.0059333333333333,5.9333333333333,5.9333333333333,5.9333333333333,5.9333333333333,6.1586192011901995,6.1586192011901995,6.1586192011901995,6.668257083867401,6.668257083867401,6.668257083867401
HRAO,-25.89,27.687,1414.3,2022,8,18,2787,2022-08-18,0.0069227976881384,6.9227976881384,0.0066756932115762,6.6756932115762,0.0062208333333333,6.2208333333332995,6.2208333333332995,6.2208333333332995,6.2208333333332995,6.9227976881384,6.9227976881384,6.9227976881384,6.6756932115762,6.6756932115762,6.6756932115762
HRAO,-25.89,27.687,1414.3,2022,8,19,2788,2022-08-19,0.0069590786768919,6.9590786768919,0.0063747570905165,6.3747570905165,0.0059374999999999,5.9374999999999005,5.9374999999999005,5.9374999999999005,5.9374999999999005,6.9590786768919,6.9590786768919,6.9590786768919,6.3747570905165,6.3747570905165,6.3747570905165
HRAO,-25.89,27.687,1414.3,2022,8,20,2789,2022-08-20,0.0051872781871954,5.1872781871954,0.0045251909544802,4.5251909544802,0.0040875,4.0875,6.2208333333332995,4.0875,4.0875,5.1872781871954,5.1872781871954,5.1872781871954,4.5251909544802,4.5251909544802,4.5251909544802
HRAO,-25.89,27.687,1414.3,2022,8,22,2791,2022-08-22,0.0094021353184883,9.4021353184883,0.0086113540593467,8.611354059346699,0.0089208333333333,8.9208333333333,8.9208333333333,8.9208333333333,8.9208333333333,9.4021353184883,9.4021353184883,9.4021353184883,8.611354059346699,8.611354059346699,8.611354059346699
HRAO,-25.89,27.687,1414.3,2022,8,23,2792,2022-08-23,0.0100963266347793,10.096326634779299,0.0092013266383863,9.2013266383863,0.0094749999999999,9.4749999999999,9.4749999999999,9.4749999999999,9.4749999999999,10.096326634779299,10.096326634779299,10.096326634779299,9.2013266383863,9.2013266383863,9.2013266383863
HRAO,-25.89,27.687,1414.3,2022,8,24,2793,2022-08-24,0.0085605196776384,8.5605196776384,0.0082553826652964,8.2553826652964,0.0084916666666666,8.491666666666601,8.491666666666601,8.491666666666601,8.491666666666601,8.5605196776384,8.5605196776384,8.5605196776384,8.2553826652964,8.2553826652964,8.2553826652964
HRAO,-25.89,27.687,1414.3,2022,8,25,2794,2022-08-25,0.0074865106641144,7.4865106641144,0.006388973333987,6.388973333987001,0.0071333333333333,7.1333333333333,7.1333333333333,7.1333333333333,7.1333333333333,7.4865106641144,7.4865106641144,7.4865106641144,6.388973333987001,6.388973333987001,6.388973333987001
HRAO,-25.89,27.687,1414.3,2022,8,26,2795,2022-08-26,0.0095431031564665,9.5431031564665,0.0091099714791482,9.1099714791482,0.009575,9.575,9.575,9.575,9.575,9.5431031564665,9.5431031564665,9.5431031564665,9.1099714791482,9.1099714791482,9.1099714791482
HRAO,-25.89,27.687,1414.3,2022,8,27,2796,2022-08-27,0.0099437030025169,9.9437030025169,0.0101218569760965,10.1218569760965,0.009725,9.725,9.725,9.725,9.725,9.9437030025169,9.9437030025169,9.9437030025169,10.1218569760965,10.1218569760965,10.1218569760965
HRAO,-25.89,27.687,1414.3,2022,8,28,2797,2022-08-28,0.0100856066281307,10.085606628130702,0.0095064968026475,9.5064968026475,0.0091624999999999,9.1624999999999,9.1624999999999,9.1624999999999,9.1624999999999,10.085606628130702,10.085606628130702,10.085606628130702,9.5064968026475,9.5064968026475,9.5064968026475
HRAO,-25.89,27.687,1414.3,2022,8,29,2798,2022-08-29,0.0118817708381433,11.8817708381433,0.0118752679772213,11.8752679772213,0.0121416666666666,12.1416666666666,9.725,12.1416666666666,12.1416666666666,10.085606628130702,11.8817708381433,11.8817708381433,11.8752679772213,11.8752679772213,11.8752679772213
HRAO,-25.89,27.687,1414.3,2022,8,30,2799,2022-08-30,0.0142859241660803,14.285924166080301,0.0131454352841963,13.145435284196301,0.0137125,13.7125,13.7125,13.7125,13.7125,14.285924166080301,14.285924166080301,14.285924166080301,13.145435284196301,13.145435284196301,13.145435284196301
