DATE,STN,LAT,LON,H,YEAR,MONTH,DAY,DOY,IGS_PWV,IGS_PWV_mm,VMF3_PWV,VMF3_PWV_mm,ERA5_PWV,ERA5_PWV_mm,ERA5_Hampel_clean,ERA5_IQR_clean,ERA5_Zscore_clean,IGS_Hampel_clean,IGS_IQR_clean,IGS_Zscore_clean,VMF3_Hampel_clean,VMF3_IQR_clean,VMF3_Zscore_clean,IGS_Trend,IGS_Seasonal,IGS_Residual,IGS_Trend_Detrended,VMF3_Trend,VMF3_Seasonal,VMF3_Residual,VMF3_Trend_Detrended,ERA5_Trend,ERA5_Seasonal,ERA5_Residual,ERA5_Trend_Detrended
2015-01-01,BJCO,6.385,2.45,30.7,2015,1,1,1,0.027882837916103,27.882837916103,0.0289396467432004,28.9396467432004,0.0332916666666666,33.2916666666666,33.2916666666666,51.747916666666654,33.2916666666666,27.882837916103,51.3713400319384,27.882837916103,28.9396467432004,51.629929343059146,28.9396467432004,46.3592104317347,-18.210542744295953,-0.2658297713357527,-18.476372515631702,46.45530626111549,-17.96166989934215,0.4460103814270653,-17.51565951791509,46.349910180682926,-13.381111196967977,0.322867682951653,-13.058243514016326
2015-01-02,BJCO,6.385,2.45,30.7,2015,1,2,2,0.0304545459493985,30.4545459493985,0.0313335666798779,31.333566679877897,0.0334,33.4,33.4,51.747916666666654,33.4,30.4545459493985,51.3713400319384,30.4545459493985,31.333566679877897,51.629929343059146,31.333566679877897,46.36886334835922,-15.568150598367207,-0.34616680059351523,-15.91431739896072,46.46593826842419,-15.561399952185289,0.42902836363899866,-15.132371588546292,46.361485023371536,-14.367441580622906,1.4059565572513648,-12.961485023371537
2015-01-03,BJCO,6.385,2.45,30.7,2015,1,3,3,0.0305301015101935,30.5301015101935,0.0307669873149303,30.7669873149303,0.0348875,34.8875,34.8875,34.8875,34.8875,30.5301015101935,51.3713400319384,30.5301015101935,30.7669873149303,51.629929343059146,30.7669873149303,46.378517690363,-19.884258853525555,4.035842673356058,-15.848416180169497,46.476571548383774,-15.736518937903314,0.02693470444984314,-15.709584233453473,46.37306056158756,-21.96642110650679,10.480860544919231,-11.485560561587555
2015-01-04,BJCO,6.385,2.45,30.7,2015,1,4,4,0.0268946637524441,26.8946637524441,0.0240355639307994,24.0355639307994,0.0257333333333333,25.7333333333333,25.7333333333333,51.747916666666654,25.7333333333333,26.8946637524441,51.3713400319384,26.8946637524441,24.0355639307994,51.629929343059146,24.0355639307994,46.388173457945044,-21.518801703737587,2.0252919982366393,-19.493509705500944,46.487206096466004,-23.948829593204515,1.4971874275379093,-22.451642165666605,46.384636788091406,-20.996314152466336,0.3450106977082257,-20.651303454758107
2015-01-05,BJCO,6.385,2.45,30.7,2015,1,5,5,0.0218320178243318,21.8320178243318,0.0222813391253793,22.2813391253793,0.0218875,21.8875,21.8875,51.747916666666654,49.55794709737823,21.8320178243318,51.3713400319384,49.14734633736466,22.2813391253793,51.629929343059146,49.02120414412796,46.39783064783289,-26.250292867735027,1.6844800442339363,-24.56581282350109,46.497841907513354,-25.975036646719165,1.758533864585111,-24.216502782134054,46.396213695071346,-25.799819719680222,1.2911060246088724,-24.508713695071346
2015-01-06,BJCO,6.385,2.45,30.7,2015,1,6,6,0.0198509980281302,19.850998028130203,0.0196505347953077,19.6505347953077,0.0196166666666666,19.6166666666666,19.6166666666666,51.747916666666654,49.55794709737823,19.850998028130203,51.3713400319384,49.14734633736466,19.6505347953077,51.629929343059146,49.02120414412796,46.407489253520545,-25.446234011706597,-1.1102572136837452,-26.556491225390342,46.508478974291734,-24.686293061894588,-2.1716511170894464,-26.857944178984035,46.40779127387803,-25.27181002006153,-1.519314587149907,-26.791124607211433
2015-01-07,BJCO,6.385,2.45,30.7,2015,1,7,7,0.0220678621845949,22.067862184594897,0.0209371509409677,20.9371509409677,0.0209083333333333,20.9083333333333,20.9083333333333,51.747916666666654,49.55794709737823,22.067862184594897,51.3713400319384,49.14734633736466,20.9371509409677,51.629929343059146,49.02120414412796,46.417149266514656,-25.055685573870985,0.7063984919512265,-24.34928708191976,46.51911728784405,-26.440982783341347,0.859016436465005,-25.581966346876346,46.419369514679396,-26.427789104642912,0.9167529232968192,-25.511036181346096
2015-01-08,BJCO,6.385,2.45,30.7,2015,1,8,8,0.0256438891877634,25.643889187763403,0.0244530034346522,24.4530034346522,0.0247958333333333,24.795833333333302,24.795833333333302,51.747916666666654,49.55794709737823,25.643889187763403,51.3713400319384,25.643889187763403,24.4530034346522,51.629929343059146,24.4530034346522,46.42681067878492,-20.2017958604206,-0.5811256306009156,-20.782921491021515,46.52975684049519,-22.140635648001364,0.06388224215837823,-22.07675340584299,46.430948408510375,-21.890830973159026,0.2557158979819576,-21.635115075177072
2015-01-09,BJCO,6.385,2.45,30.7,2015,1,9,9,0.0231534427371311,23.153442737131098,0.0231860991000305,23.1860991000305,0.022975,22.975,22.975,51.747916666666654,49.55794709737823,23.153442737131098,51.3713400319384,49.14734633736466,23.1860991000305,51.629929343059146,23.1860991000305,46.43647348191874,-22.68281915613119,-0.6002115886564496,-23.28303074478764,46.54039762405318,-23.118457587356342,-0.2358409366663352,-23.354298524022678,46.44252794562255,-22.860499241931294,-0.607028703691256,-23.46752794562255
2015-01-10,BJCO,6.385,2.45,30.7,2015,1,10,10,0.0163445747470211,16.3445747470211,0.0148828708758525,14.8828708758525,0.0142791666666666,14.2791666666666,14.2791666666666,51.747916666666654,49.55794709737823,16.3445747470211,51.3713400319384,49.14734633736466,14.8828708758525,51.629929343059146,49.02120414412796,46.446137668005655,-27.014834189199334,-3.0867287317852217,-30.101562920984556,46.55103962997549,-29.98839439448141,-1.6797743596415842,-31.66816875412299,46.454108115786454,-31.49861153952705,-0.6763299095928019,-32.174941449119856
2015-01-11,BJCO,6.385,2.45,30.7,2015,1,11,11,0.0194575272507715,19.4575272507715,0.0165154607367972,16.5154607367972,0.0172791666666666,17.279166666666598,17.279166666666598,51.747916666666654,49.55794709737823,19.4575272507715,51.3713400319384,49.14734633736466,16.5154607367972,51.629929343059146,49.02120414412796,46.45580323049785,-27.31365838187557,0.3153824021492184,-26.99827597972635,46.56168285024553,-30.08533270439539,0.03911059094706104,-30.046222113448334,46.46568890943835,-14.465422797988337,-14.721099444783412,-29.18652224277175
2015-01-12,BJCO,6.385,2.45,30.7,2015,1,12,12,0.0175719833227317,17.571983322731697,0.0151552198606015,15.1552198606015,0.0150791666666666,15.0791666666666,15.0791666666666,51.747916666666654,49.55794709737823,17.571983322731697,51.3713400319384,49.14734633736466,15.1552198606015,51.629929343059146,49.02120414412796,46.465470165478706,-27.728044835860523,-1.1654420068864866,-28.89348684274701,46.57232727842198,-16.203465502161666,-15.213641915658812,-31.417107417820482,46.47727031780355,-11.185334537829913,-20.21276911330704,-31.39810365113695
2015-01-13,BJCO,6.385,2.45,30.7,2015,1,13,13,0.0138653828745633,13.8653828745633,0.0126210251448819,12.6210251448819,0.012275,12.275,16.820833333333297,51.747916666666654,49.55794709737823,18.5174875721154,51.3713400319384,49.14734633736466,12.6210251448819,51.629929343059146,49.02120414412796,46.47513846958016,-29.163628973871404,1.2059780764066446,-27.95765089746476,46.582972908318276,-33.752758698070764,-0.20918906536561366,-33.96194776343638,46.48885233217686,-29.107223635186973,-0.5607953636565952,-29.668018998843564
2015-01-14,BJCO,6.385,2.45,30.7,2015,1,14,14,0.0185174875721154,18.5174875721154,0.0168870389838695,16.8870389838695,0.0168208333333333,16.820833333333297,16.820833333333297,51.747916666666654,49.55794709737823,18.5174875721154,51.3713400319384,49.14734633736466,16.8870389838695,51.629929343059146,49.02120414412796,46.48480814016034,-27.502234253966392,-0.4650863140785475,-27.96732056804494,46.59361973367366,-27.24273939858019,-2.4638413512239765,-29.706580749804164,46.50043494389198,-29.390804088677342,-0.28879752188134233,-29.679601610558684
2015-01-15,BJCO,6.385,2.45,30.7,2015,1,15,15,0.0248184956689668,24.8184956689668,0.0243612183409299,24.3612183409299,0.0254208333333333,25.4208333333333,25.4208333333333,51.747916666666654,25.4208333333333,24.8184956689668,51.3713400319384,24.8184956689668,24.3612183409299,51.629929343059146,24.3612183409299,46.49447917369794,-21.69403475220293,0.018051247471788656,-21.67598350473114,46.6042677488755,-21.637385705033655,-0.6056637029119472,-22.243049407945602,46.51201814485206,-20.782956541232913,-0.308228270285845,-21.091184811518758
2015-01-16,BJCO,6.385,2.45,30.7,2015,1,16,16,0.0268931324295425,26.893132429542497,0.0274810632329398,27.4810632329398,0.0283416666666666,28.3416666666666,28.3416666666666,51.747916666666654,28.3416666666666,26.893132429542497,51.3713400319384,26.893132429542497,27.4810632329398,51.629929343059146,27.4810632329398,46.50415156676467,-20.07560335439471,0.4645842171725363,-19.611019137222172,46.61491695059603,-20.30198091748371,1.1681271998274738,-19.133853717656233,46.52360192739645,-18.60617461781614,0.424239357086293,-18.181935260729848
2015-01-17,BJCO,6.385,2.45,30.7,2015,1,17,17,0.0295850629083059,29.5850629083059,0.0284687600694699,28.4687600694699,0.0304541666666666,30.4541666666666,30.4541666666666,51.747916666666654,30.4541666666666,29.5850629083059,51.3713400319384,29.5850629083059,28.4687600694699,51.629929343059146,28.4687600694699,46.513825315839306,-18.779009262891446,1.8502468553580442,-16.928762407533405,46.62556733627577,-19.872635330063726,1.7158280632578524,-18.15680726680587,46.53518628404631,-16.546791386379883,0.46577176900017747,-16.08101961737971
2015-01-18,BJCO,6.385,2.45,30.7,2015,1,18,18,0.0337812773880819,33.7812773880819,0.0319652898142318,31.9652898142318,0.033225,33.224999999999994,33.224999999999994,51.747916666666654,33.224999999999994,33.7812773880819,33.7812773880819,33.7812773880819,31.9652898142318,51.629929343059146,31.9652898142318,46.52350041639158,-17.215001426380688,4.472778398071007,-12.742223028309681,46.636218901816115,-18.11728750184371,3.446358414259393,-14.670929087584316,46.54677120671318,-13.06891252363183,-0.2528586830813566,-13.321771206713187
2015-01-19,BJCO,6.385,2.45,30.7,2015,1,19,19,0.0371871030933848,37.1871030933848,0.0367545397218513,36.754539721851295,0.0395125,39.5125,39.5125,39.5125,39.5125,37.1871030933848,37.1871030933848,37.1871030933848,36.754539721851295,36.754539721851295,36.754539721851295,46.53317686118503,-23.155058217235755,13.808984449435528,-9.346073767800227,46.64687164041666,-11.282336974030475,1.3900050554651102,-9.892331918565368,46.55835668664252,-9.093982820158338,2.0481261335158223,-7.045856686642516
2015-01-20,BJCO,6.385,2.45,30.7,2015,1,20,20,0.0381607141792815,38.1607141792815,0.0394674232372208,39.4674232372208,0.0406083333333333,40.6083333333333,40.6083333333333,40.6083333333333,40.6083333333333,38.1607141792815,38.1607141792815,38.1607141792815,39.4674232372208,39.4674232372208,39.4674232372208,46.542854639547265,-23.894485805521843,15.512345345256072,-8.382140460265767,46.65752554181898,-8.594165726552635,1.4040634219544543,-7.190102304598177,46.56994271463554,-16.435879944915307,10.474270563613068,-5.961609381302239
2015-01-21,BJCO,6.385,2.45,30.7,2015,1,21,21,0.0398252062567909,39.825206256790906,0.0397427648101307,39.7427648101307,0.0400416666666666,40.0416666666666,40.0416666666666,40.0416666666666,40.0416666666666,39.825206256790906,39.825206256790906,39.825206256790906,39.7427648101307,39.7427648101307,39.7427648101307,46.552533739981406,-8.1654265742254,1.4380990910348999,-6.7273274831905,46.668180593283786,-8.307062705062405,1.3816469219093221,-6.925415783153085,46.58152927954377,-19.114600068976383,12.574737456099214,-6.539862612877172
2015-01-22,BJCO,6.385,2.45,30.7,2015,1,22,22,0.040839892127625,40.839892127625,0.0392834781487132,39.2834781487132,0.0399458333333333,39.9458333333333,39.9458333333333,39.9458333333333,39.9458333333333,40.839892127625,40.839892127625,40.839892127625,39.2834781487132,39.2834781487132,39.2834781487132,46.562214150537315,-7.169162522613981,1.4468404997016648,-5.722322022912316,46.67883677988735,-8.622699001068456,1.227340369894307,-7.3953586311741475,46.593116369619175,-7.880519888077036,1.2332368517911618,-6.647283036285877
2015-01-23,BJCO,6.385,2.45,30.7,2015,1,23,23,0.0419881451980868,41.9881451980868,0.0423919572237787,42.3919572237787,0.0438,43.8,43.8,43.8,43.8,41.9881451980868,41.9881451980868,41.9881451980868,42.3919572237787,42.3919572237787,42.3919572237787,46.57189585740763,-6.029793249550018,1.4460425902291831,-4.583750659320835,46.68949408457315,-5.64990263978228,1.3523657789878243,-4.297536860794452,46.60470397267375,-3.843274094122676,1.0385701214489274,-2.8047039726737495
2015-01-24,BJCO,6.385,2.45,30.7,2015,1,24,24,0.0437514566220265,43.7514566220265,0.0444665186364857,44.4665186364857,0.0458125,45.8125,45.8125,45.8125,45.8125,43.7514566220265,43.7514566220265,43.7514566220265,44.4665186364857,44.4665186364857,44.4665186364857,46.58157884456656,-2.7629634797361797,-0.06715874280387624,-2.830122222540055,46.70015248826744,-3.612613169326578,1.3789793175448395,-2.2336338517817396,46.616292074884576,-1.7037860270180736,0.8999939521334994,-0.8037920748845764
2015-01-25,BJCO,6.385,2.45,30.7,2015,1,25,25,0.045109202305438,45.109202305438,0.0462739115229785,46.2739115229785,0.046575,46.575,46.575,46.575,46.575,44.4713211418971,45.109202305438,45.109202305438,46.2739115229785,46.2739115229785,46.2739115229785,46.591263094135435,-3.550197592482674,1.43025564024434,-2.119941952238335,46.71081196979458,-1.825093653603207,1.388193206787129,-0.4369004468160753,46.62788066069265,-1.1213762111599996,1.068495550467354,-0.052880660692643744
2015-01-26,BJCO,6.385,2.45,30.7,2015,1,26,26,0.0480988834753334,48.0988834753334,0.0490790280558518,49.0790280558518,0.049325,49.325,49.325,49.325,49.325,45.109202305438,48.0988834753334,48.0988834753334,49.0790280558518,49.0790280558518,49.0790280558518,46.60094858748965,-2.9635449424219513,1.471798660370304,-1.4917462820516505,46.72147250582641,0.9552965823653522,1.402258967660039,2.3575555500253884,46.63946971294604,1.4796154489372946,1.2059148381166693,2.6855302870539646
2015-01-27,BJCO,6.385,2.45,30.7,2015,1,27,27,0.0459815462103617,45.9815462103617,0.0482048956196613,48.2048956196613,0.0494458333333333,49.4458333333333,49.4458333333333,49.4458333333333,49.4458333333333,45.9815462103617,45.9815462103617,45.9815462103617,48.2048956196613,48.2048956196613,48.2048956196613,46.61063530416534,-2.0122900076876227,1.3832009138839823,-0.6290890938036426,46.732134070864305,0.06791771747779647,1.404843831319198,1.4727615487969956,46.651059212738566,-10.056933113602899,12.851707234197626,2.794774120594731
2015-01-28,BJCO,6.385,2.45,30.7,2015,1,28,28,0.0444713211418971,44.4713211418971,0.0467463074736939,46.746307473693896,0.0468791666666666,46.8791666666666,46.8791666666666,46.8791666666666,46.8791666666666,44.4713211418971,44.4713211418971,44.4713211418971,46.746307473693896,46.746307473693896,46.746307473693896,46.6203232214825,-3.539981716705049,1.3909796371196492,-2.149002079585401,46.74279663722533,-1.1336457990679532,1.1371566355365204,0.0035108364685640936,46.66264913954435,-0.9564303742334789,1.1729479013557267,0.21651752712224948
2015-01-29,BJCO,6.385,2.45,30.7,2015,1,29,29,0.0458544044787427,45.8544044787427,0.0442425733179543,44.2425733179543,0.0458833333333333,45.8833333333333,45.8833333333333,45.8833333333333,45.8833333333333,45.8544044787427,45.8544044787427,45.8544044787427,44.2425733179543,44.2425733179543,44.2425733179543,46.63001231461149,-1.7641675798621077,0.9885597439933207,-0.7756078358687901,46.75346017509524,-2.535080367551262,0.024193510410320584,-2.510886857140939,46.674239472093454,-1.3371323527199797,0.5462262139598195,-0.7909061387601568
2015-01-30,BJCO,6.385,2.45,30.7,2015,1,30,30,0.0506425091435046,50.6425091435046,0.0494097977909933,49.409797790993295,0.0494999999999999,49.4999999999999,49.4999999999999,49.4999999999999,49.4999999999999,50.6425091435046,50.6425091435046,50.6425091435046,49.409797790993295,49.409797790993295,49.409797790993295,46.639702556675466,2.600941237568836,1.401865349260298,4.002806586829131,46.76412465303298,1.2414109115165413,1.4042622264437767,2.6456731379603156,46.68583018765517,1.6217958184238257,1.1923739939209028,2.81416981234473
2015-02-01,BJCO,6.385,2.45,30.7,2015,2,1,32,0.0482819300604845,48.2819300604845,0.0501279245841272,50.1279245841272,0.0501291666666666,50.1291666666666,50.1291666666666,50.1291666666666,50.1291666666666,48.2819300604845,48.2819300604845,48.2819300604845,50.1279245841272,50.1279245841272,50.1279245841272,46.65908637115859,-21.13016517323341,22.75300886255932,1.6228436893259115,46.785456298491354,-22.891801625743298,26.234269911379144,3.342468285635846,46.70901267020346,-21.083100321993406,24.50325431845655,3.420153996463142
2015-02-02,BJCO,6.385,2.45,30.7,2015,2,2,33,0.0468237632715145,46.8237632715145,0.0465012979760277,46.5012979760277,0.0475833333333333,47.5833333333333,47.5833333333333,47.5833333333333,47.5833333333333,46.8237632715145,46.8237632715145,46.8237632715145,46.5012979760277,46.5012979760277,46.5012979760277,46.66877988166381,0.2550195127845909,-0.10003612293390063,0.15498338985069182,46.7961233977215,-28.970115114220096,28.67528969252629,-0.2948254216938011,46.72060438570924,-26.490529520721807,27.35325846834587,0.8627289476240634
2015-02-03,BJCO,6.385,2.45,30.7,2015,2,3,34,0.0467048740558384,46.7048740558384,0.0436174164897705,43.6174164897705,0.0460666666666666,46.066666666666606,46.066666666666606,46.066666666666606,46.066666666666606,46.7048740558384,46.7048740558384,46.7048740558384,43.6174164897705,43.6174164897705,43.6174164897705,46.67847441886823,-0.7515220664834859,0.7779217034536643,0.026399636970175777,46.80679130176273,-3.751145498213836,0.5617706862216068,-3.1893748119922307,46.7321963825752,-1.3631173852126086,0.6975876693040206,-0.6655297159085904
2015-02-04,BJCO,6.385,2.45,30.7,2015,2,4,35,0.0502718898359414,50.2718898359414,0.0484522365980679,48.45223659806791,0.0495833333333333,49.5833333333333,47.779166666666605,49.5833333333333,49.5833333333333,50.2718898359414,50.2718898359414,50.2718898359414,48.45223659806791,48.45223659806791,48.45223659806791,46.68816995085419,-19.885342126900333,23.469062011987546,3.5837198850872127,46.817459975572866,0.009453615073293689,1.6253230074217555,1.6347766224950462,46.743788634322264,-0.046689004142960885,1.0820670364873024,1.0353780323443402
2015-02-05,BJCO,6.385,2.45,30.7,2015,2,5,36,0.0502646133062784,50.2646133062784,0.0464318124272825,46.431812427282495,0.0477791666666666,47.779166666666605,47.779166666666605,47.779166666666605,47.779166666666605,50.2646133062784,50.2646133062784,50.2646133062784,46.431812427282495,46.431812427282495,46.431812427282495,46.69786644481569,2.207959921319693,1.3587869401430197,3.566746861462711,46.82812938298931,-1.3671746239604239,0.9708576682536076,-0.3963169557068156,46.75538111333399,-0.08478315229231224,1.1085687056249256,1.0237855533326155
2015-02-06,BJCO,6.385,2.45,30.7,2015,2,6,37,0.0503151520282466,50.3151520282466,0.048755867373955,48.755867373955,0.0479708333333333,47.9708333333333,47.9708333333333,47.9708333333333,47.9708333333333,50.3151520282466,50.3151520282466,50.3151520282466,48.755867373955,48.755867373955,48.755867373955,46.70756386727683,2.147886994435373,1.4597011665343942,3.607588160969769,46.8387994857884,0.7554265212786148,1.1616413668879844,1.9170678881665992,46.76697379032069,0.20154525083798913,1.0023142921746242,1.2038595430126122
2015-02-07,BJCO,6.385,2.45,30.7,2015,2,7,38,0.0491947308261744,49.1947308261744,0.0477004334052369,47.7004334052369,0.0477166666666666,47.716666666666605,47.716666666666605,47.716666666666605,47.716666666666605,49.1947308261744,49.1947308261744,49.1947308261744,47.7004334052369,47.7004334052369,47.7004334052369,46.71726218298582,0.7071281521822258,1.7703404910063512,2.4774686431885797,46.849470243966834,-0.6600307318868307,1.5109938931568934,0.8509631612700659,46.778566634225996,-0.3224279148904936,1.2605279473311057,0.9381000324406088
2015-02-08,BJCO,6.385,2.45,30.7,2015,2,8,39,0.0475923577651692,47.5923577651692,0.0466638326863508,46.6638326863508,0.0470166666666666,47.0166666666666,47.0166666666666,47.0166666666666,47.0166666666666,47.5923577651692,47.5923577651692,47.5923577651692,46.6638326863508,46.6638326863508,46.6638326863508,46.72696135444563,0.17365262081816263,0.6917437899054093,0.8653964107235694,46.86014161563656,-1.8055386128406332,1.6092296835548794,-0.19630892928575605,46.790159612259295,-1.206791540269738,1.4332985946770478,0.2265070544073069
2015-02-09,BJCO,6.385,2.45,30.7,2015,2,9,40,0.0474982920383105,47.498292038310495,0.0463707390725829,46.3707390725829,0.0472333333333333,47.2333333333333,47.2333333333333,47.2333333333333,47.2333333333333,47.498292038310495,47.498292038310495,47.498292038310495,46.3707390725829,46.3707390725829,46.3707390725829,46.73666134187573,-28.414990859018044,29.17662155545281,0.7616306964347643,46.8708135566679,-1.2055335742762834,0.7054590901912832,-0.5000744840849976,46.801752689658464,-0.06899514604402425,0.5005757897188587,0.4315806436748346
2015-02-10,BJCO,6.385,2.45,30.7,2015,2,10,41,0.0491767379912622,49.1767379912622,0.0476361247938548,47.636124793854805,0.0488875,48.8875,48.8875,48.8875,48.8875,49.1767379912622,49.1767379912622,49.1767379912622,47.636124793854805,47.636124793854805,47.636124793854805,46.74636210424929,-15.577548434196471,18.00792432120938,2.4303758870129073,46.88148602073371,-22.573888954951634,23.32852772807272,0.7546387731210942,46.813345829699685,-17.131995989426077,19.20615015972639,2.074154170300318
2015-02-11,BJCO,6.385,2.45,30.7,2015,2,11,42,0.0506640481461928,50.6640481461928,0.0489345748469021,48.9345748469021,0.0512583333333333,51.2583333333333,51.2583333333333,51.2583333333333,51.2583333333333,50.6640481461928,50.6640481461928,50.6640481461928,48.9345748469021,48.9345748469021,48.9345748469021,46.75606360018575,0.9578757128425217,2.9501088331645278,3.90798454600705,46.89215896023479,-14.321999487722286,16.3644153743896,2.042415886667314,46.82493899462746,-9.657893863161139,14.091288201866973,4.433394338705838
2015-02-12,BJCO,6.385,2.45,30.7,2015,2,12,43,0.0481697665453217,48.1697665453217,0.0502098093347396,50.2098093347396,0.0502958333333333,50.2958333333333,50.2958333333333,50.2958333333333,50.2958333333333,48.1697665453217,48.1697665453217,48.1697665453217,50.2098093347396,50.2098093347396,50.2098093347396,46.76576578753603,0.4217818498757108,0.982218907909953,1.404000757785667,46.902832327161164,1.8359220860733814,1.4710549215050577,3.306977007578439,46.836532146361925,2.331916427336635,1.1273847596347366,3.4593011869713735
2015-02-13,BJCO,6.385,2.45,30.7,2015,2,13,44,0.0478737377779463,47.873737777946296,0.0471778387395175,47.17783873951751,0.0479874999999999,47.9874999999999,47.9874999999999,47.9874999999999,47.9874999999999,47.873737777946296,47.873737777946296,47.873737777946296,47.17783873951751,47.17783873951751,47.17783873951751,46.77546862140514,-0.796941973944058,1.8952111304852153,1.098269156541157,46.91350607292527,-0.43869860246300624,0.7030312690552449,0.26433266659223875,46.84812524635267,0.747299803173698,0.39207495047352836,1.1393747536472247
2015-02-14,BJCO,6.385,2.45,30.7,2015,2,14,45,0.0474758976231295,47.47589762312951,0.0462409092737833,46.240909273783295,0.0472833333333333,47.2833333333333,47.2833333333333,47.2833333333333,47.2833333333333,47.47589762312951,47.47589762312951,47.47589762312951,46.240909273783295,46.240909273783295,46.240909273783295,46.78517205478439,-0.7977035590106243,1.4884291273557437,0.6907255683451226,46.92418014720445,-1.6098989199339544,0.9266280465127963,-0.6832708734211579,46.8597182546789,-1.210610428557281,1.6342255072116814,0.4236150786544002
2015-02-15,BJCO,6.385,2.45,30.7,2015,2,15,46,0.044558898945589,44.558898945589,0.0481474234988941,48.1474234988941,0.0466,46.6,46.6,46.6,46.6,47.873737777946296,44.558898945589,44.558898945589,48.1474234988941,48.1474234988941,48.1474234988941,46.79487603822273,0.6244605540990908,0.4544011856244765,1.078861739723564,46.93485449821723,0.5347242800053824,0.6778447206714873,1.2125690006768721,46.871311130191295,-1.526915482478218,1.2556043522869231,-0.27131113019129316
2015-02-16,BJCO,6.385,2.45,30.7,2015,2,16,47,0.0445988180960177,44.5988180960177,0.0470588664300239,47.05886643002391,0.0474708333333333,47.4708333333333,47.4708333333333,47.4708333333333,47.4708333333333,44.5988180960177,44.5988180960177,44.5988180960177,47.05886643002391,47.05886643002391,47.05886643002391,46.80458052018507,-1.6261821742966267,-0.5795802498707445,-2.205762424167368,46.94552907274777,0.28742253810538476,-0.17408518082923763,0.11333735727614425,46.882903829673566,0.5061356494807437,0.08179385417898999,0.587929503659737
2015-02-17,BJCO,6.385,2.45,30.7,2015,2,17,48,0.0480989022672836,48.0989022672836,0.0486364913561578,48.636491356157805,0.0489208333333333,48.920833333333306,48.920833333333306,48.920833333333306,48.920833333333306,48.0989022672836,48.0989022672836,48.0989022672836,48.636491356157805,48.636491356157805,48.636491356157805,46.81428544828766,1.4283925548881893,-0.14377573589225534,1.2846168189959357,46.95620381651306,0.5794981436190106,1.100789396025732,1.6802875396447448,46.89449630815288,1.7879073767022986,0.23842964847812453,2.0263370251804247
2015-02-18,BJCO,6.385,2.45,30.7,2015,2,18,49,0.052746453994363,52.746453994363,0.0544887084305009,54.4887084305009,0.055075,55.075,50.7166666666666,55.075,55.075,52.746453994363,52.746453994363,52.746453994363,54.4887084305009,54.4887084305009,54.4887084305009,46.82399077039046,6.269474480445088,-0.34701125647254827,5.922463223972542,46.96687867472165,5.757548776402285,1.76428097937697,7.521829755779251,46.906088520006236,4.4132450765423705,-0.6026669298820053,3.8105781466603617
2015-02-19,BJCO,6.385,2.45,30.7,2015,2,19,50,0.0541581008346745,54.1581008346745,0.0568470232675419,56.8470232675419,0.0543666666666666,54.3666666666666,51.283333333333296,54.3666666666666,54.3666666666666,54.1581008346745,54.1581008346745,54.1581008346745,56.8470232675419,56.8470232675419,56.8470232675419,46.83369643448523,7.960348820627524,-0.6359444204382569,7.324404400189266,46.97755359097907,9.096775720567342,0.7726939559954857,9.86946967656283,46.91768041928147,5.910922385462151,-1.5452694714103217,4.365652914051829
2015-02-20,BJCO,6.385,2.45,30.7,2015,2,20,51,0.0502905219710175,50.2905219710175,0.0515993556762882,51.5993556762882,0.0513,51.3,51.3,51.3,51.3,50.2905219710175,50.2905219710175,50.2905219710175,51.5993556762882,51.5993556762882,51.5993556762882,46.84340238884627,2.337082534814349,1.110037047356876,3.4471195821712257,46.9882285066679,3.249752411073507,1.3613747585467877,4.611127169620296,46.929271960670334,3.4055056756046858,0.9652223637249762,4.370728039329663
2015-02-21,BJCO,6.385,2.45,30.7,2015,2,21,52,0.0514473222963839,51.4473222963839,0.0507580301604638,50.7580301604638,0.0507166666666666,50.7166666666666,50.7166666666666,50.7166666666666,50.7166666666666,51.4473222963839,51.4473222963839,51.4473222963839,50.7580301604638,50.7580301604638,50.7580301604638,46.85310858194917,1.5285087701407603,3.0657049442939694,4.59421371443473,46.99890336150289,3.081773342041235,0.6773534569196684,3.7591267989609065,46.94086309994732,3.365253374635763,0.4105501920835124,3.7758035667192758
2015-02-22,BJCO,6.385,2.45,30.7,2015,2,22,53,0.0551825416615361,55.1825416615361,0.0530952156804566,53.09521568045661,0.0512833333333333,51.283333333333296,51.283333333333296,51.283333333333296,51.283333333333296,55.1825416615361,55.1825416615361,55.1825416615361,53.09521568045661,53.09521568045661,53.09521568045661,46.862814960614195,7.819451377828516,0.5002753230933905,8.319726700921905,47.009578093376625,5.35362497846493,0.732012608615058,6.085637587079987,46.952453792014396,3.546830275252793,0.7840492660661056,4.3308795413189
2015-02-23,BJCO,6.385,2.45,30.7,2015,2,23,54,0.0523484192284255,52.3484192284255,0.0532672797583835,53.2672797583835,0.0545416666666666,54.5416666666666,51.1875,54.5416666666666,54.5416666666666,52.3484192284255,52.3484192284255,52.3484192284255,53.2672797583835,53.2672797583835,53.2672797583835,46.87252146876473,7.15284221799987,-1.6769444583391007,5.475897759660768,47.02025263880775,6.627653070856857,-0.3806259512811039,6.247027119575755,46.964043990748735,4.4667665039108035,-0.24331049465953924,4.223456009251265
2015-02-24,BJCO,6.385,2.45,30.7,2015,2,24,55,0.0473597573304867,47.3597573304867,0.0484018330271203,48.4018330271203,0.0511875,51.1875,51.1875,51.1875,51.1875,47.3597573304867,47.3597573304867,47.3597573304867,48.4018330271203,48.4018330271203,48.4018330271203,46.88222804941643,3.197291614154546,-2.719762333084276,0.47752928107026804,47.030926933287006,4.172775509237948,-2.80186941540466,1.370906093833291,46.97563364902927,5.181535902850331,-0.9696695518795977,4.21186635097073
2015-02-25,BJCO,6.385,2.45,30.7,2015,2,25,56,0.0472975669454958,47.2975669454958,0.0450657788974961,45.0657788974961,0.04605,46.05,46.05,46.05,46.05,47.2975669454958,47.2975669454958,47.2975669454958,45.0657788974961,45.0657788974961,45.0657788974961,46.891934647222214,2.7036374145056894,-2.2980051162321047,0.4056322982735878,47.041600912718835,0.5970271677563088,-2.5728491829790414,-1.9758220152227324,46.98722271978059,0.729446279247068,-1.6666689990276637,-0.9372227197805927
2015-02-26,BJCO,6.385,2.45,30.7,2015,2,26,57,0.0463276700024977,46.3276700024977,0.0439922271008343,43.9922271008343,0.0453041666666666,45.3041666666666,45.3041666666666,45.3041666666666,45.3041666666666,46.3276700024977,46.3276700024977,46.3276700024977,43.9922271008343,43.9922271008343,43.9922271008343,46.901641209568815,0.7725950843704648,-1.346566291441583,-0.5739712070711178,47.05227451540565,-2.9782650247509803,-0.08178238982036845,-3.0600474145713505,46.99881115702518,-1.809265667991053,0.11462117763247903,-1.6946444903585771
2015-02-27,BJCO,6.385,2.45,30.7,2015,2,27,58,0.0492193873406974,49.2193873406974,0.049514885858347,49.514885858347,0.0487,48.7,48.7,48.7,48.7,49.2193873406974,49.2193873406974,49.2193873406974,49.514885858347,49.514885858347,49.514885858347,46.91134768633488,3.5058406689477706,-1.1978010145852451,2.308039654362524,47.06294768190345,2.5880456377028325,-0.13610746125928586,2.451938176443548,47.01039891621084,1.9857979013750373,-0.2961968175858729,1.6896010837891637
2015-02-28,BJCO,6.385,2.45,30.7,2015,2,28,59,0.0480223315105957,48.0223315105957,0.0485575537654009,48.5575537654009,0.0489708333333333,48.970833333333296,48.970833333333296,48.970833333333296,48.970833333333296,48.0223315105957,48.0223315105957,48.0223315105957,48.5575537654009,48.5575537654009,48.5575537654009,46.92105402911331,-1.40289993341856,2.5041774149009512,1.1012774814823914,47.07362035310132,0.061672999470489445,1.4222604128290897,1.483933412299578,47.02198595289613,0.19961600165287113,1.7492313787842946,1.948847380437165
2015-03-01,BJCO,6.385,2.45,30.7,2015,3,1,60,0.0499678090030357,49.9678090030357,0.0499073000275835,49.9073000275835,0.0499375,49.9375,49.9375,49.9375,49.9375,49.9678090030357,49.9678090030357,49.9678090030357,49.9073000275835,49.9073000275835,49.9073000275835,46.930760190159354,3.1889935443244957,-0.1519447314481539,3.0370488128763427,47.08429246945374,3.837397773725881,-1.0143902155961229,2.82300755812976,47.0335722223102,3.5274099979094267,-0.6234822202196284,2.903927777689802
2015-03-02,BJCO,6.385,2.45,30.7,2015,3,2,61,0.0490331782779581,49.0331782779581,0.0423889769301716,42.3889769301716,0.0461916666666666,46.191666666666606,46.191666666666606,46.191666666666606,46.191666666666606,49.0331782779581,49.0331782779581,49.0331782779581,42.3889769301716,42.3889769301716,42.3889769301716,46.94046611984663,3.594870137910177,-1.5021579797987101,2.0927121581114676,47.09496397017453,-3.841606859654135,-0.864380180348796,-4.705987040002931,47.04515767820091,-0.30625270241112645,-0.5472383091231734,-0.8534910115343024
2015-03-03,BJCO,6.385,2.45,30.7,2015,3,3,62,0.0480121546279045,48.0121546279045,0.0439261734698671,43.9261734698671,0.0458541666666666,45.8541666666666,45.8541666666666,45.8541666666666,45.8541666666666,48.0121546279045,48.0121546279045,48.0121546279045,43.9261734698671,43.9261734698671,43.9261734698671,46.950171768311336,2.6519694522462696,-1.589986592653105,1.061982859593165,47.10563479498162,-2.531716501668035,-0.6477448234464802,-3.1794613251145165,47.05674227443456,-0.5981684116280789,-0.6044071961398814,-1.2025756077679617
2015-03-04,BJCO,6.385,2.45,30.7,2015,3,4,63,0.0519742218761708,51.9742218761708,0.0469231743451399,46.9231743451399,0.0471125,47.1125,47.1125,47.1125,47.1125,51.9742218761708,51.9742218761708,51.9742218761708,46.9231743451399,46.9231743451399,46.9231743451399,46.9598770871557,4.348264157818226,0.666080631196877,5.014344789015105,47.116304884454436,1.3646038806665464,-1.557734419981081,-0.19313053931453794,47.06832596545625,1.6909514409665198,-1.6467774064227783,0.0441740345437438
2015-03-05,BJCO,6.385,2.45,30.7,2015,3,5,64,0.0506175173846868,50.6175173846868,0.0469340256615066,46.9340256615066,0.0492291666666666,49.2291666666666,49.2291666666666,49.2291666666666,49.2291666666666,50.6175173846868,50.6175173846868,50.6175173846868,46.9340256615066,46.9340256615066,46.9340256615066,46.969582029319604,3.6716769938288385,-0.023741638461643788,3.6479353553671956,47.126974180004645,1.8027005409855599,-1.995649059483604,-0.19294851849804218,47.07990870653811,3.7092395450978364,-1.55998158496935,2.1492579601284874
2015-03-06,BJCO,6.385,2.45,30.7,2015,3,6,65,0.0480785670293338,48.07856702933381,0.0463716576267231,46.3716576267231,0.0475416666666666,47.5416666666666,47.5416666666666,47.5416666666666,47.5416666666666,48.07856702933381,48.07856702933381,48.07856702933381,46.3716576267231,46.3716576267231,46.3716576267231,46.97928654730574,3.6189310168087676,-2.519650534780695,1.099280482028071,47.13764262464073,1.9188886962067153,-2.6848736941243487,-0.7659849979176343,47.091490454617116,2.7828027668335045,-2.332626554784021,0.45017621204948455
2015-03-07,BJCO,6.385,2.45,30.7,2015,3,7,66,0.0450380433337707,45.0380433337707,0.0433480847732002,43.3480847732002,0.0432791666666666,43.2791666666666,47.5416666666666,43.2791666666666,43.2791666666666,45.0380433337707,45.0380433337707,45.0380433337707,46.9231743451399,43.3480847732002,43.3480847732002,46.98899059379261,0.836048659824528,-2.786995919846433,-1.9509472600219055,47.14831016355081,1.8881032539249396,-2.113239072335851,-0.22513581841091224,47.10307116855922,3.224786368518836,-2.7861908704114526,0.4385954981073823
2015-03-08,BJCO,6.385,2.45,30.7,2015,3,8,67,0.0475999329964535,47.599932996453504,0.045955812765124,45.955812765124,0.0458583333333333,45.8583333333333,49.2291666666666,45.8583333333333,45.8583333333333,47.599932996453504,47.599932996453504,47.599932996453504,45.955812765124,45.955812765124,45.955812765124,46.998694123758746,2.3484425510875253,-1.747203678392765,0.6012388726947577,47.15897674446437,1.2429672724817213,-2.446131251822088,-1.203163979340367,47.11465080962779,3.9255213841347714,-1.8110055270959577,2.1145158570388105
2015-03-09,BJCO,6.385,2.45,30.7,2015,3,9,68,0.0507978999562342,50.79789995623421,0.0493321706894084,49.3321706894084,0.0502624999999999,50.262499999999896,50.262499999999896,50.262499999999896,50.262499999999896,50.79789995623421,50.79789995623421,50.79789995623421,49.3321706894084,49.3321706894084,49.3321706894084,47.008397094959236,4.473801055929637,-0.6842981946546587,3.7895028612749755,47.16964231751598,3.3533190260651615,-1.1907906541727442,2.162528371892421,47.12622934167955,3.9149144758488204,-0.7786438175284687,3.136270658320349
2015-03-10,BJCO,6.385,2.45,30.7,2015,3,10,69,0.0494253229356663,49.4253229356663,0.0491398567977106,49.1398567977106,0.0496333333333333,49.6333333333333,49.6333333333333,49.6333333333333,49.6333333333333,49.4253229356663,49.4253229356663,49.4253229356663,49.1398567977106,49.1398567977106,49.1398567977106,47.018099467114645,4.84111027552772,-2.433886806976062,2.4072234685516563,47.180306835158184,4.394697565810323,-2.43514760325791,1.9595499625524155,47.137806730562886,3.19718026191916,-0.7016536591487466,2.4955266027704113
2015-03-11,BJCO,6.385,2.45,30.7,2015,3,11,70,0.051281176147637,51.281176147637,0.0490769745195742,49.0769745195742,0.0507875,50.7875,50.7875,50.7875,50.7875,51.281176147637,51.281176147637,51.281176147637,49.0769745195742,49.0769745195742,49.0769745195742,47.02780120123086,5.474999424117195,-1.2216244777110532,4.25337494640614,47.19097025157512,3.914553961362387,-2.02854969336331,1.886004267999077,47.14938294319827,4.235863387175558,-0.5977463303738233,3.6381170568017325
2015-03-12,BJCO,6.385,2.45,30.7,2015,3,12,71,0.0541353675532663,54.1353675532663,0.0512505356233382,51.2505356233382,0.0531708333333333,53.1708333333333,53.1708333333333,53.1708333333333,53.1708333333333,54.1353675532663,54.1353675532663,54.1353675532663,51.2505356233382,51.2505356233382,51.2505356233382,47.037502260465956,7.659635772975405,-0.5617704801750634,7.097865292800343,47.20163252323478,5.539847627342653,-1.490944527239229,4.0489031001034235,47.16095794729833,5.540627576147923,0.46924780988705095,6.00987538603497
2015-03-13,BJCO,6.385,2.45,30.7,2015,3,13,72,0.0560514749743228,56.0514749743228,0.0563394106794256,56.3394106794256,0.05525,55.25,55.25,55.25,55.25,53.5683369952826,56.0514749743228,56.0514749743228,51.2505356233382,56.3394106794256,56.3394106794256,47.04720260948524,6.61797477404327,-0.09684038824590857,6.52113438579736,47.21229360879056,4.863641253814667,-0.8253992392670284,4.038242014547642,47.17253171101824,7.848544710444217,0.22892357853754675,8.077468288981763
2015-03-14,BJCO,6.385,2.45,30.7,2015,3,14,73,0.0535683369952826,53.5683369952826,0.0505572072054605,50.5572072054605,0.0514208333333333,51.4208333333333,51.4208333333333,51.4208333333333,51.4208333333333,53.5683369952826,53.5683369952826,53.5683369952826,50.5572072054605,50.5572072054605,50.5572072054605,47.05690221360097,8.21227326314871,-1.7008384814670805,6.511434781681629,47.22295346853843,5.8438683669554505,-2.5096146300333757,3.334253736922072,47.184104202027704,6.145952452553847,-1.9092233212482554,4.236729131305594
2015-03-15,BJCO,6.385,2.45,30.7,2015,3,15,74,0.0538692802434173,53.8692802434173,0.0514663770715359,51.4663770715359,0.0523541666666666,52.3541666666666,52.3541666666666,52.3541666666666,52.3541666666666,53.8692802434173,53.8692802434173,53.8692802434173,51.4663770715359,51.4663770715359,51.4663770715359,47.06660103856235,7.24136466740326,-0.43868546254830676,6.802679204854954,47.233612064097386,5.022260674900341,-0.7894956674618214,4.232765007438516,47.19567538791656,5.725438420190398,-0.5669471414403588,5.158491278750041
2015-03-16,BJCO,6.385,2.45,30.7,2015,3,16,75,0.053316266233851,53.316266233851,0.0559972556814546,55.9972556814546,0.0563416666666666,56.341666666666605,56.341666666666605,56.341666666666605,56.341666666666605,53.316266233851,53.316266233851,53.316266233851,55.9972556814546,55.9972556814546,55.9972556814546,47.07629905151701,8.23710812070358,-1.99714093836959,6.2399671823339915,47.2442693591438,8.714552549783312,0.038433772527483256,8.752986322310797,47.207245237721324,9.260389750882398,-0.1259683219371155,9.13442142894528
2015-03-17,BJCO,6.385,2.45,30.7,2015,3,17,76,0.0541297733086549,54.1297733086549,0.0534716657649219,53.4716657649219,0.0540791666666666,54.0791666666666,54.0791666666666,54.0791666666666,54.0791666666666,54.1297733086549,54.1297733086549,54.1297733086549,53.4716657649219,53.4716657649219,53.4716657649219,47.085996220631216,9.727319003114205,-2.6835419150905224,7.043777088023681,47.254925318347354,7.520497506115742,-1.3037570595411907,6.216740446574548,47.21881372125705,8.602887176457834,-1.7425342310482819,6.860352945409552
2015-03-18,BJCO,6.385,2.45,30.7,2015,3,18,77,0.0491571928440147,49.1571928440147,0.0546139276134787,54.6139276134787,0.0530666666666666,53.0666666666666,53.0666666666666,53.0666666666666,53.0666666666666,53.316266233851,49.1571928440147,49.1571928440147,54.6139276134787,54.6139276134787,54.6139276134787,47.0956925161561,5.9535414847176025,0.26703223297730005,6.220573717694904,47.26557990664708,6.298094308926755,1.0502533979048607,7.348347706831618,47.2303808088012,5.554633455108827,0.28165240275657055,5.836285857865398
2015-03-19,BJCO,6.385,2.45,30.7,2015,3,19,78,0.0465712050851655,46.571205085165495,0.0475952579569924,47.5952579569924,0.0484458333333333,48.4458333333333,48.4458333333333,48.4458333333333,48.4458333333333,52.3970646644398,46.571205085165495,46.571205085165495,53.9667864681178,47.5952579569924,47.5952579569924,47.10538791058331,3.7706123731213097,1.521064380735183,5.291676753856493,47.276233089702735,7.133742035627803,-0.4431886572127368,6.690553378415068,47.24194647188087,2.404707010931342,-1.2008201494789148,1.2038868614524247
2015-03-20,BJCO,6.385,2.45,30.7,2015,3,20,79,0.0523970646644398,52.3970646644398,0.0529332690518181,52.9332690518181,0.0520791666666666,52.0791666666666,52.0791666666666,52.0791666666666,52.0791666666666,52.3970646644398,52.3970646644398,52.3970646644398,52.9332690518181,52.9332690518181,52.9332690518181,47.115082376281464,11.528829414633071,-6.246847126474734,5.281982288158339,47.28688483252939,5.225091854667397,0.4212923646213156,5.646384219288713,47.25351068225931,3.3407688286066675,1.484887155800621,4.825655984407291
2015-03-21,BJCO,6.385,2.45,30.7,2015,3,21,80,0.0564130970119932,56.4130970119932,0.0571599363663008,57.1599363663008,0.0564291666666666,56.4291666666666,56.4291666666666,56.4291666666666,56.4291666666666,56.4130970119932,56.4130970119932,56.4130970119932,57.1599363663008,57.1599363663008,57.1599363663008,47.12477588477162,12.85376091693714,-3.565439789715562,9.288321127221579,47.29753510008268,8.215103670964387,1.6472975952537254,9.862401266218114,47.26507341223561,7.865569880117823,1.29852337431317,9.164093254430995
2015-03-22,BJCO,6.385,2.45,30.7,2015,3,22,81,0.0521514994538662,52.1514994538662,0.0539667864681178,53.9667864681178,0.0521708333333333,52.1708333333333,52.1708333333333,52.1708333333333,52.1708333333333,52.1514994538662,52.1514994538662,52.1514994538662,53.9667864681178,53.9667864681178,53.9667864681178,47.134468409905345,6.642396068684936,-1.6253650247240827,5.017031043960856,47.30818385659467,19.700038449705318,-13.041435838182181,6.658602611523136,47.27663463275049,5.817228366821254,-0.923029666238449,4.894198700582805
2015-03-23,BJCO,6.385,2.45,30.7,2015,3,23,82,0.044478929466937,44.47892946693701,0.0466623114886015,46.662311488601496,0.0467125,46.7125,46.7125,46.7125,46.7125,53.96261545135491,44.47892946693701,44.47892946693701,46.662311488601496,46.662311488601496,46.662311488601496,47.14415992863022,8.583412628177749,-1.764957105453064,6.818455522724683,47.31883106475836,0.06843719095328031,-0.7249567671101502,-0.6565195761568674,47.28819431342711,0.16874429516112038,-0.7444386085882329,-0.575694313427114
2015-03-24,BJCO,6.385,2.45,30.7,2015,3,24,83,0.0539626154513549,53.96261545135491,0.0515468748406856,51.5468748406856,0.0507749999999999,50.7749999999999,50.7749999999999,50.7749999999999,50.7749999999999,53.96261545135491,53.96261545135491,53.96261545135491,51.5468748406856,51.5468748406856,51.5468748406856,47.15385042008242,7.909093464347662,-1.1003284330751768,6.808765031272486,47.32947668695088,6.471001511712767,-2.253603357978051,4.217398153734713,47.2997524244482,5.668661531405129,-2.19341395585343,3.4752475755516983
2015-03-25,BJCO,6.385,2.45,30.7,2015,3,25,84,0.0554235687106917,55.4235687106917,0.0586333476541014,58.6333476541014,0.055525,55.525,55.525,55.525,55.525,55.4235687106917,55.4235687106917,55.4235687106917,58.6333476541014,58.6333476541014,58.6333476541014,47.1635398653279,8.631522743064572,-0.37149389770077335,8.260028845363799,47.34012068644093,12.754485902329206,-1.4612589346687415,11.293226967660466,47.31130893712702,9.627201175165775,-1.4135101122927978,8.213691062872975
2015-03-26,BJCO,6.385,2.45,30.7,2015,3,26,85,0.0562201250193911,56.22012501939111,0.0580937114889221,58.0937114889221,0.0571583333333333,57.158333333333296,57.158333333333296,57.158333333333296,57.158333333333296,56.22012501939111,56.22012501939111,56.22012501939111,58.0937114889221,58.0937114889221,58.0937114889221,47.1732282467583,8.893440175928477,0.15345659670433776,9.046896772632813,47.350763028503735,11.019027081264172,-0.2760786208458086,10.742948460418361,47.3228638247425,10.011463757905076,-0.17599424931427876,9.835469508590798
2015-03-27,BJCO,6.385,2.45,30.7,2015,3,27,86,0.0570937840425495,57.0937840425495,0.0569424284602233,56.9424284602233,0.0567583333333333,56.7583333333333,56.7583333333333,56.7583333333333,56.7583333333333,57.0937840425495,57.0937840425495,57.0937840425495,56.9424284602233,56.9424284602233,56.9424284602233,47.182915547261196,8.647343761129777,1.2635247341585298,9.910868495288305,47.36140367995257,9.286250522420177,0.29477425785054834,9.581024780270724,47.334417062082494,9.555475308902743,-0.13155903765193955,9.423916271250803
2015-03-28,BJCO,6.385,2.45,30.7,2015,3,28,87,0.0559681134498159,55.9681134498159,0.0542151370417591,54.2151370417591,0.055475,55.475,55.475,55.475,55.475,55.9681134498159,55.9681134498159,55.9681134498159,54.2151370417591,54.2151370417591,54.2151370417591,47.19260174940816,8.867941733739402,-0.09243003333165944,8.77551170040774,47.3720426079571,7.279441818962009,-0.4363473851600048,6.843094433802001,47.34596862431706,7.926546647607671,0.20248472807526952,8.129031375682942
2015-03-29,BJCO,6.385,2.45,30.7,2015,3,29,88,0.0509407451403486,50.94074514034861,0.0505370629556503,50.5370629556503,0.0533708333333333,53.370833333333294,53.370833333333294,53.370833333333294,53.370833333333294,50.94074514034861,50.94074514034861,50.94074514034861,50.5370629556503,50.5370629556503,50.5370629556503,47.20228683471386,5.6294700227601115,-1.8910117171253589,3.738458305634751,47.38267977948606,4.915578839776911,-1.7611956636126749,3.154383176164238,47.35751848663919,6.765031746440932,-0.7517168997468247,6.013314846694108
2015-03-30,BJCO,6.385,2.45,30.7,2015,3,30,89,0.055323450521917,55.323450521917,0.0540517889304062,54.0517889304062,0.0548583333333333,54.8583333333333,54.8583333333333,54.8583333333333,54.8583333333333,55.323450521917,55.323450521917,55.323450521917,54.0517889304062,54.0517889304062,54.0517889304062,47.211970784865834,9.974624554288921,-1.8631448172377532,8.11147973705117,47.39331516204675,8.495542487722235,-1.837068719362783,6.65847376835945,47.36906662416724,8.935362168571961,-1.4460954594059032,7.48926670916606
2015-04-01,BJCO,6.385,2.45,30.7,2015,4,1,91,0.0507132966722491,50.7132966722491,0.0538473719846152,53.8473719846152,0.0543541666666666,54.3541666666666,54.3541666666666,54.3541666666666,54.3541666666666,50.7132966722491,50.7132966722491,50.7132966722491,53.8473719846152,53.8473719846152,53.8473719846152,47.23133521590253,3.646881445684867,-0.16491998933830132,3.4819614563465677,47.41458043916767,5.307096234502096,1.1256953109454315,6.432791545447529,47.39215763005135,6.3189317046656255,0.6430773319496268,6.96200903661525
2015-04-02,BJCO,6.385,2.45,30.7,2015,4,2,92,0.0455697244207088,45.5697244207088,0.0488739996391025,48.8739996391025,0.0460541666666666,46.0541666666666,46.0541666666666,46.0541666666666,46.0541666666666,45.5697244207088,45.5697244207088,45.5697244207088,48.8739996391025,48.8739996391025,48.8739996391025,47.241015669373326,0.09339226968531482,-1.764683518349841,-1.6712912486645237,47.425210277603284,1.3746005109788673,0.07418885052035051,1.448789361499216,47.40370045437495,-0.21798940137446404,-1.1315443863338785,-1.3495337877083458
2015-04-03,BJCO,6.385,2.45,30.7,2015,4,3,93,0.0475907916956671,47.5907916956671,0.0465220248948317,46.522024894831695,0.0484083333333333,48.4083333333333,48.4083333333333,48.4083333333333,48.4083333333333,47.5907916956671,47.5907916956671,47.5907916956671,46.522024894831695,46.522024894831695,46.522024894831695,47.25069493154769,1.3691254263458752,-1.029028662226466,0.3400967641194086,47.43583821216394,0.8099557533902423,-1.7237690707224829,-0.9138133173322416,47.41524146421014,1.7689432563509084,-0.7758513872277462,0.9930918691231625
2015-04-04,BJCO,6.385,2.45,30.7,2015,4,4,94,0.0490605330326016,49.0605330326016,0.049308601960415,49.308601960415,0.0487041666666666,48.7041666666666,48.7041666666666,48.7041666666666,48.7041666666666,49.0605330326016,49.0605330326016,49.0605330326016,49.308601960415,49.308601960415,49.308601960415,47.26037299181866,4.804894735974356,-3.0047346951914236,1.8001600407829343,47.44646421482134,4.459957168969866,-2.597819423376208,1.8621377455936567,47.42678063887311,2.9901245958929725,-1.712738568099482,1.27738602779349
2015-04-05,BJCO,6.385,2.45,30.7,2015,4,5,95,0.0520424790315681,52.0424790315681,0.0523504922241673,52.3504922241673,0.0514583333333333,51.4583333333333,51.4583333333333,51.4583333333333,51.4583333333333,52.0424790315681,52.0424790315681,52.0424790315681,52.3504922241673,52.3504922241673,52.3504922241673,47.270049841313586,6.749253176548807,-1.976823986294292,4.772429190254513,47.45708825925277,7.964235788602486,-3.0708318236879606,4.893403964914526,47.43831795884449,6.606182401125904,-2.5861670266370993,4.020015374488807
2015-04-06,BJCO,6.385,2.45,30.7,2015,4,6,96,0.0521628588957647,52.1628588957647,0.0523924984001742,52.392498400174205,0.0515291666666666,51.5291666666666,51.5291666666666,51.5291666666666,51.5291666666666,52.1628588957647,52.1628588957647,52.1628588957647,52.392498400174205,52.392498400174205,52.392498400174205,47.2797254738369,3.5107936886904585,1.3723397332373466,4.883133421927802,47.467710321727814,5.03836055994239,-0.11357248149599997,4.92478807844639,47.44985340648606,4.093051116962353,-0.013737856781816049,4.079313260180534
2015-04-07,BJCO,6.385,2.45,30.7,2015,4,7,97,0.0500531908232329,50.0531908232329,0.0530309270062704,53.0309270062704,0.0531125,53.1125,53.1125,53.1125,53.1125,50.0531908232329,50.0531908232329,50.0531908232329,53.0309270062704,53.0309270062704,53.0309270062704,47.28939988501247,3.3110080468380785,-0.5472171086176445,2.7637909382204313,47.47833038094841,5.99560185002083,-0.44300522469883674,5.552596625321996,47.46138696620753,6.941640953844949,-1.290527920052483,5.65111303379247
2015-04-08,BJCO,6.385,2.45,30.7,2015,4,8,98,0.0523504037420603,52.3504037420603,0.0551700680316009,55.1700680316009,0.0545166666666666,54.5166666666666,54.5166666666666,54.5166666666666,54.5166666666666,52.3504037420603,52.3504037420603,52.3504037420603,53.591362225603,55.1700680316009,55.1700680316009,47.299073069955426,3.894871054513715,1.1564596175911603,5.051330672104875,47.48894841628632,6.128334580833277,-0.025920771516595664,6.10241380931668,47.47291862311292,6.984134614988663,0.059613428565022275,7.043748043553684
2015-04-09,BJCO,6.385,2.45,30.7,2015,4,9,99,0.0523389134087256,52.3389134087256,0.0555037586779221,55.5037586779221,0.0539875,53.9875,53.9875,53.9875,53.9875,52.3389134087256,52.3389134087256,52.3389134087256,55.5037586779221,55.5037586779221,55.5037586779221,47.308745023815476,5.982031716614315,-0.9518633317041889,5.030168384910127,47.49956440750092,7.868505949192353,0.13568832122882668,8.00419427042118,47.484448363329065,6.461797950426453,0.041253686244481,6.503051636670932
2015-04-10,BJCO,6.385,2.45,30.7,2015,4,10,100,0.0512092413736352,51.2092413736352,0.0557859521951851,55.7859521951851,0.0538958333333333,53.8958333333333,53.8958333333333,53.8958333333333,53.8958333333333,51.2092413736352,51.2092413736352,51.2092413736352,55.7859521951851,55.7859521951851,55.7859521951851,47.31841574121115,5.1727385072773115,-1.281912874853255,3.890825632424054,47.51017833443728,7.055660544879318,1.2201133158685025,8.275773860747819,47.49597617318298,6.335658426833485,0.0641987333168359,6.399857160150319
2015-04-11,BJCO,6.385,2.45,30.7,2015,4,11,101,0.0570185381731896,57.0185381731896,0.053591362225603,53.591362225603,0.0536708333333333,53.6708333333333,53.6708333333333,53.6708333333333,53.6708333333333,57.0185381731896,57.0185381731896,57.0185381731896,53.591362225603,53.591362225603,53.591362225603,47.32808521764116,6.595651882426787,3.0948010731216513,9.690452955548437,47.52079017659593,5.083843972814871,0.9867280761922004,6.070572049007069,47.50750203894482,5.475751283969738,0.687580010418742,6.1633312943884775
2015-04-12,BJCO,6.385,2.45,30.7,2015,4,12,102,0.0564470044048509,56.4470044048509,0.0560536261651541,56.0536261651541,0.0561875,56.1875,53.6708333333333,56.1875,56.1875,56.4470044048509,56.4470044048509,56.4470044048509,56.0536261651541,56.0536261651541,56.0536261651541,47.33775344939712,7.079884225369783,2.029366730084,9.109250955453781,47.531399912292684,7.628053483007734,0.8941727698536823,8.522226252861415,47.519025946683314,5.59275155568044,0.559055830969541,6.151807386649985
2015-04-13,BJCO,6.385,2.45,30.7,2015,4,13,103,0.0449055455530413,44.9055455530413,0.0457200317928417,45.7200317928417,0.0469541666666666,46.9541666666666,46.9541666666666,46.9541666666666,46.9541666666666,44.9055455530413,44.9055455530413,44.9055455530413,45.7200317928417,45.7200317928417,45.7200317928417,47.34742043070329,-0.9685154745587845,-1.4733594031032027,-2.441874877661988,47.54200751863302,-0.13299222833630558,-1.6889834974550126,-1.8219757257913187,47.530547881770865,0.022695652408795106,-0.5990768675130553,-0.5763812151042629
2015-04-14,BJCO,6.385,2.45,30.7,2015,4,14,104,0.039431738112225,39.431738112225,0.0392321245602255,39.2321245602255,0.0422875,42.2875,42.2875,42.2875,42.2875,39.431738112225,39.431738112225,39.431738112225,39.2321245602255,39.2321245602255,39.2321245602255,47.357086154126954,-5.913554515363843,-2.0117935265381135,-7.925348041901955,47.552612972117196,-6.270669263625151,-2.0498191482665433,-8.320488411891695,47.54206782909533,-3.0729084122085126,-2.1816594168868164,-5.254567829095329
2015-04-15,BJCO,6.385,2.45,30.7,2015,4,15,105,0.0406194631842125,40.6194631842125,0.0359597287995264,35.9597287995264,0.04015,40.15,40.15,40.15,40.15,40.6194631842125,40.6194631842125,40.6194631842125,35.9597287995264,35.9597287995264,35.9597287995264,47.36675061346037,-5.568507793495332,-1.1787796357525337,-6.747287429247869,47.563216250707434,-8.481167418874824,-3.122320032306206,-11.603487451181032,47.55358577431551,-5.395789652359316,-2.00779612195619,-7.403585774315509
2015-04-16,BJCO,6.385,2.45,30.7,2015,4,16,106,0.042595442240162,42.595442240162,0.0410796291419366,41.0796291419366,0.041675,41.675,41.675,41.675,41.675,44.9055455530413,42.595442240162,42.595442240162,41.0796291419366,41.0796291419366,41.0796291419366,47.376413804605995,-1.9489135696363091,-0.5219546819283849,-2.4708682515646956,47.573817334673365,-3.776211532433468,-2.717976660303293,-6.494188192736765,47.56510170514402,-4.412173147948883,-1.477928557195142,-5.890101705144026
2015-04-17,BJCO,6.385,2.45,30.7,2015,4,17,107,0.047348673671362,47.348673671362,0.0448898382190016,44.8898382190016,0.0479541666666666,47.9541666666666,47.9541666666666,47.9541666666666,47.9541666666666,47.348673671362,47.348673671362,47.348673671362,44.8898382190016,44.8898382190016,44.8898382190016,47.386075724992445,-0.7865521051135063,0.7491500514830634,-0.03740205363044424,47.584416207087415,-2.1005836987009143,-0.5939942893849022,-2.6945779880858183,47.57661561145867,-0.2669286066147469,0.6444796618226789,0.3775510552079311
2015-04-18,BJCO,6.385,2.45,30.7,2015,4,18,108,0.047374296205814,47.374296205814,0.0464260017405345,46.4260017405345,0.0466583333333333,46.6583333333333,46.6583333333333,46.6583333333333,46.6583333333333,47.374296205814,47.374296205814,47.374296205814,46.4260017405345,46.4260017405345,46.4260017405345,47.395736372674335,-2.073697229996279,2.05225706313594,-0.02144016686033723,47.59501285349602,-2.5342467051158692,1.3652355921543489,-1.1690111129615204,47.58812748456162,-1.713263870629949,0.7834697194016371,-0.9297941512283145
2015-04-19,BJCO,6.385,2.45,30.7,2015,4,19,109,0.0468946271140172,46.8946271140172,0.04344391694965,43.44391694965,0.0467458333333333,46.7458333333333,46.7458333333333,46.7458333333333,46.7458333333333,46.8946271140172,46.8946271140172,46.8946271140172,43.44391694965,43.44391694965,43.44391694965,47.40539574496447,-0.5287783726997723,0.018009741752500474,-0.5107686309472754,47.60560726018114,-3.016867846904974,-1.1448224636261628,-4.161690310531135,47.59963731541001,-2.9461231832020545,2.092319201125349,-0.8538039820767054
2015-04-20,BJCO,6.385,2.45,30.7,2015,4,20,110,0.0477137124484116,47.7137124484116,0.0458032423277239,45.8032423277239,0.0476625,47.6625,47.6625,47.6625,47.6625,47.7137124484116,47.7137124484116,47.7137124484116,45.8032423277239,45.8032423277239,45.8032423277239,47.41505383763042,0.07280159116490915,0.2258570196162708,0.2986586107811817,47.616199412790536,-1.7654559169751025,-0.04750116809153582,-1.8129570850666354,47.611145093869794,-1.6532282890124248,1.7045831951426322,0.05135490613020721
2015-04-21,BJCO,6.385,2.45,30.7,2015,4,21,111,0.0461006439979994,46.1006439979994,0.0442877734172114,44.2877734172114,0.0458333333333333,45.8333333333333,45.8333333333333,45.8333333333333,45.8333333333333,46.1006439979994,46.1006439979994,46.1006439979994,44.2877734172114,44.2877734172114,44.2877734172114,47.42471064611423,-0.9184126756130861,-0.40565397250174584,-1.3240666481148295,47.62678929768279,-3.921021674657493,0.5820057941861023,-3.3390158804713934,47.62265080788136,-2.156280838255828,0.36696336370776805,-1.7893174745480565
2015-04-22,BJCO,6.385,2.45,30.7,2015,4,22,112,0.0486119152554325,48.6119152554325,0.0453674756925499,45.367475692549895,0.0459624999999999,45.9624999999999,45.9624999999999,45.9624999999999,45.9624999999999,48.6119152554325,48.6119152554325,48.6119152554325,45.367475692549895,45.367475692549895,45.367475692549895,47.43436616586777,1.8237303234757007,-0.6461812339109727,1.177549089564728,47.63737690144225,-0.5763634062612011,-1.6935378026311554,-2.2699012088923567,47.634154443688246,-1.3812887569882368,-0.2903656867001132,-1.6716544436883467
2015-04-23,BJCO,6.385,2.45,30.7,2015,4,23,113,0.0502293279292733,50.2293279292733,0.0492008450286986,49.2008450286986,0.0504791666666666,50.4791666666666,50.4791666666666,50.4791666666666,50.4791666666666,50.2293279292733,50.2293279292733,50.2293279292733,49.2008450286986,49.2008450286986,49.2008450286986,47.44402039286637,3.0854409563927576,-0.3001334199858263,2.7853075364069326,47.64796221059972,2.230074558114748,-0.6771917400158713,1.5528828180988796,47.64565598699361,1.631577960934669,1.2019327187383197,2.8335106796729903
2015-04-24,BJCO,6.385,2.45,30.7,2015,4,24,114,0.0487913065165697,48.791306516569705,0.0506684332735779,50.668433273577904,0.0502791666666666,50.2791666666666,50.2791666666666,50.2791666666666,50.2791666666666,48.791306516569705,48.791306516569705,48.791306516569705,50.668433273577904,50.668433273577904,50.668433273577904,47.4536733238648,3.308045833790277,-1.9704126410853675,1.3376331927049065,47.65854521305471,5.150412680425303,-2.1405246199021093,3.0098880605231955,47.657155423450455,3.0999675813880017,-0.47795633817185745,2.622011243216143
2015-04-25,BJCO,6.385,2.45,30.7,2015,4,25,115,0.050494284873987,50.494284873987,0.0517589669647477,51.7589669647477,0.0520416666666666,52.0416666666666,52.0416666666666,52.0416666666666,52.0416666666666,50.494284873987,50.494284873987,50.494284873987,51.7589669647477,51.7589669647477,51.7589669647477,47.463324956480704,3.759922912554012,-0.7289629950477163,3.0309599175062942,47.669125898043305,4.442416968599186,-0.35257590189479515,4.089841066704395,47.66865273794691,3.3591574973719274,1.0138564313477687,4.373013928719693
2015-04-26,BJCO,6.385,2.45,30.7,2015,4,26,116,0.0468876649034274,46.8876649034274,0.0504376039642681,50.4376039642681,0.0498916666666666,49.8916666666666,49.8916666666666,49.8916666666666,49.8916666666666,46.8876649034274,46.8876649034274,46.8876649034274,50.4376039642681,50.4376039642681,50.4376039642681,47.472975290130776,1.7583803449810076,-2.343690731684383,-0.5853103867033767,47.679704256647305,4.533216303920531,-1.7753165962997386,2.757899707620794,47.68014791534274,3.286041197330168,-1.0745224460063056,2.211518751323865
2015-04-27,BJCO,6.385,2.45,30.7,2015,4,27,117,0.0457315302981224,45.7315302981224,0.04836432354466,48.36432354466,0.0483125,48.3125,48.3125,48.3125,48.3125,45.7315302981224,45.7315302981224,45.7315302981224,48.36432354466,48.36432354466,48.36432354466,47.482624325747544,-0.31918909425767594,-1.4319049333674698,-1.7510940276251432,47.690280281075424,3.475998811220943,-2.8019555476363607,0.6740432635845792,47.69164094002174,1.891180314205659,-1.2703212542273974,0.6208590599782582
2015-04-28,BJCO,6.385,2.45,30.7,2015,4,28,118,0.0496670447853827,49.6670447853827,0.0483332173239853,48.3332173239853,0.0488583333333333,48.8583333333333,48.8583333333333,48.8583333333333,48.8583333333333,49.6670447853827,49.6670447853827,49.6670447853827,48.3332173239853,48.3332173239853,48.3332173239853,47.492272066522595,3.0598636745224836,-0.8850909556623776,2.1747727188601047,47.70085396551119,1.3579806233460203,-0.7256172648719144,0.6323633584741088,47.7031317972808,1.5467438362954171,-0.3915423002429179,1.1552015360525019
2015-04-29,BJCO,6.385,2.45,30.7,2015,4,29,119,0.0466771729451365,46.6771729451365,0.0501953212799711,50.195321279971104,0.0499041666666666,49.9041666666666,49.9041666666666,49.9041666666666,49.9041666666666,46.6771729451365,46.6771729451365,46.6771729451365,50.195321279971104,50.195321279971104,50.195321279971104,47.501918517531685,-0.07811649151706834,-0.7466290808781224,-0.8247455723951873,47.71142530658683,2.55961382879197,-0.07571785540769582,2.4838959733842714,47.71462047372917,1.865028026713847,0.32451816622358365,2.189546192937428
2015-04-30,BJCO,6.385,2.45,30.7,2015,4,30,120,0.0500783985065077,50.0783985065077,0.052167417220899,52.16741722089901,0.051075,51.075,51.075,51.075,51.075,50.0783985065077,50.0783985065077,50.0783985065077,52.16741722089901,52.16741722089901,52.16741722089901,47.51156368518493,2.2646157573914114,0.30221906393136067,2.5668348213227716,47.72199430217066,3.0869082074900676,1.3585147112382856,4.4454229187283545,47.72610695651957,2.1796614936446073,1.1692315498358212,3.3488930434804303
2015-05-01,BJCO,6.385,2.45,30.7,2015,5,1,121,0.0477948822179209,47.7948822179209,0.0513661157383897,51.3661157383897,0.0512791666666666,51.2791666666666,51.2791666666666,51.2791666666666,51.2791666666666,47.7948822179209,47.7948822179209,47.7948822179209,51.3661157383897,51.3661157383897,51.3661157383897,47.52120757682955,0.8774839818188817,-0.6038093407275369,0.27367464109134687,47.732560950285446,4.893739761940414,-1.2601849738361608,3.633554788104256,47.737591232442455,3.634113143835108,-0.09253770961096563,3.541575434224143
2015-05-02,BJCO,6.385,2.45,30.7,2015,5,2,122,0.0484866524361716,48.4866524361716,0.0498973751846118,49.8973751846118,0.0491583333333333,49.158333333333296,49.158333333333296,49.158333333333296,49.158333333333296,48.4866524361716,48.4866524361716,48.4866524361716,49.8973751846118,49.8973751846118,49.8973751846118,47.53085020008519,3.839649033642587,-2.883846797556174,0.9558022360864129,47.743125248387656,5.628137523553367,-3.473887587329216,2.154249936224147,47.74907328737477,2.9870762432690725,-1.577816197310547,1.4092600459585256
2015-05-03,BJCO,6.385,2.45,30.7,2015,5,3,123,0.0529619837455921,52.9619837455921,0.0530885508891641,53.0885508891641,0.0533291666666666,53.3291666666666,53.3291666666666,53.3291666666666,53.3291666666666,52.9619837455921,52.9619837455921,52.9619837455921,53.0885508891641,53.0885508891641,53.0885508891641,47.540491563703625,7.393769256119283,-1.97227707423081,5.421492181888475,47.75368719534971,7.304637487634073,-1.9697737938196909,5.334863693814384,47.760553107378165,6.031313017783422,-0.4626994584949884,5.568613559288437
2015-05-04,BJCO,6.385,2.45,30.7,2015,5,4,124,0.0565407999127365,56.5407999127365,0.0574153506679454,57.4153506679454,0.0562791666666666,56.279166666666605,56.279166666666605,56.279166666666605,56.279166666666605,56.5407999127365,56.5407999127365,56.5407999127365,57.4153506679454,57.4153506679454,57.4153506679454,47.55013167904961,8.653507916962916,0.33716031672397406,8.99066823368689,47.76424679287424,7.891409898001193,1.7596939770699649,9.651103875071158,47.7720306798576,6.978220765408008,1.5289152214009931,8.507135986809004
2015-05-05,BJCO,6.385,2.45,30.7,2015,5,5,125,0.0581733429176473,58.1733429176473,0.0598152515762511,59.8152515762511,0.0605874999999999,60.5874999999999,60.5874999999999,60.5874999999999,60.5874999999999,58.1733429176473,58.1733429176473,58.1733429176473,59.8152515762511,59.8152515762511,59.8152515762511,47.55977055962492,8.305109230095976,2.3084631279264016,10.613572358022374,47.77480404452769,9.726575670110208,2.313871861613201,12.040447531723409,47.783505992666306,11.660982737470379,1.1430112698632158,12.803994007333593
2015-05-06,BJCO,6.385,2.45,30.7,2015,5,6,126,0.0512562051179375,51.2562051179375,0.0563976164211171,56.3976164211171,0.0551541666666666,55.154166666666605,55.154166666666605,55.154166666666605,55.154166666666605,51.2562051179375,51.2562051179375,51.2562051179375,56.3976164211171,56.3976164211171,56.3976164211171,47.569408218938285,2.8058917354737356,0.8809051635254761,3.686796898999212,47.78535895283214,5.884772617566007,2.7274848507189517,8.612257468284959,47.79497903244615,6.064225995358661,1.2949616388617926,7.359187634220454
2015-05-07,BJCO,6.385,2.45,30.7,2015,5,7,127,0.0467415893009131,46.7415893009131,0.0477324219712584,47.7324219712584,0.0491,49.1,49.1,49.1,49.1,46.7415893009131,46.7415893009131,46.7415893009131,47.7324219712584,47.7324219712584,47.7324219712584,47.57904466895224,0.4246396231708328,-1.2620949912099775,-0.8374553680391443,47.79591151822977,1.1384264421044277,-1.2019159890758004,-0.06348954697137543,47.80644978447156,2.109811903936091,-0.8162616884076499,1.293550215528441
2015-05-08,BJCO,6.385,2.45,30.7,2015,5,8,128,0.0488346240712137,48.8346240712137,0.0509510741247879,50.9510741247879,0.0504999999999999,50.4999999999999,50.4999999999999,50.4999999999999,50.4999999999999,48.8346240712137,48.8346240712137,48.8346240712137,50.9510741247879,50.9510741247879,50.9510741247879,47.58867992108338,1.836272391433077,-0.5903282413027569,1.2459441501303203,47.80646173947266,3.826740452067425,-0.6821280667521847,3.1446123853152415,47.81791823300661,3.494893576576773,-0.8128118095834793,2.682081766993292
2015-05-09,BJCO,6.385,2.45,30.7,2015,5,9,129,0.0502178560911998,50.217856091199806,0.0513362769228687,51.3362769228687,0.0499625,49.9625,49.9625,49.9625,49.9625,50.217856091199806,50.217856091199806,50.217856091199806,51.3362769228687,51.3362769228687,51.3362769228687,47.59831398796223,2.400355241583751,0.2191868616538244,2.6195421032375776,47.81700961615945,4.800147164084597,-1.2808798573753535,3.5192673067092457,47.82938436291496,2.2470671304283147,-0.11395149334327215,2.133115637085041
2015-05-10,BJCO,6.385,2.45,30.7,2015,5,10,130,0.0541798365681355,54.1798365681355,0.053765077703381,53.765077703381,0.0530041666666666,53.0041666666666,53.0041666666666,53.0041666666666,53.0041666666666,54.1798365681355,54.1798365681355,54.1798365681355,53.765077703381,53.765077703381,53.765077703381,47.607946883202764,5.757295963792883,0.8145937211398504,6.571889684932735,47.827555149148196,6.9311020968048105,-0.9935795425720073,5.937522554232807,47.840848159939874,5.457677980001273,-0.2943594732745467,5.163318506726725
2015-05-11,BJCO,6.385,2.45,30.7,2015,5,11,131,0.0535294559372065,53.52945593720651,0.0544060931057659,54.4060931057659,0.0537291666666666,53.7291666666666,53.7291666666666,53.7291666666666,53.7291666666666,53.52945593720651,53.52945593720651,53.52945593720651,54.4060931057659,54.4060931057659,54.4060931057659,47.61757862053908,5.931971061970704,-0.0200937453032779,5.911877316667429,47.83809834086558,6.8875473421021525,-0.31955257720183283,6.56799476490032,47.852309610196976,7.056679265844194,-1.1798222093745707,5.876857056469625
2015-05-12,BJCO,6.385,2.45,30.7,2015,5,12,132,0.0546057065488526,54.6057065488526,0.0557505523013818,55.7505523013818,0.0554458333333333,55.4458333333333,55.4458333333333,55.4458333333333,55.4458333333333,54.6057065488526,54.6057065488526,54.6057065488526,55.7505523013818,55.7505523013818,55.7505523013818,47.62720921337143,6.628514470668247,0.3499828648129295,6.978497335481173,47.84863919510399,6.939584174186112,0.962328932091701,7.90191310627781,47.8637687003557,7.114639911209774,0.4674247217678271,7.582064632977598
2015-05-13,BJCO,6.385,2.45,30.7,2015,5,13,133,0.0563377885893766,56.3377885893766,0.0557187209234699,55.718720923469895,0.0571333333333333,57.1333333333333,57.1333333333333,57.1333333333333,57.1333333333333,56.3377885893766,56.3377885893766,56.3377885893766,55.718720923469895,55.718720923469895,55.718720923469895,47.63683867522499,8.481470872041498,0.21947904211010894,8.700949914151607,47.85917771622785,7.750288502350574,0.1092547048914767,7.859543207242048,47.87522541803925,9.485666045732051,-0.22755813043800543,9.258107915294048
2015-05-14,BJCO,6.385,2.45,30.7,2015,5,14,134,0.0576794659098629,57.6794659098629,0.0576968665999369,57.6968665999369,0.0595083333333333,59.5083333333333,59.5083333333333,59.5083333333333,59.5083333333333,57.6794659098629,57.6794659098629,57.6794659098629,57.6968665999369,57.6968665999369,57.6968665999369,47.646467019654246,10.118892017487749,-0.0858931272790997,10.032998890208653,47.86971390822489,9.944960407757627,-0.11780771604561835,9.827152691712008,47.88667975085645,12.18446052070537,-0.5628069382285261,11.621653582476846
2015-05-15,BJCO,6.385,2.45,30.7,2015,5,15,135,0.0571021565271341,57.1021565271341,0.0591013703281144,59.1013703281144,0.0593374999999999,59.3374999999999,59.3374999999999,59.3374999999999,59.3374999999999,57.1021565271341,57.1021565271341,57.1021565271341,57.9257272249795,59.1013703281144,59.1013703281144,47.656094260333965,10.620370252587312,-1.1743079857871805,9.446062266800134,47.88024777515699,11.143956805322523,-1.098477355500016,10.045479449822508,47.89813168670766,12.155514455456647,-0.7161461421644049,11.439368313292242
2015-05-16,BJCO,6.385,2.45,30.7,2015,5,16,136,0.054448442039486,54.448442039486,0.0581770897929979,58.1770897929979,0.0553125,55.3125,55.3125,55.3125,55.3125,54.448442039486,54.448442039486,54.448442039486,58.1770897929979,58.1770897929979,58.1770897929979,47.665720411537265,8.136755909480868,-1.3540342815321367,6.782721627948732,47.890779321695796,10.46140627924222,-0.17509580794011725,10.286310471302102,47.9095812142276,8.773960992852603,-1.371042207080201,7.4029187857724
2015-05-17,BJCO,6.385,2.45,30.7,2015,5,17,137,0.0600038867366684,60.0038867366684,0.0592145271571095,59.2145271571095,0.0589291666666666,58.9291666666666,58.9291666666666,58.9291666666666,58.9291666666666,60.0038867366684,60.0038867366684,60.0038867366684,59.2145271571095,59.2145271571095,59.2145271571095,47.67534548907066,12.153983876019222,0.1745573715785227,12.328541247597741,47.90130855374839,10.169102410222221,1.1441161931388848,11.313218603361108,47.92102832309896,10.2322686247538,0.7758697188138441,11.008138343567644
2015-05-18,BJCO,6.385,2.45,30.7,2015,5,18,138,0.0571424789252498,57.1424789252498,0.0579257272249795,57.9257272249795,0.0555916666666666,55.591666666666605,55.591666666666605,55.591666666666605,55.591666666666605,57.1424789252498,57.1424789252498,57.1424789252498,57.9257272249795,57.9257272249795,57.9257272249795,47.68496951033999,9.42651562048877,0.030993794421036114,9.457509414909808,47.91183547771166,9.127457578215772,0.8864341690520661,10.013891747267834,47.932473004157174,7.717908236855807,-0.05871457434637506,7.659193662509431
2015-05-19,BJCO,6.385,2.45,30.7,2015,5,19,139,0.0549429751289181,54.94297512891811,0.0571263538319129,57.126353831912894,0.0555291666666666,55.529166666666605,55.529166666666605,55.529166666666605,55.529166666666605,54.94297512891811,54.94297512891811,54.94297512891811,57.126353831912894,57.126353831912894,57.126353831912894,47.69459249327228,8.053614600578335,-0.8052319649325099,7.248382635645825,47.9223600993456,9.999096824148697,-0.795103091581403,9.203993732567291,47.94391524803295,8.903035022270346,-1.3177836036366912,7.5852514186336535
2015-05-20,BJCO,6.385,2.45,30.7,2015,5,20,140,0.0537575382584008,53.7575382584008,0.0558191502009601,55.8191502009601,0.0559875,55.9875,55.9875,55.9875,55.9875,53.7575382584008,53.7575382584008,53.7575382584008,55.8191502009601,55.8191502009601,55.8191502009601,47.704214456306445,7.789220858089249,-1.7358970559948972,6.053323802094354,47.93288242402492,9.373353207704852,-1.4870854307696675,7.886267776935185,47.95535504563903,9.962556654051964,-1.9304116996909997,8.032144954360966
2015-05-21,BJCO,6.385,2.45,30.7,2015,5,21,141,0.0552784768020487,55.2784768020487,0.055527684681598,55.527684681598,0.0560708333333333,56.0708333333333,56.0708333333333,56.0708333333333,56.0708333333333,55.2784768020487,55.2784768020487,55.2784768020487,55.527684681598,55.527684681598,55.527684681598,47.713835419246934,10.225910054191889,-2.6612686713901184,7.564641382801767,47.943402458207245,19.28192508398754,-11.697642860596787,7.584282223390751,47.96679238938214,17.923992257246162,-9.819951313295007,8.104040943951155
2015-05-22,BJCO,6.385,2.45,30.7,2015,5,22,142,0.0591572099988671,59.1572099988671,0.0582531239330277,58.2531239330277,0.05755,57.55,57.55,57.55,57.55,59.1572099988671,59.1572099988671,59.1572099988671,58.2531239330277,58.2531239330277,58.2531239330277,47.72345540423208,11.77854188249486,-0.3447872878598375,11.433754594635026,47.95392020998929,11.926105616569078,-1.6269018935306718,10.29920372303841,47.978227273446365,11.387905702271407,-1.8161329757177782,9.571772726553633
2015-06-09,BJCO,6.385,2.45,30.7,2015,6,9,160,0.0578291651048266,57.8291651048266,0.05911917833604,59.11917833604,0.0595541666666666,59.5541666666666,59.5541666666666,59.5541666666666,59.5541666666666,57.8291651048266,57.8291651048266,57.8291651048266,59.11917833604,59.11917833604,59.11917833604,47.86765249248306,9.221282974905849,0.7402296374376931,9.96151261234354,48.11141809892486,10.30786094989826,0.6998992872168799,11.007760237115143,48.14945220907326,10.682949050162966,0.7217654074303752,11.404714457593343
2015-06-10,BJCO,6.385,2.45,30.7,2015,6,10,161,0.0560661614864387,56.066161486438695,0.0555840065871912,55.5840065871912,0.0552708333333333,55.2708333333333,55.2708333333333,55.2708333333333,55.2708333333333,56.066161486438695,56.066161486438695,56.066161486438695,55.5840065871912,55.5840065871912,55.5840065871912,47.87725947451813,8.892327069248646,-0.7034250573280758,8.188902011920568,48.121900215335195,7.850386630267438,-0.38828025841143443,7.462106371856002,48.16084696984426,8.224728617729665,-1.1147422542406247,7.109986363489043
2015-06-11,BJCO,6.385,2.45,30.7,2015,6,11,162,0.0524522145024646,52.4522145024646,0.0527074061252395,52.7074061252395,0.05095,50.95,50.95,50.95,50.95,52.4522145024646,52.4522145024646,52.4522145024646,52.7074061252395,52.7074061252395,52.7074061252395,47.88686574167135,5.613045119660592,-1.0476963588673414,4.565348760793249,48.13238010564963,4.943367957284549,-0.36834193769468015,4.57502601958987,48.17223913297986,3.477466744989131,-0.699705877968988,2.7777608670201417
2015-06-12,BJCO,6.385,2.45,30.7,2015,6,12,163,0.0504650580017183,50.4650580017183,0.051332512716025,51.332512716025,0.0519833333333333,51.9833333333333,51.9833333333333,51.9833333333333,51.9833333333333,50.4650580017183,50.4650580017183,50.4650580017183,51.332512716025,51.332512716025,51.332512716025,47.89647130120282,3.84628969088413,-1.2777029903686525,2.5685867005154748,48.14285776596336,4.034693578353224,-0.8450386282915829,3.1896549500616374,48.18362868391221,4.913115865490762,-1.1134112160696716,3.7997046494210878
2015-06-13,BJCO,6.385,2.45,30.7,2015,6,13,164,0.0507290970028667,50.7290970028667,0.0521488581818256,52.1488581818256,0.0514708333333333,51.470833333333296,51.470833333333296,51.470833333333296,51.470833333333296,50.7290970028667,50.7290970028667,50.7290970028667,52.1488581818256,52.1488581818256,52.1488581818256,47.90607616188717,6.639306798165409,-3.816285957185876,2.823020840979531,48.15333319319546,6.672921311726221,-2.677396323096076,3.9955249886301445,48.195015609179634,6.4705940308606325,-3.19477630670697,3.2758177241536615
2015-06-14,BJCO,6.385,2.45,30.7,2015,6,14,165,0.0540931178772911,54.0931178772911,0.0561637602919196,56.1637602919196,0.0565291666666666,56.529166666666605,56.529166666666605,56.529166666666605,56.529166666666605,54.0931178772911,54.0931178772911,54.0931178772911,56.1637602919196,56.1637602919196,56.1637602919196,47.915680334579434,6.7408460176936025,-0.5634084749819408,6.177437542711665,48.16380638575279,8.22193224358615,-0.22197833741934403,7.999953906166809,48.20639989690772,7.841422543502916,0.4813442262559704,8.322766769758886
2015-06-15,BJCO,6.385,2.45,30.7,2015,6,15,166,0.0547353833697581,54.7353833697581,0.0535884516611643,53.5884516611643,0.053375,53.375,53.375,53.375,53.375,54.7353833697581,54.7353833697581,54.7353833697581,53.5884516611643,53.5884516611643,53.5884516611643,47.92528383307309,6.987270413466882,-0.17717087678187227,6.810099536685009,48.17427734437135,6.415589357469202,-1.0014150406762496,5.414174316792952,48.21778153728003,5.327693601024841,-0.17047513830487304,5.1572184627199675
2015-06-16,BJCO,6.385,2.45,30.7,2015,6,16,167,0.0561426774133751,56.1426774133751,0.0545025521344972,54.5025521344972,0.0541375,54.1375,54.1375,54.1375,54.1375,56.1426774133751,56.1426774133751,56.1426774133751,54.5025521344972,54.5025521344972,54.5025521344972,47.93488667263025,9.05720710337827,-0.8494163626334199,8.207790740744848,48.1847460709885,7.459995233571312,-1.1421891700626148,6.317806063508698,48.22916052076404,7.187320443006172,-1.2789809637702092,5.908339479235963
2015-06-17,BJCO,6.385,2.45,30.7,2015,6,17,168,0.0537653183024365,53.7653183024365,0.0525147117017465,52.5147117017465,0.0516583333333333,51.658333333333296,51.658333333333296,51.658333333333296,51.658333333333296,53.7653183024365,53.7653183024365,53.7653183024365,52.5147117017465,52.5147117017465,52.5147117017465,47.9444888693973,5.1314054211959315,0.689424011843272,5.820829433039201,48.19521256899908,4.735060819254426,-0.41556168650701153,4.319499132747417,48.2405368383181,5.308627660171588,-1.890831165156392,3.417796495015196
2015-06-18,BJCO,6.385,2.45,30.7,2015,6,18,169,0.0535551121965851,53.5551121965851,0.0542621951655153,54.2621951655153,0.0547,54.7,54.7,54.7,54.7,53.5551121965851,53.5551121965851,53.5551121965851,54.2621951655153,54.2621951655153,54.2621951655153,47.95409044057242,6.038272179083521,-0.43725042307084294,5.601021756012678,48.2056768434054,5.579901354949735,0.47661696716016877,6.056518322109902,48.25191048249078,6.153840054528383,0.29424946298084365,6.448089517509224
2015-06-19,BJCO,6.385,2.45,30.7,2015,6,19,170,0.0547375883916064,54.7375883916064,0.0535013702128036,53.5013702128036,0.052575,52.575,52.575,52.575,52.575,54.7375883916064,54.7375883916064,54.7375883916064,53.5013702128036,53.5013702128036,53.5013702128036,47.963691403560794,6.837103403672044,-0.06320641562643914,6.773896988045607,48.21613890013997,5.855108709392296,-0.5698773967286641,5.285231312663633,48.2632814476465,6.243157992515475,-1.9314394401619737,4.311718552353504
2015-06-20,BJCO,6.385,2.45,30.7,2015,6,20,171,0.0575985806782196,57.598580678219605,0.058563836357028,58.563836357028,0.0596625,59.6625,59.6625,59.6625,59.6625,57.598580678219605,57.598580678219605,57.598580678219605,58.563836357028,58.563836357028,58.563836357028,47.973291776501384,8.375587970970269,1.2497009307479487,9.625288901718221,48.22659874543638,8.72093834497903,1.616299266612593,10.337237611591625,48.274649728883915,9.767780316042488,1.6200699550735962,11.387850271116086
2015-06-21,BJCO,6.385,2.45,30.7,2015,6,21,172,0.0564154138387584,56.4154138387584,0.058259194610434,58.259194610434,0.0574625,57.4625,57.4625,57.4625,57.4625,56.4154138387584,56.4154138387584,56.4154138387584,58.259194610434,58.259194610434,58.259194610434,47.98289157795291,6.422009037516548,2.010513223288939,8.432522260805484,48.23705638608119,7.889448721594012,2.1326895027587938,10.022138224352808,48.28601532263819,7.673482412865757,1.5030022644960468,9.176484677361806
2015-06-22,BJCO,6.385,2.45,30.7,2015,6,22,173,0.0568712167778146,56.8712167778146,0.0583563366988909,58.3563366988909,0.0579541666666666,57.9541666666666,57.9541666666666,57.9541666666666,57.9541666666666,56.8712167778146,56.8712167778146,56.8712167778146,58.3563366988909,58.3563366988909,58.3563366988909,47.992490825661974,8.172860129852365,0.705865822300261,8.878725952152628,48.24751182786866,8.790089402796688,1.3187354682255545,10.108824871022243,48.29737822450293,8.740858645264016,0.915929796899654,9.656788442163673
2015-06-23,BJCO,6.385,2.45,30.7,2015,6,23,174,0.0529582079113886,52.9582079113886,0.0553833237154326,55.3833237154326,0.0541166666666666,54.1166666666666,54.1166666666666,54.1166666666666,54.1166666666666,52.9582079113886,52.9582079113886,52.9582079113886,55.3833237154326,55.3833237154326,55.3833237154326,48.00208953600402,4.619373813926317,0.3367445614582607,4.956118375384577,48.25796507496874,6.994131536874035,0.13122710358982914,7.125358640463865,48.30873842872669,5.982682270628347,-0.17475403268843337,5.807928237939912
2015-06-24,BJCO,6.385,2.45,30.7,2015,6,24,175,0.051829068537564,51.829068537564,0.0510402412192812,51.0402412192812,0.0523,52.3,52.3,52.3,52.3,51.829068537564,51.829068537564,51.829068537564,51.0402412192812,51.0402412192812,51.0402412192812,48.01168772483362,2.9411152735501194,0.8762655391802596,3.817380812730377,48.26841613056899,3.3877020185876168,-0.6158769298754052,2.7718250887122124,48.32009592884649,4.240289927870973,-0.2603858567174697,3.9799040711535056
2015-06-25,BJCO,6.385,2.45,30.7,2015,6,25,176,0.0553619391421056,55.3619391421056,0.0545007450894582,54.5007450894582,0.0555291666666666,55.529166666666605,55.529166666666605,55.529166666666605,55.529166666666605,55.3619391421056,55.3619391421056,55.3619391421056,54.5007450894582,54.5007450894582,54.5007450894582,48.0212854079015,5.719229345759485,1.6214243884446091,7.340653734204096,48.2788649980642,5.981890928286586,0.2399891631074098,6.221880091393999,48.33145071868787,6.744522146789154,0.45319380118958463,7.197715947978736
2015-06-26,BJCO,6.385,2.45,30.7,2015,6,26,177,0.05695632057634,56.95632057634,0.0572694489797288,57.2694489797288,0.0564874999999999,56.4874999999999,56.4874999999999,56.4874999999999,56.4874999999999,56.95632057634,56.95632057634,56.95632057634,57.2694489797288,57.2694489797288,57.2694489797288,48.03088260035547,6.584877483370889,2.3405604926136405,8.92543797598453,48.28931168173202,7.677228888981402,1.302908409015373,8.980137297996777,48.34280279251902,7.22756096532801,0.9171362421528713,8.144697207480881
2015-06-27,BJCO,6.385,2.45,30.7,2015,6,27,178,0.0592768291858032,59.2768291858032,0.0588218664429507,58.8218664429507,0.0592583333333333,59.2583333333333,59.2583333333333,59.2583333333333,59.2583333333333,59.2768291858032,59.2768291858032,59.2768291858032,58.8218664429507,58.8218664429507,58.8218664429507,48.040479315957114,9.418121706058432,1.8182281637876514,11.236349869846087,48.299756186000124,9.076210641872649,1.445899615077927,10.522110256950576,48.35415214439134,8.91173188593835,1.9924493030036032,10.904181188941955
2015-06-28,BJCO,6.385,2.45,30.7,2015,6,28,179,0.0607523214413655,60.752321441365496,0.0618099823221979,61.8099823221979,0.0621458333333333,62.1458333333333,62.1458333333333,62.1458333333333,62.1458333333333,60.752321441365496,60.752321441365496,60.752321441365496,61.8099823221979,61.8099823221979,61.8099823221979,48.0500755665403,11.392310184447345,1.3099356903778485,12.702245874825195,48.31019851441381,11.70701942976842,1.7927643780156615,13.499783807784084,48.36549876743716,12.188462742231248,1.5918718236648886,13.78033456589614
2015-06-29,BJCO,6.385,2.45,30.7,2015,6,29,180,0.0566776690151677,56.6776690151677,0.0566697216519149,56.669721651914905,0.0570125,57.0125,57.0125,57.0125,57.0125,56.6776690151677,56.6776690151677,56.6776690151677,56.669721651914905,56.669721651914905,56.669721651914905,48.05967136226301,8.002362974437203,0.6156346784674867,8.617997652904691,48.32063866924777,6.792573958854537,1.5565090238125947,8.349082982667134,48.37684265310405,8.330712738547394,0.3049446083485634,8.635657346895954
2015-06-30,BJCO,6.385,2.45,30.7,2015,6,30,181,0.0544462252264595,54.4462252264595,0.0539391719009807,53.9391719009807,0.0553124999999999,55.3124999999999,55.3124999999999,55.3124999999999,55.3124999999999,54.4462252264595,54.4462252264595,54.4462252264595,53.9391719009807,53.9391719009807,53.9391719009807,48.069266712138564,5.134466124949194,1.2424923893717406,6.376958514320933,48.33107665125414,5.553329126030652,0.05476612369590583,5.60809524972656,48.388183791412345,6.146701069818612,0.7776151387689438,6.924316208587555
2015-07-01,BJCO,6.385,2.45,30.7,2015,7,1,182,0.0512819750430708,51.2819750430708,0.0522370376925188,52.2370376925188,0.0515291666666666,51.5291666666666,51.5291666666666,51.5291666666666,51.5291666666666,51.2819750430708,51.2819750430708,51.2819750430708,52.2370376925188,52.2370376925188,52.2370376925188,48.0788616245195,3.219800931629615,-0.016687513078309735,3.203113418551304,48.3415124600205,3.842142780930486,0.0533824515678063,3.8955252324982936,48.399522171866764,3.808175446984852,-0.6785309521850209,3.129644494799834
2015-07-02,BJCO,6.385,2.45,30.7,2015,7,2,183,0.0555177969056469,55.5177969056469,0.0565816185415088,56.5816185415088,0.0577916666666666,57.7916666666666,57.7916666666666,57.7916666666666,57.7916666666666,55.5177969056469,55.5177969056469,55.5177969056469,56.5816185415088,56.5816185415088,56.5816185415088,48.088456106978256,6.3571114802653925,1.0722293184032452,7.42934079866864,48.351946095164,6.762687242800522,1.4669852035442759,8.2296724463448,48.410857783604776,8.022411442288304,1.3583974407735226,9.380808883061825
2015-07-03,BJCO,6.385,2.45,30.7,2015,7,3,184,0.0600583600773234,60.0583600773234,0.0615089352186347,61.508935218634704,0.0631833333333333,63.1833333333333,63.1833333333333,63.1833333333333,63.1833333333333,60.0583600773234,60.0583600773234,60.0583600773234,61.508935218634704,61.508935218634704,61.508935218634704,48.09805016696561,9.837109665084094,2.1232002452736936,11.960309910357786,48.36237755634944,10.158702899030096,2.9878547632551644,13.146557662285261,48.42219061610128,13.504066093539281,1.2570766236927398,14.761142717232019
2015-07-04,BJCO,6.385,2.45,30.7,2015,7,4,185,0.0584589232945538,58.4589232945538,0.0592023337731054,59.2023337731054,0.0596166666666666,59.6166666666666,59.6166666666666,59.6166666666666,59.6166666666666,58.4589232945538,58.4589232945538,58.4589232945538,59.2023337731054,59.2023337731054,59.2023337731054,48.10764381098441,8.300711961568801,2.050567522000584,10.351279483569385,48.37280684196336,8.52678300021288,2.302743930929161,10.829526931142041,48.43352065783614,9.06247952876124,2.120666480069218,11.183146008830462
2015-07-05,BJCO,6.385,2.45,30.7,2015,7,5,186,0.0563735020677346,56.3735020677346,0.0553493914136511,55.3493914136511,0.0561583333333333,56.1583333333333,56.1583333333333,56.1583333333333,56.1583333333333,56.3735020677346,56.3735020677346,56.3735020677346,55.3493914136511,55.3493914136511,55.3493914136511,48.11723704361082,6.775027980534156,1.4812370435896227,8.256265024123778,48.383233948054716,5.29742237381698,1.6687350917794035,6.966157465596382,48.44484789578696,6.263943479794764,1.4495419577515847,7.713485437546346
2015-07-06,BJCO,6.385,2.45,30.7,2015,7,6,187,0.0527802381450755,52.7802381450755,0.0548320022904199,54.8320022904199,0.0533625,53.3625,53.3625,53.3625,53.3625,52.7802381450755,52.7802381450755,52.7802381450755,54.8320022904199,54.8320022904199,54.8320022904199,48.12682986739826,4.677952725208471,-0.024544447531226865,4.653408277677244,48.393658868457365,5.559242247995479,0.879101173967058,6.438343421962536,48.45617231497468,5.480115908932977,-0.5737882239076626,4.9063276850253175
2015-07-07,BJCO,6.385,2.45,30.7,2015,7,7,188,0.051951968089641,51.951968089641,0.0521669316358672,52.1669316358672,0.0524833333333333,52.4833333333333,52.4833333333333,52.4833333333333,52.4833333333333,51.951968089641,51.951968089641,51.951968089641,52.1669316358672,52.1669316358672,52.1669316358672,48.13642228353267,4.927597885779203,-1.1120520796708746,3.8155458061083323,48.40408159534233,5.323923574204939,-1.561073533680073,3.7628500405248673,48.46749389909714,5.078167611090791,-1.0623281768546349,4.015839434236156
2015-07-08,BJCO,6.385,2.45,30.7,2015,7,8,189,0.0541988532082181,54.1988532082181,0.0532844839552901,53.2844839552901,0.0536208333333333,53.6208333333333,53.6208333333333,53.6208333333333,53.6208333333333,54.1988532082181,54.1988532082181,54.1988532082181,53.2844839552901,53.2844839552901,53.2844839552901,48.146014293350376,5.183875077318664,0.8689638375490603,6.052838914867721,48.41450212036293,5.072890936800705,-0.20290910187353717,4.869981834927167,48.47881263236237,4.927189911733497,0.21483078923743193,5.142020700970932
2015-07-09,BJCO,6.385,2.45,30.7,2015,7,9,190,0.0532866655401078,53.286665540107805,0.0537898305398905,53.789830539890495,0.0520124999999999,52.012499999999896,52.012499999999896,52.012499999999896,52.012499999999896,53.286665540107805,53.286665540107805,53.286665540107805,53.789830539890495,53.789830539890495,53.789830539890495,48.15560589914425,5.72595151792528,-0.5948918769617251,5.1310596409635565,48.42492043652362,5.590222859850694,-0.22531275648381666,5.364910103366874,48.49012850005158,4.551516357485176,-1.0291448575368634,3.5223714999483136
2015-07-10,BJCO,6.385,2.45,30.7,2015,7,10,191,0.0543111409677904,54.3111409677904,0.0568914559368873,56.8914559368873,0.0575291666666666,57.5291666666666,57.5291666666666,57.5291666666666,57.5291666666666,54.3111409677904,54.3111409677904,54.3111409677904,56.8914559368873,56.8914559368873,56.8914559368873,48.16519710306131,6.25185757844891,-0.10591371371982206,6.145943864729091,48.435336537632914,8.235525396568304,0.22059400268607732,8.456119399254383,48.501441487826476,9.460160347648982,-0.43243516880885835,9.027725178840122
2015-07-11,BJCO,6.385,2.45,30.7,2015,7,11,192,0.0521348712536913,52.1348712536913,0.0554808530728361,55.480853072836105,0.0534666666666666,53.4666666666666,53.4666666666666,53.4666666666666,53.4666666666666,52.1348712536913,52.1348712536913,52.1348712536913,55.480853072836105,55.480853072836105,55.480853072836105,48.17478790782226,4.0714431717481965,-0.1113598258791555,3.9600833458690445,48.44575041797541,7.163940927339861,-0.12883827247916457,7.035102654860694,48.51275158240768,5.727601806856888,-0.7736867225979722,4.953915084258917
2015-07-12,BJCO,6.385,2.45,30.7,2015,7,12,193,0.0532878400720093,53.287840072009296,0.0537129926496428,53.7129926496428,0.0530083333333333,53.0083333333333,53.0083333333333,53.0083333333333,53.0083333333333,53.287840072009296,53.287840072009296,53.287840072009296,53.7129926496428,53.7129926496428,53.7129926496428,48.184378316634756,2.4139742944894627,2.6894874608850756,5.103461755374539,48.45616207201811,4.296179792151041,0.9606507854736464,5.25683057762469,48.524058771446306,3.3258024794461574,1.1584720824408308,4.484274561886991
2015-07-13,BJCO,6.385,2.45,30.7,2015,7,13,194,0.0522660393368598,52.2660393368598,0.0527008375612508,52.7008375612508,0.0509583333333333,50.9583333333333,50.9583333333333,50.9583333333333,50.9583333333333,52.2660393368598,52.2660393368598,52.2660393368598,52.7008375612508,52.7008375612508,52.7008375612508,48.19396833258152,-2.4670242712284587,6.539095275506739,4.072071004278278,48.46657149439119,3.392617838228903,0.8416482286307101,4.234266066859611,48.53536304330436,-7.105874819233825,9.528845109262768,2.4229702900289425
2015-07-14,BJCO,6.385,2.45,30.7,2015,7,14,195,0.0548432629331266,54.8432629331266,0.0526531395963779,52.6531395963779,0.0535916666666666,53.5916666666666,53.5916666666666,53.5916666666666,53.5916666666666,54.8432629331266,54.8432629331266,54.8432629331266,52.6531395963779,52.6531395963779,52.6531395963779,48.203557956445195,4.786058632754994,1.853646343926414,6.639704976681408,48.47697867905813,2.4047416226524443,1.771419294667325,4.17616091731977,48.54666438572908,4.710233619409146,0.33476866152837204,5.045002280937517
2015-07-15,BJCO,6.385,2.45,30.7,2015,7,15,196,0.0569700871312185,56.9700871312185,0.054989549803251,54.989549803251,0.0555083333333333,55.5083333333333,53.0083333333333,55.5083333333333,55.5083333333333,56.9700871312185,56.9700871312185,56.9700871312185,54.989549803251,54.989549803251,54.989549803251,48.2131471860475,5.651057508281946,3.105882436889054,8.756939945170998,48.48738361898029,5.294664860087054,1.20750132418366,6.502166184270713,48.557962786335,4.410693874380653,0.03967667261764518,4.4503705469983
2015-07-16,BJCO,6.385,2.45,30.7,2015,7,16,197,0.0553834097898563,55.3834097898563,0.055812146244919,55.812146244919,0.053925,53.925,52.0791666666666,53.925,53.925,55.3834097898563,55.3834097898563,55.3834097898563,55.812146244919,55.812146244919,55.812146244919,48.222736016688366,5.077654733144809,2.0830190400231245,7.160673773167936,48.497786305500014,5.440742570148588,1.8736173692703986,7.314359939418985,48.56925823261605,3.4878726705212486,0.0220357635293027,3.5099084340505513
2015-07-17,BJCO,6.385,2.45,30.7,2015,7,17,198,0.0520696485027948,52.0696485027948,0.0515398896200437,51.5398896200437,0.0520791666666666,52.0791666666666,52.0791666666666,52.0791666666666,52.0791666666666,52.0696485027948,52.0696485027948,52.0696485027948,51.5398896200437,51.5398896200437,51.5398896200437,48.23232444070069,3.7022941301931636,0.13502993190094514,3.837324062094112,48.508186728410074,3.0751869691771168,-0.04348407754348926,3.0317028916336284,48.58055071213428,3.4049527885552853,0.09366316597703417,3.498615954532319
2015-07-18,BJCO,6.385,2.45,30.7,2015,7,18,199,0.0509307308739869,50.930730873986896,0.0514777804428557,51.477780442855696,0.0516416666666666,51.6416666666666,51.6416666666666,51.6416666666666,51.6416666666666,50.930730873986896,50.930730873986896,50.930730873986896,51.477780442855696,51.477780442855696,51.477780442855696,48.24191244812347,3.127455530754208,-0.43863710489078755,2.688818425863424,48.51858487591375,3.3534331242178266,-0.3942375572758863,2.9591955669419434,48.59184021259045,3.183544344843142,-0.13371789076698803,3.049826454076154
2015-07-19,BJCO,6.385,2.45,30.7,2015,7,19,200,0.0504487183412961,50.4487183412961,0.0509702410378986,50.9702410378986,0.0506125,50.6125,50.6125,50.6125,50.6125,50.4487183412961,50.4487183412961,50.4487183412961,50.9702410378986,50.9702410378986,50.9702410378986,48.251500028479256,2.354277330112478,-0.1570590172956372,2.197218312816844,48.52898073611016,2.4994341804171247,-0.058173878628679176,2.4412603017884464,48.603126721817574,2.2375535624447305,-0.22818028426230796,2.009373278182423
2015-07-20,BJCO,6.385,2.45,30.7,2015,7,20,201,0.0463471720599672,46.3471720599672,0.0509855040235525,50.9855040235525,0.0486291666666666,48.6291666666666,48.6291666666666,48.6291666666666,48.6291666666666,46.3471720599672,46.3471720599672,46.3471720599672,50.9855040235525,50.9855040235525,50.9855040235525,48.26108717160845,-0.94555297426678,-0.96836213737447,-1.913915111641252,48.53937429762997,1.8869302734782063,0.5591994524443251,2.446129725922532,48.61441022799797,1.2442612375114737,-1.2295047988428465,0.01475643866862697
2015-07-21,BJCO,6.385,2.45,30.7,2015,7,21,202,0.0425498934182591,42.5498934182591,0.0475800518235293,47.580051823529296,0.0481125,48.1125,48.1125,48.1125,48.1125,42.5498934182591,42.5498934182591,42.5498934182591,47.580051823529296,47.580051823529296,47.580051823529296,48.270673867736846,-3.2236884166689634,-2.49709203280878,-5.7207804494777434,48.54976554928902,1.0930016581575017,-2.0627153839172294,-0.9697137257597248,48.625690720029674,1.5542220137444376,-2.0674127337741126,-0.5131907200296766
2015-07-22,BJCO,6.385,2.45,30.7,2015,7,22,203,0.0409243034012298,40.9243034012298,0.045706670276544,45.706670276544,0.044125,44.125,48.1125,44.125,44.125,40.9243034012298,40.9243034012298,40.9243034012298,45.706670276544,45.706670276544,45.706670276544,48.28026010841047,-7.997199070607898,0.6412423634272315,-7.355956707180667,48.56015448000806,1.1405515440364618,-3.9940357475005186,-2.853484203464056,48.63696818858174,1.9182988121607898,-2.442767000742535,-0.5244681885817428
2015-07-23,BJCO,6.385,2.45,30.7,2015,7,23,204,0.043238792868967,43.238792868967,0.0461254108243124,46.1254108243124,0.0459458333333333,45.9458333333333,45.9458333333333,45.9458333333333,45.9458333333333,43.238792868967,43.238792868967,43.238792868967,46.1254108243124,46.1254108243124,46.1254108243124,48.289845887163004,-4.256663541205097,-0.7943894769909008,-5.051053018196001,48.57054108106126,4.143796347576239,-6.588926604325103,-2.445130256748861,48.6482426269846,-3.262670459371737,0.5602611657204335,-2.7024092936513
2015-07-24,BJCO,6.385,2.45,30.7,2015,7,24,205,0.0486322148335698,48.632214833569805,0.0526644564210445,52.664456421044505,0.0510333333333333,51.033333333333296,51.033333333333296,51.033333333333296,51.033333333333296,48.632214833569805,48.632214833569805,48.632214833569805,52.664456421044505,52.664456421044505,52.664456421044505,48.299431197642114,3.596175468203005,-3.2633918322753175,0.3327836359276901,48.58092534740076,7.817880638779123,-3.734349565135375,4.083531073643748,48.65951403105378,4.030524927651353,-1.6567056253718349,2.3738193022795144
2015-07-25,BJCO,6.385,2.45,30.7,2015,7,25,206,0.0480062829595264,48.0062829595264,0.0477920665297987,47.792066529798696,0.0480541666666666,48.0541666666666,48.0541666666666,48.0541666666666,48.0541666666666,48.0062829595264,48.0062829595264,48.0062829595264,47.792066529798696,47.792066529798696,47.792066529798696,48.3090160347037,-0.34326411653952454,0.04053104136222174,-0.30273307517730075,48.59130727791232,0.318494533013013,-1.1177352811266417,-0.7992407481136254,48.67078239730211,-0.31260928574555036,-0.3040064448899571,-0.6166157306355089
2015-07-26,BJCO,6.385,2.45,30.7,2015,7,26,207,0.0464271110950304,46.4271110950304,0.0459098881182251,45.9098881182251,0.0469708333333333,46.9708333333333,46.9708333333333,46.9708333333333,46.9708333333333,46.4271110950304,46.4271110950304,46.4271110950304,45.9098881182251,45.9098881182251,45.9098881182251,48.31860039583833,-1.02260119839596,-0.8688881024119723,-1.8914893008079332,48.60168687521181,0.27240941605552615,-2.9642081730422376,-2.6917987569867137,48.6820477239842,0.6173090290693577,-2.3285234197202556,-1.7112143906508948
2015-07-27,BJCO,6.385,2.45,30.7,2015,7,27,208,0.0480892136510584,48.0892136510584,0.0486013503327753,48.6013503327753,0.0487083333333333,48.7083333333333,48.7083333333333,48.7083333333333,48.7083333333333,48.0892136510584,48.0892136510584,48.0892136510584,48.6013503327753,48.6013503327753,48.6013503327753,48.32818427944292,3.0456115982274867,-3.2845822266120095,-0.23897062838452143,48.61206414465369,4.544489983472405,-4.555203795350792,-0.010713811878389379,48.69331001091776,3.9440799695647186,-3.9290566471491815,0.015023322415537166
2015-07-28,BJCO,6.385,2.45,30.7,2015,7,28,209,0.0478389234066543,47.8389234066543,0.0497865490561565,49.7865490561565,0.0479083333333333,47.9083333333333,47.9083333333333,47.9083333333333,47.9083333333333,47.8389234066543,47.8389234066543,47.8389234066543,49.7865490561565,49.7865490561565,49.7865490561565,48.33776768548386,2.2395370975072164,-2.7383813763367755,-0.4988442788295586,48.62243909532955,2.3347242022860484,-1.1706142414590914,1.1641099608269556,48.704569260908315,0.4065259202427078,-1.2027618478177189,-0.7962359275750117
2015-07-29,BJCO,6.385,2.45,30.7,2015,7,29,210,0.0468040991017964,46.8040991017964,0.0471300843981557,47.130084398155695,0.0482416666666666,48.2416666666666,48.2416666666666,48.2416666666666,48.2416666666666,46.8040991017964,46.8040991017964,46.8040991017964,47.130084398155695,47.130084398155695,47.130084398155695,48.34735061733589,-0.6870443413346231,-0.8562071742048616,-1.5432515155394881,48.6328117403752,-0.7978689696659498,-0.7048583725535593,-1.502727342219508,48.71582548033417,-0.6506944677197949,0.17653565405223048,-0.4741588136675645
2015-07-30,BJCO,6.385,2.45,30.7,2015,7,30,211,0.0506849310321357,50.6849310321357,0.0539699381634071,53.9699381634071,0.0535666666666666,53.566666666666606,50.6166666666666,53.566666666666606,53.566666666666606,50.6849310321357,50.6849310321357,50.6849310321357,53.9699381634071,53.9699381634071,53.9699381634071,48.35693308170559,1.6000283543628837,0.7279695960672257,2.3279979504301096,48.64318209565468,4.165852324789873,1.160903742962546,5.32675606775242,48.72707867790184,1.7522775000482378,0.13731048871652973,1.8895879887647666
2015-08-01,BJCO,6.385,2.45,30.7,2015,8,1,213,0.0477613824365032,47.7613824365032,0.0496584703073851,49.6584703073851,0.0506166666666666,50.6166666666666,50.6166666666666,50.6166666666666,50.6166666666666,47.7613824365032,47.7613824365032,47.7613824365032,49.6584703073851,49.6584703073851,49.6584703073851,48.376096641348404,0.2232124339401993,-0.8379266387854045,-0.6147142048452068,48.66391600703764,1.9138422738544423,-0.9192879735069823,0.9945543003474597,48.74957604659836,2.597001609104668,-0.7299109890364193,1.8670906200682467
2015-08-02,BJCO,6.385,2.45,30.7,2015,8,2,214,0.0478118106970707,47.81181069707071,0.0510877814340431,51.0877814340431,0.0508708333333333,50.8708333333333,50.8708333333333,50.8708333333333,50.8708333333333,47.81181069707071,47.81181069707071,47.81181069707071,51.0877814340431,51.0877814340431,51.0877814340431,48.38567775466189,0.25610938140452244,-0.8299764389957005,-0.5738670575911797,48.674279600027866,2.5045963926727475,-0.0910945586575096,2.4135018340152357,48.76082024098592,1.8795826513622478,0.2304304409851312,2.11001309234738
2015-08-03,BJCO,6.385,2.45,30.7,2015,8,3,215,0.0484909091735752,48.4909091735752,0.052869127544563,52.869127544563,0.0522666666666666,52.2666666666666,52.2666666666666,52.2666666666666,52.2666666666666,48.4909091735752,48.4909091735752,48.4909091735752,52.869127544563,52.869127544563,52.869127544563,48.395258438109515,0.28953131849503844,-0.19388058302935463,0.09565073546568215,48.68464097889796,3.7784133171252288,0.40607324853981197,4.18448656566504,48.77206146096016,3.411901114929481,0.08270409077696428,3.494605205706442
2015-08-04,BJCO,6.385,2.45,30.7,2015,8,4,216,0.0495737492775324,49.5737492775324,0.0526109018358429,52.6109018358429,0.0529541666666666,52.9541666666666,52.9541666666666,52.9541666666666,52.9541666666666,49.5737492775324,49.5737492775324,49.5737492775324,52.6109018358429,52.6109018358429,52.6109018358429,48.40483870455958,-0.742029275416952,1.9109398483897735,1.1689105729728198,48.69500016624449,2.801320737025079,1.1145809325733325,3.915901669598412,48.78329972202399,3.4353385277677755,0.7355284168748355,4.170866944642611
2015-08-05,BJCO,6.385,2.45,30.7,2015,8,5,217,0.0510369769480214,51.036976948021405,0.0532049369386136,53.2049369386136,0.0540083333333333,54.0083333333333,54.0083333333333,54.0083333333333,54.0083333333333,51.036976948021405,51.036976948021405,51.036976948021405,53.2049369386136,53.2049369386136,53.2049369386136,48.414418567433685,-4.950974187842535,7.573532568430252,2.6225583805877193,48.70535718516099,2.559018936373645,1.9405608170789606,4.499579753452608,48.79453504031826,2.038800225199613,3.174998067815423,5.213798293015039
2015-08-06,BJCO,6.385,2.45,30.7,2015,8,6,218,0.0515948762610195,51.5948762610195,0.0551134866972227,55.1134866972227,0.0534958333333333,53.495833333333294,53.495833333333294,53.495833333333294,53.495833333333294,51.5948762610195,51.5948762610195,51.5948762610195,53.0959791700652,55.1134866972227,55.1134866972227,48.4239980385511,1.0531725251391122,2.117705697329292,3.170878222468403,48.715712058282065,3.7372237912894106,0.6430433204937245,4.380267111783134,48.805767431724966,4.020603732220062,0.6694621693882681,4.690065901608328
2015-08-07,BJCO,6.385,2.45,30.7,2015,8,7,219,0.0513685318784023,51.36853187840229,0.0530959791700652,53.0959791700652,0.0516875,51.6875,51.6875,51.6875,51.6875,51.36853187840229,51.36853187840229,51.36853187840229,53.0959791700652,53.0959791700652,53.0959791700652,48.433577127331176,1.5341057275863021,1.4008490234848097,2.9349547510711105,48.726064807188266,4.327421349006586,0.04249301387034876,4.3699143628769335,48.816996910784745,3.53368357480534,-0.6631804855900825,2.870503089215255
2015-08-08,BJCO,6.385,2.45,30.7,2015,8,8,220,0.0499682823648383,49.9682823648383,0.0516956197942858,51.69561979428581,0.0491833333333333,49.1833333333333,49.1833333333333,49.1833333333333,49.1833333333333,49.9682823648383,49.9682823648383,49.9682823648383,51.69561979428581,51.69561979428581,51.69561979428581,48.44315584089882,-2.0330848979636666,3.5582114219031524,1.525126523939484,48.736415453473455,0.5633368078091918,2.3958675330031625,2.959204340812356,48.82822349196222,-2.0266107321974616,2.3817205735685434,0.3551098413710818
2015-08-09,BJCO,6.385,2.45,30.7,2015,8,9,221,0.05119625134096,51.19625134096,0.0542218183482294,54.221818348229405,0.0529,52.900000000000006,52.900000000000006,52.900000000000006,52.900000000000006,51.19625134096,51.19625134096,51.19625134096,54.221818348229405,54.221818348229405,54.221818348229405,48.45273418427726,-1.284205868526819,4.027723025209561,2.743517156682742,48.74676401911342,4.159724726427895,1.315329602688088,5.475054329115984,48.83944719064533,2.857367453318264,1.203185356036414,4.060552809354675
2015-08-10,BJCO,6.385,2.45,30.7,2015,8,10,222,0.0523511004877383,52.3511004877383,0.0545689252006195,54.568925200619496,0.0538916666666666,53.8916666666666,53.8916666666666,53.8916666666666,53.8916666666666,52.3511004877383,52.3511004877383,52.3511004877383,54.568925200619496,54.568925200619496,54.568925200619496,48.46231215906837,1.403866740252845,2.4849215884170874,3.888788328669932,48.75711052475593,2.6573959064050308,3.1544187694585375,5.811814675863566,48.850668021019644,3.0421991559666988,1.998799489680259,5.040998645646958
2015-08-11,BJCO,6.385,2.45,30.7,2015,8,11,223,0.0507608716233015,50.7608716233015,0.0508317917126112,50.8317917126112,0.0511166666666666,51.1166666666666,51.1166666666666,51.1166666666666,51.1166666666666,50.7608716233015,50.7608716233015,50.7608716233015,50.8317917126112,50.8317917126112,50.8317917126112,48.47188976303357,0.5118681201206733,1.77711374014725,2.288981860267924,48.76745498967141,0.2682928255700793,1.7960438973697137,2.0643367229397924,48.86188599602255,1.814844064562289,0.43993660608176555,2.2547806706440525
2015-08-12,BJCO,6.385,2.45,30.7,2015,8,12,224,0.0576357639074929,57.6357639074929,0.0568257737375182,56.825773737518205,0.0565291666666666,56.529166666666605,56.529166666666605,56.529166666666605,56.529166666666605,57.6357639074929,57.6357639074929,57.6357639074929,56.825773737518205,56.825773737518205,56.825773737518205,48.481466990681255,7.770134344670995,1.384162572140653,9.154296916811646,48.77779743088737,5.22713623008227,2.8208400765485635,8.047976306630837,48.87310112722557,5.407164994170502,2.248900545270537,7.6560655394410375
2015-08-13,BJCO,6.385,2.45,30.7,2015,8,13,225,0.0556496114892454,55.6496114892454,0.0577949082741443,57.7949082741443,0.0574083333333333,57.408333333333296,57.408333333333296,57.408333333333296,57.408333333333296,55.6496114892454,55.6496114892454,55.6496114892454,57.7949082741443,57.7949082741443,57.7949082741443,48.49104383391918,5.475831286402495,1.6827363689237274,7.158567655326223,48.78813786343007,7.173244065878038,1.8335263448361871,9.006770410714225,48.884313425601206,7.268639918447107,1.2553799892849824,8.52401990773209
2015-08-14,BJCO,6.385,2.45,30.7,2015,8,14,226,0.0520668542791091,52.0668542791091,0.0550118718804195,55.0118718804195,0.0549291666666666,54.9291666666666,54.9291666666666,54.9291666666666,54.9291666666666,52.0668542791091,52.0668542791091,52.0668542791091,55.0118718804195,55.0118718804195,55.0118718804195,48.500620282373774,2.7997096513986306,0.7665243453366983,3.5662339967353276,48.798476299930506,4.188181114549231,2.0252144659397615,6.213395580488992,48.89552290047377,4.125777670734039,1.9078660954587932,6.0336437661928315
2015-08-15,BJCO,6.385,2.45,30.7,2015,8,15,227,0.0495181891518312,49.5181891518312,0.0504119098104748,50.4119098104748,0.0507958333333333,50.7958333333333,50.7958333333333,50.7958333333333,50.7958333333333,49.5181891518312,49.5181891518312,49.5181891518312,50.4119098104748,50.4119098104748,50.4119098104748,48.51019632333838,2.753920575445155,-1.7459277469523329,1.0079928284928243,48.808812750967,3.0934016073053523,-1.4903045477975496,1.6030970595078031,48.90672955967333,2.770465428839095,-0.881361655179127,1.8891037736599685
2015-08-16,BJCO,6.385,2.45,30.7,2015,8,16,228,0.0504543059906871,50.4543059906871,0.0491260504343611,49.1260504343611,0.0494583333333333,49.4583333333333,56.733333333333306,49.4583333333333,49.4583333333333,50.4543059906871,50.4543059906871,50.4543059906871,55.0118718804195,49.1260504343611,49.1260504343611,48.519771943134465,3.7385908068226117,-1.804056759269983,1.9345340475526314,48.819147225856014,6.12334192719107,0.06938272737241391,6.192724654563484,48.91793340981016,7.686081170154629,0.12931875336851562,7.815399923523145
2015-08-17,BJCO,6.385,2.45,30.7,2015,8,17,229,0.0525240285881316,52.5240285881316,0.0538906832308989,53.8906832308989,0.0568166666666666,56.8166666666666,56.8166666666666,56.8166666666666,56.8166666666666,52.5240285881316,52.5240285881316,52.5240285881316,53.8906832308989,53.8906832308989,53.8906832308989,48.52934712988375,4.460240951641506,-0.46555949339366265,3.9946814582478467,48.82947973565615,4.983841600925249,0.07736189431750518,5.061203495242751,48.92913445858973,7.7476447449133365,0.1398874631635323,7.88753220807687
2015-08-18,BJCO,6.385,2.45,30.7,2015,8,18,230,0.0540923005935513,54.0923005935513,0.0561904274393922,56.1904274393922,0.0567333333333333,56.733333333333306,56.733333333333306,56.733333333333306,56.733333333333306,54.0923005935513,54.0923005935513,54.0923005935513,56.1904274393922,56.1904274393922,56.1904274393922,48.53892187395652,4.490012968737479,1.063365750857301,5.553378719594782,48.83981029250458,6.175549481839041,1.17506766504858,7.350617146887622,48.94033271446068,8.35279945882118,-0.5597988399485558,7.793000618872625
2015-08-19,BJCO,6.385,2.45,30.7,2015,8,19,231,0.0545964022050517,54.5964022050517,0.0560895646701311,56.0895646701311,0.057525,57.525,57.525,57.525,57.525,54.5964022050517,54.5964022050517,54.5964022050517,56.0895646701311,56.0895646701311,56.0895646701311,48.54849616634778,5.133225083381737,0.9146809553221829,6.047906038703921,48.85013890895358,5.752579956559512,1.4868458046179995,7.239425761177515,48.95152818654316,8.774988261786307,-0.20151644832946403,8.573471813456841
2015-08-20,BJCO,6.385,2.45,30.7,2015,8,20,232,0.0574571272725937,57.4571272725937,0.0579768066232602,57.9768066232602,0.0587541666666666,58.7541666666666,58.7541666666666,58.7541666666666,58.7541666666666,57.4571272725937,57.4571272725937,57.4571272725937,57.9768066232602,57.9768066232602,57.9768066232602,48.558069996762086,7.465653972715844,1.4334033031157745,8.899057275831616,48.860465596737214,7.042147422258526,2.0741936042644653,9.116341026522988,48.96272088532381,7.656551052910944,2.1348947284318456,9.791445781342787
2015-08-21,BJCO,6.385,2.45,30.7,2015,8,21,233,0.0569821568475789,56.9821568475789,0.0588321967910019,58.8321967910019,0.05875,58.75,58.75,58.75,58.75,56.9821568475789,56.9821568475789,56.9821568475789,56.1904274393922,58.8321967910019,58.8321967910019,48.567643353173175,11.554117620086817,-3.139604125681096,8.414513494405725,48.87079036600907,8.497718371192901,-1.1780812978097686,7.319637073383134,48.97391082193179,11.153465151034185,-1.3773759729659716,9.776089178068212
2015-08-22,BJCO,6.385,2.45,30.7,2015,8,22,234,0.0555184231152663,55.5184231152663,0.0554993767818671,55.4993767818671,0.0554791666666666,55.4791666666666,55.4791666666666,55.4791666666666,55.4791666666666,55.5184231152663,55.5184231152663,55.5184231152663,55.4993767818671,55.4993767818671,55.4993767818671,48.57721622235306,9.95851361316064,-3.0173067202473973,6.941206892913243,48.88111322552911,7.3720530129529225,-0.753789456614939,6.618263556337986,48.9850980066444,6.429860352412945,0.06420830760925611,6.494068660022201
2015-08-23,BJCO,6.385,2.45,30.7,2015,8,23,235,0.0576981388712867,57.6981388712867,0.0582674087072431,58.2674087072431,0.0583583333333333,58.3583333333333,58.3583333333333,58.3583333333333,58.3583333333333,57.6981388712867,57.6981388712867,57.6981388712867,58.2674087072431,58.2674087072431,58.2674087072431,48.58678859403069,10.730220681975402,-1.6188704047193951,9.111350277256008,48.89143418575094,10.740892080246537,-1.364917558754378,9.37597452149216,48.9962824514333,10.374551026364115,-1.01250014446412,9.362050881899997
2015-08-24,BJCO,6.385,2.45,30.7,2015,8,24,236,0.0529069278640142,52.9069278640142,0.0560783533180937,56.0783533180937,0.0548208333333333,54.8208333333333,54.8208333333333,54.8208333333333,54.8208333333333,52.9069278640142,52.9069278640142,52.9069278640142,56.0783533180937,56.0783533180937,56.0783533180937,48.59636046177216,5.957353108250109,-1.6467857060080675,4.310567402242043,48.90175325945803,8.743583328146325,-1.5669832695106578,7.176600058635664,49.00746416966331,5.758344580817888,0.05502458285209855,5.813369163669989
2015-08-25,BJCO,6.385,2.45,30.7,2015,8,25,237,0.0493893010749232,49.3893010749232,0.0522625650919076,52.2625650919076,0.0536,53.6,53.6,53.6,53.6,49.3893010749232,49.3893010749232,49.3893010749232,52.2625650919076,52.2625650919076,52.2625650919076,48.60593182212596,2.0889041259047665,-1.3055348731075256,0.7833692527972431,48.91207046244693,4.933398420827681,-1.5829037913670092,3.3504946294606697,49.018643176661996,5.116139482923251,-0.5347826595852467,4.581356823338005
2015-08-26,BJCO,6.385,2.45,30.7,2015,8,26,238,0.046959680596326,46.959680596326,0.0464789207246329,46.4789207246329,0.046075,46.075,46.075,46.075,46.075,46.959680596326,46.959680596326,46.959680596326,46.4789207246329,46.4789207246329,46.4789207246329,48.61550267444565,-1.6617453450223598,0.0059232669027124984,-1.6558220781196482,48.92238581401851,-2.543543578158228,0.10007848877261694,-2.4434650893856116,49.029819489056116,-3.0595588795912696,0.10473939053515835,-2.9548194890561135
2015-08-27,BJCO,6.385,2.45,30.7,2015,8,27,239,0.0496994554067739,49.6994554067739,0.0488547233127765,48.8547233127765,0.051025,51.025,51.025,51.025,51.025,49.6994554067739,49.6994554067739,49.6994554067739,48.8547233127765,48.8547233127765,48.8547233127765,48.625073020308854,0.9954730352013822,0.07890935126366116,1.0743823864650466,48.93269933672365,-0.17796813435555842,0.09999211040840805,-0.07797602394715142,49.04099312501194,1.879357557448139,0.10464931753992346,1.9840068749880615
2015-08-28,BJCO,6.385,2.45,30.7,2015,8,28,240,0.0551229497308542,55.1229497308542,0.0552370308677083,55.2370308677083,0.0560541666666666,56.0541666666666,56.0541666666666,56.0541666666666,56.0541666666666,55.1229497308542,55.1229497308542,55.1229497308542,55.2370308677083,55.2370308677083,55.2370308677083,48.63464286202947,7.911922685504246,-1.423615816679515,6.488306868824729,48.94301105463021,6.486575078696004,-0.19255526561791925,6.294019813078087,49.052164103706595,6.905050816730256,0.096951746229756,7.0020025629600084
2015-08-29,BJCO,6.385,2.45,30.7,2015,8,29,241,0.0519968769073713,51.9968769073713,0.0539851813303278,53.9851813303278,0.0534083333333333,53.4083333333333,53.4083333333333,53.4083333333333,53.4083333333333,51.9968769073713,51.9968769073713,51.9968769073713,53.9851813303278,53.9851813303278,53.9851813303278,48.64421220265867,3.270848010702676,0.08181669400995162,3.3526647047126303,48.95332099299709,5.093530927258238,-0.06167058992753027,5.031860337330706,49.06333244517006,5.094816029914433,-0.749815141751192,4.345000888163241
2015-08-30,BJCO,6.385,2.45,30.7,2015,8,30,242,0.0525929709691049,52.5929709691049,0.0530962035370709,53.096203537070906,0.0530791666666666,53.0791666666666,53.0791666666666,53.0791666666666,53.0791666666666,52.5929709691049,52.5929709691049,52.5929709691049,53.096203537070906,53.096203537070906,53.096203537070906,48.653781047285136,6.270462281318725,-2.3312723594989677,3.939189921819761,48.96362917862825,4.032841925511986,0.09973243293066503,4.132574358442653,49.074498170566834,3.9002897570110435,0.1043787390887232,4.004668496099768
2015-09-01,BJCO,6.385,2.45,30.7,2015,9,1,244,0.0542218674005848,54.2218674005848,0.0554213746980384,55.4213746980384,0.0550208333333333,55.0208333333333,55.0208333333333,55.0208333333333,55.0208333333333,54.2218674005848,54.2218674005848,54.2218674005848,55.4213746980384,55.4213746980384,55.4213746980384,48.6729172784965,8.166655303793537,-2.617705181705233,5.5489501220883,48.98424040680193,9.402839616966032,-2.965705325729566,6.437134291236468,49.096821867313814,8.316177318054496,-2.3921658520350135,5.924011466019486
2015-09-02,BJCO,6.385,2.45,30.7,2015,9,2,245,0.0502209901471861,50.2209901471861,0.0511834950699251,51.1834950699251,0.0517583333333333,51.7583333333333,51.7583333333333,51.7583333333333,51.7583333333333,50.2209901471861,50.2209901471861,50.2209901471861,51.1834950699251,51.1834950699251,51.1834950699251,48.68248469031971,1.4569097988508624,0.08159565801553015,1.538505456866389,48.994543514591676,2.0894795709053837,0.0994719844280425,2.188951555333425,49.1079798922395,2.593450813461067,0.056902627632730685,2.650353441093799
2015-09-03,BJCO,6.385,2.45,30.7,2015,9,3,246,0.0504116222088268,50.4116222088268,0.0525512479563687,52.55124795636871,0.0535125,53.5125,53.5125,53.5125,53.5125,50.4116222088268,50.4116222088268,50.4116222088268,52.55124795636871,52.55124795636871,52.55124795636871,48.69205165722625,4.787407536590271,-3.067836984989725,1.7195705516005475,49.0048450034078,6.352350242875657,-2.805947289914748,3.5464029529609107,49.11913541078943,5.78553001264165,-1.3921654234310807,4.39336458921057
2015-09-04,BJCO,6.385,2.45,30.7,2015,9,4,247,0.0528010810826188,52.8010810826188,0.0533098845570635,53.3098845570635,0.0534125,53.4125,53.4125,53.4125,53.4125,52.8010810826188,52.8010810826188,52.8010810826188,53.3098845570635,53.3098845570635,53.3098845570635,48.701618200953305,5.496331381656381,-1.3968684999908874,4.099462881665495,49.01514491668211,6.128330841829068,-1.8335912014476818,4.294739640381387,49.13028845843175,5.103505538032131,-0.8212939964638792,4.282211541568252
2015-09-05,BJCO,6.385,2.45,30.7,2015,9,5,248,0.0574392483273491,57.4392483273491,0.057306788857095,57.30678885709499,0.0583791666666666,58.3791666666666,58.3791666666666,58.3791666666666,58.3791666666666,57.4392483273491,57.4392483273491,57.4392483273491,57.30678885709499,57.30678885709499,57.30678885709499,48.71118434792023,8.74342897354772,-0.015364994118854725,8.728063979428867,49.02544330324388,10.271314908551146,-1.9899693547000368,8.28134555385111,49.14143907411271,8.66123433363186,0.576493258922028,9.237727592553888
2015-09-06,BJCO,6.385,2.45,30.7,2015,9,6,249,0.0562859139567486,56.285913956748594,0.057374238757387,57.374238757387005,0.0563124999999999,56.3124999999999,56.3124999999999,56.3124999999999,56.3124999999999,56.285913956748594,56.285913956748594,56.285913956748594,57.374238757387005,57.374238757387005,57.374238757387005,48.720750128387046,9.572585727642524,-2.0074218992809776,7.565163828361548,49.03574021757465,9.779573341037585,-1.441074801225227,8.338498539812356,49.15258729973383,9.188940321910207,-2.02902762164414,7.159912700266069
2015-09-07,BJCO,6.385,2.45,30.7,2015,9,7,250,0.0540642425379871,54.0642425379871,0.0542095973735257,54.2095973735257,0.0548375,54.8375,54.8375,54.8375,54.8375,54.0642425379871,54.0642425379871,54.0642425379871,54.2095973735257,54.2095973735257,54.2095973735257,48.73031557513672,8.003613266950424,-2.669686304100047,5.333926962850377,49.04603571985541,8.108411168409773,-2.944849514739481,5.163561653670293,49.163733179051114,6.655438507564087,-0.9816716866152007,5.6737668209488845
2015-09-08,BJCO,6.385,2.45,30.7,2015,9,8,251,0.0547459646431949,54.7459646431949,0.0560715360721867,56.071536072186696,0.0563416666666666,56.341666666666605,56.341666666666605,56.341666666666605,56.341666666666605,54.7459646431949,54.7459646431949,54.7459646431949,56.071536072186696,56.071536072186696,56.071536072186696,48.73988072562377,8.542039099134437,-2.5359551815633026,6.006083917571132,49.05632987598778,9.618738652109677,-2.6035324559107593,7.015206196198918,49.17487676006286,8.944787695197508,-1.7779977885937654,7.166789906603746
2015-09-09,BJCO,6.385,2.45,30.7,2015,9,9,252,0.0522376349745385,52.237634974538494,0.0525427807738209,52.5427807738209,0.0525833333333333,52.5833333333333,52.5833333333333,52.5833333333333,52.5833333333333,52.237634974538494,52.237634974538494,52.237634974538494,52.5427807738209,52.5427807738209,52.5427807738209,48.74944562327137,5.411306316953648,-1.9231169656865248,3.488189351267124,49.06662275890061,5.137467439061705,-1.6613094241414075,3.476158014920294,49.18601809509533,4.827558561193969,-1.4302433229559952,3.3973152382379723
2015-09-10,BJCO,6.385,2.45,30.7,2015,9,10,253,0.0525519028748602,52.55190287486021,0.0533791754876977,53.3791754876977,0.0530791666666666,53.0791666666666,53.0791666666666,53.0791666666666,53.0791666666666,52.55190287486021,52.55190287486021,52.55190287486021,53.3791754876977,53.3791754876977,53.3791754876977,48.75901031769907,5.898609739268325,-2.1057171821071847,3.7928925571611387,49.07691444876079,5.840988367106621,-1.5387273281697063,4.302261038936912,49.19715724148237,5.192268661240712,-1.3102592360564813,3.882009425184229
2015-09-11,BJCO,6.385,2.45,30.7,2015,9,11,254,0.0528411108562423,52.8411108562423,0.0567220484436485,56.7220484436485,0.0558041666666666,55.8041666666666,55.8041666666666,55.8041666666666,55.8041666666666,52.8411108562423,52.8411108562423,52.8411108562423,56.7220484436485,56.7220484436485,56.7220484436485,48.76857486445575,5.955473915559549,-1.8829379237729995,4.072535991786552,49.08720503232979,8.541136604204207,-0.9062931928854994,7.634843411318705,49.2082942615806,6.834955881673249,-0.23908347658724693,6.595872405086006
2015-09-12,BJCO,6.385,2.45,30.7,2015,9,12,255,0.0522848682288703,52.2848682288703,0.0545965234294986,54.5965234294986,0.0538416666666666,53.8416666666666,53.8416666666666,53.8416666666666,53.8416666666666,52.2848682288703,52.2848682288703,52.2848682288703,54.5965234294986,54.5965234294986,54.5965234294986,48.7781393252562,6.300762460187415,-2.7940335565733108,3.5067289036141034,49.09749460268492,7.28219146915114,-1.7831626423374587,5.499028826813685,49.21942922239846,6.11223652523642,-1.489999080968282,4.622237444268137
2015-09-13,BJCO,6.385,2.45,30.7,2015,9,13,256,0.0543491580577499,54.3491580577499,0.0522122171175579,52.2122171175579,0.0542625,54.2625,54.2625,54.2625,54.2625,54.3491580577499,54.3491580577499,54.3491580577499,52.2122171175579,52.2122171175579,52.2122171175579,48.787703768261565,7.9092664530737595,-2.3478121635854308,5.561454289488331,49.10778325891281,5.144983689569271,-2.040549830924185,3.1044338586450877,49.23056219474276,6.587323055237491,-1.5553852499802474,5.031937805257243
2015-09-14,BJCO,6.385,2.45,30.7,2015,9,14,257,0.0571474099376302,57.1474099376302,0.0570718129785773,57.0718129785773,0.0574916666666666,57.4916666666666,57.4916666666666,57.4916666666666,57.4916666666666,54.3491580577499,57.1474099376302,57.1474099376302,57.0718129785773,57.0718129785773,57.0718129785773,48.79726826902812,6.826290743682235,-1.2744009549604627,5.551889788721773,49.118071107241676,8.80808486331732,-0.8543429919816958,7.953741871335623,49.24169325460475,8.647163933267139,-0.39719052120528175,8.249973412061856
2015-09-15,BJCO,6.385,2.45,30.7,2015,9,15,258,0.0547894796233006,54.7894796233006,0.0560154038390208,56.015403839020806,0.0579166666666666,57.9166666666666,57.9166666666666,57.9166666666666,57.9166666666666,54.7894796233006,54.7894796233006,54.7894796233006,56.015403839020806,56.015403839020806,56.015403839020806,48.806832910348525,7.120460818136434,-1.1378141051843613,5.982646712952075,49.128358261467575,8.329739564303056,-1.4426939867498234,6.887045577553231,49.252822483443026,9.834645221574478,-1.170801038350902,8.663844183223574
2015-09-16,BJCO,6.385,2.45,30.7,2015,9,16,259,0.0550977254777002,55.0977254777002,0.0556005477814208,55.6005477814208,0.0562833333333333,56.2833333333333,56.2833333333333,56.2833333333333,56.2833333333333,55.0977254777002,55.0977254777002,55.0977254777002,55.6005477814208,55.6005477814208,55.6005477814208,48.81639778120456,7.665381580319236,-1.38405388382359,6.281327696495644,49.13864484209791,7.4193435352478225,-0.957440595924929,6.46190293932289,49.2639499671725,7.833546660999105,-0.814163294838302,7.0193833661608025
2015-09-17,BJCO,6.385,2.45,30.7,2015,9,17,260,0.053218076273761,53.218076273761,0.0542180654149458,54.218065414945805,0.05395,53.95,53.95,53.95,53.95,53.218076273761,53.218076273761,53.218076273761,54.218065414945805,54.218065414945805,54.218065414945805,48.82596297659091,6.044387626616079,-1.6522743294459872,4.392113297170091,49.14893097682905,6.156716293037388,-1.0875818549206357,5.069134438116755,49.27507579685328,5.718659503327295,-1.0437353001805718,4.674924203146723
2015-09-18,BJCO,6.385,2.45,30.7,2015,9,18,261,0.0521810310956186,52.1810310956186,0.0525606945142663,52.5606945142663,0.05235,52.35,52.35,52.35,52.35,52.1810310956186,52.1810310956186,52.1810310956186,52.5606945142663,52.5606945142663,52.5606945142663,48.8355285980794,3.631486471951564,-0.28598397441236045,3.3455024975392007,49.15921680039687,3.9513617855218546,-0.5498840716524214,3.4014777138694328,49.28620006872023,3.6416486328477085,-0.5778487015679374,3.0637999312797746
2015-09-19,BJCO,6.385,2.45,30.7,2015,9,19,262,0.0531349411263838,53.1349411263838,0.054409538767183,54.409538767183,0.0549583333333333,54.95833333333329,54.95833333333329,54.95833333333329,54.95833333333329,53.1349411263838,53.1349411263838,53.1349411263838,54.409538767183,54.409538767183,54.409538767183,48.84509475399684,4.004558007842232,0.2852883645447264,4.289846372386961,49.16950245462477,5.233117396834048,0.006918915724185126,5.240036312558232,49.29732288436762,4.696172008309188,0.9648384406564858,5.661010448965676
2015-09-20,BJCO,6.385,2.45,30.7,2015,9,20,263,0.0570489567744708,57.0489567744708,0.0567867141928512,56.7867141928512,0.0570624999999999,57.0624999999999,57.0624999999999,57.0624999999999,57.0624999999999,57.0489567744708,57.0489567744708,57.0489567744708,56.7867141928512,56.7867141928512,56.7867141928512,48.854661557660236,6.54563042330342,1.6486647935071446,8.194295216810566,49.17978808772069,6.130712046707775,1.476214058422734,7.606926105130512,49.30844434976958,5.934094931256761,1.8199607189735616,7.75405565023032
2015-09-21,BJCO,6.385,2.45,30.7,2015,9,21,264,0.0573491621867396,57.3491621867396,0.0579906715660969,57.9906715660969,0.0569416666666666,56.9416666666666,56.9416666666666,56.9416666666666,56.9416666666666,57.3491621867396,57.3491621867396,57.3491621867396,57.9906715660969,57.9906715660969,57.9906715660969,48.864229125712086,8.574848687549506,-0.08991562652199292,8.484933061027512,49.19007385290174,8.86473115921325,-0.06413344601809001,8.80059771319516,49.3195645726791,7.467954249834783,0.15414784415271754,7.6221020939875
2015-09-22,BJCO,6.385,2.45,30.7,2015,9,22,265,0.0560319938581438,56.0319938581438,0.0562669274477549,56.266927447754895,0.0559041666666666,55.904166666666605,55.904166666666605,55.904166666666605,55.904166666666605,56.0319938581438,56.0319938581438,56.0319938581438,56.266927447754895,56.266927447754895,56.266927447754895,48.87379757664135,7.727933615466859,-0.5697373339644116,7.158196281502448,49.20035990671017,8.059004193950118,-0.9924366529053898,7.066567541044726,49.330683661513895,7.479667065316884,-0.906184060164172,6.57348300515271
2015-09-23,BJCO,6.385,2.45,30.7,2015,9,23,266,0.0540411283792325,54.0411283792325,0.0525705873207083,52.5705873207083,0.0520291666666666,52.0291666666666,52.0291666666666,52.0291666666666,52.0291666666666,54.0411283792325,54.0411283792325,54.0411283792325,52.5705873207083,52.5705873207083,52.5705873207083,48.883367032893794,5.660286970420628,-0.502525624081926,5.157761346338702,49.210646411022516,4.657091743905527,-1.2971508342197424,3.3599409096857826,49.3418017276322,4.152803764028232,-1.4654388249938393,2.6873649390343957
2015-09-24,BJCO,6.385,2.45,30.7,2015,9,24,267,0.0552552923473237,55.2552923473237,0.0548848519020973,54.884851902097296,0.0549,54.9,54.9,54.9,54.9,55.2552923473237,55.2552923473237,55.2552923473237,54.884851902097296,54.884851902097296,54.884851902097296,48.892937622221986,5.830131028063328,0.5322236970383898,6.362354725101717,49.22093353516545,4.8858685688785854,0.7780497980532601,5.663918366931846,49.352918887692375,4.760100015957323,0.7869810963503028,5.547081112307623
2015-09-25,BJCO,6.385,2.45,30.7,2015,9,25,268,0.0549744212257765,54.974421225776496,0.0580133212701469,58.013321270146896,0.0580624999999999,58.0624999999999,58.0624999999999,58.0624999999999,58.0624999999999,54.974421225776496,54.974421225776496,54.974421225776496,58.013321270146896,58.013321270146896,58.013321270146896,48.902509477443985,6.866698553006983,-0.794786804674473,6.071911748332511,49.231221456059295,9.131888994311105,-0.34978918022350314,8.782099814087601,49.36403526407421,8.626620563120685,0.0718441728050081,8.69846473592569
2015-09-26,BJCO,6.385,2.45,30.7,2015,9,26,269,0.0502664730760115,50.2664730760115,0.05185096292306,51.85096292306,0.0520916666666666,52.0916666666666,52.0916666666666,52.0916666666666,52.0916666666666,50.2664730760115,50.2664730760115,50.2664730760115,51.85096292306,51.85096292306,51.85096292306,48.91208273536256,3.149545564441242,-1.7951552237922996,1.3543903406489406,49.24151035572801,4.742721581061224,-2.133269013729233,2.609452567331992,49.375150982063126,4.506648964130044,-1.7901332795265716,2.716515684603472
2015-09-27,BJCO,6.385,2.45,30.7,2015,9,27,270,0.0527650711526476,52.7650711526476,0.0496548558682111,49.6548558682111,0.0505625,50.5625,50.5625,50.5625,50.5625,52.7650711526476,52.7650711526476,52.7650711526476,49.6548558682111,49.6548558682111,49.6548558682111,48.92165753873953,4.7183509164913735,-0.8749373025833052,3.8434136139080692,49.25180042286006,2.2663747271119963,-1.8633192817609512,0.4030554453510433,49.38626617072941,2.9714888747577977,-1.7952550454872025,1.1762338292705934
2015-09-28,BJCO,6.385,2.45,30.7,2015,9,28,271,0.0575000664202684,57.5000664202684,0.0553843640541344,55.3843640541344,0.0556625,55.6625,55.6625,55.6625,55.6625,57.5000664202684,57.5000664202684,57.5000664202684,55.3843640541344,55.3843640541344,55.3843640541344,48.93123403795063,7.829138196142085,0.73969418617569,8.568832382317773,49.26209185570011,6.81202422905763,-0.6897520306233389,6.122272198434288,49.39738096590678,6.36005452173501,-0.09493548764178428,6.265119034093225
2015-09-29,BJCO,6.385,2.45,30.7,2015,9,29,272,0.0581379463245131,58.1379463245131,0.0571253946226558,57.1253946226558,0.056375,56.375,56.375,56.375,56.375,58.1379463245131,58.1379463245131,58.1379463245131,57.1253946226558,57.1253946226558,57.1253946226558,48.940812389488975,7.9642355768213795,1.2328983582027462,9.197133935024127,49.27238486210125,7.71590518575625,0.1371045747983004,7.853009760554549,49.408495510376994,6.598669723181502,0.36783476644150426,6.966504489623006
2015-09-30,BJCO,6.385,2.45,30.7,2015,9,30,273,0.0603621693613462,60.36216936134621,0.0607941737178746,60.7941737178746,0.0596875,59.6875,59.6875,59.6875,59.6875,60.36216936134621,60.36216936134621,60.36216936134621,60.7941737178746,60.7941737178746,60.7941737178746,48.95039275283126,9.391308309744202,2.0204682987707443,11.411776608514948,49.28267965753335,9.50125929072473,2.010234769616517,11.51149406034125,49.419609951262416,8.219613875826283,2.048276172911301,10.267890048737584
2015-10-01,BJCO,6.385,2.45,30.7,2015,10,1,274,0.053803314668168,53.803314668168,0.0528449825593986,52.8449825593986,0.0518291666666666,51.8291666666666,51.8291666666666,51.8291666666666,51.8291666666666,53.803314668168,53.803314668168,53.803314668168,52.8449825593986,52.8449825593986,52.8449825593986,48.95997528852453,4.693562545252843,0.14977683439062162,4.843339379643467,49.29297646255885,3.6545791555433995,-0.10257305870364775,3.5520060968397544,49.43072443795232,2.9280724748578963,-0.5296302461436184,2.3984422287142806
2015-10-02,BJCO,6.385,2.45,30.7,2015,10,2,275,0.0509519629759095,50.9519629759095,0.047956716959946,47.956716959946,0.0488375,48.8375,48.8375,48.8375,48.8375,50.9519629759095,50.9519629759095,50.9519629759095,47.956716959946,47.956716959946,47.956716959946,48.96956015723737,2.8731308066029495,-0.8907279879308163,1.982402818672135,49.303275500255104,-1.5928304722551085,0.24627193194600494,-1.346558540309104,49.44183912028754,-0.7515616343871894,0.1472225140996457,-0.6043391202875412
2015-10-03,BJCO,6.385,2.45,30.7,2015,10,3,276,0.0552566673710849,55.2566673710849,0.0548088388763225,54.8088388763225,0.055725,55.725,55.725,55.725,55.725,55.2566673710849,55.2566673710849,55.2566673710849,54.8088388763225,54.8088388763225,54.8088388763225,48.97914752232177,6.893282674658089,-0.6157628258949543,6.277519848763134,49.3135769982112,6.415276641573446,-0.9200147634621487,5.4952618781113,49.45295415128007,7.016498658593152,-0.7444528098732164,6.272045848719934
2015-10-04,BJCO,6.385,2.45,30.7,2015,10,4,277,0.0580028196732246,58.0028196732246,0.0570479357648997,57.0479357648997,0.05705,57.05,57.05,57.05,57.05,58.0028196732246,58.0028196732246,58.0028196732246,57.0479357648997,57.0479357648997,57.0479357648997,48.9887375518085,8.389072044463294,0.6250100769528046,9.014082121416102,49.32388118890354,7.083801746529652,0.6402528294665046,7.724054575996156,49.46406968710881,6.9395434544447765,0.6463868584464123,7.585930312891186
2015-10-05,BJCO,6.385,2.45,30.7,2015,10,5,278,0.0577833906998324,57.7833906998324,0.0578659204894417,57.8659204894417,0.0575375,57.5375,57.5375,57.5375,57.5375,57.7833906998324,57.7833906998324,57.7833906998324,57.8659204894417,57.8659204894417,57.8659204894417,48.998330417554065,8.02324867859592,0.7618116036824176,8.785060282278337,49.334188310496636,7.548341260308574,0.9833909186364878,8.531732178945063,49.47518588752054,7.043536787699984,1.018777324779478,8.062314112479463
2015-10-06,BJCO,6.385,2.45,30.7,2015,10,6,279,0.0578384752239859,57.8384752239859,0.057189660618,57.189660618000005,0.0573958333333333,57.3958333333333,57.3958333333333,57.3958333333333,57.3958333333333,57.8384752239859,57.8384752239859,57.8384752239859,57.189660618000005,57.189660618000005,57.189660618000005,49.00792629250651,7.66129895849008,1.1692499729893129,8.830548931479392,49.344498604105034,7.224259217600828,0.6209027962941391,7.845162013894971,49.48630291336741,6.3549142932715315,1.5546161266943557,7.90953041996589
2015-10-07,BJCO,6.385,2.45,30.7,2015,10,7,280,0.0588018795451291,58.801879545129104,0.0583281865872983,58.3281865872983,0.0591916666666666,59.1916666666666,57.05,59.1916666666666,59.1916666666666,58.801879545129104,58.801879545129104,58.801879545129104,58.3281865872983,58.3281865872983,58.3281865872983,49.01752534913011,8.710736075782087,1.0736181202169064,9.784354195998993,49.3548123120663,7.7824036045837115,1.1909706706482837,8.973374275231997,49.49742092472546,6.045023057825973,1.5075560174485645,7.5525790752745365
2015-10-08,BJCO,6.385,2.45,30.7,2015,10,8,281,0.0592312774049357,59.2312774049357,0.0574907793585592,57.4907793585592,0.0562416666666666,56.2416666666666,56.2416666666666,56.2416666666666,56.2416666666666,59.2312774049357,59.2312774049357,59.2312774049357,57.4907793585592,57.4907793585592,57.4907793585592,49.02712775791563,11.221290035971212,-1.017140388951141,10.204149647020074,49.365129677392616,7.26585088493177,0.8597987962348128,8.125649681166585,49.50854007934817,6.358798685969792,0.3743279013486358,6.733126587318431
2015-10-09,BJCO,6.385,2.45,30.7,2015,10,9,282,0.0582488827312643,58.2488827312643,0.0568190764939493,56.8190764939493,0.0562666666666666,56.2666666666666,56.2666666666666,56.2666666666666,56.2666666666666,58.2488827312643,58.2488827312643,58.2488827312643,56.8190764939493,56.8190764939493,56.8190764939493,49.03673368734756,10.581329058885533,-1.3691800149687836,9.212149043916746,49.37545094219988,9.040962032794202,-1.5973364810447848,7.443625551749413,49.51966053228516,8.474580035119354,-1.7275739007379087,6.747006134381444
2015-10-10,BJCO,6.385,2.45,30.7,2015,10,10,283,0.0543393194855282,54.3393194855282,0.0557116653259481,55.7116653259481,0.0541666666666666,54.1666666666666,54.1666666666666,54.1666666666666,54.1666666666666,54.3393194855282,54.3393194855282,54.3393194855282,55.7116653259481,55.7116653259481,55.7116653259481,49.04634330680696,7.158856869744411,-1.8658806910231718,5.29297617872124,49.385776348048616,8.208838666091351,-1.8829496881918715,6.325888977899481,49.530782437933745,6.43402654675966,-1.7981423180268052,4.635884228732856
2015-10-11,BJCO,6.385,2.45,30.7,2015,10,11,284,0.0554253269144751,55.4253269144751,0.0539942571970714,53.9942571970714,0.0529166666666666,52.9166666666666,52.9166666666666,52.9166666666666,52.9166666666666,55.4253269144751,55.4253269144751,55.4253269144751,53.9942571970714,53.9942571970714,53.9942571970714,49.0559567873601,8.089101651432776,-1.7197315243177798,6.369370127114998,49.39610613944424,6.153636581485517,-1.5554855238583585,4.598151057627156,49.54190595348153,3.980450223776097,-0.6056895105910272,3.3747607131850685
2015-10-12,BJCO,6.385,2.45,30.7,2015,10,12,285,0.0539152420893985,53.9152420893985,0.0541840319266002,54.1840319266002,0.0542375,54.2375,54.2375,54.2375,54.2375,53.9152420893985,53.9152420893985,53.9152420893985,54.1840319266002,54.1840319266002,54.1840319266002,49.06557430165212,4.883040261701126,-0.03337247395474918,4.849667787746377,49.406440564226045,5.525194670454273,-0.747603308080123,4.777591362374153,49.553031238875214,4.621780486176815,0.06268827494796625,4.6844687611247835
2015-10-13,BJCO,6.385,2.45,30.7,2015,10,13,286,0.0534543383857167,53.454338385716696,0.0544884145819314,54.488414581931394,0.0548041666666666,54.8041666666666,54.8041666666666,54.8041666666666,54.8041666666666,53.454338385716696,53.454338385716696,53.454338385716696,54.488414581931394,54.488414581931394,54.488414581931394,49.07519602203768,7.1511112226570495,-2.7719688589780347,4.379142363679016,49.41677987171713,5.666341298202915,-0.5947065879886537,5.071634710214262,49.5641584539396,7.411520022442603,-2.1715118097155965,5.240008212727005
2015-10-14,BJCO,6.385,2.45,30.7,2015,10,14,287,0.056037545070192,56.037545070192,0.0588399920310753,58.839992031075305,0.0560083333333333,56.0083333333333,56.0083333333333,56.0083333333333,56.0083333333333,56.037545070192,56.037545070192,56.037545070192,58.839992031075305,58.839992031075305,58.839992031075305,49.08482211725827,9.01218674383521,-2.059463790901475,6.952722952933733,49.42712430980861,10.03312615365671,-0.6202584323900169,9.412867721266693,49.5752877566649,8.378222491100193,-1.9451769144317907,6.433045576668398
2015-10-15,BJCO,6.385,2.45,30.7,2015,10,15,288,0.0568229175566363,56.8229175566363,0.0553092909835905,55.3092909835905,0.0560041666666666,56.0041666666666,56.0041666666666,56.0041666666666,56.0041666666666,56.8229175566363,56.8229175566363,56.8229175566363,55.3092909835905,55.3092909835905,55.3092909835905,49.09445275420912,9.048792411278116,-1.3203276088509384,7.728464802427176,49.43747412272886,7.317075549445709,-1.4452586885840688,5.871816860861642,49.58641930556656,7.433143250103143,-1.015395889003102,6.417747361100041
2015-10-16,BJCO,6.385,2.45,30.7,2015,10,16,289,0.0572427861056157,57.2427861056157,0.0567656830908923,56.765683090892296,0.0560416666666666,56.0416666666666,56.0416666666666,56.0416666666666,56.0416666666666,57.2427861056157,57.2427861056157,57.2427861056157,56.765683090892296,56.765683090892296,56.765683090892296,49.10408809635073,8.990952779647493,-0.8522547703825225,8.13869800926497,49.44782954955182,7.883726653751714,-0.5658731124112393,7.317853541340476,49.597553259068206,6.918008490043989,-0.4738950824455941,6.444113407598394
2015-10-17,BJCO,6.385,2.45,30.7,2015,10,17,290,0.054660867345096,54.660867345096,0.0537638035048722,53.7638035048722,0.0540291666666666,54.0291666666666,54.0291666666666,54.0291666666666,54.0291666666666,54.660867345096,54.660867345096,54.660867345096,53.7638035048722,53.7638035048722,53.7638035048722,49.11372830024451,7.435495361278668,-1.8883563164271777,5.547139044851491,49.45819082326908,5.554453930095183,-1.248841248492063,4.305612681603122,49.60868977265114,5.522357191626567,-1.1018802976111104,4.420476894015458
2015-10-18,BJCO,6.385,2.45,30.7,2015,10,18,291,0.0513430998395861,51.343099839586095,0.0518333304817523,51.8333304817523,0.0518958333333333,51.8958333333333,51.8958333333333,51.8958333333333,51.8958333333333,51.343099839586095,51.343099839586095,51.343099839586095,51.8333304817523,51.8333304817523,51.8333304817523,49.12337351265102,4.353069873576248,-2.1333435466411714,2.219726326935074,49.46855816761173,4.34713794476735,-1.9823656306267807,2.3647723141405663,49.6198289964434,3.5647950006613525,-1.288790663771458,2.2760043368898977
2015-10-19,BJCO,6.385,2.45,30.7,2015,10,19,292,0.0551702112151639,55.170211215163896,0.0537175655445614,53.7175655445614,0.0549916666666666,54.9916666666666,54.9916666666666,54.9916666666666,54.9916666666666,55.170211215163896,55.170211215163896,55.170211215163896,53.7175655445614,53.7175655445614,53.7175655445614,49.13302386977053,6.667779876615185,-0.6305925312218221,6.037187345393363,49.478931795704696,4.79463742659141,-0.5560036777347008,4.2386337488567065,49.63097107476264,4.842232359386236,0.5184632325177247,5.360695591903962
2015-10-20,BJCO,6.385,2.45,30.7,2015,10,20,293,0.0580182805267042,58.0182805267042,0.0565920654563512,56.5920654563512,0.0553125,55.3125,55.3125,55.3125,55.3125,58.0182805267042,58.0182805267042,58.0182805267042,56.5920654563512,56.5920654563512,56.5920654563512,49.14267949475661,7.911810376653183,0.9637906552944102,8.875601031947596,49.48931190823581,6.326156331659935,0.7765972164554498,7.102753548115388,49.64211614425768,4.678482293204959,0.9919015625373646,5.6703838557423225
2015-10-21,BJCO,6.385,2.45,30.7,2015,10,21,294,0.0581769218423931,58.1769218423931,0.0588103251380088,58.8103251380088,0.0569166666666666,56.9166666666666,56.9166666666666,56.9166666666666,56.9166666666666,58.1769218423931,58.1769218423931,58.1769218423931,58.8103251380088,58.8103251380088,58.8103251380088,49.15234049130695,7.665822932668672,1.358758418417473,9.024581351086148,49.49969868745079,7.313156605401232,1.997469845156779,9.310626450558011,49.65326432828081,6.247216408492923,1.0161859298928633,7.263402338385788
2015-10-22,BJCO,6.385,2.45,30.7,2015,10,22,295,0.0508465247124629,50.8465247124629,0.0527050218741313,52.7050218741313,0.0508041666666666,50.8041666666666,50.8041666666666,50.8041666666666,50.8041666666666,50.8465247124629,50.8465247124629,50.8465247124629,52.7050218741313,52.7050218741313,52.7050218741313,49.16200693598613,3.4507702233273636,-1.7662524468505865,1.684517776476774,49.510092289641634,4.249242539154345,-1.054312954664681,3.194929584489664,49.664415732807456,2.3939682289675734,-1.2542172951084254,1.1397509338591476
2015-10-23,BJCO,6.385,2.45,30.7,2015,10,23,296,0.0512244091679672,51.2244091679672,0.0484877903314296,48.4877903314296,0.0502291666666666,50.2291666666666,50.2291666666666,50.2291666666666,50.2291666666666,51.2244091679672,51.2244091679672,51.2244091679672,48.4877903314296,48.4877903314296,48.4877903314296,49.171678874139175,2.8109099978381713,-0.7581797040101463,2.052730293828027,49.52049283968439,0.17324583948819075,-1.205948347742975,-1.0327025082547863,49.675570444872555,1.2761647449718927,-0.7225685231778485,0.5535962217940451
2015-10-24,BJCO,6.385,2.45,30.7,2015,10,24,297,0.0578669801716869,57.8669801716869,0.0551797211556433,55.1797211556433,0.0559208333333333,55.9208333333333,55.9208333333333,55.9208333333333,55.9208333333333,57.8669801716869,57.8669801716869,57.8669801716869,55.1797211556433,55.1797211556433,55.1797211556433,49.18135632121362,5.339864392260911,3.3457594582123633,8.685623850473277,49.53090043230705,4.219649506678233,1.4291712166580197,5.64882072333625,49.686728534512866,4.429949883055471,1.8041549157649612,6.234104798820432
2015-10-25,BJCO,6.385,2.45,30.7,2015,10,25,298,0.0550921890354006,55.0921890354006,0.0542895534172866,54.2895534172866,0.0528916666666666,52.8916666666666,52.8916666666666,52.8916666666666,52.8916666666666,55.0921890354006,55.0921890354006,55.0921890354006,54.2895534172866,54.2895534172866,54.2895534172866,49.19103925612338,3.8707888792296252,2.03036090004759,5.901149779277219,49.541315128123976,2.673418245224536,2.0748200439380824,4.748238289162622,49.69789005108782,2.096330719049445,1.0974458965293366,3.193776615578784
2015-10-26,BJCO,6.385,2.45,30.7,2015,10,26,299,0.0542709405933182,54.270940593318194,0.0531477515368433,53.1477515368433,0.0525583333333333,52.558333333333294,52.558333333333294,52.558333333333294,52.558333333333294,54.270940593318194,54.270940593318194,54.270940593318194,53.1477515368433,53.1477515368433,53.1477515368433,49.20072760878104,4.666315330499674,0.4038976540374861,5.070212984537157,49.55173694301956,2.817846581815105,0.778168012008635,3.596014593823739,49.709055015282395,2.148845463666364,0.7004328543845375,2.8492783180508994
2015-10-27,BJCO,6.385,2.45,30.7,2015,10,27,300,0.0591977758344124,59.1977758344124,0.0584345632538386,58.4345632538386,0.0587416666666666,58.7416666666666,58.7416666666666,58.7416666666666,58.7416666666666,56.9687159802805,59.1977758344124,59.1977758344124,58.4345632538386,58.4345632538386,58.4345632538386,49.210421254929216,5.218847917750791,2.5394468076004912,7.758294725351284,49.56216584079035,8.044447927684374,0.8279494853638738,8.872397413048247,49.72022341602797,8.242777750294408,0.7786655003442249,9.021443250638633
2015-10-28,BJCO,6.385,2.45,30.7,2015,10,28,301,0.0566647604278179,56.6647604278179,0.0576618338697943,57.6618338697943,0.0565375,56.5375,56.5375,56.5375,56.5375,56.6647604278179,56.6647604278179,56.6647604278179,57.6618338697943,57.6618338697943,57.6618338697943,49.22012001274775,6.547596551755216,0.8970438633149413,7.444640415070154,49.572601729526134,7.303031034808311,0.7862011054598526,8.089232140268166,49.73139520824006,6.518109035876515,0.2879957558834292,6.806104791759942
2015-10-29,BJCO,6.385,2.45,30.7,2015,10,29,302,0.0569687159802805,56.9687159802805,0.0573659638495308,57.3659638495308,0.0556458333333333,55.6458333333333,55.6458333333333,55.6458333333333,55.6458333333333,56.9687159802805,56.9687159802805,56.9687159802805,57.3659638495308,57.3659638495308,57.3659638495308,49.229823633977304,5.274720410244076,2.4641719360591168,7.738892346303196,49.58304445618698,7.688494924333751,0.09442446901006463,7.782919393343818,49.74257030966452,5.8043660826494685,0.09889694101931212,5.903263023668778
2015-10-30,BJCO,6.385,2.45,30.7,2015,10,30,303,0.0569987763688834,56.9987763688834,0.0546814491048749,54.6814491048749,0.0550833333333333,55.0833333333333,55.0833333333333,55.0833333333333,55.0833333333333,56.9987763688834,56.9987763688834,56.9987763688834,54.6814491048749,54.6814491048749,54.6814491048749,49.239531798412195,5.840533043703833,1.9187115267673676,7.759244570471203,49.59349380089226,2.066717174714939,3.021238129267701,5.087955303982639,49.753748598509354,2.727045493168661,2.602539241655286,5.329584734823946
2015-11-01,BJCO,6.385,2.45,30.7,2015,11,1,305,0.0574456545154441,57.445654515444105,0.0587410097234051,58.74100972340511,0.056125,56.125,56.125,56.125,56.125,57.445654515444105,57.445654515444105,57.445654515444105,58.74100972340511,58.74100972340511,58.74100972340511,49.258960064613625,7.56536810372454,0.621326347105942,8.18669445083048,49.61441108919273,7.792944967549576,1.333653666662805,9.126598634212378,49.77611402561074,5.247792982113732,1.1010929922755324,6.348885974389262
2015-11-02,BJCO,6.385,2.45,30.7,2015,11,2,306,0.0576035428044456,57.6035428044456,0.0579634918200917,57.9634918200917,0.0585041666666666,58.5041666666666,58.5041666666666,58.5041666666666,58.5041666666666,57.6035428044456,57.6035428044456,57.6035428044456,57.9634918200917,57.9634918200917,57.9634918200917,49.26867909768896,7.093234987896367,1.2416287188602766,8.334863706756643,49.62487818841008,7.399818798322746,0.9387948333588696,8.338613631681618,49.78730067577532,7.595917682327912,1.1209483085633636,8.716865990891279
2015-11-03,BJCO,6.385,2.45,30.7,2015,11,3,307,0.0538767840886903,53.8767840886903,0.0539295693359213,53.9295693359213,0.0539958333333333,53.9958333333333,53.9958333333333,53.9958333333333,53.9958333333333,53.8767840886903,53.8767840886903,53.8767840886903,53.9295693359213,53.9295693359213,53.9295693359213,49.27840052482655,4.614106490565625,-0.01572292670187636,4.598383563863749,49.63535020566216,4.149489205285625,0.1447299249735181,4.294219130259144,49.798489531299865,3.476032876292365,0.7213109257410721,4.197343802033437
2015-11-04,BJCO,6.385,2.45,30.7,2015,11,4,308,0.0513741481854745,51.374148185474496,0.0499157069713021,49.9157069713021,0.0503541666666666,50.3541666666666,52.537499999999895,50.3541666666666,50.3541666666666,51.374148185474496,51.374148185474496,51.374148185474496,49.9157069713021,49.9157069713021,49.9157069713021,49.288123559079786,1.7803229692766274,0.3057016571180853,2.0860246263947104,49.64582647800104,-0.7369854304687393,1.0068659237698014,0.26988049330105923,49.809680202990506,0.8217953593902247,1.9060244376191662,2.7278197970093885
2015-11-05,BJCO,6.385,2.45,30.7,2015,11,5,309,0.0525728885711172,52.5728885711172,0.0479501330342521,47.9501330342521,0.050075,50.075,52.5125,50.075,50.075,52.5728885711172,52.5728885711172,52.5728885711172,47.9501330342521,47.9501330342521,47.9501330342521,49.29784730064461,1.735658450566022,1.5393828199065638,3.2750412704725846,49.656306238046945,-2.9936065173832622,1.2874333135884157,-1.7061732037948474,49.82087223800799,1.3514119270541993,1.3402158349378084,2.6916277619920095
2015-11-06,BJCO,6.385,2.45,30.7,2015,11,6,310,0.0553222755572281,55.3222755572281,0.0504113693105174,50.4113693105174,0.0525374999999999,52.537499999999895,52.537499999999895,52.537499999999895,52.537499999999895,55.3222755572281,55.3222755572281,55.3222755572281,50.4113693105174,50.4113693105174,50.4113693105174,49.30757072870179,5.190686450655828,0.8240183778704875,6.0147048285263125,49.6667886067123,0.5318998932727342,0.21268081053236187,0.7445807038050987,49.83206511480342,1.2122724202961268,1.493162464900351,2.7054348851964747
2015-11-07,BJCO,6.385,2.45,30.7,2015,11,7,311,0.0550065211130354,55.00652111303541,0.0534657750611944,53.4657750611944,0.0525125,52.5125,52.5125,52.5125,52.5125,55.00652111303541,55.00652111303541,55.00652111303541,53.4657750611944,53.4657750611944,53.4657750611944,49.31729269145453,3.0379715618000813,2.651256859780794,5.689228421580879,49.67727258775494,1.5069378567821885,2.2815646166572705,3.7885024734394577,49.84325824080154,1.046453705090175,1.622788054108291,2.6692417591984636
2015-11-08,BJCO,6.385,2.45,30.7,2015,11,8,312,0.0529306954422361,52.9306954422361,0.0527408279688935,52.7408279688935,0.0524375,52.4375,52.4375,52.4375,52.4375,52.9306954422361,52.9306954422361,52.9306954422361,52.7408279688935,52.7408279688935,52.7408279688935,49.32701189917938,2.4583967622389546,1.145286780817763,3.603683543056718,49.687757065060616,2.959554248725434,0.09351665510745022,3.0530709038328823,49.85445095015933,1.4389593207472897,1.1440897290933805,2.5830490498406675
2015-11-09,BJCO,6.385,2.45,30.7,2015,11,9,313,0.0530266198831896,53.0266198831896,0.051604284195432,51.604284195432,0.0513583333333333,51.3583333333333,52.4375,51.3583333333333,51.3583333333333,53.0266198831896,53.0266198831896,53.0266198831896,51.604284195432,51.604284195432,51.604284195432,49.336726915170594,1.3974430524972603,2.2924499155217504,3.6898929680190093,49.698240796861825,0.25227969281257956,1.6537637057575978,1.9060433985701764,49.86564250227279,0.377945348317713,2.193912149409492,2.5718574977272084
2015-11-10,BJCO,6.385,2.45,30.7,2015,11,10,314,0.0539151671262949,53.9151671262949,0.0529033024703696,52.9033024703696,0.0526208333333333,52.620833333333294,51.3583333333333,52.620833333333294,52.620833333333294,53.0266198831896,53.9151671262949,53.9151671262949,52.9033024703696,52.9033024703696,52.9033024703696,49.344363217202705,0.6376829810973139,3.044573684889585,3.6822566659868983,49.70631693674874,0.5251088243680374,2.671876709252821,3.196985533620861,49.87487428339053,-0.6809471296264503,2.1644061795692195,1.4834590499427662
2015-11-11,BJCO,6.385,2.45,30.7,2015,11,11,315,0.0530540081199492,53.0540081199492,0.0496611533487139,49.661153348713896,0.0505875,50.5875,50.5875,50.5875,50.5875,53.0540081199492,53.0540081199492,53.0540081199492,49.661153348713896,49.661153348713896,49.661153348713896,49.351967908081846,3.0430052205775984,0.659034991289758,3.702040211867356,49.71435836208529,-0.9037289389693205,0.8505239255979262,-0.0532050133713966,49.8840783202681,0.015012945752575807,0.6884087339793226,0.7034216797318962
2015-11-12,BJCO,6.385,2.45,30.7,2015,11,12,316,0.0477696903522845,47.7696903522845,0.0479243681999763,47.9243681999763,0.0489541666666666,48.9541666666666,48.9541666666666,48.9541666666666,48.9541666666666,47.7696903522845,47.7696903522845,47.7696903522845,47.9243681999763,47.9243681999763,47.9243681999763,49.35954173945241,-2.198440122078944,0.6085887349110308,-1.5898513871679114,49.7223657489452,-2.1929379530023936,0.3949404040334912,-1.797997548968901,49.89325505017491,-2.067416512905602,1.1283281293972962,-0.9390883835083059
2015-11-13,BJCO,6.385,2.45,30.7,2015,11,13,317,0.041709221951506,41.709221951506,0.0428204420086172,42.8204420086172,0.0440583333333333,44.058333333333294,44.058333333333294,44.058333333333294,44.058333333333294,41.709221951506,41.709221951506,41.709221951506,42.8204420086172,42.8204420086172,42.8204420086172,49.36708549530622,-5.878395009201407,-1.7794685345988128,-7.657863543800218,49.7303397653502,-6.157927454984392,-0.7519703017486066,-6.909897756733002,49.90240490519148,-5.612400797381779,-0.23167077447640594,-5.844071571858187
2015-11-14,BJCO,6.385,2.45,30.7,2015,11,14,318,0.03930079347776,39.30079347776,0.0372957862330473,37.2957862330473,0.0389166666666666,38.9166666666666,46.3583333333333,38.9166666666666,38.9166666666666,39.30079347776,39.30079347776,39.30079347776,45.7915265484583,37.2957862330473,37.2957862330473,49.374599963140376,-8.744815054520561,-1.3289914308598085,-10.073806485380373,49.73828106274383,-3.9043966492400117,-0.042357865045516974,-3.94675451428553,49.9115282929358,-3.722769246259321,0.16957428665681817,-3.5531949596025
2015-11-15,BJCO,6.385,2.45,30.7,2015,11,15,319,0.0428201502944244,42.8201502944244,0.0438220251605866,43.8220251605866,0.0463583333333333,46.3583333333333,46.3583333333333,46.3583333333333,46.3583333333333,42.8201502944244,42.8201502944244,42.8201502944244,43.8220251605866,43.8220251605866,43.8220251605866,49.38208589658991,-7.178768911231676,0.6168333090661662,-6.561935602165512,49.746190270438106,-7.666085343158156,1.7419202333066508,-5.924165109851508,49.92062558988139,-4.960928430071583,1.3986361735234922,-3.5622922565480906
2015-11-16,BJCO,6.385,2.45,30.7,2015,11,16,320,0.0464879420701283,46.48794207012831,0.0468839221910946,46.8839221910946,0.0473875,47.3875,47.3875,47.3875,47.3875,46.48794207012831,46.48794207012831,46.48794207012831,46.8839221910946,46.8839221910946,46.8839221910946,49.38954399383585,-4.989542602885263,2.087940679177727,-2.9016019237075383,49.754067953936406,-5.04409229272792,2.173946529886109,-2.8701457628418083,49.929697108660804,-4.530935260298139,1.9887381516373352,-2.542197108660801
2015-11-17,BJCO,6.385,2.45,30.7,2015,11,17,321,0.0492436085909908,49.2436085909908,0.0457915265484583,45.7915265484583,0.0460708333333333,46.0708333333333,46.0708333333333,46.0708333333333,46.0708333333333,49.2436085909908,49.2436085909908,49.2436085909908,45.7915265484583,45.7915265484583,45.7915265484583,49.39697489713799,-2.049972365421414,1.8966060592742267,-0.15336630614718416,49.76191461215866,-5.790996314840702,1.8206082511403423,-3.970388063700362,49.938743101084164,-5.215379726589654,1.3474699588387864,-3.8679097677508665
2015-11-18,BJCO,6.385,2.45,30.7,2015,11,18,322,0.0477616605578233,47.7616605578233,0.0476531732604851,47.6531732604851,0.0486291666666666,48.6291666666666,48.6291666666666,48.6291666666666,48.6291666666666,47.7616605578233,47.7616605578233,47.7616605578233,47.6531732604851,47.6531732604851,47.6531732604851,49.40437921528168,-3.258108481301869,1.6153898238434863,-1.6427186574583814,49.76973071388485,-4.0660741023055005,1.9495166489057496,-2.11655745339975,49.94776379041706,-2.537165425149765,1.2185683013993014,-1.3185971237504646
2015-11-19,BJCO,6.385,2.45,30.7,2015,11,19,323,0.0446531018036327,44.6531018036327,0.047395590114881,47.395590114881,0.0475833333333333,47.5833333333333,47.5833333333333,47.5833333333333,47.5833333333333,44.6531018036327,44.6531018036327,44.6531018036327,47.395590114881,47.395590114881,47.395590114881,49.41175751606472,-5.197165875965569,0.4385101635335502,-4.758655712432017,49.77751670467012,-3.56451252769074,1.1825859379016208,-2.381926589789117,49.956759382489736,-3.3344722444624746,0.9610461953060394,-2.3734260491564356
2015-11-20,BJCO,6.385,2.45,30.7,2015,11,20,324,0.0439870942078321,43.9870942078321,0.0438946055942415,43.8946055942415,0.045625,45.625,45.625,45.625,45.625,43.9870942078321,43.9870942078321,43.9870942078321,43.8946055942415,43.8946055942415,43.8946055942415,49.41911029195885,-4.492659520020726,-0.9393565641060277,-5.432016084126751,49.78527297223743,-5.308828145642147,-0.5818392323537864,-5.890667377995932,49.96573005746191,-4.117394090741474,-0.2233359667204411,-4.340730057461911
2015-11-21,BJCO,6.385,2.45,30.7,2015,11,21,325,0.0463290400254272,46.3290400254272,0.0454639501752741,45.4639501752741,0.0471083333333333,47.1083333333333,47.1083333333333,47.1083333333333,47.1083333333333,46.3290400254272,46.3290400254272,46.3290400254272,45.4639501752741,45.4639501752741,45.4639501752741,49.42643796503382,-2.100785785313961,-0.9966121542926629,-3.0973979396066227,49.79299982591116,-4.08452725405652,-0.24452239658054253,-4.32904965063706,49.9746759387205,-3.494287644286272,0.627945038899071,-2.866342605387203
2015-11-22,BJCO,6.385,2.45,30.7,2015,11,22,326,0.0498912479747806,49.891247974780605,0.0515377806673165,51.5377806673165,0.051875,51.875,51.875,51.875,51.875,49.891247974780605,49.891247974780605,49.891247974780605,51.5377806673165,51.5377806673165,51.5377806673165,49.43374092812051,-0.1590046795301796,0.6165117261902751,0.45750704666009767,49.80069753004321,-0.25521019625424757,1.9922933335275346,1.737083137273288,49.98359710615368,-0.09821762159839363,1.989620515444713,1.891402893846319
2015-11-23,BJCO,6.385,2.45,30.7,2015,11,23,327,0.0513999787402566,51.3999787402566,0.0521562711586898,52.156271158689805,0.0531541666666666,53.1541666666666,53.1541666666666,53.1541666666666,53.1541666666666,49.891247974780605,51.3999787402566,51.3999787402566,52.156271158689805,52.156271158689805,52.156271158689805,49.44101959394224,-0.9983113446272629,1.4485397254656291,0.450228380838368,49.8083663507347,-0.4259957204172651,2.7739005283723657,2.3479048079551035,49.99249364277792,0.6525147570284334,2.50915826686024,3.1616730238886745
2015-11-24,BJCO,6.385,2.45,30.7,2015,11,24,328,0.0499703925676656,49.9703925676656,0.0488817968054077,48.881796805407696,0.04845,48.45,48.45,48.45,48.45,49.9703925676656,49.9703925676656,49.9703925676656,48.881796805407696,48.881796805407696,48.881796805407696,49.44827434219132,0.005717050139977156,0.5164011753343019,0.52211822547428,49.816006516977595,-0.8695641654270333,-0.064645546142863,-0.9342097115698991,50.001365622154395,-1.6465619873298492,0.09519636517545393,-1.5513656221543926
2015-11-25,BJCO,6.385,2.45,30.7,2015,11,25,329,0.0500709077604617,50.0709077604617,0.0532450643435676,53.2450643435676,0.0540958333333333,54.0958333333333,54.0958333333333,54.0958333333333,54.0958333333333,50.0709077604617,50.0709077604617,50.0709077604617,53.2450643435676,53.2450643435676,53.2450643435676,49.45550548216576,0.6163318760952841,-0.0009295977993417637,0.6154022782959387,49.82361820499396,1.8150268335465864,1.606419305027046,3.4214461385736357,50.010213074348414,2.554344583537364,1.5312756754475245,4.085620258984889
2015-11-26,BJCO,6.385,2.45,30.7,2015,11,26,330,0.0470265117160257,47.026511716025695,0.0494144213685511,49.414421368551096,0.0492291666666666,49.2291666666666,49.2291666666666,49.2291666666666,49.2291666666666,47.026511716025695,47.026511716025695,47.026511716025695,49.414421368551096,49.414421368551096,49.414421368551096,49.462713263672306,-2.9861990881758387,0.5499975405292261,-2.4362015476466112,49.831201559598135,-2.3430909889021176,1.9263107978550806,-0.4167801910470388,50.01903599220676,-2.527794228427841,1.7379249028876842,-0.7898693255401597
2015-11-27,BJCO,6.385,2.45,30.7,2015,11,27,331,0.0462318642387429,46.2318642387429,0.0456771681801977,45.6771681801977,0.0462583333333333,46.2583333333333,46.2583333333333,46.2583333333333,46.2583333333333,46.2318642387429,46.2318642387429,46.2318642387429,45.6771681801977,45.6771681801977,45.6771681801977,49.46989789569304,-5.327036257794569,2.089002600844431,-3.2380336569501367,49.83875667407414,-6.003994419119776,1.8424059252433338,-4.161588493876444,50.02783431448259,-4.591983535577545,0.8224825544282552,-3.7695009811492923
2015-11-28,BJCO,6.385,2.45,30.7,2015,11,28,332,0.0404294868391461,40.4294868391461,0.0392240538634343,39.2240538634343,0.0405666666666666,40.5666666666666,46.1541666666666,40.5666666666666,40.5666666666666,44.22216295262,40.4294868391461,40.4294868391461,39.2240538634343,39.2240538634343,39.2240538634343,49.477059595661785,-6.401181585480767,1.1462849424389816,-5.254896643041782,49.846283634933656,-11.47695518927219,0.8547254177728334,-10.622229771499356,50.03660797199618,-5.615882994555011,1.7334416892254225,-3.8824413053295856
2015-11-29,BJCO,6.385,2.45,30.7,2015,11,29,333,0.039267149417659,39.267149417659,0.0377432862551933,37.7432862551933,0.0408458333333333,40.8458333333333,45.3208333333333,40.8458333333333,40.8458333333333,44.22216295262,39.267149417659,39.267149417659,43.5512493198514,37.7432862551933,37.7432862551933,49.48419858460003,-4.42330343327411,-0.8387321987059195,-5.2620356319800266,49.85378254452265,-5.5327157618612,-0.7698174628100531,-6.302533224671251,50.045356919343504,-4.317574149601073,-0.4069494364091355,-4.724523586010207
2015-11-30,BJCO,6.385,2.45,30.7,2015,11,30,334,0.0431830604827134,43.1830604827134,0.0435512493198514,43.5512493198514,0.0453041666666666,45.3041666666666,45.3041666666666,45.3041666666666,45.3041666666666,43.1830604827134,43.1830604827134,43.1830604827134,43.5512493198514,43.5512493198514,43.5512493198514,49.49131506947371,-5.754774613119906,-0.5534799736403997,-6.308254586760306,49.86125351727125,-5.05207114405531,-1.257933053364539,-6.31000419741985,50.054081112856835,-4.154578983735697,-0.5953354624545355,-4.749914446190232
2015-12-01,BJCO,6.385,2.45,30.7,2015,12,1,335,0.04422216295262,44.22216295262,0.0451962051121887,45.1962051121887,0.0461541666666666,46.1541666666666,46.1541666666666,46.1541666666666,46.1541666666666,44.22216295262,44.22216295262,44.22216295262,43.4243921346393,45.1962051121887,45.1962051121887,49.498409210324425,-5.227302535183783,-0.048943722520640165,-5.276246257704422,49.86869662955153,-6.264752996135892,-0.17955149877634113,-6.444304494912231,50.06278045812063,-4.488966005708405,0.5803522142543756,-3.90861379145403
2015-12-02,BJCO,6.385,2.45,30.7,2015,12,2,336,0.0442692240156454,44.2692240156454,0.0434243921346393,43.4243921346393,0.0453208333333333,45.3208333333333,45.3208333333333,45.3208333333333,45.3208333333333,44.2692240156454,44.2692240156454,44.2692240156454,43.4243921346393,43.4243921346393,43.4243921346393,49.50548111110048,-6.653468426310859,1.4172113308557783,-5.2362570954550804,49.8761118987954,-8.89115943183124,2.4394396676751384,-6.451719764156103,50.071454805922166,-6.885188367054103,2.1345668944652374,-4.750621472588868
2015-12-03,BJCO,6.385,2.45,30.7,2015,12,3,337,0.0439502162381601,43.9502162381601,0.0435683199139055,43.5683199139055,0.0457791666666666,45.7791666666666,45.7791666666666,45.7791666666666,45.7791666666666,43.9502162381601,43.9502162381601,43.9502162381601,43.5683199139055,43.5683199139055,43.5683199139055,49.51253081455951,-7.388682984713051,1.8263684083136411,-5.562314576399409,49.88349928531515,-8.798312082388273,2.483132710978616,-6.315179371409656,50.08010395003224,-7.199527970393662,2.898590687028019,-4.300937283365641
2015-12-04,BJCO,6.385,2.45,30.7,2015,12,4,338,0.0382987050840649,38.298705084064906,0.0375870887240389,37.5870887240389,0.0386375,38.6375,38.6375,38.6375,38.6375,38.298705084064906,38.298705084064906,38.298705084064906,37.5870887240389,37.5870887240389,37.5870887240389,49.519558306929184,-11.582535539027717,0.3616823161634386,-11.220853222864278,49.890858690523096,-12.864795723048225,0.5610257565640282,-12.303769966484197,50.088727628376134,-11.605811970365492,0.15458434198936288,-11.451227628376131
2015-12-05,BJCO,6.385,2.45,30.7,2015,12,5,339,0.0361215284141325,36.1215284141325,0.0348002123260672,34.8002123260672,0.0354958333333333,35.4958333333333,35.4958333333333,35.4958333333333,35.4958333333333,36.1215284141325,36.1215284141325,36.1215284141325,34.8002123260672,34.8002123260672,34.8002123260672,49.52656357968226,-13.554448656849912,0.1494134913001517,-13.405035165549762,49.89818997773674,-15.202928446698564,0.10495079502901916,-15.097977651669545,50.09732555663808,-15.092636984091193,0.4911447607864119,-14.601492223304781
2015-12-06,BJCO,6.385,2.45,30.7,2015,12,6,340,0.0351752817956383,35.1752817956383,0.0338917580333775,33.891758033377506,0.0362,36.2,36.2,36.2,36.2,35.1752817956383,35.1752817956383,35.1752817956383,33.891758033377506,33.891758033377506,33.891758033377506,49.533546674880206,-13.715611043047872,-0.6426538361940359,-14.358264879241908,49.90549305166599,-15.789453717529323,-0.2242813007591664,-16.013735018288486,50.10589749253294,-13.369737233823207,-0.536160258709728,-13.905897492532937
2015-12-07,BJCO,6.385,2.45,30.7,2015,12,7,341,0.0328623534314724,32.86235343147241,0.0315340811224563,31.5340811224563,0.0345125,34.5125,34.5125,34.5125,34.5125,32.86235343147241,51.3713400319384,32.86235343147241,31.5340811224563,51.629929343059146,31.5340811224563,49.54050768078601,-15.770321347644051,-0.9078329016695506,-16.6781542493136,49.91276786943526,-17.641728798591238,-0.7369579483877189,-18.378686746978957,50.11444324187902,-15.280285055113376,-0.32165818676564584,-15.60194324187902
2015-12-08,BJCO,6.385,2.45,30.7,2015,12,8,342,0.0284896638187302,28.4896638187302,0.0250275616148326,25.0275616148326,0.0277291666666666,27.7291666666666,31.7166666666666,51.747916666666654,27.7291666666666,28.4896638187302,51.3713400319384,28.4896638187302,30.3225521524931,51.629929343059146,25.0275616148326,49.547446734319834,-18.737819389780558,-2.3199635258090723,-21.057782915589634,49.92001444339221,-18.468011387276057,-1.1294509036230593,-19.597462290899113,50.122962658412995,-17.54352660681399,-0.862769384932399,-18.406295991746394
2015-12-09,BJCO,6.385,2.45,30.7,2015,12,9,343,0.030005360486796,30.005360486796,0.0287346247378738,28.7346247378738,0.0305041666666666,30.5041666666666,30.5041666666666,51.747916666666654,30.5041666666666,30.005360486796,51.3713400319384,30.005360486796,30.1748625231535,51.629929343059146,28.7346247378738,49.554364011913464,-20.168263525374275,0.6192600002568156,-19.549003525117463,49.927232827370055,-19.6765130570358,-0.07585724718075681,-19.752370304216555,50.131455631358016,-20.02071029472719,0.3934213300357712,-19.627288964691417
2015-12-10,BJCO,6.385,2.45,30.7,2015,12,10,344,0.0316458231892528,31.6458231892528,0.0301748625231535,30.1748625231535,0.0314125,31.4125,31.4125,51.747916666666654,31.4125,31.6458231892528,51.3713400319384,31.6458231892528,30.1748625231535,51.629929343059146,30.1748625231535,49.56125974623594,-16.12822896030749,-1.7872075966756498,-17.915436556983142,49.934423112212706,-20.38884140766822,0.6292808186090113,-19.759560589059205,50.13992209158405,-19.432169593482755,0.7047475018987086,-18.727422091584046
2015-12-11,BJCO,6.385,2.45,30.7,2015,12,11,345,0.0308716478084477,30.8716478084477,0.0303225521524931,30.3225521524931,0.0317166666666666,31.7166666666666,31.7166666666666,51.747916666666654,31.7166666666666,30.8716478084477,51.3713400319384,30.8716478084477,30.3225521524931,51.629929343059146,30.3225521524931,49.56813419412361,-19.451478804109968,0.754992418434064,-18.696486385675907,49.94158538872659,-20.3040035916939,0.6849703554604147,-19.619033236233488,50.14836199458076,-18.664728639624776,0.2330333117106207,-18.43169532791416
2015-12-12,BJCO,6.385,2.45,30.7,2015,12,12,346,0.0292066490392327,29.2066490392327,0.0290367247086589,29.036724708658895,0.0294625,29.4625,29.4625,51.747916666666654,29.4625,29.2066490392327,51.3713400319384,29.2066490392327,29.036724708658895,51.629929343059146,29.036724708658895,49.574987614238516,-21.162654111297694,0.794315536291883,-20.368338575005815,49.94871973663282,-21.740441693410187,0.8284466654362674,-20.911995027973923,50.15677528929864,-21.462161265532966,0.767885976234318,-20.694275289298645
2015-12-13,BJCO,6.385,2.45,30.7,2015,12,13,347,0.0306870718834849,30.6870718834849,0.0298624168852887,29.8624168852887,0.0314875,31.4875,31.4875,51.747916666666654,31.4875,30.6870718834849,51.3713400319384,30.6870718834849,29.8624168852887,51.629929343059146,29.8624168852887,49.58182026342839,-17.793118732812356,-1.1016296471311335,-18.89474837994349,49.955826213664345,-20.968391413979926,0.8749820856042803,-20.093409328375646,50.16516191120812,-19.457104219085835,0.7794423078777086,-18.677661911208123
2015-12-14,BJCO,6.385,2.45,30.7,2015,12,14,348,0.0271157390400783,27.115739040078303,0.0279296341163634,27.9296341163634,0.0294333333333333,29.4333333333333,29.4333333333333,51.747916666666654,29.4333333333333,27.115739040078303,51.3713400319384,27.115739040078303,27.9296341163634,51.629929343059146,27.9296341163634,49.588632433867495,-22.76702420236826,0.2941308085790624,-22.472893393789192,49.96290487917239,-22.47809750325935,0.44482674045035964,-22.033270762808993,50.17352181098535,-21.215993549145587,0.47580507149353934,-20.740188477652048
2015-12-15,BJCO,6.385,2.45,30.7,2015,12,15,349,0.0221786680851598,22.178668085159803,0.0211227674152325,21.1227674152325,0.021,21.0,21.0,51.747916666666654,49.55794709737823,22.178668085159803,51.3713400319384,49.14734633736466,26.5202319285711,51.629929343059146,49.02120414412796,49.59542444141743,-27.795239917681524,0.3784835614238986,-27.416756356257626,49.96995581050679,-23.810803842709458,0.3610799607737647,-23.44972388193569,50.1818549443559,-29.13184572918721,-0.05000921516869283,-29.181854944355898
2015-12-16,BJCO,6.385,2.45,30.7,2015,12,16,350,0.0164401286588912,16.4401286588912,0.0145177245948744,14.5177245948744,0.0143375,14.3375,27.0458333333333,51.747916666666654,49.55794709737823,27.0597078507752,51.3713400319384,49.14734633736466,26.5202319285711,51.629929343059146,49.02120414412796,49.602196597438756,-21.511103201027108,-1.0313855456364465,-22.542488746663555,49.9769790782423,-23.50101769888293,0.04427054921172413,-23.4567471496712,50.19016123742031,-23.08463291189055,-0.05969499219646224,-23.144327904087014
2015-12-17,BJCO,6.385,2.45,30.7,2015,12,17,351,0.0235227261378235,23.5227261378235,0.0214791420490584,21.4791420490584,0.0228208333333333,22.8208333333333,22.8208333333333,51.747916666666654,49.55794709737823,23.5227261378235,51.3713400319384,49.14734633736466,21.4791420490584,51.629929343059146,49.02120414412796,49.608949179961975,-24.760182486496944,-1.3260405556415336,-26.086223042138474,49.98397473515069,-27.990165628095212,-0.5146670579970802,-28.50483268609229,50.198440591221335,-26.978786972806613,-0.3988202850814204,-27.377607257888034
2015-12-18,BJCO,6.385,2.45,30.7,2015,12,18,352,0.0270597078507752,27.0597078507752,0.0265202319285711,26.5202319285711,0.0270458333333333,27.0458333333333,27.0458333333333,51.747916666666654,27.0458333333333,27.0597078507752,51.3713400319384,27.0597078507752,26.5202319285711,51.629929343059146,26.5202319285711,49.6156824459525,-20.03406866556818,-2.521905929609119,-22.5559745951773,49.990942804047236,-22.967053655972293,-0.5036572195038431,-23.470710875476136,50.2066928878722,-23.009984834584717,-0.15087471995418156,-23.160859554538902
2015-12-19,BJCO,6.385,2.45,30.7,2015,12,19,353,0.0310324765846527,31.032476584652706,0.0292595191857668,29.2595191857668,0.0300124999999999,30.0124999999999,30.0124999999999,51.747916666666654,30.0124999999999,31.032476584652706,51.3713400319384,31.032476584652706,29.2595191857668,51.629929343059146,29.2595191857668,49.62239668265276,-16.912940117329363,-1.6769799806706942,-18.589920098000057,49.997883320967496,-20.676171677452515,-0.06219245774818205,-20.738364135200698,50.21491803181143,-20.11097829983583,-0.09143973197570432,-20.20241803181153
2015-12-20,BJCO,6.385,2.45,30.7,2015,12,20,354,0.0311980039997527,31.1980039997527,0.0306906637139393,30.6906637139393,0.0309333333333333,30.933333333333294,30.933333333333294,51.747916666666654,30.933333333333294,31.1980039997527,51.3713400319384,31.1980039997527,30.6906637139393,51.629929343059146,30.6906637139393,49.62909221084503,-17.4223422385613,-1.008745972531031,-18.43108821109233,50.00479636356702,-18.53739385955542,-0.7767387900722937,-19.314132649627716,50.22311596486146,-18.38545239975281,-0.9043302317753543,-19.289782631528162
2015-12-21,BJCO,6.385,2.45,30.7,2015,12,21,355,0.0302665087184556,30.2665087184556,0.0295188523581702,29.5188523581702,0.0295708333333333,29.5708333333333,29.5708333333333,51.747916666666654,29.5708333333333,30.2665087184556,51.3713400319384,30.2665087184556,29.5188523581702,51.629929343059146,29.5188523581702,49.63576931879856,-20.477158040134732,1.1078974397917776,-19.369260600342958,50.011681994328725,-22.390648121787457,1.8978184856289317,-20.492829636158525,50.23128660780363,-21.77738355707579,1.116930282605459,-20.66045327447033
2015-12-22,BJCO,6.385,2.45,30.7,2015,12,22,356,0.0301831849796635,30.1831849796635,0.0287044574989746,28.7044574989746,0.0285125,28.5125,28.5125,51.747916666666654,28.5125,30.1831849796635,51.3713400319384,30.1831849796635,28.7044574989746,51.629929343059146,28.7044574989746,49.64242827796698,-21.338031782764226,1.878788484460749,-19.459243298303477,50.01854023914697,-22.679182707403633,1.3650999672312594,-21.31408274017237,50.23942985278496,-22.876258127406025,1.1493282746210625,-21.72692985278496
2015-12-23,BJCO,6.385,2.45,30.7,2015,12,23,357,0.0270883055142788,27.0883055142788,0.0253076993066143,25.3076993066143,0.0248291666666666,24.8291666666666,24.8291666666666,51.747916666666654,49.55794709737823,27.0883055142788,51.3713400319384,27.0883055142788,25.3076993066143,51.629929343059146,25.3076993066143,49.64906935771623,-23.014088917779652,0.45332507434222435,-22.560763843437428,50.02537111504365,-26.03101319710086,1.3133413886715104,-24.717671808429348,50.247545582651846,-26.15423051286231,0.7358515968770618,-25.418378915985244
2015-12-24,BJCO,6.385,2.45,30.7,2015,12,24,358,0.0279966597725075,27.9966597725075,0.0281356868280469,28.1356868280469,0.0273875,27.3875,25.9708333333333,51.747916666666654,27.3875,27.9966597725075,51.3713400319384,27.9966597725075,28.1356868280469,51.629929343059146,28.1356868280469,49.65569280771097,-21.480236686263932,-0.17879634893953522,-21.65903303520347,50.032174666975905,-23.552915994734057,1.6564281558050524,-21.896487838929005,50.25563371003617,-24.386939627248207,0.1021392505453349,-24.284800376702872
2015-12-25,BJCO,6.385,2.45,30.7,2015,12,25,359,0.0268986291302597,26.8986291302597,0.0268048815230125,26.8048815230125,0.0258125,25.8125,25.8125,51.747916666666654,25.8125,26.8986291302597,51.3713400319384,26.8986291302597,26.8048815230125,51.629929343059146,26.8048815230125,49.662298891946335,-21.73320471065019,-1.030465051036444,-22.763669761686636,50.038950975855705,-22.915038271015984,-0.3190311818272207,-23.234069452843205,50.2636941965532,-22.997255476464055,-1.4539387200891483,-24.451194196553203
2015-12-26,BJCO,6.385,2.45,30.7,2015,12,26,360,0.0266580181375819,26.658018137581895,0.0258453124236969,25.8453124236969,0.0254291666666666,25.4291666666666,25.4291666666666,51.747916666666654,25.4291666666666,26.658018137581895,51.3713400319384,26.658018137581895,25.8453124236969,51.629929343059146,25.8453124236969,49.668887844152636,-23.320113964497136,0.30924425792639454,-23.01086970657074,50.04570013946778,-22.55038326446629,-1.6500044513045964,-24.200387715770884,50.271727038569686,-24.071990243136252,-0.7705701287668347,-24.842560371903087
2015-12-27,BJCO,6.385,2.45,30.7,2015,12,27,361,0.0272457995410843,27.2457995410843,0.0264645850493196,26.4645850493196,0.0259708333333333,25.9708333333333,25.9708333333333,51.747916666666654,25.9708333333333,27.2457995410843,51.3713400319384,27.2457995410843,26.4645850493196,51.629929343059146,26.4645850493196,49.675459856013326,-23.828766916109647,1.3991066011806197,-22.429660314929027,50.05242221473247,-24.41479792590576,0.8269607604928808,-23.587837165412875,50.27973220714279,-23.549515369657566,-0.759383504151927,-24.308898873809493
2015-12-28,BJCO,6.385,2.45,30.7,2015,12,28,362,0.0261933747668252,26.1933747668252,0.0244202619271674,24.4202619271674,0.0243708333333333,24.3708333333333,24.3708333333333,51.747916666666654,49.55794709737823,26.1933747668252,51.3713400319384,26.1933747668252,24.4202619271674,51.629929343059146,24.4202619271674,49.682015105852074,-24.786409244509148,1.2977689054822719,-23.488640339026873,50.05911722147743,-27.615448364489215,1.9765930701791845,-25.63885529431003,50.287709631520364,-24.87693590158636,-1.0399403966007057,-25.916876298187063
2015-12-29,BJCO,6.385,2.45,30.7,2015,12,29,363,0.0248684094652631,24.8684094652631,0.0237690251093863,23.769025109386305,0.0251083333333333,25.1083333333333,25.1083333333333,51.747916666666654,25.1083333333333,24.8684094652631,51.3713400319384,24.8684094652631,23.769025109386305,51.629929343059146,23.769025109386305,49.688553744649894,-26.76244057586458,1.9422962964777852,-24.820144279386795,50.065785150545466,-27.729633519053003,1.4328734778938426,-26.29676004115916,50.2956591897886,-26.07302812683124,0.885702270375937,-25.187325856455303
2015-12-30,BJCO,6.385,2.45,30.7,2015,12,30,364,0.0293034172114469,29.3034172114469,0.0285311693016832,28.5311693016832,0.0305916666666666,30.5916666666666,30.5916666666666,51.747916666666654,30.5916666666666,29.3034172114469,51.3713400319384,29.3034172114469,28.5311693016832,51.629929343059146,28.5311693016832,49.6950758873963,-22.509737573437153,2.1180788974877487,-20.3916586759494,50.07242597211928,-22.496488207913107,0.955231537477033,-21.541256670436077,50.303580709438876,-21.18453351581289,1.4726194730406164,-19.711914042772275
2016-01-01,BJCO,6.385,2.45,30.7,2016,1,1,366,0.0340705661170146,34.0705661170146,0.0330494626121571,33.0494626121571,0.0351541666666666,35.1541666666666,35.1541666666666,35.1541666666666,35.1541666666666,34.0705661170146,34.0705661170146,34.0705661170146,33.0494626121571,33.0494626121571,33.0494626121571,49.70807112157629,-15.71216302185718,0.07465801729549071,-15.637505004561689,50.08562616718118,-17.124648660643,0.08848510561892198,-17.036163555024082,50.319338813191294,-15.258003431250366,0.09283128472566915,-15.165172146524696
2016-01-02,BJCO,6.385,2.45,30.7,2016,1,2,367,0.0315486900287311,31.548690028731095,0.0302207949255444,30.2207949255444,0.0293541666666666,29.3541666666666,29.3541666666666,51.747916666666654,29.3541666666666,31.548690028731095,51.3713400319384,31.548690028731095,30.2207949255444,51.629929343059146,30.2207949255444,49.71454439987638,-18.55744016241956,0.39158579127427373,-18.165854371145286,50.0921854214558,-19.959784012918945,0.08839351700753895,-19.871390495911402,50.32717492407475,-21.265171134045953,0.2921628766378106,-20.973008257408146
2016-01-03,BJCO,6.385,2.45,30.7,2016,1,3,368,0.0274522747318779,27.4522747318779,0.026724773640227,26.724773640227,0.0278166666666666,27.8166666666666,27.8166666666666,51.747916666666654,27.8166666666666,27.4522747318779,51.3713400319384,27.4522747318779,26.724773640227,51.629929343059146,26.724773640227,49.72100152382978,-24.255698821625625,1.986972029673744,-22.268726791951877,50.098717318909856,-25.32836199243663,1.95441831375377,-23.373943678682856,50.334982046362306,-24.15925164052101,1.6409362608253062,-22.518315379695707
2016-01-04,BJCO,6.385,2.45,30.7,2016,1,4,369,0.0283344805931746,28.3344805931746,0.0269149136983024,26.9149136983024,0.02745,27.45,27.45,51.747916666666654,27.45,28.3344805931746,51.3713400319384,28.3344805931746,26.9149136983024,51.629929343059146,26.9149136983024,49.727442483153624,-20.829605734609643,-0.5633561553693767,-21.392961889979023,50.10522170964789,-21.464536167895613,-1.725771843449877,-23.190308011345493,50.34275986631675,-16.880323030384403,-6.012436835932341,-22.892759866316748
2016-01-05,BJCO,6.385,2.45,30.7,2016,1,5,370,0.0310055205568741,31.0055205568741,0.0301889326056751,30.1889326056751,0.0294833333333333,29.4833333333333,29.4833333333333,51.747916666666654,29.4833333333333,31.0055205568741,51.3713400319384,31.0055205568741,30.1889326056751,51.629929343059146,30.1889326056751,49.73386723444183,-19.18837875805148,0.46003208048374944,-18.728346677567732,50.11169843644089,-19.377172705312283,-0.5455931254535074,-19.92276583076579,50.35050806529847,-17.83547328969795,-3.03170144226722,-20.86717473196517
2016-01-06,BJCO,6.385,2.45,30.7,2016,1,6,371,0.0320503235586528,32.050323558652806,0.0333139658586534,33.3139658586534,0.0359208333333333,35.9208333333333,35.9208333333333,35.9208333333333,35.9208333333333,32.050323558652806,51.3713400319384,32.050323558652806,33.3139658586534,33.3139658586534,33.3139658586534,49.74027569179887,-15.562336550612653,-2.1276155825334087,-17.689952133146065,50.11814732035109,-16.60523330745065,-0.1989481542470415,-16.804181461697695,50.35822630692392,-16.069023487942175,1.6316305143515564,-14.437392973590619
2016-01-07,BJCO,6.385,2.45,30.7,2016,1,7,372,0.0272893499056713,27.289349905671298,0.028777057497615,28.777057497615,0.0291291666666666,29.1291666666666,29.1291666666666,51.747916666666654,29.1291666666666,27.289349905671298,51.3713400319384,27.289349905671298,28.777057497615,51.629929343059146,28.777057497615,49.746667738515015,-16.344524853469192,-6.112792979374525,-22.457317832843717,50.124568169365254,-17.878812760020242,-3.468697911730011,-21.347510671750253,50.36591424698409,-15.641413609726285,-5.595333970591206,-21.23674758031749
2016-01-08,BJCO,6.385,2.45,30.7,2016,1,8,373,0.0297592954552823,29.7592954552823,0.0301628452028255,30.1628452028255,0.0314291666666666,31.4291666666666,31.4291666666666,51.747916666666654,31.4291666666666,29.7592954552823,51.3713400319384,29.7592954552823,30.1628452028255,51.629929343059146,30.1628452028255,49.75304331527388,-19.00684175759883,-0.9869061023927443,-19.99374785999158,50.130960845645916,-18.443750998173712,-1.5243646446467025,-19.968115642820415,50.373571589734425,-18.20712497484425,-0.7372799482235735,-18.944404923067825
2016-01-09,BJCO,6.385,2.45,30.7,2016,1,9,374,0.038739461184544,38.739461184544,0.0362017818250051,36.2017818250051,0.0363,36.3,36.3,36.3,36.3,38.739461184544,38.739461184544,38.739461184544,36.2017818250051,36.2017818250051,36.2017818250051,49.759402416123116,-18.450657435108738,7.43071620352962,-11.019941231579118,50.13732525935767,-17.939536371727904,4.003992937375337,-13.935543434352567,50.38119806752741,-17.82563286233432,3.7444347948069066,-14.08119806752741
2016-01-10,BJCO,6.385,2.45,30.7,2016,1,10,375,0.0391709757567629,39.1709757567629,0.0383177946943253,38.3177946943253,0.0392916666666666,39.2916666666666,39.2916666666666,39.2916666666666,39.2916666666666,39.1709757567629,39.1709757567629,39.1709757567629,38.3177946943253,38.3177946943253,38.3177946943253,49.76574506684154,-19.677820139122453,9.083050829043813,-10.59476931007864,50.143661336933874,-19.910139339643653,8.084272697035075,-11.825866642608574,50.38879341056134,-19.65244590465261,8.555319160757868,-11.09712674389474
2016-01-11,BJCO,6.385,2.45,30.7,2016,1,11,376,0.0366798377260121,36.679837726012096,0.0344801898368933,34.4801898368933,0.0345041666666666,34.5041666666666,34.5041666666666,34.5041666666666,34.5041666666666,36.679837726012096,36.679837726012096,36.679837726012096,34.4801898368933,34.4801898368933,34.4801898368933,49.77207130517346,-16.055335146606645,2.9631015674452783,-13.092233579161366,50.14996898438543,-16.97406125444077,1.3042821069486408,-15.669779147492129,50.39635732361016,-17.125934789953128,1.2337441330095658,-15.892190656943562
2016-01-13,BJCO,6.385,2.45,30.7,2016,1,13,378,0.0359212519229847,35.921251922984695,0.035188028742649,35.188028742649,0.0367458333333333,36.745833333333294,36.745833333333294,36.745833333333294,36.745833333333294,35.921251922984695,35.921251922984695,35.921251922984695,35.188028742649,35.188028742649,35.188028742649,49.78467458494204,-19.371359581706166,5.507936919748822,-13.863422661957344,50.16249835887043,-21.709740859844253,6.735271243622826,-14.974469616221427,50.41138946271552,-22.973486201836693,9.307930072454468,-13.665556129382225
2016-01-14,BJCO,6.385,2.45,30.7,2016,1,14,379,0.0386104654638619,38.6104654638619,0.0364767008317047,36.4767008317047,0.0386541666666666,38.6541666666666,38.6541666666666,38.6541666666666,38.6541666666666,38.6104654638619,38.6104654638619,38.6104654638619,36.4767008317047,36.4767008317047,36.4767008317047,49.790951508007296,-21.648677002138815,10.468190957993414,-11.180486044145397,50.16871962479238,-23.19324576714648,9.501226974058795,-13.692018793087684,50.41885687234489,-11.861720032902292,0.09702982722399867,-11.764690205678292
2016-01-18,BJCO,6.385,2.45,30.7,2016,1,18,383,0.0470308786663498,47.0308786663498,0.0433029137702201,43.3029137702201,0.0455583333333333,45.558333333333294,45.558333333333294,45.558333333333294,45.558333333333294,47.0308786663498,47.0308786663498,47.0308786663498,35.188028742649,43.3029137702201,43.3029137702201,49.81589074743242,-16.682226658202797,13.897214577120181,-2.7850120810826198,50.19330779520431,-16.244306023655227,1.2390269710999178,-15.00527905255531,50.448390917424135,-15.292356662870787,10.402299078779947,-4.89005758409084
2016-01-19,BJCO,6.385,2.45,30.7,2016,1,19,384,0.0511190820170439,51.11908201704389,0.0505943685675228,50.5943685675228,0.0523458333333333,52.3458333333333,52.3458333333333,52.3458333333333,52.3458333333333,35.921251922984695,51.11908201704389,51.11908201704389,35.188028742649,50.5943685675228,50.5943685675228,49.82208257768417,-14.568435308765928,0.6676046540664515,-13.900830654699476,50.19937880016375,-14.60025701373291,-0.41109304378183964,-15.011350057514747,50.45568791339951,-13.15129824704288,15.041443666976669,1.8901454199337948
2016-01-28,BJCO,6.385,2.45,30.7,2016,1,28,393,0.0281791944841043,28.1791944841043,0.0260810116689657,26.0810116689657,0.0258,25.8,25.8,51.747916666666654,25.8,28.1791944841043,51.3713400319384,28.1791944841043,26.0810116689657,51.629929343059146,26.0810116689657,49.87699607087937,-1.6828991670111422,-20.014902419763928,-21.69780158677507,50.25255457245301,-0.7035949763527232,-23.467947927134585,-24.171542903487307,50.519686506908606,0.12338629026327805,-24.84307279717188,-24.719686506908605
2016-01-29,BJCO,6.385,2.45,30.7,2016,1,29,394,0.0254399394818555,25.4399394818555,0.0236517737445634,23.6517737445634,0.0229916666666666,22.9916666666666,22.9916666666666,51.747916666666654,49.55794709737823,25.4399394818555,51.3713400319384,25.4399394818555,23.6517737445634,51.629929343059146,23.6517737445634,49.88300367996318,-1.26518862686588,-23.177875571241803,-24.44306419810768,50.25829197464018,1.378437573611897,-27.984955803688678,-26.60651823007678,50.526601188821715,0.8533599199137,-28.388294442068815,-27.534934522155115
2016-01-30,BJCO,6.385,2.45,30.7,2016,1,30,395,0.0233191255155055,23.319125515505498,0.0217593525111404,21.7593525111404,0.0215083333333333,21.5083333333333,21.5083333333333,51.747916666666654,49.55794709737823,23.319125515505498,51.3713400319384,49.14734633736466,21.7593525111404,51.629929343059146,49.02120414412796,49.88899181874129,-0.10731966245262736,-26.462546640783163,-26.56986630323579,50.26399374353454,1.19424101308137,-29.698882245475513,-28.504641232394142,50.53347469772285,-6.117335348154964,-22.907806016234588,-29.02514136438955
2016-02-01,BJCO,6.385,2.45,30.7,2016,2,1,397,0.0271414956865917,27.1414956865917,0.0246126339291793,24.612633929179303,0.0271666666666666,27.1666666666666,27.1666666666666,51.747916666666654,27.1666666666666,27.1414956865917,51.3713400319384,27.1414956865917,24.612633929179303,51.629929343059146,24.612633929179303,49.900908894613366,-0.3527221765292909,-22.406691031492375,-22.759413208021666,50.27528909835385,-0.5775611861390828,-25.085093983035467,-25.66265516917455,50.54709626070193,-0.19353626724554102,-23.186893326789786,-23.380429594035327
2016-02-02,BJCO,6.385,2.45,30.7,2016,2,2,398,0.0316344825806297,31.6344825806297,0.0287398658828495,28.7398658828495,0.0299166666666666,29.9166666666666,29.9166666666666,51.747916666666654,29.9166666666666,31.6344825806297,51.3713400319384,31.6344825806297,28.7398658828495,51.629929343059146,28.7398658828495,49.90683751641761,2.484052567339814,-20.756407503127722,-18.27235493578791,50.2808821102865,1.55759407992208,-23.098610307359078,-21.541016227436998,50.55384342034538,1.5596058643532673,-22.196782618032046,-20.63717675367878
2016-02-03,BJCO,6.385,2.45,30.7,2016,2,3,399,0.0352622747340188,35.2622747340188,0.0332899534648014,33.2899534648014,0.0345416666666666,34.5416666666666,34.5416666666666,34.5416666666666,34.5416666666666,35.2622747340188,35.2622747340188,35.2622747340188,33.2899534648014,33.2899534648014,33.2899534648014,49.91274605591163,2.9480575311787147,-17.598528853071542,-14.65047132189283,50.286438379082156,3.0862039940302752,-20.08268890831103,-16.996484914280757,50.56054765542981,-14.65300600951253,-1.3658749792506768,-16.018880988763208
2016-02-04,BJCO,6.385,2.45,30.7,2016,2,4,400,0.0362209304949562,36.2209304949562,0.0352264150194571,35.2264150194571,0.0365875,36.5875,36.5875,36.5875,36.5875,36.2209304949562,36.2209304949562,36.2209304949562,35.2264150194571,35.2264150194571,35.2264150194571,49.91863449305295,-13.1148161760856,-0.5828878220111449,-13.697703998096749,50.29195778001146,-14.567606826304452,-0.49793593424990945,-15.065542760554358,50.56720866881134,-13.326345790437514,-0.6533628783738266,-13.979708668811341
2016-02-05,BJCO,6.385,2.45,30.7,2016,2,5,401,0.0304158000273672,30.4158000273672,0.0297232503131605,29.723250313160506,0.0318833333333333,31.883333333333297,31.883333333333297,51.747916666666654,31.883333333333297,30.4158000273672,51.3713400319384,30.4158000273672,29.723250313160506,51.629929343059146,29.723250313160506,49.924502859110504,-2.1882827697909732,-17.320420061952333,-19.508702831743303,50.29744024989529,-18.971316878459895,-1.6028730582748878,-20.574189936734783,50.57382622723138,-17.305358788080596,-1.3851341058174853,-18.69049289389808
2016-02-06,BJCO,6.385,2.45,30.7,2016,2,6,402,0.0319412559388886,31.9412559388886,0.0314373095962349,31.437309596234897,0.03355,33.550000000000004,33.550000000000004,51.747916666666654,33.550000000000004,31.9412559388886,51.3713400319384,31.9412559388886,31.437309596234897,51.629929343059146,31.437309596234897,49.93035123183439,-1.208160448669218,-16.78093484427658,-17.989095292945795,50.30288576199797,-3.2608285712241027,-15.60474759453897,-18.865576165763073,50.580400144442216,-1.4713399211778713,-15.55906022326434,-17.03040014444221
2016-02-07,BJCO,6.385,2.45,30.7,2016,2,7,403,0.0372755671061873,37.275567106187296,0.0348030048545374,34.8030048545374,0.0370666666666666,37.0666666666666,37.0666666666666,37.0666666666666,37.0666666666666,37.275567106187296,37.275567106187296,37.275567106187296,34.8030048545374,34.8030048545374,34.8030048545374,49.93617970656619,-12.356151668393379,-0.30446093198551694,-12.660612600378897,50.308294317093655,1.463706787673157,-16.96899625022941,-15.505289462556256,50.58693027054992,1.529662219953434,-15.049925823836759,-13.520263603883322
2016-02-08,BJCO,6.385,2.45,30.7,2016,2,8,404,0.0378378012757292,37.8378012757292,0.0347974494692471,34.7974494692471,0.0356291666666666,35.6291666666666,35.6291666666666,35.6291666666666,35.6291666666666,37.8378012757292,37.8378012757292,37.8378012757292,34.7974494692471,34.7974494692471,34.7974494692471,49.94198839961524,3.0904971264601406,-15.194684250346185,-12.104187123886042,50.31366594368678,0.4782055370661908,-15.994422011505868,-15.51621647443968,50.59341649033437,1.4012739764945012,-16.365523800162272,-14.964249823667771
2016-02-09,BJCO,6.385,2.45,30.7,2016,2,9,405,0.0363010229774147,36.3010229774147,0.0338629353972235,33.8629353972235,0.0352125,35.2125,35.2125,35.2125,35.2125,36.3010229774147,36.3010229774147,36.3010229774147,33.8629353972235,33.8629353972235,33.8629353972235,49.94777747166689,3.118214446859719,-16.764968941111903,-13.646754494252185,50.319000720664484,1.895025339971271,-18.35109066341225,-16.45606532344098,50.59985873422085,1.5676407309630207,-16.954999465183874,-15.387358734220854
2016-02-10,BJCO,6.385,2.45,30.7,2016,2,10,406,0.0246182561225394,24.6182561225394,0.0228637223712185,22.8637223712185,0.0235375,23.5375,35.2125,51.747916666666654,49.55794709737823,24.6182561225394,51.3713400319384,24.6182561225394,22.8637223712185,51.629929343059146,22.8637223712185,49.95354710370655,1.765585427175453,-27.1008764083426,-25.335290981167148,50.32429876710122,0.6777474026357204,-28.13832379851844,-27.46057639588272,50.60625696330162,1.0721576980244338,-16.465914661326053,-15.39375696330162
2016-02-11,BJCO,6.385,2.45,30.7,2016,2,11,407,0.0275406358547921,27.5406358547921,0.025496010419167,25.496010419167,0.0273125,27.3125,27.3125,51.747916666666654,27.3125,27.5406358547921,51.3713400319384,27.5406358547921,25.496010419167,51.629929343059146,25.496010419167,49.95929748862781,1.8084176617758352,-24.227079295611546,-22.41866163383571,50.32956021846291,-0.10746054186397216,-24.726089257431937,-24.83354979929591,50.612611163256375,0.1992702622336698,-23.499381425490046,-23.300111163256375
2016-02-12,BJCO,6.385,2.45,30.7,2016,2,12,408,0.0298051817604596,29.8051817604596,0.0290754206764877,29.0754206764877,0.03205,32.050000000000004,32.050000000000004,51.747916666666654,32.050000000000004,29.8051817604596,51.3713400319384,29.8051817604596,29.0754206764877,51.629929343059146,29.0754206764877,49.965028837186004,-19.238486070046843,-0.921361006679561,-20.159847076726404,50.334785213608214,-1.9226675653438914,-19.336696971776625,-21.259364537120515,50.6189213337544,-0.7313665474570247,-17.837554786297375,-18.568921333754396
2016-02-13,BJCO,6.385,2.45,30.7,2016,2,13,409,0.0405319235067174,40.531923506717405,0.0368624028133108,36.8624028133108,0.0412083333333333,41.2083333333333,41.2083333333333,41.2083333333333,41.2083333333333,40.531923506717405,40.531923506717405,40.531923506717405,36.8624028133108,36.8624028133108,36.8624028133108,49.97074138405421,-10.275235911652537,0.8364180343157344,-9.438817877336803,50.33997389431909,-15.560796664840247,2.083225583831961,-13.477571081008286,50.62518748415935,-12.153659474729333,2.7368053239032832,-9.416854150826047
2016-02-14,BJCO,6.385,2.45,30.7,2016,2,14,410,0.0459032577124879,45.9032577124879,0.0428231819883061,42.8231819883061,0.0451583333333333,45.1583333333333,45.1583333333333,45.1583333333333,45.1583333333333,45.9032577124879,45.9032577124879,45.9032577124879,42.8231819883061,42.8231819883061,42.8231819883061,49.97643542699697,-1.5526153464528132,-2.520562368056261,-4.073177714509072,50.345126422175206,-9.968578444611047,2.4466340107419384,-7.521944433869109,50.63140964423473,-5.658095350223656,0.18501903932222774,-5.473076310901426
2016-02-15,BJCO,6.385,2.45,30.7,2016,2,15,411,0.0486809899660144,48.6809899660144,0.0488798478072742,48.8798478072742,0.0501458333333333,50.1458333333333,50.1458333333333,50.1458333333333,50.1458333333333,48.6809899660144,48.6809899660144,48.6809899660144,48.8798478072742,48.8798478072742,48.8798478072742,49.982111304860865,-1.365165058100083,0.06404371925361829,-1.301121338846464,50.350242973844765,-0.8355246738186293,-0.6348704927519293,-1.4703951665705617,50.63758785698395,-0.15095323652681558,-0.3408012871238313,-0.4917545236506484
2016-02-16,BJCO,6.385,2.45,30.7,2016,2,16,412,0.0487573139216135,48.757313921613495,0.0510572166652863,51.0572166652863,0.0525208333333333,52.5208333333333,52.5208333333333,52.5208333333333,52.5208333333333,48.757313921613495,48.757313921613495,48.757313921613495,51.0572166652863,51.0572166652863,51.0572166652863,49.987769380338335,0.5536640037425575,-1.7841194624673946,-1.2304554587248404,50.355323731970984,0.7424515840999415,-0.04055865078462517,0.7018929333153139,50.64372219401461,1.6202343598736522,0.2568767794450437,1.8771111393186928
2016-02-17,BJCO,6.385,2.45,30.7,2016,2,17,413,0.0492432188892788,49.2432188892788,0.0497112830699491,49.7112830699491,0.0491,49.1,49.1,49.1,49.1,49.2432188892788,49.2432188892788,49.2432188892788,49.7112830699491,49.7112830699491,49.7112830699491,49.99340998329746,0.6693531945048293,-1.4195442885234897,-0.7501910940186605,50.360368856292666,0.21123414543091296,-0.8603199317744838,-0.6490857863435693,50.64981270844553,0.2408272506106422,-1.790639959056172,-1.549812708445529
2016-02-18,BJCO,6.385,2.45,30.7,2016,2,18,414,0.0415587065129502,41.5587065129502,0.0433292722962853,43.329272296285296,0.0441458333333333,44.1458333333333,44.1458333333333,44.1458333333333,44.1458333333333,41.5587065129502,41.5587065129502,41.5587065129502,43.329272296285296,43.329272296285296,43.329272296285296,49.999033391378426,1.6808182096480841,-10.121145088076311,-8.440326878428223,50.36537848364979,1.3860101474084061,-8.422116334772902,-7.036106187364496,50.655859417090724,-0.3345867046086863,-6.1754393791487345,-6.510026083757424
2016-02-19,BJCO,6.385,2.45,30.7,2016,2,19,415,0.0468148240600017,46.814824060001705,0.0459356463343837,45.9356463343837,0.0465458333333333,46.5458333333333,46.5458333333333,46.5458333333333,46.5458333333333,46.814824060001705,46.814824060001705,46.814824060001705,45.9356463343837,45.9356463343837,45.9356463343837,50.00463989302564,-6.922584820249691,3.7327689872257537,-3.1898158330239355,50.37035273107117,-5.1340310151173965,0.6993246184299196,-4.434706396687474,50.66186232190484,-5.490974805728968,1.3749458171574247,-4.116028988571543
2016-02-20,BJCO,6.385,2.45,30.7,2016,2,20,416,0.0456076292412462,45.6076292412462,0.0441711128762499,44.1711128762499,0.0449458333333333,44.9458333333333,44.9458333333333,44.9458333333333,44.9458333333333,45.6076292412462,45.6076292412462,45.6076292412462,44.1711128762499,44.1711128762499,44.1711128762499,50.01022980244706,-5.347496799744597,0.9448962385437412,-4.402600561200856,50.37529169345173,-5.984412462178233,-0.21976635502359443,-6.204178817201829,50.66782143285878,-4.838986826276164,-0.8830012732493202,-5.721988099525483
2016-02-21,BJCO,6.385,2.45,30.7,2016,2,21,417,0.0476453526267663,47.645352626766304,0.0459003123101248,45.9003123101248,0.0476041666666666,47.6041666666666,47.6041666666666,47.6041666666666,47.6041666666666,47.645352626766304,47.645352626766304,47.645352626766304,45.9003123101248,45.9003123101248,45.9003123101248,50.01580342898485,-2.3586892385107423,-0.011761563707807454,-2.3704508022185493,50.380195459861554,-2.830454036793788,-1.6494291129429683,-4.479883149736757,50.67373678735832,-3.448534585158462,0.3789644644667405,-3.069570120691722
2016-02-22,BJCO,6.385,2.45,30.7,2016,2,22,418,0.0511151667962943,51.1151667962943,0.0504766857227314,50.4766857227314,0.0509541666666666,50.9541666666666,50.9541666666666,50.9541666666666,50.9541666666666,51.1151667962943,51.1151667962943,51.1151667962943,50.4766857227314,50.4766857227314,50.4766857227314,50.02136103800622,-0.025493721761243995,1.119299480049321,1.0938057582880774,50.385064132040895,0.418237106183816,-0.3266155154933088,0.09162159069050801,50.67960842671745,-1.3913648784482198,1.665923118397373,0.2745582399491511
2016-02-23,BJCO,6.385,2.45,30.7,2016,2,23,419,0.0455541979805983,45.5541979805983,0.0436118105854321,43.6118105854321,0.0450708333333333,45.0708333333333,45.0708333333333,45.0708333333333,45.0708333333333,45.5541979805983,45.5541979805983,45.5541979805983,43.6118105854321,43.6118105854321,43.6118105854321,50.02690283372927,-3.3063688630499075,-1.166335990081059,-4.472704853130963,50.38989776942721,-3.1147591685315112,-3.663328015463591,-6.778087183995105,50.68543638672696,-2.645778320889571,-2.968824732504096,-5.614603053393665
2016-02-24,BJCO,6.385,2.45,30.7,2016,2,24,420,0.0428845503855905,42.8845503855905,0.0385099034536796,38.5099034536796,0.0407916666666666,40.7916666666666,40.7916666666666,40.7916666666666,40.7916666666666,42.8845503855905,42.8845503855905,42.8845503855905,38.5099034536796,38.5099034536796,38.5099034536796,50.03242896562461,-3.112110808992067,-4.035767771042046,-7.14787858003411,50.39469636432511,-1.746158297994637,-10.138634612650868,-11.884792910645508,50.69122069954318,-1.482960251080538,-8.416593781796038,-9.89955403287658
2016-02-25,BJCO,6.385,2.45,30.7,2016,2,25,421,0.0441602140529601,44.1602140529601,0.0454770949271785,45.477094927178506,0.0478,47.8,47.8,47.8,47.8,44.1602140529601,44.1602140529601,44.1602140529601,45.477094927178506,45.477094927178506,45.477094927178506,50.0379395466061,3.3201224626904127,-9.19784795633641,-5.877725493645997,50.3994598759764,1.171637864016509,-6.094002812814402,-4.922364948797892,50.69696138214559,-0.07443762339356927,-2.8225237587520198,-2.896961382145591
2016-02-26,BJCO,6.385,2.45,30.7,2016,2,26,422,0.0568439682672746,56.8439682672746,0.0543901221843553,54.3901221843553,0.0530041666666666,53.0041666666666,53.0041666666666,53.0041666666666,53.0041666666666,56.8439682672746,56.8439682672746,56.8439682672746,54.3901221843553,54.3901221843553,54.3901221843553,50.04343467668597,3.477777837592045,3.322755752996585,6.800533590588628,50.40418827774089,3.3447354317923077,0.6411984748220974,3.985933906614406,50.70265844596039,2.0818184509400184,0.21968976976619103,2.3015082207062107
2016-02-27,BJCO,6.385,2.45,30.7,2016,2,27,423,0.0546543237002753,54.6543237002753,0.0538344667702935,53.8344667702935,0.05415,54.15,54.15,54.15,54.15,54.6543237002753,54.6543237002753,54.6543237002753,53.8344667702935,53.8344667702935,53.8344667702935,50.04891445728897,0.9884496521032187,3.6169595908831056,4.605409242986326,50.40888156762363,0.7016258888295488,2.723959313840325,3.425585202669872,50.70831195210761,1.5017273357023782,1.9399607121900146,3.4416880478923915
2016-02-28,BJCO,6.385,2.45,30.7,2016,2,28,424,0.0529404918891328,52.9404918891328,0.0523656687969686,52.3656687969686,0.0517666666666666,51.7666666666666,51.7666666666666,51.7666666666666,51.7666666666666,52.9404918891328,52.9404918891328,52.9404918891328,52.3656687969686,52.3656687969686,52.3656687969686,50.054379001004264,0.9543056402712362,1.9318072478573,2.8861128881285367,50.413539771022094,-0.5711076062316454,2.523236632178147,1.9521290259465047,50.71392200909461,-0.4749338352434086,1.5276784928153972,1.052744657571992
2016-02-29,BJCO,6.385,2.45,30.7,2016,2,29,425,0.0535007104058079,53.5007104058079,0.0544636546365994,54.4636546365994,0.0540208333333333,54.0208333333333,54.0208333333333,54.0208333333333,54.0208333333333,53.5007104058079,53.5007104058079,53.5007104058079,54.4636546365994,54.4636546365994,54.4636546365994,50.059828407881035,-0.49574260513658763,3.93662460306345,3.4408819979268657,50.41816292367312,-3.442625861265627,7.488117574191904,4.045491712926278,50.719488732398894,-2.706264861121632,6.007609462056038,3.3013446009344065
2016-03-01,BJCO,6.385,2.45,30.7,2016,3,1,426,0.0559095636595098,55.9095636595098,0.0565616749680018,56.5616749680018,0.056425,56.425,56.425,56.425,56.425,55.9095636595098,55.9095636595098,55.9095636595098,56.5616749680018,56.5616749680018,56.5616749680018,50.06526273728252,2.9142757008316402,2.9300252213956455,5.8443009222272835,50.42275101921674,1.4491693347126524,4.689754614072413,6.138923948785063,50.72501220432679,1.1688317827406414,4.53115601293257,5.699987795673209
2016-03-02,BJCO,6.385,2.45,30.7,2016,3,2,427,0.0451877253470908,45.1877253470908,0.0484375042258203,48.4375042258203,0.047375,47.375,47.375,47.375,47.375,45.1877253470908,45.1877253470908,45.1877253470908,48.4375042258203,48.4375042258203,48.4375042258203,50.070682060133755,-2.170512285769909,-2.7124444272730486,-4.882956713042958,50.42730406477543,-1.540696467120232,-0.44910337183489446,-1.989799838955129,50.730492522833245,-1.3465027469375095,-2.008989775895735,-3.355492522833245
2016-03-03,BJCO,6.385,2.45,30.7,2016,3,3,428,0.0395440968765456,39.5440968765456,0.0420693627285466,42.069362728546594,0.0427916666666666,42.7916666666666,54.0208333333333,42.7916666666666,42.7916666666666,52.5187378711745,39.5440968765456,39.5440968765456,54.4636546365994,42.069362728546594,42.069362728546594,50.076086426316955,0.6567263206451084,1.78592512421244,2.442651444857546,50.43182205183655,0.4731785918452932,3.558653992917563,4.031832584762853,50.73592978463862,0.255328095990077,3.0295754527045986,3.284903548694679
2016-03-05,BJCO,6.385,2.45,30.7,2016,3,5,430,0.0568757461708086,56.87574617080861,0.0596743423663419,59.6743423663419,0.0598208333333333,59.8208333333333,59.8208333333333,59.8208333333333,59.8208333333333,56.87574617080861,56.87574617080861,56.87574617080861,59.6743423663419,59.6743423663419,59.6743423663419,50.0868502486972,1.0582003389751222,5.7306955831362885,6.788895922111408,50.44075279078791,-3.247145983379821,12.480735558933809,9.233589575553985,50.74667545208185,-1.8572419582067983,10.931399839458244,9.074157881251445
2016-03-06,BJCO,6.385,2.45,30.7,2016,3,6,431,0.0523898787188007,52.3898787188007,0.0552210514839323,55.2210514839323,0.0543166666666666,54.316666666666606,54.316666666666606,54.316666666666606,54.316666666666606,52.3898787188007,52.3898787188007,52.3898787188007,55.2210514839323,55.2210514839323,55.2210514839323,50.09220955985242,2.3042756890199696,-0.006606530071685768,2.297669158948281,50.4451654426037,-0.38724142955164315,5.163127470880241,4.775886041328597,50.75198396763067,-0.028853593299770622,3.593536292335706,3.5646826990359344
2016-03-07,BJCO,6.385,2.45,30.7,2016,3,7,432,0.0525187378711745,52.5187378711745,0.0526908209370099,52.6908209370099,0.0539458333333333,53.9458333333333,53.9458333333333,53.9458333333333,53.9458333333333,52.5187378711745,52.5187378711745,52.5187378711745,52.6908209370099,52.6908209370099,52.6908209370099,50.09755364091569,1.9661746423660802,0.45500958789273227,2.4211842302588096,50.44954282471176,0.708540873339634,1.5327372389585037,2.24127811229814,50.75724962630924,2.0403117110830307,1.1482719959410304,3.1885837070240584
2016-03-08,BJCO,6.385,2.45,30.7,2016,3,8,433,0.0564849668809367,56.4849668809367,0.0572706257525571,57.2706257525571,0.0570458333333333,57.045833333333306,57.045833333333306,57.045833333333306,57.045833333333306,56.4849668809367,56.4849668809367,56.4849668809367,57.2706257525571,57.2706257525571,57.2706257525571,50.10288232355257,2.277644238084541,4.1044403192995915,6.3820845573841325,50.453884793638615,1.0166502632900833,5.8000906956284055,6.816740958918487,50.762472402576684,1.4712537238413832,4.812107206915236,6.283360930756622
2016-03-09,BJCO,6.385,2.45,30.7,2016,3,9,434,0.053596602549523,53.596602549523,0.0533907344103499,53.3907344103499,0.0546041666666666,54.6041666666666,54.6041666666666,54.6041666666666,54.6041666666666,53.596602549523,53.596602549523,53.596602549523,53.3907344103499,53.3907344103499,53.3907344103499,50.10819539814339,0.40926458320723724,3.0791425681723723,3.4884071513796115,50.45819117974059,0.5457786692771371,2.3867645613321784,2.932543230609312,50.767652250302945,1.5220080882667948,2.3145063280968614,3.8365144163636558
2016-03-12,BJCO,6.385,2.45,30.7,2016,3,12,437,0.0579513869731362,57.9513869731362,0.0581515014843776,58.1515014843776,0.0586,58.6,58.6,58.6,58.6,57.9513869731362,57.9513869731362,57.9513869731362,58.1515014843776,58.1515014843776,58.1515014843776,50.124038213452245,2.545615253380244,5.281733506303716,7.827348759683957,50.470894454577156,1.8370888690782847,5.843518160722155,7.680607029800441,50.78293368214477,0.881944756915961,6.935121560939265,7.817066317855229
2016-03-14,BJCO,6.385,2.45,30.7,2016,3,14,439,0.0561083880833036,56.1083880833036,0.0612648469062174,61.2648469062174,0.0595083333333333,59.5083333333333,59.5083333333333,59.5083333333333,59.5083333333333,56.1083880833036,56.1083880833036,56.1083880833036,57.2706257525571,61.2648469062174,61.2648469062174,50.13451684325715,4.227084881853705,1.7467863581927432,5.973871240046449,50.47918103741919,2.6266833182955938,4.164761396842323,6.791444715137914,50.79290614136867,2.306411640995664,6.409015550968967,8.71542719196463
2016-03-15,BJCO,6.385,2.45,30.7,2016,3,15,440,0.0544225841824208,54.4225841824208,0.0542964265706461,54.296426570646105,0.0554458333333333,55.4458333333333,55.4458333333333,55.4458333333333,55.4458333333333,54.4225841824208,54.4225841824208,54.4225841824208,54.296426570646105,54.296426570646105,54.296426570646105,50.1397303513518,3.949194615191176,0.3336592158778231,4.282853831068998,50.48326912554948,2.7216328084287325,1.0915246366678986,3.8131574450966284,50.79782808691593,4.665025997968606,-0.017020751551235946,4.64800524641737
2016-03-16,BJCO,6.385,2.45,30.7,2016,3,16,441,0.0581971806549285,58.1971806549285,0.0577744359324863,57.77443593248631,0.0592333333333333,59.2333333333333,59.2333333333333,59.2333333333333,59.2333333333333,58.1971806549285,58.1971806549285,58.1971806549285,57.77443593248631,57.77443593248631,57.77443593248631,50.14492628990991,5.392419248329832,2.659835116688761,8.052254365018591,50.48732020170465,4.14086704100394,3.146248689777721,7.2871157307816645,50.80270736725235,4.057616968909993,4.373008997170956,8.430625966080946
2016-03-17,BJCO,6.385,2.45,30.7,2016,3,17,442,0.0619610538141085,61.961053814108496,0.0568745961630015,56.8745961630015,0.0591833333333333,59.1833333333333,59.1833333333333,59.1833333333333,59.1833333333333,61.961053814108496,61.961053814108496,61.961053814108496,56.8745961630015,56.8745961630015,56.8745961630015,50.15010433526873,4.2765119947480095,7.534437484091761,11.810949478839767,50.49133405387129,2.586539399099842,3.796722710030366,6.383262109130207,50.80754409615565,3.4977312670068286,4.878057970170822,8.37578923717765
2016-03-18,BJCO,6.385,2.45,30.7,2016,3,18,443,0.0588533098006524,58.8533098006524,0.0583549126081105,58.3549126081105,0.0588833333333333,58.8833333333333,58.8833333333333,58.8833333333333,58.8833333333333,58.8533098006524,58.8533098006524,58.8533098006524,58.3549126081105,58.3549126081105,58.3549126081105,50.155264127160464,5.69172019982631,3.006325473665626,8.698045673491933,50.49531042739007,6.290918381347629,1.5686837993727991,7.8596021807204295,50.81233835962418,6.774431317112455,1.2965636565966605,8.07099497370912
2016-03-19,BJCO,6.385,2.45,30.7,2016,3,19,444,0.056762980888319,56.762980888319,0.0564248693910924,56.4248693910924,0.0569333333333333,56.9333333333333,56.9333333333333,56.9333333333333,56.9333333333333,56.762980888319,56.762980888319,56.762980888319,56.4248693910924,56.4248693910924,56.4248693910924,50.160405279062765,3.395900507416567,3.2066751018396644,6.602575609256235,50.49924901418603,1.9761035861811314,3.949516790725241,5.925620376906373,50.817090189246805,2.819146708566752,3.297096435519741,6.116243144086496
2016-03-20,BJCO,6.385,2.45,30.7,2016,3,20,445,0.0552944956082702,55.2944956082702,0.0552868725495941,55.2868725495941,0.0555083333333333,55.5083333333333,55.5083333333333,55.5083333333333,55.5083333333333,55.2944956082702,55.2944956082702,55.2944956082702,55.2868725495941,55.2868725495941,55.2868725495941,50.1655274038074,4.182778690690766,0.9461895137720333,5.128968204462801,50.503149445908676,4.945431170143331,-0.16170806645790492,4.783723103685425,50.82179955384161,3.9773800776073647,0.7091537018843255,4.68653377949169
2016-03-21,BJCO,6.385,2.45,30.7,2016,3,21,446,0.0534399966875962,53.4399966875962,0.058518027437613,58.518027437613,0.0573875,57.3875,57.3875,57.3875,57.3875,53.4399966875962,53.4399966875962,53.4399966875962,58.518027437613,58.518027437613,58.518027437613,50.170630127233515,4.457839861653612,-1.1884733012909265,3.269366560362684,50.50701130545875,5.782137541847617,2.2288785903066355,8.011016132154253,50.82646639027708,2.7064158775338525,3.8546177321890696,6.561033609722919
2016-03-22,BJCO,6.385,2.45,30.7,2016,3,22,447,0.0551255883033905,55.1255883033905,0.0551635448766225,55.163544876622495,0.0536333333333333,53.6333333333333,53.6333333333333,53.6333333333333,53.6333333333333,55.1255883033905,55.1255883033905,55.1255883033905,55.163544876622495,55.163544876622495,55.163544876622495,50.175713037620966,3.0341836513119835,1.9156916144575504,4.949875265769535,50.51083412715166,4.586469585835622,0.06624116363521182,4.652710749470835,50.831090620767235,3.634010203512299,-0.831767490946234,2.8022427125660627
2016-03-23,BJCO,6.385,2.45,30.7,2016,3,23,448,0.0583120608700395,58.312060870039495,0.0553391532106831,55.3391532106831,0.05625,56.25,56.25,56.25,56.25,58.312060870039495,58.312060870039495,58.312060870039495,55.3391532106831,55.3391532106831,55.3391532106831,50.18077566979831,4.685234910555566,3.4460502896856227,8.131285200241187,50.51461738911927,6.192059525434177,-1.3675237038703472,4.824535821563828,50.83567211891266,6.149208210999996,-0.7348803299126558,5.414327881087338
2016-03-24,BJCO,6.385,2.45,30.7,2016,3,24,449,0.0590472572171467,59.0472572171467,0.0593747844484386,59.3747844484386,0.0599125,59.9125,59.9125,59.9125,59.9125,59.0472572171467,59.0472572171467,59.0472572171467,59.3747844484386,59.3747844484386,59.3747844484386,50.18581749572145,0.5572436684757998,8.30419605294945,8.86143972142525,50.518360509199404,8.980789378645383,-0.1243654394061906,8.856423939239193,50.84021071734382,-0.10566090263905208,9.17795018529523,9.072289282656179
2016-03-25,BJCO,6.385,2.45,30.7,2016,3,25,450,0.0578581896183202,57.8581896183202,0.0607084965258124,60.7084965258124,0.0593625,59.3625,59.3625,59.3625,59.3625,57.8581896183202,57.8581896183202,57.8581896183202,60.7084965258124,60.7084965258124,60.7084965258124,50.19083795091178,3.6968837424421515,3.9704679249662718,7.667351667408425,50.522062860669585,-3.6449765274568526,13.83141019259967,10.186433665142815,50.84470621483391,-3.0764805356835536,11.594274320849635,8.517793785166084
2016-03-26,BJCO,6.385,2.45,30.7,2016,3,26,451,0.0594506208996041,59.4506208996041,0.0579079987183265,57.907998718326496,0.05845,58.45,58.45,58.45,58.45,59.4506208996041,59.4506208996041,59.4506208996041,57.907998718326496,57.907998718326496,57.907998718326496,50.19583642290156,4.714463799822065,4.5403206768804765,9.25478447670254,50.52572378861924,3.6217304979308937,3.760544431776367,7.382274929707258,50.84915838492553,3.6275360842290354,3.973305530845437,7.600841615074472
2016-03-27,BJCO,6.385,2.45,30.7,2016,3,27,452,0.0625522405732495,62.5522405732495,0.061271735779325,61.271735779325,0.0606333333333333,60.6333333333333,60.6333333333333,60.6333333333333,60.6333333333333,58.2553902348125,62.5522405732495,62.5522405732495,61.271735779325,61.271735779325,61.271735779325,50.20081223688936,6.531498106072231,1.5230798918509123,8.05457799792314,50.529342605761414,8.958034025968052,1.7843591475955307,10.742393173563585,50.85356696288392,7.3565904287541874,2.4231759416951917,9.77976637044938
2016-03-28,BJCO,6.385,2.45,30.7,2016,3,28,453,0.0579544178964,57.9544178964,0.0597604309124314,59.7604309124314,0.0592624999999999,59.262499999999896,59.262499999999896,59.262499999999896,59.262499999999896,57.9544178964,57.9544178964,57.9544178964,59.7604309124314,59.7604309124314,59.7604309124314,50.20576464630248,6.49180466983048,1.2568485802670466,7.748653250097526,50.53291856564354,7.690431589655004,1.5370807571328555,9.227512346787861,50.85793164264347,6.969984865694571,1.4345834916618543,8.404568357356425
2016-03-29,BJCO,6.385,2.45,30.7,2016,3,29,454,0.056437197264613,56.437197264613,0.0570333187027797,57.0333187027797,0.0582625,58.2625,58.2625,58.2625,58.2625,56.437197264613,56.437197264613,56.437197264613,57.0333187027797,57.0333187027797,57.0333187027797,50.21069282335884,6.033443416484884,0.19306102476927123,6.226504441254157,50.5364508726292,5.954064971402052,0.5428028587484448,6.496867830150499,50.862252061062826,6.174267008139014,1.2259809307981655,7.400247938937177
2016-03-30,BJCO,6.385,2.45,30.7,2016,3,30,455,0.0582553902348125,58.2553902348125,0.0583101093519364,58.3101093519364,0.0605041666666666,60.5041666666666,58.2625,60.5041666666666,60.5041666666666,58.2553902348125,58.2553902348125,58.2553902348125,58.3101093519364,58.3101093519364,58.3101093519364,50.21559586449598,6.218089487068106,1.8217048832484153,8.039794370316521,50.53993873147307,4.8744866484543,2.8956839720090244,7.770170620463325,50.866527832433675,5.492158567562256,1.9038136000040708,7.3959721675663275
2016-04-01,BJCO,6.385,2.45,30.7,2016,4,1,457,0.0588379162075069,58.8379162075069,0.0571031598875249,57.1031598875249,0.0571541666666666,57.154166666666605,57.154166666666605,57.154166666666605,57.154166666666605,58.8379162075069,58.8379162075069,58.8379162075069,57.1031598875249,57.1031598875249,57.1031598875249,50.22532275721924,6.171738491228601,2.4408549590590596,8.612593450287662,50.546777801210126,5.250566988718198,1.3058150975965788,6.556382086314777,50.874943773005164,5.286077685905995,0.9931452077554468,6.279222893661441
2016-04-02,BJCO,6.385,2.45,30.7,2016,4,2,458,0.05324871586274,53.24871586274,0.0561053194030378,56.1053194030378,0.0560291666666666,56.029166666666605,56.029166666666605,56.029166666666605,56.029166666666605,53.24871586274,53.24871586274,53.24871586274,56.1053194030378,56.1053194030378,56.1053194030378,50.23014477253422,3.1016515090953187,-0.0830804188895371,3.018571090205782,50.550127407490095,4.574147302258266,0.9810446932894337,5.555191995547702,50.8790831804381,4.613397996799469,0.5366854894290327,5.150083486228503
2016-04-03,BJCO,6.385,2.45,30.7,2016,4,3,459,0.0496699575976435,49.669957597643496,0.0517046467731906,51.7046467731906,0.0512125,51.2125,51.2125,51.2125,51.2125,49.669957597643496,49.669957597643496,49.669957597643496,51.7046467731906,51.7046467731906,51.7046467731906,50.2349380005962,0.9593067813677545,-1.524287184320464,-0.5649804029527061,50.55342941927324,3.4187950745121474,-2.2675777205947867,1.1512173539173602,50.88317643636968,2.369392882332272,-2.0400693187019527,0.329323563630318
2016-04-04,BJCO,6.385,2.45,30.7,2016,4,4,460,0.0513550369166415,51.355036916641495,0.0510380877126466,51.0380877126466,0.0507208333333333,50.720833333333296,50.720833333333296,50.720833333333296,50.720833333333296,51.355036916641495,51.355036916641495,51.355036916641495,51.0380877126466,51.0380877126466,51.0380877126466,50.23970159123939,0.0037286521251720384,1.1116066732769383,1.115335325402107,50.55668314440939,1.2220335575520045,-0.7406289893147928,0.4814045682372097,50.88722320969819,-0.4112989549241823,0.24490907855928867,-0.16638987636489588
2016-04-05,BJCO,6.385,2.45,30.7,2016,4,5,461,0.0552962867940913,55.2962867940913,0.0541500226913059,54.1500226913059,0.0548708333333333,54.8708333333333,54.8708333333333,54.8708333333333,54.8708333333333,55.2962867940913,55.2962867940913,55.2962867940913,54.1500226913059,54.1500226913059,54.1500226913059,50.24443473458099,2.129365372730403,2.922486686779905,5.05185205951031,50.55988790309599,1.4357170445873049,2.154417743622602,3.590134788209909,50.89122317249884,2.034083355623726,1.9455268052107328,3.9796101608344614
2016-04-06,BJCO,6.385,2.45,30.7,2016,4,6,462,0.0604919653352765,60.4919653352765,0.0575085543191545,57.5085543191545,0.0583583333333333,58.3583333333333,58.3583333333333,58.3583333333333,58.3583333333333,60.4919653352765,60.4919653352765,60.4919653352765,57.5085543191545,57.5085543191545,57.5085543191545,50.2491366289909,4.7825261262638845,5.460302580021718,10.2428287062856,50.563043043338084,3.8156747838086713,3.1298364920077404,6.945511275816415,50.89517599710383,2.669042273460389,4.79411506276908,7.463157336229472
2016-04-07,BJCO,6.385,2.45,30.7,2016,4,7,463,0.0603563847900723,60.3563847900723,0.059881679319383,59.881679319383,0.0591333333333333,59.1333333333333,59.1333333333333,59.1333333333333,59.1333333333333,60.3563847900723,60.3563847900723,60.3563847900723,59.881679319383,59.881679319383,59.881679319383,50.253806453194805,5.726313169728517,4.376265167148979,10.102578336877492,50.56614792136706,6.6528167469328645,2.6627146510830713,9.315531398015935,50.89908134209457,5.333933009101594,2.9003189821371365,8.234251991238729
2016-04-08,BJCO,6.385,2.45,30.7,2016,4,8,464,0.0535180305420456,53.5180305420456,0.0567660594850033,56.7660594850033,0.056375,56.375,56.375,56.375,56.375,53.5180305420456,53.5180305420456,53.5180305420456,56.7660594850033,56.7660594850033,56.7660594850033,50.258443364901744,2.8300171281682265,0.4295700489756271,3.2595871771438567,50.56920187663562,4.336071365069664,1.8607862432980156,6.196857608367679,50.902938839907044,3.5857844918025945,1.886276668290364,5.472061160092956
2016-04-09,BJCO,6.385,2.45,30.7,2016,4,9,465,0.0567940609643161,56.7940609643161,0.0590036924274928,59.0036924274928,0.0610874999999999,61.0874999999999,61.0874999999999,61.0874999999999,61.0874999999999,56.7940609643161,56.7940609643161,56.7940609643161,59.0036924274928,59.0036924274928,59.0036924274928,50.26304655174214,4.06279174936769,2.4682226632062694,6.53101441257396,50.57220422755217,5.360078652560383,3.0714095473802487,8.431488199940631,50.9067480957196,6.138637968357679,4.042113935922622,10.1807519042803
2016-04-10,BJCO,6.385,2.45,30.7,2016,4,10,466,0.05096174655283,50.96174655283,0.0569286332419964,56.9286332419964,0.0573875,57.3875,57.3875,57.3875,57.3875,50.96174655283,50.96174655283,50.96174655283,56.9286332419964,56.9286332419964,56.9286332419964,50.267615258294754,4.425494117227845,-3.7313628226925957,0.6941312945352465,50.57515427236679,5.908332793396706,0.4451461762329103,6.353478969629613,50.91050869619416,6.31348819524513,0.16350310856071815,6.476991303805846
2016-04-11,BJCO,6.385,2.45,30.7,2016,4,11,467,0.0560401851788395,56.0401851788395,0.0575925440821501,57.5925440821501,0.0568291666666666,56.8291666666666,56.8291666666666,56.8291666666666,56.8291666666666,56.0401851788395,56.0401851788395,56.0401851788395,57.5925440821501,57.5925440821501,57.5925440821501,50.27214875303038,5.915220046556856,-0.1471836207477324,5.768036425809122,50.57805128911069,6.970871128210374,0.043621664829032625,7.014492793039409,50.91422021877913,5.953796862867514,-0.038850414980039716,5.914946447887473
2016-04-12,BJCO,6.385,2.45,30.7,2016,4,12,468,0.0573427381207853,57.342738120785306,0.0566646387618347,56.6646387618347,0.056425,56.425,56.425,56.425,56.425,57.342738120785306,57.342738120785306,57.342738120785306,56.6646387618347,56.6646387618347,56.6646387618347,50.276646305099106,5.161126290761032,1.9049655249251671,7.0660918156862,50.58089456747117,6.79242894532061,-0.708684750957076,6.083744194363533,50.91788227798732,5.520199463136965,-0.01308174112428162,5.50711772201268
2016-04-13,BJCO,6.385,2.45,30.7,2016,4,13,469,0.0522915229324152,52.2915229324152,0.0543017146709928,54.3017146709928,0.0545833333333333,54.5833333333333,54.5833333333333,54.5833333333333,54.5833333333333,52.2915229324152,52.2915229324152,52.2915229324152,54.3017146709928,54.3017146709928,54.3017146709928,50.28110717810221,6.0988205087126515,-4.0884047543996616,2.0104157543129872,50.5836834143617,5.336461209306512,-1.6184299526754131,3.7180312566311002,50.92149451316435,5.230343044207782,-1.5685042240388327,3.6618388201689527
2016-04-14,BJCO,6.385,2.45,30.7,2016,4,14,470,0.0548232370774178,54.8232370774178,0.0537511230602788,53.7511230602788,0.0545458333333333,54.5458333333333,54.5458333333333,54.5458333333333,54.5458333333333,54.8232370774178,54.8232370774178,54.8232370774178,53.7511230602788,53.7511230602788,53.7511230602788,50.285530671417995,5.783313509248933,-1.245607103249128,4.537706405999806,50.58641718822077,6.59608035834314,-3.431374486285108,3.164705872058029,50.92505661006189,5.04874480706185,-1.4279680837904394,3.620776723271412
2016-04-15,BJCO,6.385,2.45,30.7,2016,4,15,471,0.0531645431695781,53.1645431695781,0.0533548112893546,53.3548112893546,0.052,52.0,52.0,52.0,52.0,53.1645431695781,53.1645431695781,53.1645431695781,53.3548112893546,53.3548112893546,53.3548112893546,50.289916129577335,0.45350080164251666,2.421126238358248,2.8746270400007674,50.58909530401711,0.8722381363899114,1.8934778489475832,2.7657159853374935,50.92856830263245,0.7382020924584726,0.3332296049090786,1.0714316973675508
2016-04-16,BJCO,6.385,2.45,30.7,2016,4,16,472,0.0466012320672236,46.6012320672236,0.0493635402085177,49.3635402085177,0.0488916666666666,48.8916666666666,51.875,48.8916666666666,48.8916666666666,50.5379066736498,46.6012320672236,46.6012320672236,49.3635402085177,49.3635402085177,49.3635402085177,50.294262905099124,-2.6267262469626833,2.870370015513359,0.24364376855067604,50.591717216150684,-3.2550512753596363,2.0268742677266474,-1.2281770076329863,50.932029339729475,-1.4010068284226875,2.3439774886932128,0.9429706602705252
2016-04-17,BJCO,6.385,2.45,30.7,2016,4,17,473,0.0505168409032033,50.516840903203295,0.0509662039214047,50.9662039214047,0.051875,51.875,51.875,51.875,51.875,50.516840903203295,50.516840903203295,50.516840903203295,50.9662039214047,50.9662039214047,50.9662039214047,50.298570298048645,-2.114087125089799,2.3323577302444463,0.21827060515465035,50.59428238737104,-4.562518312986218,4.934439847019881,0.37192153403366035,50.935439446917044,-2.5895205770577427,3.529081130140696,0.9395605530829556
2016-04-18,BJCO,6.385,2.45,30.7,2016,4,18,474,0.0504842576158287,50.484257615828696,0.0514540837919491,51.4540837919491,0.0501874999999999,50.1874999999999,50.1874999999999,50.1874999999999,50.1874999999999,50.484257615828696,50.484257615828696,50.484257615828696,51.4540837919491,51.4540837919491,51.4540837919491,50.3028375661688,-0.8897103001775344,1.071130349837432,0.18142004965989855,50.59679024931832,-1.1396125303621811,1.9969060729929637,0.857293542630785,50.938798349588325,-2.2689215971057473,1.5176232475173208,-0.7512983495884242
2016-04-19,BJCO,6.385,2.45,30.7,2016,4,19,475,0.0505379066736498,50.5379066736498,0.0508355784928642,50.8355784928642,0.0512791666666666,51.2791666666666,51.2791666666666,51.2791666666666,51.2791666666666,50.5379066736498,50.5379066736498,50.5379066736498,50.8355784928642,50.8355784928642,50.8355784928642,50.30706394478116,0.420685587373834,-0.18984285850519456,0.23084272886863744,50.599240196224756,-0.5670014614582686,0.8033397580977137,0.2363382966394454,50.94210577619959,0.6506064796774385,-0.3135455892104275,0.3370608904670078
2016-04-20,BJCO,6.385,2.45,30.7,2016,4,20,476,0.0473678978230674,47.3678978230674,0.0498377988963555,49.8377988963555,0.0508708333333333,50.8708333333333,50.8708333333333,50.8708333333333,50.8708333333333,47.3678978230674,47.3678978230674,47.3678978230674,49.8377988963555,49.8377988963555,49.8377988963555,50.311248658324985,-1.217180294183374,-1.726170541074211,-2.943350835257583,50.601631612441395,-0.4137864443600818,-0.3500462717258088,-0.7638327160858935,50.945361483441275,-0.3321914525407427,0.2576633024327677,-0.07452815010797309
2016-04-21,BJCO,6.385,2.45,30.7,2016,4,21,477,0.046012201014377,46.012201014377005,0.0485131574678718,48.5131574678718,0.0479666666666666,47.966666666666605,47.966666666666605,47.966666666666605,47.966666666666605,48.6111780610741,46.012201014377005,46.012201014377005,48.5131574678718,48.5131574678718,48.5131574678718,50.315390925267124,-0.7751470561263951,-0.9290658080666319,-1.7042128641930248,50.60396389597631,-2.7702029010999776,0.6793964729954709,-2.090806428104507,50.94856525913909,-1.733927174287656,-1.2479714181848252,-2.981898592472483
2016-04-22,BJCO,6.385,2.45,30.7,2016,4,22,478,0.0482231760132175,48.223176013217504,0.047306406455055,47.30640645505501,0.0480958333333333,48.0958333333333,48.0958333333333,48.0958333333333,48.0958333333333,48.223176013217504,48.223176013217504,48.223176013217504,47.30640645505501,47.30640645505501,47.30640645505501,50.319489951579165,-0.22428387534394548,-1.8720300630177178,-2.0963139383616607,50.606236437216694,-1.820461834912928,-1.4793681472487563,-3.2998299821616826,50.951716883807634,-0.6352832895377886,-2.2206002609365427,-2.8558835504743314
2016-04-23,BJCO,6.385,2.45,30.7,2016,4,23,479,0.0486111780610741,48.6111780610741,0.0477676240986138,47.7676240986138,0.0490541666666666,49.0541666666666,49.0541666666666,49.0541666666666,49.0541666666666,48.6111780610741,48.6111780610741,48.6111780610741,47.7676240986138,47.7676240986138,47.7676240986138,50.32354493744714,-0.8312092675928962,-0.8811576087801427,-1.7123668763730393,50.60844865022643,-1.1039454739211683,-1.7368790776914622,-2.840824551612627,50.95481615652626,-0.48704113962836526,-1.4136083502312928,-1.90064948985966
2016-04-24,BJCO,6.385,2.45,30.7,2016,4,24,480,0.0523424496553649,52.3424496553649,0.0516537683707602,51.65376837076021,0.0531833333333333,53.183333333333294,53.183333333333294,53.183333333333294,53.183333333333294,52.3424496553649,52.3424496553649,52.3424496553649,51.65376837076021,51.65376837076021,51.65376837076021,50.327555080504496,0.8041848036207664,1.2107097712396424,2.0148945748604064,50.6105999723704,-1.0906577592467683,2.1338261576365767,1.0431683983898097,50.95786288361271,-0.532785019900145,2.758255469620728,2.225470449720582
2016-04-25,BJCO,6.385,2.45,30.7,2016,4,25,481,0.05328817050499,53.28817050499,0.0530427094024212,53.0427094024212,0.0526666666666666,52.6666666666666,52.6666666666666,52.6666666666666,52.6666666666666,53.28817050499,53.28817050499,53.28817050499,53.0427094024212,53.0427094024212,53.0427094024212,50.33151959056913,1.4146120348667701,1.5420388795540987,2.9566509144208695,50.61268987987114,0.5256914646472043,1.904328057902859,2.4300195225500616,50.960856858095816,1.3386336535413463,0.36717615502944057,1.705809808570784
2016-04-26,BJCO,6.385,2.45,30.7,2016,4,26,482,0.0539988436231899,53.9988436231899,0.0549850336284894,54.98503362848941,0.0552625,55.2625,55.2625,55.2625,55.2625,53.9988436231899,53.9988436231899,53.9988436231899,54.98503362848941,54.98503362848941,54.98503362848941,50.33543772556268,1.9636193548483951,1.6997865427788241,3.6634058976272215,50.61471789557196,3.11436631121049,1.2559494217069656,4.3703157329174545,50.96379789551203,3.6197944301378184,0.6789076743501568,4.2987021044879725
2016-04-27,BJCO,6.385,2.45,30.7,2016,4,27,483,0.0539960959351543,53.9960959351543,0.0526131862599186,52.6131862599186,0.0541166666666666,54.1166666666666,54.1166666666666,54.1166666666666,54.1166666666666,53.9960959351543,53.9960959351543,53.9960959351543,52.6131862599186,52.6131862599186,52.6131862599186,50.33930877166888,1.8025139546832765,1.854273208802141,3.6567871634854185,50.61668357557226,2.2099550234878276,-0.2134523391414902,1.9965026843463392,50.96668582297903,3.411220432418625,-0.26123958873105124,3.1499808436875725
2016-04-28,BJCO,6.385,2.45,30.7,2016,4,28,484,0.0578200684886508,57.8200684886508,0.0583578545297994,58.3578545297994,0.0576166666666666,57.6166666666666,57.6166666666666,57.6166666666666,57.6166666666666,53.9960959351543,57.8200684886508,57.8200684886508,58.3578545297994,58.3578545297994,58.3578545297994,50.34313201357407,0.9408361252815471,2.712127796298681,3.6529639215802305,50.61858646913163,2.6978839581184744,5.041384102549294,7.739268060667769,50.96952046084766,3.394740920965187,3.252405284853758,6.647146205818942
2016-04-29,BJCO,6.385,2.45,30.7,2016,4,29,485,0.0542340269646714,54.2340269646714,0.0562939708693703,56.2939708693703,0.0562625,56.2625,56.2625,56.2625,56.2625,54.2340269646714,54.2340269646714,54.2340269646714,56.2939708693703,56.2939708693703,56.2939708693703,50.34690673660951,1.8964754350479431,1.9906447930139421,3.887120228061889,50.62042611335965,2.8461719378975032,2.8273728181131474,5.673544756010649,50.972301632960345,2.3699319982360376,2.920266368803617,5.2901983670396575
2016-04-30,BJCO,6.385,2.45,30.7,2016,4,30,486,0.0523297801940369,52.3297801940369,0.0541677198914858,54.1677198914858,0.0537083333333333,53.7083333333333,53.7083333333333,53.7083333333333,53.7083333333333,52.3297801940369,52.3297801940369,52.3297801940369,54.1677198914858,54.1677198914858,54.1677198914858,50.3506322203537,2.482613263537904,-0.5034652898547094,1.9791479736831974,50.62220202854213,2.599673182599162,0.9458446803445142,3.545517862943676,50.97502914668957,2.0917353090670514,0.6415688775766739,2.7333041866437284
2016-05-01,BJCO,6.385,2.45,30.7,2016,5,1,487,0.049779344969855,49.779344969855,0.050463948319019,50.463948319019,0.0524375,52.4375,52.4375,52.4375,52.4375,49.779344969855,49.779344969855,49.779344969855,50.463948319019,50.463948319019,50.463948319019,50.35430776456246,0.1420340657873126,-0.7169968604947741,-0.57496279470746,50.62391376859628,1.5722410470185337,-1.7322064965958148,-0.1599654495772782,50.977702838254835,2.3666266317150253,-0.9068294699698569,1.4597971617451648
2016-05-02,BJCO,6.385,2.45,30.7,2016,5,2,488,0.0486406900306511,48.6406900306511,0.0489523997092393,48.9523997092393,0.0510208333333333,51.0208333333333,51.0208333333333,51.0208333333333,51.0208333333333,48.6406900306511,48.6406900306511,48.6406900306511,48.9523997092393,48.9523997092393,48.9523997092393,50.35793269435261,1.6599162072208151,-3.3771588709223295,-1.7172426637015121,50.62556092953172,1.3152568450021103,-2.988418065294532,-1.673161220292421,50.98032258206813,2.562552649871298,-2.5220418986061333,0.04051075126516679
2016-05-03,BJCO,6.385,2.45,30.7,2016,5,3,489,0.0533971514189152,53.3971514189152,0.0541118507376347,54.1118507376347,0.0541791666666666,54.1791666666666,54.1791666666666,54.1791666666666,54.1791666666666,53.3971514189152,53.3971514189152,53.3971514189152,54.1118507376347,54.1118507376347,54.1118507376347,50.36150634200697,2.6679141375146704,0.36773093939356016,3.0356450769082315,50.627143139843746,3.678412531710107,-0.19370493391915744,3.484707597790951,50.982888287742135,3.8603889216013063,-0.6641105426768377,3.196278378924468
2016-05-04,BJCO,6.385,2.45,30.7,2016,5,4,490,0.0569507991693511,56.9507991693511,0.0575396747224482,57.5396747224482,0.0569333333333333,56.9333333333333,56.9333333333333,56.9333333333333,56.9333333333333,56.9507991693511,56.9507991693511,56.9507991693511,57.5396747224482,57.5396747224482,57.5396747224482,50.365028053465394,3.8543764882792857,2.73139462760642,6.585771115885706,50.62866009316552,4.11753689470714,2.793477734575532,6.9110146292826755,50.98539991836872,3.397305067123197,2.550628347841382,5.947933414964581
2016-05-05,BJCO,6.385,2.45,30.7,2016,5,5,491,0.0574451107494228,57.4451107494228,0.0570371874171813,57.0371874171813,0.0565708333333333,56.5708333333333,56.5708333333333,56.5708333333333,56.5708333333333,57.4451107494228,57.4451107494228,57.4451107494228,57.0371874171813,57.0371874171813,57.0371874171813,50.36849719358693,5.574139024589725,1.5024745312461434,7.07661355583587,50.630111537566584,5.190339771472851,1.2167361081418662,6.407075879614716,50.987857474520176,5.607894327358761,-0.024918468545642725,5.582975858813121
2016-05-06,BJCO,6.385,2.45,30.7,2016,5,6,492,0.0574172159014285,57.4172159014285,0.0566835524528185,56.6835524528185,0.0563416666666666,56.341666666666605,56.341666666666605,56.341666666666605,56.341666666666605,57.4172159014285,57.4172159014285,57.4172159014285,56.6835524528185,56.6835524528185,56.6835524528185,50.37191315091262,6.753437062407089,0.29186568810879265,7.04530275051588,50.63149723785132,6.836195362681574,-0.784140147714389,6.052055214967183,50.99026098863017,5.9599678324888,-0.6085621544523647,5.351405678036436
2016-05-07,BJCO,6.385,2.45,30.7,2016,5,7,493,0.0553993933681855,55.3993933681855,0.0527450348481489,52.7450348481489,0.0512083333333333,51.2083333333333,51.2083333333333,51.2083333333333,51.2083333333333,55.3993933681855,55.3993933681855,55.3993933681855,52.7450348481489,52.7450348481489,52.7450348481489,50.37527530845365,6.820088428198845,-1.795970368466996,5.0241180597318476,50.632816966671825,7.545153107022897,-5.432935225545826,2.112217881477072,50.99261049267676,9.229973065038253,-9.014250224381712,0.21572284065653946
2016-05-08,BJCO,6.385,2.45,30.7,2016,5,8,494,0.0533903725038942,53.390372503894206,0.0545300756425424,54.5300756425424,0.0552541666666666,55.2541666666666,55.2541666666666,55.2541666666666,55.2541666666666,53.390372503894206,53.390372503894206,53.390372503894206,54.5300756425424,54.5300756425424,54.5300756425424,50.378583048980765,3.481663128110233,-0.4698736731967941,3.0117894549134405,50.634070531213446,4.998709277190647,-1.1027041658616952,3.8960051113289538,50.994906039539444,4.871557975153349,-0.6122973480261962,4.259260627127155
2016-05-09,BJCO,6.385,2.45,30.7,2016,5,9,495,0.0552339043938106,55.233904393810604,0.0553947318024038,55.3947318024038,0.0544583333333333,54.4583333333333,54.4583333333333,54.4583333333333,54.4583333333333,55.233904393810604,55.233904393810604,55.233904393810604,55.3947318024038,55.3947318024038,55.3947318024038,50.381835818997224,2.0363840830315834,2.815684491781795,4.85206857481338,50.6352578451803,2.0776109482934024,2.681863008930094,4.7594739572234985,50.997147753688445,2.4813983417936116,0.9797872378512409,3.461185579644855
2016-05-10,BJCO,6.385,2.45,30.7,2016,5,10,496,0.0524329011240613,52.4329011240613,0.0536936973193855,53.6936973193855,0.0540291666666666,54.0291666666666,54.0291666666666,54.0291666666666,54.0291666666666,52.4329011240613,52.4329011240613,52.4329011240613,53.6936973193855,53.6936973193855,53.6936973193855,50.385033108302366,2.700452429761504,-0.6525844140025683,2.0478680157589366,50.63637890978289,3.4854260871032765,-0.4281076775006696,3.0573184096026083,50.99933582439735,3.3117049497278876,-0.2818741074586413,3.0298308422692486
2016-05-11,BJCO,6.385,2.45,30.7,2016,5,11,497,0.0505489468709085,50.5489468709085,0.0497831505801616,49.7831505801616,0.0508291666666666,50.8291666666666,54.4583333333333,50.8291666666666,50.8291666666666,50.5489468709085,50.5489468709085,50.5489468709085,54.5300756425424,49.7831505801616,49.7831505801616,50.38817444376569,2.5879046010547926,-2.4271321739119855,0.1607724271428097,50.6374337780746,3.8035830829032156,0.08905878156458158,3.892641864467798,51.00147046215907,3.250939324461531,0.20592354671269675,3.4568628711742306
2016-05-12,BJCO,6.385,2.45,30.7,2016,5,12,498,0.053274207811551,53.274207811550994,0.0572180884957194,57.21808849571941,0.0601041666666666,60.1041666666666,54.4583333333333,60.1041666666666,60.1041666666666,53.274207811550994,53.274207811550994,53.274207811550994,57.21808849571941,57.21808849571941,57.21808849571941,50.39125937741295,4.2180821274229405,-1.3351336932848952,2.8829484341380436,50.63842253761578,4.78978765454955,1.789878303554076,6.579665958103625,51.003551888425676,2.8187080641088977,0.6360733807987273,3.454781444907624
2016-05-13,BJCO,6.385,2.45,30.7,2016,5,13,499,0.0526260165558102,52.6260165558102,0.0548033929632423,54.803392963242295,0.0555916666666666,55.591666666666605,55.591666666666605,55.591666666666605,55.591666666666605,52.6260165558102,52.6260165558102,52.6260165558102,54.803392963242295,54.803392963242295,54.803392963242295,50.39428747581918,4.194249512750413,-1.9625204327593906,2.2317290799910197,50.63934527215907,4.840032115245819,-0.6759844241625927,4.164047691083226,51.005580321007535,3.9618141018648876,0.6242722437941808,4.586086345659069
2016-05-14,BJCO,6.385,2.45,30.7,2016,5,14,500,0.0517862362328626,51.7862362328626,0.0501147844174617,50.1147844174617,0.0522166666666666,52.2166666666666,52.2166666666666,52.2166666666666,52.2166666666666,51.7862362328626,51.7862362328626,51.7862362328626,50.1147844174617,50.1147844174617,50.1147844174617,50.3972583259028,4.201743361771003,-2.812765454811199,1.388977906959802,50.64020203055183,4.51216231258877,-5.037579925678905,-0.5254176130901342,51.007555946976424,6.663198047128574,-5.454087327438401,1.2091107196901731
2016-05-15,BJCO,6.385,2.45,30.7,2016,5,15,501,0.0568678026994205,56.8678026994205,0.0558675156042877,55.8675156042877,0.0583875,58.3875,58.3875,58.3875,58.3875,56.8678026994205,56.8678026994205,56.8678026994205,55.8675156042877,55.8675156042877,55.8675156042877,50.40017153604906,6.638018898094308,-0.1703877347228655,6.467631163371443,50.640992837426346,5.660208829461024,-0.43368606259966924,5.226522766861358,51.009478925659685,6.905622758772449,0.47239831556786527,7.378021074340317
2016-05-16,BJCO,6.385,2.45,30.7,2016,5,16,502,0.0598947670670741,59.8947670670741,0.0606484135277479,60.6484135277479,0.0625625,62.56249999999999,62.56249999999999,62.56249999999999,62.56249999999999,59.8947670670741,59.8947670670741,59.8947670670741,60.6484135277479,60.6484135277479,60.6484135277479,50.40302673670922,8.129514222087817,1.3622261082770564,9.491740330364877,50.64171771114957,7.926587804796692,2.0801080118016415,10.00669581659833,51.011349409738976,9.273173287975153,2.277977302285862,11.551150590261017
2016-05-17,BJCO,6.385,2.45,30.7,2016,5,17,503,0.0608175995148872,60.8175995148872,0.0620729054078914,62.0729054078914,0.0618333333333333,61.8333333333333,61.8333333333333,61.8333333333333,61.8333333333333,60.8175995148872,60.8175995148872,60.8175995148872,62.0729054078914,62.0729054078914,62.0729054078914,50.405823542039116,7.843748339057568,2.568027633790514,10.411775972848083,50.64237664480849,7.784680895285077,3.6458478677978263,11.430528763082904,51.01316752446959,7.739523221117224,3.080642587746489,10.820165808863713
2016-05-18,BJCO,6.385,2.45,30.7,2016,5,18,504,0.0594550512570104,59.4550512570104,0.0615357052284923,61.5357052284923,0.0595166666666666,59.5166666666666,59.5166666666666,59.5166666666666,59.5166666666666,59.4550512570104,59.4550512570104,59.4550512570104,61.5357052284923,61.5357052284923,61.5357052284923,50.40856159385474,6.924957668723935,2.1215319944317272,9.046489663155661,50.642969613993,8.706554174572123,2.186181439927168,10.892735614499294,51.014933394568544,7.388185269864127,1.1135480022339337,8.501733272098058
2016-05-19,BJCO,6.385,2.45,30.7,2016,5,19,505,0.0609823666024219,60.9823666024219,0.057903122176558,57.903122176558,0.0573916666666666,57.3916666666666,57.3916666666666,57.3916666666666,57.3916666666666,60.9823666024219,60.9823666024219,60.9823666024219,57.903122176558,57.903122176558,57.903122176558,50.411240636752474,9.370214111541184,1.2009118541282433,10.571125965669424,50.643496596141425,7.924631209474128,-0.6650056290575534,7.259625580416575,51.01664713998446,7.599288026443336,-1.2242684997611946,6.375019526682145
2016-05-20,BJCO,6.385,2.45,30.7,2016,5,20,506,0.0586157670000948,58.6157670000948,0.0563326268422077,56.3326268422077,0.0562416666666666,56.2416666666666,56.2416666666666,56.2416666666666,56.2416666666666,58.6157670000948,58.6157670000948,58.6157670000948,56.3326268422077,56.3326268422077,56.3326268422077,50.413860508535905,7.228385952565107,0.9735205389937889,8.201906491558894,50.64395758654293,6.696679471541194,-1.0080102158764248,5.68866925566477,51.01830887694832,5.403437880926888,-0.1800800912086018,5.2233577897182855
2016-05-21,BJCO,6.385,2.45,30.7,2016,5,21,507,0.0584257319714336,58.4257319714336,0.0591095261235844,59.1095261235844,0.0615708333333333,61.5708333333333,61.5708333333333,61.5708333333333,61.5708333333333,58.4257319714336,58.4257319714336,58.4257319714336,59.1095261235844,59.1095261235844,59.1095261235844,50.41642114141816,6.003452127681902,2.0058587023335335,8.009310830015437,50.64435263771852,6.969881671130479,1.4952918147354026,8.465173485865883,51.01991877684888,5.9007489914875375,4.650165564996875,10.550914556484415
2016-05-22,BJCO,6.385,2.45,30.7,2016,5,22,508,0.0597364081940931,59.7364081940931,0.0629688159361606,62.9688159361606,0.0624791666666666,62.4791666666666,62.4791666666666,62.4791666666666,62.4791666666666,59.7364081940931,59.7364081940931,59.7364081940931,62.9688159361606,62.9688159361606,62.9688159361606,50.418922502211984,5.533866106887161,3.783619584993957,9.317485691881117,50.64468188106801,5.983691849925725,6.340442205166866,12.324134055092593,51.02147706525565,6.499055356488651,4.958634244922294,11.457689601410948
2016-05-23,BJCO,6.385,2.45,30.7,2016,5,23,509,0.0627247430143881,62.7247430143881,0.0640996298306446,64.0996298306446,0.0631833333333333,63.1833333333333,63.1833333333333,63.1833333333333,63.1833333333333,62.7247430143881,62.7247430143881,62.7247430143881,64.0996298306446,64.0996298306446,64.0996298306446,50.42136453097106,8.427987643924299,3.875390839492745,12.303378483417042,50.644945469145505,13.840482302816632,-0.3857979413175343,13.454684361499098,51.0229839865498,12.77706669874661,-0.6167173519631035,12.160349346783505
2016-05-24,BJCO,6.385,2.45,30.7,2016,5,24,510,0.0608116256880187,60.8116256880187,0.0618044638106905,61.8044638106905,0.0609791666666666,60.9791666666666,60.9791666666666,60.9791666666666,60.9791666666666,60.8116256880187,60.8116256880187,60.8116256880187,61.8044638106905,61.8044638106905,61.8044638106905,50.423747132751565,9.853446244766642,0.5344323105004918,10.387878555267136,50.6451435568994,9.630014729169401,1.529305524621698,11.159320253791101,51.02443978591816,8.81523001054673,1.139496870201711,9.954726880748439
2016-05-25,BJCO,6.385,2.45,30.7,2016,5,25,511,0.0558738434874817,55.8738434874817,0.0577024848982856,57.7024848982856,0.0582125,58.2125,58.2125,58.2125,58.2125,55.8738434874817,55.8738434874817,55.8738434874817,57.7024848982856,57.7024848982856,57.7024848982856,50.42607017266022,8.206139074589215,-2.7583657597677345,5.447773314821482,50.64527628582235,7.94126103730947,-0.8840524248462174,7.057208612463249,51.025844680364244,7.567573501870853,-0.3809181822350993,7.186655319635754
2016-05-26,BJCO,6.385,2.45,30.7,2016,5,26,512,0.0563837731376415,56.3837731376415,0.0592144040622306,59.2144040622306,0.0575375,57.5375,57.5375,57.5375,57.5375,56.3837731376415,56.3837731376415,56.3837731376415,59.2144040622306,59.2144040622306,59.2144040622306,50.42833346732812,8.183235361072144,-2.227795690758768,5.955439670313375,50.6453437743532,8.558707496649454,0.010352791227944635,8.569060287877399,51.027198836052875,7.207629413410364,-0.69732824946324,6.510301163947126
2016-05-27,BJCO,6.385,2.45,30.7,2016,5,27,513,0.053255057208182,53.255057208182,0.0523032149775989,52.3032149775989,0.0511166666666666,51.1166666666666,57.5375,51.1166666666666,51.1166666666666,55.6540040515665,53.255057208182,53.255057208182,52.3032149775989,52.3032149775989,52.3032149775989,50.430536806437075,7.540018702524734,-2.316551457395306,5.223467245129427,50.64534609744106,5.812711080698585,-4.154842200540749,1.6578688801578352,51.02850236586826,6.723952623137931,-0.2149549890061948,6.508997634131738
2016-05-28,BJCO,6.385,2.45,30.7,2016,5,28,514,0.0552010607687542,55.2010607687542,0.0567492244755313,56.7492244755313,0.0588625,58.8625,58.8625,58.8625,58.8625,55.2010607687542,55.2010607687542,55.2010607687542,56.7492244755313,56.7492244755313,56.7492244755313,50.43268001110731,7.294028493774226,-2.5256477361273326,4.768380757646895,50.6452833234751,7.086176821554708,-0.9822356694985075,6.103941152056201,51.02975537446846,7.249135852651437,0.5836087728801047,7.832744625531539
2016-05-30,BJCO,6.385,2.45,30.7,2016,5,30,516,0.0556540040515665,55.6540040515665,0.0553492298208185,55.3492298208185,0.055875,55.875,55.875,55.875,55.875,55.6540040515665,55.6540040515665,55.6540040515665,55.3492298208185,55.3492298208185,55.3492298208185,50.43678550439442,7.024093274859419,-1.8068747276873367,5.217218547172081,50.64496295262579,6.633599415346629,-1.929332547153919,4.704266868192711,51.032110466720404,6.262785513785576,-1.4198959805059772,4.842889533279596
2016-06-02,BJCO,6.385,2.45,30.7,2016,6,2,519,0.0543618379566009,54.3618379566009,0.0557834587865866,55.7834587865866,0.0567916666666666,56.7916666666666,56.7916666666666,56.7916666666666,56.7916666666666,54.3618379566009,54.3618379566009,54.3618379566009,55.7834587865866,55.7834587865866,55.7834587865866,50.4424909973333,7.201271489112336,-3.281924529844737,3.9193469592675996,50.64399817893767,7.969648720201392,-2.830188112552463,5.139460607648928,51.03526904064778,7.677031601405248,-1.9206339753864299,5.756397626018817
2016-06-03,BJCO,6.385,2.45,30.7,2016,6,3,520,0.0565293556595347,56.5293556595347,0.0571448567457782,57.1448567457782,0.0573458333333333,57.345833333333296,57.345833333333296,57.345833333333296,57.345833333333296,56.5293556595347,56.5293556595347,56.5293556595347,57.1448567457782,57.1448567457782,57.1448567457782,50.444272215892475,8.174401761025267,-2.0893183173830394,6.085083443642226,50.643548455059445,8.418578854162158,-1.9172705634434024,6.501308290718754,51.0362231274594,8.001411066626318,-1.6918008607524229,6.309610205873895
2016-06-04,BJCO,6.385,2.45,30.7,2016,6,4,521,0.052859088971425,52.859088971425,0.0530535038800891,53.0535038800891,0.0549958333333333,54.9958333333333,54.9958333333333,54.9958333333333,54.9958333333333,52.859088971425,52.859088971425,52.859088971425,53.0535038800891,53.0535038800891,53.0535038800891,50.445993226026836,9.028423311853222,-6.615327566455058,2.4130957453981665,50.643035178797795,8.843195106124629,-6.432726404833325,2.4104687012913075,51.037128294546235,8.154624429038039,-4.195919390250971,3.958705038787066
2016-06-05,BJCO,6.385,2.45,30.7,2016,6,5,522,0.0545000487465227,54.5000487465227,0.0559635058660736,55.9635058660736,0.0573333333333333,57.3333333333333,57.3333333333333,57.3333333333333,57.3333333333333,54.5000487465227,54.5000487465227,54.5000487465227,55.9635058660736,55.9635058660736,55.9635058660736,50.44765408071921,7.473786764459821,-3.4213920986563338,4.05239466580349,50.642458666732985,7.531315638854918,-2.2102684395143086,5.321047199340612,51.03798481717909,7.731833017204253,-1.4364845010500389,6.295348516154213
2016-06-06,BJCO,6.385,2.45,30.7,2016,6,6,523,0.0571906145916154,57.1906145916154,0.0561009381030757,56.1009381030757,0.056475,56.475,56.475,56.475,56.475,57.1906145916154,57.1906145916154,57.1906145916154,56.1009381030757,56.1009381030757,56.1009381030757,50.44925481356819,7.975231268073744,-1.2338714900265302,6.741359778047212,50.6418192100168,7.68579745957647,-2.2266785665175703,5.4591188930589,51.03879295557622,7.412646002661492,-1.9764389582377078,5.4362070444237816
2016-06-07,BJCO,6.385,2.45,30.7,2016,6,7,524,0.0550314931253767,55.03149312537671,0.0585233034458431,58.5233034458431,0.0589083333333333,58.908333333333296,58.908333333333296,58.908333333333296,58.908333333333296,55.03149312537671,55.03149312537671,55.03149312537671,58.5233034458431,58.5233034458431,58.5233034458431,50.45079549220679,7.831374571159588,-3.2506769379896596,4.580697633169926,50.641117093122766,8.253563250837233,-0.37137689811689967,7.882186352720332,51.039552964583486,8.34541600050114,-0.4766356317513285,7.86878036874981
2016-06-08,BJCO,6.385,2.45,30.7,2016,6,8,525,0.0553845908449615,55.3845908449615,0.0571000106024954,57.1000106024954,0.0582041666666666,58.2041666666666,58.2041666666666,58.2041666666666,58.2041666666666,55.3845908449615,55.3845908449615,55.3845908449615,57.1000106024954,57.1000106024954,57.1000106024954,50.45227622971921,8.290228906257717,-3.357914291015426,4.932314615242291,50.64035260842324,8.799619162619173,-2.3399611685470134,6.45965799407216,51.040265113391946,9.143201042563568,-1.9792994892889126,7.1639015532746555
2016-06-09,BJCO,6.385,2.45,30.7,2016,6,9,526,0.0581769943564522,58.1769943564522,0.0578365969837465,57.836596983746496,0.0602708333333333,60.2708333333333,60.2708333333333,60.2708333333333,60.2708333333333,58.1769943564522,58.1769943564522,58.1769943564522,57.836596983746496,57.836596983746496,57.836596983746496,50.45369717660727,8.142837629685605,-0.4195404498406745,7.723297179844927,50.639526055250336,7.0215870205543105,0.17548390794184598,7.19707092849616,51.04092969740374,7.491947205098086,1.737956430831474,9.22990363592956
2016-06-10,BJCO,6.385,2.45,30.7,2016,6,10,527,0.0559810805292069,55.981080529206906,0.0552058224019437,55.2058224019437,0.0552291666666666,55.2291666666666,55.2291666666666,55.2291666666666,55.2291666666666,55.981080529206906,55.981080529206906,55.981080529206906,55.2058224019437,55.2058224019437,55.2058224019437,50.455058513349336,5.859456877099036,-0.3334348612414644,5.526022015857571,50.63863778093281,5.012611436066263,-0.4454268150553773,4.567184621010888,51.041547054434425,4.287447571050774,-0.09982795881860085,4.187619612232176
2016-06-11,BJCO,6.385,2.45,30.7,2016,6,11,528,0.0549850765277567,54.9850765277567,0.05520100326716,55.20100326716,0.0571833333333333,57.1833333333333,57.1833333333333,57.1833333333333,57.1833333333333,54.9850765277567,54.9850765277567,54.9850765277567,55.20100326716,55.20100326716,55.20100326716,50.45636046558929,4.603359493530328,-0.07464343136291518,4.528716062167412,50.637688217277415,4.414079729720535,0.14923532016204888,4.563315049882583,51.04211759367354,5.394768148990222,0.7464475906695398,6.1412157396597635
2016-06-12,BJCO,6.385,2.45,30.7,2016,6,12,529,0.0598956318173993,59.8956318173993,0.0616467083938923,61.646708393892304,0.0620458333333333,62.0458333333333,62.0458333333333,62.0458333333333,62.0458333333333,59.8956318173993,59.8956318173993,59.8956318173993,61.646708393892304,61.646708393892304,61.646708393892304,50.45760332838906,6.6920492875306286,2.7459792014796065,9.438028489010236,50.636677863009474,6.37715208524621,4.632878445636621,11.01003053088283,51.042641778619085,6.724849700423199,4.278341854291014,11.003191554714213
2016-06-13,BJCO,6.385,2.45,30.7,2016,6,13,530,0.0566783342397515,56.6783342397515,0.0580723263912799,58.0723263912799,0.0579083333333333,57.908333333333296,57.908333333333296,57.908333333333296,57.908333333333296,56.6783342397515,56.6783342397515,56.6783342397515,58.0723263912799,58.0723263912799,58.0723263912799,50.458787467446975,6.505209090748092,-0.2856623184435634,6.2195467723045255,50.63560727393358,7.2535299356968626,0.1831891816494604,7.436719117346321,51.043120104240984,7.435393414254724,-0.570180185162414,6.865213229092312
2016-06-14,BJCO,6.385,2.45,30.7,2016,6,14,531,0.057440001187793,57.440001187793,0.0576222087426422,57.6222087426422,0.0575416666666666,57.5416666666666,57.5416666666666,57.5416666666666,57.5416666666666,57.440001187793,57.440001187793,57.440001187793,57.6222087426422,57.6222087426422,57.6222087426422,50.45991332298992,6.500564642441224,0.4795232223618555,6.980087864803082,50.63447708140729,6.065370550412174,0.9223611108227345,6.9877316612349105,51.04355311576544,5.7786525692028015,0.7194609816983544,6.498113550901159
2016-06-15,BJCO,6.385,2.45,30.7,2016,6,15,532,0.0595928930939329,59.5928930939329,0.0587799775453074,58.7799775453074,0.0588,58.8,58.8,58.8,58.8,59.5928930939329,59.5928930939329,59.5928930939329,58.7799775453074,58.7799775453074,58.7799775453074,50.46098142060094,7.568425135754751,1.5634865375772122,9.131911673331963,50.633287998069136,6.806236324065942,1.3404532231723252,8.146689547238267,51.043941406427315,6.279371349215673,1.4766872443570094,7.756058593572682
2016-06-16,BJCO,6.385,2.45,30.7,2016,6,16,533,0.0528135302003725,52.8135302003725,0.0552749306513511,55.2749306513511,0.0570208333333333,57.0208333333333,57.0208333333333,57.0208333333333,57.0208333333333,52.8135302003725,52.8135302003725,52.8135302003725,55.2749306513511,55.2749306513511,55.2749306513511,50.461992334961984,4.380843081080745,-2.0293052156702345,2.3515378654105135,50.63204080763448,4.210906624444692,0.4319832192719275,4.642889843716617,51.044285596674456,4.41178603036631,1.5647617062925363,5.976547736658844
2016-06-17,BJCO,6.385,2.45,30.7,2016,6,17,534,0.0551282497694346,55.1282497694346,0.0558566538307021,55.85665383070209,0.0567,56.7,56.7,56.7,56.7,55.1282497694346,55.1282497694346,55.1282497694346,55.85665383070209,55.85665383070209,55.85665383070209,50.46294666531248,4.918757866623827,-0.25345476250170407,4.665303104122124,50.630736318792785,5.266982325687407,-0.04106481377809956,5.225917511909309,51.04458628599119,5.195696830959092,0.45971688304972247,5.655413714008816
2016-06-25,BJCO,6.385,2.45,30.7,2016,6,25,542,0.050460803071042,50.460803071042,0.0551193774045051,55.1193774045051,0.0553833333333333,55.3833333333333,55.3833333333333,55.3833333333333,55.3833333333333,50.460803071042,50.460803071042,50.460803071042,55.1193774045051,55.1193774045051,55.1193774045051,50.46863399521885,5.356510751861951,-5.364341676038805,-0.007830924176850829,50.61835476856211,6.2247694346595415,-1.7237467987165473,4.501022635942995,51.04550108937392,5.12902801598812,-0.7911957720287432,4.337832243959376
2016-06-26,BJCO,6.385,2.45,30.7,2016,6,26,543,0.0516311915486701,51.6311915486701,0.0502690197057068,50.2690197057068,0.0535374999999999,53.537499999999895,53.537499999999895,53.537499999999895,53.537499999999895,51.6311915486701,51.6311915486701,51.6311915486701,55.8359284282238,50.2690197057068,50.2690197057068,50.46911395523612,7.490615661106838,-6.328538067672852,1.1620775934339846,50.616580284946,7.297729142876645,-2.078380999598842,5.219348143277806,51.04543837925304,6.80894745652083,-4.316885835773974,2.4920616207468527
2016-06-27,BJCO,6.385,2.45,30.7,2016,6,27,544,0.0582768584153127,58.2768584153127,0.0581237026260707,58.1237026260707,0.0596875,59.6875,59.6875,59.6875,59.6875,58.2768584153127,58.2768584153127,58.2768584153127,58.1237026260707,58.1237026260707,58.1237026260707,50.46954574731793,9.356921544100087,-1.5496088761053173,7.807312667994772,50.61475944897724,9.258675307940255,-1.7497321308467946,7.508943177093464,51.045338337728275,9.585478462488027,-0.9433168002163015,8.642161662271725
2016-06-28,BJCO,6.385,2.45,30.7,2016,6,28,545,0.0575218672688618,57.5218672688618,0.0597516669655306,59.7516669655306,0.0588833333333333,58.8833333333333,58.8833333333333,58.8833333333333,58.8833333333333,57.5218672688618,57.5218672688618,57.5218672688618,55.3065495042396,59.7516669655306,59.7516669655306,50.46993045036987,7.383483251166047,-0.33154643267412354,7.051936818491924,50.61289359042307,6.43645215867118,-1.7427962448546523,4.693655913816528,51.0452016235153,7.307513658722997,0.5306180510950043,7.838131709818001
2016-06-29,BJCO,6.385,2.45,30.7,2016,6,29,546,0.0533608859930786,53.36088599307861,0.0558359284282238,55.8359284282238,0.0552083333333333,55.2083333333333,55.2083333333333,55.2083333333333,55.2083333333333,53.36088599307861,53.36088599307861,53.36088599307861,55.8359284282238,55.8359284282238,55.8359284282238,50.4702691885665,5.435119038227424,-2.5445022337153134,2.8906168045121134,50.610984048213595,5.565510341787135,-0.34056596177693166,5.224944380010207,51.04502892546494,5.746035459002899,-1.5827310511345374,4.16330440786836
2016-06-30,BJCO,6.385,2.45,30.7,2016,6,30,547,0.0539824242201001,53.9824242201001,0.0552956147046131,55.29561470461309,0.0555791666666666,55.5791666666666,55.5791666666666,55.5791666666666,55.5791666666666,53.9824242201001,53.9824242201001,53.9824242201001,55.29561470461309,55.29561470461309,55.29561470461309,50.47056311625026,4.172853612000912,-0.6609925081510752,3.5118611038498386,50.60903219140136,4.581263737604625,0.10531877560710257,4.686582513211725,51.044820966548556,4.280663400521171,0.2536822995968748,4.534345700118045
2016-07-01,BJCO,6.385,2.45,30.7,2016,7,1,548,0.0540558549124879,54.055854912487895,0.0553065495042396,55.3065495042396,0.053425,53.425,53.425,53.425,53.425,54.055854912487895,54.055854912487895,54.055854912487895,55.3065495042396,55.3065495042396,55.3065495042396,50.470813416589245,5.740389907264129,-2.1553484113654804,3.5850414958986505,50.60703941177111,5.731830985249545,-1.0323208927810583,4.699510092468486,51.044578490309505,6.583256937416694,-4.2028354277262,2.3804215096904926
2016-07-02,BJCO,6.385,2.45,30.7,2016,7,2,549,0.0534369255723147,53.4369255723147,0.0537588808302842,53.7588808302842,0.0533666666666666,53.3666666666666,53.3666666666666,53.3666666666666,53.3666666666666,53.4369255723147,53.4369255723147,53.4369255723147,53.7588808302842,53.7588808302842,53.7588808302842,50.47102130124729,7.981812284550046,-5.015908013482637,2.9659042710674086,50.60500712931817,8.377358785852282,-5.223485084886249,3.153873700966031,51.04430226757309,10.70635062520008,-8.383986226106565,2.322364399093516
2016-07-03,BJCO,6.385,2.45,30.7,2016,7,3,550,0.0550874249461042,55.0874249461042,0.0555517203638462,55.5517203638462,0.0557374999999999,55.7374999999999,55.7374999999999,55.7374999999999,55.7374999999999,55.0874249461042,55.0874249461042,55.0874249461042,55.5517203638462,55.5517203638462,55.5517203638462,50.47118797881602,8.088045541247556,-3.471808573959379,4.616236967288181,50.602936766730465,7.745065078800372,-2.7962814816846375,4.948783597115735,51.04399305688365,7.672883795883729,-2.97937685276748,4.6935069431162475
2016-07-04,BJCO,6.385,2.45,30.7,2016,7,4,551,0.0528173533450474,52.8173533450474,0.0513865837235709,51.386583723570894,0.0525666666666666,52.5666666666666,52.5666666666666,52.5666666666666,52.5666666666666,52.8173533450474,52.8173533450474,52.8173533450474,51.386583723570894,51.386583723570894,51.386583723570894,50.47131463872207,6.88865328167001,-4.542614575344679,2.3460387063253307,50.600829745610945,5.650909669749308,-4.8651556917893615,0.7857539779599492,51.0436515844606,5.6914850747176455,-4.168469992511646,1.5230150822060011
2016-07-05,BJCO,6.385,2.45,30.7,2016,7,5,552,0.0561307866852904,56.1307866852904,0.0545853552129763,54.585355212976296,0.0571541666666666,57.154166666666605,57.154166666666605,57.154166666666605,57.154166666666605,56.1307866852904,56.1307866852904,56.1307866852904,54.585355212976296,54.585355212976296,54.585355212976296,50.471402473868366,5.505886934406487,0.15349727701554627,5.6593842114220365,50.598687466677134,5.623335588281192,-1.6366678419820317,3.9866677462991618,51.04327855086772,5.362257312253782,0.7486308035451046,6.110888115798886
2016-07-06,BJCO,6.385,2.45,30.7,2016,7,6,553,0.0566959653754162,56.6959653754162,0.0580653023814579,58.0653023814579,0.0575458333333333,57.545833333333306,57.545833333333306,57.545833333333306,57.545833333333306,56.6959653754162,56.6959653754162,56.6959653754162,58.0653023814579,58.0653023814579,58.0653023814579,50.47145267292837,4.920751225230233,1.303761477257595,6.224512702487829,50.596511343451404,5.6155554954808915,1.8532355425256029,7.4687910380064935,51.04287467324692,5.572928788826469,0.9300298712599187,6.502958660086385
2016-07-07,BJCO,6.385,2.45,30.7,2016,7,7,554,0.0555801543744164,55.5801543744164,0.0568449932636974,56.84499326369741,0.0567166666666666,56.716666666666605,56.716666666666605,56.716666666666605,56.716666666666605,55.5801543744164,55.5801543744164,55.5801543744164,56.84499326369741,56.84499326369741,56.84499326369741,50.471466442467936,4.6128257098185035,0.4958622221299649,5.108687931948467,50.594302818466716,4.772927917716463,1.4777625275142299,6.2506904452306955,51.04244068864579,4.451556722047269,1.2226692559735426,5.674225978020814
2016-07-08,BJCO,6.385,2.45,30.7,2016,7,8,555,0.0565389668597157,56.5389668597157,0.0559218572764013,55.921857276401305,0.0565749999999999,56.5749999999999,56.5749999999999,56.5749999999999,56.5749999999999,56.5389668597157,56.5389668597157,56.5389668597157,55.921857276401305,55.921857276401305,55.921857276401305,50.47144500602852,5.265002065886216,0.8025197878009678,6.067521853687182,50.59206334467819,4.911691256424207,0.4181026752989112,5.329793931723117,51.04197733362238,4.071241650014467,1.4617810163630622,5.533022666377526
2016-07-09,BJCO,6.385,2.45,30.7,2016,7,9,556,0.0589945305359794,58.9945305359794,0.0584176333526121,58.4176333526121,0.0594125,59.4125,59.4125,59.4125,59.4125,58.9945305359794,58.9945305359794,58.9945305359794,58.4176333526121,58.4176333526121,58.4176333526121,50.47138959405688,4.630740517786912,3.8924004241356087,8.52314094192252,50.58979436250291,6.117784449663704,1.7100545404454905,7.827838990109193,51.04148535332449,7.18197068548747,1.189043961188041,8.371014646675512
2016-07-10,BJCO,6.385,2.45,30.7,2016,7,10,557,0.0567096782702779,56.7096782702779,0.0572050316526643,57.2050316526643,0.0573124999999999,57.3124999999999,57.3124999999999,57.3124999999999,57.3124999999999,56.7096782702779,56.7096782702779,56.7096782702779,57.2050316526643,57.2050316526643,57.2050316526643,50.47130144797906,2.9697522047441987,3.268624617554643,6.238376822298839,50.58749730229973,5.530833995167168,1.0867003551974008,6.617534350364572,51.04096551439362,3.9353703360625736,2.3361641495437055,6.271534485606281
2016-07-11,BJCO,6.385,2.45,30.7,2016,7,11,558,0.0500841314941931,50.0841314941931,0.0531221251181967,53.1221251181967,0.0526958333333333,52.6958333333333,52.6958333333333,52.6958333333333,52.6958333333333,50.0841314941931,50.0841314941931,50.0841314941931,53.1221251181967,53.1221251181967,53.1221251181967,50.47118182149502,2.036053127242101,-2.4231034545440195,-0.387050327301921,50.585173570827415,3.227630150033538,-0.6906786026642564,2.5369515473692843,51.04041860624224,2.21337586818578,-0.5579611410947223,1.6554147270910562
2016-07-12,BJCO,6.385,2.45,30.7,2016,7,12,559,0.0459127189819867,45.9127189819867,0.0477861121337127,47.7861121337127,0.0479291666666666,47.9291666666666,47.9291666666666,47.9291666666666,47.9291666666666,45.9127189819867,45.9127189819867,45.9127189819867,55.1696822265329,47.7861121337127,47.7861121337127,50.471031952230575,-1.4155239620280884,-3.142789008215786,-4.558312970243875,50.582824542384536,4.034060077781596,0.5527976063667666,4.586857684148363,51.03984540888939,-3.473540275163567,0.3628615329407765,-3.110678742222788
2016-07-13,BJCO,6.385,2.45,30.7,2016,7,13,560,0.0498390878275192,49.8390878275192,0.0532223272813671,53.2223272813671,0.0532958333333333,53.2958333333333,53.2958333333333,53.2958333333333,53.2958333333333,49.8390878275192,49.8390878275192,49.8390878275192,53.2223272813671,53.2223272813671,53.2223272813671,50.47085303147959,2.6523652384862344,-3.2841304424466244,-0.6317652039603914,50.58045153254542,3.5257387689120585,-0.8838630200903737,2.6418757488216826,51.03924665025235,2.1858283466488126,0.07075833643213514,2.256586683080947
2016-07-14,BJCO,6.385,2.45,30.7,2016,7,14,561,0.0541059381860318,54.1059381860318,0.0565383989755501,56.5383989755501,0.0569916666666666,56.9916666666666,56.9916666666666,56.9916666666666,56.9916666666666,54.1059381860318,54.1059381860318,54.1059381860318,56.5383989755501,56.5383989755501,56.5383989755501,50.4706462034244,6.430607581853795,-2.7953155992463934,3.6352919826073986,50.57805577722106,6.313079928493937,-0.35273673016489226,5.960343198329042,51.03862301105509,5.066301934906409,0.8867417207051105,5.953043655611516
2016-07-15,BJCO,6.385,2.45,30.7,2016,7,15,562,0.0540297591277725,54.0297591277725,0.0551696822265329,55.1696822265329,0.055525,55.525,55.525,55.525,55.525,54.0297591277725,54.0297591277725,54.0297591277725,55.1696822265329,55.1696822265329,55.1696822265329,50.470412579616095,6.027131463060607,-2.4677849149042004,3.5593465481564053,50.57563843564705,6.2494388091138795,-1.6553950182280346,4.5940437908858485,51.03797515727326,4.589711454249244,-0.10268661152250758,4.48702484272674
2016-07-16,BJCO,6.385,2.45,30.7,2016,7,16,563,0.0552680076122502,55.2680076122502,0.0547856641426718,54.785664142671806,0.0549833333333333,54.9833333333333,54.9833333333333,54.9833333333333,54.9833333333333,55.2680076122502,55.2680076122502,55.2680076122502,54.785664142671806,54.785664142671806,54.785664142671806,50.470153212946336,5.171697605532615,-0.37384320622874867,4.797854399303866,50.573200616782934,4.203546927757811,0.008916598131058606,4.212463525888872,51.03730373581172,4.548555195160899,-0.6025255976393211,3.94602959752158
2016-07-17,BJCO,6.385,2.45,30.7,2016,7,17,564,0.0552452904876724,55.2452904876724,0.0554633563808309,55.4633563808309,0.0555458333333333,55.5458333333333,55.5458333333333,55.5458333333333,55.5458333333333,55.2452904876724,55.2452904876724,55.2452904876724,55.4633563808309,55.4633563808309,55.4633563808309,50.46986909167897,4.361597046027225,0.4138243499661982,4.775421395993426,50.57074339910747,4.309292567295398,0.5833204144280302,4.892612981723431,51.03660937692063,3.9036756105987207,0.6055483458139506,4.509223956412669
2016-07-18,BJCO,6.385,2.45,30.7,2016,7,18,565,0.0485607623684349,48.5607623684349,0.0517212224237648,51.7212224237648,0.0513416666666666,51.3416666666666,54.9833333333333,51.3416666666666,51.3416666666666,54.2383412600532,48.5607623684349,48.5607623684349,54.785664142671806,51.7212224237648,51.7212224237648,50.46956114148495,2.695031149779992,1.0737489687882515,3.7687801185682446,50.568267827968235,2.793598154387999,1.4237981603155703,4.217396314703571,51.035892694868856,2.35081831613,1.59662232233444,3.9474406384644425
2016-07-19,BJCO,6.385,2.45,30.7,2016,7,19,566,0.0518955331891361,51.8955331891361,0.0532917122233073,53.2917122233073,0.0547833333333333,54.7833333333333,54.7833333333333,54.7833333333333,54.7833333333333,51.8955331891361,51.8955331891361,51.8955331891361,53.2917122233073,53.2917122233073,53.2917122233073,50.46923023015446,0.4185975206662007,1.0077054383154405,1.426302958981644,50.56577491721474,2.3629994062159025,0.3629378998766555,2.725937306092561,51.0351542893625,1.6801845245226932,2.0679945194481064,3.7481790439708007
2016-07-20,BJCO,6.385,2.45,30.7,2016,7,20,567,0.0542383412600532,54.2383412600532,0.0546426729822118,54.6426729822118,0.0547999999999999,54.7999999999999,54.7999999999999,54.7999999999999,54.7999999999999,54.2383412600532,54.2383412600532,54.2383412600532,54.6426729822118,54.6426729822118,54.6426729822118,50.46887718901204,-1.7039856803401927,5.473449751381352,3.769464071041156,50.56326565813881,2.4932082033554073,1.5861991207175805,4.079407324072989,51.03439475230969,2.0706082014701037,1.6949970462201094,3.7656052476902104
2016-07-21,BJCO,6.385,2.45,30.7,2016,7,21,568,0.0561293674605468,56.1293674605468,0.0554692503790958,55.46925037909581,0.0553333333333333,55.3333333333333,55.3333333333333,55.3333333333333,55.3333333333333,56.1293674605468,56.1293674605468,56.1293674605468,55.46925037909581,55.46925037909581,55.46925037909581,50.46850282379422,-5.865896261188255,11.52676089794084,5.660864636752585,50.56074104369825,2.398818442361249,2.509690893036314,4.908509335397561,51.03361469145273,1.8548349112610327,2.4448837306195372,4.299718641880567
2016-07-22,BJCO,6.385,2.45,30.7,2016,7,22,569,0.059866248209298,59.866248209298,0.0575316169429469,57.5316169429469,0.0582499999999999,58.2499999999999,58.2499999999999,58.2499999999999,58.2499999999999,59.866248209298,59.866248209298,59.866248209298,57.5316169429469,57.5316169429469,57.5316169429469,50.46810791302658,-2.319720191463628,11.717860487735052,9.398140296271421,50.558202050511994,3.3699019358657694,3.6035129565691335,6.973414892434903,51.032814712063555,-3.8057244214782435,11.022909709414591,7.217185287936346
2016-07-23,BJCO,6.385,2.45,30.7,2016,7,23,570,0.0619295762458776,61.929576245877605,0.0598754646035,59.875464603500006,0.0589125,58.9125,58.9125,58.9125,58.9125,57.1600269609339,61.929576245877605,61.929576245877605,59.875464603500006,59.875464603500006,59.875464603500006,50.46769320119971,2.762635911580048,3.9296978481541416,6.69233375973419,50.555649626267076,5.395958492657944,3.9238564845749835,9.31981497723293,51.031995393741106,2.0405389790216146,5.839965627237284,7.880504606258896
2016-07-24,BJCO,6.385,2.45,30.7,2016,7,24,571,0.0600145594213483,60.014559421348295,0.0582134029916748,58.213402991674805,0.0578958333333333,57.8958333333333,57.8958333333333,57.8958333333333,57.8958333333333,60.014559421348295,60.014559421348295,60.014559421348295,58.213402991674805,58.213402991674805,58.213402991674805,50.46725938091992,-0.35448296075446484,9.901783001182842,9.547300040428375,50.55308465624321,0.5079690696853144,7.152349265746281,7.660318335431597,51.03115725842309,-0.6229761828138672,7.487652257724072,6.864676074910207
2016-07-25,BJCO,6.385,2.45,30.7,2016,7,25,572,0.0571600269609339,57.1600269609339,0.055292285450136,55.292285450136,0.0542041666666666,54.2041666666666,54.2041666666666,54.2041666666666,54.2041666666666,57.1600269609339,57.1600269609339,57.1600269609339,55.292285450136,55.292285450136,55.292285450136,50.466807094272156,-0.19394794892411696,6.887167815585862,6.693219866661742,50.55050795169475,2.0659653288352455,2.6758121696060044,4.741777498441252,51.03030076649691,1.5604672644905389,1.6133986356791539,3.1738659001696945
2016-07-26,BJCO,6.385,2.45,30.7,2016,7,26,573,0.0560089729562856,56.0089729562856,0.0569788320089086,56.97883200890861,0.0566,56.6,56.6,56.6,56.6,56.0089729562856,56.0089729562856,56.0089729562856,56.97883200890861,56.97883200890861,56.97883200890861,50.46633694167364,2.984666649601443,2.557969365010514,5.542636014611958,50.54792026271621,4.052517644625122,2.378394101567281,6.4309117461924,51.02942634522782,2.9531007544130676,2.617472900359118,5.570573654772183
2016-07-27,BJCO,6.385,2.45,30.7,2016,7,27,574,0.0546831090055577,54.6831090055577,0.0543542538862273,54.3542538862273,0.0533208333333333,53.3208333333333,53.3208333333333,53.3208333333333,53.3208333333333,54.6831090055577,54.6831090055577,54.6831090055577,54.3542538862273,54.3542538862273,54.3542538862273,50.465849501258475,1.9557332367830518,2.2615262675161674,4.217259504299221,50.54532230394092,2.8643577815612296,0.944573800725145,3.8089315822863767,51.02853441430831,0.8671423496349366,1.4251565693900474,2.2922989190249865
2016-07-28,BJCO,6.385,2.45,30.7,2016,7,28,575,0.0510549776053097,51.0549776053097,0.0515907620209049,51.5907620209049,0.0511125,51.1125,51.1125,51.1125,51.1125,51.0549776053097,51.0549776053097,51.0549776053097,51.5907620209049,51.5907620209049,51.5907620209049,50.46534535802295,0.589657063113,-2.4815826250801365e-05,0.589632247286751,50.54271479056952,0.5820686604934472,0.46597856984192987,1.0480472303353778,51.0276254111666,-0.18623537546240254,0.27110996429579615,0.08487458883339372
2016-07-29,BJCO,6.385,2.45,30.7,2016,7,29,576,0.0507790890596128,50.7790890596128,0.0510902476127487,51.0902476127487,0.0523083333333333,52.308333333333294,52.308333333333294,52.308333333333294,52.308333333333294,50.7790890596128,50.7790890596128,50.7790890596128,51.0902476127487,51.0902476127487,51.0902476127487,50.46482511736349,2.977630300539211,-2.663366358289899,0.31426394224931187,50.54009846379384,4.785640324056687,-4.235491175101828,0.5501491489548584,51.026699789569435,2.7011920130602936,-1.4195584692964331,1.28163354376386
2016-07-30,BJCO,6.385,2.45,30.7,2016,7,30,577,0.0528188856715124,52.8188856715124,0.0548574454453503,54.8574454453503,0.0557,55.7,55.7,55.7,55.7,52.8188856715124,52.8188856715124,52.8188856715124,54.8574454453503,54.8574454453503,54.8574454453503,50.464289389057924,2.330481511002191,0.02411477145228247,2.354596282454473,50.537474098257746,4.634943713649283,-0.3149723665567308,4.3199713470925545,51.0257580269564,3.8921384238925505,0.7821035491510528,4.6742419730436
2016-08-01,BJCO,6.385,2.45,30.7,2016,8,1,579,0.0527952232872258,52.7952232872258,0.0524695399456759,52.4695399456759,0.0519625,51.9625,51.9625,51.9625,51.9625,52.7952232872258,52.7952232872258,52.7952232872258,52.4695399456759,52.4695399456759,52.4695399456759,50.46317406658938,1.1671268065511062,1.1649224140853178,2.3320492206364207,50.53220462298023,2.3915905993858577,-0.4542552766901906,1.9373353226956667,51.023828235481155,1.6610246228860794,-0.7223528583672376,0.938671764518844
2016-08-02,BJCO,6.385,2.45,30.7,2016,8,2,580,0.0509446655774841,50.9446655774841,0.052297813918658,52.297813918658,0.0525875,52.587500000000006,52.587500000000006,52.587500000000006,52.587500000000006,50.9446655774841,50.9446655774841,50.9446655774841,52.297813918658,52.297813918658,52.297813918658,50.46259578518206,1.0179288864859177,-0.535859094183877,0.48206979230204183,50.52956120728603,3.0686772833851896,-1.3004245720132204,1.7682527113719715,51.02284129545571,2.6969507589917607,-1.1322920544474684,1.5646587045442928
2016-08-03,BJCO,6.385,2.45,30.7,2016,8,3,581,0.0475254575920758,47.5254575920758,0.0501795300940451,50.1795300940451,0.0517583333333333,51.7583333333333,51.7583333333333,51.7583333333333,51.7583333333333,47.5254575920758,47.5254575920758,47.5254575920758,50.1795300940451,50.1795300940451,50.1795300940451,50.46200458668029,0.14089231257525434,-3.0774393071797377,-2.936546994604484,50.52691306812729,2.6932806555813245,-3.04066362966352,-0.3473829740821941,51.02184031435846,2.833682911343393,-2.0971898923685544,0.7364930189748407
2016-08-04,BJCO,6.385,2.45,30.7,2016,8,4,582,0.045324308645425,45.324308645425,0.048082638254417,48.082638254417,0.0486958333333333,48.6958333333333,48.6958333333333,48.6958333333333,48.6958333333333,45.324308645425,45.324308645425,45.324308645425,48.082638254417,48.082638254417,48.082638254417,50.461401117044076,-3.3468888971994937,-1.7902035744195857,-5.137092471619077,50.524260962633015,2.7508174326463135,-5.192440140862331,-2.4416227082160162,51.02082575140032,0.2332906753176915,-2.558283093384709,-2.324992418067019
2016-08-05,BJCO,6.385,2.45,30.7,2016,8,5,583,0.0512404437465332,51.2404437465332,0.0543748611156758,54.3748611156758,0.0553083333333333,55.3083333333333,55.3083333333333,55.3083333333333,55.3083333333333,51.2404437465332,51.2404437465332,51.2404437465332,54.3748611156758,54.3748611156758,54.3748611156758,50.460786099774545,2.322278645649826,-1.5426209988911666,0.7796576467586576,50.5216056807039,3.8999038364681455,-0.04664840149624894,3.8532554349718993,51.01979809925736,3.643123021133902,0.6454122129420412,4.288535234075944
2016-08-06,BJCO,6.385,2.45,30.7,2016,8,6,584,0.053145474968981,53.145474968981,0.0563237099176816,56.3237099176816,0.0572625,57.2625,57.2625,57.2625,57.2625,53.145474968981,53.145474968981,53.145474968981,56.3237099176816,56.3237099176816,56.3237099176816,50.460160343505656,2.994867548356521,-0.3095529228811813,2.6853146254753426,50.518948059641225,4.600261574891412,1.2045002831489597,5.804761858040372,51.01875789313039,3.8530360755286948,2.390706031340919,6.243742106869611
2016-08-07,BJCO,6.385,2.45,30.7,2016,8,7,585,0.0471303866107568,47.1303866107568,0.0492253117531714,49.22531175317141,0.0475375,47.5375,47.5375,47.5375,47.5375,47.1303866107568,47.1303866107568,47.1303866107568,49.22531175317141,49.22531175317141,49.22531175317141,50.45952471831213,0.5604571769639503,-3.889595284519281,-3.3291381075553304,50.516288961865136,1.942516663368092,-3.233493872061814,-1.2909772086937252,51.017705691122316,-0.2117315004116556,-3.2684741907106556,-3.4802056911223147
2016-08-08,BJCO,6.385,2.45,30.7,2016,8,8,586,0.0464674635296933,46.4674635296933,0.0460477124607983,46.0477124607983,0.0453999999999999,45.3999999999999,45.3999999999999,45.3999999999999,45.3999999999999,46.4674635296933,46.4674635296933,46.4674635296933,46.0477124607983,46.0477124607983,46.0477124607983,50.45888013356211,0.863908744535839,-4.855325348404655,-3.9914166038688137,50.513629265562834,5.208616978647959,-9.674533783412492,-4.465916804764532,51.01664206835671,4.143261823805359,-9.759903892162171,-5.616642068356811
2016-08-09,BJCO,6.385,2.45,30.7,2016,8,9,587,0.0478110293746566,47.811029374656606,0.0483987786547749,48.398778654774894,0.0496041666666666,49.6041666666666,49.6041666666666,49.6041666666666,49.6041666666666,47.811029374656606,47.811029374656606,47.811029374656606,50.6125847499438,48.398778654774894,48.398778654774894,50.45822754209384,2.483550271428678,-5.130748438865908,-2.6471981674372316,50.51096985137244,3.683555046044386,-3.58194014747302,0.10161489857136274,51.01556761830852,3.746607707763158,-5.158008659405084,-1.411400951641923
2016-08-10,BJCO,6.385,2.45,30.7,2016,8,10,588,0.0490746206724682,49.0746206724682,0.0506125847499438,50.6125847499438,0.0538333333333333,53.8333333333333,53.8333333333333,53.8333333333333,53.8333333333333,49.0746206724682,49.0746206724682,49.0746206724682,50.6125847499438,50.6125847499438,50.6125847499438,50.45756794386829,2.2033490908983997,-3.5862963622984907,-1.3829472714000914,50.508311606473,2.1017748878521108,-1.9975017443813101,0.10427314347079886,51.01448294290563,3.084070396170607,-0.2652200057429397,2.81885039042767
2016-08-11,BJCO,6.385,2.45,30.7,2016,8,11,589,0.0501624425704871,50.16244257048709,0.0532898893885973,53.2898893885973,0.0547541666666666,54.7541666666666,54.7541666666666,54.7541666666666,54.7541666666666,50.16244257048709,50.16244257048709,50.16244257048709,53.2898893885973,53.2898893885973,53.2898893885973,50.45690236217931,7.595784449949603,-7.890244241641824,-0.29445979169221914,50.50565544112857,5.62239610123846,-2.838162153769723,2.784233947468735,51.013388652774225,5.577465197404239,-1.836687183511863,3.740778013892374
2016-08-12,BJCO,6.385,2.45,30.7,2016,8,12,590,0.0527651848301472,52.7651848301472,0.0532107957137596,53.2107957137596,0.0540541666666666,54.0541666666666,54.0541666666666,54.0541666666666,54.0541666666666,52.7651848301472,52.7651848301472,52.7651848301472,53.2107957137596,53.2107957137596,53.2107957137596,50.45623184361216,5.27017031633369,-2.96121732979865,2.30895298653504,50.50300228701214,6.661429321400447,-3.953635894652983,2.7077934267474646,51.012285383537595,6.549478093155428,-3.5075968100264205,3.0418812831290083
2016-08-13,BJCO,6.385,2.45,30.7,2016,8,13,591,0.0531400738618102,53.1400738618102,0.0530962957140939,53.0962957140939,0.0534666666666666,53.4666666666666,53.4666666666666,53.4666666666666,53.4666666666666,53.1400738618102,53.1400738618102,53.1400738618102,53.0962957140939,53.0962957140939,53.0962957140939,50.45555747859232,3.1017234729782106,-0.41720708976032483,2.6845163832178827,50.50035311165314,4.149780416740491,-1.5538378142997331,2.5959426024407577,51.011173813580925,3.757948074809745,-1.302455221724074,2.4554928530856728
2016-08-14,BJCO,6.385,2.45,30.7,2016,8,14,592,0.0571134734758044,57.1134734758044,0.0557271305223773,55.7271305223773,0.0545708333333333,54.5708333333333,54.5708333333333,54.5708333333333,54.5708333333333,57.1134734758044,57.1134734758044,57.1134734758044,55.7271305223773,55.7271305223773,55.7271305223773,50.454880376076474,3.8812011083175473,2.7773919914103757,6.6585930997279235,50.49770890855083,3.96043251625015,1.2689890975763234,5.229421613826474,51.01005463674489,3.5510231716989007,0.009755524889506262,3.5607786965884074
2016-08-15,BJCO,6.385,2.45,30.7,2016,8,15,593,0.0577138818389189,57.7138818389189,0.0576330078660527,57.6330078660527,0.0568291666666666,56.8291666666666,56.8291666666666,56.8291666666666,56.8291666666666,57.7138818389189,57.7138818389189,57.7138818389189,55.7271305223773,57.6330078660527,57.6330078660527,50.454201646471745,4.501137062788502,2.758543129658655,7.259680192447156,50.4950706791351,6.126282425815111,-0.8942225825729082,5.2320598432422045,51.008928547426045,6.817649749493547,-0.9974116302529907,5.820238119240557
2016-08-16,BJCO,6.385,2.45,30.7,2016,8,16,594,0.0580714605823075,58.0714605823075,0.0566170181409985,56.6170181409985,0.0582791666666666,58.2791666666666,58.2791666666666,58.2791666666666,58.2791666666666,58.0714605823075,58.0714605823075,58.0714605823075,56.6170181409985,56.6170181409985,56.6170181409985,50.453522380589284,4.393234248452789,3.2247039532654256,7.617938201718218,50.49243939421021,4.945362483423511,1.1792162633647862,6.124578746788295,51.00779620947191,6.269678530169157,1.0016919270255258,7.271370457194685
2016-08-17,BJCO,6.385,2.45,30.7,2016,8,17,595,0.0547488552305802,54.7488552305802,0.0562277839830627,56.2277839830627,0.0559458333333333,55.9458333333333,55.9458333333333,55.9458333333333,55.9458333333333,54.7488552305802,54.7488552305802,54.7488552305802,56.2277839830627,56.2277839830627,56.2277839830627,50.45284364844536,3.812772326324906,0.4832392558099343,4.296011582134838,50.48981599070541,5.57597453110854,0.16199346124874836,5.737967992357291,51.00665826289682,2.296377350220933,2.6427977202155404,4.939175070436477
2016-08-18,BJCO,6.385,2.45,30.7,2016,8,18,596,0.0557186040493351,55.71860404933511,0.055202211176916,55.202211176916,0.0542166666666666,54.2166666666666,54.2166666666666,54.2166666666666,54.2166666666666,55.71860404933511,55.71860404933511,55.71860404933511,55.202211176916,55.202211176916,55.202211176916,50.45216652386705,4.517142795752304,0.7492947297157571,5.2664375254680635,50.48720139992062,4.885750916625321,-0.1707411396299392,4.71500977699538,51.005515345543806,2.2120785748536567,0.9990727462691353,3.2111513211227916
2016-08-19,BJCO,6.385,2.45,30.7,2016,8,19,597,0.0569284251629218,56.9284251629218,0.0561804755401498,56.1804755401498,0.0565958333333333,56.595833333333296,56.595833333333296,56.595833333333296,56.595833333333296,56.9284251629218,56.9284251629218,56.9284251629218,56.1804755401498,56.1804755401498,56.1804755401498,50.45149207247498,6.927094485477938,-0.45016139503111674,6.4769330904468205,50.484596564166814,6.515368868847064,-0.8194898928640768,5.6958789759829855,51.004368081442905,6.527333807301555,-0.9358685554111617,5.591465251890391
2016-08-20,BJCO,6.385,2.45,30.7,2016,8,20,598,0.058228839597373,58.228839597373,0.0576202207061502,57.6202207061502,0.0573833333333333,57.3833333333333,57.3833333333333,57.3833333333333,57.3833333333333,58.228839597373,58.228839597373,58.228839597373,56.1804755401498,57.6202207061502,57.6202207061502,50.450821343756544,3.4830012272160484,4.295017026400409,7.778018253616459,50.48200243368323,-0.39469667041710854,6.093169776883684,5.698473106466572,51.003217076904704,2.2598625956565286,4.120253660772065,6.380116256428593
2016-08-21,BJCO,6.385,2.45,30.7,2016,8,21,599,0.0577464280429942,57.74642804299421,0.0564546383488471,56.4546383488471,0.057225,57.225,57.225,57.225,57.225,57.74642804299421,57.74642804299421,57.74642804299421,56.4546383488471,56.4546383488471,56.4546383488471,50.45015537348143,1.853580663086462,5.44269200642632,7.296272669512781,50.479419955030814,-0.9543665874386028,6.929584981254884,5.975218393816284,51.00206293056129,-1.179462973009293,7.402400042448008,6.222937069438714
2016-08-22,BJCO,6.385,2.45,30.7,2016,8,22,600,0.0540227728387985,54.0227728387985,0.0543799337087385,54.3799337087385,0.055,55.0,55.0,55.0,55.0,54.0227728387985,54.0227728387985,54.0227728387985,54.3799337087385,54.3799337087385,54.3799337087385,50.4494951463094,0.5077351213735545,3.065542571115543,3.5732776924891,50.47685005219878,1.3200713347494215,2.5830123217902994,3.903083656539721,51.00090620709677,2.063346448054024,1.9357473448492044,3.9990937929032313
2016-08-23,BJCO,6.385,2.45,30.7,2016,8,23,601,0.0519303670672476,51.9303670672476,0.0543889013629739,54.3889013629739,0.0574958333333333,57.4958333333333,57.4958333333333,57.4958333333333,57.4958333333333,51.9303670672476,51.9303670672476,51.9303670672476,54.3889013629739,54.3889013629739,54.3889013629739,50.44884156986602,-1.6611433866492131,3.1426688840307975,1.4815254973815826,50.47429360044756,0.777277436155656,3.13733032637068,3.9146077625263374,50.99974740881682,-0.8599087647173734,7.355994689233853,6.496085924516478
2016-08-24,BJCO,6.385,2.45,30.7,2016,8,24,602,0.0519986032352422,51.9986032352422,0.053334215521211,53.334215521211,0.05495,54.95,54.95,54.95,54.95,51.9986032352422,51.9986032352422,51.9986032352422,53.334215521211,53.334215521211,53.334215521211,50.448195470880435,-4.987857151800437,6.5382649161622055,1.5504077643617649,50.471751397629255,-2.195733891072139,5.0581980146538825,2.862464123581745,50.99858696085197,-2.1268913467191544,6.078304385867185,3.9514130391480293
2016-08-25,BJCO,6.385,2.45,30.7,2016,8,25,603,0.0525555507569691,52.5555507569691,0.0539093290757068,53.9093290757068,0.0550708333333333,55.0708333333333,55.0708333333333,55.0708333333333,55.0708333333333,52.5555507569691,52.5555507569691,52.5555507569691,53.9093290757068,53.9093290757068,53.9093290757068,50.44755762040279,-7.1023246542685206,9.210317790834829,2.107993136566307,50.469224184430445,-7.509726472804307,10.949831364080666,3.4401048912763557,50.99742524423253,-6.604076531261051,10.677484620361817,4.0734080891007665
2016-08-26,BJCO,6.385,2.45,30.7,2016,8,26,604,0.0553714552367611,55.37145523676109,0.0554029154084021,55.4029154084021,0.0566666666666666,56.6666666666666,56.6666666666666,56.6666666666666,56.6666666666666,55.37145523676109,55.37145523676109,55.37145523676109,55.4029154084021,55.4029154084021,55.4029154084021,50.44692879750524,-4.725056184778221,9.649582624034075,4.924526439255857,50.46671269735617,-5.352112778944788,10.288315489990715,4.9362027110459294,50.996262651236876,-3.075267136811553,8.745671152241279,5.670404015429725
2016-08-27,BJCO,6.385,2.45,30.7,2016,8,27,605,0.05696451400494,56.96451400494,0.0578706485186756,57.8706485186756,0.0586083333333333,58.6083333333333,58.6083333333333,58.6083333333333,58.6083333333333,56.96451400494,56.96451400494,56.96451400494,57.8706485186756,57.8706485186756,57.8706485186756,50.446309802197476,0.2333038996464278,6.284900303096094,6.518204202742524,50.46421768264019,-0.5636131499438765,7.970043985979288,7.406430836035412,50.99509959758057,0.02406102176138114,7.589172713991346,7.613233735752729
2016-08-28,BJCO,6.385,2.45,30.7,2016,8,28,606,0.0587402692953982,58.7402692953982,0.0575772239466461,57.5772239466461,0.0559166666666666,55.9166666666666,55.9166666666666,55.9166666666666,55.9166666666666,58.7402692953982,58.7402692953982,58.7402692953982,57.5772239466461,57.5772239466461,57.5772239466461,50.445701409148015,-1.869512943795914,10.164080830046096,8.294567886250185,50.46173984353909,-1.1758513240360358,8.291335427143046,7.115484103107008,50.99393647503777,-0.7593985602426415,5.682128751871474,4.92273019162883
2016-08-29,BJCO,6.385,2.45,30.7,2016,8,29,607,0.0591566885141032,59.1566885141032,0.0583817303130981,58.3817303130981,0.0575541666666666,57.5541666666666,57.5541666666666,57.5541666666666,57.5541666666666,59.1566885141032,59.1566885141032,59.1566885141032,58.3817303130981,58.3817303130981,58.3817303130981,50.445104369863174,2.572411033242322,6.139173110997703,8.711584144240028,50.459279830820314,-1.783778409832439,9.706228892110225,7.922450482277789,50.99277361903035,-1.6832246505978097,8.244617698234059,6.561393047636251
2016-08-30,BJCO,6.385,2.45,30.7,2016,8,30,608,0.0562020113113289,56.2020113113289,0.0573337587581982,57.3337587581982,0.0576291666666666,57.6291666666666,57.6291666666666,57.6291666666666,57.6291666666666,56.2020113113289,56.2020113113289,56.2020113113289,57.3337587581982,57.3337587581982,57.3337587581982,50.444519453013605,1.819225492684725,3.938266365630575,5.757491858315298,50.45683828715129,1.364910899779424,5.512009571267484,6.876920471046908,50.991611361240565,1.368735675408919,5.268819630017113,6.637555305426034
2016-09-01,BJCO,6.385,2.45,30.7,2016,9,1,610,0.0569541147912504,56.9541147912504,0.0562085526727478,56.2085526727478,0.0559291666666666,55.9291666666666,55.9291666666666,55.9291666666666,55.9291666666666,56.9541147912504,56.9541147912504,56.9541147912504,56.2085526727478,56.2085526727478,56.2085526727478,50.443389091672856,-3.654173177698247,10.164898877275789,6.5107256995775415,50.452013245682494,-3.658307149244832,9.41484657631014,5.756539427065306,50.989290024523264,-2.4555664777663586,7.3954431199097,4.939876642143339
2016-09-02,BJCO,6.385,2.45,30.7,2016,9,2,611,0.0570759061919304,57.0759061919304,0.0559016285699517,55.9016285699517,0.0543041666666666,54.3041666666666,54.3041666666666,54.3041666666666,54.3041666666666,57.0759061919304,57.0759061919304,57.0759061919304,55.9016285699517,55.9016285699517,55.9016285699517,50.442845159046826,1.3118145730031245,5.321246459880449,6.633061032883575,50.449631051836896,2.124431923293558,3.3275655948212446,5.451997518114801,50.988131629055026,1.9357159123129093,1.3803191252986693,3.3160350376115773
2016-09-03,BJCO,6.385,2.45,30.7,2016,9,3,612,0.0544288428986656,54.4288428986656,0.0552847723766287,55.2847723766287,0.0545125,54.5125,54.5125,54.5125,54.5125,54.4288428986656,54.4288428986656,54.4288428986656,55.2847723766287,55.2847723766287,55.2847723766287,50.44231634484461,1.5944846486850222,2.3920419051359616,3.986526553820987,50.447269880171085,1.9590719214874013,2.878430574970217,4.837502496457617,50.98697513994094,1.5149409081855982,2.010583951873464,3.5255248600590647
2016-09-04,BJCO,6.385,2.45,30.7,2016,9,4,613,0.051717211230635,51.717211230635,0.0517475877819278,51.7475877819278,0.0521916666666666,52.1916666666666,52.1916666666666,52.1916666666666,52.1916666666666,51.717211230635,51.717211230635,51.717211230635,55.9016285699517,51.7475877819278,51.7475877819278,50.44180331651836,1.1141912929191788,0.16121662119746105,1.2754079141166415,50.444930253137024,2.9758738523386934,2.4808244644759796,5.456698316814673,50.98582079001289,1.9450743534461852,-0.7392284767924764,1.2058458766537115
2016-09-05,BJCO,6.385,2.45,30.7,2016,9,5,614,0.0566894541241537,56.6894541241537,0.0545764836346472,54.5764836346472,0.0564208333333333,56.4208333333333,56.4208333333333,56.4208333333333,56.4208333333333,56.6894541241537,56.6894541241537,56.6894541241537,54.5764836346472,54.5764836346472,54.5764836346472,50.44130668212676,1.6471487175985775,4.600998724428365,6.248147442026941,50.442612648505325,1.3823626826332338,2.7515083035086363,4.133870986141872,50.984668798834086,2.0989428150420735,3.3372217194571405,5.436164534499213
2016-09-06,BJCO,6.385,2.45,30.7,2016,9,6,615,0.0597239699372811,59.72396993728111,0.0586279737154295,58.6279737154295,0.0597875,59.7875,59.7875,59.7875,59.7875,59.72396993728111,59.72396993728111,59.72396993728111,58.6279737154295,58.6279737154295,58.6279737154295,50.44082697973338,2.8488203809905968,6.434322576557136,9.283142957547732,50.44031751366311,3.3292050948209524,4.858451106945438,8.187656201766387,50.983519371866514,2.3312915107452947,6.472689117388192,8.803980628133488
2016-09-07,BJCO,6.385,2.45,30.7,2016,9,7,616,0.0555574299333457,55.557429933345695,0.0563267132378087,56.3267132378087,0.0565125,56.5125,56.5125,56.5125,56.5125,55.557429933345695,55.557429933345695,55.557429933345695,56.3267132378087,56.3267132378087,56.3267132378087,50.44036471044117,2.458711458419683,2.6583537644848363,5.117065222904522,50.4380452724674,2.6623407874357503,3.226327177905546,5.888667965341298,50.982372694886735,3.5832851006822666,1.9468422044310003,5.530127305113268
2016-09-08,BJCO,6.385,2.45,30.7,2016,9,8,617,0.054280835912693,54.280835912693,0.0542766349400161,54.276634940016095,0.0541833333333333,54.1833333333333,54.1833333333333,54.1833333333333,54.1833333333333,54.280835912693,54.280835912693,54.280835912693,54.276634940016095,54.276634940016095,54.276634940016095,50.439920350927125,0.006290071900988979,3.8346254898648837,3.8409155617658755,50.435796280195234,-0.9045248810126089,4.745363540833466,3.840838659820861,50.98122893324485,-0.8428115252425611,4.044915925331011,3.2021044000884515
2016-09-12,BJCO,6.385,2.45,30.7,2016,9,12,621,0.0575293794993402,57.5293794993402,0.0555173275675361,55.5173275675361,0.0558958333333333,55.8958333333333,55.8958333333333,55.8958333333333,55.8958333333333,57.5293794993402,57.5293794993402,57.5293794993402,55.5173275675361,55.5173275675361,55.5173275675361,50.438330320430175,4.305029597846118,2.7860195810639112,7.091049178910026,50.42703762819032,0.702317640097783,4.387972299247998,5.09028993934578,50.97668559779053,1.813689533845663,3.105458201697111,4.919147735542772
2016-09-13,BJCO,6.385,2.45,30.7,2016,9,13,622,0.0582400546347496,58.2400546347496,0.0567999555909014,56.799955590901405,0.0571875,57.1875,57.1875,57.1875,57.1875,58.2400546347496,58.2400546347496,58.2400546347496,56.799955590901405,56.799955590901405,56.799955590901405,50.43798158715492,3.7361782537823403,4.065894793812333,7.802073047594675,50.42490820877978,4.9077169244872465,1.4673304576343753,6.375047382121622,50.975558338964554,4.99890187214917,1.2130397888862774,6.211941661035446
2016-09-14,BJCO,6.385,2.45,30.7,2016,9,14,623,0.0596745321248976,59.6745321248976,0.0589401570008224,58.9401570008224,0.0594916666666666,59.4916666666666,59.4916666666666,59.4916666666666,59.4916666666666,59.6745321248976,59.6745321248976,59.6745321248976,58.9401570008224,58.9401570008224,58.9401570008224,50.43765314865181,4.146944314989671,5.089934661256116,9.23687897624579,50.422803185083175,4.528833375351507,3.988520440387724,8.517353815739227,50.974434774979756,5.544472104600218,2.9727597870866305,8.517231891686848
2016-09-16,BJCO,6.385,2.45,30.7,2016,9,16,625,0.0550138830920388,55.0138830920388,0.0540391941296866,54.0391941296866,0.0540416666666666,54.0416666666666,54.0416666666666,54.0416666666666,54.0416666666666,55.0138830920388,55.0138830920388,55.0138830920388,54.0391941296866,54.0391941296866,54.0391941296866,50.43705886411918,3.036980249291415,1.5398439786282054,4.576824227919623,50.418666841343935,2.7360900017211014,0.8844372866215622,3.6205272883426645,50.97219936729568,2.31048363690733,0.7589836624635922,3.0694672993709204
2016-09-17,BJCO,6.385,2.45,30.7,2016,9,17,626,0.0519930539469566,51.9930539469566,0.0519070001808942,51.907000180894194,0.0524541666666666,52.4541666666666,52.4541666666666,52.4541666666666,52.4541666666666,51.9930539469566,51.9930539469566,51.9930539469566,51.907000180894194,51.907000180894194,51.907000180894194,50.436793885564775,2.192123800353728,-0.635863738961902,1.556260061391825,50.41663586734773,0.5917924514308853,0.8985718621155812,1.4903643135464648,50.97108791394246,1.123376390194559,0.3597023625295819,1.4830787527241398
2016-09-18,BJCO,6.385,2.45,30.7,2016,9,18,627,0.0517386447867551,51.738644786755096,0.0522113389742907,52.2113389742907,0.0514875,51.4875,51.4875,51.4875,51.4875,51.738644786755096,51.738644786755096,51.738644786755096,52.2113389742907,52.2113389742907,52.2113389742907,50.43655092457096,1.1733696922799592,0.12872416990417435,1.3020938621841367,50.41462995739791,1.438314975147117,0.3583940417456688,1.796709016892784,50.96998089435633,0.8862776101245075,-0.36875850448084435,0.5175191056436645
2016-09-19,BJCO,6.385,2.45,30.7,2016,9,19,628,0.0532005420867804,53.2005420867804,0.0520969848158039,52.0969848158039,0.0525291666666666,52.5291666666666,52.5291666666666,52.5291666666666,52.5291666666666,53.2005420867804,53.2005420867804,53.2005420867804,52.0969848158039,52.0969848158039,52.0969848158039,50.43633040952049,3.773035320405354,-1.0088236431454405,2.7642116772599152,50.412649314124536,3.0270791152686836,-1.3427436135893203,1.6843355016793637,50.96887851081431,3.158486123418934,-1.598197967566641,1.560288155852291
2016-09-20,BJCO,6.385,2.45,30.7,2016,9,20,629,0.0584732492434132,58.4732492434132,0.0579124165931952,57.9124165931952,0.0571541666666666,57.154166666666605,57.154166666666605,57.154166666666605,57.154166666666605,58.4732492434132,58.4732492434132,58.4732492434132,57.9124165931952,57.9124165931952,57.9124165931952,50.43613275072354,6.320485419821366,1.7166310728682959,8.037116492689663,50.410694144618645,5.920613489626589,1.5811089589499687,7.501722448576558,50.96778097427134,5.22356366742101,0.9628220249742512,6.1863856923952625
2016-09-21,BJCO,6.385,2.45,30.7,2016,9,21,630,0.0580706992042864,58.0706992042864,0.0580656420160748,58.0656420160748,0.0579208333333333,57.920833333333306,57.920833333333306,57.920833333333306,57.920833333333306,58.0706992042864,58.0706992042864,58.0706992042864,58.0656420160748,58.0656420160748,58.0656420160748,50.43595835785682,6.243784385580966,1.3909564608486136,7.63474084642958,50.408764691050514,5.467433190186746,2.1894441348375366,7.656877325024283,50.96668853727943,5.336002130612045,1.6181426654418303,6.954144796053875
2016-09-22,BJCO,6.385,2.45,30.7,2016,9,22,631,0.0558796599878393,55.8796599878393,0.0548090930974464,54.8090930974464,0.0556166666666666,55.6166666666666,55.6166666666666,55.6166666666666,55.6166666666666,55.8796599878393,55.8796599878393,55.8796599878393,54.8090930974464,54.8090930974464,54.8090930974464,50.43580768352746,5.245066965147886,0.1987853391639547,5.443852304311839,50.40686123855956,3.4474215125101924,0.9548103463766537,4.402231858886843,50.965601493695985,3.0143102443655097,1.6367549286051073,4.651065172970618
2016-09-23,BJCO,6.385,2.45,30.7,2016,9,23,632,0.053861691118313,53.86169111831301,0.0532344792816956,53.2344792816956,0.0545083333333333,54.5083333333333,54.5083333333333,54.5083333333333,54.5083333333333,53.86169111831301,53.86169111831301,53.86169111831301,53.2344792816956,53.2344792816956,53.2344792816956,50.43568122891377,4.907060923757993,-1.4810510343587566,3.4260098893992392,50.4049841050662,4.546456016404618,-1.7169608397752185,2.8294951766294005,50.96452015225938,4.790767823115503,-1.2469546420415867,3.543813181073915
2016-09-24,BJCO,6.385,2.45,30.7,2016,9,24,633,0.0567200456868432,56.7200456868432,0.0566521238857918,56.6521238857918,0.0565833333333333,56.5833333333333,56.5833333333333,56.5833333333333,56.5833333333333,56.7200456868432,56.7200456868432,56.7200456868432,56.6521238857918,56.6521238857918,56.6521238857918,50.435579544857546,5.32907362826731,0.9553925137183441,6.284466141985654,50.40313363999384,6.682281699042905,-0.4332914532449408,6.2489902457979625,50.96344481951276,6.528226713717252,-0.9083381998967113,5.619888513820541
2016-09-25,BJCO,6.385,2.45,30.7,2016,9,25,634,0.0584090181130866,58.4090181130866,0.0593579959473447,59.3579959473447,0.0580583333333333,58.0583333333333,58.0583333333333,58.0583333333333,58.0583333333333,58.4090181130866,58.4090181130866,58.4090181130866,59.3579959473447,59.3579959473447,59.3579959473447,50.435503212731476,3.066000324223983,4.907514576131142,7.973514900355127,50.401310220736576,4.551838730951165,4.404846995656953,8.956685726608121,50.9623758285761,3.8712814315910675,3.224676073166137,7.095957504757202
2016-09-26,BJCO,6.385,2.45,30.7,2016,9,26,635,0.0555647162076535,55.5647162076535,0.055444737005594,55.444737005594,0.0561416666666666,56.1416666666666,56.1416666666666,56.1416666666666,56.1416666666666,55.5647162076535,55.5647162076535,55.5647162076535,55.444737005594,55.444737005594,55.444737005594,50.435452806224234,4.3853267188279625,0.7439366826013014,5.129263401429263,50.39951421996642,3.1704985996379165,1.8747241859896633,5.04522278562758,50.961313531158034,3.1535759279575344,2.026777207551035,5.180353135508568
2016-09-27,BJCO,6.385,2.45,30.7,2016,9,27,636,0.0556339756599667,55.6339756599667,0.0562267979746884,56.2267979746884,0.0558875,55.8875,55.8875,55.8875,55.8875,55.6339756599667,55.6339756599667,55.6339756599667,56.2267979746884,56.2267979746884,56.2267979746884,50.435428854448666,6.605253091871473,-1.4067062863534403,5.198546805518035,50.39774598016925,5.562414523607824,0.26663747091133416,5.829051994519155,50.96025829137157,5.134872816754706,-0.2076311081262716,4.927241708628436
2016-09-28,BJCO,6.385,2.45,30.7,2016,9,28,637,0.0555158544952674,55.5158544952674,0.0570133879009156,57.0133879009156,0.0564208333333333,56.4208333333333,56.4208333333333,56.4208333333333,56.4208333333333,55.5158544952674,55.5158544952674,55.5158544952674,57.0133879009156,57.0133879009156,57.0133879009156,50.43543188286297,5.751356094447859,-0.6709334820434307,5.080422612404426,50.39600585716071,5.6121095459399095,1.0052724978149854,6.617382043754894,50.959210494718256,4.947463406990343,0.514159431624698,5.4616228386150425
2016-09-29,BJCO,6.385,2.45,30.7,2016,9,29,638,0.05446206444342,54.46206444342,0.0540102706772103,54.0102706772103,0.0538083333333333,53.8083333333333,53.8083333333333,53.8083333333333,53.8083333333333,55.5647162076535,54.46206444342,54.46206444342,54.0102706772103,54.0102706772103,54.0102706772103,50.435462455337095,7.017308901760524,-1.8880551494441207,5.1292537523164015,50.39429424673519,6.669015370686046,-3.0530389402109392,3.615976430475108,50.95817057011686,5.503152164140217,-2.6529894009237793,2.8501627632164386
2016-09-30,BJCO,6.385,2.45,30.7,2016,9,30,639,0.0555424296891925,55.5424296891925,0.054328312684583,54.328312684583,0.0552666666666666,55.2666666666666,55.2666666666666,55.2666666666666,55.2666666666666,55.5424296891925,55.5424296891925,55.5424296891925,54.328312684583,54.328312684583,54.328312684583,50.435521149030556,3.9353100961878242,1.1715984439741192,5.106908540161946,50.39261155797694,3.0582164740199014,0.8774846525861548,3.9357011266060553,50.9571389660783,2.380758348992961,1.9287693515953421,4.309527700588305
2016-10-01,BJCO,6.385,2.45,30.7,2016,10,1,640,0.0603850799294959,60.385079929495895,0.060211605995912,60.211605995912,0.0609916666666666,60.9916666666666,60.9916666666666,60.9916666666666,60.9916666666666,55.5158544952674,60.385079929495895,60.385079929495895,60.211605995912,60.211605995912,60.211605995912,50.4356085129611,3.089174483666388,1.9910714986399043,5.080245982306295,50.39095820107466,-0.39927406695382595,10.219921861791171,9.820647794837342,50.95611613017772,0.03634339854443225,9.999207137944452,10.035550536488884
2016-10-02,BJCO,6.385,2.45,30.7,2016,10,2,641,0.057627634393271,57.627634393271,0.0585349295495121,58.5349295495121,0.0588041666666666,58.8041666666666,58.8041666666666,58.8041666666666,58.8041666666666,57.627634393271,57.627634393271,57.627634393271,58.5349295495121,58.5349295495121,58.5349295495121,50.435725046880904,5.7725087635563845,1.4194005828337168,7.191909346390098,50.38933456322861,5.524187515704604,2.6214074705788875,8.145594986283491,50.95510247142017,5.639499870478769,2.209564324767662,7.849064195246434
2016-10-03,BJCO,6.385,2.45,30.7,2016,10,3,642,0.0535750984358567,53.5750984358567,0.0543220801662005,54.3220801662005,0.0541416666666666,54.1416666666666,54.1416666666666,54.1416666666666,54.1416666666666,53.5750984358567,53.5750984358567,53.5750984358567,54.3220801662005,54.3220801662005,54.3220801662005,50.43587120903829,5.391070222658593,-2.251842995840178,3.139227226818413,50.387740997049534,5.157301876906012,-1.2229627077550447,3.9343391691509666,50.954098362875065,5.252748621955507,-2.065180318163968,3.1875683037915366
2016-10-04,BJCO,6.385,2.45,30.7,2016,10,4,643,0.052688023384897,52.688023384896994,0.0522436323884561,52.2436323884561,0.0520916666666666,52.0916666666666,52.0916666666666,52.0916666666666,52.0916666666666,52.688023384896994,52.688023384896994,52.688023384896994,52.2436323884561,52.2436323884561,52.2436323884561,50.43604742027648,4.832697289990947,-2.5807213253704333,2.251975964620513,50.38617781106456,4.842993754731686,-2.9855391773401507,1.857454577391536,50.95310415378414,4.443726723237486,-3.3051642103550307,1.1385625128824586
2016-10-05,BJCO,6.385,2.45,30.7,2016,10,5,644,0.0516197329187636,51.6197329187636,0.0526970451426539,52.6970451426539,0.0513958333333333,51.3958333333333,51.3958333333333,51.3958333333333,51.3958333333333,51.6197329187636,51.6197329187636,51.6197329187636,52.6970451426539,52.6970451426539,52.6970451426539,50.43625405295799,5.107811475919251,-3.9243326101136375,1.1834788658056112,50.384645231713144,4.3690561487911035,-2.0566562378503477,2.312399910940755,50.95212013496548,3.15237709105593,-2.708663892688115,0.4437131983678171
2016-10-06,BJCO,6.385,2.45,30.7,2016,10,6,645,0.0527821074156913,52.7821074156913,0.0508209235635528,50.8209235635528,0.0517624999999999,51.762499999999896,51.762499999999896,51.762499999999896,51.762499999999896,52.7821074156913,52.7821074156913,52.7821074156913,50.8209235635528,50.8209235635528,50.8209235635528,50.43649145307157,4.442408340982447,-2.0967923783627143,2.345615962619732,50.383143422199325,4.895753810833324,-4.457973669479848,0.4377801413534783,50.951146556637475,3.1945048701091645,-2.3831514267467426,0.811353443362421
2016-10-07,BJCO,6.385,2.45,30.7,2016,10,7,646,0.0585589195009032,58.5589195009032,0.0526942112906612,52.6942112906612,0.0542125,54.2125,54.2125,54.2125,54.2125,58.5589195009032,58.5589195009032,58.5589195009032,52.6942112906612,52.6942112906612,52.6942112906612,50.4367599648883,7.116386348812321,1.0057731872025784,8.122159536014898,50.38167251355517,4.474074385021031,-2.161535607915006,2.3125387771060275,50.95018366079749,3.8131688887364446,-0.5508525495339356,3.2623163392025063
2016-10-08,BJCO,6.385,2.45,30.7,2016,10,8,647,0.0636451637204106,63.645163720410594,0.0607444655166168,60.7444655166168,0.0600208333333333,60.0208333333333,60.0208333333333,60.0208333333333,60.0208333333333,63.645163720410594,63.645163720410594,63.645163720410594,60.7444655166168,60.7444655166168,60.7444655166168,50.43705993135791,6.8736745508900965,6.334429238162592,13.208103789052686,50.38023264068322,5.7174810078165015,4.646751868117079,10.364232875933581,50.94923170249747,5.466142663144796,3.6054589676910354,9.07160163083583
2016-10-09,BJCO,6.385,2.45,30.7,2016,10,9,648,0.0573034180792961,57.3034180792961,0.058679415698212,58.679415698212,0.0583166666666666,58.3166666666666,58.3166666666666,58.3166666666666,58.3166666666666,57.3034180792961,57.3034180792961,57.3034180792961,58.679415698212,58.679415698212,58.679415698212,50.43739170346646,4.619653402849743,2.2463729729798985,6.866026375829641,50.37882395770585,5.497182094423873,2.8034096460822795,8.30059174050615,50.94829096988741,4.166920300937169,3.201455395842018,7.368375696779189
2016-10-10,BJCO,6.385,2.45,30.7,2016,10,10,649,0.0555700908330517,55.5700908330517,0.0561187296504404,56.1187296504404,0.0561958333333333,56.1958333333333,56.1958333333333,56.1958333333333,56.1958333333333,55.5700908330517,55.5700908330517,55.5700908330517,56.1187296504404,56.1187296504404,56.1187296504404,50.43775560746832,2.0084732755671864,3.123861950016199,5.1323352255833825,50.37744658761356,0.4765698820069691,5.264713180819868,5.741283062826838,50.94736172961934,-0.7079030576848417,5.9563746613988044,5.248471603713959
2016-10-11,BJCO,6.385,2.45,30.7,2016,10,11,650,0.0580241786507643,58.0241786507643,0.0572298252961118,57.2298252961118,0.0577666666666666,57.7666666666666,57.7666666666666,57.7666666666666,57.7666666666666,58.0241786507643,58.0241786507643,58.0241786507643,57.2298252961118,57.2298252961118,57.2298252961118,50.4381519400918,-1.496790901740491,9.082817612412988,7.586026710672499,50.3761006392925,-0.08011785934058402,6.933842516159878,6.8537246568192955,50.94644425682938,-0.5873232734242575,7.407545683261482,6.820222409837221
2016-10-12,BJCO,6.385,2.45,30.7,2016,10,12,651,0.0586075935314768,58.6075935314768,0.0576268909364058,57.6268909364058,0.0562125,56.2125,56.2125,56.2125,56.2125,58.6075935314768,58.6075935314768,58.6075935314768,57.6268909364058,57.6268909364058,57.6268909364058,50.43858095065825,2.006012735412486,6.16299984540607,8.169012580818553,50.37478620034891,-0.015812085140742192,7.2679168211976375,7.252104736056893,50.94553882053895,2.4359321609115914,2.831029018549458,5.266961179461049
2016-10-13,BJCO,6.385,2.45,30.7,2016,10,13,652,0.0558256850917669,55.8256850917669,0.0543754741602243,54.3754741602243,0.054925,54.925,56.1958333333333,54.925,54.925,55.8256850917669,55.8256850917669,55.8256850917669,54.3754741602243,54.3754741602243,54.3754741602243,50.43904279614094,3.2846393467100676,2.102002948915896,5.386642295625961,50.37350328274304,2.858784509355913,1.143186368125349,4.001970877481263,50.94464563364458,2.8021406015992247,2.449047098089487,5.251187699688714
2016-10-14,BJCO,6.385,2.45,30.7,2016,10,14,653,0.0559437534711338,55.9437534711338,0.055798677815308,55.798677815308,0.0565083333333333,56.5083333333333,54.9375,56.5083333333333,56.5083333333333,55.9437534711338,55.9437534711338,55.9437534711338,54.3754741602243,55.798677815308,55.798677815308,50.439537523419695,4.582321848164721,0.9218940995493838,5.504215947714108,50.3722517987625,2.856774209309796,1.1464481521520042,4.003222361461802,50.943764828694995,3.236912439646842,0.7568227316581613,3.993735171305005
2016-10-15,BJCO,6.385,2.45,30.7,2016,10,15,654,0.054460565181035,54.460565181035,0.0542932175994379,54.2932175994379,0.0549375,54.9375,54.9375,54.9375,54.9375,54.460565181035,54.460565181035,54.460565181035,54.2932175994379,54.2932175994379,54.2932175994379,50.44006509543088,3.179727245989146,0.8407728396149707,4.0205000856041195,50.37103157172159,4.046222228916391,-0.1240362012000773,3.9221860277163145,50.942896487374284,3.9717337586940955,0.022869753931622938,3.994603512625716
2016-10-16,BJCO,6.385,2.45,30.7,2016,10,16,655,0.0526153993887264,52.6153993887264,0.0536064138679526,53.6064138679526,0.0530541666666666,53.0541666666666,53.0541666666666,53.0541666666666,53.0541666666666,54.460565181035,52.6153993887264,52.6153993887264,53.6064138679526,53.6064138679526,53.6064138679526,50.44062540724181,-0.4107231912652966,4.430662965058488,4.01993977379319,50.369842355366515,1.8358827607871449,1.4006887517989384,3.2365715125860817,50.94204064452855,0.002690968433228788,2.1094350537048285,2.1121260221380567
2016-10-17,BJCO,6.385,2.45,30.7,2016,10,17,656,0.0525006420672323,52.50064206723231,0.0538080687091695,53.808068709169504,0.0529916666666666,52.9916666666666,52.9916666666666,52.9916666666666,52.9916666666666,53.518428067207104,52.50064206723231,52.50064206723231,53.808068709169504,53.808068709169504,53.808068709169504,50.44121837041068,1.03715091553689,2.040058781259532,3.077209696796423,50.368683870535854,1.4782986517719328,1.9610861868617206,3.43938483863365,50.941197310419575,0.801931100233703,1.248538256013326,2.050469356247028
2016-10-18,BJCO,6.385,2.45,30.7,2016,10,18,657,0.0545068957654851,54.5068957654851,0.0525361361284145,52.5361361284145,0.05215,52.15,52.15,52.15,52.15,54.5068957654851,54.5068957654851,54.5068957654851,53.7001320256218,52.5361361284145,52.5361361284145,50.44184391398101,3.590401552152628,0.47465029935145964,4.065051851504087,50.36755581322802,3.1135719008571616,0.21900431153661515,3.332576212393775,50.94036648017611,2.638807117624641,-1.4291735978007551,1.209633519823889
2016-10-19,BJCO,6.385,2.45,30.7,2016,10,19,658,0.0534130575488299,53.4130575488299,0.0537001320256218,53.7001320256218,0.0526083333333333,52.6083333333333,52.6083333333333,52.6083333333333,52.6083333333333,53.4130575488299,53.4130575488299,53.4130575488299,53.7001320256218,53.7001320256218,53.7001320256218,50.442501934163445,4.638122446213337,-1.6675668315468855,2.970555614666452,50.36645785560069,3.2014837851363156,0.13219038488478674,3.333674170021105,50.9395481387575,2.044568119702923,-0.3757829251271261,1.668785194575797
2016-10-20,BJCO,6.385,2.45,30.7,2016,10,20,659,0.0535184280672071,53.518428067207104,0.0506103663979319,50.6103663979319,0.0509583333333333,50.9583333333333,50.9583333333333,50.9583333333333,50.9583333333333,53.518428067207104,53.518428067207104,53.518428067207104,50.6103663979319,50.6103663979319,50.6103663979319,50.44319230524022,4.933469242905666,-1.8582334809387788,3.075235761966887,50.365389647240875,4.3614973414702325,-4.11652059077921,0.24497675069102343,50.9387422640413,4.192284995003368,-4.172693925711371,0.019591069291998053
2016-10-21,BJCO,6.385,2.45,30.7,2016,10,21,660,0.0564714223028276,56.4714223028276,0.0546786018879551,54.6786018879551,0.0546083333333333,54.6083333333333,54.6083333333333,54.6083333333333,54.6083333333333,56.4714223028276,56.4714223028276,56.4714223028276,54.6786018879551,54.6786018879551,54.6786018879551,50.443914889272186,3.8428670257716813,2.1846403877837304,6.027507413555412,50.36435081737321,3.7207146649646026,0.5935364056172858,4.314251070581889,50.93794882003584,2.618553909599967,1.0518306036974892,3.6703845132974564
2016-10-22,BJCO,6.385,2.45,30.7,2016,10,22,661,0.0566653504866203,56.66535048662031,0.0558531780246148,55.8531780246148,0.0563249999999999,56.3249999999999,56.3249999999999,56.3249999999999,56.3249999999999,56.66535048662031,56.66535048662031,56.66535048662031,55.8531780246148,55.8531780246148,55.8531780246148,50.44466951807039,3.06116434557371,3.159516622976213,6.220680968549921,50.36334097659016,0.467669707913354,5.022167340111288,5.48983704802464,50.93716775688201,1.2324819509150737,4.155350292202819,5.3878322431178916
2016-10-23,BJCO,6.385,2.45,30.7,2016,10,23,662,0.0513649234224337,51.3649234224337,0.05213778874674,52.13778874674,0.0525916666666666,52.5916666666666,52.5916666666666,52.5916666666666,52.5916666666666,51.3649234224337,51.3649234224337,51.3649234224337,52.13778874674,52.13778874674,52.13778874674,50.44545597196424,4.625921859838582,-3.7064544093691296,0.9194674504694547,50.362359701520056,2.4632897087027095,-0.6878606634827662,1.7754290452199442,50.936398998680765,3.035918654489102,-1.3806509865032695,1.6552676679858322
2016-10-24,BJCO,6.385,2.45,30.7,2016,10,24,663,0.0524493088707279,52.4493088707279,0.0508286462969791,50.8286462969791,0.0519499999999999,51.949999999999896,51.949999999999896,51.949999999999896,51.949999999999896,52.4493088707279,52.4493088707279,52.4493088707279,50.8286462969791,50.8286462969791,50.8286462969791,50.44627396908949,3.9922033371869414,-1.9891684355485353,2.003034901638408,50.36140653026987,2.818006567843858,-2.3507668011346254,0.46723976670923406,50.93564244319983,2.241868518173742,-1.2275109613736745,1.0143575568000642
2016-10-25,BJCO,6.385,2.45,30.7,2016,10,25,664,0.0552259573207383,55.2259573207383,0.0525730743133881,52.5730743133881,0.0527958333333333,52.7958333333333,52.7958333333333,52.7958333333333,52.7958333333333,55.2259573207383,55.2259573207383,55.2259573207383,52.5730743133881,52.5730743133881,52.5730743133881,50.44712319394861,4.079413080691683,0.6994210460980099,4.77883412678969,50.360480976058334,2.64703958340025,-0.4344462460704861,2.212593337329764,50.93489797114975,2.452930398386795,-0.5919950362032509,1.8609353621835467
2016-10-26,BJCO,6.385,2.45,30.7,2016,10,26,665,0.0501131831948344,50.1131831948344,0.0469967424976489,46.9967424976489,0.0479333333333333,47.9333333333333,47.9333333333333,47.9333333333333,47.9333333333333,50.1131831948344,50.1131831948344,50.1131831948344,46.9967424976489,46.9967424976489,46.9967424976489,50.44800334240421,3.4076106393851933,-3.742430786955005,-0.3348201475698147,50.359582541600695,6.341091716732283,-9.703931760684078,-3.362840043951792,50.93416545394483,6.84346467736616,-9.844296797977684,-3.000832120611527
2016-10-27,BJCO,6.385,2.45,30.7,2016,10,27,666,0.0437888412291317,43.7888412291317,0.0436939449621451,43.693944962145096,0.0448833333333333,44.8833333333333,44.8833333333333,44.8833333333333,44.8833333333333,43.7888412291317,43.7888412291317,43.7888412291317,43.693944962145096,43.693944962145096,43.693944962145096,50.44891414521515,5.496831886780307,-12.156904802863757,-6.66007291608345,50.35871077717042,6.174171031451153,-12.838936846476479,-6.664765815025326,50.93344481033956,6.143032540153004,-12.193144017159263,-6.050111477006261
2016-10-28,BJCO,6.385,2.45,30.7,2016,10,28,667,0.048625639016028,48.625639016028,0.0471454800179364,47.1454800179364,0.04785,47.85,47.85,47.85,47.85,48.625639016028,48.625639016028,48.625639016028,47.1454800179364,47.1454800179364,47.1454800179364,50.44985538015075,3.4543103747304387,-5.278526738853188,-1.8242163641227478,50.35786529044405,7.723334555732731,-10.935719828240387,-3.212385272507653,50.93273600722396,5.795645004535782,-8.878381011759735,-3.082736007223957
2016-10-29,BJCO,6.385,2.45,30.7,2016,10,29,668,0.0519072996955169,51.9072996955169,0.0489075572694269,48.9075572694269,0.0497583333333333,49.7583333333333,49.7583333333333,49.7583333333333,49.7583333333333,51.9072996955169,51.9072996955169,51.9072996955169,48.9075572694269,48.9075572694269,48.9075572694269,50.450826834670224,3.830623649178128,-2.3741507883314554,1.4564728608466737,50.35704571717218,2.244034325118474,-3.6935227728637514,-1.4494884477452743,50.93203902537319,2.515482673561767,-3.689188365601659,-1.1737056920398956
2016-10-30,BJCO,6.385,2.45,30.7,2016,10,30,669,0.0559634700804935,55.9634700804935,0.0511966031689086,51.1966031689086,0.0515166666666666,51.5166666666666,51.5166666666666,51.5166666666666,51.5166666666666,55.9634700804935,55.9634700804935,55.9634700804935,51.1966031689086,51.1966031689086,51.1966031689086,50.45182832010829,5.1584805272833645,0.35316123310184366,5.51164176038521,50.356251749680055,4.188560875780979,-3.348209456552432,0.8403514192285471,50.93135386154737,4.075162741105342,-3.489849935986115,0.58531280511923
2016-11-01,BJCO,6.385,2.45,30.7,2016,11,1,671,0.0529670712561732,52.9670712561732,0.0531275519594466,53.1275519594466,0.0529041666666666,52.9041666666666,52.9041666666666,52.9041666666666,52.9041666666666,52.9670712561732,52.9670712561732,52.9670712561732,53.1275519594466,53.1275519594466,53.1275519594466,50.45392057203152,4.125619312889223,-1.6124686287475427,2.513150684141678,50.354739517563814,4.249870362694066,-1.4770579208112835,2.7728124418827846,50.93001885812328,4.2935454634075425,-2.3193976548642254,1.9741478085433144
2016-11-02,BJCO,6.385,2.45,30.7,2016,11,2,672,0.0532102538259605,53.2102538259605,0.0533060005679439,53.3060005679439,0.0519541666666666,51.9541666666666,51.9541666666666,51.9541666666666,51.9541666666666,53.2102538259605,53.2102538259605,53.2102538259605,53.3060005679439,53.3060005679439,53.3060005679439,50.4550109273856,3.1131139392732305,-0.35787104069833475,2.755242898574899,50.35402072074066,2.6758225428688966,0.2761573043343404,2.9519798472032406,50.929368925910545,1.8757211575533086,-0.8509234167972508,1.024797740756057
2016-11-03,BJCO,6.385,2.45,30.7,2016,11,3,673,0.0506206049724046,50.6206049724046,0.0488873008922783,48.887300892278304,0.0490291666666666,49.029166666666605,49.029166666666605,49.029166666666605,49.029166666666605,50.6206049724046,50.6206049724046,50.6206049724046,48.887300892278304,48.887300892278304,48.887300892278304,50.45613056169069,1.6218905315650134,-1.4574161208511072,0.16447441071390756,50.35332652608869,0.41145346829792484,-1.8774791021083175,-1.4660256338103892,50.928730666319936,0.8046728485965371,-2.70423684824987,-1.8995639996533313
2016-11-04,BJCO,6.385,2.45,30.7,2016,11,4,674,0.0462269599354112,46.2269599354112,0.0449998076256042,44.999807625604205,0.04695,46.95,46.95,46.95,46.95,46.2269599354112,46.2269599354112,46.2269599354112,44.999807625604205,44.999807625604205,44.999807625604205,50.45727939667186,-0.20867098030337503,-4.021648480957282,-4.230319461260656,50.352656795456426,-2.1326827944179727,-3.220166375434246,-5.35284916985222,50.92810409132734,0.4700575288823749,-4.44816162020971,-3.9781040913273387
2016-11-05,BJCO,6.385,2.45,30.7,2016,11,5,675,0.0524516747994411,52.4516747994411,0.0490133846907228,49.0133846907228,0.04965,49.65,49.65,49.65,49.65,52.4516747994411,52.4516747994411,52.4516747994411,49.0133846907228,49.0133846907228,49.0133846907228,50.458457395413774,2.4289775017402078,-0.4357600977128797,1.9932174040273267,50.35201140298899,-0.20731276377650065,-1.1313139484896908,-1.3386267122661906,50.927489229355665,0.8101491886932634,-2.0876384180489325,-1.2774892293556661
2016-11-06,BJCO,6.385,2.45,30.7,2016,11,6,676,0.0475671959829793,47.5671959829793,0.047743056377598,47.743056377598,0.0494208333333333,49.420833333333306,49.420833333333306,49.420833333333306,49.420833333333306,47.5671959829793,47.5671959829793,47.5671959829793,47.743056377598,47.743056377598,47.743056377598,50.459664575693864,1.8250580471398548,-4.71752663985442,-2.8924685927145646,50.35139021813049,1.0180213837531604,-3.6263552242856463,-2.608333840532488,50.92688610707808,0.6150773760416623,-2.1211301497864383,-1.506052773744777
2016-11-07,BJCO,6.385,2.45,30.7,2016,11,7,677,0.0449213380024267,44.9213380024267,0.0413260598876971,41.3260598876971,0.0450125,45.0125,45.0125,45.0125,45.0125,44.9213380024267,44.9213380024267,44.9213380024267,41.3260598876971,41.3260598876971,41.3260598876971,50.46090099911551,3.3488178912483804,-8.888380887937188,-5.539562996688808,50.35079311186117,3.150912471187554,-12.175645695351626,-9.024733224164073,50.92629476772577,0.8317081110965873,-6.745502878822357,-5.9137947677257685
2016-11-08,BJCO,6.385,2.45,30.7,2016,11,8,678,0.0490636999563202,49.0636999563202,0.0486690081292181,48.6690081292181,0.0490041666666666,49.0041666666666,49.0041666666666,49.0041666666666,49.0041666666666,49.0636999563202,49.0636999563202,49.0636999563202,48.6690081292181,48.6690081292181,48.6690081292181,50.4621667776978,0.60776779740493,-2.0062346187825355,-1.3984668213776033,50.350219996103746,0.8732763888050807,-2.5544882556907282,-1.681211866885647,50.9257152882978,-0.033787116360958616,-1.887761505270241,-1.921548621631203
2016-11-09,BJCO,6.385,2.45,30.7,2016,11,9,679,0.04467589928247,44.67589928247,0.0459594200764672,45.9594200764672,0.0458083333333333,45.8083333333333,45.8083333333333,45.8083333333333,45.8083333333333,44.67589928247,44.67589928247,44.67589928247,45.9594200764672,45.9594200764672,45.9594200764672,50.4634620654861,-1.5987547293266697,-4.188808053689428,-5.787562783016099,50.349670809963335,-1.3500097879315205,-3.0402409455646193,-4.3902507334961385,50.925147760236456,-1.908703723800766,-3.208110703102392,-5.116814426903154
2016-11-10,BJCO,6.385,2.45,30.7,2016,11,10,680,0.0369958096306517,36.9958096306517,0.0373727919135069,37.372791913506894,0.0391291666666666,39.1291666666666,39.1291666666666,39.1291666666666,39.1291666666666,36.9958096306517,36.9958096306517,36.9958096306517,37.372791913506894,37.372791913506894,37.372791913506894,50.46478698577608,1.851036901157609,-15.320014256281986,-13.46897735512438,50.34914548171423,-1.030577593042572,-11.945775975164764,-12.976353568207337,50.92459225108067,-0.42348503371166535,-11.371940550702405,-11.795425584414069
2016-11-11,BJCO,6.385,2.45,30.7,2016,11,11,681,0.0406588599157726,40.6588599157726,0.0408443934384273,40.8443934384273,0.0439916666666666,43.9916666666666,43.9916666666666,43.9916666666666,43.9916666666666,40.6588599157726,40.6588599157726,40.6588599157726,40.8443934384273,40.8443934384273,40.8443934384273,50.466141619366105,-0.4895369851021022,-9.317744718491404,-9.807281703593503,50.34864391917428,-0.6164860563804347,-8.887764424366537,-9.504250480746975,50.92404878759551,-0.6964257905976017,-6.235956330331305,-6.9323821209289065
2016-11-12,BJCO,6.385,2.45,30.7,2016,11,12,682,0.0492753985947179,49.2753985947179,0.04783330557281,47.83330557281,0.0479833333333333,47.9833333333333,47.9833333333333,47.9833333333333,47.9833333333333,49.2753985947179,49.2753985947179,49.2753985947179,47.83330557281,47.83330557281,47.83330557281,50.46752599373831,-2.8894226734932014,1.6972952744727863,-1.1921273990204142,50.348166008710855,-3.213442233758783,0.6985817978579263,-2.5148604359008573,50.923517396762115,-2.7497113719506663,-0.19047269147814916,-2.9401840634288163
2016-11-13,BJCO,6.385,2.45,30.7,2016,11,13,683,0.0484477591888094,48.4477591888094,0.0489417253046805,48.9417253046805,0.0494,49.4,49.4,49.4,49.4,48.4477591888094,48.4477591888094,48.4477591888094,48.9417253046805,48.9417253046805,48.9417253046805,50.468940116959715,-3.4623086645032024,1.4411277363528896,-2.021180928150315,50.34771161797806,-0.8551527718560553,-0.5508335414414987,-1.4059863132975536,50.92299811890994,-0.7659920087968797,-0.7570061101130605,-1.522998118909939
2016-11-14,BJCO,6.385,2.45,30.7,2016,11,14,684,0.043973885581567,43.97388558156701,0.042018983771415,42.018983771415,0.0445041666666666,44.5041666666666,44.5041666666666,44.5041666666666,44.5041666666666,43.97388558156701,43.97388558156701,43.97388558156701,42.018983771415,42.018983771415,42.018983771415,50.47038399503025,-4.563637239576265,-1.9328611738869697,-6.496498413463236,50.34728058969861,-4.097270619890236,-4.231026198393373,-8.328296818283611,50.922490993930495,-2.626313758595012,-3.7920105686688856,-6.418324327263896
2016-11-15,BJCO,6.385,2.45,30.7,2016,11,15,685,0.0430541354341643,43.0541354341643,0.0427249137239191,42.7249137239191,0.0458541666666666,45.8541666666666,45.8541666666666,45.8541666666666,45.8541666666666,43.0541354341643,43.0541354341643,43.0541354341643,42.7249137239191,42.7249137239191,42.7249137239191,50.47185761793064,-3.9752932493573057,-3.4424289344090298,-7.417722183766337,50.346872785317224,-4.029326515324795,-3.5926325460733253,-7.6219590613981225,50.92199605444989,-2.9817874317344355,-2.0860419560488594,-5.067829387783291
2016-11-16,BJCO,6.385,2.45,30.7,2016,11,16,686,0.045315165815794,45.315165815794,0.0443401891688202,44.3401891688202,0.04615,46.15,46.15,46.15,46.15,45.315165815794,45.315165815794,45.315165815794,44.3401891688202,44.3401891688202,44.3401891688202,50.47336093593608,-0.5310453971388733,-4.6271497230032,-5.158195120142075,50.346488063469046,-4.250958943652545,-1.7553399509962944,-6.006298894648843,50.921513310132305,-3.5494998872469883,-1.2220134228853183,-4.771513310132306
2016-11-17,BJCO,6.385,2.45,30.7,2016,11,17,687,0.0436646066784964,43.6646066784964,0.0429526558458318,42.9526558458318,0.0450958333333333,45.0958333333333,45.0958333333333,45.0958333333333,45.0958333333333,43.6646066784964,43.6646066784964,43.6646066784964,42.9526558458318,42.9526558458318,42.9526558458318,50.47489388969251,-1.1203248693262429,-5.689962341869872,-6.810287211196112,50.346126270487986,-1.9868177950540142,-5.406652629602171,-7.393470424656186,50.921042754752754,-0.9784734570576775,-4.846735964361777,-5.825209421419451
2016-11-18,BJCO,6.385,2.45,30.7,2016,11,18,688,0.0461043587359581,46.1043587359581,0.0450456561587974,45.0456561587974,0.0470583333333333,47.0583333333333,47.0583333333333,47.0583333333333,47.0583333333333,46.1043587359581,46.1043587359581,46.1043587359581,45.0456561587974,45.0456561587974,45.0456561587974,50.47645646109883,-2.727512907985324,-1.6445848171554047,-4.372097725140726,50.34578728908531,-1.358535507649529,-3.9415956226383813,-5.300131130287909,50.9205844118658,-1.326584194576649,-2.535666883955855,-3.862251078532502
2016-11-19,BJCO,6.385,2.45,30.7,2016,11,19,689,0.0493228816672677,49.3228816672677,0.0486322773624128,48.6322773624128,0.0491458333333333,49.1458333333333,49.1458333333333,49.1458333333333,49.1458333333333,49.3228816672677,49.3228816672677,49.3228816672677,48.6322773624128,48.6322773624128,48.6322773624128,50.478048702546474,-2.1260460196335993,0.970878984354826,-1.1551670352787724,50.345471077868424,-2.415348217341572,0.7021545018859499,-1.713193715455624,50.92013834368139,-1.621073069405507,-0.1532319409425824,-1.7743050103480869
2016-11-20,BJCO,6.385,2.45,30.7,2016,11,20,690,0.0511906529856264,51.1906529856264,0.0489878668644289,48.9878668644289,0.0484041666666666,48.404166666666605,48.404166666666605,48.404166666666605,48.404166666666605,51.1906529856264,51.1906529856264,51.1906529856264,48.9878668644289,48.9878668644289,48.9878668644289,50.47967070551425,-0.6004593036141029,1.3114415837262499,0.7109822801121481,50.34517764598629,-1.7405085421504618,0.3831977605930774,-1.3573107815573877,50.91970462771819,-1.6248004001900769,-0.8907375608615098,-2.515537961051585
2016-11-22,BJCO,6.385,2.45,30.7,2016,11,22,692,0.0482346035198503,48.2346035198503,0.0467460020203417,46.7460020203417,0.0488333333333333,48.8333333333333,48.8333333333333,48.8333333333333,48.8333333333333,48.2346035198503,48.2346035198503,48.2346035198503,46.7460020203417,46.7460020203417,46.7460020203417,50.483004393755344,-0.7016229283700202,-1.5467779455350197,-2.248400873905041,50.344659302833456,-0.3571815237261011,-3.2414757587656595,-3.5986572824917573,50.918874641015165,0.18986781113311257,-2.275409118814977,-2.085541307681865
2016-11-23,BJCO,6.385,2.45,30.7,2016,11,23,693,0.0508396624766472,50.8396624766472,0.0514066827448963,51.4066827448963,0.0511291666666666,51.1291666666666,51.1291666666666,51.1291666666666,51.1291666666666,50.8396624766472,50.8396624766472,50.8396624766472,51.4066827448963,51.4066827448963,51.4066827448963,50.48471629151258,-0.06726342358715048,0.42220960872176505,0.3549461851346152,50.3444346156756,0.017537924270721844,1.044710204949979,1.0622481292206984,50.91847864406216,-0.6265714371996973,0.8372594598041374,0.21068802260443675
2016-11-24,BJCO,6.385,2.45,30.7,2016,11,24,694,0.051594140784228,51.594140784228,0.0496908497609536,49.6908497609536,0.0507583333333333,50.7583333333333,50.7583333333333,50.7583333333333,50.7583333333333,51.594140784228,51.594140784228,51.594140784228,49.6908497609536,49.6908497609536,49.6908497609536,50.486458385220146,0.9349570993389643,0.1727252996688904,1.1076823990078566,50.34423317167007,1.8026743843333284,-2.4560577950498015,-0.6533834107164722,50.91809554247987,2.238665461517946,-2.3984276706645176,-0.1597622091465709
2016-11-25,BJCO,6.385,2.45,30.7,2016,11,25,695,0.0482668253914713,48.2668253914713,0.0446031371490729,44.6031371490729,0.0465541666666666,46.5541666666666,46.5541666666666,46.5541666666666,46.5541666666666,48.2668253914713,48.2668253914713,48.2668253914713,44.6031371490729,44.6031371490729,44.6031371490729,50.48823075651504,-1.5547830235423126,-0.666622341501423,-2.2214053650437364,50.34405513507446,-1.0073614614770072,-4.733556524524552,-5.740917986001563,50.91772548698661,-1.1691739653983297,-3.1943848549216796,-4.363558820320009
2016-11-26,BJCO,6.385,2.45,30.7,2016,11,26,696,0.0432922389946309,43.2922389946309,0.0418890447913686,41.889044791368605,0.0426125,42.6125,42.6125,42.6125,42.6125,43.2922389946309,43.2922389946309,43.2922389946309,41.889044791368605,41.889044791368605,41.889044791368605,50.49003341495914,-3.3779234865671817,-3.8198709337610595,-7.197794420328243,50.343900626236255,-3.418995286116733,-5.035860548750918,-8.45485583486765,50.91736861269363,-2.365710962659058,-5.9391576500345735,-8.304868612693632
2016-11-27,BJCO,6.385,2.45,30.7,2016,11,27,697,0.0449761837855494,44.9761837855494,0.0423553791190234,42.35537911902341,0.0439333333333333,43.9333333333333,43.9333333333333,43.9333333333333,43.9333333333333,44.9761837855494,44.9761837855494,44.9761837855494,42.35537911902341,42.35537911902341,42.35537911902341,50.49186628235309,-3.8995091540658193,-1.6161733427378664,-5.515682496803684,50.34376971389658,-6.872437775986806,-1.1159528188863632,-7.988390594873167,50.91702505368846,-3.1993702690251618,-3.784321451330001,-6.983691720355161
2016-11-28,BJCO,6.385,2.45,30.7,2016,11,28,698,0.0500787387805058,50.0787387805058,0.049193618873918,49.193618873918005,0.04985,49.85,49.85,49.85,49.85,50.0787387805058,50.0787387805058,50.0787387805058,49.193618873918005,49.193618873918005,49.193618873918005,50.493729245638896,-2.2818775578710286,1.866887092737933,-0.41499046513309423,50.34366244992446,-2.56261358538865,1.4125700093821933,-1.1500435760064533,50.91669492545149,-1.906622543081327,0.83992761762984,-1.0666949254514861
2016-11-29,BJCO,6.385,2.45,30.7,2016,11,29,699,0.0484513491774716,48.4513491774716,0.050523216373985,50.523216373985,0.0503166666666666,50.3166666666666,50.3166666666666,50.3166666666666,50.3166666666666,48.4513491774716,48.4513491774716,48.4513491774716,50.523216373985,50.523216373985,50.523216373985,50.49562217961852,-3.071266043842498,1.026993041695576,-2.044273002146923,50.34357887059936,-2.1325925220403392,2.3122300254259827,0.1796375033856421,50.91637833495679,-1.746247613496087,1.1465359452058976,-0.5997116682901904
2016-11-30,BJCO,6.385,2.45,30.7,2016,11,30,700,0.0479929479126295,47.9929479126295,0.0476734159814018,47.6734159814018,0.0480416666666666,48.0416666666666,48.0416666666666,48.0416666666666,48.0416666666666,47.9929479126295,47.9929479126295,47.9929479126295,47.6734159814018,47.6734159814018,47.6734159814018,50.49754498502138,-2.8327545702753683,0.32815749788349535,-2.5045970723918742,50.34351902012232,-3.1415069522449377,0.47140391352441924,-2.6701030387205194,50.9160754070499,-2.19696310749362,-0.677445632889679,-2.874408740383302
2016-12-01,BJCO,6.385,2.45,30.7,2016,12,1,701,0.0451618058116971,45.1618058116971,0.0422065850273068,42.2065850273068,0.0445041666666666,44.5041666666666,44.5041666666666,44.5041666666666,44.5041666666666,45.1618058116971,45.1618058116971,45.1618058116971,42.2065850273068,42.2065850273068,42.2065850273068,50.49949759799566,-4.58585293291303,-0.7518388533855358,-5.337691786298564,50.34348297257011,-5.999924310808524,-2.136973634454783,-8.136897945263307,50.91578629224862,-4.641000984031549,-1.7706186415504703,-6.41161962558202
2016-12-02,BJCO,6.385,2.45,30.7,2016,12,2,702,0.0438345509789538,43.8345509789538,0.0422177716265075,42.2177716265075,0.0430083333333333,43.0083333333333,43.0083333333333,43.0083333333333,43.0083333333333,43.8345509789538,43.8345509789538,43.8345509789538,42.2177716265075,42.2177716265075,42.2177716265075,50.50147998397696,-4.957451575635003,-1.7094774293881514,-6.666929005023157,50.34347083774777,-5.937576487565501,-2.1881227236747733,-8.125699211240274,50.91551114833233,-4.938011246642808,-2.969166568356222,-7.907177814999031
2016-12-03,BJCO,6.385,2.45,30.7,2016,12,3,703,0.0455657398099488,45.5657398099488,0.0436984475548093,43.6984475548093,0.0456125,45.6125,45.6125,45.6125,45.6125,45.5657398099488,45.5657398099488,45.5657398099488,43.6984475548093,43.6984475548093,43.6984475548093,50.503492121966474,-5.851591877469547,0.9138395654518732,-4.937752312017672,50.343482761645106,-7.124288133104023,0.4792529262682166,-6.645035206835807,50.9152501385535,-6.297744686291281,0.9949945477377753,-5.302750138553506
2016-12-04,BJCO,6.385,2.45,30.7,2016,12,4,704,0.0446625713577543,44.662571357754295,0.0431822757536349,43.1822757536349,0.04285,42.85,42.85,42.85,42.85,44.662571357754295,44.662571357754295,44.662571357754295,43.1822757536349,43.1822757536349,43.1822757536349,50.50553400076876,-6.945167800372338,1.1022051573578722,-5.8429626430144666,50.343518915478846,-8.427292701460154,1.2660495396162048,-7.161243161843949,50.91500343850512,-8.553969854630473,0.48896641612535774,-8.065003438505116
2016-12-05,BJCO,6.385,2.45,30.7,2016,12,5,705,0.0457238556102109,45.7238556102109,0.0455576959012295,45.5576959012295,0.0462,46.2,46.2,46.2,46.2,45.7238556102109,45.7238556102109,45.7238556102109,43.2033140915772,45.5576959012295,45.5576959012295,50.50760559783552,-6.4887006438971895,1.7049506562725654,-4.783749987624624,50.34357946414627,-8.301892827561854,1.1616274549927823,-7.1402653725690755,50.914771233193136,-6.925327305517287,2.2105560723241524,-4.714771233193133
2016-12-06,BJCO,6.385,2.45,30.7,2016,12,6,706,0.0441028916528638,44.1028916528638,0.0432033140915772,43.2033140915772,0.0444875,44.4875,44.4875,44.4875,44.4875,44.1028916528638,44.1028916528638,44.1028916528638,43.2033140915772,43.2033140915772,43.2033140915772,50.50970688770302,-7.147191951642946,0.7403767168037305,-6.406815234839215,50.34366456727658,-9.262319827397977,2.1219693516985885,-7.140350475699385,50.91455371439142,-8.049341796977679,1.622288082586259,-6.42705371439142
2016-12-07,BJCO,6.385,2.45,30.7,2016,12,7,707,0.044700398472363,44.700398472363,0.0428505802534869,42.850580253486896,0.0447291666666666,44.7291666666666,44.7291666666666,44.7291666666666,44.7291666666666,44.700398472363,44.700398472363,44.700398472363,45.5576959012295,42.850580253486896,42.850580253486896,50.511837826142006,-8.658115541961191,2.8466761881821796,-5.811439353779008,50.34377436297864,-9.590374211876204,4.804295750127061,-4.786078461749142,50.914351063304274,-9.245382639160313,3.060198242522638,-6.185184396637673
2016-12-08,BJCO,6.385,2.45,30.7,2016,12,8,708,0.0492977181146633,49.2977181146633,0.0474485190150375,47.4485190150375,0.0486416666666666,48.6416666666666,48.6416666666666,48.6416666666666,48.6416666666666,49.2977181146633,49.2977181146633,49.2977181146633,47.4485190150375,47.4485190150375,47.4485190150375,50.51399835105521,-10.928758804610746,9.712478568218835,-1.2162802363919099,50.34390896070716,-10.377686877653534,7.482296931983875,-2.8953899456696632,50.91416345307719,-10.883662490292952,8.61116570388237,-2.272496786410585
2016-12-09,BJCO,6.385,2.45,30.7,2016,12,9,709,0.048496737194022,48.496737194022,0.0475077136325376,47.5077136325376,0.0482166666666666,48.216666666666605,48.216666666666605,48.216666666666605,48.216666666666605,48.496737194022,48.496737194022,48.496737194022,47.5077136325376,47.5077136325376,47.5077136325376,50.516188407318616,-7.291493219560402,5.2720420062637885,-2.0194512132966125,50.34406844074621,-11.088659800555913,8.252304992347305,-2.836354808208611,50.91399106666374,-10.617487507193152,7.920163107196018,-2.697324399997136
2016-12-10,BJCO,6.385,2.45,30.7,2016,12,10,710,0.0500885351681936,50.0885351681936,0.0484578839680466,48.4578839680466,0.0492875,49.2875,49.2875,49.2875,49.2875,50.0885351681936,50.0885351681936,50.0885351681936,48.4578839680466,48.4578839680466,48.4578839680466,50.518407954316494,-10.383034041143398,9.953161255020504,-0.4298727861228926,50.34425286693941,-10.796199593588248,8.909830694695444,-1.8863688988928047,50.913834085609295,-9.5063602792535,7.8800261936442055,-1.6263340856092938
2016-12-11,BJCO,6.385,2.45,30.7,2016,12,11,711,0.0528728715091419,52.872871509141895,0.0520052599934705,52.005259993470496,0.0517083333333333,51.7083333333333,49.2041666666666,51.7083333333333,51.7083333333333,49.2358782570746,52.872871509141895,52.872871509141895,48.0028660393071,52.005259993470496,52.005259993470496,50.520656950811215,-11.456166789565655,10.171388095829045,-1.2847786937366124,50.3444623119155,-11.717756220174156,9.37615994756576,-2.341596272608399,50.913692693476065,-11.703210491841874,9.993684465032409,-1.7095260268094634
2016-12-12,BJCO,6.385,2.45,30.7,2016,12,12,712,0.0492358782570746,49.2358782570746,0.0505995015551519,50.5995015551519,0.0492041666666666,49.2041666666666,49.2041666666666,49.2041666666666,49.2041666666666,49.2358782570746,49.2358782570746,49.2358782570746,50.5995015551519,50.5995015551519,50.5995015551519,50.52293534688907,-8.234462208314339,6.947405118499873,-1.2870570898144678,50.34469685015121,-11.077512629524444,11.332317334525136,0.2548047050006943,50.913567065361214,-10.21229183212859,8.50289143343398,-1.709400398694612
2016-12-13,BJCO,6.385,2.45,30.7,2016,12,13,713,0.0454424014980856,45.4424014980856,0.0480028660393071,48.0028660393071,0.0482291666666666,48.2291666666666,48.2291666666666,48.2291666666666,48.2291666666666,45.4424014980856,45.4424014980856,45.4424014980856,48.0028660393071,48.0028660393071,48.0028660393071,50.52524307254343,-13.418938121900148,8.336096547442317,-5.082841574457831,50.344956562366235,-12.79849159797519,10.456401074916059,-2.3420905230591345,50.913457367515164,-11.647638126203331,8.963347425354769,-2.684290700848564
2016-12-14,BJCO,6.385,2.45,30.7,2016,12,14,714,0.0454498100059799,45.4498100059799,0.0457377961826489,45.7377961826489,0.0493333333333333,49.3333333333333,49.3333333333333,49.3333333333333,49.3333333333333,45.4498100059799,45.4498100059799,45.4498100059799,45.7377961826489,45.7377961826489,45.7377961826489,50.527580052527874,-16.58063732763705,11.502867281089074,-5.077770046547975,50.34524154700434,-13.605353611914882,8.997908247559444,-4.607445364355442,50.91336378082313,-16.476711582885773,14.896681135395937,-1.5800304474898326
2016-12-15,BJCO,6.385,2.45,30.7,2016,12,15,715,0.044743611096288,44.743611096288,0.046452655809142,46.452655809142,0.0478458333333333,47.8458333333333,47.8458333333333,47.8458333333333,47.8458333333333,44.743611096288,44.743611096288,44.743611096288,46.452655809142,46.452655809142,46.452655809142,50.529946198984376,-12.122061212038025,6.33572610934165,-5.786335102696377,50.34555189858527,-13.11443323985564,9.221537150412374,-3.892896089443269,50.9132864899101,-12.45049307361166,9.383039917034864,-3.0674531565767964
2016-12-16,BJCO,6.385,2.45,30.7,2016,12,16,716,0.0447662588893528,44.766258889352805,0.0442748998095893,44.2748998095893,0.0452333333333333,45.2333333333333,45.2333333333333,45.2333333333333,45.2333333333333,44.766258889352805,44.766258889352805,44.766258889352805,44.2748998095893,44.2748998095893,44.2748998095893,50.53234139478699,-13.564138451309823,7.798055945875639,-5.766082505434184,50.34588765601682,-15.59385446119334,9.522866614765817,-6.070987846427521,50.91322564528067,-14.751329452829786,9.071437140882416,-5.67989231194737
2016-12-17,BJCO,6.385,2.45,30.7,2016,12,17,717,0.0496133229476159,49.6133229476159,0.0493132574284455,49.3132574284455,0.051,51.0,51.0,51.0,51.0,44.766258889352805,49.6133229476159,49.6133229476159,49.3132574284455,49.3132574284455,49.3132574284455,50.53476547930607,-10.359054778971544,4.5905481890182855,-5.768506589953262,50.34624882876087,-12.248108873671727,11.215117473356358,-1.0329914003153675,50.91318140178284,-12.347691648880177,12.434510247097336,0.08681859821715676
2016-12-18,BJCO,6.385,2.45,30.7,2016,12,18,718,0.0515661801463411,51.566180146341104,0.0506888430369614,50.688843036961394,0.0506666666666666,50.6666666666666,50.6666666666666,50.6666666666666,50.6666666666666,44.743611096288,51.566180146341104,51.566180146341104,50.688843036961394,50.688843036961394,50.688843036961394,50.53721825098259,-8.719392328775273,2.92578517408068,-5.793607154694591,50.34663542470733,-11.115272447065555,11.457480059319622,0.3422076122540645,50.913153922065156,-10.481408753011285,10.234921497612731,-0.24648725539855576
2016-12-19,BJCO,6.385,2.45,30.7,2016,12,19,719,0.0426860944474075,42.6860944474075,0.0422140058631868,42.2140058631868,0.0448791666666666,44.8791666666666,44.8791666666666,44.8791666666666,44.8791666666666,42.6860944474075,42.6860944474075,42.6860944474075,42.2140058631868,42.2140058631868,42.2140058631868,50.539699410573796,-9.030271012681071,1.1766660495147718,-7.853604963166298,50.34704741028018,-9.678290028710109,1.5452484816167242,-8.133041547093384,50.91314332782181,-9.601784480702598,3.56780781954739,-6.033976661155208
2016-12-20,BJCO,6.385,2.45,30.7,2016,12,20,720,0.0378432507775817,37.8432507775817,0.0356070527467631,35.6070527467631,0.0378625,37.8625,37.8625,37.8625,37.8625,37.8432507775817,37.8432507775817,37.8432507775817,35.6070527467631,35.6070527467631,35.6070527467631,50.542208567001474,-12.213139981569197,-0.48581780785057305,-12.698957789419772,50.3474847079132,-13.295179362581125,-1.4452525985689775,-14.740431961150101,50.913149706571176,-12.328403024083952,-0.7222466824872242,-13.050649706571178
2016-12-21,BJCO,6.385,2.45,30.7,2016,12,21,721,0.0349832037194136,34.9832037194136,0.0355472617262978,35.547261726297805,0.0365583333333333,36.558333333333294,36.558333333333294,36.558333333333294,36.558333333333294,34.9832037194136,34.9832037194136,34.9832037194136,35.547261726297805,35.547261726297805,35.547261726297805,50.544745219007524,-12.485298001327584,-3.0762434982663365,-15.561541499593922,50.34794720898783,-12.81382560510288,-1.9868598775871504,-14.800685482690028,50.91317310579099,-12.738568736093868,-1.6162710363638269,-14.354839772457694
2016-12-22,BJCO,6.385,2.45,30.7,2016,12,22,722,0.0366776839901124,36.6776839901124,0.033424686967592,33.424686967592,0.0351291666666666,35.1291666666666,35.1291666666666,35.1291666666666,35.1291666666666,36.6776839901124,36.6776839901124,36.6776839901124,33.424686967592,33.424686967592,33.424686967592,50.547308775164026,-13.347095784672673,-0.5225290003789524,-13.869624785051627,50.34843475112205,-15.03100148070894,-1.8927463028211093,-16.923747783530047,50.91321352827678,-14.85785334734509,-0.926193514265087,-15.784046861610179
2016-12-23,BJCO,6.385,2.45,30.7,2016,12,23,723,0.0387781775439584,38.77817754395841,0.0343382398806692,34.3382398806692,0.0373958333333333,37.3958333333333,37.3958333333333,37.3958333333333,37.3958333333333,38.77817754395841,38.77817754395841,38.77817754395841,34.3382398806692,34.3382398806692,34.3382398806692,50.54989855489253,-12.21150884153067,0.4397878305965506,-11.771721010934122,50.348947103185104,-13.433173758077288,-2.5775334644386163,-16.010707222515904,50.913270920996595,-13.564129623129459,0.046692035466165294,-13.517437587663295
2016-12-24,BJCO,6.385,2.45,30.7,2016,12,24,724,0.0401415909421697,40.1415909421697,0.0384217428037499,38.4217428037499,0.0421,42.1,42.1,42.1,42.1,40.1415909421697,40.1415909421697,40.1415909421697,38.4217428037499,38.4217428037499,38.4217428037499,50.55251377679568,-12.22520938813436,1.8142865535083814,-10.410922834625978,50.34948396564762,-12.609036219200005,0.681295057302286,-11.927741161897721,50.9133451721599,-12.347490030591418,3.5341448584315174,-8.813345172159899
2016-12-25,BJCO,6.385,2.45,30.7,2016,12,25,725,0.0416134300714376,41.6134300714376,0.0416297312109286,41.6297312109286,0.043425,43.425,39.15,43.425,43.425,36.6776839901124,41.6134300714376,41.6134300714376,41.6297312109286,41.6297312109286,41.6297312109286,50.55515359544965,-13.574214594021544,-0.30325501131571286,-13.877469605337254,50.350045003002485,-12.101087528971345,3.38077373689746,-8.720313792073888,50.91343612721595,-13.203449337116906,1.440013209900954,-11.763436127215954
2016-12-26,BJCO,6.385,2.45,30.7,2016,12,26,726,0.0343493336578369,34.3493336578369,0.0354431421147663,35.443142114766296,0.0394625,39.4625,39.4625,39.4625,39.4625,34.3493336578369,34.3493336578369,34.3493336578369,35.443142114766296,35.443142114766296,35.443142114766296,50.55781714037669,-14.14764648801077,-2.0608369945290193,-16.20848348253979,50.350629833142726,-13.828438067558714,-1.0790496508177156,-14.90748771837643,50.913543593224546,-12.871046661122437,1.4200030678978877,-11.451043593224547
2016-12-27,BJCO,6.385,2.45,30.7,2016,12,27,727,0.0338954369734178,33.8954369734178,0.0305407305223136,30.5407305223136,0.03915,39.15,39.15,39.15,39.15,33.8954369734178,33.8954369734178,33.8954369734178,30.5407305223136,51.629929343059146,30.5407305223136,50.56050350470398,-14.784536443728646,-1.8805300875575313,-16.66506653128618,50.351238030281586,-16.16373866711212,-3.646768840855863,-19.810507507967987,50.913667350361564,-13.715505409379197,1.951838059017632,-11.763667350361565
2016-12-28,BJCO,6.385,2.45,30.7,2016,12,28,728,0.0307392467565545,30.7392467565545,0.0322322291427749,32.2322291427749,0.0346166666666666,34.6166666666666,34.6166666666666,34.6166666666666,34.6166666666666,30.7392467565545,51.3713400319384,30.7392467565545,32.2322291427749,32.2322291427749,32.2322291427749,50.563211750558196,-16.565818252877072,-3.258146741126623,-19.823964994003695,50.35186913605798,-16.003363571735278,-2.116276421547802,-18.11963999328308,50.91380717658684,-15.185196914669838,-1.111943595250402,-16.29714050992024
2016-12-29,BJCO,6.385,2.45,30.7,2016,12,29,729,0.0273987374215077,27.3987374215077,0.0285217983164686,28.5217983164686,0.0301958333333333,30.1958333333333,31.695833333333297,51.747916666666654,30.1958333333333,30.7392467565545,51.3713400319384,27.3987374215077,28.5217983164686,51.629929343059146,28.5217983164686,50.56594092050007,-15.774078262346453,-4.052615901599111,-19.826694163945568,50.35252266124361,-14.964890037892413,-6.865834306882597,-21.83072434477501,50.91396285098034,-14.523558137703061,-4.69457137994398,-19.218129517647043
2016-12-30,BJCO,6.385,2.45,30.7,2016,12,30,730,0.0274916302502039,27.491630250203897,0.0270382340501911,27.0382340501911,0.0301,30.1,30.1,51.747916666666654,30.1,30.2346940425681,51.3713400319384,27.491630250203897,27.0382340501911,51.629929343059146,27.0382340501911,50.56869002847851,-12.562965639937385,-7.771030345973024,-20.333995985910406,50.35319805260612,-12.190401650973772,-11.124562351441242,-23.314964002415017,50.91413410420271,-10.742077044507944,-10.072057059694764,-20.814134104202708
2017-01-01,BJCO,6.385,2.45,30.7,2017,1,1,732,0.0302346940425681,30.2346940425681,0.0288724892460407,28.8724892460407,0.0306125,30.6125,30.6125,51.747916666666654,30.6125,30.2346940425681,51.3713400319384,30.2346940425681,28.8724892460407,51.629929343059146,28.8724892460407,50.57424394389046,-11.771096164574976,-8.56845373674738,-20.339549901322357,50.35461206851872,-12.261312494791996,-9.220810327686024,-21.48212282247802,50.914522048388584,-13.376270982584582,-6.9257510658040005,-20.302022048388583
2017-01-02,BJCO,6.385,2.45,30.7,2017,1,2,733,0.0308225920009692,30.8225920009692,0.0302233663180585,30.223366318058503,0.0316958333333333,31.695833333333297,31.695833333333297,51.747916666666654,31.695833333333297,30.8225920009692,51.3713400319384,30.8225920009692,30.223366318058503,51.629929343059146,30.223366318058503,50.57704664112338,-16.351760429710165,-3.402694210444018,-19.754454640154183,50.355349467809084,-16.61756817368982,-3.5144149760607633,-20.13198314975058,50.91473797590798,-16.47851644881245,-2.740388193762236,-19.218904642574685
2017-01-03,BJCO,6.385,2.45,30.7,2017,1,3,734,0.030205094463357,30.205094463357,0.0300351744775193,30.0351744775193,0.0321333333333333,32.1333333333333,32.1333333333333,51.747916666666654,32.1333333333333,30.205094463357,51.3713400319384,30.205094463357,30.0351744775193,51.629929343059146,30.0351744775193,50.57986506821155,-23.50501533103954,3.1302447261849977,-20.374770604854547,50.356106313392445,-25.0104789282149,4.689547092341755,-20.320931835873147,50.91496799442862,-20.406422843299293,1.6247881822039716,-18.781634661095325
2017-01-04,BJCO,6.385,2.45,30.7,2017,1,4,735,0.0284024844737221,28.402484473722097,0.0275539229394686,27.5539229394686,0.0305875,30.5875,30.5875,51.747916666666654,30.5875,28.402484473722097,51.3713400319384,28.402484473722097,27.5539229394686,51.629929343059146,27.5539229394686,50.58269813860399,-22.827613253681143,0.647399588799253,-22.18021366488189,50.356882002038326,-23.19105007971846,0.3880910171487315,-22.802959062569727,50.91521165887045,-21.294914573941348,0.9672029150708994,-20.32771165887045
2017-01-05,BJCO,6.385,2.45,30.7,2017,1,5,736,0.0362331224151313,36.2331224151313,0.0338329858523232,33.8329858523232,0.0381416666666666,38.1416666666666,38.1416666666666,38.1416666666666,38.1416666666666,36.2331224151313,36.2331224151313,36.2331224151313,33.8329858523232,33.8329858523232,33.8329858523232,50.58554473737965,-11.087348294336838,-3.26507402791151,-14.352422322248351,50.35767590813033,-17.493057694685753,0.9683676388786182,-16.524690055807135,50.91546848299953,-10.059940804319107,-2.7138610120138225,-12.773801816332927
2017-01-06,BJCO,6.385,2.45,30.7,2017,1,6,737,0.0395471502474289,39.5471502474289,0.0399729713963741,39.972971396374106,0.0424875,42.4875,42.4875,42.4875,42.4875,39.5471502474289,39.5471502474289,39.5471502474289,39.972971396374106,39.972971396374106,39.972971396374106,50.588403709374525,-11.13422997665151,0.09297651470588875,-11.041253461945622,50.35848736922807,-11.82235186659314,1.4368358937391719,-10.385515972853966,50.91573795359505,-10.334312745477702,1.9060747918826522,-8.428237953595051
2017-01-07,BJCO,6.385,2.45,30.7,2017,1,7,738,0.0373168429509209,37.3168429509209,0.0387102579492484,38.7102579492484,0.0393041666666666,39.3041666666666,39.3041666666666,39.3041666666666,39.3041666666666,37.3168429509209,37.3168429509209,37.3168429509209,38.7102579492484,38.7102579492484,38.7102579492484,50.591273817560925,-11.679690556392933,-1.59474031024709,-13.274430866640024,50.35931565468693,-10.853580080711641,-0.7954776247268924,-11.64905770543853,50.91601949382413,-10.55943450997607,-1.0524183171814556,-11.611852827157527
2017-01-08,BJCO,6.385,2.45,30.7,2017,1,8,739,0.0395594481026059,39.5594481026059,0.0394908324991253,39.4908324991253,0.0403958333333333,40.3958333333333,40.3958333333333,40.3958333333333,40.3958333333333,39.5594481026059,39.5594481026059,39.5594481026059,39.4908324991253,39.4908324991253,39.4908324991253,50.59415379768387,-11.479664135146148,0.4449584400681772,-11.034705695077974,50.36016001365337,-11.240882008758478,0.3715544942304021,-10.869327514528074,50.91631250566126,-10.40354621257601,-0.11693295975194928,-10.52047917232796
2017-01-09,BJCO,6.385,2.45,30.7,2017,1,9,740,0.0348593750651475,34.8593750651475,0.0346453508835123,34.6453508835123,0.0363125,36.3125,36.3125,36.3125,36.3125,34.8593750651475,34.8593750651475,34.8593750651475,34.6453508835123,34.6453508835123,34.6453508835123,50.597042435266495,-14.23880369506039,-1.498863675058601,-15.737667370118992,50.361019688978125,-13.304999098780806,-2.4106697066850202,-15.715668805465825,50.91661640196829,-12.819020300072012,-1.7850961018962792,-14.604116401968291
2017-01-10,BJCO,6.385,2.45,30.7,2017,1,10,741,0.0326412089020916,32.6412089020916,0.0323555226522149,32.3555226522149,0.0340833333333333,34.0833333333333,34.0833333333333,51.747916666666654,34.0833333333333,32.6412089020916,51.3713400319384,32.6412089020916,32.3555226522149,32.3555226522149,32.3555226522149,50.599938558431326,-11.846189665648327,-6.112539990691403,-17.958729656339727,50.36189392244537,-11.754765999261979,-6.25160527096849,-18.006371270230467,50.91693061139695,-12.298767214346976,-4.534830063716676,-16.83359727806365
2017-01-11,BJCO,6.385,2.45,30.7,2017,1,11,742,0.0338877131078674,33.887713107867405,0.0339829693173274,33.9829693173274,0.0340583333333333,34.0583333333333,34.0583333333333,51.747916666666654,34.0583333333333,33.887713107867405,33.887713107867405,33.887713107867405,33.9829693173274,33.9829693173274,33.9829693173274,50.60284100676119,-11.916420574122773,-4.798707324771009,-16.715127898893783,50.362781974426476,-12.658301588714627,-3.7215110683844443,-16.379812657099073,50.91725459126672,-11.372282463458687,-5.486638794474729,-16.858921257933417
2017-01-12,BJCO,6.385,2.45,30.7,2017,1,12,743,0.0403534864640621,40.3534864640621,0.0383741999791172,38.3741999791172,0.0387916666666666,38.7916666666666,38.7916666666666,38.7916666666666,38.7916666666666,40.3534864640621,40.3534864640621,40.3534864640621,38.3741999791172,38.3741999791172,38.3741999791172,50.6057486133528,-11.815589445117974,1.5633272958272713,-10.2522621492907,50.363683103026254,-13.497088229832626,1.5076051059235738,-11.989483123909054,50.91758779238059,-14.498763147435936,2.372842021721951,-12.125921125713987
2017-01-13,BJCO,6.385,2.45,30.7,2017,1,13,744,0.0516842667138074,51.6842667138074,0.0508720242816515,50.87202428165151,0.0526208333333333,52.620833333333294,52.620833333333294,52.620833333333294,52.620833333333294,51.6842667138074,51.6842667138074,51.6842667138074,50.87202428165151,50.87202428165151,50.87202428165151,50.608660238616444,-15.951466451560611,17.027072926751565,1.075606475190959,50.36459655367675,-16.310452568577332,16.817880296552104,0.5074277279747648,50.917929665034656,-9.258715737173619,10.961619405472256,1.7029036682986387
2017-01-14,BJCO,6.385,2.45,30.7,2017,1,14,745,0.0389045607292865,38.904560729286494,0.0430532161362448,43.0532161362448,0.0468666666666666,46.8666666666666,46.8666666666666,46.8666666666666,46.8666666666666,38.904560729286494,38.904560729286494,38.904560729286494,43.0532161362448,43.0532161362448,43.0532161362448,50.61157477476781,-14.460201286323786,2.753187240842472,-11.707014045481316,50.36552157415714,-10.25435720470056,2.942051766788218,-7.312305437912343,50.918279683445384,-7.115145579668984,3.0635325628902024,-4.051613016778781
2017-01-15,BJCO,6.385,2.45,30.7,2017,1,15,746,0.0314752274887801,31.475227488780103,0.0337055745740474,33.705574574047404,0.0398166666666666,39.8166666666666,39.8166666666666,39.8166666666666,39.8166666666666,31.475227488780103,51.3713400319384,31.475227488780103,33.705574574047404,33.705574574047404,33.705574574047404,50.61449116768215,-15.833412158736735,-3.305851520165305,-19.139263678902044,50.366457457253055,-17.423478599988073,0.7625957167824211,-16.66088288320565,50.918637373477104,-14.491945226958798,3.389974520148293,-11.101970706810505
2017-01-16,BJCO,6.385,2.45,30.7,2017,1,16,747,0.0384917727522748,38.4917727522748,0.0385428709745405,38.5428709745405,0.0415333333333333,41.533333333333296,41.533333333333296,41.533333333333296,41.533333333333296,38.4917727522748,38.4917727522748,38.4917727522748,38.5428709745405,38.5428709745405,38.5428709745405,50.61740840721174,-15.112305161319389,2.986669506382448,-12.125635654936943,50.36740352317101,-13.264638677312995,1.44010612868248,-11.824532548630515,50.919002293983766,-15.200354442125482,5.81468548147501,-9.38566896065047
2017-02-02,BJCO,6.385,2.45,30.7,2017,2,2,764,0.0497895688306665,49.7895688306665,0.0520035467171133,52.003546717113295,0.0510375,51.0375,51.0375,51.0375,51.0375,49.7895688306665,49.7895688306665,49.7895688306665,52.003546717113295,52.003546717113295,52.003546717113295,50.660623281931805,1.1298083984750071,-2.000862849740315,-0.8710544512653087,50.38237391251093,1.3734285558893489,0.24774424871301903,1.6211728046023666,50.925004885048835,0.9806363818936306,-0.868141266942466,0.11249511495116593
2017-02-03,BJCO,6.385,2.45,30.7,2017,2,3,765,0.047814136995548,47.814136995548,0.048199966141945,48.199966141945,0.0484333333333333,48.4333333333333,48.4333333333333,48.4333333333333,48.4333333333333,47.814136995548,47.814136995548,47.814136995548,48.199966141945,48.199966141945,48.199966141945,50.66342669956228,2.463491641335029,-5.312781345349308,-2.849289704014282,50.383396430018706,1.9673147949655831,-4.15074508303929,-2.1834302880737084,50.92541851853964,1.5717631434113608,-4.063848328617695,-2.492085185206335
2017-02-04,BJCO,6.385,2.45,30.7,2017,2,4,766,0.0460220443020047,46.02204430200469,0.0444976376757536,44.4976376757536,0.0455708333333333,45.5708333333333,45.5708333333333,45.5708333333333,45.5708333333333,46.02204430200469,46.02204430200469,46.02204430200469,44.4976376757536,44.4976376757536,44.4976376757536,50.666215478381005,3.5606375210309045,-8.204808697407223,-4.644171176376318,50.38441841866132,3.2938782488122182,-9.180658991719937,-5.8867807429077175,50.925830970598206,-8.157277229461432,2.80227959219652,-5.354997637264908
2017-02-05,BJCO,6.385,2.45,30.7,2017,2,5,767,0.0465852398467426,46.5852398467426,0.0450501140768818,45.050114076881805,0.046525,46.525,46.525,46.525,46.525,46.5852398467426,46.5852398467426,46.5852398467426,45.050114076881805,45.050114076881805,45.050114076881805,50.66898885121851,-5.146632492090185,1.062883487614279,-4.083749004475905,50.385439200494446,-6.287956998483674,0.952631874871031,-5.335325123612641,50.926241698417634,-5.628300597920597,1.227058899502964,-4.4012416984176355
2017-02-06,BJCO,6.385,2.45,30.7,2017,2,6,768,0.0466950982787707,46.6950982787707,0.0444611245365911,44.4611245365911,0.045575,45.575,45.575,45.575,45.575,46.6950982787707,46.6950982787707,46.6950982787707,44.4611245365911,44.4611245365911,44.4611245365911,50.671746067393215,-4.643585997163431,0.6669382085409126,-3.9766477886225147,50.38645811155114,-9.098577154176741,3.1732435792166953,-5.925333574960042,50.92665016216676,-8.232268641664726,2.8806184794979686,-5.351650162166756
2017-02-07,BJCO,6.385,2.45,30.7,2017,2,7,769,0.0434768613063914,43.4768613063914,0.0462071943298398,46.2071943298398,0.0473458333333333,47.3458333333333,47.3458333333333,47.3458333333333,47.3458333333333,46.5852398467426,43.4768613063914,43.4768613063914,46.2071943298398,46.2071943298398,46.2071943298398,50.67448641618698,-1.6060264335655121,-2.4832201358788666,-4.089246569444377,50.38747449243898,-2.7340167605503507,-1.446263402048828,-4.180280162599182,50.92705581949465,-1.533964080962171,-2.047258405199173,-3.5812224861613444
2017-02-08,BJCO,6.385,2.45,30.7,2017,2,8,770,0.0461978478190862,46.1978478190862,0.0488856650314433,48.8856650314433,0.0488291666666666,48.8291666666666,48.8291666666666,48.8291666666666,48.8291666666666,46.1978478190862,46.1978478190862,46.1978478190862,48.8856650314433,48.8856650314433,48.8856650314433,50.677209191167094,-4.861542532444339,0.3821811603634444,-4.479361372080895,50.38848766855883,3.0252448378948342,-4.52806747501036,-1.5028226371155284,50.92745812666594,3.173861824299742,-5.27215328429908,-2.098291459999338
2017-02-09,BJCO,6.385,2.45,30.7,2017,2,9,771,0.052840562877402,52.840562877402,0.0518704777500372,51.8704777500372,0.0522208333333333,52.2208333333333,52.2208333333333,52.2208333333333,52.2208333333333,52.840562877402,52.840562877402,52.840562877402,51.8704777500372,51.8704777500372,51.8704777500372,50.679913665090616,4.089388127926411,-1.9287389156150283,2.160649212311384,50.38949693955336,2.411736587355319,-0.9307557768714787,1.4809808104838424,50.92785651709109,2.9640789592122427,-1.6711021429700281,1.2929768162422164
2017-02-10,BJCO,6.385,2.45,30.7,2017,2,10,772,0.0521928004378719,52.1928004378719,0.0521833517447713,52.1833517447713,0.0526041666666666,52.6041666666666,52.6041666666666,52.6041666666666,52.6041666666666,52.1928004378719,52.1928004378719,52.1928004378719,52.1833517447713,52.1833517447713,52.1833517447713,50.682599093893025,4.19260473579574,-2.6824033918168624,1.5102013439788777,50.390501547215635,3.137215941482144,-1.3443657439264811,1.7928501975556657,50.928250373262784,3.0067485102366946,-1.3308322168328814,1.6759162934038159
2017-02-13,BJCO,6.385,2.45,30.7,2017,2,13,775,0.0428888508909419,42.8888508909419,0.045779921609545,45.779921609545,0.04835,48.35,48.35,48.35,48.35,42.8888508909419,42.8888508909419,42.8888508909419,45.779921609545,45.779921609545,45.779921609545,50.69053385544844,-10.095506785637578,2.293823821131035,-7.80168296450654,50.39347971076136,-2.5912721193127632,-2.0222859819036003,-4.613558101216363,50.92939873916963,-1.3647406027535773,-1.2146581364160483,-2.5793987391696263
2017-02-14,BJCO,6.385,2.45,30.7,2017,2,14,776,0.0365172343312071,36.5172343312071,0.0390526698565954,39.052669856595394,0.041425,41.425,41.425,41.425,41.425,36.5172343312071,36.5172343312071,36.5172343312071,39.052669856595394,39.052669856595394,39.052669856595394,50.69313611823003,-4.852041946865383,-9.323859840157546,-14.17590178702293,50.394458274587905,-8.40161626044391,-2.940172157548602,-11.341788417992511,50.929768773976626,-6.927846456653367,-2.576922317323259,-9.504768773976629
2017-02-15,BJCO,6.385,2.45,30.7,2017,2,15,777,0.0420865254224001,42.0865254224001,0.0388981288655469,38.8981288655469,0.0403625,40.3625,40.3625,40.3625,40.3625,42.0865254224001,42.0865254224001,42.0865254224001,38.8981288655469,38.8981288655469,38.8981288655469,50.69571614221354,-3.919078427347861,-4.690112292465578,-8.60919071981344,50.395428845511496,-5.367928096900729,-6.129371883063868,-11.497299979964595,50.93013177753321,-1.642981100644555,-8.92465067688866,-10.567631777533215
2017-02-16,BJCO,6.385,2.45,30.7,2017,2,16,778,0.0434838123058131,43.4838123058131,0.0427136279396639,42.7136279396639,0.0443541666666666,44.3541666666666,44.3541666666666,44.3541666666666,44.3541666666666,43.4838123058131,43.4838123058131,43.4838123058131,42.7136279396639,42.7136279396639,42.7136279396639,50.69827345127043,-3.066215701443259,-4.148245444014066,-7.214461145457328,50.39639099029906,-3.412040345218565,-4.2707227054165955,-7.68276305063516,50.930487449768165,-2.5601280097818058,-4.016192773319759,-6.576320783101565
2017-02-17,BJCO,6.385,2.45,30.7,2017,2,17,779,0.0328177973669883,32.817797366988295,0.0311870596838937,31.1870596838937,0.0341375,34.1375,34.1375,51.747916666666654,34.1375,32.817797366988295,51.3713400319384,32.817797366988295,31.1870596838937,51.629929343059146,31.1870596838937,50.70080756430886,1.9756896044510055,-19.85869980177157,-17.883010197320566,50.39734429891323,2.0051795700046364,-21.215464185024167,-19.210284615019532,50.93083548768319,2.5544292790711567,-19.347764766754345,-16.793335487683187
2017-02-18,BJCO,6.385,2.45,30.7,2017,2,18,780,0.0258320583741668,25.8320583741668,0.0236648235361045,23.6648235361045,0.0270125,27.0125,27.0125,51.747916666666654,27.0125,34.5654426848127,51.3713400319384,25.8320583741668,31.7937219989792,51.629929343059146,23.6648235361045,50.70331799761978,2.187342192151228,-18.325217504958303,-16.137875312807076,50.39828835133577,2.053311233302071,-20.657877585658643,-18.60456635235657,50.93117557944334,1.7191115606843055,-25.637787140127646,-23.91867557944334
2017-02-19,BJCO,6.385,2.45,30.7,2017,2,19,781,0.0268471916085604,26.8471916085604,0.0260875630628607,26.0875630628607,0.0298916666666666,29.8916666666666,29.8916666666666,51.747916666666654,29.8916666666666,26.8471916085604,51.3713400319384,26.8471916085604,31.7937219989792,51.629929343059146,26.0875630628607,50.70580429969837,2.78846978422285,-26.647082475360822,-23.85861269113797,50.39922272796658,2.2985266590195637,-20.904027388006945,-18.60550072898738,50.93150742339664,0.9095217489007907,-21.949362505630827,-21.039840756730037
2017-02-20,BJCO,6.385,2.45,30.7,2017,2,20,782,0.0345654426848127,34.5654426848127,0.0317937219989792,31.7937219989792,0.0374208333333333,37.4208333333333,37.4208333333333,37.4208333333333,37.4208333333333,34.5654426848127,34.5654426848127,34.5654426848127,31.7937219989792,51.629929343059146,31.7937219989792,50.70826600477797,-12.143157192000762,-3.9996661279645025,-16.142823319965267,50.4001469973697,-10.549437227358002,-8.056987771032496,-18.6064249983905,50.9318307121075,-11.436023385965276,-2.0749739928089213,-13.5109973787742
2017-02-21,BJCO,6.385,2.45,30.7,2017,2,21,783,0.0377882820861217,37.7882820861217,0.0362942690099282,36.2942690099282,0.0408166666666666,40.8166666666666,40.8166666666666,40.8166666666666,40.8166666666666,37.7882820861217,37.7882820861217,37.7882820861217,36.2942690099282,36.2942690099282,36.2942690099282,50.71070265233651,-12.099971023152309,-0.8224495430625041,-12.92242056621481,50.40106071094026,-12.47993913440931,-1.62685256660275,-14.106791701012057,50.93214513496329,-11.501899734639101,1.3864212663424098,-10.115478468296693
2017-02-22,BJCO,6.385,2.45,30.7,2017,2,22,784,0.0408356162324808,40.8356162324808,0.038384122658537,38.384122658537,0.04075,40.75,40.75,40.75,40.75,40.8356162324808,40.8356162324808,40.8356162324808,38.384122658537,38.384122658537,38.384122658537,50.71311384621398,-11.024547127295525,1.1470495135623509,-9.877497613733176,50.401963463936276,-11.364116741095774,-0.6537240643034963,-12.017840805399274,50.93245041170537,-11.359492526525758,1.177042114820388,-10.182450411705368
2017-02-23,BJCO,6.385,2.45,30.7,2017,2,23,785,0.0426665464256572,42.6665464256572,0.0414785284463212,41.4785284463212,0.0432791666666666,43.2791666666666,43.2791666666666,43.2791666666666,43.2791666666666,42.6665464256572,42.6665464256572,42.6665464256572,41.4785284463212,41.4785284463212,41.4785284463212,50.7154992646542,-8.021386477701887,-0.02756636129510781,-8.048952838996996,50.40285491820922,-8.22391238367493,-0.700414088213094,-8.924326471888023,50.93274631457791,-8.75938506263521,1.1058054147238963,-7.6535796479113145
2017-02-24,BJCO,6.385,2.45,30.7,2017,2,24,786,0.0416279793900925,41.627979390092506,0.0426872643019083,42.6872643019083,0.0443166666666666,44.3166666666666,44.3166666666666,44.3166666666666,44.3166666666666,41.627979390092506,41.627979390092506,41.627979390092506,42.6872643019083,42.6872643019083,42.6872643019083,50.71785864896399,-8.918531026871962,-0.17134823199952365,-9.089879258871484,50.40373480550818,-9.504538519231682,1.7880680156318007,-7.716470503599879,50.93303267394998,-8.73631876473133,2.1199527574479475,-6.616366007283382
2017-02-25,BJCO,6.385,2.45,30.7,2017,2,25,787,0.0424089593860076,42.4089593860076,0.0417062118030552,41.7062118030552,0.04405,44.05,44.05,44.05,44.05,42.4089593860076,42.4089593860076,42.4089593860076,42.6872643019083,41.7062118030552,41.7062118030552,50.720191787890194,-7.680623814794212,-0.630608587088382,-8.311232401882592,50.40460291946371,-6.531024909047967,-1.1863137085074484,-7.717338617555413,50.93330936288312,-6.31079666414873,-0.5725126987343927,-6.883309362883125
2017-02-26,BJCO,6.385,2.45,30.7,2017,2,26,788,0.0483851094130004,48.3851094130004,0.0492002078068389,49.2002078068389,0.0499625,49.9625,49.9625,49.9625,49.9625,48.3851094130004,48.3851094130004,48.3851094130004,49.2002078068389,49.2002078068389,49.2002078068389,50.722498494325556,-1.172711876720451,-1.1646772046047076,-2.3373890813251563,50.40545909248627,-3.0509082306764057,1.8456569450290345,-1.2052512856473712,50.93357627031886,-3.7475048115836227,2.776428541264764,-0.9710762703188607
2017-02-27,BJCO,6.385,2.45,30.7,2017,2,27,789,0.0501648558007463,50.164855800746295,0.0499151734675224,49.9151734675224,0.0504499999999999,50.449999999999896,50.449999999999896,50.449999999999896,50.449999999999896,50.164855800746295,50.164855800746295,50.164855800746295,49.9151734675224,49.9151734675224,49.9151734675224,50.72477858478505,-0.2004456701983844,-0.35947711384037007,-0.5599227840387542,50.40630318448546,0.025211979142849394,-0.5163416961059113,-0.4911297169630586,50.93383330353233,-0.350866418241225,-0.1329668852912107,-0.48383330353243537
2017-02-28,BJCO,6.385,2.45,30.7,2017,2,28,790,0.0492649295550081,49.2649295550081,0.0492348460659008,49.2348460659008,0.0481958333333333,48.1958333333333,48.1958333333333,48.1958333333333,48.1958333333333,49.2649295550081,49.2649295550081,49.2649295550081,49.2348460659008,49.2348460659008,49.2348460659008,50.727031881837156,-1.3292396168367744,-0.13286270999228122,-1.4621023268290543,50.4071350810512,-2.8766955441048023,1.7044065289544008,-1.1722890151504046,50.93408036083769,-2.202421907996985,-0.5358251195074075,-2.738247027504393
2017-03-01,BJCO,6.385,2.45,30.7,2017,3,1,791,0.0521487339782993,52.1487339782993,0.0494347464232989,49.4347464232989,0.0499708333333333,49.970833333333296,49.970833333333296,49.970833333333296,49.970833333333296,52.1487339782993,52.1487339782993,52.1487339782993,49.4347464232989,49.4347464232989,49.4347464232989,50.72925820496673,-0.8580438792927301,2.277519652625294,1.4194757733325645,50.40795466833941,-1.847519556936821,0.8743113118963137,-0.9732082450405102,50.93431732122787,-1.7665777252933366,0.8030937373987612,-0.9634839878945769
2017-03-02,BJCO,6.385,2.45,30.7,2017,3,2,792,0.048944727493918,48.944727493918,0.0466705586471447,46.6705586471447,0.0466708333333333,46.6708333333333,46.6708333333333,46.6708333333333,46.6708333333333,48.944727493918,48.944727493918,48.944727493918,46.6705586471447,46.6705586471447,46.6705586471447,50.73145738322158,-1.700581867682953,-0.08614802162062318,-1.7867298893035795,50.408761829343874,-3.8553592697626007,0.11715608756342988,-3.7382031821991717,50.934544062945925,-3.534846405008366,-0.7288643246042597,-4.263710729612626
2017-03-03,BJCO,6.385,2.45,30.7,2017,3,3,793,0.0520333438018126,52.0333438018126,0.0475872600884655,47.5872600884655,0.0494125,49.4125,49.4125,49.4125,49.4125,52.0333438018126,52.0333438018126,52.0333438018126,47.5872600884655,47.5872600884655,47.5872600884655,50.73362927428301,2.3335235916797563,-1.0338090641501694,1.2997145275295878,50.409556487372285,0.44414163554437025,-3.2664380344511557,-2.8222963989067864,50.93476050120871,0.4236491643042339,-1.9459096655129429,-1.5222605012087058
2017-03-04,BJCO,6.385,2.45,30.7,2017,3,4,794,0.0481821765363328,48.1821765363328,0.046350174100874,46.350174100874,0.0488583333333333,48.8583333333333,48.8583333333333,48.8583333333333,48.8583333333333,48.1821765363328,48.1821765363328,48.1821765363328,46.350174100874,46.350174100874,46.350174100874,50.73577375353069,-2.844497715133061,0.29090049793516926,-2.55359721719789,50.410338597716986,-3.0472397999911762,-1.0129246968518117,-4.060164496842987,50.934966565808054,-2.826527738830854,0.7498945063560996,-2.076633232474755
2017-03-05,BJCO,6.385,2.45,30.7,2017,3,5,795,0.0475681302816078,47.5681302816078,0.0461270580910106,46.1270580910106,0.0464166666666666,46.4166666666666,46.4166666666666,46.4166666666666,46.4166666666666,47.5681302816078,47.5681302816078,47.5681302816078,46.1270580910106,46.1270580910106,46.1270580910106,50.73789073098492,-1.8041318591458664,-1.3656285902312533,-3.1697604493771223,50.41110814957965,-2.8588366963824523,-1.4252133621865894,-4.2840500585690435,50.93516220632895,-2.9735611750547637,-1.5449343646075846,-4.5184955396623465
2017-03-06,BJCO,6.385,2.45,30.7,2017,3,6,796,0.0497046495709605,49.7046495709605,0.0513071576531968,51.3071576531968,0.052075,52.075,48.8583333333333,52.075,52.075,49.7046495709605,49.7046495709605,49.7046495709605,47.0507602951396,51.3071576531968,51.3071576531968,50.73998017779847,-1.0542120366399748,0.018881429802000582,-1.0353306068379737,50.411865152535896,-5.372359008273671,2.0112541508773703,-3.361104857396299,50.935347394994594,-3.966745408029871,1.8897313463685776,-2.077014061661295
2017-03-07,BJCO,6.385,2.45,30.7,2017,3,7,797,0.0493337612966187,49.3337612966187,0.0470507602951396,47.0507602951396,0.0487083333333333,48.7083333333333,48.7083333333333,48.7083333333333,48.7083333333333,49.3337612966187,49.3337612966187,49.3337612966187,47.0507602951396,47.0507602951396,47.0507602951396,50.74204214015891,-0.5503126380307539,-0.857968205509458,-1.4082808435402114,50.4126096797779,-4.0531473224647785,0.6912979378264765,-3.3618493846383046,50.935522162531335,-3.1897279945704313,0.962539165372398,-2.2271888291980346
2017-03-08,BJCO,6.385,2.45,30.7,2017,3,8,798,0.0483589541972257,48.3589541972257,0.0467342658565588,46.7342658565588,0.0482083333333333,48.2083333333333,48.2083333333333,48.2083333333333,48.2083333333333,48.3589541972257,48.3589541972257,48.3589541972257,46.7342658565588,46.7342658565588,46.7342658565588,50.74407672845085,0.25595651126633207,-2.6410790424914836,-2.38512253122515,50.41334187174113,-2.194566695657765,-1.4845093195245695,-3.679076015182332,50.93568659461599,-1.8129292960353367,-0.9144239652473516,-2.727353261282687
2017-03-09,BJCO,6.385,2.45,30.7,2017,3,9,799,0.0494598715868006,49.4598715868006,0.0508439066461318,50.8439066461318,0.0520791666666666,52.0791666666666,52.0791666666666,52.0791666666666,52.0791666666666,49.4598715868006,49.4598715868006,49.4598715868006,50.8439066461318,50.8439066461318,50.8439066461318,50.74608408697568,0.2284835117783294,-1.5146960119534043,-1.2862125001750755,50.414061913329775,-0.5415878134420794,0.9714325462441025,0.4298447328020245,50.93584080743786,0.23586475717966712,0.9074611020490693,1.1433258592287388
2017-03-10,BJCO,6.385,2.45,30.7,2017,3,10,800,0.0512969596309482,51.2969596309482,0.0510840592707489,51.084059270748895,0.0515124999999999,51.512499999999896,51.512499999999896,51.512499999999896,51.512499999999896,51.2969596309482,51.2969596309482,51.2969596309482,51.084059270748895,51.084059270748895,51.084059270748895,50.74806437848149,0.8616149199108798,-0.31271966744416346,0.5488952524667141,50.414769994223875,-0.04426628682635243,0.7135555633513704,0.6692892765250207,50.935984920122436,0.0246039345503829,0.5519111453270753,0.5765150798774599
2017-03-11,BJCO,6.385,2.45,30.7,2017,3,11,801,0.0510758488569808,51.0758488569808,0.0496567121604833,49.6567121604833,0.0521291666666666,52.1291666666666,52.1291666666666,52.1291666666666,52.1291666666666,51.0758488569808,51.0758488569808,51.0758488569808,49.6567121604833,49.6567121604833,49.6567121604833,50.750017765107984,-0.12552104592370072,0.45135213779651195,0.3258310918728142,50.415466288555486,-0.9016569809234706,0.1429028528512859,-0.7587541280721837,50.93611903111691,-0.2839272422316832,1.4769748777813732,1.1930476355496893
2017-03-12,BJCO,6.385,2.45,30.7,2017,3,12,802,0.0492469424606206,49.2469424606206,0.0490199969627823,49.0199969627823,0.0503958333333333,50.3958333333333,50.3958333333333,50.3958333333333,50.3958333333333,49.2469424606206,49.2469424606206,49.2469424606206,49.0199969627823,49.0199969627823,49.0199969627823,50.75194444545274,-0.6494110136491488,-0.8555909711829912,-1.5050019848321412,50.41615099195977,-1.1740951688425614,-0.2220588603349043,-1.3961540291774668,50.936243240242185,-0.10083829626830551,-0.43957161064057715,-0.5404099069088844
2017-03-13,BJCO,6.385,2.45,30.7,2017,3,13,803,0.0469044751120914,46.9044751120914,0.0477613129890044,47.7613129890044,0.0490083333333333,49.0083333333333,49.0083333333333,49.0083333333333,49.0083333333333,46.9044751120914,46.9044751120914,46.9044751120914,47.7613129890044,47.7613129890044,47.7613129890044,50.75384467898513,-0.41942051294046967,-3.4299490539532655,-3.849369566893735,50.41682436011762,-1.2002339250166854,-1.455277446096538,-2.6555113711132208,50.93635767558815,-0.8674037039630587,-1.0606206382917946,-1.9280243422548509
2017-03-14,BJCO,6.385,2.45,30.7,2017,3,14,804,0.052638271636774,52.638271636774,0.0530098462743895,53.009846274389496,0.0525291666666666,52.5291666666666,52.5291666666666,52.5291666666666,52.5291666666666,52.638271636774,52.638271636774,52.638271636774,53.009846274389496,53.009846274389496,53.009846274389496,50.75571875995707,0.25030882061730375,1.6322440561996245,1.8825528768169306,50.417486682464364,-0.7330512880301896,3.325410879955321,2.592359591925131,50.93646246684556,-1.4355720141773725,3.02827621399841,1.5927041998210356
2017-03-15,BJCO,6.385,2.45,30.7,2017,3,15,805,0.0498391935869566,49.8391935869566,0.0510060689575074,51.0060689575074,0.0514041666666666,51.4041666666666,51.4041666666666,51.4041666666666,51.4041666666666,49.8391935869566,49.8391935869566,49.8391935869566,51.0060689575074,51.0060689575074,51.0060689575074,50.75756701438691,0.2506912142155573,-1.1690646416458677,-0.9183734274303106,50.41813821786093,-0.5156690130840188,1.1035997527304957,0.5879307396464739,50.93655771045975,-0.6167132884239769,1.084322244630819,0.4676089562068455
2017-03-16,BJCO,6.385,2.45,30.7,2017,3,16,806,0.037243261469401,37.243261469401,0.037610329682232,37.610329682232,0.0372791666666666,37.2791666666666,49.0083333333333,37.2791666666666,37.2791666666666,37.243261469401,37.243261469401,37.243261469401,37.610329682232,37.610329682232,37.610329682232,50.75938975799508,0.8589165629091885,-14.375044851503269,-13.516128288594082,50.41877917592739,-0.24596856781705612,-12.562480925878333,-12.808449493695392,50.93664345870965,-0.8504852862623816,-1.0778248391139726,-1.9283101253763562
2017-03-17,BJCO,6.385,2.45,30.7,2017,3,17,807,0.0335812494015625,33.5812494015625,0.0315375669932131,31.537566993213098,0.0355041666666666,35.5041666666666,35.5041666666666,35.5041666666666,35.5041666666666,33.5812494015625,33.5812494015625,33.5812494015625,31.537566993213098,51.629929343059146,31.537566993213098,50.76118729126333,1.2829996666131298,-18.46293755631396,-17.17993788970083,50.419409767025215,0.5468344230932719,-19.42867719690539,-18.881842773812117,50.936719754787916,1.484942607923595,-16.91749569604491,-15.432553088121317
2017-03-18,BJCO,6.385,2.45,30.7,2017,3,18,808,0.0423930192022436,42.3930192022436,0.0416870863777628,41.6870863777628,0.0416291666666666,41.6291666666666,41.6291666666666,41.6291666666666,41.6291666666666,42.3930192022436,42.3930192022436,42.3930192022436,41.6870863777628,41.6870863777628,41.6870863777628,50.762959968162065,2.5581956218865685,-10.928136387805033,-8.369940765918464,50.42003025384773,2.341767918428746,-11.074711794513668,-8.732943876084924,50.93678667093308,1.922643153309659,-11.23026315757614,-9.307620004266482
2017-03-19,BJCO,6.385,2.45,30.7,2017,3,19,809,0.0516400114390147,51.6400114390147,0.0480704331864716,48.0704331864716,0.0493,49.3,49.3,49.3,49.3,51.6400114390147,51.6400114390147,51.6400114390147,48.0704331864716,48.0704331864716,48.0704331864716,50.7647081610463,1.3443724065488887,-0.469069128580486,0.8753032779683991,50.420640918918764,0.18891148792042317,-2.5391192203675885,-2.350207732447167,50.93684428822351,1.2680779728509521,-2.904922261074468,-1.6368442882235144
2017-03-20,BJCO,6.385,2.45,30.7,2017,3,20,810,0.0542476530133179,54.2476530133179,0.052283648770657,52.283648770657,0.0542208333333333,54.2208333333333,54.2208333333333,54.2208333333333,54.2208333333333,54.2476530133179,54.2476530133179,54.2476530133179,52.283648770657,52.283648770657,52.283648770657,50.76643219951565,3.120388938112243,0.3608318756900104,3.4812208138022527,50.421242036864285,3.9206604867129595,-2.058253752920244,1.8624067337927173,50.936892672556056,4.321888829336557,-1.0379481685593106,3.2839406607772474
2017-03-21,BJCO,6.385,2.45,30.7,2017,3,21,811,0.0487084307739296,48.7084307739296,0.0457437005772908,45.7437005772908,0.0481416666666666,48.1416666666666,48.1416666666666,48.1416666666666,48.1416666666666,48.7084307739296,48.7084307739296,48.7084307739296,45.7437005772908,45.7437005772908,45.7437005772908,50.76813240984293,-3.02440799967306,0.9647063637597313,-2.0597016359133278,50.42183393121514,-3.5596440230197355,-1.1184893309046018,-4.678133353924338,50.93693191846987,-3.003567323130163,0.20830207132689793,-2.795265251803265
2017-03-22,BJCO,6.385,2.45,30.7,2017,3,22,812,0.0504648042677681,50.4648042677681,0.0510949593368671,51.0949593368671,0.051325,51.325,51.325,51.325,51.325,50.4648042677681,50.4648042677681,50.4648042677681,51.0949593368671,51.0949593368671,51.0949593368671,50.769809104222745,2.4680517210171593,-2.7730565574718042,-0.3050048364546427,50.4224169510606,3.6685627008338506,-2.9960203150273514,0.6725423858065014,50.93696214862515,2.439257047352233,-2.0512191959773816,0.3880378513748539
2017-03-23,BJCO,6.385,2.45,30.7,2017,3,23,813,0.0541084692208947,54.1084692208947,0.0522808231326301,52.2808231326301,0.0534624999999999,53.4624999999999,53.4624999999999,53.4624999999999,53.4624999999999,54.1084692208947,54.1084692208947,54.1084692208947,52.2808231326301,52.2808231326301,52.2808231326301,50.77146254152181,5.221362009768371,-1.8843553303954792,3.337006679372891,50.422991437145306,4.46203823728265,-2.6042065417978577,1.8578316954847907,50.93698348263309,2.9890853298179425,-0.463568812451129,2.5255165173668104
2017-03-24,BJCO,6.385,2.45,30.7,2017,3,24,814,0.0545243070318743,54.5243070318743,0.0534704493287422,53.470449328742205,0.0520875,52.0875,52.0875,52.0875,52.0875,49.1267734345819,54.5243070318743,54.5243070318743,53.470449328742205,53.470449328742205,53.470449328742205,50.773093006394674,-5.615811841158459,3.969492269345686,-1.646319571812775,50.423557758394494,3.9747339569507227,-0.927842386603011,3.046891570347711,50.93699606942498,4.009883909947504,-2.859379979372484,1.1505039305750202
2017-03-25,BJCO,6.385,2.45,30.7,2017,3,25,815,0.0491267734345819,49.1267734345819,0.0528995578498554,52.8995578498554,0.0532916666666666,53.2916666666666,53.2916666666666,53.2916666666666,53.2916666666666,49.1267734345819,49.1267734345819,49.1267734345819,52.8995578498554,52.8995578498554,52.8995578498554,50.77470084920834,-3.5949093368583203,1.9469819222318847,-1.6479274146264373,50.424116353420715,4.242720667919631,-1.7672791714849438,2.4754414964346836,50.93700011485642,4.501459354668725,-2.146792802858542,2.3546665518101833
2017-03-26,BJCO,6.385,2.45,30.7,2017,3,26,816,0.0479801738260248,47.9801738260248,0.0490313744697161,49.0313744697161,0.0479666666666666,47.966666666666605,47.966666666666605,47.966666666666605,47.966666666666605,47.9801738260248,47.9801738260248,47.9801738260248,49.0313744697161,49.0313744697161,49.0313744697161,50.77628648388445,-5.617886678187844,2.821774020328199,-2.796112657859645,50.42466774140341,-1.7539987941590043,0.3607055224716902,-1.3932932716873125,50.93699589106344,-6.107738658208198,3.1374094338113636,-2.970329224396835
2017-03-27,BJCO,6.385,2.45,30.7,2017,3,27,817,0.048712427832093,48.712427832093,0.049276527771089,49.276527771089,0.049425,49.425,49.425,49.425,49.425,48.712427832093,48.712427832093,48.712427832093,49.276527771089,49.276527771089,49.276527771089,50.77785036828427,-1.2124697019091475,-0.8529528342821209,-2.065422536191271,50.4252125094715,-7.415456893961552,6.266772155579055,-1.1486847383824994,50.93698371247129,-6.383931058795655,4.871947346324362,-1.5119837124712916
2017-03-28,BJCO,6.385,2.45,30.7,2017,3,28,818,0.0472011997485124,47.2011997485124,0.0433872994219271,43.3872994219271,0.04305,43.05,43.05,43.05,43.05,47.2011997485124,47.2011997485124,47.2011997485124,43.3872994219271,43.3872994219271,43.3872994219271,50.779393012440565,1.5286287316507448,-5.106821995578912,-3.5781932639281635,50.425751267771595,0.6896904480149885,-7.728142293859477,-7.038451845844492,50.93696389015796,1.519398754863858,-9.406362645021822,-7.886963890157965
2017-03-29,BJCO,6.385,2.45,30.7,2017,3,29,819,0.0482863039234719,48.2863039234719,0.0464706836786668,46.4706836786668,0.0479458333333333,47.9458333333333,47.9458333333333,47.9458333333333,47.9458333333333,48.2863039234719,48.2863039234719,48.2863039234719,46.4706836786668,46.4706836786668,46.4706836786668,50.780914992955864,4.441177464867928,-6.935788534351893,-2.494611069483966,50.42628463932527,5.104552290576782,-9.06015325123525,-3.9556009606584652,50.93693674337551,5.071699018804421,-8.062802428846638,-2.9911034100422143
2017-03-30,BJCO,6.385,2.45,30.7,2017,3,30,820,0.052517460136905,52.517460136905,0.0528585096536945,52.8585096536945,0.0529583333333333,52.9583333333333,52.9583333333333,52.9583333333333,52.9583333333333,48.712427832093,52.517460136905,52.517460136905,52.8585096536945,52.8585096536945,52.8585096536945,50.782416973976225,4.130722247575264,-6.20071138945849,-2.0699891418832266,50.42681329650742,4.373339476903199,-1.9416431197161188,2.4316963571870787,50.936902634215826,3.9427153640873986,-1.9212846649699244,2.0214306991174738
2017-04-01,BJCO,6.385,2.45,30.7,2017,4,1,822,0.0476830575935764,47.6830575935764,0.0490342889833597,49.0342889833597,0.0507166666666666,50.7166666666666,50.7166666666666,50.7166666666666,50.7166666666666,52.517460136905,47.6830575935764,47.6830575935764,49.0342889833597,49.0342889833597,49.0342889833597,50.785364095278105,3.6346631905941527,-1.9025671489672575,1.732096041626896,50.427859390751834,2.5151147802298146,-3.9086851876219484,-1.393570407392133,50.93681516996222,3.1421429493231003,-3.3622914526187273,-0.22014850329562563
2017-04-02,BJCO,6.385,2.45,30.7,2017,4,2,823,0.053251157717897,53.251157717897,0.052836504839251,52.836504839251,0.0541875,54.1875,54.1875,54.1875,54.1875,53.251157717897,53.251157717897,53.251157717897,52.836504839251,52.836504839251,52.836504839251,50.78681102690193,2.240783215443551,0.22356347555152212,2.4643466909950718,50.428378402330864,2.19122440469282,0.21690203222731697,2.408126436920135,50.93676270739576,3.0619718889515357,0.18876540365270955,3.250737292604242
2017-04-03,BJCO,6.385,2.45,30.7,2017,4,3,824,0.0540229785608218,54.0229785608218,0.0543678086010512,54.3678086010512,0.0548041666666666,54.8041666666666,54.8041666666666,54.8041666666666,54.8041666666666,54.0229785608218,54.0229785608218,54.0229785608218,54.3678086010512,54.3678086010512,54.3678086010512,50.7882414577808,2.3445735179246414,0.8901635851163547,3.234737103040999,50.428895840260374,1.9262319721341374,2.012680788656688,3.938912760790828,50.93670506411895,1.5798642565964138,2.287597345951241,3.8674616025476567
2017-04-04,BJCO,6.385,2.45,30.7,2017,4,4,825,0.055327237161223,55.327237161223,0.0540242828594412,54.0242828594412,0.0541916666666666,54.191666666666606,54.191666666666606,54.191666666666606,54.191666666666606,53.7311890958257,55.327237161223,55.327237161223,54.0242828594412,54.0242828594412,54.0242828594412,50.78965632565807,-0.8839173018219456,3.8254500719895717,2.941532770167626,50.429412564842124,0.7783675452528378,2.816502749346242,3.594870294599076,50.936642727570394,0.7013947808435387,2.553629158252676,3.255023939096212
2017-04-05,BJCO,6.385,2.45,30.7,2017,4,5,826,0.0537311890958257,53.7311890958257,0.0548447933891655,54.8447933891655,0.054525,54.525,54.525,54.525,54.525,53.7311890958257,53.7311890958257,53.7311890958257,54.8447933891655,54.8447933891655,54.8447933891655,50.79105653849871,-1.8049659237288072,4.745098481055798,2.94013255732699,50.42992940877724,1.5568654595337228,2.8579985208545367,4.414863980388262,50.93657618904912,-1.6275149459463731,5.215938756897252,3.5884238109508786
2017-04-06,BJCO,6.385,2.45,30.7,2017,4,6,827,0.0543118364457858,54.3118364457858,0.0540384126080251,54.03841260802511,0.0546083333333333,54.6083333333333,54.6083333333333,54.6083333333333,54.6083333333333,54.3118364457858,54.3118364457858,54.3118364457858,54.03841260802511,54.03841260802511,54.03841260802511,50.79244298203549,-0.1346983366003889,3.654091800350699,3.519393463750312,50.430447176069194,1.0630360050917265,2.5449294268641935,3.6079654319559182,50.93650594645859,-0.6893162767189848,4.361143663593694,3.6718273868747104
2017-04-07,BJCO,6.385,2.45,30.7,2017,4,7,828,0.0535912079657496,53.5912079657496,0.0539284409664565,53.9284409664565,0.0533666666666666,53.3666666666666,53.3666666666666,53.3666666666666,53.3666666666666,53.5912079657496,53.5912079657496,53.5912079657496,53.9284409664565,53.9284409664565,53.9284409664565,50.793816507394396,2.957294248829549,-0.15990279047434797,2.7973914583552,50.43096660739377,2.044197350938299,1.4532770081244308,3.4974743590627284,50.936432458334046,2.3298811088284044,0.10035309950415439,2.430234208332557
2017-04-08,BJCO,6.385,2.45,30.7,2017,4,8,829,0.058783515289607,58.783515289607,0.0558619297544549,55.8619297544549,0.0548791666666666,54.8791666666666,54.8791666666666,54.8791666666666,54.8791666666666,58.783515289607,58.783515289607,58.783515289607,55.8619297544549,55.8619297544549,55.8619297544549,50.795177901047,4.751546250578658,3.236791137981349,7.988337388560005,50.43148835512027,3.1468413434124227,2.2836000559222,5.430441399334626,50.93635611600268,2.3454678633069914,1.597342687356928,3.9428105506639213
2017-04-09,BJCO,6.385,2.45,30.7,2017,4,9,830,0.0565227172914416,56.5227172914416,0.0610969067611799,61.0969067611799,0.0586166666666666,58.6166666666666,58.6166666666666,58.6166666666666,58.6166666666666,56.5227172914416,56.5227172914416,56.5227172914416,61.0969067611799,61.0969067611799,61.0969067611799,50.79652788010934,4.735593976283364,0.9905954350489026,5.726189411332264,50.432012975638415,5.283547179681302,5.3813466058601875,10.664893785541487,50.936277236546715,4.040628820560675,3.639760609559211,7.680389430119888
2017-04-10,BJCO,6.385,2.45,30.7,2017,4,10,831,0.0505507293445987,50.5507293445987,0.0507785597419255,50.7785597419255,0.0506874999999999,50.6874999999999,50.6874999999999,50.6874999999999,50.6874999999999,50.5507293445987,50.5507293445987,50.5507293445987,50.7785597419255,50.7785597419255,50.7785597419255,50.7978670794619,2.307390005924762,-2.554527740787961,-0.24713773486320179,50.4325409259032,3.6670880480182277,-3.321069231995928,0.3460188160223012,50.936196060757965,3.128456539181847,-3.3771525999399117,-0.24869606075806416
2017-04-11,BJCO,6.385,2.45,30.7,2017,4,11,832,0.0535195806766628,53.5195806766628,0.0535467083026623,53.5467083026623,0.0527625,52.7625,56.6208333333333,52.7625,52.7625,53.5195806766628,53.5195806766628,53.5195806766628,53.5467083026623,53.5467083026623,53.5467083026623,50.79919606150604,4.8636751742631095,-2.1432905591063474,2.7203846151567603,50.43307258437706,4.824204117649095,-1.7105683993638507,3.113635718285245,50.93611276009944,5.3587714811990645,0.32594909203479716,5.684720573233861
2017-04-12,BJCO,6.385,2.45,30.7,2017,4,12,833,0.0582660075821402,58.2660075821402,0.0558882572414102,55.8882572414102,0.0566208333333333,56.6208333333333,56.6208333333333,56.6208333333333,56.6208333333333,58.2660075821402,58.2660075821402,58.2660075821402,55.8882572414102,55.8882572414102,55.8882572414102,50.80051533449776,4.914073666513671,2.5514185811287646,7.4654922476424375,50.43360829756577,5.694109221643444,-0.23946027779901158,5.4546489438444326,50.93602746467361,5.6400639805655635,0.044741888094129934,5.684805868659694
2017-04-13,BJCO,6.385,2.45,30.7,2017,4,13,834,0.0597906640618532,59.79066406185321,0.0565572201953413,56.557220195341294,0.056775,56.775,56.775,56.775,56.775,59.79066406185321,59.79066406185321,59.79066406185321,56.557220195341294,56.557220195341294,56.557220195341294,50.80182534884365,5.752596936101951,3.2362417769076046,8.988838713009557,50.43414834828703,6.074096317542593,0.04897552951167228,6.123071847054263,50.9359402280447,5.432062836573538,0.4069969353817626,5.839059771955299
2017-04-14,BJCO,6.385,2.45,30.7,2017,4,14,835,0.0574593743493019,57.4593743493019,0.055988299462959,55.988299462959006,0.0569041666666666,56.904166666666605,56.904166666666605,56.904166666666605,56.904166666666605,57.4593743493019,57.4593743493019,57.4593743493019,55.988299462959006,55.988299462959006,55.988299462959006,50.80312654266863,5.174162359123252,1.4820854475100234,6.656247806633274,50.434692940174976,6.584766066330338,-1.031159543546309,5.55360652278403,50.935851065934905,4.728475335072888,1.2398402656588132,5.9683156007316995
2017-04-15,BJCO,6.385,2.45,30.7,2017,4,15,836,0.0551366758891598,55.1366758891598,0.0564491397251494,56.4491397251494,0.0567083333333333,56.7083333333333,56.7083333333333,56.7083333333333,56.7083333333333,55.1366758891598,55.1366758891598,55.1366758891598,56.4491397251494,56.4491397251494,56.4491397251494,50.804419343049844,5.629179939474471,-1.2969233933645157,4.332256546109953,50.43524224390241,5.574413215405351,0.43948426584164224,6.0138974812469925,50.93575996804393,4.947070198008746,0.8255031672806226,5.772573365289368
2017-04-16,BJCO,6.385,2.45,30.7,2017,4,16,837,0.0537905870108944,53.7905870108944,0.0596430796009206,59.6430796009206,0.0575041666666666,57.5041666666666,57.5041666666666,57.5041666666666,57.5041666666666,53.7905870108944,53.7905870108944,53.7905870108944,59.6430796009206,59.6430796009206,59.6430796009206,50.80570410267298,4.566349201213006,-1.5814662929915926,2.984882908221415,50.43579638269866,5.518840826340445,3.6884423918814946,9.207283218221939,50.93566687029646,4.4934440004418965,2.075055795928243,6.568499796370141
2017-04-17,BJCO,6.385,2.45,30.7,2017,4,17,838,0.053930450838627,53.930450838627,0.0545206959706581,54.5206959706581,0.0548916666666666,54.8916666666666,54.8916666666666,54.8916666666666,54.8916666666666,53.930450838627,53.930450838627,53.930450838627,54.5206959706581,54.5206959706581,54.5206959706581,50.80698110273147,1.9040634357108013,1.2194063001847297,3.123469735895533,50.436355412672235,1.8661666193618645,2.2181739386240054,4.084340557985868,50.93557164635485,1.4450495998147543,2.5110454204969983,3.95609502031175
2017-04-18,BJCO,6.385,2.45,30.7,2017,4,18,839,0.0531076591708512,53.1076591708512,0.0525629484481575,52.5629484481575,0.0531958333333333,53.1958333333333,53.1958333333333,53.1958333333333,53.1958333333333,53.1076591708512,53.1076591708512,53.1076591708512,52.5629484481575,52.5629484481575,52.5629484481575,50.8082505917767,0.6667374578066895,1.632671121267812,2.299408579074502,50.43691933537811,-0.27345706171521256,2.399486174494605,2.126029112779392,50.935474138544016,0.2345419490136926,2.025817245775592,2.260359194789281
2017-04-19,BJCO,6.385,2.45,30.7,2017,4,19,840,0.052555178834368,52.555178834368,0.0519772451340754,51.9772451340754,0.0524625,52.462500000000006,52.462500000000006,52.462500000000006,52.462500000000006,52.555178834368,52.555178834368,52.555178834368,51.9772451340754,51.9772451340754,51.9772451340754,50.80951283202882,1.3712590975553938,0.3744069047837826,1.7456660023391777,50.43748814374299,-0.6875579340986726,2.2273149244310844,1.539756990332414,50.93537418642838,0.20768920202856767,1.319436611543054,1.5271258135716224
2017-04-20,BJCO,6.385,2.45,30.7,2017,4,20,841,0.0519093988354444,51.9093988354444,0.0566551406985604,56.6551406985604,0.0565916666666666,56.591666666666605,56.591666666666605,56.591666666666605,56.591666666666605,51.9093988354444,51.9093988354444,51.9093988354444,56.6551406985604,56.6551406985604,56.6551406985604,50.81076811902138,0.20821484427575476,0.8904158721472655,1.098630716423017,50.43806184647537,1.4231409874784346,4.7939378646065975,6.217078852085031,50.93527164736815,-0.16485218574559102,5.821247205044045,5.656395019298458
2017-04-21,BJCO,6.385,2.45,30.7,2017,4,21,842,0.0503758705248131,50.3758705248131,0.0529028185205302,52.9028185205302,0.0528583333333333,52.8583333333333,52.8583333333333,52.8583333333333,52.8583333333333,51.7432382465796,50.3758705248131,50.3758705248131,52.9028185205302,52.9028185205302,52.9028185205302,50.812016806330945,1.6703838305930467,-0.73916239034439,0.931221440248656,50.43864048928881,0.9829571269450449,1.4812209042963431,2.4641780312413886,50.93516640792588,1.6128512905068406,0.3103156349005829,1.923166925407422
2017-04-22,BJCO,6.385,2.45,30.7,2017,4,22,843,0.0482176987578267,48.2176987578267,0.0502230914572606,50.2230914572606,0.0498208333333333,49.8208333333333,49.8208333333333,49.8208333333333,49.8208333333333,48.2176987578267,48.2176987578267,48.2176987578267,50.2230914572606,50.2230914572606,50.2230914572606,50.8132592839001,-0.3366130447144834,-2.2589474813589163,-2.595560526073399,50.439224137614495,1.7695874860731224,-1.985720166427015,-0.2161326803538941,50.935058360397846,1.087341195410981,-2.2015662224755275,-1.114225027064549
2017-04-23,BJCO,6.385,2.45,30.7,2017,4,23,844,0.0502904717289386,50.2904717289386,0.0484463540391411,48.4463540391411,0.0484791666666666,48.4791666666666,48.4791666666666,48.4791666666666,48.4791666666666,50.2904717289386,50.2904717289386,50.2904717289386,48.4463540391411,48.4463540391411,48.4463540391411,50.81449598762549,-1.1084020178728398,0.5843777591859478,-0.5240242586868931,50.43981288615657,-2.6391137794312263,0.6456549324157592,-1.993458847015468,50.9349474183147,-0.46696538168460117,-1.988815369963497,-2.455780751648099
2017-04-24,BJCO,6.385,2.45,30.7,2017,4,24,845,0.0517432382465796,51.7432382465796,0.0502295752942371,50.2295752942371,0.0515041666666666,51.5041666666666,51.5041666666666,51.5041666666666,51.5041666666666,51.7432382465796,51.7432382465796,51.7432382465796,50.2295752942371,50.2295752942371,50.2295752942371,50.815727409400345,-0.6264910915130468,1.5540019286923012,0.9275108371792555,50.440406872115965,-1.9989172844398513,1.7880857065609845,-0.21083157787886364,50.93483353719346,0.40326109818513595,0.16607203128800307,0.5693331294731365
2017-04-25,BJCO,6.385,2.45,30.7,2017,4,25,846,0.0514724090185117,51.472409018511705,0.0545421528613631,54.5421528613631,0.0535458333333333,53.5458333333333,53.5458333333333,53.5458333333333,53.5458333333333,51.472409018511705,51.472409018511705,51.472409018511705,54.5421528613631,54.5421528613631,54.5421528613631,50.816954057566896,-0.8639985298679014,1.5194534908127082,0.6554549609448088,50.44100625885379,1.684240794920692,2.41690580758862,4.10114660250931,50.9347167173855,1.1321616347377006,1.4789549812101015,2.6111166159478003
2017-04-26,BJCO,6.385,2.45,30.7,2017,4,26,847,0.0491671405285121,49.1671405285121,0.0484830452938342,48.4830452938342,0.0485041666666666,48.5041666666666,48.5041666666666,48.5041666666666,48.5041666666666,49.1671405285121,49.1671405285121,49.1671405285121,48.4830452938342,48.4830452938342,48.4830452938342,50.81817643692082,-0.2621779818980677,-1.3888579265106529,-1.6510359084087227,50.441611224408874,-1.6887431035484384,-0.26982282702623195,-1.9585659305746717,50.93459699688485,0.37390410461503004,-2.8043344348332795,-2.4304303302182504
2017-04-27,BJCO,6.385,2.45,30.7,2017,4,27,848,0.0480562659723565,48.0562659723565,0.0474350921257711,47.4350921257711,0.0481041666666666,48.1041666666666,48.1041666666666,48.1041666666666,48.1041666666666,48.0562659723565,48.0562659723565,48.0562659723565,47.4350921257711,47.4350921257711,47.4350921257711,50.81939506789333,-0.2535282171500529,-2.5096008783867774,-2.763129095536833,50.44222195057704,-1.1903758040979864,-1.816754020707954,-3.0071298248059435,50.93447444007816,1.1454256513894618,-3.975733424801021,-2.830307773411562
2017-04-28,BJCO,6.385,2.45,30.7,2017,4,28,849,0.0527620608643114,52.7620608643114,0.0544127456964956,54.412745696495605,0.0545083333333333,54.5083333333333,54.5083333333333,54.5083333333333,54.5083333333333,52.7620608643114,52.7620608643114,52.7620608643114,54.412745696495605,54.412745696495605,54.412745696495605,50.82061042400907,0.5190702491432869,1.4223801911590428,1.941450440302333,50.44283859596736,0.9479738016686481,3.021933298859601,3.9699071005282462,50.934349099581,4.08775742968521,-0.513773195932913,3.5739842337522987
2017-04-29,BJCO,6.385,2.45,30.7,2017,4,29,850,0.0495824291294955,49.5824291294955,0.0518527279808519,51.8527279808519,0.0513833333333333,51.3833333333333,51.3833333333333,51.3833333333333,51.3833333333333,49.5824291294955,49.5824291294955,49.5824291294955,51.8527279808519,51.8527279808519,51.8527279808519,50.821822899487515,-0.1504278615225805,-1.088965908469433,-1.239393769992013,50.44346124015195,-0.07834230898997349,1.4876090496899295,1.4092667406999553,50.934220970770696,3.4741268625017967,-3.0250144999391964,0.4491123625626017
2017-04-30,BJCO,6.385,2.45,30.7,2017,4,30,851,0.0512503029836262,51.2503029836262,0.050081497943114,50.081497943114,0.050125,50.125,53.2333333333333,50.125,50.125,51.2503029836262,51.2503029836262,51.2503029836262,50.081497943114,50.081497943114,50.081497943114,50.823032831609304,0.02081075721102238,0.40645939480587145,0.4272701520168951,50.44408986741644,0.7954993253602601,-1.1580912496626965,-0.3625919243024356,50.93408999299252,3.5048605431344826,-1.2056172027937038,2.29924334034078
2017-05-01,BJCO,6.385,2.45,30.7,2017,5,1,852,0.0558817737102256,55.8817737102256,0.0531811754462585,53.1811754462585,0.0532333333333333,53.2333333333333,53.2333333333333,53.2333333333333,53.2333333333333,55.8817737102256,55.8817737102256,55.8817737102256,53.1811754462585,53.1811754462585,53.1811754462585,50.82424047044272,4.059770866833083,0.9977623729498006,5.0575332397828845,50.44472438154795,2.048606495453558,0.6878445692569954,2.7364510647105504,50.93395605255001,2.84162103991545,-0.5422437591321625,2.2993772807832897
2017-05-02,BJCO,6.385,2.45,30.7,2017,5,2,853,0.0546555727507186,54.6555727507186,0.0551597769924472,55.1597769924472,0.0537541666666666,53.754166666666606,53.754166666666606,53.754166666666606,53.754166666666606,54.6555727507186,54.6555727507186,54.6555727507186,55.1597769924472,55.1597769924472,55.1597769924472,50.82544597533489,1.742500507260044,2.087626268123664,3.830126775383711,50.44536465396313,3.804244617960763,0.9101677205233045,4.714412338484067,50.93381900095965,2.6219518215837,0.1983958441232545,2.8203476657069544
2017-05-03,BJCO,6.385,2.45,30.7,2017,5,3,854,0.0531520909733206,53.1520909733206,0.053264442929467,53.264442929467,0.0548333333333333,54.8333333333333,54.8333333333333,54.8333333333333,54.8333333333333,53.1520909733206,53.1520909733206,53.1520909733206,53.264442929467,53.264442929467,53.264442929467,50.82664941058154,0.2036295834739001,2.1218119792651606,2.3254415627390586,50.446010534088934,0.44448557252305537,2.373946822855011,2.8184323953780677,50.9336786527053,2.840899012300408,1.058755668327592,3.8996546806280037
2017-05-04,BJCO,6.385,2.45,30.7,2017,5,4,855,0.056686989012347,56.686989012347,0.0584200068446914,58.4200068446914,0.0592041666666666,59.2041666666666,54.8333333333333,59.2041666666666,59.2041666666666,56.686989012347,56.686989012347,56.686989012347,58.4200068446914,58.4200068446914,58.4200068446914,50.827850787609364,0.9148103125853829,4.944327912152254,5.8591382247376345,50.44666186671792,-0.5161799331680743,8.489524911141558,7.973344977973483,50.93353481566457,2.920817485217398,0.9789810324513297,3.899798517668728
2017-05-05,BJCO,6.385,2.45,30.7,2017,5,5,856,0.056952368770923,56.952368770923,0.0564215971420478,56.4215971420478,0.0565125,56.5125,56.5125,56.5125,56.5125,56.952368770923,56.952368770923,56.952368770923,56.4215971420478,56.4215971420478,56.4215971420478,50.82905011448328,4.412913555245354,1.7104051011943682,6.1233186564397215,50.44731849747868,2.3006076405022022,3.673671004066918,5.974278644569118,50.93338729424834,4.036656812725933,1.542455893025732,5.579112705751662
2017-05-06,BJCO,6.385,2.45,30.7,2017,5,6,857,0.0557068874412319,55.7068874412319,0.05423744067598,54.23744067598,0.0546708333333333,54.6708333333333,54.6708333333333,54.6708333333333,54.6708333333333,55.7068874412319,55.7068874412319,55.7068874412319,54.23744067598,54.23744067598,54.23744067598,50.83024741618104,3.696945307701242,1.1796947173496193,4.876640025050861,50.44798027678213,2.4520982413374033,1.3373621578604613,3.789460399197864,50.93323590901367,3.771015179008615,-0.03341775468898334,3.737597424319631
2017-05-07,BJCO,6.385,2.45,30.7,2017,5,7,858,0.0553171871562022,55.3171871562022,0.0549887168459174,54.9887168459174,0.0575749999999999,57.574999999999896,57.574999999999896,57.574999999999896,57.574999999999896,55.3171871562022,55.3171871562022,55.3171871562022,54.9887168459174,54.9887168459174,54.9887168459174,50.831442731305756,3.6224447236032677,0.8632997012931796,4.4857444248964455,50.448647056469305,2.9418610807204497,1.5982087087276469,4.540069789448097,50.933080507672024,5.140944337618831,1.5009751547090389,6.641919492327872
2017-05-08,BJCO,6.385,2.45,30.7,2017,5,8,859,0.0539194414516652,53.9194414516652,0.0552089147108669,55.2089147108669,0.0534666666666666,53.4666666666666,53.4666666666666,53.4666666666666,53.4666666666666,53.9194414516652,53.9194414516652,53.9194414516652,55.2089147108669,55.2089147108669,55.2089147108669,50.83263608881442,4.853754052653189,-1.7669486898024047,3.0868053628507823,50.449318704451684,5.886205001479733,-1.1266089950645153,4.759596006415215,50.932920932513426,4.986955320033081,-2.453209585879911,2.5337457341531717
2017-05-09,BJCO,6.385,2.45,30.7,2017,5,9,860,0.0542141417798624,54.2141417798624,0.0555492344642747,55.5492344642747,0.0545958333333333,54.5958333333333,54.5958333333333,54.5958333333333,54.5958333333333,54.2141417798624,54.2141417798624,54.2141417798624,55.5492344642747,55.5492344642747,55.5492344642747,50.833827489210044,5.385368500012,-2.005054209359642,3.3803142906523576,50.449995102196205,5.401499847288551,-0.30226048521005566,5.099239362078492,50.93275702764759,6.850044323570957,-3.186968017885242,3.6630763056857134
2017-05-10,BJCO,6.385,2.45,30.7,2017,5,10,861,0.0496586036332561,49.6586036332561,0.0511507136483076,51.1507136483076,0.0504625,50.4625,50.4625,50.4625,50.4625,54.2141417798624,49.6586036332561,49.6586036332561,51.1507136483076,51.1507136483076,51.1507136483076,50.83501687283648,4.1897304574962755,-0.8106055504703562,3.3791249070259184,50.4506760930076,4.2245268941252485,-3.524489338825248,0.7000375552999998,50.932588596059624,3.6933423629717175,-4.163430959031345,-0.4700885960596253
2017-05-11,BJCO,6.385,2.45,30.7,2017,5,11,862,0.0537735728406663,53.7735728406663,0.0531899596994052,53.1899596994052,0.0536666666666666,53.6666666666666,53.6666666666666,53.6666666666666,53.6666666666666,53.7735728406663,53.7735728406663,53.7735728406663,53.1899596994052,53.1899596994052,53.1899596994052,50.836204080307034,3.6599386389098485,-0.722569878550587,2.937368760359263,50.4513614110385,3.032495595977285,-0.2938973076105853,2.7385982883667026,50.93241537323359,2.7995941815603613,-0.06534288812734701,2.7342512934330117
2017-05-12,BJCO,6.385,2.45,30.7,2017,5,12,863,0.0570121689319778,57.01216893197781,0.0563915799101041,56.3915799101041,0.0560333333333333,56.0333333333333,56.0333333333333,56.0333333333333,56.0333333333333,57.01216893197781,57.01216893197781,57.01216893197781,56.3915799101041,56.3915799101041,56.3915799101041,50.837388851353566,3.486726140597686,2.688053940026556,6.174780080624245,50.45205068981798,3.0691257936040226,2.8704034266820955,5.9395292202861185,50.93223701005631,3.0060741258359194,2.095022197441068,5.101096323276991
2017-05-13,BJCO,6.385,2.45,30.7,2017,5,13,864,0.0563403502801595,56.3403502801595,0.0558712226155424,55.8712226155424,0.0556875,55.6875,55.6875,55.6875,55.6875,56.3403502801595,56.3403502801595,56.3403502801595,55.8712226155424,55.8712226155424,55.8712226155424,50.83857082227163,2.6680484628626155,2.833730995025256,5.501779457887871,50.45274345622227,2.6896472064197634,2.7288319529003644,5.418479159320128,50.93205306906029,4.238439259073853,0.517007671865862,4.755446930939712
2017-05-14,BJCO,6.385,2.45,30.7,2017,5,14,865,0.0529311898220032,52.9311898220032,0.0518786614758651,51.87866147586509,0.0511291666666666,51.1291666666666,51.1291666666666,51.1291666666666,51.1291666666666,52.9311898220032,52.9311898220032,52.9311898220032,51.87866147586509,51.87866147586509,51.87866147586509,50.83974958686182,2.634874543045333,-0.5434343079039579,2.091440235141377,50.453439191923344,2.6029689192103196,-1.1777466352685764,1.4252222839417428,50.93186308676803,0.16840778702947581,0.028895792869093384,0.19730357989856628
2017-05-15,BJCO,6.385,2.45,30.7,2017,5,15,866,0.0555176745576761,55.5176745576761,0.0544078802228628,54.4078802228628,0.0538333333333333,53.8333333333333,53.8333333333333,53.8333333333333,53.8333333333333,55.5176745576761,55.5176745576761,55.5176745576761,54.4078802228628,54.4078802228628,54.4078802228628,50.84092472535909,2.3164455563467317,2.360304275970286,4.6767498323170145,50.45413740619255,2.6977863123406958,1.2559565043295535,3.9537428166702497,50.931666624720194,0.782380066359552,2.119286642253556,2.9016667086131065
2017-05-16,BJCO,6.385,2.45,30.7,2017,5,16,867,0.0552485869338833,55.2485869338833,0.0599794182523115,59.9794182523115,0.059375,59.375,59.375,59.375,59.375,55.2485869338833,55.2485869338833,55.2485869338833,59.9794182523115,59.9794182523115,59.9794182523115,50.84209579573643,1.6460006808579064,2.7604904572889666,4.406491138146876,50.45483761306717,1.9940935939617257,7.530487045282598,9.524580639244327,50.931463279816306,6.178924424676922,2.2646122955067725,8.443536720183694
2017-05-17,BJCO,6.385,2.45,30.7,2017,5,17,868,0.051806483000051,51.806483000051,0.0541151833013207,54.1151833013207,0.0544083333333333,54.4083333333333,54.4083333333333,54.4083333333333,54.4083333333333,54.909872318827496,51.806483000051,51.806483000051,54.1151833013207,54.1151833013207,54.1151833013207,50.84326235132667,4.76916363149611,-0.702553663995289,4.066609967500824,50.45553930761404,3.526993996983508,0.1326499967231527,3.659643993706659,50.93125264965795,4.280222953754101,-0.8031422700787445,3.4770806836753536
2017-05-18,BJCO,6.385,2.45,30.7,2017,5,18,869,0.0549098723188275,54.909872318827496,0.0541896508084657,54.1896508084657,0.054675,54.675,54.675,54.675,54.675,54.909872318827496,54.909872318827496,54.909872318827496,54.1896508084657,54.1896508084657,54.1896508084657,50.84442399591083,6.167037686401224,-2.101589363484557,4.065448322916666,50.45624200681893,5.974409312681333,-2.2410005110345637,3.7334088016467675,50.931034349973324,6.366462544718193,-2.6224968946915155,3.7439656500266736
2017-05-19,BJCO,6.385,2.45,30.7,2017,5,19,870,0.0539269957392871,53.9269957392871,0.0520560108966772,52.0560108966772,0.0517166666666666,51.7166666666666,51.7166666666666,51.7166666666666,51.7166666666666,53.9269957392871,53.9269957392871,53.9269957392871,52.0560108966772,52.0560108966772,52.0560108966772,50.84558038081281,5.036818983583235,-1.95540362510895,3.0814153584742883,50.45694525265801,4.418358461721674,-2.8192928177024825,1.5990656440191913,50.93080802644748,3.338822381067534,-2.552963740848419,0.7858586402191179
2017-05-20,BJCO,6.385,2.45,30.7,2017,5,20,871,0.0564073654240212,56.4073654240212,0.0579165836241372,57.9165836241372,0.0574916666666666,57.4916666666666,57.4916666666666,57.4916666666666,57.4916666666666,56.4073654240212,56.4073654240212,56.4073654240212,54.1151833013207,57.9165836241372,57.9165836241372,50.84673115704798,5.6922884044498145,-0.1316541374765876,5.560634266973224,50.45764858660465,6.998900209788021,-3.341365495071969,3.65753471471605,50.93057332299885,5.905706955194587,0.6553863884731612,6.56109334366775
2017-05-21,BJCO,6.385,2.45,30.7,2017,5,21,872,0.0540753544152147,54.075354415214704,0.054639076804564,54.639076804564,0.0555666666666666,55.5666666666666,55.5666666666666,55.5666666666666,55.5666666666666,54.075354415214704,54.075354415214704,54.075354415214704,54.639076804564,54.639076804564,54.639076804564,50.84787595955491,6.6118783543521005,-3.3843998986923083,3.227478455659792,50.45835155477877,5.700557526886353,-1.5198322771011306,4.180725249785226,50.93032991216583,4.927424703172496,-0.2910879486717306,4.636336754500768
2017-05-22,BJCO,6.385,2.45,30.7,2017,5,22,873,0.0529548886981136,52.9548886981136,0.0540388879688205,54.0388879688205,0.0538916666666666,53.8916666666666,53.8916666666666,53.8916666666666,53.8916666666666,52.9548886981136,52.9548886981136,52.9548886981136,54.0388879688205,54.0388879688205,54.0388879688205,50.84901440093997,5.023039671987671,-2.91716537481404,2.105874297173628,50.45905371074422,4.250538700403915,-0.67070444232764,3.579834258076275,50.93007749131823,3.0318895631530363,-0.07030038780466441,2.9615891753483723
2017-05-23,BJCO,6.385,2.45,30.7,2017,5,23,874,0.052430838674794,52.430838674794,0.05305464328802,53.05464328802,0.0527,52.7,52.7,52.7,52.7,52.430838674794,52.430838674794,52.430838674794,53.05464328802,53.05464328802,53.05464328802,50.85014608104503,3.922077954021876,-2.341385360272902,1.5806925937489709,50.459754614229425,3.8942972365124082,-1.2994085627218297,2.594888673790578,50.92981577977834,2.845001769926254,-1.0748175497045906,1.7701842202216653
2017-05-24,BJCO,6.385,2.45,30.7,2017,5,24,875,0.0524214113245041,52.4214113245041,0.052606457654391,52.606457654391,0.0541041666666666,54.1041666666666,54.1041666666666,54.1041666666666,54.1041666666666,52.4214113245041,52.4214113245041,52.4214113245041,52.606457654391,52.606457654391,52.606457654391,50.85127060178143,3.2296302811037845,-1.659489558381118,1.5701407227226696,50.4604538251107,2.5172448556692983,-0.3712410263889936,2.1460038292803034,50.929544509959136,2.9345427156767045,0.2400794410307583,3.174622156707464
2017-05-25,BJCO,6.385,2.45,30.7,2017,5,25,876,0.0572782102953399,57.2782102953399,0.0587258623557624,58.7258623557624,0.0589083333333333,58.908333333333296,58.908333333333296,58.908333333333296,58.908333333333296,57.2782102953399,57.2782102953399,57.2782102953399,58.7258623557624,58.7258623557624,58.7258623557624,50.85238758367644,6.54534109073952,-0.11951837907605523,6.425822711663464,50.46115093995658,8.324054599571825,-0.05934318376600345,8.26471141580582,50.929263431343486,7.544735483659067,0.43433441833074227,7.97906990198981
2017-05-26,BJCO,6.385,2.45,30.7,2017,5,26,877,0.0584954477991727,58.4954477991727,0.0590959649473358,59.0959649473358,0.0593374999999999,59.3374999999999,59.3374999999999,59.3374999999999,59.3374999999999,58.4954477991727,58.4954477991727,58.4954477991727,59.0959649473358,59.0959649473358,59.0959649473358,50.853496661157806,7.905113611085748,-0.2631624730708495,7.641951138014896,50.46184558406537,7.280273236406354,1.3538461268640773,8.634119363270429,50.92897229907601,6.156000865948013,2.2525268349758747,8.40852770092389
2017-05-27,BJCO,6.385,2.45,30.7,2017,5,27,878,0.057406635258786,57.406635258786,0.0566731058702125,56.6731058702125,0.0570708333333333,57.0708333333333,57.0708333333333,57.0708333333333,57.0708333333333,57.406635258786,57.406635258786,57.406635258786,56.6731058702125,56.6731058702125,56.6731058702125,50.85459747221369,6.712955236915968,-0.16091745034366056,6.552037786572306,50.46253740394133,6.0512323343926475,0.15933613187852558,6.2105684662711695,50.92867089317256,5.232255273375887,0.9099071667848548,6.142162440160739
2017-05-28,BJCO,6.385,2.45,30.7,2017,5,28,879,0.0569141096902939,56.91410969029391,0.0572544194010703,57.2544194010703,0.0560125,56.0125,56.0125,56.0125,56.0125,56.91410969029391,56.91410969029391,56.91410969029391,57.2544194010703,57.2544194010703,57.2544194010703,50.85568964992834,6.68237048592903,-0.6239504455634517,6.058420040365576,50.463226063738276,6.620627338454937,0.17056599887708757,6.791193337332025,50.92835902075878,4.981471659085441,0.10266932015577623,5.084140979241219
2017-05-29,BJCO,6.385,2.45,30.7,2017,5,29,880,0.0551077119101337,55.1077119101337,0.0529383008197141,52.9383008197141,0.053,53.0,53.0,53.0,53.0,55.1077119101337,55.1077119101337,55.1077119101337,52.9383008197141,52.9383008197141,52.9383008197141,50.85677281048186,6.124695061677629,-1.8737559620257827,4.250939099651845,50.463911231961816,4.54057809116687,-2.066188503414587,2.4743895877522846,50.928036477306,4.525370631550743,-2.4534071088567444,2.0719635226939985
2017-05-30,BJCO,6.385,2.45,30.7,2017,5,30,881,0.0546969179779135,54.6969179779135,0.0526565090771771,52.65650907717711,0.0522166666666666,52.2166666666666,52.2166666666666,52.2166666666666,52.2166666666666,54.6969179779135,54.6969179779135,54.6969179779135,52.65650907717711,52.65650907717711,52.65650907717711,50.85784651923352,5.944308534362501,-2.105237075682517,3.8390714586799817,50.46459257235264,5.5142012414103245,-3.322284736585857,2.1919165048244693,50.927703035045575,5.002237184680632,-3.713273553059608,1.288963631621023
2017-06-01,BJCO,6.385,2.45,30.7,2017,6,1,883,0.0511806243290227,51.1806243290227,0.0516198898214353,51.619889821435294,0.0526875,52.6875,52.6875,52.6875,52.6875,51.1806243290227,51.1806243290227,51.1806243290227,51.619889821435294,51.619889821435294,51.619889821435294,50.859963747965494,5.468988982994133,-5.148328401936929,0.3206605810572043,50.46594252639464,5.4168372137220695,-4.262889918681417,1.153947295040652,50.927002516826185,4.295456838917787,-2.534959355743972,1.7604974831738147
2017-06-02,BJCO,6.385,2.45,30.7,2017,6,2,884,0.0573520384568619,57.3520384568619,0.0562343153732023,56.2343153732023,0.0572541666666666,57.2541666666666,57.2541666666666,57.2541666666666,57.2541666666666,57.3520384568619,57.3520384568619,57.3520384568619,56.2343153732023,56.2343153732023,56.2343153732023,50.86100638579167,6.12987264341792,0.3611594276523107,6.491032071070229,50.466610508185475,5.595781056105055,0.17192380891177095,5.7677048650168246,50.92663501791575,5.141420745815409,1.1861109029354395,6.327531648750849
2017-06-03,BJCO,6.385,2.45,30.7,2017,6,3,885,0.0599541025260683,59.954102526068304,0.0611539483525488,61.1539483525488,0.0613,61.3,61.3,61.3,61.3,59.954102526068304,59.954102526068304,59.954102526068304,61.1539483525488,61.1539483525488,61.1539483525488,50.86203776824926,6.768650796987658,2.323413960831388,9.092064757819045,50.46727336287767,6.437171632391168,4.249503357279963,10.686674989671133,50.92625578968993,5.4781131678984485,4.895631042411615,10.373744210310065
2017-06-04,BJCO,6.385,2.45,30.7,2017,6,4,886,0.056141113035948,56.141113035948,0.0593407690510222,59.3407690510222,0.0586291666666666,58.6291666666666,58.6291666666666,58.6291666666666,58.6291666666666,56.141113035948,56.141113035948,56.141113035948,59.3407690510222,59.3407690510222,59.3407690510222,50.86305740202804,5.828298092342328,-0.5502424584223675,5.278055633919962,50.46793071590792,6.33537045683796,2.537467878276324,8.872838335114281,50.92586465194613,5.613020198382159,2.0902818163383117,7.703302014720471
2017-06-05,BJCO,6.385,2.45,30.7,2017,6,5,887,0.058178039972605,58.178039972605,0.0601783387827638,60.1783387827638,0.0601125,60.1125,60.1125,60.1125,60.1125,58.178039972605,58.178039972605,58.178039972605,60.1783387827638,60.1783387827638,60.1783387827638,50.86406474720561,6.724126843655282,0.5898483817441047,7.313975225399389,50.46858214783839,6.688579807239499,3.0211768276859132,9.709756634925412,50.92546138989649,5.935620517808242,3.2514180922952676,9.187038610103507
2017-06-06,BJCO,6.385,2.45,30.7,2017,6,6,888,0.0616894477063057,61.6894477063057,0.0603647451822139,60.3647451822139,0.0600208333333333,60.0208333333333,60.0208333333333,60.0208333333333,60.0208333333333,61.6894477063057,61.6894477063057,61.6894477063057,60.3647451822139,60.3647451822139,60.3647451822139,50.865059197615395,7.637551547523046,3.186836961167259,10.824388508690305,50.469227199397324,7.210027103372634,2.6854908794439467,9.895517982816578,50.92504574034945,6.373442742135768,2.7223448508480885,9.095787592983854
2017-06-07,BJCO,6.385,2.45,30.7,2017,6,7,889,0.056893169548434,56.893169548434,0.0558806618569883,55.8806618569883,0.056275,56.275,56.275,56.275,56.275,56.893169548434,56.893169548434,56.893169548434,55.8806618569883,55.8806618569883,55.8806618569883,50.86604007127698,6.381413477692666,-0.35428400053564246,6.027129477157025,50.46986536386745,6.110224479820245,-0.6994279866993978,5.4107964931208485,50.92461740206168,6.081009875904586,-0.7306272779662635,5.350382597938321
2017-06-08,BJCO,6.385,2.45,30.7,2017,6,8,890,0.0564646038608659,56.4646038608659,0.0562845138555558,56.2845138555558,0.0557291666666666,55.7291666666666,55.7291666666666,55.7291666666666,55.7291666666666,56.4646038608659,56.4646038608659,56.4646038608659,56.2845138555558,56.2845138555558,56.2845138555558,50.867006695693675,6.711402162055343,-1.1138049968831183,5.597597165172225,50.47049609810148,6.24553167616474,-0.4315139187104151,5.814017757454323,50.92417605494783,5.924818241750797,-1.1198276300320273,4.804990611718772
2017-06-09,BJCO,6.385,2.45,30.7,2017,6,9,891,0.0583280375429838,58.3280375429838,0.0555007238032294,55.5007238032294,0.0563625,56.3625,56.3625,56.3625,56.3625,58.3280375429838,58.3280375429838,58.3280375429838,55.5007238032294,55.5007238032294,55.5007238032294,50.86795845349113,6.7711411173452705,0.6889379721474,7.460079089492673,50.47111888769858,6.580257037650337,-1.5506521221195158,5.029604915530818,50.92372139668087,6.695570532922645,-1.2567919296035157,5.438778603319129
2017-06-10,BJCO,6.385,2.45,30.7,2017,6,10,892,0.0610311116364098,61.0311116364098,0.059751899759009,59.751899759009,0.0602541666666666,60.2541666666666,60.2541666666666,60.2541666666666,60.2541666666666,61.0311116364098,61.0311116364098,61.0311116364098,59.751899759009,59.751899759009,59.751899759009,50.8688947624232,7.285780115770738,2.8764367582158528,10.162216873986594,50.47173324499359,7.241112521672704,2.0390539923427085,9.280166514015413,50.9232531318026,7.572035887192239,1.7588776476717598,9.330913534863996
2017-06-11,BJCO,6.385,2.45,30.7,2017,6,11,893,0.0607129306615287,60.712930661528695,0.0570850837965954,57.085083796595406,0.0577083333333333,57.7083333333333,57.7083333333333,57.7083333333333,57.7083333333333,60.712930661528695,60.712930661528695,60.712930661528695,57.085083796595406,57.085083796595406,57.085083796595406,50.86981499194565,7.31854445035797,2.5245712192250735,9.843115669583042,50.47233868715145,6.149347904453361,0.4633972049905992,6.612745109443956,50.922770929663535,6.7345245358975845,0.051037867772180334,6.785562403669765
2017-06-13,BJCO,6.385,2.45,30.7,2017,6,13,895,0.0606552808684644,60.6552808684644,0.0565572278424344,56.5572278424344,0.0581833333333333,58.1833333333333,58.1833333333333,58.1833333333333,58.1833333333333,60.6552808684644,60.6552808684644,60.6552808684644,56.5572278424344,56.5572278424344,56.5572278424344,50.87160445137185,5.262261945397844,4.521414471694705,9.78367641709255,50.473520663841555,4.712251468099167,1.3714557104936773,6.083707178592846,50.92176322572324,5.817669880896779,1.443900226713282,7.261570107610062
2017-06-14,BJCO,6.385,2.45,30.7,2017,6,14,896,0.0611206238445953,61.1206238445953,0.0603094486555963,60.3094486555963,0.0596875,59.6875,59.6875,59.6875,59.6875,60.6552808684644,61.1206238445953,61.1206238445953,57.085083796595406,60.3094486555963,60.3094486555963,50.872472109688076,6.655349355405114,3.127459403371212,9.782808758776326,50.47409595373743,6.014236470866121,0.59675137199185,6.610987842857973,50.92123685804812,6.918184124783465,1.8480790171684163,8.766263141951882
2017-06-15,BJCO,6.385,2.45,30.7,2017,6,15,897,0.0592752888100227,59.27528881002269,0.0599847484800096,59.9847484800096,0.0580791666666666,58.0791666666666,58.0791666666666,58.0791666666666,58.0791666666666,59.27528881002269,59.27528881002269,59.27528881002269,56.7338187195537,59.9847484800096,59.9847484800096,50.87332051951411,6.219168409185426,2.182799881323149,8.401968290508577,50.4746598566386,6.249781032514439,0.009377830400659093,6.2591588629151005,50.9206948518758,7.022872047289231,0.13559976750156721,7.158471814790801
2017-06-16,BJCO,6.385,2.45,30.7,2017,6,16,898,0.0567926538571891,56.7926538571891,0.0565849205980702,56.5849205980702,0.0565916666666666,56.591666666666605,56.591666666666605,56.591666666666605,56.591666666666605,56.7926538571891,56.7926538571891,56.7926538571891,56.5849205980702,56.5849205980702,56.5849205980702,50.87414864900811,6.014428895561781,-0.0959236873807896,5.918505208180989,50.47521160468735,5.655846695844052,0.4538622975387909,6.109708993382846,50.92013667345677,6.227179050090912,-0.555649056881073,5.6715299932098375
2017-06-17,BJCO,6.385,2.45,30.7,2017,6,17,899,0.0563478816056226,56.34788160562261,0.0567338187195537,56.7338187195537,0.0560958333333333,56.0958333333333,56.0958333333333,56.0958333333333,56.0958333333333,56.34788160562261,56.34788160562261,56.34788160562261,56.7338187195537,56.7338187195537,56.7338187195537,50.87495535865057,6.065974549607399,-0.5930483026353528,5.472926246972044,50.475750378631936,6.101040356661776,0.1570279842599902,6.258068340921767,50.91956176253182,5.289701392165173,-0.11342982136368818,5.176271570801482
2017-06-18,BJCO,6.385,2.45,30.7,2017,6,18,900,0.0542036242158582,54.2036242158582,0.0551875570554563,55.187557055456296,0.0556791666666666,55.6791666666666,55.6791666666666,55.6791666666666,55.6791666666666,56.7926538571891,54.2036242158582,54.2036242158582,55.187557055456296,55.187557055456296,55.187557055456296,50.87573944941469,3.6089228734969536,2.3079915342774626,5.916914407774414,50.47627527627508,3.681885157250617,1.0293966219305943,4.711281779181213,50.91896951682562,3.430985778885217,1.3292113709557682,4.760197149840984
2017-06-19,BJCO,6.385,2.45,30.7,2017,6,19,901,0.0561503309542125,56.1503309542125,0.0557698661141376,55.769866114137606,0.0551083333333333,55.1083333333333,55.1083333333333,55.1083333333333,55.1083333333333,56.1503309542125,56.1503309542125,56.1503309542125,55.769866114137606,55.769866114137606,55.769866114137606,50.876499728708616,3.750737014071285,1.5230942114325998,5.2738312255038835,50.47678535739703,5.0050410588553556,0.28803969788522465,5.293080756740579,50.91835933099859,4.294454288632263,-0.10448028629755157,4.189974002334708
2017-06-20,BJCO,6.385,2.45,30.7,2017,6,20,902,0.0593438844859446,59.3438844859446,0.0591479609705903,59.147960970590304,0.0597916666666666,59.7916666666666,56.0333333333333,59.7916666666666,59.7916666666666,59.3438844859446,59.3438844859446,59.3438844859446,59.147960970590304,59.147960970590304,59.147960970590304,50.877235045198354,2.5911157287349345,5.875533712011311,8.466649440746245,50.47727970642652,4.810113486268488,3.860567777895291,8.670681264163782,50.91773058368405,2.6565131993785323,2.4590895502707255,5.1156027496492555
2017-06-21,BJCO,6.385,2.45,30.7,2017,6,21,903,0.0574147894383893,57.4147894383893,0.0564657448608273,56.4657448608273,0.0560333333333333,56.0333333333333,56.0333333333333,56.0333333333333,56.0333333333333,57.4147894383893,57.4147894383893,57.4147894383893,56.4657448608273,56.4657448608273,56.4657448608273,50.877944285505194,4.748298619034555,1.7885465338495479,6.536845152884105,50.47775742587374,5.4593506915481465,0.5286367434054142,5.98798743495356,50.91708262497375,5.115526091042472,0.0007246173170827319,5.116250708359551
2017-06-22,BJCO,6.385,2.45,30.7,2017,6,22,904,0.0578280432992613,57.828043299261296,0.0563757688306471,56.3757688306471,0.055925,55.925,55.925,55.925,55.925,57.828043299261296,57.828043299261296,57.828043299261296,56.3757688306471,56.3757688306471,56.3757688306471,50.87862639705914,5.497321223020266,1.4520956791818875,6.949416902202152,50.4782175941674,5.965028468819166,-0.06747723233946346,5.8975512364797,50.91641479834923,5.284311459283962,-0.27572625763319536,5.008585201650767
2017-06-23,BJCO,6.385,2.45,30.7,2017,6,23,905,0.0598658651360576,59.8658651360576,0.0583973532780545,58.3973532780545,0.0574458333333333,57.4458333333333,57.4458333333333,57.4458333333333,57.4458333333333,59.8658651360576,59.8658651360576,59.8658651360576,58.3973532780545,58.3973532780545,58.3973532780545,50.879280417560786,6.035593361310186,2.9509913571866306,8.986584718496815,50.47865934058832,6.006442099816945,1.9122518376492366,7.91869393746618,50.915726436252505,5.2386513678413404,1.2914555292394496,6.530106897080792
2017-06-24,BJCO,6.385,2.45,30.7,2017,6,24,906,0.0599741209932132,59.9741209932132,0.0591842069555378,59.1842069555378,0.059675,59.675,59.675,59.675,59.675,59.9741209932132,59.9741209932132,59.9741209932132,59.1842069555378,59.1842069555378,59.1842069555378,50.879905462376996,4.9368725259667,4.157343004869503,9.094215530836202,50.47908183660664,5.038537528486586,3.6665875904445784,8.705125118931164,50.91501685815058,4.682752361557692,4.077230780291728,8.759983141849418
2017-06-25,BJCO,6.385,2.45,30.7,2017,6,25,907,0.060454791992758,60.454791992758,0.0583906569844387,58.39065698443871,0.0572708333333333,57.2708333333333,57.2708333333333,57.2708333333333,57.2708333333333,60.454791992758,60.454791992758,60.454791992758,58.39065698443871,58.39065698443871,58.39065698443871,50.880500715253234,3.902278262710973,5.672013014793791,9.574291277504763,50.47948429607613,5.269836320919046,2.641336367443536,7.9111726883625835,50.914285448192075,4.762214702272164,1.5943331828690646,6.356547885141225
2017-06-26,BJCO,6.385,2.45,30.7,2017,6,26,908,0.0589280122519532,58.928012251953206,0.0587047913562273,58.7047913562273,0.0583083333333333,58.3083333333333,58.3083333333333,58.3083333333333,58.3083333333333,58.928012251953206,58.928012251953206,58.928012251953206,58.7047913562273,58.7047913562273,58.7047913562273,50.881065407057896,4.752041593699458,3.29490525119585,8.04694684489531,50.47986596906485,5.329282007591414,2.895643379571027,8.224925387162443,50.91353167160543,5.005770920073151,2.3890307416547145,7.394801661727868
2017-06-27,BJCO,6.385,2.45,30.7,2017,6,27,909,0.0551763346184342,55.1763346184342,0.0551439149054107,55.1439149054107,0.0543958333333333,54.3958333333333,54.3958333333333,54.3958333333333,54.3958333333333,55.1763346184342,55.1763346184342,55.1763346184342,56.6920323085131,55.1439149054107,55.1439149054107,50.881598804832066,4.159406498272904,0.13532931532922987,4.294735813602131,50.48022615849789,4.830500141280104,1.381306008735102,6.211806150015207,50.912755027954184,3.073314409219504,0.4097638961596104,3.4830783053791166
2017-06-28,BJCO,6.385,2.45,30.7,2017,6,28,910,0.0562089240670449,56.2089240670449,0.0543741990721291,54.3741990721291,0.0548958333333333,54.8958333333333,54.8958333333333,54.8958333333333,54.8958333333333,56.2089240670449,56.2089240670449,56.2089240670449,56.6920323085131,54.3741990721291,54.3741990721291,50.88210016132774,5.571193455273722,-0.2443695495565663,5.326823905717156,50.48056419894425,5.538417516986497,0.6730505925823493,6.211468109568848,50.91195502176875,4.704604515225753,-0.7207262036612008,3.9838783115645526
2017-06-29,BJCO,6.385,2.45,30.7,2017,6,29,911,0.0579394658194994,57.93946581949941,0.0566920323085131,56.6920323085131,0.056525,56.525,56.525,56.525,56.525,57.93946581949941,57.93946581949941,57.93946581949941,56.6920323085131,56.6920323085131,56.6920323085131,50.882568816210686,7.335203873675617,-0.27830687038689206,7.056897003288725,50.48087943361575,6.846490654485132,-0.635337779587779,6.211152874897351,50.91113118856271,7.030264177422463,-1.4163953659851742,5.6138688114372854
2017-06-30,BJCO,6.385,2.45,30.7,2017,6,30,912,0.0571486085207262,57.1486085207262,0.0562167579956105,56.2167579956105,0.0556541666666666,55.654166666666605,55.654166666666605,55.654166666666605,55.654166666666605,57.1486085207262,57.1486085207262,57.1486085207262,56.2167579956105,56.2167579956105,56.2167579956105,50.88300422147015,6.784800516208823,-0.5191962169527784,6.265604299256047,50.481171279700305,6.099838829251899,-0.36425211334170626,5.735586715910195,50.9102830947288,6.300302835139759,-1.5564192632019527,4.743883571937808
2017-07-01,BJCO,6.385,2.45,30.7,2017,7,1,913,0.0592998846382086,59.2998846382086,0.0578720274915486,57.8720274915486,0.0577791666666666,57.7791666666666,57.7791666666666,57.7791666666666,57.7791666666666,59.2998846382086,59.2998846382086,59.2998846382086,57.8720274915486,57.8720274915486,57.8720274915486,50.88340591102031,5.762196155201876,2.654282571986414,8.416478727188291,50.4814392553934,5.589454237132551,1.8011339990226531,7.390588236155203,50.909410355748285,5.340749634486406,1.529006676431905,6.869756310918312
2017-07-02,BJCO,6.385,2.45,30.7,2017,7,2,914,0.0588021355719805,58.8021355719805,0.0571113059930694,57.1113059930694,0.0582875,58.2875,58.2875,58.2875,58.2875,58.8021355719805,58.8021355719805,58.8021355719805,57.1113059930694,57.1113059930694,57.1113059930694,50.88377343631556,5.128673955337122,2.789688180327822,7.9183621356649425,50.48168296433842,5.360563289684386,1.2690597390465967,6.6296230287309825,50.90851262699468,4.7312536918294885,2.6477336811758363,7.378987373005323
2017-07-03,BJCO,6.385,2.45,30.7,2017,7,3,915,0.0575161281711783,57.5161281711783,0.0552974637460921,55.297463746092106,0.0555541666666666,55.5541666666666,57.375,55.5541666666666,55.5541666666666,57.5161281711783,57.5161281711783,57.5161281711783,55.297463746092106,55.297463746092106,55.297463746092106,50.88410638845267,5.122444784617999,1.509576998107633,6.63202178272563,50.48190208056017,4.792083437722055,0.023478227809881957,4.815561665531938,50.90758959709697,5.144716274596092,1.3226941283069351,6.4674104029030275
2017-07-04,BJCO,6.385,2.45,30.7,2017,7,4,916,0.0588214582103688,58.8214582103688,0.0570621325008126,57.0621325008126,0.0572,57.2,57.2,57.2,57.2,58.8214582103688,58.8214582103688,58.8214582103688,57.0621325008126,57.0621325008126,57.0621325008126,50.88440440773057,6.191970485211317,1.7450833174269178,7.937053802638232,50.482096303748804,6.698235203123808,-0.11819900606000999,6.580036197063798,50.906640969066004,8.018312423618257,-1.724953392684256,6.293359030933999
2017-07-05,BJCO,6.385,2.45,30.7,2017,7,5,917,0.0592656744504383,59.265674450438304,0.0579603013019472,57.9603013019472,0.0576708333333333,57.670833333333306,57.670833333333306,57.670833333333306,57.670833333333306,59.265674450438304,59.265674450438304,59.265674450438304,57.9603013019472,57.9603013019472,57.9603013019472,50.884667166623714,7.901439122837634,0.4795681609769531,8.38100728381459,50.482265287043646,7.031008026843322,0.4470279880602277,7.478036014903552,50.90566646813355,6.328601123511312,0.4365657416884403,6.7651668651997525
2017-07-06,BJCO,6.385,2.45,30.7,2017,7,6,918,0.0597480501956687,59.748050195668704,0.0609833162688718,60.9833162688718,0.057375,57.375,57.375,57.375,57.375,59.748050195668704,59.748050195668704,59.748050195668704,57.8090447784509,60.9833162688718,60.9833162688718,50.884894358298915,6.983011517074795,1.8801443202949955,8.863155837369789,50.48240864986275,6.012734488000163,1.3139016405879858,7.326636128588149,50.90466585653187,5.129728935405268,1.3406052080628612,6.470334143468129
2017-07-07,BJCO,6.385,2.45,30.7,2017,7,7,919,0.0571594650463978,57.1594650463978,0.0578246112688645,57.8246112688645,0.0540541666666666,54.0541666666666,57.2,54.0541666666666,54.0541666666666,57.1594650463978,57.1594650463978,57.1594650463978,57.8246112688645,57.8246112688645,57.8246112688645,50.8850856671754,6.327536710240973,-0.053157331018574894,6.274379379222395,50.48252597737984,5.697152073432318,1.6449332180523442,7.342085291484665,50.90363896963771,5.243993565750719,1.0523674646115708,6.2963610303622914
2017-07-08,BJCO,6.385,2.45,30.7,2017,7,8,920,0.0570384601345629,57.0384601345629,0.0578090447784509,57.8090447784509,0.058425,58.425,58.425,58.425,58.425,57.0384601345629,57.0384601345629,57.0384601345629,57.8090447784509,57.8090447784509,57.8090447784509,50.88524078351417,4.9071487487965095,1.2460706022522174,6.153219351048726,50.48261682407982,5.889178463196582,1.437249491174498,7.326427954371077,50.902585709914156,6.0341004385120245,1.488313851573814,7.522414290085841
2017-07-09,BJCO,6.385,2.45,30.7,2017,7,9,921,0.0516739516806341,51.6739516806341,0.053397980945871,53.397980945871,0.0524875,52.4875,52.4875,52.4875,52.4875,51.6739516806341,51.6739516806341,51.6739516806341,53.397980945871,53.397980945871,53.397980945871,50.885359444972366,4.099757966477916,-3.3111657308161853,0.7885922356617314,50.48268077155557,4.501384502312408,-1.5860843279969785,2.9153001743154263,50.90150605440824,4.019802381183505,-2.433808435591743,1.5859939455917598
2017-07-10,BJCO,6.385,2.45,30.7,2017,7,10,922,0.0418843674531482,41.8843674531482,0.0432597152236867,43.2597152236867,0.0426125,42.6125,42.6125,42.6125,42.6125,41.8843674531482,41.8843674531482,41.8843674531482,43.2597152236867,43.2597152236867,43.2597152236867,50.885441468972736,4.784703621662028,-13.78577763748656,-9.001074015824535,50.48271746735695,4.221991562270524,-11.444993805940776,-7.223002243670251,50.90040002039121,3.5619565974222858,-11.8498566178135,-8.287900020391213
2017-07-11,BJCO,6.385,2.45,30.7,2017,7,11,923,0.0398577501630504,39.8577501630504,0.0371371944080373,37.137194408037296,0.0405541666666666,40.5541666666666,40.5541666666666,40.5541666666666,40.5541666666666,50.2921852494283,39.8577501630504,39.8577501630504,52.4638807493357,37.137194408037296,37.137194408037296,50.88548676669913,3.1873355862071113,-3.780637103477943,-0.5933015172708309,50.48272663513159,4.095894934176963,-2.1147408199728517,1.9811541142041094,50.89926766478552,4.928553055710173,-15.273654053829091,-10.345100998118916
2017-07-12,BJCO,6.385,2.45,30.7,2017,7,12,924,0.0468588825782206,46.8588825782206,0.0457194043450168,45.7194043450168,0.0459624999999999,45.9624999999999,45.9624999999999,45.9624999999999,45.9624999999999,46.8588825782206,46.8588825782206,46.8588825782206,45.7194043450168,45.7194043450168,45.7194043450168,50.8854953634013,2.041345322315481,-6.067958107496175,-4.026612785180696,50.48270809770596,3.96619132511103,-8.729495077800188,-4.763303752689161,50.898109083719106,2.1960133379108964,-7.131622421630105,-4.935609083719207
2017-07-13,BJCO,6.385,2.45,30.7,2017,7,13,925,0.0525860673626116,52.5860673626116,0.0532636282852383,53.2636282852383,0.051825,51.825,51.825,51.825,51.825,52.5860673626116,52.5860673626116,52.5860673626116,53.2636282852383,53.2636282852383,53.2636282852383,50.88546739162422,1.7914136079635183,-0.09081363697613654,1.7005999709873834,50.4826617883608,2.233555184256743,0.5474113126207527,2.7809664968774968,50.896924399333855,1.1798984687269758,-0.25182286806082743,0.9280756006661477
2017-07-14,BJCO,6.385,2.45,30.7,2017,7,14,926,0.0502921852494283,50.2921852494283,0.0524638807493357,52.4638807493357,0.0506791666666666,50.6791666666666,50.6791666666666,50.6791666666666,50.6791666666666,50.2921852494283,50.2921852494283,50.2921852494283,52.4638807493357,52.4638807493357,52.4638807493357,50.88540304570794,-0.15942649754841542,-0.43379129873122224,-0.5932177962796388,50.482587708270444,4.761907990985065,-2.7806149499198085,1.981293041065257,50.89571379498932,0.17969742856263382,-0.39624455688534965,-0.21654712832271628
2017-07-15,BJCO,6.385,2.45,30.7,2017,7,15,927,0.0517707670763395,51.7707670763395,0.0501903977447825,50.190397744782494,0.0498916666666666,49.8916666666666,49.8916666666666,49.8916666666666,49.8916666666666,51.7707670763395,51.7707670763395,51.7707670763395,53.2636282852383,50.190397744782494,50.190397744782494,50.885302572963006,0.5558115710996723,0.32965293227682224,0.8854645033764967,50.482485883353824,4.737276882493174,-1.9561344806087035,2.7811424018844733,50.894477530956124,-0.32017831423927384,-0.6826325500502506,-1.002810864289522
2017-07-16,BJCO,6.385,2.45,30.7,2017,7,16,928,0.0568130007743046,56.813000774304605,0.0561946327715266,56.1946327715266,0.0556083333333333,55.6083333333333,55.6083333333333,55.6083333333333,55.6083333333333,56.813000774304605,56.813000774304605,56.813000774304605,56.1946327715266,56.1946327715266,56.1946327715266,50.88516629301184,7.311302050755886,-1.3834675694631215,5.927834481292763,50.482356413052,7.404156212422865,-1.6918798539482651,5.712276358474597,50.89321593517904,5.754382596879841,-1.0392651987255874,4.715117398154256
2017-07-17,BJCO,6.385,2.45,30.7,2017,7,17,929,0.0575740217613787,57.5740217613787,0.0567129851397908,56.7129851397908,0.0570791666666666,57.0791666666666,57.0791666666666,57.0791666666666,57.0791666666666,57.5740217613787,57.5740217613787,57.5740217613787,56.7129851397908,56.7129851397908,56.7129851397908,50.88499456933462,7.0300404924511195,-0.3410133004070417,6.68902719204408,50.48219945425229,7.121775113377371,-0.8909894278388535,6.230785685538514,50.89192942465534,5.674733076609197,0.5125041654020706,6.187237242011264
2017-07-18,BJCO,6.385,2.45,30.7,2017,7,18,930,0.0581399043435461,58.1399043435461,0.0562521657837623,56.2521657837623,0.0577375,57.7375,57.7375,57.7375,57.7375,58.1399043435461,58.1399043435461,58.1399043435461,56.2521657837623,56.2521657837623,56.2521657837623,50.884787836201134,6.62859733804688,0.6265191692980849,7.255116507344965,50.48201523045841,5.317516417851259,0.45263413545263376,5.770150553303893,50.8906185177547,5.658388290019235,1.188493192226062,6.846881482245294
2017-07-19,BJCO,6.385,2.45,30.7,2017,7,19,931,0.0571518866153629,57.1518866153629,0.0560229947630192,56.022994763019206,0.0552416666666666,55.2416666666666,55.2416666666666,55.2416666666666,55.2416666666666,57.1518866153629,57.1518866153629,57.1518866153629,56.022994763019206,56.022994763019206,56.022994763019206,50.88454662005618,5.575308861526932,0.6920311337797855,6.26733999530672,50.481804047667985,5.247794657432367,0.29339605791885504,5.54119071535122,50.88928382276784,4.626553100896094,-0.2741702569973299,4.352382843898766
2017-07-20,BJCO,6.385,2.45,30.7,2017,7,20,932,0.0541676149763431,54.1676149763431,0.0530939650864799,53.0939650864799,0.0528583333333333,52.8583333333333,52.8583333333333,52.8583333333333,52.8583333333333,54.1676149763431,54.1676149763431,54.1676149763431,53.0939650864799,53.0939650864799,53.0939650864799,50.88427154300763,3.105808985904287,0.17753444743118507,3.2833434333354745,50.481566303331206,3.1738566916204545,-0.5614579084717661,2.6123987831486915,50.887926017110054,2.532983992289708,-0.5625766760664632,1.9704073162232447
2017-07-21,BJCO,6.385,2.45,30.7,2017,7,21,933,0.0539356842276857,53.9356842276857,0.0526652056522604,52.6652056522604,0.05375,53.75,53.75,53.75,53.75,53.9356842276857,53.9356842276857,53.9356842276857,52.6652056522604,52.6652056522604,52.6652056522604,50.88396332163346,1.770698471547525,1.2810224345047132,3.051720906052239,50.481302486890904,2.9050169119578197,-0.7211137465883297,2.183903165369493,50.8865458530448,2.122610234772941,0.7408439121822568,2.863454146955199
2017-07-22,BJCO,6.385,2.45,30.7,2017,7,22,934,0.0585188791351262,58.5188791351262,0.0570153923668551,57.0153923668551,0.0582791666666666,58.2791666666666,58.2791666666666,58.2791666666666,58.2791666666666,58.5188791351262,58.5188791351262,58.5188791351262,57.0153923668551,57.0153923668551,57.0153923668551,50.88362274407856,-0.1719373985983943,7.8071937896460355,7.6352563910476405,50.48101315878064,3.83426194644542,2.700117261629039,6.534379208074462,50.88514414600145,2.5288592159859262,4.865163304679221,7.394022520665146
2017-07-23,BJCO,6.385,2.45,30.7,2017,7,23,935,0.0580155965072975,58.015596507297495,0.0572218030469843,57.2218030469843,0.0566416666666666,56.6416666666666,56.6416666666666,56.6416666666666,56.6416666666666,58.015596507297495,58.015596507297495,58.015596507297495,57.2218030469843,57.2218030469843,57.2218030469843,50.883250647391904,-3.6508643061488946,10.783210166054488,7.132345859905591,50.48069890735344,3.5151374934383672,3.2259666461924894,6.741104139630856,50.88372174377391,1.7502867044849801,4.0076582184077125,5.75794492289269
2017-07-24,BJCO,6.385,2.45,30.7,2017,7,24,936,0.056470562756041,56.470562756041005,0.0562127855312412,56.2127855312412,0.0560208333333333,56.0208333333333,56.0208333333333,56.0208333333333,56.0208333333333,56.470562756041005,56.470562756041005,56.470562756041005,56.2127855312412,56.2127855312412,56.2127855312412,50.88284792836679,-0.4225328995785671,6.010247727252782,5.587714827674212,50.48036035646287,2.4696583542018495,3.2627668205764877,5.732425174778335,50.88227953594454,-4.283407289911739,9.421961087300495,5.138553797388759
2017-07-25,BJCO,6.385,2.45,30.7,2017,7,25,937,0.0554775798517623,55.4775798517623,0.0562344475470357,56.2344475470357,0.0553458333333333,55.3458333333333,55.3458333333333,55.3458333333333,55.3458333333333,55.4775798517623,55.4775798517623,55.4775798517623,56.2344475470357,56.2344475470357,56.2344475470357,50.88241554983874,1.8915923021783407,2.703571999745222,4.59516430192356,50.47999816510227,2.904865489342553,2.8495838925908714,5.754449381933426,50.880818455938545,0.04527332515449905,4.419741552240261,4.465014877394758
2017-07-26,BJCO,6.385,2.45,30.7,2017,7,26,938,0.0519560080252336,51.9560080252336,0.0528658804779849,52.8658804779849,0.0526833333333333,52.683333333333294,56.0208333333333,52.683333333333294,52.683333333333294,51.9560080252336,51.9560080252336,51.9560080252336,52.8658804779849,52.8658804779849,52.8658804779849,50.88195452824951,-0.3175094266304465,1.3915629236145364,1.0740534969840922,50.479613040260475,0.686709100219345,1.6995583375050813,2.3862674377244275,50.879339481505696,-0.9173507221222196,6.058844573949827,5.1414938518276045
2017-07-27,BJCO,6.385,2.45,30.7,2017,7,27,939,0.0515890914434125,51.5890914434125,0.0522389823281628,52.2389823281628,0.0525,52.5,56.0208333333333,52.5,52.5,51.5890914434125,51.5890914434125,51.5890914434125,56.2344475470357,52.2389823281628,52.2389823281628,50.88146591669516,0.6769084455385704,0.03071708117876426,0.7076255267173366,50.47920573497403,3.7501099605007586,2.005131851560911,5.755241812061669,50.877843618631985,2.3905099840825272,2.752479730618788,5.142989714701315
2017-07-28,BJCO,6.385,2.45,30.7,2017,7,28,940,0.0570988262609799,57.09882626097991,0.0573592589207262,57.3592589207262,0.056775,56.775,56.775,56.775,56.775,57.09882626097991,57.09882626097991,57.09882626097991,57.3592589207262,57.3592589207262,57.3592589207262,50.880950812030235,2.820740398814343,3.397135050135333,6.217875448949677,50.478777042055285,3.4140019376637443,3.4664799410071723,6.880481878670913,50.87633189175716,1.8470292687678334,4.051638839475004,5.898668108242838
2017-07-29,BJCO,6.385,2.45,30.7,2017,7,29,941,0.0582417223415124,58.2417223415124,0.0589123747156115,58.9123747156115,0.0575666666666666,57.5666666666666,57.5666666666666,57.5666666666666,57.5666666666666,58.2417223415124,58.2417223415124,58.2417223415124,58.9123747156115,58.9123747156115,58.9123747156115,50.88041034923014,1.6180298860001654,5.743282106282095,7.3613119922822605,50.47832776952975,3.3874768708818928,5.04657007519986,8.43404694608175,50.874805329589904,1.3249514077623157,5.366909929314382,6.691861337076695
2017-07-30,BJCO,6.385,2.45,30.7,2017,7,30,942,0.057085840459129,57.085840459129,0.0578894450141876,57.8894450141876,0.0582375,58.2375,58.2375,58.2375,58.2375,57.085840459129,57.085840459129,57.085840459129,57.8894450141876,57.8894450141876,57.8894450141876,50.87984567775004,1.8329604911115258,4.373034290267434,6.205994781378962,50.47785870241904,1.9665205049286112,5.445065806839949,7.411586311768559,50.87326494497887,0.3120825430883075,7.0521525119328174,7.364235055021126
2017-08-01,BJCO,6.385,2.45,30.7,2017,8,1,944,0.0589337095089368,58.9337095089368,0.0583702927958233,58.3702927958233,0.0586,58.6,58.6,58.6,58.6,58.9337095089368,58.9337095089368,58.9337095089368,58.3702927958233,58.3702927958233,58.3702927958233,50.878648308446,3.07507905819178,4.979982142299015,8.055061200490798,50.47686411104103,5.44626482279182,2.447163861990454,7.893428684782272,50.870146626340286,4.388663185038809,3.3411901886209066,7.729853373659715
2017-08-02,BJCO,6.385,2.45,30.7,2017,8,2,945,0.0604917491082178,60.4917491082178,0.0597483055402887,59.7483055402887,0.0603666666666666,60.3666666666666,58.1083333333333,60.3666666666666,60.3666666666666,60.4917491082178,60.4917491082178,60.4917491082178,59.7483055402887,59.7483055402887,59.7483055402887,50.87801788737674,1.0674958457050974,8.546235375135964,9.61373122084106,50.476339896760656,2.304605954405898,6.967359689122141,9.271965643528041,50.868570521274144,2.943049427650172,4.2967133844089815,7.239762812059155
2017-08-03,BJCO,6.385,2.45,30.7,2017,8,3,946,0.0602181166958631,60.218116695863095,0.058632532318884,58.632532318884,0.0581083333333333,58.1083333333333,58.1083333333333,58.1083333333333,58.1083333333333,60.218116695863095,60.218116695863095,60.218116695863095,58.632532318884,58.632532318884,58.632532318884,50.87736781056667,2.110343438839287,7.230405446457141,9.340748885296428,50.475798525990626,2.2731263842042697,5.883607408689109,8.156733792893377,50.86698424247306,1.424271019749904,5.817078071110338,7.24134909086024
2017-08-05,BJCO,6.385,2.45,30.7,2017,8,5,948,0.0537341899776739,53.7341899776739,0.0563950187745158,56.3950187745158,0.0559,55.9,55.9,55.9,55.9,53.7341899776739,53.7341899776739,53.7341899776739,56.3950187745158,56.3950187745158,56.3950187745158,50.87601341828954,1.0886435744950635,1.7695329848892953,2.8581765593843613,50.474666802129285,2.579193158960401,3.3411588134261123,5.920351972386513,50.86378457153576,2.215526272394602,2.8206891560696334,5.036215428464239
2017-08-06,BJCO,6.385,2.45,30.7,2017,8,6,949,0.0489393003125988,48.9393003125988,0.0500731473027865,50.0731473027865,0.0493708333333333,49.3708333333333,49.3708333333333,49.3708333333333,49.3708333333333,48.9393003125988,48.9393003125988,48.9393003125988,53.6946450986197,50.0731473027865,50.0731473027865,50.87531148840881,-1.55229391647572,-0.3837172593342899,-1.936011175810009,50.47407774526905,2.965388797214283,0.2551785561363715,3.2205673533506527,50.86217290498259,-1.4269311888480327,-0.06440838280126115,-1.4913395716492914
2017-08-07,BJCO,6.385,2.45,30.7,2017,8,7,950,0.0498289338123183,49.828933812318304,0.0512082958322604,51.2082958322604,0.0515916666666666,51.5916666666666,51.5916666666666,51.5916666666666,51.5916666666666,52.9768145166903,49.828933812318304,49.828933812318304,53.625384494326894,51.2082958322604,51.2082958322604,50.874594613348116,3.6825156768407528,-1.5802957734985696,2.1022199033421813,50.47347408707899,4.103877843095509,-0.9519674358476067,3.151910407247904,50.860554462628016,3.339581676310466,-2.608469472271885,0.7311122040385811
2017-08-08,BJCO,6.385,2.45,30.7,2017,8,8,951,0.0530771187214782,53.0771187214782,0.0536946450986197,53.6946450986197,0.0536041666666666,53.6041666666666,53.6041666666666,53.6041666666666,53.6041666666666,53.0771187214782,53.0771187214782,53.0771187214782,53.6946450986197,53.6946450986197,53.6946450986197,50.87386390090869,4.551304749611158,-2.3480499290416432,2.203254820569512,50.47285645921166,4.920606012073645,-1.6988173726656086,3.2217886394080395,50.85893003883895,4.197243013208241,-1.4520063853805922,2.7452366278276514
2017-08-09,BJCO,6.385,2.45,30.7,2017,8,9,952,0.0529768145166903,52.9768145166903,0.0536253844943269,53.625384494326894,0.0521458333333333,52.1458333333333,52.1458333333333,52.1458333333333,52.1458333333333,52.9768145166903,52.9768145166903,52.9768145166903,53.625384494326894,53.625384494326894,53.625384494326894,50.87312044683335,3.2473945339477988,-1.1437004640908484,2.1036940698569495,50.47222551532977,3.3705903133939352,-0.21743133439680662,3.1531589789971264,50.85730043913405,1.650915718049891,-0.3623828238506377,1.2885328941992498
2017-08-10,BJCO,6.385,2.45,30.7,2017,8,10,953,0.0525882276161357,52.5882276161357,0.0535902934971453,53.5902934971453,0.0525583333333333,52.558333333333294,52.558333333333294,52.558333333333294,52.558333333333294,52.5882276161357,52.5882276161357,52.5882276161357,53.5902934971453,53.5902934971453,53.5902934971453,50.87236534364922,3.1121785562197695,-1.3963162837332916,1.7158622724864756,50.471581939164665,6.348224524804411,-3.229512966823769,3.118711557980639,50.85566647139636,5.5067105737881645,-3.8040437118512287,1.7026668619369332
2017-08-11,BJCO,6.385,2.45,30.7,2017,8,11,954,0.0543616822150116,54.3616822150116,0.054370826884182,54.370826884182,0.0545083333333333,54.5083333333333,54.5083333333333,54.5083333333333,54.5083333333333,54.3616822150116,54.3616822150116,54.3616822150116,54.370826884182,54.370826884182,54.370826884182,50.87159965079721,3.608906355107383,-0.11882379089298922,3.49008256421439,50.47092644222739,4.787012841285659,-0.8871123993310448,3.899900441954614,50.85402893434824,4.502560646062486,-0.8482562470774297,3.6543043989850545
2017-08-12,BJCO,6.385,2.45,30.7,2017,8,12,955,0.0557711928969939,55.7711928969939,0.0541048950376067,54.1048950376067,0.0550791666666666,55.0791666666666,55.0791666666666,55.0791666666666,55.0791666666666,55.7711928969939,55.7711928969939,55.7711928969939,54.1048950376067,54.1048950376067,54.1048950376067,50.87082436246491,3.9012711997283547,0.9990973348006378,4.900368534528994,50.47025974227274,3.9811993169838833,-0.3465640216499182,3.6346352953339647,50.85238859660757,4.36469891717689,-0.13792084711785435,4.226778070059034
2017-08-13,BJCO,6.385,2.45,30.7,2017,8,13,956,0.0572579088796375,57.2579088796375,0.0555936303505058,55.593630350505805,0.0555166666666666,55.5166666666666,55.5166666666666,55.5166666666666,55.5166666666666,57.2579088796375,57.2579088796375,57.2579088796375,55.593630350505805,55.593630350505805,55.593630350505805,50.87004039814183,7.474940792031723,-1.0870723105360582,6.387868481495666,50.46958254315077,6.096270967848594,-0.9722231604935629,5.1240478073550335,50.85074619472216,5.821514824924016,-1.155594352979577,4.665920471944439
2017-08-14,BJCO,6.385,2.45,30.7,2017,8,14,957,0.0567212708108198,56.7212708108198,0.0574461724360865,57.4461724360865,0.0580416666666666,58.0416666666666,58.0416666666666,58.0416666666666,58.0416666666666,56.7212708108198,56.7212708108198,56.7212708108198,57.4461724360865,57.4461724360865,57.4461724360865,50.869248604091126,5.077009653945112,0.775012552783565,5.852022206728677,50.46889551675773,6.157364489660196,0.8199124296685696,6.977276919328766,50.84910246051125,5.811449464666893,1.3811147414884601,7.192564206155353
2017-08-15,BJCO,6.385,2.45,30.7,2017,8,15,958,0.0536496945346444,53.6496945346444,0.0533474390936893,53.3474390936893,0.0529208333333333,52.9208333333333,52.9208333333333,52.9208333333333,52.9208333333333,53.6496945346444,53.6496945346444,53.6496945346444,53.3474390936893,53.3474390936893,53.3474390936893,50.86844974956848,3.442418889207724,-0.6611741041318027,2.78124478507592,50.46819924453083,4.189967984667024,-1.3107281355085476,2.8792398491584734,50.84745809102809,3.465614186231796,-1.3922389439265856,2.073375242305211
2017-08-16,BJCO,6.385,2.45,30.7,2017,8,16,959,0.0559044008171834,55.9044008171834,0.05673070595696,56.73070595696,0.0581791666666666,58.1791666666666,58.1791666666666,58.1791666666666,58.1791666666666,55.9044008171834,55.9044008171834,55.9044008171834,56.73070595696,56.73070595696,56.73070595696,50.867644557050234,4.97571391561876,0.061042344514405045,5.036756260133167,50.4674941973426,4.7533307346795945,1.5098810249378047,6.263211759617398,50.845813709741634,4.243289185155837,3.090063771769131,7.333352956924969
2017-08-17,BJCO,6.385,2.45,30.7,2017,8,17,960,0.056270109243765,56.270109243765,0.0582681154682564,58.2681154682564,0.0585666666666666,58.5666666666666,58.5666666666666,58.5666666666666,58.5666666666666,56.270109243765,56.270109243765,56.270109243765,58.2681154682564,58.2681154682564,58.2681154682564,50.86683369434846,5.226374105543625,0.1769014438729144,5.403275549416541,50.46678078916297,6.083510614046153,1.7178240650472745,7.801334679093429,50.844169951169356,5.901592659025357,1.820904056471889,7.722496715497243
2017-08-18,BJCO,6.385,2.45,30.7,2017,8,18,961,0.0505070181653897,50.5070181653897,0.0536693781632124,53.6693781632124,0.0540791666666666,54.0791666666666,54.0791666666666,54.0791666666666,54.0791666666666,50.5070181653897,50.5070181653897,50.5070181653897,53.6693781632124,53.6693781632124,53.6693781632124,50.866017808828296,4.404789556990891,-4.7637892004294855,-0.3589996434385938,50.466059384505954,4.956521042600056,-1.7532022638936127,3.2033187787064463,50.8425274426741,4.835928334939166,-1.599289110946664,3.236639223992505
2017-08-19,BJCO,6.385,2.45,30.7,2017,8,19,962,0.0414517001217225,41.4517001217225,0.0423579082140255,42.3579082140255,0.0429166666666666,42.9166666666666,42.9166666666666,42.9166666666666,42.9166666666666,50.6639849831994,41.4517001217225,41.4517001217225,52.617879696348496,42.3579082140255,42.3579082140255,50.86519750113071,3.24422591396001,-3.4454384318913185,-0.20121251793131023,50.46533028764533,5.07263899122777,-2.9200895825246036,2.152549408703166,50.84088677345477,-3.732374614611881,-4.1918454921762915,-7.9242201067881695
2017-08-20,BJCO,6.385,2.45,30.7,2017,8,20,963,0.0450609893492675,45.0609893492675,0.0448628453803057,44.8628453803057,0.0456,45.6,45.6,45.6,45.6,50.6639849831994,45.0609893492675,45.0609893492675,51.5262226928852,44.8628453803057,44.8628453803057,50.864373390762566,4.008604901769215,-4.208993309332385,-0.20038840756316745,50.464593755336296,4.12384705552101,-3.062218117972108,1.0616289375489032,50.83924850963036,-4.341487831066265,-0.8977606785640901,-5.239248509630357
2017-08-21,BJCO,6.385,2.45,30.7,2017,8,21,964,0.0506639849831994,50.6639849831994,0.0514250793799672,51.4250793799672,0.0521541666666666,52.1541666666666,52.1541666666666,52.1541666666666,52.1541666666666,50.6639849831994,50.6639849831994,50.6639849831994,51.4250793799672,51.4250793799672,51.4250793799672,50.8635461339336,6.478356193738332,-6.67791734447254,-0.19956115073420477,50.46385000398453,6.102898328387876,-5.141668952405205,0.9612293759826684,50.837613188092476,5.5029369770535075,-4.186383498479387,1.3165534785741215
2017-08-22,BJCO,6.385,2.45,30.7,2017,8,22,965,0.0519862826359056,51.9862826359056,0.0526178796963485,52.617879696348496,0.0530791666666666,53.0791666666666,53.0791666666666,53.0791666666666,53.0791666666666,51.9862826359056,51.9862826359056,51.9862826359056,52.617879696348496,52.617879696348496,52.617879696348496,50.862716338832165,-4.83393012125491,5.957496418328347,1.1235662970734381,50.46309919176096,-9.334994971382613,11.489775475970148,2.154780504587535,50.83598130254312,-6.695570289406313,8.938755653529796,2.243185364123484
2017-08-23,BJCO,6.385,2.45,30.7,2017,8,23,966,0.0507921547749014,50.7921547749014,0.0515262226928852,51.5262226928852,0.0513958333333333,51.3958333333333,51.3958333333333,51.3958333333333,51.3958333333333,50.7921547749014,50.7921547749014,50.7921547749014,51.5262226928852,51.5262226928852,51.5262226928852,50.86188452915145,-6.480244294440748,6.41051454019069,-0.06972975425005501,50.462341418736564,-9.31075462474469,10.374635898893324,1.0638812741486348,50.83435330160031,-8.791030340184951,9.352510371917944,0.5614800317329909
2017-08-24,BJCO,6.385,2.45,30.7,2017,8,24,967,0.0528358246368411,52.835824636841096,0.0525999605820427,52.5999605820427,0.0535625,53.5625,53.5625,53.5625,53.5625,52.835824636841096,52.835824636841096,52.835824636841096,52.5999605820427,52.5999605820427,52.5999605820427,50.86105117851246,-9.788150297656424,11.762923755985057,1.9747734583286345,50.46157671600866,-8.166777967265306,10.305161833299344,2.13838386603404,50.83272958716918,-6.300911810076908,9.030682222907728,2.729770412830817
2017-08-25,BJCO,6.385,2.45,30.7,2017,8,25,968,0.0562291903747975,56.2291903747975,0.0558300849600613,55.830084960061306,0.0578958333333333,57.8958333333333,57.8958333333333,57.8958333333333,57.8958333333333,56.2291903747975,56.2291903747975,56.2291903747975,55.830084960061306,55.830084960061306,55.830084960061306,50.86021676017568,-9.35401513184128,14.722988746463095,5.368973614621815,50.460805093038516,-7.262253286956215,12.631533153979007,5.36927986702279,50.83111058244886,-7.480686700849683,14.54540945173413,7.064722750884442
2017-08-26,BJCO,6.385,2.45,30.7,2017,8,26,969,0.0580536367859924,58.0536367859924,0.0575686112274843,57.568611227484304,0.0578083333333333,57.8083333333333,57.8083333333333,57.8083333333333,57.8083333333333,58.0536367859924,58.0536367859924,58.0536367859924,57.568611227484304,57.568611227484304,57.568611227484304,50.85938174895604,-12.114347842600456,19.308602879636823,7.194255037036363,50.46002656839313,-9.391791135625303,16.500375794716476,7.108584659091171,50.82949671667845,-9.393946200378602,16.372782817033453,6.978836616654853
2017-08-27,BJCO,6.385,2.45,30.7,2017,8,27,970,0.0546011875051386,54.6011875051386,0.0552468987161186,55.2468987161186,0.0540083333333333,54.0083333333333,54.0083333333333,54.0083333333333,54.0083333333333,54.6011875051386,54.6011875051386,54.6011875051386,55.2468987161186,55.2468987161186,55.2468987161186,50.85854658342596,-12.541819280274753,16.284460201987386,3.742640921712635,50.45924115554377,-12.47455984881288,17.26221740938771,4.787657560574829,50.827888402317654,-10.14944636920855,13.32989130022419,3.180444931015643
2017-08-28,BJCO,6.385,2.45,30.7,2017,8,28,971,0.0544617020928852,54.4617020928852,0.0555675722691564,55.5675722691564,0.0555458333333333,55.5458333333333,55.5458333333333,55.5458333333333,55.5458333333333,54.4617020928852,54.4617020928852,54.4617020928852,55.5675722691564,55.5675722691564,55.5675722691564,50.8577115958192,-10.442073649451471,14.046064146517466,3.6039904970660004,50.4584488056877,-10.524897602461838,15.634021065930533,5.109123463468698,50.82628600107502,-8.030734155974159,12.750281488232439,4.71954733225828
2017-08-29,BJCO,6.385,2.45,30.7,2017,8,29,972,0.0574971043037882,57.497104303788205,0.0572455647221415,57.245564722141495,0.0571125,57.1125,57.1125,57.1125,57.1125,57.497104303788205,57.497104303788205,57.497104303788205,57.245564722141495,57.245564722141495,57.245564722141495,50.85687701654656,-7.50029616528431,14.140523452525954,6.640227287241643,50.457649372393135,-7.622435101864674,14.410350451613041,6.78791534974836,50.82468980229706,-6.858011433321589,13.145821631024525,6.287810197702939
2017-08-30,BJCO,6.385,2.45,30.7,2017,8,30,973,0.0554658980130714,55.4658980130714,0.0540462092812949,54.0462092812949,0.0557041666666666,55.7041666666666,55.7041666666666,55.7041666666666,55.7041666666666,55.4658980130714,55.4658980130714,55.4658980130714,54.0462092812949,54.0462092812949,54.0462092812949,50.85604303466271,-7.006257733224025,11.616112711632717,4.609854978408691,50.45684264087044,-7.449279516489374,11.038646156913835,3.5893666404244584,50.82310005877536,-6.64628561803189,11.527352225923131,4.881066607891242
2017-09-01,BJCO,6.385,2.45,30.7,2017,9,1,975,0.048681142500865,48.681142500865,0.0517665330588134,51.7665330588134,0.0502583333333333,50.2583333333333,50.2583333333333,50.2583333333333,50.2583333333333,48.681142500865,48.681142500865,48.681142500865,51.7665330588134,51.7665330588134,51.7665330588134,50.85437739871329,-3.6685305660930765,1.4952956682447862,-2.173234897848289,50.45520621533204,-5.230353110439812,6.541679953921175,1.3113268434813605,50.819940737980325,-4.3227082924957685,3.761100887848741,-0.5616074046470274
2017-09-02,BJCO,6.385,2.45,30.7,2017,9,2,976,0.0473801532624524,47.3801532624524,0.0504314752875421,50.4314752875421,0.0497291666666666,49.7291666666666,49.7291666666666,49.7291666666666,49.7291666666666,47.3801532624524,47.3801532624524,47.3801532624524,50.4314752875421,50.4314752875421,50.4314752875421,50.8535459059737,-5.3879586416685825,1.914565998147289,-3.4733926435212936,50.45437586142913,-4.576298365748227,4.553397791861201,-0.022900573887028486,50.818371409443536,-3.7550309305835303,2.6658261878065943,-1.0892047427769356
2017-09-03,BJCO,6.385,2.45,30.7,2017,9,3,977,0.0524991009164486,52.4991009164486,0.053772255317097,53.772255317097,0.0523125,52.3125,52.3125,52.3125,52.3125,52.4991009164486,52.4991009164486,52.4991009164486,53.772255317097,53.772255317097,53.772255317097,50.85271534177769,-8.761629948518237,10.408015523189142,1.6463855746709086,50.45353689792372,-9.4046725344249,12.723390953598177,3.3187184191732797,50.81680903830442,-7.50692986690263,9.00262082859821,1.4956909616955798
2017-09-04,BJCO,6.385,2.45,30.7,2017,9,4,978,0.0521693984947645,52.1693984947645,0.0520265025304284,52.0265025304284,0.0512916666666666,51.29166666666659,51.29166666666659,51.29166666666659,51.29166666666659,52.1693984947645,52.1693984947645,52.1693984947645,52.0265025304284,52.0265025304284,52.0265025304284,50.85188566591682,-2.410670330390357,3.7281831592380428,1.3175128288476827,50.45268890581693,-2.3468449789223285,3.920658603533802,1.573813624611475,50.81525364340026,-2.0582439718330994,2.534656995099432,0.47641302326633195
2017-09-05,BJCO,6.385,2.45,30.7,2017,9,5,979,0.0487494038443728,48.7494038443728,0.0491541701637775,49.1541701637775,0.0480875,48.0875,48.0875,48.0875,48.0875,48.7494038443728,48.7494038443728,48.7494038443728,49.1541701637775,49.1541701637775,49.1541701637775,50.85105682410855,-2.3759056780351777,0.2742526982994278,-2.1016529797357464,50.451831487617895,-2.325203790755652,1.027542466915257,-1.2976613238403942,50.81370525596941,-2.092991151359779,-0.6332141046096353,-2.726205255969411
2017-09-06,BJCO,6.385,2.45,30.7,2017,9,6,980,0.0535724759732596,53.5724759732596,0.0522804615739498,52.2804615739498,0.0531708333333333,53.1708333333333,53.1708333333333,53.1708333333333,53.1708333333333,53.5724759732596,53.5724759732596,53.5724759732596,52.2804615739498,52.2804615739498,52.2804615739498,50.85022871753607,-6.519869203862887,9.24211645958642,2.7222472557235307,50.450964257693514,-4.484941566477482,6.314438882733768,1.8294973162562869,50.81216391833494,-4.75583374704986,7.114503162048223,2.35866941499836
2017-09-07,BJCO,6.385,2.45,30.7,2017,9,7,981,0.0605080985735029,60.5080985735029,0.0587484306059014,58.748430605901405,0.060725,60.725,51.5083333333333,60.725,60.725,53.5724759732596,60.5080985735029,60.5080985735029,52.2804615739498,58.748430605901405,58.748430605901405,50.84940114435445,-6.3698445705775475,9.092919399482696,2.7230748289051476,50.45008677231736,-7.083961893572257,8.914336695204696,1.8303748016324377,50.81062962233018,-5.134673796440875,5.832377507443994,0.6977037110031148
2017-09-08,BJCO,6.385,2.45,30.7,2017,9,8,982,0.0542417177929779,54.2417177929779,0.0535375822484785,53.5375822484785,0.0513875,51.3875,51.3875,51.3875,51.3875,54.2417177929779,54.2417177929779,54.2417177929779,53.5375822484785,53.5375822484785,53.5375822484785,50.84857380784745,-2.5354912391352844,5.928635224265733,3.3931439851304503,50.44919850714834,-1.7012466527109664,4.789630394041126,3.088383741330162,50.80910227358411,-2.1143748467053443,2.692772573121239,0.5783977264158935
2017-09-09,BJCO,6.385,2.45,30.7,2017,9,9,983,0.0520612193051519,52.0612193051519,0.0514544738201127,51.4544738201127,0.0515083333333333,51.5083333333333,51.5083333333333,51.5083333333333,51.5083333333333,52.0612193051519,52.0612193051519,52.0612193051519,51.4544738201127,51.4544738201127,51.4544738201127,50.84774631390289,-3.8569277710000693,5.070400762249079,1.213472991249013,50.448298871042056,-4.512347261434795,5.518522210505445,1.0061749490706475,50.80758169727472,-1.9442433393938128,2.6449949754523914,0.7007516360585768
2017-09-10,BJCO,6.385,2.45,30.7,2017,9,10,984,0.0544366591768636,54.4366591768636,0.0528860140022949,52.8860140022949,0.0518541666666666,51.8541666666666,51.8541666666666,51.8541666666666,51.8541666666666,54.4366591768636,54.4366591768636,54.4366591768636,52.8860140022949,52.8860140022949,52.8860140022949,50.846918183613724,-5.489483666257606,9.079224659507481,3.589740993249876,50.4473872702526,-7.017493083361714,9.456119815404016,2.4386267320423016,50.80606768397286,-6.577603765186858,7.625702747880595,1.0480989826937375
2017-09-11,BJCO,6.385,2.45,30.7,2017,9,11,985,0.0574046410288999,57.4046410288999,0.0574240486346281,57.4240486346281,0.0581375,58.1375,58.1375,58.1375,58.1375,54.2417177929779,57.4046410288999,57.4046410288999,57.4240486346281,57.4240486346281,57.4240486346281,50.8460889180779,-0.7654760670920827,4.161104941992079,3.395628874899998,50.44646313590787,-3.68193160337343,10.659517102093659,6.977585498720231,50.804560016648665,-3.3511226558770177,10.684062639228358,7.332939983351338
2017-09-12,BJCO,6.385,2.45,30.7,2017,9,12,986,0.0555462200699236,55.5462200699236,0.0568115965182898,56.8115965182898,0.0576666666666666,57.6666666666666,57.6666666666666,57.6666666666666,57.6666666666666,55.5462200699236,55.5462200699236,55.5462200699236,56.8115965182898,56.8115965182898,56.8115965182898,50.8452580094425,1.2808372720763916,3.4201247884047064,4.700962060481096,50.445525913866966,-2.99246467822317,9.358535282646002,6.366070604422831,50.803058457570486,1.2219048164647326,5.641703392631385,6.863608209096114
2017-09-13,BJCO,6.385,2.45,30.7,2017,9,13,987,0.0536397333114861,53.6397333114861,0.0539233440159597,53.9233440159597,0.0537166666666666,53.7166666666666,53.7166666666666,53.7166666666666,53.7166666666666,53.6397333114861,53.6397333114861,53.6397333114861,53.9233440159597,53.9233440159597,53.9233440159597,50.84442492572747,-0.5015141541020349,3.2968225398606563,2.7953083857586236,50.4445750563109,-1.2668539295370986,4.745622889185896,3.4787689596487965,50.80156274758107,-0.14824307148958601,3.0633469905751127,2.9151039190855244
2017-09-14,BJCO,6.385,2.45,30.7,2017,9,14,988,0.0538886016543201,53.8886016543201,0.0544842679638571,54.4842679638571,0.0547208333333333,54.7208333333333,54.7208333333333,54.7208333333333,54.7208333333333,53.8886016543201,53.8886016543201,53.8886016543201,54.4842679638571,54.4842679638571,54.4842679638571,50.843589118193734,0.5158210247848382,2.529191511341523,3.0450125361263645,50.44361002421601,-3.851219500452176,7.891877440093268,4.040657939641093,50.800072600791985,-3.044567878910741,6.965328611452058,3.920760732541318
2017-09-15,BJCO,6.385,2.45,30.7,2017,9,15,989,0.0498228001681333,49.8228001681333,0.0516570766041333,51.6570766041333,0.0514625,51.4625,51.4625,51.4625,51.4625,49.8228001681333,49.8228001681333,49.8228001681333,51.6570766041333,51.6570766041333,51.6570766041333,50.84274999220065,0.6460456305700184,-1.6659954546373683,-1.0199498240673535,50.44263026132223,0.9592999996363459,0.2551463431747294,1.2144463428110726,50.798587695283025,1.3508484561083114,-0.6869361513913361,0.6639123047169733
2017-09-16,BJCO,6.385,2.45,30.7,2017,9,16,990,0.0500155884178201,50.0155884178201,0.050464524309244,50.464524309244005,0.0514958333333333,51.4958333333333,51.4958333333333,51.4958333333333,51.4958333333333,50.0155884178201,50.0155884178201,50.0155884178201,50.464524309244005,50.464524309244005,50.464524309244005,50.8419068696833,1.189801795603033,-2.016120247466233,-0.8263184518632016,50.44163516412871,0.6886563437851851,-0.6657671986698901,0.022889145115293275,50.79710765703172,1.2183650885132737,-0.5196394122116885,0.698725676301585
2017-09-17,BJCO,6.385,2.45,30.7,2017,9,17,991,0.0498612791414579,49.8612791414579,0.0499355334173321,49.935533417332095,0.0508916666666666,50.8916666666666,50.8916666666666,50.8916666666666,50.8916666666666,49.8612791414579,49.8612791414579,49.8612791414579,49.935533417332095,49.935533417332095,49.935533417332095,50.84105900676862,-0.25588063155139434,-0.723899233759326,-0.9797798653107179,50.44062407543524,0.21251194094224524,-0.7176025990453851,-0.5050906581031427,50.79563206164012,0.30333801609725247,-0.2073034110707681,0.09603460502648176
2017-09-18,BJCO,6.385,2.45,30.7,2017,9,18,992,0.0536033974115125,53.6033974115125,0.0520889666349579,52.0889666349579,0.0530416666666666,53.0416666666666,53.0416666666666,53.0416666666666,53.0416666666666,53.6033974115125,53.6033974115125,53.6033974115125,52.0889666349579,52.0889666349579,52.0889666349579,50.84020558770366,-0.13306185392842002,2.8962536777372634,2.763191823808846,50.43959631808219,-0.8109387717390149,2.4603090886147285,1.6493703168757108,50.7941604585713,-1.2357983865079867,3.4833045946032897,2.2475062080953023
2017-09-19,BJCO,6.385,2.45,30.7,2017,9,19,993,0.0552714182442784,55.2714182442784,0.0557238949898519,55.7238949898519,0.0545083333333333,54.5083333333333,54.5083333333333,54.5083333333333,54.5083333333333,55.2714182442784,55.2714182442784,55.2714182442784,55.7238949898519,55.7238949898519,55.7238949898519,50.8393457431382,0.6447050093369604,3.787367491803238,4.432072501140198,50.43855124960065,-2.8105809478032118,8.09592468805446,5.28534374025125,50.792692367132,-1.4879372065089425,5.203578172710245,3.715640966201299
2017-09-20,BJCO,6.385,2.45,30.7,2017,9,20,994,0.048411244830464,48.411244830464,0.0477855529457164,47.7855529457164,0.0458666666666666,45.8666666666666,45.8666666666666,45.8666666666666,45.8666666666666,48.411244830464,48.411244830464,48.411244830464,47.7855529457164,47.7855529457164,47.7855529457164,50.8384785879906,-1.617852376280323,-0.8093813812462756,-2.4272337575266008,50.437488258762485,-2.3481860826172887,-0.3037492304287994,-2.6519353130460885,50.79122724997152,-2.8205312791452,-2.1040293041597167,-4.924560583304917
2017-09-21,BJCO,6.385,2.45,30.7,2017,9,21,995,0.0486172395258983,48.6172395258983,0.0490054828930756,49.0054828930756,0.0493041666666666,49.3041666666666,49.3041666666666,49.3041666666666,49.3041666666666,48.6172395258983,48.6172395258983,48.6172395258983,49.0054828930756,49.0054828930756,49.0054828930756,50.83760320688318,1.1747906242536148,-3.395154305238499,-2.2203636809848817,50.43640673849924,0.03502582826327542,-1.4659496736869073,-1.430923845423635,50.78976451718068,0.5243656246764453,-2.009963475190524,-1.4855978505140754
2017-09-22,BJCO,6.385,2.45,30.7,2017,9,22,996,0.0508682754148152,50.8682754148152,0.049970614188713,49.970614188713,0.0494458333333333,49.4458333333333,49.4458333333333,49.4458333333333,49.4458333333333,50.8682754148152,50.8682754148152,50.8682754148152,49.970614188713,49.970614188713,49.970614188713,50.83671864298175,4.159320597929501,-4.12776382609605,0.031556771833450625,50.43530607134617,3.0585402619431847,-3.5232321445763546,-0.4646918826331685,50.78830354914714,3.0544966230197,-4.396966838833542,-1.3424702158138402
2017-09-23,BJCO,6.385,2.45,30.7,2017,9,23,997,0.0549883825042998,54.9883825042998,0.0527523489040721,52.7523489040721,0.0541458333333333,54.1458333333333,54.1458333333333,54.1458333333333,54.1458333333333,54.9883825042998,54.9883825042998,54.9883825042998,52.7523489040721,52.7523489040721,52.7523489040721,50.83582390711394,4.7548950616395445,-0.6023364644536855,4.152558597185859,50.434185644583614,2.848184645604708,-0.5300213861162248,2.318163259488486,50.78684372304212,3.141409300065851,0.21758031022532975,3.3589896102911823
2017-09-24,BJCO,6.385,2.45,30.7,2017,9,24,998,0.0573587922140142,57.3587922140142,0.0570207578519039,57.0207578519039,0.0575749999999999,57.574999999999896,57.574999999999896,57.574999999999896,57.574999999999896,57.3587922140142,57.3587922140142,57.3587922140142,57.0207578519039,57.0207578519039,57.0207578519039,50.83491798755966,4.75284131547681,1.7710329109777305,6.523874226454538,50.4330448414909,2.0751059489776424,4.512607061435361,6.587713010413005,50.78538441119185,1.733200828384083,5.056414760423962,6.789615588808047
2017-09-25,BJCO,6.385,2.45,30.7,2017,9,25,999,0.0566488071009182,56.6488071009182,0.0560951948207106,56.0951948207106,0.0561375,56.1375,56.1375,56.1375,56.1375,56.6488071009182,56.6488071009182,56.6488071009182,56.0951948207106,56.0951948207106,56.0951948207106,50.83399982643833,3.951989211427654,1.8628180630522166,5.814807274479868,50.4318829810494,4.193903040282674,1.4694087993785274,5.663311839661205,50.783924946567204,4.835317225207118,0.5182578282256785,5.353575053432799
2017-09-26,BJCO,6.385,2.45,30.7,2017,9,26,1000,0.0555725526784231,55.5725526784231,0.0590533805559963,59.0533805559963,0.0590833333333333,59.0833333333333,59.0833333333333,59.0833333333333,59.0833333333333,55.5725526784231,55.5725526784231,55.5725526784231,59.0533805559963,59.0533805559963,59.0533805559963,50.833068312258476,3.72404588660181,1.0154384795628175,4.739484366164625,50.43069930671658,4.12134045794165,4.501340791338066,8.622681249279715,50.782464619550574,4.351441969297859,3.9494267444848674,8.300868713782727
2017-09-27,BJCO,6.385,2.45,30.7,2017,9,27,1001,0.0536889629413375,53.6889629413375,0.055815728850172,55.815728850172,0.0549083333333333,54.9083333333333,54.9083333333333,54.9083333333333,54.9083333333333,53.6889629413375,53.6889629413375,53.6889629413375,55.815728850172,55.815728850172,55.815728850172,50.832122317314976,2.9129365736454647,-0.05609594962294295,2.8568406240225244,50.42949304659545,4.232329189029416,1.1539066145471395,5.386235803576554,50.7810027045143,3.123109652431999,1.0042209763870034,4.127330628819003
2017-09-28,BJCO,6.385,2.45,30.7,2017,9,28,1002,0.056595283005563,56.595283005563,0.05737692711936,57.376927119360005,0.0564041666666666,56.404166666666605,56.404166666666605,56.404166666666605,56.404166666666605,56.595283005563,56.595283005563,56.595283005563,57.376927119360005,57.376927119360005,57.376927119360005,50.83116068876047,3.9567565197932013,1.807365797009325,5.764122316802528,50.4282634458581,3.895302205791181,3.0533614677107224,6.948663673501905,50.77953847091924,3.173801511131495,2.450826684615869,5.624628195747363
2017-09-29,BJCO,6.385,2.45,30.7,2017,9,29,1003,0.0571487857650731,57.1487857650731,0.0571976295306075,57.1976295306075,0.0560041666666666,56.0041666666666,56.0041666666666,56.0041666666666,56.0041666666666,57.1487857650731,57.1487857650731,57.1487857650731,57.1976295306075,57.1976295306075,57.1976295306075,50.830182234786214,5.385464690424639,0.9331388398622451,6.318603530286886,50.42700973609065,4.2037912460318445,2.566828548485006,6.770619794516847,50.77807118219,3.8588968087355755,1.3671986757410295,5.226095484476602
2017-09-30,BJCO,6.385,2.45,30.7,2017,9,30,1004,0.0521039852362692,52.1039852362692,0.0515575184757572,51.5575184757572,0.0520249999999999,52.0249999999999,52.0249999999999,52.0249999999999,52.0249999999999,52.1039852362692,52.1039852362692,52.1039852362692,51.5575184757572,51.5575184757572,51.5575184757572,50.82918568914107,3.6693228443578985,-2.3945232972297674,1.2747995471281328,50.425731084499596,3.583357266211996,-2.4515698749543944,1.1317873912576033,50.77660008228608,3.3704830774819596,-2.122083159768138,1.2483999177138188
2017-10-01,BJCO,6.385,2.45,30.7,2017,10,1,1005,0.0534568252793291,53.4568252793291,0.0539559202865428,53.9559202865428,0.0526875,52.6875,52.6875,52.6875,52.6875,53.4568252793291,53.4568252793291,53.4568252793291,53.9559202865428,53.9559202865428,53.9559202865428,50.82816971130674,4.804900517075909,-2.1762449490535474,2.62865556802236,50.424426584587856,3.932670166343204,-0.40117646438826426,3.5314937019549433,50.77512439809187,2.9021419728303828,-0.9897663709222542,1.9123756019081313
2017-10-02,BJCO,6.385,2.45,30.7,2017,10,2,1006,0.0485402152015695,48.5402152015695,0.0518378006814342,51.8378006814342,0.05105,51.05,51.05,51.05,51.05,48.5402152015695,48.5402152015695,48.5402152015695,51.8378006814342,51.8378006814342,51.8378006814342,50.827132915884086,3.2762834385039135,-5.5632011528185,-2.2869177143145833,50.42309531997447,2.4895624091396935,-1.0748570476799628,1.4147053614597311,50.77364335610865,1.8538529723080555,-1.5774963284167072,0.2763566438913472
2017-10-03,BJCO,6.385,2.45,30.7,2017,10,3,1007,0.0496383284434851,49.6383284434851,0.0507679486845649,50.7679486845649,0.0514833333333333,51.4833333333333,51.4833333333333,51.4833333333333,51.4833333333333,53.4568252793291,49.6383284434851,49.6383284434851,50.7679486845649,50.7679486845649,50.7679486845649,50.826073893447806,3.288582079866664,-0.6578306939853675,2.6307513858812968,50.421736381300796,0.8184604392387438,-0.4722481359746382,0.3462123032641031,50.77215615391572,0.8306443009715719,-0.11946712155398842,0.7111771794175823
2017-10-04,BJCO,6.385,2.45,30.7,2017,10,4,1008,0.0549570355523621,54.9570355523621,0.053659527064376,53.659527064376,0.0538416666666666,53.8416666666666,53.8416666666666,53.8416666666666,53.8416666666666,54.9570355523621,54.9570355523621,54.9570355523621,53.659527064376,53.659527064376,53.659527064376,50.82499126237285,4.642060194209282,-0.5100159042200261,4.132044289989253,50.420348864234136,4.635337312751982,-1.396159112610114,3.2391782001418647,50.77066197763366,4.263637476376859,-1.1926327873439178,3.0710046890329394
2017-10-05,BJCO,6.385,2.45,30.7,2017,10,5,1009,0.0568715893673357,56.871589367335694,0.0545983100443363,54.5983100443363,0.0579083333333333,57.908333333333296,57.908333333333296,57.908333333333296,57.908333333333296,56.871589367335694,56.871589367335694,56.871589367335694,54.5983100443363,54.5983100443363,54.5983100443363,50.82388365822174,2.329350997836359,3.7183547112775983,6.047705709113956,50.418931868763785,3.227220494812733,0.9521576807597825,4.179378175572516,50.7691600160739,3.5136483786252564,3.6255249386341433,7.139173317259399
2017-10-06,BJCO,6.385,2.45,30.7,2017,10,6,1010,0.0562038339347533,56.2038339347533,0.0555515710534146,55.5515710534146,0.0550166666666666,55.0166666666666,55.0166666666666,55.0166666666666,55.0166666666666,56.2038339347533,56.2038339347533,56.2038339347533,55.5515710534146,55.5515710534146,55.5515710534146,50.82274973868673,1.5836142331406713,3.797469962925895,5.381084196066567,50.41748451268389,2.0976114492200404,3.036475091510667,5.134086540730706,50.76764945378272,1.8160007520170982,2.4330164608667886,4.249017212883885
2017-10-07,BJCO,6.385,2.45,30.7,2017,10,7,1011,0.0566275754668761,56.6275754668761,0.056942878552154,56.942878552154,0.0578791666666666,57.8791666666666,57.8791666666666,57.8791666666666,57.8791666666666,56.6275754668761,56.6275754668761,56.6275754668761,56.942878552154,56.942878552154,56.942878552154,50.82158820416386,2.5175665033655865,3.288420759346657,5.805987262712243,50.41600595196262,1.4547196116057968,5.072152988585586,6.526872600191382,50.7661294870614,0.005403981946609425,7.107633197658593,7.1130371796052
2017-10-08,BJCO,6.385,2.45,30.7,2017,10,8,1012,0.0588189194076034,58.8189194076034,0.0581874101074745,58.187410107474506,0.0585874999999999,58.5874999999999,58.5874999999999,58.5874999999999,58.5874999999999,58.8189194076034,58.8189194076034,58.8189194076034,58.187410107474506,58.187410107474506,58.187410107474506,50.820397792285746,0.18552872356325345,7.812992891754405,7.998521615317657,50.414495383334646,1.9822291027161607,5.790685621423698,7.772914724139859,50.76459932924294,0.4041076240628248,7.418793046694134,7.822900670756958
2017-10-09,BJCO,6.385,2.45,30.7,2017,10,9,1013,0.0554143685421102,55.4143685421102,0.0540932074977999,54.0932074977999,0.0524875,52.4875,52.4875,52.4875,52.4875,55.4143685421102,55.4143685421102,55.4143685421102,54.0932074977999,54.0932074977999,54.0932074977999,50.819177265979896,2.9130622138197277,1.6821290623105796,4.595191276130308,50.412952020074506,1.6579641711841342,2.0222913065412627,3.680255477725396,50.763058193830176,1.2656022667232387,0.4588395394465792,1.7244418061698212
2017-10-10,BJCO,6.385,2.45,30.7,2017,10,10,1014,0.0539552383164327,53.95523831643271,0.0526192477816452,52.6192477816452,0.0539166666666666,53.9166666666666,53.9166666666666,53.9166666666666,53.9166666666666,53.95523831643271,53.95523831643271,53.95523831643271,52.6192477816452,52.6192477816452,52.6192477816452,50.8179254010189,3.1124905792192874,0.024822336194525008,3.1373129154138155,50.41137506137471,2.33211437475761,-0.12424165448712188,2.207872720270487,50.76150527735421,2.3556491692197365,0.7995122200926517,3.15516138931239
2017-10-11,BJCO,6.385,2.45,30.7,2017,10,11,1015,0.0546678099614752,54.6678099614752,0.0542972677425422,54.2972677425422,0.0535708333333333,53.5708333333333,53.5708333333333,53.5708333333333,53.5708333333333,54.6678099614752,54.6678099614752,54.6678099614752,54.2972677425422,54.2972677425422,54.2972677425422,50.81664097893653,1.936306934577768,1.9148620479609022,3.851168982538667,50.40976369154228,2.661731687210849,1.2257723637890763,3.8875040509999224,50.75993975601751,1.7860391118701406,1.0248544654456495,2.810893577315788
2017-10-12,BJCO,6.385,2.45,30.7,2017,10,12,1016,0.055718211671287,55.718211671287,0.054281541908784,54.281541908784,0.0545666666666666,54.5666666666666,54.5666666666666,54.5666666666666,54.5666666666666,55.718211671287,55.718211671287,55.718211671287,54.281541908784,54.281541908784,54.281541908784,50.815322811870324,-4.156636888085911,9.05952574750259,4.902888859416677,50.408117110933766,-5.2648576851774145,9.138282483027645,3.873424797850234,50.75836081443203,-5.422454858599206,9.23076071083377,3.808305852234568
2017-10-13,BJCO,6.385,2.45,30.7,2017,10,13,1017,0.0565282632776305,56.5282632776305,0.055249464441892,55.249464441892,0.0543541666666666,54.3541666666666,54.3541666666666,54.3541666666666,54.3541666666666,56.5282632776305,56.5282632776305,56.5282632776305,55.249464441892,55.249464441892,55.249464441892,50.81396974772465,-7.8766735880862235,13.590967117992072,5.714293529905852,50.40643454766056,-5.714475216692046,10.557505110923486,4.843029894231442,50.75676765224438,-5.798062079598949,9.395461094021172,3.5973990144222228
2017-10-14,BJCO,6.385,2.45,30.7,2017,10,14,1018,0.0538898238884068,53.8898238884068,0.0547362610638155,54.73626106381551,0.0529583333333333,52.9583333333333,52.9583333333333,52.9583333333333,52.9583333333333,53.8898238884068,53.8898238884068,53.8898238884068,54.73626106381551,54.73626106381551,54.73626106381551,50.812580677245336,-3.35910927255788,6.436352483719347,3.0772432111614663,50.40471526330762,-5.720895721861072,10.052441522368959,4.3315458005078895,50.755159502771185,-2.7203858237334058,4.923559654295524,2.2031738305621147
2017-10-15,BJCO,6.385,2.45,30.7,2017,10,15,1019,0.0512259595520187,51.2259595520187,0.0492982601450448,49.2982601450448,0.049925,49.925,49.925,49.925,49.925,51.2259595520187,51.2259595520187,51.2259595520187,54.7140337325003,49.2982601450448,49.2982601450448,50.81115452913002,-2.62925811083499,3.044063133723668,0.4148050228886788,50.4029585657841,-4.35081434456147,8.661889511277671,4.311075166716201,50.75353563999551,-2.932271125243088,2.103735485247576,-0.8285356399955148
2017-10-16,BJCO,6.385,2.45,30.7,2017,10,16,1020,0.0542836499684217,54.2836499684217,0.0528704828289905,52.8704828289905,0.0525249999999999,52.5249999999999,52.5249999999999,52.5249999999999,52.5249999999999,54.2836499684217,54.2836499684217,54.2836499684217,52.8704828289905,52.8704828289905,52.8704828289905,50.809690274044776,-0.042420608885626813,3.516380303262551,3.473959694376923,50.40116381985323,-1.7745002045286538,4.2438192136659225,2.4693190091372657,50.75189539538881,-1.089530187194166,2.862634791805256,1.7731046046110919
2017-10-17,BJCO,6.385,2.45,30.7,2017,10,17,1021,0.0555102672198463,55.51026721984631,0.0547140337325003,54.7140337325003,0.0541958333333333,54.1958333333333,54.1958333333333,54.1958333333333,54.1958333333333,55.51026721984631,55.51026721984631,55.51026721984631,54.7140337325003,54.7140337325003,54.7140337325003,50.808186919306756,-2.723383016505202,7.425463317044759,4.702080300539556,50.39933043270131,0.08581894978263352,4.228884350016351,4.314703299798985,50.75023813211192,0.9291798288283255,2.5164153723930553,3.44559520122138
2017-10-18,BJCO,6.385,2.45,30.7,2017,10,18,1022,0.0533251866163029,53.3251866163029,0.0550001661496708,55.0001661496708,0.0552083333333333,55.2083333333333,55.2083333333333,55.2083333333333,55.2083333333333,53.3251866163029,53.3251866163029,53.3251866163029,55.0001661496708,55.0001661496708,55.0001661496708,50.80664350965943,-8.336590093132004,10.855133199775473,2.5185431066434703,50.39745783308014,-2.0026458937650915,6.605354210355749,4.6027083165906575,50.74856322293186,-5.572902013254574,10.03267212365602,4.459770110401443
2017-10-19,BJCO,6.385,2.45,30.7,2017,10,19,1023,0.053327838811248,53.327838811248,0.0535852067718605,53.585206771860506,0.0533208333333333,53.3208333333333,53.3208333333333,53.3208333333333,53.3208333333333,53.327838811248,53.327838811248,53.327838811248,53.585206771860506,53.585206771860506,53.585206771860506,50.80505906554434,-2.4896870909209374,5.012466836624597,2.5227797457036587,50.39554545476074,-1.5891759785498325,4.778837295649595,3.1896613170997625,50.74687004628422,-2.1026831931867678,4.676646480235846,2.573963287049075
2017-10-20,BJCO,6.385,2.45,30.7,2017,10,20,1024,0.0527839208314464,52.7839208314464,0.0537701794726863,53.7701794726863,0.0530416666666666,53.0416666666666,53.0416666666666,53.0416666666666,53.0416666666666,52.7839208314464,52.7839208314464,52.7839208314464,53.7701794726863,53.7701794726863,53.7701794726863,50.803432585737355,0.43673989777537514,1.543748347933672,1.9804882457090471,50.39359274006779,1.3433582066763001,2.0332285259422136,3.376586732618513,50.74515800058257,0.39903527406670125,1.8974733920173321,2.29650866608403
2017-10-21,BJCO,6.385,2.45,30.7,2017,10,21,1025,0.04897521284709,48.97521284709,0.0476153458703664,47.6153458703664,0.0480041666666666,48.0041666666666,48.0041666666666,48.0041666666666,48.0041666666666,52.8706287007099,48.97521284709,48.97521284709,47.6153458703664,47.6153458703664,47.6153458703664,50.80176308798457,1.3859955077261397,0.6828701049991963,2.0688656127253324,50.391599136099096,0.19366065594304027,-2.96991392167574,-2.7762532657326986,50.74342649611624,-0.4810078183651002,-2.2582520110845437,-2.7392598294496437
2017-10-22,BJCO,6.385,2.45,30.7,2017,10,22,1026,0.0528706287007099,52.8706287007099,0.0518994011906362,51.8994011906362,0.05485,54.85,54.85,54.85,54.85,52.8706287007099,52.8706287007099,52.8706287007099,51.8994011906362,51.8994011906362,51.8994011906362,50.800049615764856,2.2682752431689894,-0.19769615822394115,2.070579084945045,50.38956409987599,1.4886349902565355,0.021202100503671772,1.5098370907602074,50.74167496338435,2.1166327182103575,1.991692318405299,4.108325036615653
2017-10-23,BJCO,6.385,2.45,30.7,2017,10,23,1027,0.0566006794431787,56.60067944317871,0.057829934714955,57.829934714954994,0.05685,56.85,56.85,56.85,56.85,56.60067944317871,56.60067944317871,56.60067944317871,57.829934714954994,57.829934714954994,57.829934714954994,50.79829124747015,4.10223340488631,1.7001547908222534,5.802388195708566,50.38748711731704,3.0429709287683977,4.3994766688695535,7.442447597637951,50.739902861621545,2.6941467163548847,3.4159504220235704,6.110097138378457
2017-10-24,BJCO,6.385,2.45,30.7,2017,10,24,1028,0.0507588201164655,50.7588201164655,0.0500939762301395,50.0939762301395,0.0498208333333333,49.8208333333333,49.8208333333333,49.8208333333333,49.8208333333333,50.7588201164655,50.7588201164655,50.7588201164655,50.0939762301395,50.0939762301395,50.0939762301395,50.79648712869639,3.3681497626428496,-3.405816774873742,-0.03766701223089086,50.38536771285932,0.7458860890290214,-1.037277571748838,-0.29139148271981696,50.73810967352517,1.2167750596690543,-2.1340513998609296,-0.9172763401918758
2017-10-25,BJCO,6.385,2.45,30.7,2017,10,25,1029,0.0487798045190672,48.7798045190672,0.0473566873255958,47.3566873255958,0.0497875,49.7875,49.7875,49.7875,49.7875,48.7798045190672,48.7798045190672,48.7798045190672,47.3566873255958,47.3566873255958,47.3566873255958,50.79463647247693,4.158629689179434,-6.173461642589167,-2.0148319534097325,50.383205446341925,0.8694547305528815,-3.895972851299007,-3.0265181207461254,50.73629490562306,1.8016745132727865,-2.7504694188958467,-0.9487949056230605
2017-10-26,BJCO,6.385,2.45,30.7,2017,10,26,1030,0.053069080824259,53.069080824259,0.0520871314927414,52.0871314927414,0.0526916666666666,52.6916666666666,52.6916666666666,52.6916666666666,52.6916666666666,53.069080824259,53.069080824259,53.069080824259,52.0871314927414,52.0871314927414,52.0871314927414,50.79273857410901,4.26986131481489,-1.993519064664902,2.2763422501499875,50.380999924232896,3.0972853843656742,-1.391153815857173,1.7061315685085034,50.734458100811494,2.4482606339159996,-0.4910520680608954,1.9572085658551046
2017-10-27,BJCO,6.385,2.45,30.7,2017,10,27,1031,0.0514404886481071,51.4404886481071,0.0517435321190201,51.7435321190201,0.0530041666666666,53.0041666666666,53.0041666666666,53.0041666666666,53.0041666666666,51.4404886481071,51.4404886481071,51.4404886481071,51.7435321190201,51.7435321190201,51.7435321190201,50.79079280796304,3.5952108711661297,-2.945515031022069,0.6496958401440622,50.37875081136828,2.547701520888339,-1.182920213236514,1.3647813076518247,50.73259884229417,2.8018990380603745,-0.5303312136879512,2.2715678243724255
2017-10-28,BJCO,6.385,2.45,30.7,2017,10,28,1032,0.051428230593821,51.428230593821,0.0521140272860981,52.1140272860981,0.0524208333333333,52.4208333333333,52.4208333333333,52.4208333333333,52.4208333333333,51.428230593821,51.428230593821,51.428230593821,52.1140272860981,52.1140272860981,52.1140272860981,50.78879857129528,1.7404536126984496,-1.101021590172735,0.6394320225257175,50.376457818911796,4.754652795046309,-3.017083327860007,1.7375694671863045,50.730716757468755,5.55292767016989,-3.862811094305343,1.6901165758645433
2017-10-29,BJCO,6.385,2.45,30.7,2017,10,29,1033,0.0500259253003056,50.0259253003056,0.0500945044426458,50.0945044426458,0.0500291666666666,50.0291666666666,50.0291666666666,50.0291666666666,50.0291666666666,50.0259253003056,50.0259253003056,50.0259253003056,50.0945044426458,50.0945044426458,50.0945044426458,50.786755255795256,4.581348309575411,-5.3421782650650655,-0.7608299554896547,50.374120632264635,5.15804489820871,-5.437661087827543,-0.27961618961883516,50.72881144462561,5.797803892558386,-6.4974486705174,-0.6996447779590156
2017-10-30,BJCO,6.385,2.45,30.7,2017,10,30,1034,0.0474255776757051,47.4255776757051,0.0479077528430648,47.907752843064806,0.0473416666666666,47.341666666666605,47.341666666666605,47.341666666666605,47.341666666666605,51.4404886481071,47.4255776757051,47.4255776757051,47.907752843064806,47.907752843064806,47.907752843064806,50.784662232995096,1.7726429532325392,-1.1168165381205384,0.6558264151120028,50.371738896046644,7.76016656546881,-10.224152618450645,-2.463986052981838,50.7268824602205,5.786709829360065,-9.17192562291396,-3.385215793553897
2017-11-01,BJCO,6.385,2.45,30.7,2017,11,1,1036,0.0520563101736454,52.0563101736454,0.0535640833998734,53.5640833998734,0.0554333333333333,55.4333333333333,55.4333333333333,55.4333333333333,55.4333333333333,52.0563101736454,52.0563101736454,52.0563101736454,53.5640833998734,53.5640833998734,53.5640833998734,50.78032466047634,2.7109742973128195,-1.434988784143755,1.2759855131690614,50.36684026652171,3.335564436881589,-0.13832130352990646,3.1972431333516838,50.72295166317161,3.70060728087606,1.0097743892856315,4.710381670161695
2017-11-02,BJCO,6.385,2.45,30.7,2017,11,2,1037,0.0526982376272331,52.6982376272331,0.0525997012273082,52.5997012273082,0.054125,54.125,54.125,54.125,54.125,52.6982376272331,52.6982376272331,52.6982376272331,52.5997012273082,52.5997012273082,52.5997012273082,50.77807897350597,1.9710885778321374,-0.05092992410500585,1.9201586537271282,50.36432256254693,1.182395790554029,1.0529828742072453,2.235378664761271,50.72094899542292,2.1268227994891573,1.2772282050879227,3.4040510045770773
2017-11-03,BJCO,6.385,2.45,30.7,2017,11,3,1038,0.0517132014845708,51.7132014845708,0.0519307588562486,51.9307588562486,0.052825,52.825,52.825,52.825,52.825,51.7132014845708,51.7132014845708,51.7132014845708,51.9307588562486,51.9307588562486,51.9307588562486,50.77578133659163,1.2232855167235592,-0.28586536874438195,0.9374201479791751,50.361758760765596,1.1254927249081206,0.4435073705748849,1.5690000954830055,50.71892099658454,1.0004459684430154,1.105633034972449,2.1060790034154664
2017-11-04,BJCO,6.385,2.45,30.7,2017,11,4,1039,0.0536274467920065,53.627446792006495,0.0509689890628058,50.96898906280581,0.0509583333333333,50.9583333333333,50.9583333333333,50.9583333333333,50.9583333333333,53.627446792006495,53.627446792006495,53.627446792006495,50.96898906280581,50.96898906280581,50.96898906280581,50.77343124432015,1.5720766767625185,1.281938870923824,2.8540155476863447,50.35914848305358,1.2271707825689833,-0.6173302028167527,0.6098405797522304,50.71686732922788,0.30597427470302246,-0.06450827059760655,0.24146600410541907
2017-11-05,BJCO,6.385,2.45,30.7,2017,11,5,1040,0.0550682762526753,55.0682762526753,0.0528674121011135,52.8674121011135,0.0529291666666666,52.9291666666666,50.9583333333333,52.9291666666666,52.9291666666666,55.0682762526753,55.0682762526753,55.0682762526753,52.8674121011135,52.8674121011135,52.8674121011135,50.771028150578296,1.3973572835826569,2.8998908185143435,4.297248102097001,50.35649129414824,1.5725136605982115,0.938407146367048,2.5109208069652595,50.714787660295855,0.8851769142407586,-0.6416312412033136,0.24354567303744545
2017-11-06,BJCO,6.385,2.45,30.7,2017,11,6,1041,0.050233289715829,50.233289715829,0.0508636847106074,50.8636847106074,0.0509166666666666,50.9166666666666,50.9166666666666,50.9166666666666,50.9166666666666,50.233289715829,50.233289715829,50.233289715829,50.8636847106074,50.8636847106074,50.8636847106074,50.76857145527209,-2.138218657859513,1.6029369184164253,-0.5352817394430858,50.35378671435784,-1.2732841919524605,1.7831821882020265,0.5098979962495633,50.71268162951269,-0.3806981744089458,0.5846832115628615,0.20398503715391314
2017-11-07,BJCO,6.385,2.45,30.7,2017,11,7,1042,0.0491034504301993,49.1034504301993,0.0518371482433489,51.837148243348906,0.0509375,50.9375,50.9375,50.9375,50.9375,49.1034504301993,49.1034504301993,49.1034504301993,51.837148243348906,51.837148243348906,51.837148243348906,50.76606052489138,-0.24926647949856734,-1.4133436151935115,-1.6626100946920772,50.351034267466964,-1.009819355901553,2.4959333317834975,1.486113975881942,50.710548865002174,0.4765548317670131,-0.24960369676918504,0.22695113499782593
2017-11-08,BJCO,6.385,2.45,30.7,2017,11,8,1043,0.0502862827507868,50.2862827507868,0.0502811145783021,50.2811145783021,0.0504291666666666,50.4291666666666,50.4291666666666,50.4291666666666,50.4291666666666,50.2862827507868,50.2862827507868,50.2862827507868,50.2811145783021,50.2811145783021,50.2811145783021,50.7634947115231,0.7635929127417637,-1.2408048734780621,-0.4772119607362981,50.34823350967894,0.6458454295865013,-0.7129643609633405,-0.06711893137683944,50.70838901488407,0.2677930752246207,-0.5470154234420903,-0.2792223482174663
2017-11-09,BJCO,6.385,2.45,30.7,2017,11,9,1044,0.0462189528011016,46.2189528011016,0.0444689855988902,44.4689855988902,0.0452875,45.2875,47.625,45.2875,45.2875,46.2189528011016,46.2189528011016,46.2189528011016,44.4689855988902,44.4689855988902,44.4689855988902,50.760873382458215,4.323432972230971,-8.865353553587582,-4.541920581356614,50.345384033755444,3.34436587684103,-9.220764311706276,-5.876398434865244,50.706201749074175,0.3540710950188881,-3.4352728440930633,-3.081201749074175
2017-11-10,BJCO,6.385,2.45,30.7,2017,11,10,1045,0.0448752388797496,44.8752388797496,0.0427817446645235,42.7817446645235,0.0448333333333333,44.8333333333333,47.625,44.8333333333333,44.8333333333333,44.8752388797496,44.8752388797496,44.8752388797496,42.7817446645235,42.7817446645235,42.7817446645235,50.75819591132412,0.024008375871100458,-5.906965407445618,-5.88295703157452,50.3424854446566,1.5668076643718791,-9.127548444504981,-7.560740780133102,50.70398673663655,-0.2650487659983191,-2.8139379706382357,-3.0789867366365513
2017-11-11,BJCO,6.385,2.45,30.7,2017,11,11,1046,0.0450796923679011,45.0796923679011,0.0452834811168057,45.283481116805696,0.0467333333333333,46.7333333333333,46.7333333333333,46.7333333333333,46.7333333333333,45.0796923679011,45.0796923679011,45.0796923679011,45.283481116805696,45.283481116805696,45.283481116805696,50.755461672513846,-3.6385197157863285,-2.0372495888264126,-5.675769304612743,50.33953734779288,-3.045347738732177,-2.010708492255006,-5.056056230987181,50.701743648094194,-3.0187965591530905,-0.9496137556078068,-3.968410314760895
2017-11-12,BJCO,6.385,2.45,30.7,2017,11,12,1047,0.0494250243239372,49.4250243239372,0.0460685005881143,46.0685005881143,0.047625,47.625,47.625,47.625,47.625,49.4250243239372,49.4250243239372,49.4250243239372,46.0685005881143,46.0685005881143,46.0685005881143,50.752670137159505,0.7519100866944434,-2.0795558999167483,-1.3276458132223041,50.3365394163396,-1.0360709200184082,-3.23196790820689,-4.268038828225301,50.69947221309856,-0.7701300582296396,-2.3043421548689196,-3.0744722130985593
2017-11-13,BJCO,6.385,2.45,30.7,2017,11,13,1048,0.0503809088528204,50.3809088528204,0.0503581161903372,50.3581161903372,0.04985,49.85,49.85,49.85,49.85,50.3809088528204,50.3809088528204,50.3809088528204,50.3581161903372,50.3581161903372,50.3581161903372,50.74982086492172,1.2984592224375793,-1.667371234538905,-0.36891201210132607,50.33349139253473,1.006930025706847,-0.9823052279043836,0.024624797802466958,50.69717220809991,0.7684170082726235,-1.615589216372527,-0.8471722080999058
2017-11-14,BJCO,6.385,2.45,30.7,2017,11,14,1049,0.0536411222324138,53.6411222324138,0.051484231730197,51.484231730197,0.052625,52.625,52.625,52.625,52.625,53.6411222324138,53.6411222324138,53.6411222324138,51.484231730197,51.484231730197,51.484231730197,50.7469134475536,-0.07100626638041692,2.9652150512406124,2.894208784860197,50.3303930894658,-0.35213921558086103,1.5059778563120645,1.1538386407312018,50.69484342013884,0.04248055339024912,1.8876760264709134,1.930156579861162
2017-11-15,BJCO,6.385,2.45,30.7,2017,11,15,1050,0.0542158023967449,54.2158023967449,0.0544276112587371,54.4276112587371,0.0545291666666666,54.5291666666666,54.5291666666666,54.5291666666666,54.5291666666666,54.2158023967449,54.2158023967449,54.2158023967449,54.4276112587371,54.4276112587371,54.4276112587371,50.74394748628413,1.7048815546410585,1.7669733558197152,3.4718549104607703,50.327244364757355,2.131345487892692,1.9690214060870517,4.100366893979746,50.69248565338548,2.1440341049899554,1.6926469082911595,3.8366810132811153
2017-11-16,BJCO,6.385,2.45,30.7,2017,11,16,1051,0.0513264014472791,51.3264014472791,0.0504892158762765,50.489215876276496,0.0512791666666666,51.2791666666666,51.2791666666666,51.2791666666666,51.2791666666666,51.3264014472791,51.3264014472791,51.3264014472791,50.489215876276496,50.489215876276496,50.489215876276496,50.74092258272799,-1.9940867550440518,2.579565619595165,0.5854788645511135,50.324045105314426,-0.48029937710969167,0.645470148071766,0.1651707709620709,50.69009871025086,-0.266326690043651,0.8553946464593878,0.5890679564157395
2017-11-17,BJCO,6.385,2.45,30.7,2017,11,17,1052,0.0476421217244661,47.6421217244661,0.046924318774773,46.924318774773,0.0478208333333333,47.8208333333333,47.8208333333333,47.8208333333333,47.8208333333333,47.6421217244661,47.6421217244661,47.6421217244661,46.924318774773,46.924318774773,46.924318774773,50.73783839738986,-2.8649474130490242,-0.23076925987473373,-3.095716672923757,50.32079524651086,-2.909879586788842,-0.486596884949023,-3.396476471737863,50.687682432320464,-1.2977247663294094,-1.5691243326577577,-2.866849098987167
2017-11-18,BJCO,6.385,2.45,30.7,2017,11,18,1053,0.0486792017021793,48.6792017021793,0.0459986877467161,45.9986877467161,0.0476,47.6,47.6,47.6,47.6,52.3378603419881,48.6792017021793,48.6792017021793,45.9986877467161,45.9986877467161,45.9986877467161,50.734694665758454,1.04760041856295,0.555565257666693,1.6031656762296436,50.317494776102016,-2.5746491029665375,-1.7441579264193763,-4.3188070293859155,50.68523669745954,-1.784805670661895,-1.3004310267976393,-3.0852366974595355
2017-11-19,BJCO,6.385,2.45,30.7,2017,11,19,1054,0.0524567654069712,52.4567654069712,0.0498538728821428,49.8538728821428,0.0517708333333333,51.7708333333333,51.7708333333333,51.7708333333333,51.7708333333333,52.4567654069712,52.4567654069712,52.4567654069712,49.8538728821428,49.8538728821428,49.8538728821428,50.731491180539976,1.061213255264634,0.6640609711665917,1.7252742264312246,50.3141437357334,0.19126888822157462,-0.6515397418121722,-0.4602708535906004,50.682761406730094,0.6092797757661151,0.47879215083709425,1.088071926603206
2017-11-20,BJCO,6.385,2.45,30.7,2017,11,20,1055,0.0531312311797848,53.1312311797848,0.0537904886429857,53.7904886429857,0.0533333333333333,53.3333333333333,53.3333333333333,53.3333333333333,53.3333333333333,53.1312311797848,53.1312311797848,53.1312311797848,53.7904886429857,53.7904886429857,53.7904886429857,50.72822775662744,-0.31424036156866925,2.71724378472603,2.403003423157358,50.3107421857226,0.8209953318137732,2.658751125449321,3.479746457263097,50.680256468027544,0.6612282538468598,1.9918486114588987,2.6530768653057564
2017-11-21,BJCO,6.385,2.45,30.7,2017,11,21,1056,0.0523378603419881,52.3378603419881,0.0516131960807085,51.613196080708505,0.0532124999999999,53.2124999999999,53.2124999999999,53.2124999999999,53.2124999999999,52.3378603419881,52.3378603419881,52.3378603419881,51.613196080708505,51.613196080708505,51.613196080708505,50.724904246721124,0.15264354951739306,1.4603125457495807,1.6129560952669735,50.30729021286285,0.42223242085247964,0.8836734469931713,1.3059058678456523,50.67772181160133,0.8093120863818373,1.725466102016732,2.534778188398569
2017-11-22,BJCO,6.385,2.45,30.7,2017,11,22,1057,0.0542623521564258,54.262352156425806,0.0513229955817748,51.3229955817748,0.0512375,51.2375,51.2375,51.2375,51.2375,52.4567654069712,54.262352156425806,54.262352156425806,51.3229955817748,51.3229955817748,51.3229955817748,50.72152055311352,0.8270501792978692,0.9081946745598088,1.7352448538576795,50.30378795131741,0.5770499589131893,0.4421576715442015,1.0192076304573874,50.675157402849834,0.2593696389589837,0.30297295819117664,0.5623425971501632
2017-11-23,BJCO,6.385,2.45,30.7,2017,11,23,1058,0.0529343945411156,52.9343945411156,0.0500915567295033,50.0915567295033,0.049975,49.975,49.975,49.975,49.975,52.3378603419881,52.9343945411156,52.9343945411156,50.0915567295033,50.0915567295033,50.0915567295033,50.71807662981388,0.8718133897694685,0.7479703224047469,1.6197837121742182,50.30023558701355,0.6287137067192005,-0.8373925642294537,-0.20867885751025028,50.67256325027412,0.4311467621570359,-1.1287100124311564,-0.697563250274122
2017-11-24,BJCO,6.385,2.45,30.7,2017,11,24,1059,0.0493564476251782,49.3564476251782,0.0481422728339614,48.1422728339614,0.047625,47.625,47.625,47.625,47.625,49.3564476251782,49.3564476251782,49.3564476251782,48.1422728339614,48.1422728339614,48.1422728339614,50.71457244381879,-0.30492637679504997,-1.053198441845538,-1.35812481864059,50.29663334039066,-0.10340491986432232,-2.050955586564939,-2.1543605064292635,50.66993940963613,-0.07414404469533745,-2.970795364940791,-3.044939409636129
2017-11-25,BJCO,6.385,2.45,30.7,2017,11,25,1060,0.048104926568441,48.104926568441,0.0495912428748954,49.5912428748954,0.0493083333333333,49.3083333333333,49.3083333333333,49.3083333333333,49.3083333333333,48.104926568441,48.104926568441,48.104926568441,49.5912428748954,49.5912428748954,49.5912428748954,50.7110080147307,-0.039979267660741086,-2.5661021786289595,-2.6060814462897,50.29298146503266,0.9513311084151201,-1.653069698552379,-0.7017385901372606,50.66728597616565,0.4480397137882131,-1.8069923566205617,-1.3589526428323495
2017-11-26,BJCO,6.385,2.45,30.7,2017,11,26,1061,0.0387484431444271,38.7484431444271,0.0378778868637643,37.8778868637643,0.0382125,38.212500000000006,38.212500000000006,38.212500000000006,38.212500000000006,38.7484431444271,38.7484431444271,38.7484431444271,37.8778868637643,37.8778868637643,37.8778868637643,50.707383428328164,1.2535988334479509,-13.212539117349017,-11.958940283901065,50.28928025122082,1.861325054564059,-14.272718442020583,-12.41139338745652,50.664603097014535,1.9868001216617237,-14.438903218676252,-12.452103097014529
2017-11-27,BJCO,6.385,2.45,30.7,2017,11,27,1062,0.0346662574531872,34.6662574531872,0.0323187396392224,32.3187396392224,0.0340166666666666,34.016666666666595,34.016666666666595,51.747916666666654,34.016666666666595,34.6662574531872,34.6662574531872,34.6662574531872,32.3187396392224,32.3187396392224,32.3187396392224,50.70369884777676,-0.09654076072349364,-15.940900633866065,-16.037441394589557,50.28553005653237,0.40446770334527715,-18.37125812065525,-17.966790417309973,50.66189098171856,0.2586759557133673,-16.903900270765327,-16.645224315051962
2017-11-28,BJCO,6.385,2.45,30.7,2017,11,28,1063,0.0345765809870913,34.5765809870913,0.0320597875713885,32.0597875713885,0.0340333333333333,34.033333333333296,34.033333333333296,51.747916666666654,34.033333333333296,34.5765809870913,34.5765809870913,34.5765809870913,32.0597875713885,51.629929343059146,32.0597875713885,50.69995451196884,-1.3387191339497475,-14.784654390927798,-16.123373524877543,50.281731316323544,-0.7621936996537698,-17.459750045281275,-18.221943744935047,50.65914990064397,-0.11314556038836572,-16.512671006922304,-16.62581656731067
2017-11-29,BJCO,6.385,2.45,30.7,2017,11,29,1064,0.0369175523469197,36.9175523469197,0.034713674397878,34.713674397878,0.0369958333333333,36.995833333333294,36.995833333333294,36.995833333333294,36.995833333333294,36.9175523469197,36.9175523469197,36.9175523469197,37.8778868637643,34.713674397878,34.713674397878,50.69615071651792,-1.3432091341322172,-12.435389235466005,-13.778598369598221,50.277884516719034,-2.228979463922467,-10.171018189032267,-12.399997652954731,50.65638014033452,-0.7161980496287476,-12.944348757372481,-13.660546807001225
2017-11-30,BJCO,6.385,2.45,30.7,2017,11,30,1065,0.0422302962188597,42.2302962188597,0.0394657237090628,39.4657237090628,0.039825,39.825,39.825,39.825,39.825,42.2302962188597,42.2302962188597,42.2302962188597,39.4657237090628,39.4657237090628,39.4657237090628,50.69228781439736,-0.1550227613152811,-8.306968834222381,-8.461991595537661,50.27399016591002,0.3684192331094915,-11.176685689956713,-10.808266456847221,50.653581984072595,0.4800217160166384,-11.308603700089229,-10.828581984072592
2017-12-01,BJCO,6.385,2.45,30.7,2017,12,1,1066,0.0405608330011689,40.5608330011689,0.0388976140996033,38.8976140996033,0.0395375,39.5375,39.5375,39.5375,39.5375,40.5608330011689,40.5608330011689,40.5608330011689,38.8976140996033,38.8976140996033,38.8976140996033,50.688366218996975,-0.41445416662526735,-9.713079051202804,-10.127533217828073,50.270048783283634,0.7264572735282326,-12.098891957208565,-11.372434683680332,50.65075572509466,0.6289095882685517,-11.74216531336321,-11.11325572509466
2017-12-02,BJCO,6.385,2.45,30.7,2017,12,2,1067,0.0411848766562205,41.184876656220496,0.0408938342890793,40.8938342890793,0.0414833333333333,41.483333333333306,41.483333333333306,41.483333333333306,41.483333333333306,41.184876656220496,41.184876656220496,41.184876656220496,40.8938342890793,40.8938342890793,40.8938342890793,50.68438633886776,-0.4337712026290777,-9.06573848001819,-9.499509682647265,50.266060885290244,-0.029158918037111826,-9.343067678173831,-9.372226596210943,50.64790166773226,0.11860882579223248,-9.283177160191187,-9.164568334398957
2017-12-03,BJCO,6.385,2.45,30.7,2017,12,3,1068,0.0451912362448693,45.1912362448693,0.0441750644575331,44.175064457533104,0.0453208333333333,45.3208333333333,45.3208333333333,45.3208333333333,45.3208333333333,45.1912362448693,45.1912362448693,45.1912362448693,44.175064457533104,44.175064457533104,44.175064457533104,50.680348558975396,-2.3607764501952353,-3.1283358639108627,-5.4891123141060945,50.26202697121666,-2.9031743242786114,-3.1837881894049502,-6.0869625136835595,50.64502010093596,-2.2136980918365787,-3.110488675766085,-5.3241867676026615
2017-12-04,BJCO,6.385,2.45,30.7,2017,12,4,1069,0.0463490857099672,46.3490857099672,0.0441680550214928,44.1680550214928,0.0460166666666666,46.0166666666666,45.495833333333294,46.0166666666666,46.0166666666666,46.3490857099672,46.3490857099672,46.3490857099672,44.1680550214928,44.1680550214928,44.1680550214928,50.67625325845698,-2.380416500524535,-1.9467510479652503,-4.327167548489783,50.25794751837062,-2.868397679721529,-3.221494817156291,-6.089892496877823,50.642111318127235,-2.469706930433503,-2.676571054360437,-5.14627798479394
2017-12-05,BJCO,6.385,2.45,30.7,2017,12,5,1070,0.0457711113187376,45.7711113187376,0.0440305702099948,44.0305702099948,0.0456333333333333,45.6333333333333,45.6333333333333,45.6333333333333,45.6333333333333,45.7711113187376,45.7711113187376,45.7711113187376,44.0305702099948,44.0305702099948,44.0305702099948,50.672100852952326,-0.004239412621201862,-4.89675012159352,-4.900989534214723,50.2538229949271,-1.2700317567344939,-4.953221028197802,-6.223252784932299,50.639175630710064,-0.9100845990779235,-4.09575769829884,-5.005842297376766
2017-12-06,BJCO,6.385,2.45,30.7,2017,12,6,1071,0.0445926496504695,44.592649650469504,0.044168296246335,44.168296246335,0.0454958333333333,45.495833333333294,45.495833333333294,45.495833333333294,45.495833333333294,44.592649650469504,44.592649650469504,44.592649650469504,44.168296246335,44.168296246335,44.168296246335,50.667891753034034,-0.24025434965473913,-5.8349877529097895,-6.0752421025645305,50.24965386143935,-1.5579899717440433,-4.523367643360309,-6.081357615104352,50.6362133454111,-1.9178037054977213,-3.2225763065800876,-5.140380012077806
2017-12-07,BJCO,6.385,2.45,30.7,2017,12,7,1072,0.0504102144732809,50.4102144732809,0.0481530850308149,48.1530850308149,0.0480291666666666,48.029166666666605,48.029166666666605,48.029166666666605,48.029166666666605,50.4102144732809,50.4102144732809,50.4102144732809,48.1530850308149,48.1530850308149,48.1530850308149,50.66362635702089,0.7428919043466539,-0.9963037880866423,-0.2534118837399859,50.245440564886316,-0.7844341086434252,-1.3079214254279918,-2.092355534071416,50.63322474020288,-0.4465945692157897,-2.157463504320482,-2.6040580735362724
2017-12-08,BJCO,6.385,2.45,30.7,2017,12,8,1073,0.0539475168447764,53.9475168447764,0.0521059165710738,52.1059165710738,0.0528833333333333,52.8833333333333,47.9249999999999,52.8833333333333,52.8833333333333,53.9475168447764,53.9475168447764,53.9475168447764,48.0386309794784,52.1059165710738,52.1059165710738,50.6593050380016,1.375967852927234,1.9122439538475717,3.288211806774804,50.24118352569777,-0.8745667313426508,-1.327985814876719,-2.2025525462193727,50.6302100828227,-0.779846918241374,-1.9253631645814266,-2.705210082822802
2017-12-09,BJCO,6.385,2.45,30.7,2017,12,9,1074,0.0541792610072412,54.1792610072412,0.0544593268752629,54.459326875262896,0.0551833333333333,55.1833333333333,48.029166666666605,55.1833333333333,55.1833333333333,54.1792610072412,54.1792610072412,54.1792610072412,48.0386309794784,54.459326875262896,54.459326875262896,50.65492814645042,1.246051249120659,2.278281611670117,3.5243328607907785,50.236883153624106,-0.7126084335736921,-1.4856437405720158,-2.1982521741457077,50.62716962670837,-0.9366978667832517,-1.6613050932585196,-2.598002960041768
2017-12-10,BJCO,6.385,2.45,30.7,2017,12,10,1075,0.0471282258829205,47.1282258829205,0.0480386309794784,48.0386309794784,0.0479249999999999,47.9249999999999,47.9249999999999,47.9249999999999,47.9249999999999,47.1282258829205,47.1282258829205,47.1282258829205,48.0386309794784,48.0386309794784,48.0386309794784,50.65049601107478,-1.6023555197901804,-1.9199146083640954,-3.5222701281542754,50.232539878031474,-1.0445935244675866,-1.1493153740854893,-2.193908898553076,50.624103615093006,-1.7012963456733379,-0.9978072694197735,-2.699103615093108
2017-12-11,BJCO,6.385,2.45,30.7,2017,12,11,1076,0.0414149604731234,41.4149604731234,0.0434161240876211,43.4161240876211,0.0464791666666666,46.4791666666666,46.4791666666666,46.4791666666666,46.4791666666666,41.4149604731234,41.4149604731234,41.4149604731234,43.4161240876211,43.4161240876211,43.4161240876211,50.64600890957425,1.4731700082903216,-10.704218444741173,-9.231048436450848,50.22815413480676,-1.6788766957989183,-5.1331533513867384,-6.812030047185658,50.62101225557298,-1.7073684333624404,-2.434477155543938,-4.141845588906378
2017-12-12,BJCO,6.385,2.45,30.7,2017,12,12,1077,0.046887102736972,46.887102736972,0.0468078372579139,46.807837257913896,0.0498541666666666,49.8541666666666,49.8541666666666,49.8541666666666,49.8541666666666,46.887102736972,46.887102736972,46.887102736972,46.807837257913896,46.807837257913896,46.807837257913896,50.641467108582,-1.2057268431809338,-2.5486375284290688,-3.754364371610002,50.22372639691717,-1.1937684807042863,-2.2221206582989907,-3.4158891390032764,50.6178957715321,-0.32699101105669925,-0.436738093808799,-0.7637291048654973
2017-12-13,BJCO,6.385,2.45,30.7,2017,12,13,1078,0.0429213069299215,42.9213069299215,0.0455781925043556,45.578192504355606,0.0457416666666666,45.7416666666666,45.7416666666666,45.7416666666666,45.7416666666666,42.9213069299215,42.9213069299215,42.9213069299215,45.578192504355606,45.578192504355606,45.578192504355606,50.636870887298976,-1.6305849823650196,-6.084978975012454,-7.715563957377476,50.21925716739919,-1.576845568232686,-3.064219094810902,-4.641064663043586,50.61475441527799,-1.8373480748800808,-3.0357396737313067,-4.87308774861139
2017-12-14,BJCO,6.385,2.45,30.7,2017,12,14,1079,0.0359510222848254,35.9510222848254,0.0372239010198538,37.223901019853805,0.0380666666666666,38.066666666666606,46.4791666666666,38.066666666666606,38.066666666666606,35.9510222848254,35.9510222848254,35.9510222848254,45.578192504355606,37.223901019853805,37.223901019853805,50.632220550546634,1.2837926012213479,-15.964990866942586,-14.681198265721235,50.21474699377369,-1.0598283828250858,-3.576726106592993,-4.6365544894180815,50.61158847520462,-0.8581983089195793,-3.2742234996184436,-4.1324218085380195
2017-12-15,BJCO,6.385,2.45,30.7,2017,12,15,1080,0.0388181039169363,38.818103916936295,0.0367793807653613,36.7793807653613,0.0381541666666666,38.1541666666666,47.275,38.1541666666666,38.1541666666666,44.303532173903,38.818103916936295,38.818103916936295,45.9474417041429,36.7793807653613,36.7793807653613,50.627516402119824,-3.9859169831045644,-2.3380672451122564,-6.323984228216823,50.21019641954933,-3.0627753809241236,-1.1999793344823004,-4.262754715406423,50.60839823472524,-2.021082740829854,-1.3123154938953903,-3.3333982347252444
2017-12-16,BJCO,6.385,2.45,30.7,2017,12,16,1081,0.044303532173903,44.303532173903,0.0459474417041429,45.9474417041429,0.047275,47.275,47.275,47.275,47.275,44.303532173903,44.303532173903,44.303532173903,45.9474417041429,45.9474417041429,45.9474417041429,50.62275873494138,-5.3164633445576985,-1.0027632164806803,-6.319226561038377,50.20560595394728,-3.3564936110082915,-0.9016706387960838,-4.2581642498043735,50.60518395479928,-3.8430500378864734,0.5128660830871894,-3.3301839547992813
2017-12-17,BJCO,6.385,2.45,30.7,2017,12,17,1082,0.0468506021307507,46.8506021307507,0.0476422705599217,47.6422705599217,0.0493083333333333,49.3083333333333,49.3083333333333,49.3083333333333,49.3083333333333,46.8506021307507,46.8506021307507,46.8506021307507,47.6422705599217,47.6422705599217,47.6422705599217,50.617947833907586,-2.7386096165989304,-1.0287360865579558,-3.7673457031568844,50.20097610358221,-2.7322197609115304,0.17351421725102512,-2.5587055436605084,50.60194588304119,-1.8392668400042502,0.5456542902963619,-1.2936125497078876
2017-12-18,BJCO,6.385,2.45,30.7,2017,12,18,1083,0.0506095531363717,50.6095531363717,0.0492188940324382,49.2188940324382,0.0498708333333333,49.8708333333333,49.8708333333333,49.8708333333333,49.8708333333333,50.6095531363717,50.6095531363717,50.6095531363717,49.2188940324382,49.2188940324382,49.2188940324382,50.613083985962945,-2.4979306394339558,2.49439978984271,-0.003530849591243168,50.19630741143388,-3.288680943587452,2.3112675645917733,-0.9774133789956778,50.59868427181088,-2.599734711297116,1.8718837728195368,-0.7278509384775802
2017-12-19,BJCO,6.385,2.45,30.7,2017,12,19,1084,0.0513893477885865,51.3893477885865,0.0508280887871174,50.8280887871174,0.0497375,49.7375,49.7375,49.7375,49.7375,51.3893477885865,51.3893477885865,51.3893477885865,50.8280887871174,50.8280887871174,50.8280887871174,50.60816748448338,-0.8421556296610916,1.62333593376421,0.7811803041031169,50.19160042263036,-1.6184525447360776,2.254940909223123,0.6364883644870432,50.595399337481744,-1.722138081726945,0.8642387442451991,-0.8578993374817472
2017-12-20,BJCO,6.385,2.45,30.7,2017,12,20,1085,0.0503371436329905,50.3371436329905,0.0503961906169566,50.3961906169566,0.0503666666666666,50.3666666666666,50.3666666666666,50.3666666666666,50.3666666666666,50.3371436329905,50.3371436329905,50.3371436329905,49.1431364826074,50.3961906169566,50.3961906169566,50.60319863544327,-0.607459966607569,0.3414049641547976,-0.2660550024527737,50.186855629588955,-1.574702599755803,0.530983452774251,-1.0437191469815517,50.592091234843046,-0.8794926923321196,0.6540681241556783,-0.22542456817644307
2017-12-21,BJCO,6.385,2.45,30.7,2017,12,21,1086,0.0510987467234134,51.0987467234134,0.0491431364826074,49.1431364826074,0.0481541666666666,48.154166666666605,48.154166666666605,48.154166666666605,48.154166666666605,51.0987467234134,51.0987467234134,51.0987467234134,49.1431364826074,49.1431364826074,49.1431364826074,50.59817782868927,-0.7216511333396642,1.2222200280637878,0.5005688947241254,50.18207350107868,-0.8480715922855292,-0.19086542618575209,-1.0389370184712803,50.588760102442016,-0.8092001510353234,-1.6253932847400918,-2.4345934357754118
2017-12-22,BJCO,6.385,2.45,30.7,2017,12,22,1087,0.0404158030120158,40.4158030120158,0.043140222286683,43.140222286683006,0.0460666666666666,46.066666666666606,46.066666666666606,46.066666666666606,46.066666666666606,40.4158030120158,40.4158030120158,40.4158030120158,43.140222286683006,43.140222286683006,43.140222286683006,50.593105554096745,-3.8142744461487026,-6.363028095932243,-10.177302542080945,50.17725452178437,-4.024311426848349,-3.0127208082530146,-7.037032235101364,50.585406086313725,-2.777440627492926,-1.7412987921541898,-4.518739419647119
2017-12-23,BJCO,6.385,2.45,30.7,2017,12,23,1088,0.0297435339666169,29.7435339666169,0.0321110472792018,32.1110472792018,0.0386208333333333,38.6208333333333,38.6208333333333,38.6208333333333,38.6208333333333,34.8881653194316,51.3713400319384,29.7435339666169,32.1110472792018,51.629929343059146,32.1110472792018,50.587982341038995,-3.548284514389045,-12.151532507218349,-15.699817021607394,50.17239920275085,-2.8866474696295987,-15.174704453919453,-18.061351923549054,50.582029362070294,-2.5513481464232055,-9.409847882313784,-11.961196028736993
2017-12-24,BJCO,6.385,2.45,30.7,2017,12,24,1089,0.0321229855225449,32.1229855225449,0.0330858085286683,33.085808528668295,0.0384041666666666,38.4041666666666,38.4041666666666,38.4041666666666,38.4041666666666,32.1229855225449,51.3713400319384,32.1229855225449,33.085808528668295,33.085808528668295,33.085808528668295,50.582808753325345,-3.6577589891833657,-14.80206424159708,-18.459823230780444,50.167508074607454,-3.9713163037459864,-13.110383242193173,-17.08169954593916,50.57863010950393,-3.5302876411950024,-8.644175801642334,-12.174463442837336
2017-12-25,BJCO,6.385,2.45,30.7,2017,12,25,1090,0.0348881653194316,34.8881653194316,0.0371359030163404,37.1359030163404,0.03955,39.55,39.55,39.55,39.55,29.7435339666169,34.8881653194316,34.8881653194316,37.1359030163404,37.1359030163404,37.1359030163404,50.577585434551594,-2.951258436597851,-17.88279303133684,-20.834051467934692,50.16258173196845,-3.240181687685526,-9.786497027942524,-13.026678715628051,50.57520854467315,-2.7405430654058534,-8.284665479267304,-11.025208544673156
2017-12-26,BJCO,6.385,2.45,30.7,2017,12,26,1091,0.0288933096707008,28.8933096707008,0.0301821026282323,30.182102628232297,0.0332541666666666,33.2541666666666,33.2541666666666,51.747916666666654,33.2541666666666,28.8933096707008,51.3713400319384,28.8933096707008,30.182102628232297,51.629929343059146,30.182102628232297,50.57231312123334,-2.7658803460918624,-18.913123104440682,-21.679003450532544,50.15762083758032,-2.3203521481760014,-17.655166061172018,-19.97551820934802,50.571764914345515,-1.7630923004879557,-15.554505947190961,-17.317598247678916
2017-12-27,BJCO,6.385,2.45,30.7,2017,12,27,1092,0.0245677469867702,24.567746986770203,0.023027251055428,23.027251055428,0.0269541666666666,26.9541666666666,26.9541666666666,51.747916666666654,26.9541666666666,24.567746986770203,51.3713400319384,24.567746986770203,23.027251055428,51.629929343059146,23.027251055428,50.56699262485599,-3.8129431315880846,-22.186302506497704,-25.99924563808579,50.15262610449908,-1.7259193166556863,-25.39945573241539,-27.125375049071078,50.56829948201127,-2.3757209852556866,-21.23841183008898,-23.614132815344668
2017-12-28,BJCO,6.385,2.45,30.7,2017,12,28,1093,0.0285247089392844,28.5247089392844,0.0277853037909047,27.7853037909047,0.028,28.0,28.0,51.747916666666654,28.0,28.5247089392844,51.3713400319384,28.5247089392844,27.7853037909047,51.629929343059146,27.7853037909047,50.56162477426362,-4.400719355425735,-17.636196479553483,-22.03691583497922,50.14759830368569,-3.2040049192596025,-19.15828959352139,-22.36229451278099,50.564812515597644,-2.232873726337821,-20.331938789259823,-22.564812515597644
2017-12-29,BJCO,6.385,2.45,30.7,2017,12,29,1094,0.0328977287776678,32.8977287776678,0.0346055475455261,34.6055475455261,0.0359208333333333,35.9208333333333,35.9208333333333,35.9208333333333,35.9208333333333,28.5247089392844,51.3713400319384,32.8977287776678,34.6055475455261,34.6055475455261,34.6055475455261,50.55621041677935,-4.721180514251826,-17.31032096324312,-22.03150147749495,50.14253821370631,-4.629226990832701,-10.90776367734751,-15.53699066818021,50.561304306597705,-2.6064849179317817,-12.033986055332626,-14.640470973264406
2017-12-30,BJCO,6.385,2.45,30.7,2017,12,30,1095,0.0396334395431087,39.6334395431087,0.0393770832355964,39.3770832355964,0.0390291666666666,39.0291666666666,39.0291666666666,39.0291666666666,39.0291666666666,27.3252977637362,39.6334395431087,39.6334395431087,25.3150797897309,39.3770832355964,39.3770832355964,50.55075043669955,-6.282813526141965,-16.942639146821385,-23.225452672963353,50.13744660352227,-4.212402889193193,-20.60996392459818,-24.822366813791373,50.557775170952546,-4.255266522468199,-7.273341981817751,-11.528608504285948
2018-01-01,BJCO,6.385,2.45,30.7,2018,1,1,1097,0.0264969660165453,26.4969660165453,0.0243624817389301,24.3624817389301,0.028125,28.125,28.125,51.747916666666654,28.125,26.4969660165453,51.3713400319384,26.4969660165453,24.3624817389301,51.629929343059146,24.3624817389301,50.539697236354705,-6.268360247543018,-17.77437097226639,-24.042731219809404,50.12717192568522,-5.000866048193391,-20.763824138561727,-25.764690186755118,50.55065554338896,-3.9522465348501603,-18.473409008538802,-22.425655543388963
2018-01-02,BJCO,6.385,2.45,30.7,2018,1,2,1098,0.0273252977637362,27.3252977637362,0.0253150797897309,25.3150797897309,0.0270583333333333,27.058333333333294,27.058333333333294,51.747916666666654,27.058333333333294,27.3252977637362,51.3713400319384,27.3252977637362,25.3150797897309,51.629929343059146,25.3150797897309,50.534105793908225,-3.929379845311757,-19.27942818486027,-23.208808030172026,50.12199044739195,-3.2073753943578978,-21.599535263303157,-24.806910657661053,50.54706585319293,-1.034389969959296,-22.454342549900343,-23.48873251985964
2018-01-03,BJCO,6.385,2.45,30.7,2018,1,3,1099,0.0269786942621926,26.9786942621926,0.0246910052282957,24.6910052282957,0.0248083333333333,24.8083333333333,24.8083333333333,51.747916666666654,49.55794709737823,26.9786942621926,51.3713400319384,26.9786942621926,24.6910052282957,51.629929343059146,24.6910052282957,50.52847227947678,-4.969981791008719,-18.579796226275462,-23.54977801728418,50.1167806126746,-4.560185789037483,-20.86558959534142,-25.425775384378902,50.543456842228785,-5.480189826802125,-20.25493368209336,-25.735123508895484
2018-01-04,BJCO,6.385,2.45,30.7,2018,1,4,1100,0.0240913517991694,24.0913517991694,0.0221037859164249,22.103785916424897,0.0212,21.2,25.9875,51.747916666666654,49.55794709737823,24.0913517991694,51.3713400319384,24.0913517991694,22.103785916424897,51.629929343059146,49.02120414412796,50.52279757894216,-8.360064044488254,-18.071381735284504,-26.431445779772762,50.11154322040349,-7.824248956210938,-20.183508347767656,-28.007757303978593,50.539828989003134,-8.73006941718628,-15.82225957181685,-24.552328989003133
2018-01-05,BJCO,6.385,2.45,30.7,2018,1,5,1101,0.0228221545279768,22.8221545279768,0.0204160122764985,20.4160122764985,0.0200958333333333,20.0958333333333,25.9875,51.747916666666654,49.55794709737823,22.8221545279768,51.3713400319384,49.14734633736466,20.4160122764985,51.629929343059146,49.02120414412796,50.51708262383294,-26.224531287622927,-1.470396808233211,-27.69492809585614,50.106279114025824,-28.54845946011162,-1.1418073774157023,-29.690266837527325,50.536182785435365,-23.927444880665842,-0.6212379047695222,-24.548682785435364
2018-01-06,BJCO,6.385,2.45,30.7,2018,1,6,1102,0.0235332787633142,23.5332787633142,0.0231094346231523,23.1094346231523,0.0259875,25.9875,25.9875,51.747916666666654,25.9875,23.5332787633142,51.3713400319384,49.14734633736466,23.1094346231523,51.629929343059146,23.1094346231523,50.51132841392878,-26.50043166759049,-0.4776179830240892,-26.97804965061458,50.1009891674916,-26.98214116729436,-0.00941337704494316,-26.991554544339298,50.53251876151951,-24.666426553902532,0.12140779238302457,-24.54501876151951
2018-01-07,BJCO,6.385,2.45,30.7,2018,1,7,1103,0.0315324612403768,31.5324612403768,0.0312221583046517,31.2221583046517,0.0308708333333333,30.870833333333294,30.870833333333294,51.747916666666654,30.870833333333294,31.5324612403768,51.3713400319384,31.5324612403768,31.2221583046517,51.629929343059146,31.2221583046517,50.505536007505924,-6.330337710242299,-12.642737056886823,-18.973074767129123,50.09567427350023,-18.39263596825696,-0.48088000059156855,-18.87351596884853,50.52883746388767,-3.9730055048397697,-15.684998625714606,-19.658004130554374
2018-01-08,BJCO,6.385,2.45,30.7,2018,1,8,1104,0.0356020289632951,35.6020289632951,0.0352525951694795,35.2525951694795,0.0349666666666666,34.9666666666666,30.870833333333294,34.9666666666666,34.9666666666666,35.6020289632951,35.6020289632951,35.6020289632951,35.2525951694795,35.2525951694795,35.2525951694795,50.49970649874966,-5.783000848976816,-9.114676686477743,-14.897677535454562,50.09033532340591,-5.703233307990979,-9.134506845935434,-14.837740153926411,50.52513943060574,-5.046337101602842,-14.607968995669601,-19.654306097272446
2018-01-09,BJCO,6.385,2.45,30.7,2018,1,9,1105,0.0322950331319301,32.2950331319301,0.0302794906361776,30.2794906361776,0.0303166666666666,30.3166666666666,30.3166666666666,51.747916666666654,30.3166666666666,32.2950331319301,51.3713400319384,32.2950331319301,30.2794906361776,51.629929343059146,30.2794906361776,50.49384100792118,-4.211704761378313,-13.987103114612772,-18.198807875991086,50.08497320849059,-3.1384518380950985,-16.66703073421789,-19.80548257231299,50.521425214260475,-2.812688128063286,-17.39207041953059,-20.204758547593876
2018-01-10,BJCO,6.385,2.45,30.7,2018,1,10,1106,0.0322524791217869,32.2524791217869,0.031099158745203,31.099158745203,0.0312,31.2,31.2,51.747916666666654,31.2,32.2524791217869,51.3713400319384,32.2524791217869,31.099158745203,51.629929343059146,31.099158745203,50.487940646003416,-4.600882445935889,-13.63457907828063,-18.235461524216518,50.07958880428395,-4.693057437101971,-14.287372621978982,-18.980430059080952,50.51769535854014,-3.0848315542857496,-16.232863804254386,-19.31769535854014
2018-01-11,BJCO,6.385,2.45,30.7,2018,1,11,1107,0.0347959108073776,34.7959108073776,0.0331938685580526,33.1938685580526,0.032375,32.375,32.375,51.747916666666654,32.375,32.684217148860704,34.7959108073776,34.7959108073776,33.1938685580526,33.1938685580526,33.1938685580526,50.482006473956524,-8.709184703555374,-9.088604621540448,-17.79778932509582,50.07418298411839,-6.594167197084016,-10.286147228981768,-16.880314426065787,50.51395040921367,-5.887889498908562,-12.251060910305107,-18.13895040921367
2018-01-12,BJCO,6.385,2.45,30.7,2018,1,12,1108,0.0326842171488607,32.684217148860704,0.0320616290743748,32.0616290743748,0.0350125,35.0125,35.0125,35.0125,35.0125,32.684217148860704,51.3713400319384,32.684217148860704,32.0616290743748,51.629929343059146,32.0616290743748,50.47603949035619,-7.628681496655742,-10.163140844839745,-17.79182234149549,50.06875660640334,-6.499862353567232,-11.50726517846131,-18.00712753202854,50.51019090723916,-7.4191531841096605,-8.0785377231295,-15.49769090723916
2018-01-13,BJCO,6.385,2.45,30.7,2018,1,13,1109,0.029610457751761,29.610457751761,0.029001900748221,29.001900748221,0.0303791666666666,30.3791666666666,30.3791666666666,51.747916666666654,30.3791666666666,29.610457751761,51.3713400319384,29.610457751761,29.001900748221,51.629929343059146,29.001900748221,50.470040631123055,-6.4771370118566285,-14.382445867505425,-20.859582879362055,50.063310510595414,-7.355357033257972,-13.706052729116443,-21.061409762374414,50.50641737975137,-5.632390084828707,-14.494860628256063,-20.12725071308477
2018-01-14,BJCO,6.385,2.45,30.7,2018,1,14,1110,0.0356262251921077,35.626225192107704,0.0348507083798317,34.8507083798317,0.0377083333333333,37.7083333333333,37.7083333333333,37.7083333333333,37.7083333333333,35.626225192107704,35.626225192107704,35.626225192107704,34.8507083798317,34.8507083798317,34.8507083798317,50.46401080710279,-4.4914390321534805,-10.346346582841605,-14.837785614995084,50.057845562090236,-5.4415090985907995,-9.765628083667735,-15.207137182258535,50.5026303817214,-6.1056551357963915,-6.688641912591713,-12.794297048388103
2018-01-15,BJCO,6.385,2.45,30.7,2018,1,15,1111,0.0391295234887123,39.1295234887123,0.0410184817717476,41.0184817717476,0.04385,43.85,43.85,43.85,43.85,39.1295234887123,39.1295234887123,39.1295234887123,41.0184817717476,41.0184817717476,41.0184817717476,50.45795092254943,-10.195354894034143,-1.1330725398029813,-11.328427433837128,50.05236266174364,-9.443762488751423,0.40988159875538344,-9.033880889996041,50.49883049864529,-6.654260737332991,0.0054302386877012054,-6.648830498645289
2018-01-16,BJCO,6.385,2.45,30.7,2018,1,16,1112,0.0433156050397514,43.3156050397514,0.0403126237814189,40.3126237814189,0.0439125,43.9125,43.9125,43.9125,43.9125,43.3156050397514,43.3156050397514,43.3156050397514,40.3126237814189,40.3126237814189,40.3126237814189,50.45186187577622,-8.033262305056263,0.8970054690314413,-7.13625683602482,50.04686271992585,-7.2457387374526245,-2.488500201054322,-9.734238938506948,50.495018337716914,-5.093508996085075,-1.489009341631835,-6.5825183377169125
2018-01-17,BJCO,6.385,2.45,30.7,2018,1,17,1113,0.0421196540810578,42.1196540810578,0.0407719260979565,40.771926097956495,0.0414041666666666,41.404166666666605,41.404166666666605,41.404166666666605,41.404166666666605,42.1196540810578,42.1196540810578,42.1196540810578,40.771926097956495,40.771926097956495,40.771926097956495,50.4457445149094,-9.028506160987245,0.7024157271356515,-8.326090433851597,50.04134661371146,-9.303070978426977,0.03365046267200711,-9.269420515754966,50.49119448139236,-7.223947384938612,-1.8630804297871464,-9.087027814725758
2018-01-18,BJCO,6.385,2.45,30.7,2018,1,18,1114,0.0371467415676133,37.1467415676133,0.0348884359146535,34.8884359146535,0.035675,35.675,35.675,35.675,35.675,37.1467415676133,37.1467415676133,37.1467415676133,34.8884359146535,34.8884359146535,34.8884359146535,50.439599611309035,-8.892432895284436,-4.400425148411301,-13.292858043695738,50.035815183512774,-6.508997864578887,-8.638381404280388,-15.147379268859275,50.4873594837573,-8.146181320305853,-6.666178163451448,-14.812359483757305
2018-01-19,BJCO,6.385,2.45,30.7,2018,1,19,1115,0.0322835201343322,32.2835201343322,0.0333912484487193,33.3912484487193,0.0325416666666666,32.5416666666666,32.5416666666666,51.747916666666654,32.5416666666666,32.2835201343322,51.3713400319384,32.2835201343322,33.3912484487193,33.3912484487193,33.3912484487193,50.43342791250196,-6.668089377805629,-11.481818400364133,-18.149907778169762,50.03026929718798,-5.513414120308227,-11.125606728160449,-16.639020848468675,50.483513942876876,-4.4326916223179795,-13.509155653892293,-17.941847276210275
2018-01-20,BJCO,6.385,2.45,30.7,2018,1,20,1116,0.0371199184683326,37.1199184683326,0.0343765393289879,34.376539328987896,0.0373916666666666,37.3916666666666,37.3916666666666,37.3916666666666,37.3916666666666,37.1199184683326,37.1199184683326,37.1199184683326,34.376539328987896,34.376539328987896,34.376539328987896,50.42723015396306,-3.361157277499655,-9.946154408130802,-13.30731168563046,50.02470986755118,-2.965819571585456,-12.682350966977829,-15.648170538563285,50.47965850212311,-2.160931511008021,-10.927060324448483,-13.087991835456506
2018-01-21,BJCO,6.385,2.45,30.7,2018,1,21,1117,0.0438365959329441,43.8365959329441,0.0423981555925361,42.398155592536106,0.0441,44.1,44.1,44.1,44.1,43.8365959329441,43.8365959329441,43.8365959329441,42.398155592536106,42.398155592536106,42.398155592536106,50.421007104165085,-3.8361254649646446,-2.7482857062563397,-6.584411171220985,50.01913785858032,-4.063705242149443,-3.5572770238947697,-7.620982266044216,50.475793818734104,-3.512693804013521,-2.8631000147205796,-6.375793818734103
2018-01-22,BJCO,6.385,2.45,30.7,2018,1,22,1118,0.0359697907243854,35.9697907243854,0.0363214754024064,36.3214754024064,0.0398833333333333,39.8833333333333,39.8833333333333,39.8833333333333,39.8833333333333,35.9697907243854,35.9697907243854,35.9697907243854,36.3214754024064,36.3214754024064,36.3214754024064,50.414759576806674,-2.4936444607233694,-11.95132439169791,-14.444968852421276,50.013554272374485,-2.2770644741645785,-11.41501439580351,-13.692078869968086,50.47192057153227,-0.9646057158294654,-9.623981522369512,-10.588587238198976
2018-01-23,BJCO,6.385,2.45,30.7,2018,1,23,1119,0.0378022551420671,37.802255142067104,0.0380367524900032,38.0367524900032,0.0409333333333333,40.9333333333333,40.9333333333333,40.9333333333333,40.9333333333333,37.802255142067104,37.802255142067104,37.802255142067104,38.0367524900032,38.0367524900032,38.0367524900032,50.40848841036446,-2.493046981064689,-10.113186287232672,-12.606233268297359,50.007960137860124,-0.48485102845324185,-11.48635661940368,-11.971207647856922,50.46803945566568,-0.13892061296154118,-9.395785509370839,-9.53470612233238
2018-01-24,BJCO,6.385,2.45,30.7,2018,1,24,1120,0.0432919640148586,43.2919640148586,0.0398476641202177,39.8476641202177,0.0409583333333333,40.9583333333333,40.9583333333333,40.9583333333333,40.9583333333333,43.2919640148586,43.2919640148586,43.2919640148586,39.8476641202177,39.8476641202177,39.8476641202177,50.40219443680236,-3.2554428362068943,-3.854787585736865,-7.110230421943761,50.00235645137568,0.17708368388337498,-10.331776015041356,-10.154692331157982,50.464151131197,0.7953175881748318,-10.301135386038531,-9.505817797863699
2018-01-25,BJCO,6.385,2.45,30.7,2018,1,25,1121,0.0351811453886158,35.1811453886158,0.0360004738818972,36.0004738818972,0.0387791666666666,38.7791666666666,38.7791666666666,38.7791666666666,38.7791666666666,35.1811453886158,35.1811453886158,35.1811453886158,36.0004738818972,36.0004738818972,36.0004738818972,50.3958784981627,0.6644947128309223,-15.879227822377821,-15.214733109546899,49.99674416291396,0.26658189430602885,-14.262852175322791,-13.996270281016763,50.460256227157835,0.342051900300559,-12.023141460791798,-11.681089560491237
2018-01-26,BJCO,6.385,2.45,30.7,2018,1,26,1122,0.03186235712424,31.862357124240003,0.0308169606255799,30.816960625579902,0.0330833333333333,33.0833333333333,39.0666666666666,51.747916666666654,33.0833333333333,31.862357124240003,51.3713400319384,31.862357124240003,30.816960625579902,51.629929343059146,30.816960625579902,50.389541448425454,1.0524964615879597,-19.579680785773412,-18.527184324185452,49.99112417223811,0.3201377331126683,-19.494301279770877,-19.174163546658207,50.4563553585175,1.76532934974453,-13.155018041595433,-11.3896886918509
2018-01-27,BJCO,6.385,2.45,30.7,2018,1,27,1123,0.0369887152074185,36.988715207418494,0.0359385131644717,35.9385131644717,0.0390666666666666,39.0666666666666,39.0666666666666,39.0666666666666,39.0666666666666,36.988715207418494,36.988715207418494,36.988715207418494,35.9385131644717,35.9385131644717,35.9385131644717,50.383184088946265,1.484869043008796,-14.879337924536564,-13.394468881527771,49.98549729786065,0.9562506517643293,-15.003234785153275,-14.046984133388946,50.45244909001353,2.6979667293903,-14.083749152737234,-11.385782423346932
2018-01-28,BJCO,6.385,2.45,30.7,2018,1,28,1124,0.0423232862472852,42.3232862472852,0.0396516901137379,39.6516901137379,0.0419083333333333,41.908333333333296,41.908333333333296,41.908333333333296,41.908333333333296,42.3232862472852,42.3232862472852,42.3232862472852,39.6516901137379,39.6516901137379,39.6516901137379,50.37680717396729,-7.742218922965552,-0.31130200371653416,-8.05352092668209,49.979864272460716,1.4433507821243183,-11.771524940847137,-10.328174158722817,50.44853793963257,3.1041780774253307,-11.644382683724608,-8.540204606299277
2018-01-29,BJCO,6.385,2.45,30.7,2018,1,29,1125,0.0409568974774904,40.9568974774904,0.03943644393446,39.43644393446,0.0386624999999999,38.662499999999895,38.662499999999895,38.662499999999895,38.662499999999895,40.9568974774904,40.9568974774904,40.9568974774904,39.43644393446,39.43644393446,39.43644393446,50.37041149629882,2.4125844991482768,-11.826098517956694,-9.41351401880842,49.97422577185249,1.8828175802312543,-12.420599417623741,-10.537781837392487,50.444622367346284,2.852648968687319,-14.634771336033708,-11.782122367346389
2018-01-30,BJCO,6.385,2.45,30.7,2018,1,30,1126,0.0389072567567777,38.9072567567777,0.0374903625101177,37.4903625101177,0.0371875,37.1875,37.1875,37.1875,37.1875,38.9072567567777,38.9072567567777,38.9072567567777,37.4903625101177,37.4903625101177,37.4903625101177,50.36399792043128,2.5064013692167095,-13.963142532870293,-11.456741163653582,49.968582447669874,2.5679280864396072,-15.046148023991783,-12.478219937552176,50.44070281126858,-0.11192514283333242,-13.141277668435244,-13.25320281126858
2018-02-01,BJCO,6.385,2.45,30.7,2018,2,1,1128,0.031138153867578,31.138153867578,0.0298893202401612,29.8893202401612,0.0329541666666666,32.954166666666595,32.954166666666595,51.747916666666654,32.954166666666595,31.138153867578,51.3713400319384,31.138153867578,29.8893202401612,51.629929343059146,29.8893202401612,50.35112080500674,2.792862867872252,-22.005829805300987,-19.212966937428735,49.95728405121369,3.20384294826281,-23.2718067593153,-20.06796381105249,50.43285378928269,2.4355175061292162,-19.91420462874531,-17.478687122616094
2018-02-02,BJCO,6.385,2.45,30.7,2018,2,2,1129,0.0377086015445183,37.7086015445183,0.0355459549837156,35.5459549837156,0.0376958333333333,37.6958333333333,37.6958333333333,37.6958333333333,37.6958333333333,37.7086015445183,37.7086015445183,37.7086015445183,35.5459549837156,35.5459549837156,35.5459549837156,50.344659101588185,2.7266836233136726,-15.362741180383559,-12.636057557069883,49.951630420904515,3.3160399753816376,-17.721715412570546,-14.405675437188911,50.42892545719519,2.2078663439778348,-14.940958467839728,-12.733092123861894
2018-02-03,BJCO,6.385,2.45,30.7,2018,2,3,1130,0.0410418264687053,41.0418264687053,0.0400073923984463,40.0073923984463,0.0404375,40.4375,40.4375,40.4375,40.4375,41.0418264687053,41.0418264687053,41.0418264687053,40.0073923984463,40.0073923984463,40.0073923984463,50.33818312091877,2.602366406683032,-11.8987230588965,-9.296356652213468,49.94597479690599,2.534302040809739,-12.472884439269436,-9.938582398459694,50.42499535114305,1.7116174438698686,-11.699112795012923,-9.987495351143053
2018-02-04,BJCO,6.385,2.45,30.7,2018,2,4,1131,0.039017006223682,39.017006223682,0.0382363496972605,38.2363496972605,0.0385291666666666,38.5291666666666,38.5291666666666,38.5291666666666,38.5291666666666,39.017006223682,39.017006223682,39.017006223682,38.2363496972605,38.2363496972605,38.2363496972605,50.331693628575614,4.217814619927252,-15.532502024820865,-11.314687404893611,49.940317833448354,3.5044506066456207,-15.208418742833473,-11.703968136187854,50.42106400542742,-1.7354620640591822,-10.156435274701636,-11.89189733876082
2018-02-05,BJCO,6.385,2.45,30.7,2018,2,5,1132,0.0394743860093602,39.4743860093602,0.0370898308089742,37.0898308089742,0.0392916666666666,39.2916666666666,39.2916666666666,39.2916666666666,39.2916666666666,39.4743860093602,39.4743860093602,39.4743860093602,37.0898308089742,37.0898308089742,37.0898308089742,50.32519128054088,2.7900644097369884,-13.64086968091766,-10.850805271180676,49.93466010012569,1.962925935924805,-14.8077552270763,-12.844829291151491,50.4171318903301,2.0304140630764205,-13.155879286739918,-11.125465223663497
2018-02-06,BJCO,6.385,2.45,30.7,2018,2,6,1133,0.0428207847645776,42.8207847645776,0.039390907979297,39.390907979297,0.0406166666666666,40.6166666666666,40.6166666666666,40.6166666666666,40.6166666666666,42.8207847645776,42.8207847645776,42.8207847645776,39.390907979297,39.390907979297,39.390907979297,50.31867667432304,-7.116769971410042,-0.3811219383353901,-7.497891909745434,49.92900208819183,0.6903646053679546,-11.228458714262786,-10.538094108894832,50.41319941641434,0.766148018238702,-10.562680767986443,-9.79653274974774
2018-02-07,BJCO,6.385,2.45,30.7,2018,2,7,1134,0.049886049647249,49.886049647249,0.0487424920085355,48.7424920085355,0.0501666666666666,50.1666666666666,50.1666666666666,50.1666666666666,50.1666666666666,49.886049647249,49.886049647249,49.886049647249,48.7424920085355,48.7424920085355,48.7424920085355,50.31215037531616,-1.9215388250951821,1.4954380970280283,-0.42610072806715493,49.92334426960645,-2.152914775387011,0.9720625143160575,-1.180852261070953,50.40926698713557,-1.5296959529014504,1.2870956324324823,-0.2426003204689664
2018-02-08,BJCO,6.385,2.45,30.7,2018,2,8,1135,0.053466429366984,53.466429366984,0.0534940814782717,53.494081478271696,0.0542666666666666,54.2666666666666,54.2666666666666,54.2666666666666,54.2666666666666,53.466429366984,53.466429366984,53.466429366984,53.494081478271696,53.494081478271696,53.494081478271696,50.305612970997224,2.6004732714492875,0.5603431245374892,3.160816395986778,49.91768714146794,4.79982177133304,-1.2234274345292846,3.5763943368037587,50.40533503776824,4.9586939091126885,-1.0973622802143268,3.8613316288983626
2018-02-09,BJCO,6.385,2.45,30.7,2018,2,9,1136,0.0554305592243743,55.4305592243743,0.0521307076148695,52.1307076148695,0.0538833333333333,53.8833333333333,53.8833333333333,53.8833333333333,53.8833333333333,53.466429366984,55.4305592243743,55.4305592243743,52.1307076148695,52.1307076148695,52.1307076148695,50.299065108937945,5.300382596995708,-2.133018338949654,3.1673642580460566,49.912031247335335,4.506915743185846,-2.288239375651685,2.218676367534165,50.401404056683994,4.675388918658019,-1.1934596420087118,3.4819292766493035
2018-02-10,BJCO,6.385,2.45,30.7,2018,2,10,1137,0.0545383313535112,54.5383313535112,0.0543593158371489,54.3593158371489,0.0536333333333333,53.6333333333333,53.6333333333333,53.6333333333333,53.6333333333333,54.5383313535112,54.5383313535112,54.5383313535112,52.1307076148695,54.3593158371489,54.3593158371489,50.29250749186992,5.463902435590781,-1.218078573949505,4.245823861641277,49.90637718756899,4.56766645747997,-2.343336030179465,2.224330427300508,50.39747459496049,4.585744088982351,-1.3498853506095472,3.235858738372805
2018-02-11,BJCO,6.385,2.45,30.7,2018,2,11,1138,0.0532015834457479,53.2015834457479,0.0518878856796844,51.8878856796844,0.0553083333333333,55.3083333333333,53.6333333333333,55.3083333333333,55.3083333333333,53.2015834457479,53.2015834457479,53.2015834457479,51.8878856796844,51.8878856796844,51.8878856796844,50.28594088857807,4.3790390822845415,-1.4633965251147103,2.915642557169832,49.90072560616969,3.8074459384917767,-1.8202858649770661,1.9871600735147084,50.3935472557573,4.182217242643645,-0.9424311650676458,3.2397860775759995
2018-02-12,BJCO,6.385,2.45,30.7,2018,2,12,1139,0.0542322137357345,54.2322137357345,0.0525638672013917,52.5638672013917,0.0525833333333333,52.5833333333333,52.5833333333333,52.5833333333333,52.5833333333333,54.2322137357345,54.2322137357345,54.2322137357345,52.5638672013917,52.5638672013917,52.5638672013917,50.279366088493546,5.294684221194328,-1.3418365739533797,3.952847647240951,49.895077171496624,3.698768310315513,-1.029978280420437,2.668790029895078,50.38962264608141,3.394906084376373,-1.2011953971244864,2.193710687251887
2018-02-13,BJCO,6.385,2.45,30.7,2018,2,13,1140,0.0482018531508092,48.2018531508092,0.0479991585675845,47.9991585675845,0.0492666666666666,49.2666666666666,49.2666666666666,49.2666666666666,49.2666666666666,48.2018531508092,48.2018531508092,48.2018531508092,47.9991585675845,47.9991585675845,47.9991585675845,50.2727839150183,-0.9580150479642638,-1.112915716244835,-2.070930764209102,49.88943257454428,-3.189042816100945,1.2987688091411655,-1.8902740069597783,50.38570139311117,-1.9536270533735285,0.8345923269289628,-1.1190347264445677
2018-02-14,BJCO,6.385,2.45,30.7,2018,2,14,1141,0.0440068878362815,44.0068878362815,0.0427883437874041,42.7883437874041,0.0456458333333333,45.6458333333333,45.6458333333333,45.6458333333333,45.6458333333333,48.2018531508092,44.0068878362815,44.0068878362815,47.9991585675845,42.7883437874041,42.7883437874041,50.26619516766981,0.7007915215676818,-2.7651335384282874,-2.064342016860607,49.88379250254488,-1.119316658262008,-0.7653172766983687,-1.8846339349603767,50.381784141782454,-1.4690171902453413,-3.266933618203815,-4.735950808449154
2018-02-15,BJCO,6.385,2.45,30.7,2018,2,15,1142,0.0472744340838553,47.2744340838553,0.0455475873021512,45.5475873021512,0.0457291666666666,45.7291666666666,45.7291666666666,45.7291666666666,45.7291666666666,47.2744340838553,47.2744340838553,47.2744340838553,45.5475873021512,45.5475873021512,45.5475873021512,50.25960056076562,-6.042832173259064,3.0576656963487423,-2.9851664769103223,49.878157546777985,-0.5341037242726493,-3.7964665203541372,-4.330570244626784,50.377871486112454,2.3905453741194234,-7.03925019356528,-4.648704819445854
2018-02-16,BJCO,6.385,2.45,30.7,2018,2,16,1143,0.0475617454392694,47.5617454392694,0.0461877178779706,46.1877178779706,0.0472458333333333,47.2458333333333,47.2458333333333,47.2458333333333,47.2458333333333,47.5617454392694,47.5617454392694,47.5617454392694,46.1877178779706,46.1877178779706,46.1877178779706,50.25300074420997,-4.672376122149003,1.981120817208435,-2.6912553049405687,49.87252821703975,-5.860309168088298,2.1754988290191477,-3.684810339069152,50.37396400501611,-4.8739697089381995,1.7458390372553865,-3.1281306716828112
2018-02-17,BJCO,6.385,2.45,30.7,2018,2,17,1144,0.0516877271017266,51.6877271017266,0.0481248747119898,48.1248747119898,0.0492333333333333,49.233333333333306,49.233333333333306,49.233333333333306,49.233333333333306,51.6877271017266,51.6877271017266,51.6877271017266,48.1248747119898,48.1248747119898,48.1248747119898,50.246396374996685,3.5739760628625312,-2.1326453361326188,1.441330726729916,49.866904984411384,3.3984203006544966,-5.140450573076087,-1.7420302724215873,50.37006227704694,3.579536671829775,-4.716265615543406,-1.136728943713635
2018-02-18,BJCO,6.385,2.45,30.7,2018,2,18,1145,0.0526403609206441,52.6403609206441,0.0532779823443135,53.2779823443135,0.0529791666666666,52.9791666666666,52.9791666666666,52.9791666666666,52.9791666666666,52.6403609206441,52.6403609206441,52.6403609206441,53.2779823443135,53.2779823443135,53.2779823443135,50.23978817589689,3.836563027715785,-1.4359902829685751,2.4005727447472083,49.861288301082936,3.9632970316593936,-0.5466029884288304,3.4166940432305637,50.366166895722166,3.3078842188456634,-0.6948844479012308,2.612999770944434
2018-02-19,BJCO,6.385,2.45,30.7,2018,2,19,1146,0.0522613100527457,52.2613100527457,0.0505462493442386,50.5462493442386,0.0504416666666666,50.4416666666666,50.4416666666666,50.4416666666666,50.4416666666666,52.2613100527457,52.2613100527457,52.2613100527457,50.5462493442386,50.5462493442386,50.5462493442386,50.23317691336539,3.990925114985162,-1.9627919756048513,2.0281331393803086,49.855678585736676,3.33651639846222,-2.6459456399602956,0.6905707585019272,50.36227848831058,2.3057732810665397,-2.2263851027105233,0.07938817835601952
2018-02-20,BJCO,6.385,2.45,30.7,2018,2,20,1147,0.05205266828572,52.05266828572,0.054253889925828,54.253889925828,0.0530333333333333,53.0333333333333,53.0333333333333,53.0333333333333,53.0333333333333,52.05266828572,52.05266828572,52.05266828572,54.253889925828,54.253889925828,54.253889925828,50.22656333333279,-17.342992485510116,19.169097437897335,1.8261049523872117,49.85007624980062,-15.973566810690489,20.37738048671787,4.403813676027376,50.358397713555895,-17.34153773096498,20.01647335074238,2.6749356197774077
2018-02-21,BJCO,6.385,2.45,30.7,2018,2,21,1148,0.048413260997316,48.413260997316,0.0485974105382861,48.5974105382861,0.0491625,49.1625,49.1625,49.1625,49.1625,48.413260997316,48.413260997316,48.413260997316,48.5974105382861,48.5974105382861,48.5974105382861,50.21994814738959,-18.844234179424294,17.037547029350705,-1.8066871500735857,49.84448174882365,-18.873230693523382,17.626159482985834,-1.2470712105375483,50.35452527970754,-18.18435978500031,16.992334505292767,-1.1920252797075364
2018-02-22,BJCO,6.385,2.45,30.7,2018,2,22,1149,0.0445530063487119,44.5530063487119,0.0451043499783772,45.1043499783772,0.0489249999999999,48.9249999999999,48.9249999999999,48.9249999999999,48.9249999999999,44.5530063487119,44.5530063487119,44.5530063487119,45.1043499783772,45.1043499783772,45.1043499783772,50.21333206962298,-19.738845949622448,14.078520228711369,-5.660325720911082,49.83889556343651,-19.77524326791603,15.040697682856717,-4.734545585059308,50.350661943380935,-19.34080537002087,17.915143426639837,-1.4256619433810371
2018-02-23,BJCO,6.385,2.45,30.7,2018,2,23,1150,0.0477121528713347,47.7121528713347,0.0464826919153753,46.482691915375305,0.0468041666666666,46.8041666666666,46.8041666666666,46.8041666666666,46.8041666666666,47.7121528713347,47.7121528713347,47.7121528713347,46.482691915375305,46.482691915375305,46.482691915375305,50.20671583866289,-16.058518921268373,13.563955953940187,-2.4945629673281857,49.83331819247581,-16.80378057550121,13.453154298400712,-3.3506262771005026,50.3468085060731,-16.255154852510053,12.712513013103553,-3.5426418394064996
2018-02-24,BJCO,6.385,2.45,30.7,2018,2,24,1151,0.0533488810798429,53.3488810798429,0.0524541442325941,52.454144232594096,0.0513708333333333,51.3708333333333,51.3708333333333,51.3708333333333,51.3708333333333,53.3488810798429,53.3488810798429,53.3488810798429,52.454144232594096,52.454144232594096,52.454144232594096,50.20010020940617,-14.456137200194934,17.604918070631655,3.148780870436724,49.82775017325961,-15.845581452918024,18.471975512252506,2.626394059334487,50.342965806636805,-14.809691572108663,15.837559098805166,1.0278675266964967
2018-02-25,BJCO,6.385,2.45,30.7,2018,2,25,1152,0.055863677109424,55.863677109424,0.0533516542153849,53.3516542153849,0.0542041666666666,54.2041666666666,54.2041666666666,54.2041666666666,54.2041666666666,55.863677109424,55.863677109424,55.863677109424,53.3516542153849,53.3516542153849,53.3516542153849,50.19348595164825,-12.04928140479429,17.71947256257004,5.670191157775754,49.82219210302017,-11.2434658395276,14.772927951892328,3.529462112364726,50.33913472054955,-11.101881099263055,14.96691304538011,3.8650319461170497
2018-02-26,BJCO,6.385,2.45,30.7,2018,2,26,1153,0.0521874233031778,52.1874233031778,0.0572700545982275,57.2700545982275,0.0577625,57.7625,57.7625,57.7625,57.7625,52.1874233031778,52.1874233031778,52.1874233031778,57.2700545982275,57.2700545982275,57.2700545982275,50.186873821162926,-5.649609292380042,7.650158774394917,2.0005494820148755,49.81664459994399,-7.262839934797226,14.71624993308074,7.453409998283512,50.33531613942981,-7.421453915180397,14.84863777575059,7.427183860570196
2018-02-27,BJCO,6.385,2.45,30.7,2018,2,27,1154,0.0461112805523917,46.1112805523917,0.0483653997772022,48.3653997772022,0.0495541666666666,49.5541666666666,49.5541666666666,49.5541666666666,49.5541666666666,46.1112805523917,46.1112805523917,46.1112805523917,48.3653997772022,48.3653997772022,48.3653997772022,50.180264538976466,-3.9659155774343184,-0.10306840915045257,-4.068983986584769,49.811108242374566,-3.366178965629434,1.9204705004570641,-1.4457084651723662,50.33151092530876,-2.859694283209905,2.082350024567745,-0.7773442586421595
2018-02-28,BJCO,6.385,2.45,30.7,2018,2,28,1155,0.0498500426164875,49.8500426164875,0.0514552139438532,51.4552139438532,0.050825,50.825,50.825,50.825,50.825,49.8500426164875,49.8500426164875,49.8500426164875,51.4552139438532,51.4552139438532,51.4552139438532,50.17365882214343,-3.9106106251895536,3.5869944195336245,-0.32361620565593086,49.80558359581054,-6.673255360504692,8.322885708547354,1.6496303480426633,50.32771990148592,-5.985567328159868,6.482847426673949,0.49728009851408217
2018-03-01,BJCO,6.385,2.45,30.7,2018,3,1,1156,0.0470668159071884,47.0668159071884,0.0485416336618219,48.5416336618219,0.0488458333333333,48.845833333333296,48.845833333333296,48.845833333333296,48.845833333333296,47.0668159071884,47.0668159071884,47.0668159071884,48.5416336618219,48.5416336618219,48.5416336618219,50.16705740763342,-2.8285966512341245,-0.27164484921090093,-3.100241500445023,49.80007124286733,-3.362728138630709,2.104290557585273,-1.2584375810454347,50.32394388932789,-3.2334302367605385,1.7553196807659432,-1.478110555994597
2018-03-02,BJCO,6.385,2.45,30.7,2018,3,2,1157,0.0432472090701991,43.2472090701991,0.0432584425505342,43.258442550534205,0.0438708333333333,43.8708333333333,43.8708333333333,43.8708333333333,43.8708333333333,43.2472090701991,43.2472090701991,43.2472090701991,43.258442550534205,43.258442550534205,43.258442550534205,50.16046104213651,-2.8898943580102117,-4.023357613927203,-6.913251971937413,49.79457179392795,-4.208847509993762,-2.3272817333999853,-6.536129243393745,50.320183730778105,-4.280317858384594,-2.169032539060211,-6.449350397444803
2018-03-03,BJCO,6.385,2.45,30.7,2018,3,3,1158,0.0424336072897441,42.4336072897441,0.0390320528608701,39.0320528608701,0.0411125,41.1125,43.8708333333333,41.1125,41.1125,42.4336072897441,42.4336072897441,42.4336072897441,43.258442550534205,39.0320528608701,39.0320528608701,50.1538704421616,1.698911775693165,-9.419174928110657,-7.720263152417495,49.7890858398082,-0.43759131646874544,-6.093051972805249,-6.530643289273996,50.31644022782845,-0.2754369072192208,-6.170169987275926,-6.44560689449515
2018-03-04,BJCO,6.385,2.45,30.7,2018,3,4,1159,0.0440666001448187,44.0666001448187,0.0417380571751021,41.7380571751021,0.0430583333333333,43.0583333333333,43.0583333333333,43.0583333333333,43.0583333333333,44.0666001448187,44.0666001448187,44.0666001448187,43.258442550534205,41.7380571751021,41.7380571751021,50.14728627205474,-3.2941851740278554,-2.78650095320819,-6.080686127236042,49.783613927145524,-4.385064590647021,-2.1401067859642993,-6.525171376611318,50.31271412797395,-4.142088488417631,-3.1122923062230115,-7.254380794640646
2018-03-05,BJCO,6.385,2.45,30.7,2018,3,5,1160,0.0442869292441354,44.2869292441354,0.043120445355153,43.120445355153,0.0433708333333333,43.3708333333333,43.3708333333333,43.3708333333333,43.3708333333333,44.2869292441354,44.2869292441354,44.2869292441354,43.120445355153,43.120445355153,43.120445355153,50.14070918869495,-4.197522038794415,-1.6562579057651305,-5.853779944559548,49.77815662747514,-6.214564746643618,-0.44314652567852164,-6.657711272322139,50.30900614621182,-6.194460052507484,-0.7437127603710323,-6.93817281287852
2018-03-06,BJCO,6.385,2.45,30.7,2018,3,6,1161,0.0448236064987269,44.8236064987269,0.0442244120476081,44.224412047608105,0.0439916666666666,43.9916666666666,43.9916666666666,43.9916666666666,43.9916666666666,44.8236064987269,44.8236064987269,44.8236064987269,44.224412047608105,44.224412047608105,44.224412047608105,50.134139850733504,-3.394385484161017,-1.9161478678455808,-5.310533352006601,49.772714528373776,-6.301658435344116,0.7533559545784456,-5.5483024807656705,50.30531695740361,-5.876774355652792,-0.43687593508421685,-6.313650290737009
2018-03-07,BJCO,6.385,2.45,30.7,2018,3,7,1162,0.0488699954902419,48.86999549024191,0.047743730259691,47.743730259691006,0.0474375,47.4375,47.4375,47.4375,47.4375,48.86999549024191,48.86999549024191,48.86999549024191,47.743730259691006,47.743730259691006,47.743730259691006,50.127578930050696,-2.27596416912263,1.0183807293138472,-1.2575834398087835,49.76728819490415,-5.016784939026029,2.9932270038128905,-2.023557935213141,50.30164719780689,-4.651490769824804,1.7873435720179103,-2.8641471978068935
2018-03-08,BJCO,6.385,2.45,30.7,2018,3,8,1163,0.0525362630894748,52.5362630894748,0.0499711877084791,49.9711877084791,0.0501041666666666,50.1041666666666,50.1041666666666,50.1041666666666,50.1041666666666,52.5362630894748,52.5362630894748,52.5362630894748,49.9711877084791,49.9711877084791,49.9711877084791,50.12102712810583,-1.8020253217573372,4.217261283126305,2.415235961368971,49.76187819394983,-4.174264210617608,4.383573725146874,0.2093095145292665,50.29799748694125,-3.7705514332142513,3.576720612939603,-0.19383082027464837
2018-03-09,BJCO,6.385,2.45,30.7,2018,3,9,1164,0.0539136814152093,53.9136814152093,0.0516390930414095,51.639093041409495,0.0520791666666666,52.0791666666666,52.0791666666666,52.0791666666666,52.0791666666666,53.9136814152093,53.9136814152093,53.9136814152093,51.639093041409495,51.639093041409495,51.639093041409495,50.114485174976906,-1.57374460478314,5.372940845015528,3.7991962402323907,49.75648509828504,-2.0655924680185835,3.9482004111430413,1.8826079431244551,50.294368436796496,-1.7983040046458834,3.583102234515991,1.7847982298701055
2018-03-10,BJCO,6.385,2.45,30.7,2018,3,10,1165,0.0517453111544554,51.7453111544554,0.0521368845388638,52.13688453886381,0.0523625,52.3625,52.3625,52.3625,52.3625,51.7453111544554,51.7453111544554,51.7453111544554,52.13688453886381,52.13688453886381,52.13688453886381,50.10795384534733,-0.7728481315006555,2.4102054406087277,1.6373573091080686,49.7511095217254,-1.4451734929614422,3.8309485100998586,2.385775017138414,50.29076067816827,-1.7099842110087085,3.781723532840438,2.0717393218317284
2018-03-11,BJCO,6.385,2.45,30.7,2018,3,11,1166,0.051810062142001,51.810062142001,0.0503290117931399,50.3290117931399,0.049225,49.225,49.225,49.225,49.225,51.810062142001,51.810062142001,51.810062142001,50.3290117931399,50.3290117931399,50.3290117931399,50.101433978645794,-0.9156025357754048,2.6242306991306137,1.7086281633552076,49.74575211571766,-2.5740858193355334,3.1573454967577774,0.5832596774222409,50.287174867407956,-2.3202247340570845,1.2580498666491309,-1.062174867407954
2018-03-12,BJCO,6.385,2.45,30.7,2018,3,12,1167,0.0484259945537601,48.4259945537601,0.0499498787095677,49.9498787095677,0.0501416666666666,50.1416666666666,50.1416666666666,50.1416666666666,50.1416666666666,48.4259945537601,48.4259945537601,48.4259945537601,49.9498787095677,49.9498787095677,49.9498787095677,50.09492645287779,-2.2589848763776352,0.590052977259937,-1.6689318991176947,49.74041358936187,-2.6627954922472457,2.8722606124530756,0.2094651202058273,50.283611683618986,-2.315669495642406,2.173724478690019,-0.14194501695238415
2018-03-13,BJCO,6.385,2.45,30.7,2018,3,13,1168,0.0471183453039521,47.1183453039521,0.0469885098069649,46.9885098069649,0.0474916666666666,47.4916666666666,47.4916666666666,47.4916666666666,47.4916666666666,47.1183453039521,47.1183453039521,47.1183453039521,46.9885098069649,46.9885098069649,46.9885098069649,50.08843215240757,-2.823043702796725,-0.1470431456587491,-2.970086848455473,49.73509467460155,-3.552638132263274,0.8060532646266267,-2.746584867636649,50.28007180360235,-3.3097182429480534,0.5213131060123075,-2.7884051369357437
2018-03-14,BJCO,6.385,2.45,30.7,2018,3,14,1169,0.0455895216149643,45.58952161496431,0.0431216601512769,43.1216601512769,0.0436166666666666,43.6166666666666,43.6166666666666,43.6166666666666,43.6166666666666,45.58952161496431,45.58952161496431,45.58952161496431,43.1216601512769,43.1216601512769,43.1216601512769,50.08195196795333,-2.1509131226298814,-2.3415172303591376,-4.492430352989018,49.72979612080073,-3.421841002213301,-3.1862949673105305,-6.608135969523829,50.276555911936875,-3.777797653535308,-2.8820915917349623,-6.659889245270271
2018-03-15,BJCO,6.385,2.45,30.7,2018,3,15,1170,0.0467042855054851,46.7042855054851,0.0460806291704913,46.0806291704913,0.0460583333333333,46.0583333333333,46.0583333333333,46.0583333333333,46.0583333333333,46.7042855054851,46.7042855054851,46.7042855054851,46.0806291704913,46.0806291704913,46.0806291704913,50.0754867356382,-2.3601515520948673,-1.011049678058228,-3.3712012301530976,49.724518667201664,-2.8650368082673774,-0.7788526884429885,-3.643889496710365,50.273064647325775,-3.0746722041528542,-1.1400591098396191,-4.214731313992473
2018-03-16,BJCO,6.385,2.45,30.7,2018,3,16,1171,0.0445059583983027,44.5059583983027,0.044583187632127,44.583187632127,0.0443916666666666,44.3916666666666,44.3916666666666,44.3916666666666,44.3916666666666,44.5059583983027,44.5059583983027,44.5059583983027,44.583187632127,44.583187632127,44.583187632127,50.06903725571413,-2.459435481212841,-3.1036433761985833,-5.563078857411426,49.71926303411585,-3.1546803309692466,-1.9813950710195982,-5.1360754019888475,50.26959858711398,-3.8945659147135268,-1.9833660057338562,-5.877931920447381
2018-03-17,BJCO,6.385,2.45,30.7,2018,3,17,1172,0.0486565275603086,48.65652756030861,0.0490336629841036,49.0336629841036,0.0484291666666666,48.4291666666666,48.4291666666666,48.4291666666666,48.4291666666666,48.65652756030861,48.65652756030861,48.65652756030861,49.0336629841036,49.0336629841036,49.0336629841036,50.062604314103446,-1.38886199052818,-0.01721476326665794,-1.406076753794835,49.714029884900754,-1.7119443539202353,1.0315774531230844,-0.6803669007971536,50.266158249668614,-1.682315190047003,-0.1546763929550039,-1.8369915830020105
2018-03-18,BJCO,6.385,2.45,30.7,2018,3,18,1173,0.0499250089530001,49.9250089530001,0.0531332538372452,53.1332538372452,0.0514125,51.4125,51.4125,51.4125,51.4125,49.9250089530001,49.9250089530001,49.9250089530001,53.1332538372452,53.1332538372452,53.1332538372452,50.05618869388972,-0.3837480348927368,0.25256829400311887,-0.13117974088962114,49.70881987963886,0.29389580326491926,3.130538154341423,3.4244339576063396,50.262744141480084,-0.3892097035161796,1.538965562036097,1.1497558585199172
2018-03-19,BJCO,6.385,2.45,30.7,2018,3,19,1174,0.0476718432716455,47.6718432716455,0.0476606485955624,47.6606485955624,0.0483666666666666,48.3666666666666,51.4125,48.3666666666666,48.3666666666666,47.6718432716455,47.6718432716455,47.6718432716455,47.6606485955624,47.6606485955624,47.6606485955624,50.04979124000744,-1.5827798764289833,-0.7951680919329505,-2.377947968361937,49.70363374789337,-2.2249539926137887,0.18196884028282057,-2.0429851523309708,50.25935680433231,-1.0264054941161467,2.179548689783836,1.1531431956676883
2018-03-20,BJCO,6.385,2.45,30.7,2018,3,20,1175,0.0504627561365277,50.4627561365277,0.0508739446756776,50.8739446756776,0.0515791666666666,51.5791666666666,51.5791666666666,51.5791666666666,51.5791666666666,50.4627561365277,50.4627561365277,50.4627561365277,50.8739446756776,50.8739446756776,50.8739446756776,50.043412880414074,0.42844918842228574,-0.009105932308656861,0.41934325611362766,49.69847229430963,1.598374327137706,-0.4229019457697376,1.1754723813679675,50.25599680001545,1.8941926146349932,-0.5710227479838466,1.323169866651149
2018-03-21,BJCO,6.385,2.45,30.7,2018,3,21,1176,0.0489246931058909,48.924693105890896,0.0496546647658317,49.6546647658317,0.0522624999999999,52.262499999999896,52.262499999999896,52.262499999999896,52.262499999999896,48.924693105890896,48.924693105890896,48.924693105890896,49.6546647658317,49.6546647658317,49.6546647658317,50.03705457129748,-9.65125648552243,8.538895020115845,-1.112361465406586,49.69333633778429,-9.160624939482963,9.121953367530374,-0.038671571952590966,50.252664696356796,-8.948127952883986,10.957963256527087,2.0098353036431007
2018-03-22,BJCO,6.385,2.45,30.7,2018,3,22,1177,0.0521900626729995,52.190062672999495,0.0539707962373642,53.9707962373642,0.0522375,52.2375,52.2375,52.2375,52.2375,52.190062672999495,52.190062672999495,52.190062672999495,53.9707962373642,53.9707962373642,53.9707962373642,50.0307173178799,0.7912281211583584,1.368117233961236,2.159345355119598,49.6882267452887,2.4865163528546037,1.796053139220895,4.2825694920754955,50.249361113063216,0.9300690829814637,1.0580698039553198,1.988138886936781
2018-03-23,BJCO,6.385,2.45,30.7,2018,3,23,1178,0.057778770748328,57.778770748328,0.0563627901963711,56.3627901963711,0.0559541666666666,55.9541666666666,53.125,55.9541666666666,55.9541666666666,57.778770748328,57.778770748328,57.778770748328,53.7203919511295,56.3627901963711,56.3627901963711,50.02440219001083,6.111177323228624,1.643191235088544,7.754368558317168,49.683144440784,3.1220684708308557,0.9151790395146477,4.037247510345502,50.246086711205216,3.176018837272914,-0.29710554847812887,2.8789132887947844
2018-03-24,BJCO,6.385,2.45,30.7,2018,3,24,1179,0.0558999038040651,55.8999038040651,0.0568641172088819,56.86411720888189,0.0566875,56.6875,56.6875,56.6875,56.6875,55.8999038040651,55.8999038040651,55.8999038040651,53.7203919511295,56.86411720888189,56.86411720888189,50.0181102584877,-14.57185438578226,20.453647931359647,5.881793545577395,49.67809036202775,3.3972860330019627,0.6450155560997857,4.042301589101747,50.242842123311064,4.509306331684368,1.9353515450045649,6.444657876688936
2018-03-25,BJCO,6.385,2.45,30.7,2018,3,25,1180,0.0538668627867719,53.8668627867719,0.0537203919511295,53.7203919511295,0.0548166666666666,54.8166666666666,54.8166666666666,54.8166666666666,54.8166666666666,53.8668627867719,53.8668627867719,53.8668627867719,53.7203919511295,53.7203919511295,53.7203919511295,50.011842555586085,-12.12459308406763,15.979613315253445,3.8550202311858115,49.67306540880988,2.425076548518653,1.6222499938009634,4.047326542319617,50.23962792292728,2.959755075310725,1.6172836684285912,4.577038743739315
2018-03-26,BJCO,6.385,2.45,30.7,2018,3,26,1181,0.0520757290397863,52.0757290397863,0.0523427794640707,52.342779464070695,0.053125,53.125,53.125,53.125,53.125,52.0757290397863,52.0757290397863,52.0757290397863,52.342779464070695,52.342779464070695,52.342779464070695,50.00560007434778,-11.969258247545863,14.03938721298438,2.0701289654385207,49.668070423608526,-12.496966587926641,15.171675628388812,2.6747090404621687,50.23644462416738,-12.235567942667247,15.124123318499862,2.888555375832617
2018-03-27,BJCO,6.385,2.45,30.7,2018,3,27,1182,0.0520579091768015,52.0579091768015,0.0516900133096447,51.6900133096447,0.0522125,52.2125,52.2125,52.2125,52.2125,52.0579091768015,52.0579091768015,52.0579091768015,51.6900133096447,51.6900133096447,51.6900133096447,49.99938376957138,-6.242501343641079,8.301026750871202,2.058525407230121,49.66310618585128,-11.280122092738905,13.307029216532328,2.0269071237934213,50.23329272953686,-9.791814339378957,11.771021609842094,1.9792072704631352
2018-03-28,BJCO,6.385,2.45,30.7,2018,3,28,1183,0.0504263458191448,50.4263458191448,0.0512987225159084,51.2987225159084,0.0516166666666666,51.6166666666666,51.6166666666666,51.6166666666666,51.6166666666666,50.4263458191448,50.4263458191448,50.4263458191448,51.2987225159084,51.2987225159084,51.2987225159084,49.99319453791444,-1.740788669336132,2.173939950566492,0.4331512812303586,49.65817343391533,-2.4745988826052554,4.115147964598329,1.640549081993072,50.23017273105308,-0.8004025428590448,2.186896478472569,1.3864939356135224
2018-03-29,BJCO,6.385,2.45,30.7,2018,3,29,1184,0.0535342462830096,53.5342462830096,0.0525616920067288,52.5616920067288,0.0530666666666666,53.0666666666666,53.0666666666666,53.0666666666666,53.0666666666666,53.5342462830096,53.5342462830096,53.5342462830096,52.5616920067288,52.5616920067288,52.5616920067288,49.98703320908906,2.321083130326184,1.2261299435943513,3.5472130739205383,49.653272878070105,1.1054938534775818,1.80292527518111,2.908419128658693,50.227085102239016,2.693970285204768,0.14561127922281258,2.839581564427583
2018-04-03,BJCO,6.385,2.45,30.7,2018,4,3,1189,0.0478326489263525,47.8326489263525,0.0486203589586776,48.6203589586776,0.047725,47.725,47.725,47.725,47.725,47.8326489263525,47.8326489263525,47.8326489263525,48.6203589586776,48.6203589586776,48.6203589586776,49.956670213897766,-1.5879580386351437,-0.5360632489101249,-2.1240212875452684,49.62927548617778,-1.5588856219618517,0.549969094461666,-1.0089165275001832,50.212147379064994,-2.241157582052993,-0.24598979701200108,-2.487147379064993
2018-04-04,BJCO,6.385,2.45,30.7,2018,4,4,1190,0.0455357505913093,45.5357505913093,0.0466158486431414,46.615848643141405,0.0470666666666666,47.0666666666666,47.0666666666666,47.0666666666666,47.0666666666666,45.5357505913093,45.5357505913093,45.5357505913093,46.615848643141405,46.615848643141405,46.615848643141405,49.95069086361625,-5.011600593191149,0.5966603208841974,-4.41494027230695,49.62458133887755,-3.1687969383809516,0.16006424264480756,-3.0087326957361427,50.20926296214806,-3.3309507076280798,0.18835441214661586,-3.142596295481461
2018-04-05,BJCO,6.385,2.45,30.7,2018,4,5,1191,0.0458467700613052,45.8467700613052,0.0456690086031912,45.6690086031912,0.0451541666666666,45.1541666666666,45.1541666666666,45.1541666666666,45.1541666666666,45.8467700613052,45.8467700613052,45.8467700613052,45.6690086031912,45.6690086031912,45.6690086031912,49.944743866177504,-4.648313718935887,0.550339914063585,-4.097973804872304,49.619923568700294,-0.19677928195779681,-3.754135683551297,-3.9509149655090923,50.206413857108316,-5.63790157056976,0.5856543801280409,-5.052247190441719
2018-04-06,BJCO,6.385,2.45,30.7,2018,4,6,1192,0.0482844140691438,48.2844140691438,0.0486511063747772,48.6511063747772,0.0498833333333333,49.8833333333333,49.8833333333333,49.8833333333333,49.8833333333333,48.2844140691438,48.2844140691438,48.2844140691438,48.6511063747772,48.6511063747772,48.6511063747772,49.93882957974066,-0.3841316972910115,-1.270283813305852,-1.6544155105968628,49.61530255193022,0.9204653949417073,-1.8846615720947284,-0.9641961771530205,50.20360031480285,-1.10375935323476,0.783492371765206,-0.3202669814695511
2018-04-07,BJCO,6.385,2.45,30.7,2018,4,7,1193,0.0497207251174951,49.7207251174951,0.0507349784298097,50.7349784298097,0.0507916666666666,50.7916666666666,50.7916666666666,50.7916666666666,50.7916666666666,49.7207251174951,49.7207251174951,49.7207251174951,50.7349784298097,50.7349784298097,50.7349784298097,49.932948246137364,3.822254537027979,-4.034477665670245,-0.21222312864226467,49.610718590256056,2.5701124906389654,-1.4458526510853176,1.1242598395536447,50.20082250036736,2.6311260258572537,-2.0402818595580143,0.5908441662992416
2018-04-08,BJCO,6.385,2.45,30.7,2018,4,8,1194,0.0501336381796127,50.1336381796127,0.0498668459563175,49.8668459563175,0.0499875,49.9875,49.9875,49.9875,49.9875,50.1336381796127,50.1336381796127,50.1336381796127,49.8668459563175,49.8668459563175,49.8668459563175,49.927100037095464,4.590584866609018,-4.384046724091782,0.206538142517239,49.60617192400546,2.3552907027536643,-2.0946166704416243,0.2606740323120391,50.198080515623644,1.9433769202733318,-2.1539574358969773,-0.2105805156236471
2018-04-09,BJCO,6.385,2.45,30.7,2018,4,9,1195,0.0538864401388282,53.8864401388282,0.0525533673520906,52.5533673520906,0.0536541666666666,53.6541666666666,49.9875,53.6541666666666,53.6541666666666,49.0588427441672,53.8864401388282,53.8864401388282,52.5533673520906,52.5533673520906,52.5533673520906,49.92128512404072,3.703057739781021,-4.565500119654544,-0.8624423798735208,49.6016627949799,3.7315309567637187,-0.7798263996530181,2.951704557110702,50.195374477118996,2.6322503776975386,-2.840124854816537,-0.20787447711899887
2018-04-10,BJCO,6.385,2.45,30.7,2018,4,10,1196,0.0490588427441672,49.0588427441672,0.053541968110623,53.541968110623,0.0528625,52.8625,52.8625,52.8625,52.8625,49.0588427441672,49.0588427441672,49.0588427441672,53.541968110623,53.541968110623,53.541968110623,49.915503713679946,2.0167532650097235,-2.873414234522471,-0.8566609695127454,49.59719151256907,3.005517037532791,0.939259560521144,3.9447765980539344,50.19270454960157,2.7074741359806644,-0.03767868558223597,2.669795450398425
2018-04-11,BJCO,6.385,2.45,30.7,2018,4,11,1197,0.0454534335947595,45.4534335947595,0.0482327798337866,48.2327798337866,0.0497583333333333,49.7583333333333,49.7583333333333,49.7583333333333,49.7583333333333,45.4534335947595,45.4534335947595,45.4534335947595,48.2327798337866,48.2327798337866,48.2327798337866,49.909755993755965,5.671284699656769,-10.127607098653229,-4.456322398996463,49.592758443773256,4.372509439982931,-5.732488049969582,-1.3599786099866549,50.190070949637445,4.548260294580619,-4.979997910884769,-0.4317376163041473
2018-04-12,BJCO,6.385,2.45,30.7,2018,4,12,1198,0.0434555015737293,43.4555015737293,0.0443564439667051,44.3564439667051,0.0444666666666666,44.4666666666666,44.4666666666666,44.4666666666666,44.4666666666666,43.4555015737293,43.4555015737293,43.4555015737293,44.3564439667051,44.3564439667051,44.3564439667051,49.90404213580585,5.428717723513831,-11.877258285590386,-6.448540562076552,49.588363989090986,5.48045187723784,-10.712371899623726,-5.231920022385886,50.18747393531908,4.9641096929300215,-10.684916961582509,-5.720807268652486
2018-04-13,BJCO,6.385,2.45,30.7,2018,4,13,1199,0.0442965074479448,44.2965074479448,0.0438404048783981,43.8404048783981,0.0445333333333333,44.5333333333333,44.5333333333333,44.5333333333333,44.5333333333333,44.2965074479448,44.2965074479448,44.2965074479448,43.8404048783981,43.8404048783981,43.8404048783981,49.898362325888606,5.468667277108495,-11.070522155052302,-5.601854877943808,49.58400859096101,5.18189858472836,-10.925502297291274,-5.743603712562916,50.184913808828895,4.89849166967489,-10.550072145170482,-5.651580475495592
2018-04-14,BJCO,6.385,2.45,30.7,2018,4,14,1200,0.0507095111669704,50.7095111669704,0.0471873671764029,47.1873671764029,0.0496166666666666,49.6166666666666,49.6166666666666,49.6166666666666,49.6166666666666,50.7095111669704,50.7095111669704,50.7095111669704,47.1873671764029,47.1873671764029,47.1873671764029,49.89271668738566,5.178549693575072,-4.361755213990328,0.8167944795847433,49.57969267282836,6.47553568587617,-8.867861182301624,-2.3923254964254568,50.18239083685931,3.982518396991399,-4.548242567184111,-0.5657241701927092
2018-04-15,BJCO,6.385,2.45,30.7,2018,4,15,1201,0.0565660172760947,56.5660172760947,0.0561153021607643,56.11530216076429,0.0559291666666666,55.9291666666666,55.9291666666666,55.9291666666666,55.9291666666666,56.5660172760947,56.5660172760947,56.5660172760947,56.11530216076429,56.11530216076429,56.11530216076429,49.887105262192065,5.311256568758478,1.3676554451441518,6.678912013902632,49.57541659785019,5.837062523755687,0.7028230391584032,6.539885562914094,50.17990522022025,4.650536502134341,1.0987249443120106,5.749261446446354
2018-04-16,BJCO,6.385,2.45,30.7,2018,4,16,1202,0.0527661841601354,52.7661841601354,0.0537932343356042,53.7932343356042,0.0530875,53.087500000000006,53.087500000000006,53.087500000000006,53.087500000000006,52.7661841601354,52.7661841601354,52.7661841601354,53.7932343356042,53.7932343356042,53.7932343356042,49.88152808235396,3.5144174702297235,-0.6297613924482803,2.884656077781443,49.57118067930875,4.452448417878685,-0.23039476158324135,4.222053656295444,50.17745712009818,3.9652956910939645,-1.0552528111921404,2.910042879901823
2018-04-17,BJCO,6.385,2.45,30.7,2018,4,17,1203,0.0488280330753721,48.8280330753721,0.0497845014226391,49.784501422639096,0.0499875,49.9875,49.9875,49.9875,49.9875,48.8280330753721,48.8280330753721,48.8280330753721,49.784501422639096,49.784501422639096,49.784501422639096,49.87598520651986,3.3395373646013295,-4.387489495749087,-1.0479521311477598,49.56698523277885,2.7944923045944563,-2.576976114734208,0.21751618986024823,50.175046702131915,2.1365957332960392,-2.3241424354279587,-0.18754670213191815
2018-04-18,BJCO,6.385,2.45,30.7,2018,4,18,1204,0.0507628764502426,50.7628764502426,0.0506023056025595,50.602305602559504,0.0507499999999999,50.7499999999999,50.7499999999999,50.7499999999999,50.7499999999999,50.7628764502426,50.7628764502426,50.7628764502426,50.602305602559504,50.602305602559504,50.602305602559504,49.87047673181604,3.896126597079657,-3.0037268786530973,0.8923997184265602,49.56283057601189,2.5990331405834537,-1.5595581140358377,1.0394750265476134,50.17267413602322,1.7487897059009019,-1.171463841924222,0.5773258639766823
2018-04-19,BJCO,6.385,2.45,30.7,2018,4,19,1205,0.0524503244146176,52.4503244146176,0.0515444589576412,51.5444589576412,0.0513333333333333,51.3333333333333,51.3333333333333,51.3333333333333,51.3333333333333,52.4503244146176,52.4503244146176,52.4503244146176,51.5444589576412,51.5444589576412,51.5444589576412,49.86500280983852,4.846160123998754,-2.260838519219682,2.5853216047790752,49.558717034707406,3.0029694662646023,-1.0172275433308116,1.9857419229337907,50.170339616349374,2.912505376811626,-1.7495116598276965,1.1629937169839266
2018-04-20,BJCO,6.385,2.45,30.7,2018,4,20,1206,0.0481412548618841,48.1412548618841,0.0529293827643495,52.9293827643495,0.0519416666666666,51.9416666666666,51.9416666666666,51.9416666666666,51.9416666666666,48.1412548618841,48.1412548618841,48.1412548618841,52.9293827643495,52.9293827643495,52.9293827643495,49.85956364456824,1.3404577355696046,-3.058766518253748,-1.7183087826841401,49.554644946363055,3.8026751685531868,-0.42793735056674365,3.3747378179864427,50.16804335334115,1.8316853199778151,-0.05806200665236361,1.7736233133254515
2018-04-21,BJCO,6.385,2.45,30.7,2018,4,21,1207,0.0477337606411312,47.7337606411312,0.0493133171346195,49.313317134619496,0.0508083333333333,50.8083333333333,50.8083333333333,50.8083333333333,50.8083333333333,52.3277157731223,47.7337606411312,47.7337606411312,49.313317134619496,49.313317134619496,49.313317134619496,49.85415947542816,2.993982785515884,-0.5204264878217444,2.473556297694138,49.55061463904623,2.5429627940571367,-2.7802602984838742,-0.23729750442673492,50.165785566567685,2.6612097031091215,-2.0186619363435057,0.6425477667656168
2018-04-22,BJCO,6.385,2.45,30.7,2018,4,22,1208,0.0527568391082457,52.7568391082457,0.0534463448947566,53.4463448947566,0.0532208333333333,53.2208333333333,53.2208333333333,53.2208333333333,53.2208333333333,52.7568391082457,52.7568391082457,52.7568391082457,53.4463448947566,53.4463448947566,53.4463448947566,49.848790556984206,0.6324413016627858,2.275607249598707,2.908048551261494,49.54662641201296,4.06852855419427,-0.1688100714506291,3.899718482743637,50.16356644730248,2.5670063995938652,0.4902604864369593,3.057266886030824
2018-04-23,BJCO,6.385,2.45,30.7,2018,4,23,1209,0.0523277157731223,52.3277157731223,0.0511622665626739,51.1622665626739,0.0513958333333333,51.3958333333333,51.3958333333333,51.3958333333333,51.3958333333333,52.3277157731223,52.3277157731223,52.3277157731223,51.1622665626739,51.1622665626739,51.1622665626739,49.843457109467586,-1.551650554635886,4.035909218290598,2.484258663654714,49.542680539261276,-2.6983834853921613,4.3179695088047865,1.619586023412623,50.16138614490759,0.9337476936457166,0.30069949477999813,1.2344471884257118
2018-04-24,BJCO,6.385,2.45,30.7,2018,4,24,1210,0.0523466419365789,52.3466419365789,0.0516047752763149,51.6047752763149,0.0514,51.4,51.4,51.4,51.4,52.3466419365789,52.3466419365789,52.3466419365789,51.6047752763149,51.6047752763149,51.6047752763149,49.838159303123,-1.1432797235393073,3.6517623569952065,2.5084826334558983,49.53877726557002,-2.3216409687339197,4.387638979478801,2.0659980107448845,50.15924477840291,1.540790455622075,-0.3000352340249819,1.240755221597091
2018-04-25,BJCO,6.385,2.45,30.7,2018,4,25,1211,0.0526304959488656,52.6304959488656,0.0531896686214586,53.1896686214586,0.05375,53.75,53.75,53.75,53.75,52.6304959488656,52.6304959488656,52.6304959488656,53.1896686214586,53.1896686214586,53.1896686214586,49.832897293111365,-1.0570895138358969,3.8546881695901334,2.7975986557542356,49.53491679886871,4.493152343379758,-0.838400520789861,3.654751822589894,50.15714245328634,2.7149619115290498,0.8778956351846077,3.5928575467136596
2018-04-26,BJCO,6.385,2.45,30.7,2018,4,26,1212,0.047374129095597,47.374129095597006,0.0501195437469755,50.119543746975495,0.0509208333333333,50.9208333333333,50.9208333333333,50.9208333333333,50.9208333333333,52.3466419365789,47.374129095597006,47.374129095597006,50.119543746975495,50.119543746975495,50.119543746975495,49.82767121982267,-1.4362117672886188,3.9551824840448475,2.518970716756229,49.53109930352381,-2.472209918332463,3.0606543617841453,0.5884444434516851,50.155079246571766,1.315491386721196,-0.5497372999596664,0.7657540867615324
2018-04-27,BJCO,6.385,2.45,30.7,2018,4,27,1213,0.0499982657081384,49.998265708138405,0.0484162665768536,48.4162665768536,0.0499916666666666,49.9916666666666,49.9916666666666,49.9916666666666,49.9916666666666,49.998265708138405,49.998265708138405,49.998265708138405,48.4162665768536,48.4162665768536,48.4162665768536,49.822481209768405,-1.9602310909099558,2.136015589279957,0.17578449836999965,49.52732494185654,-2.9724002730355816,1.8613419080326423,-1.1110583650029398,50.15305523496505,1.1047609464605486,-1.2661495147590003,-0.16138856829844883
2018-04-28,BJCO,6.385,2.45,30.7,2018,4,28,1214,0.0569113864705098,56.9113864705098,0.0562468540810762,56.2468540810762,0.05735,57.35,57.35,57.35,57.35,56.9113864705098,56.9113864705098,56.9113864705098,56.2468540810762,56.2468540810762,56.2468540810762,49.81732737924337,-1.1102503697187498,8.204309460985172,7.094059091266423,49.52359383148201,-1.4262983171777706,8.149558566771958,6.72326024959419,50.151070465941444,4.460559450317851,2.738370083740705,7.198929534058557
2018-04-29,BJCO,6.385,2.45,30.7,2018,4,29,1215,0.0562019660939648,56.2019660939648,0.0554240895267982,55.4240895267982,0.0562958333333333,56.2958333333333,56.2958333333333,56.2958333333333,56.2958333333333,56.2019660939648,56.2019660939648,56.2019660939648,55.4240895267982,55.4240895267982,55.4240895267982,49.81220986077229,-2.145440465305658,8.535196698498162,6.389756233192507,49.5199060660351,-2.432198903106191,8.33638236386929,5.9041834607631,50.14912497491335,3.565833550758182,2.5808748076617647,6.14670835841995
2018-04-30,BJCO,6.385,2.45,30.7,2018,4,30,1216,0.0557403834621962,55.7403834621962,0.0525625159606897,52.5625159606897,0.0542291666666666,54.2291666666666,54.2291666666666,54.2291666666666,54.2291666666666,55.7403834621962,55.7403834621962,55.7403834621962,52.5625159606897,52.5625159606897,52.5625159606897,49.807128830167585,-1.1197820079013974,7.0530366399300135,5.933254632028614,49.51626177658234,-1.2998082630139731,4.346062447121334,3.0462541841073616,50.147218814029685,3.550598417472382,0.531349435164536,4.081947852636915
2018-05-01,BJCO,6.385,2.45,30.7,2018,5,1,1217,0.0547528576552759,54.752857655275896,0.0534068755488411,53.4068755488411,0.0535791666666666,53.5791666666666,53.5791666666666,53.5791666666666,53.5791666666666,54.752857655275896,54.752857655275896,54.752857655275896,53.4068755488411,53.4068755488411,53.4068755488411,49.80208453841874,6.106352592639242,-1.1555794757820834,4.950773116857157,49.512661156140595,0.9194804078244698,2.974733984876032,3.894214392700505,50.145352075905684,3.2378846965087713,0.1959298942521457,3.4338145907609174
2018-05-02,BJCO,6.385,2.45,30.7,2018,5,2,1218,0.0555381640260081,55.5381640260081,0.0536370586273562,53.63705862735621,0.0534125,53.4125,53.4125,53.4125,53.4125,55.5381640260081,55.5381640260081,55.5381640260081,53.63705862735621,53.63705862735621,53.63705862735621,49.79707730809153,0.7753426781849682,4.965744039731597,5.741086717916566,49.509104432251895,4.942467482834343,-0.8145132877300298,4.127954195104316,50.143524886626686,3.1166030178375768,0.15237209553573905,3.2689751133733154
2018-05-04,BJCO,6.385,2.45,30.7,2018,5,4,1220,0.053035797996624,53.035797996624,0.0529975292790609,52.9975292790609,0.0540125,54.0125,54.0125,54.0125,54.0125,53.035797996624,53.035797996624,53.035797996624,52.9975292790609,52.9975292790609,52.9975292790609,49.78717549281888,0.03226853031492875,3.216353973490186,3.248622503805116,49.502123614317284,-2.3526287860772004,5.848034450820812,3.4954056647436147,50.13998972258022,3.3072441753491293,0.5652661020706589,3.872510277419785
2018-05-05,BJCO,6.385,2.45,30.7,2018,5,5,1221,0.0447089321905797,44.708932190579695,0.0523875922966044,52.3875922966044,0.0548875,54.8875,54.8875,54.8875,54.8875,54.752857655275896,44.708932190579695,44.708932190579695,52.3875922966044,52.3875922966044,52.3875922966044,49.78228152695473,6.09675394329163,-1.1261778149704682,4.970576128321163,49.49869992297405,0.6863049048504084,2.202587468779946,2.8888923736303553,50.138281931257474,4.157430765981955,0.5917873027605722,4.749218068742529
2018-09-18,BJCO,6.385,2.45,30.7,2018,9,18,1357,0.0545540281494388,54.5540281494388,0.0551007920829305,55.1007920829305,0.0568375,56.8375,56.8375,56.8375,56.8375,54.5540281494388,54.5540281494388,54.5540281494388,55.1007920829305,55.1007920829305,55.1007920829305,49.71357348454086,4.368847709180454,0.47160695571749045,4.8404546648979405,49.4526830127778,5.313434125666258,0.3346749444864443,5.6481090701526995,50.117378229382126,4.246942877202345,2.473178893415529,6.720121770617872
2018-09-20,BJCO,6.385,2.45,30.7,2018,9,20,1359,0.0561174718511476,56.1174718511476,0.0531374113357928,53.1374113357928,0.0535125,53.5125,53.5125,53.5125,53.5125,56.1174718511476,56.1174718511476,56.1174718511476,53.1374113357928,53.1374113357928,53.1374113357928,49.70509470868234,2.7765338988292005,3.63584324363606,6.41237714246526,49.44729424723744,1.8109351194826198,1.8791819690727394,3.690117088555361,50.115242017379735,0.5806044663280534,2.816653516292213,3.3972579826202676
2018-09-30,BJCO,6.385,2.45,30.7,2018,9,30,1369,0.0578065479406729,57.8065479406729,0.0563413666742419,56.341366674241904,0.0549416666666666,54.9416666666666,54.9416666666666,54.9416666666666,54.9416666666666,57.8065479406729,57.8065479406729,57.8065479406729,56.341366674241904,56.341366674241904,56.341366674241904,49.66500745509936,4.002872550453049,4.138667935120495,8.141540485573543,49.42276328393894,4.31708477649311,2.6015186138098514,6.9186033903029625,50.10665878573146,2.4043028097185686,2.430705071216572,4.835007880935137
2018-10-01,BJCO,6.385,2.45,30.7,2018,10,1,1370,0.0557301939136823,55.7301939136823,0.0532534769327054,53.2534769327054,0.0533583333333333,53.3583333333333,53.3583333333333,53.3583333333333,53.3583333333333,55.7301939136823,55.7301939136823,55.7301939136823,53.2534769327054,53.2534769327054,53.2534769327054,49.66119923607454,4.579680759814376,1.489313917793389,6.068994677607762,49.4205134547081,4.117355016354046,-0.2843915383567506,3.8329634779972963,50.10597980165562,3.0790619794761263,0.17329155220154746,3.2523535316776773
2018-10-04,BJCO,6.385,2.45,30.7,2018,10,4,1373,0.0564862931632019,56.4862931632019,0.0534109437368911,53.4109437368911,0.0527958333333333,52.7958333333333,52.7958333333333,52.7958333333333,52.7958333333333,56.4862931632019,56.4862931632019,56.4862931632019,53.4109437368911,53.4109437368911,53.4109437368911,49.64998038585595,5.274174915862175,1.5621378614837766,6.836312777345952,49.41396608789414,4.974203443130959,-0.9772257941340001,3.9969776489969604,50.104124088047506,3.8916852830302284,-1.1999760377444346,2.691709245285793
2018-10-05,BJCO,6.385,2.45,30.7,2018,10,5,1374,0.0568875088548595,56.8875088548595,0.0548930429023373,54.8930429023373,0.0545666666666666,54.5666666666666,54.5666666666666,54.5666666666666,54.5666666666666,56.8875088548595,56.8875088548595,56.8875088548595,54.8930429023373,54.8930429023373,54.8930429023373,49.64630814963741,6.172756771004923,1.0684439342171643,7.241200705222084,49.41184921118892,5.551892141364495,-0.07069845021612053,5.481193691148377,50.103564498687696,4.601306512082422,-0.13820434410352078,4.463102167978903
2018-10-06,BJCO,6.385,2.45,30.7,2018,10,6,1375,0.0579552579633417,57.9552579633417,0.0556011384294942,55.6011384294942,0.0556583333333333,55.6583333333333,55.6583333333333,55.6583333333333,55.6583333333333,57.9552579633417,57.9552579633417,57.9552579633417,55.6011384294942,55.6011384294942,55.6011384294942,49.64266918039427,5.325296315460267,2.9872924674871655,8.31258878294743,49.40976437029179,4.757925798422833,1.4334482607795778,6.19137405920241,50.103033757698576,4.4852043743838035,1.070095201250922,5.555299575634727
2018-10-16,BJCO,6.385,2.45,30.7,2018,10,16,1385,0.0549487151380325,54.9487151380325,0.056059601217249,56.059601217249,0.0573958333333333,57.3958333333333,57.3958333333333,57.3958333333333,57.3958333333333,54.9487151380325,54.9487151380325,54.9487151380325,56.059601217249,56.059601217249,56.059601217249,49.608083894853955,4.498713266580148,0.8419179765983955,5.340631243178542,49.390618084617834,5.279939365204656,1.3890437674265144,6.668983132631169,50.09926249168131,4.137851703628376,3.1587191380236135,7.296570841651992
2018-10-17,BJCO,6.385,2.45,30.7,2018,10,17,1386,0.0518820991743728,51.8820991743728,0.0515577933571487,51.5577933571487,0.0534583333333333,53.4583333333333,53.4583333333333,53.4583333333333,53.4583333333333,51.8820991743728,51.8820991743728,51.8820991743728,51.5577933571487,51.5577933571487,51.5577933571487,49.60480334717009,2.85708322681126,-0.5797873996085556,2.277295827202707,49.3888685845146,3.13702192531495,-0.9680971526808477,2.1689247726340994,50.099034324306054,2.275910080382495,1.0833889286447516,3.3592990090272465
2018-10-18,BJCO,6.385,2.45,30.7,2018,10,18,1387,0.0526595429447349,52.659542944734895,0.0519251922845663,51.9251922845663,0.0511291666666666,51.1291666666666,51.1291666666666,51.1291666666666,51.1291666666666,52.659542944734895,52.659542944734895,52.659542944734895,51.9251922845663,51.9251922845663,51.9251922845663,49.601554367886415,2.5124544948800787,0.5455340819683983,3.05798857684848,49.38714780217603,4.829259202479729,-2.2912147200894566,2.5380444823902693,50.09883202902551,3.4760670874983597,-2.4457324498572675,1.03033463764109
2018-10-20,BJCO,6.385,2.45,30.7,2018,10,20,1389,0.0425440633373439,42.5440633373439,0.0407218263667991,40.7218263667991,0.0425083333333333,42.5083333333333,53.0958333333333,42.5083333333333,42.5083333333333,42.5440633373439,42.5440633373439,42.5440633373439,52.0831515715877,40.7218263667991,40.7218263667991,49.59514983395388,2.9662382528987425,-10.017324749508724,-7.051086496609983,49.383790545356284,3.967698915994888,-1.2683378897634725,2.699361026231415,50.09850348228633,2.879850219280696,0.11747963176627252,2.9973298510469704
2018-10-22,BJCO,6.385,2.45,30.7,2018,10,22,1391,0.0563109268545989,56.3109268545989,0.0523507799601281,52.3507799601281,0.0536416666666666,53.6416666666666,53.6416666666666,53.6416666666666,53.6416666666666,56.3109268545989,56.3109268545989,56.3109268545989,52.3507799601281,52.3507799601281,52.3507799601281,49.58886730783032,4.857303183512751,1.8647563632558288,6.722059546768577,49.38054246611043,4.716205781842254,-1.7459682878245815,2.970237494017674,50.0982737362761,3.5022517289196795,0.0411412014708219,3.543392930390503
2018-10-23,BJCO,6.385,2.45,30.7,2018,10,23,1392,0.0565218282032818,56.5218282032818,0.0520831515715877,52.0831515715877,0.0527333333333333,52.7333333333333,52.7333333333333,52.7333333333333,52.7333333333333,56.5218282032818,56.5218282032818,56.5218282032818,52.0831515715877,52.0831515715877,52.0831515715877,49.58577069971438,4.943131663610296,1.992925839957124,6.936057503567419,49.37895818838991,4.045940111053136,-1.3417467278553445,2.70419338319779,50.098195046085095,4.0092312844676075,-1.3740929972194067,2.6351382872482034
2018-10-24,BJCO,6.385,2.45,30.7,2018,10,24,1393,0.0519171773245665,51.9171773245665,0.0522543445277109,52.2543445277109,0.0530958333333333,53.0958333333333,53.0958333333333,53.0958333333333,53.0958333333333,51.9171773245665,51.9171773245665,51.9171773245665,52.2543445277109,52.2543445277109,52.2543445277109,49.582703136034645,4.451986146785805,-2.1175119582539494,2.334474188531857,49.377399766289436,6.212662319219679,-3.335717557798219,2.8769447614214627,50.098140016429106,5.034852379481022,-2.0371590625768263,2.997693316904197
2018-10-25,BJCO,6.385,2.45,30.7,2018,10,25,1394,0.0502886462979449,50.2886462979449,0.0479974295418428,47.9974295418428,0.0489083333333333,48.908333333333296,53.0958333333333,48.908333333333296,48.908333333333296,50.2886462979449,50.2886462979449,50.2886462979449,52.2543445277109,47.9974295418428,47.9974295418428,49.57966392491112,4.4279922006770756,-3.7190098276432906,0.7089823730337841,49.375866617232546,5.030092333188142,-2.151614422709791,2.8784779104783524,50.09810822038237,4.1498508663906675,-1.1521257534397336,2.9977251129509312
2018-10-26,BJCO,6.385,2.45,30.7,2018,10,26,1395,0.0522672229659289,52.2672229659289,0.0483345990178187,48.3345990178187,0.049375,49.375,49.375,49.375,49.375,52.2672229659289,52.2672229659289,52.2672229659289,48.3345990178187,48.3345990178187,48.3345990178187,49.57665225706704,3.115029152135885,-0.4244584432740197,2.6905707088618627,49.37435806290038,3.57771448438715,-4.617473529468832,-1.0397590450816807,50.09809918430791,1.1134026803895456,-1.8365018646974605,-0.7230991843079124
2018-10-27,BJCO,6.385,2.45,30.7,2018,10,27,1396,0.0539331644637685,53.9331644637685,0.052533002195588,52.533002195588,0.0541708333333333,54.1708333333333,54.1708333333333,54.1708333333333,54.1708333333333,53.9331644637685,53.9331644637685,53.9331644637685,52.533002195588,52.533002195588,52.533002195588,49.57366724994515,3.751734859104458,0.6077623547188864,4.359497213823346,49.372873331639965,3.8694813167931104,-0.7093524528450814,3.1601288639480316,50.09811236947453,2.685154359747568,1.3875666041111998,4.072720963858771
2018-10-28,BJCO,6.385,2.45,30.7,2018,10,28,1397,0.0554462827857838,55.4462827857838,0.0539006840206101,53.9006840206101,0.0546958333333333,54.6958333333333,54.6958333333333,54.6958333333333,54.6958333333333,55.4462827857838,55.4462827857838,55.4462827857838,53.9006840206101,53.9006840206101,53.9006840206101,49.57070801864147,5.378220049094484,0.4973547180478448,5.875574767142332,49.37141161436996,4.545461459480514,-0.016189053240374562,4.529272406240139,50.09814719707214,4.5851653460329835,0.01252079022818009,4.59768613626116
2018-10-29,BJCO,6.385,2.45,30.7,2018,10,29,1398,0.0559123806868334,55.9123806868334,0.0555202530510488,55.520253051048805,0.0562,56.2,56.2,56.2,56.2,55.9123806868334,55.9123806868334,55.9123806868334,55.520253051048805,55.520253051048805,55.520253051048805,49.567773676350846,6.22763141236723,0.11697559811532443,6.344607010482555,49.369972058263556,5.846371481130062,0.30390951165518487,6.150280992785248,50.098203047355085,5.308630712494444,0.7931662401504767,6.101796952644918
2018-10-30,BJCO,6.385,2.45,30.7,2018,10,30,1399,0.0528572273662368,52.8572273662368,0.0527482958172255,52.748295817225504,0.0542291666666666,54.2291666666666,54.2291666666666,54.2291666666666,54.2291666666666,52.8572273662368,52.8572273662368,52.8572273662368,52.748295817225504,52.748295817225504,52.748295817225504,49.56486329214404,6.199432878582532,-2.907068804489775,3.2923640740927596,49.3685537646619,5.646388045718781,-2.266645993155173,3.379742052563607,50.098279258878264,4.976050182483416,-0.8451627746950834,4.130887407788336
2018-11-01,BJCO,6.385,2.45,30.7,2018,11,1,1401,0.0534740315610731,53.47403156107311,0.050087077663004,50.087077663004,0.0530875,53.087500000000006,53.087500000000006,53.087500000000006,53.087500000000006,53.47403156107311,53.47403156107311,53.47403156107311,50.087077663004,50.087077663004,50.087077663004,49.55911047644861,4.560027899530565,-0.6451068149060646,3.9149210846245026,49.365777100434954,4.027178657070355,-3.3058780945013098,0.7213005625690485,50.09848989243182,3.7869938432485117,-0.7979837356803259,2.989010107568184
2018-11-03,BJCO,6.385,2.45,30.7,2018,11,3,1403,0.0442701709553605,44.2701709553605,0.0438169887272071,43.816988727207104,0.0450541666666666,45.0541666666666,53.8208333333333,45.0541666666666,45.0541666666666,44.2701709553605,44.2701709553605,44.2701709553605,53.7345078215033,43.816988727207104,43.816988727207104,49.553441295753366,7.833252786205364,-13.116523126598231,-5.283270340392868,49.36307348789028,6.503754705831442,-2.132320372218423,4.371434333613017,50.09877296285018,5.138243980764771,-1.4161836102816494,3.7220603704831206
2018-11-04,BJCO,6.385,2.45,30.7,2018,11,4,1404,0.0565286989635421,56.528698963542105,0.054913634059637,54.913634059637,0.0535625,53.5625,53.5625,53.5625,53.5625,56.528698963542105,56.528698963542105,56.528698963542105,54.913634059637,54.913634059637,54.913634059637,49.55063533562705,7.138733172596116,-0.16066954468106331,6.978063627915056,49.36174645665885,6.479711763105934,-0.9278241601277841,5.551887602978148,50.098939609462754,4.666335949040635,-1.2027755585033901,3.4635603905372463
2018-11-05,BJCO,6.385,2.45,30.7,2018,11,5,1405,0.0571278503320705,57.127850332070494,0.0537345078215033,53.7345078215033,0.0538208333333333,53.8208333333333,53.8208333333333,53.8208333333333,53.8208333333333,57.127850332070494,57.127850332070494,57.127850332070494,53.7345078215033,53.7345078215033,53.7345078215033,49.54784697191169,7.1346463231618555,0.4453570369969526,7.5800033601588055,49.36043453064032,5.834719718114379,-1.4606464272513975,4.374073290862981,50.09912184101809,5.110079956566456,-1.3883684642512506,3.721711492315208
2018-11-06,BJCO,6.385,2.45,30.7,2018,11,6,1406,0.0530724674381839,53.0724674381839,0.054118011477725,54.118011477725,0.0560041666666666,56.0041666666666,56.0041666666666,56.0041666666666,56.0041666666666,53.0724674381839,53.0724674381839,53.0724674381839,54.118011477725,54.118011477725,54.118011477725,49.54507510784965,4.846781428309732,-1.3193890979754812,3.5273923303342514,49.35913663307899,6.085582260930088,-1.32670741628408,4.758874844646009,50.09931874684641,6.420133661384522,-0.5152857415643268,5.904847919820192
2018-11-07,BJCO,6.385,2.45,30.7,2018,11,7,1407,0.0538397693568664,53.8397693568664,0.0547074758044701,54.7074758044701,0.0554666666666666,55.466666666666605,53.8208333333333,55.466666666666605,55.466666666666605,53.8397693568664,53.8397693568664,53.8397693568664,53.7345078215033,54.7074758044701,54.7074758044701,49.54231865576224,3.665083661101279,0.6323670400028831,4.297450701104161,49.35785169955971,4.238404830119409,0.13825129182418294,4.37665612194359,50.09952943417734,3.6298423021605486,0.09146159699540846,3.7213038991559557
2018-11-08,BJCO,6.385,2.45,30.7,2018,11,8,1408,0.0544869139008301,54.4869139008301,0.0532338923939883,53.2338923939883,0.05535,55.35,53.8208333333333,55.35,55.35,54.4869139008301,54.4869139008301,54.4869139008301,53.2338923939883,53.2338923939883,53.2338923939883,49.53957652824567,4.246598028209311,0.7007393443751226,4.947337372584435,49.356578684480226,3.503764463672746,0.3735492458353278,3.8773137095080727,50.09975304113346,2.9630896209849604,0.757990671214877,3.7210802921998365
2018-11-09,BJCO,6.385,2.45,30.7,2018,11,9,1409,0.0468946444582157,46.8946444582157,0.0495503317955232,49.5503317955232,0.0515083333333333,51.5083333333333,51.5083333333333,51.5083333333333,51.5083333333333,46.8946444582157,46.8946444582157,46.8946444582157,49.5503317955232,49.5503317955232,49.5503317955232,49.536847612532576,1.9285493828924587,-4.57075253720933,-2.6422031543168742,49.3553165205969,2.183276335518037,-1.9882610605917392,0.19501527492629833,50.09998869425002,2.6827827563440896,-1.2744381172608144,1.4083446390832748
2018-11-10,BJCO,6.385,2.45,30.7,2018,11,10,1410,0.045953218647272,45.953218647272,0.0462829205039015,46.2829205039015,0.047825,47.825,47.825,47.825,47.825,45.953218647272,45.953218647272,45.953218647272,46.2829205039015,46.2829205039015,46.2829205039015,49.53413080309622,1.2916247263506337,-4.872536882174849,-3.5809121558242154,49.354064156738886,2.4758038466057184,-5.546947499443107,-3.071143652837385,50.100235530756095,0.4789908214905029,-2.7542263522465973,-2.275235530756092
2018-11-11,BJCO,6.385,2.45,30.7,2018,11,11,1411,0.0472304259010116,47.2304259010116,0.045463918683325,45.463918683325,0.047775,47.775,47.775,47.775,47.775,47.2304259010116,47.2304259010116,47.2304259010116,46.460104515682296,45.463918683325,45.463918683325,49.531424980800715,1.821345590851392,-4.1223446706405085,-2.300999079789115,49.352820556595404,1.3778501501896807,-4.2705661911027875,-2.8927160409131076,50.10049267256043,0.2907279357342508,-2.6162206082946824,-2.3254926725604292
2018-11-12,BJCO,6.385,2.45,30.7,2018,11,12,1412,0.0448868188992303,44.88681889923031,0.0442329973958482,44.232997395848194,0.0460458333333333,46.0458333333333,46.0458333333333,46.0458333333333,46.0458333333333,44.88681889923031,44.88681889923031,44.88681889923031,44.232997395848194,44.232997395848194,44.232997395848194,49.52872900888093,1.5244077548546346,-6.1663178645052525,-4.641910109650617,49.35158470365497,5.592686197225964,-10.711273505032743,-5.118587307806777,50.10075921859644,3.8494482934829293,-7.9043741787460675,-4.054925885263138
2018-11-13,BJCO,6.385,2.45,30.7,2018,11,13,1413,0.0487316965615663,48.731696561566295,0.0464601045156823,46.460104515682296,0.047775,47.775,47.775,47.775,47.775,48.731696561566295,48.731696561566295,48.731696561566295,46.460104515682296,46.460104515682296,46.460104515682296,49.52604175325508,-1.409435298744825,0.6150901070560408,-0.7943451916887838,49.35035559418199,6.0982258611143925,-8.988476939614088,-2.890251078499695,50.101034279185356,-2.8023590233045383,0.47632474411918224,-2.3260342791853574
2018-11-14,BJCO,6.385,2.45,30.7,2018,11,14,1414,0.0485387810742234,48.5387810742234,0.0484578504559533,48.4578504559533,0.0493708333333333,49.3708333333333,49.3708333333333,49.3708333333333,49.3708333333333,48.5387810742234,48.5387810742234,48.5387810742234,48.4578504559533,48.4578504559533,48.4578504559533,49.52336212507242,8.409496324238456,-9.39407737508747,-0.984581050849016,49.349132268374014,8.605219583320595,-9.496501395741312,-0.8912818124207149,50.10131700370618,6.4680926930790825,-7.198576363451956,-0.7304836703728768
2018-11-15,BJCO,6.385,2.45,30.7,2018,11,15,1415,0.044847469607707,44.847469607707,0.0474743557220901,47.474355722090095,0.0475375,47.5375,47.5375,47.5375,47.5375,44.847469607707,44.847469607707,44.847469607707,47.474355722090095,47.474355722090095,47.474355722090095,49.52068907940247,8.170362405974444,-12.84358187766992,-4.673219471695475,49.34791381007889,8.12809370669989,-10.001651794688684,-1.8735580879887976,50.10160656189072,6.74447138563542,-9.308577947526139,-2.5641065618907177
2018-11-16,BJCO,6.385,2.45,30.7,2018,11,16,1416,0.0458124142597532,45.8124142597532,0.0453998414189672,45.3998414189672,0.045875,45.875,45.875,45.875,45.875,45.8124142597532,45.8124142597532,45.8124142597532,45.3998414189672,45.3998414189672,45.3998414189672,49.51802157934676,8.079280741931745,-11.784888061525308,-3.705607319593561,49.346699291421594,6.41503109465205,-10.361888967106445,-3.9468578724543946,50.10190209551446,6.7434658966189405,-10.970367992133404,-4.226902095514461
2018-11-17,BJCO,6.385,2.45,30.7,2018,11,17,1417,0.0472140582474152,47.2140582474152,0.0464059367335839,46.4059367335839,0.0469625,46.9625,46.9625,46.9625,46.9625,47.2140582474152,47.2140582474152,47.2140582474152,46.4059367335839,46.4059367335839,46.4059367335839,49.51535863377227,6.75196783297461,-9.053268219331677,-2.3013003863570702,49.34548775113261,6.150630452340362,-9.090181469889075,-2.939551017548709,50.10220271155415,5.34163314542127,-8.48133585697542,-3.1397027115541505
2018-11-18,BJCO,6.385,2.45,30.7,2018,11,18,1418,0.0492134837588184,49.2134837588184,0.0486732748977527,48.6732748977527,0.0486041666666666,48.6041666666666,48.6041666666666,48.6041666666666,48.6041666666666,49.2134837588184,49.2134837588184,49.2134837588184,48.6732748977527,48.6732748977527,48.6732748977527,49.51269930679996,3.598558926439045,-3.8977744744206078,-0.2992155479815608,49.34427820062604,3.653188879300062,-4.324192182173405,-0.6710033028733449,50.10250751619829,2.785151938436893,-4.2834927879685765,-1.4983408495316866
2018-11-19,BJCO,6.385,2.45,30.7,2018,11,19,1419,0.0515470637284601,51.5470637284601,0.0511245722177319,51.1245722177319,0.050875,50.875,50.875,50.875,50.875,51.5470637284601,51.5470637284601,51.5470637284601,51.1245722177319,51.1245722177319,51.1245722177319,49.51004271737577,3.0754406107887715,-1.03841959970444,2.0370210110843345,49.34306967118097,3.5446480057669794,-1.763145459216048,1.7815025465509322,50.102815637266374,2.526284072751548,-1.7540997100179254,0.7721843627336256
2018-11-20,BJCO,6.385,2.45,30.7,2018,11,20,1420,0.0489916051961575,48.9916051961575,0.0537359502642931,53.7359502642931,0.0527666666666666,52.7666666666666,52.7666666666666,52.7666666666666,52.7666666666666,48.9916051961575,48.9916051961575,48.9916051961575,53.7359502642931,53.7359502642931,53.7359502642931,49.507388020026745,1.2439104600702928,-1.7596932839395407,-0.5157828238692446,49.34186119827985,5.034878067100565,-0.6407890010873132,4.394089066013251,50.103126193758435,2.840202804611692,-0.1766623317035254,2.663540472908167
2018-11-21,BJCO,6.385,2.45,30.7,2018,11,21,1421,0.0441624785574812,44.1624785574812,0.0445856565745428,44.5856565745428,0.0463875,46.3875,46.3875,46.3875,46.3875,44.1624785574812,44.1624785574812,44.1624785574812,44.5856565745428,44.5856565745428,44.5856565745428,49.50473433216655,-1.2861469524274625,-4.056108822257883,-5.3422557746853485,49.34065181273002,4.355151809239677,-9.1101470474269,-4.75499523818722,50.103438277629515,1.5186027562534496,-5.234541033882962,-3.715938277629512
2018-11-22,BJCO,6.385,2.45,30.7,2018,11,22,1422,0.0426089753020584,42.6089753020584,0.0416847214009608,41.6847214009608,0.0419166666666666,41.9166666666666,41.9166666666666,41.9166666666666,41.9166666666666,42.6089753020584,42.6089753020584,42.6089753020584,41.6847214009608,41.6847214009608,41.6847214009608,49.50208071814869,1.4006886033450243,-8.293794019435317,-6.893105416090293,49.33944052158501,1.242393204324004,-8.897112324948218,-7.654719120624215,50.10375095608532,-4.640155330564824,-3.546928958853897,-8.18708428941872
2018-11-24,BJCO,6.385,2.45,30.7,2018,11,24,1424,0.0450481373568444,45.0481373568444,0.0435298524714622,43.529852471462206,0.0466375,46.6375,46.6375,46.6375,46.6375,45.0481373568444,45.0481373568444,45.0481373568444,43.529852471462206,43.529852471462206,43.529852471462206,49.496769971272194,-0.2038738502640828,-4.244758764163713,-4.448632614427794,49.33700821565115,0.8041420001471661,-6.611297744336113,-5.807155744188947,50.10437441894853,-1.2009714037959545,-2.265903015152574,-3.466874418948528
2018-11-25,BJCO,6.385,2.45,30.7,2018,11,25,1425,0.0439713283884505,43.971328388450495,0.0427118756760622,42.7118756760622,0.0444041666666666,44.4041666666666,44.4041666666666,44.4041666666666,44.4041666666666,43.971328388450495,43.971328388450495,43.971328388450495,42.7118756760622,42.7118756760622,42.7118756760622,49.49411111627071,1.5480931340318722,-7.0708758618520875,-5.522782727820214,49.33578525441933,5.2117006933721255,-11.835610271729252,-6.623909578357129,50.10468347199592,3.0246300920795015,-8.725146897408827,-5.700516805329322
2018-11-26,BJCO,6.385,2.45,30.7,2018,11,26,1426,0.0436463273328629,43.6463273328629,0.0410674485072167,41.067448507216696,0.0429291666666666,42.9291666666666,42.9291666666666,42.9291666666666,42.9291666666666,43.6463273328629,43.6463273328629,43.6463273328629,41.067448507216696,41.067448507216696,41.067448507216696,49.491448828727336,2.438304744202421,-8.283426240066852,-5.845121495864433,49.33455645243916,2.487504128551791,-10.754612073774254,-8.267107945222463,50.10498957590264,0.48928633902018953,-7.665109248256229,-7.1758229092360395
2018-11-27,BJCO,6.385,2.45,30.7,2018,11,27,1427,0.0496188257627085,49.6188257627085,0.049764440297716,49.764440297716,0.0498041666666666,49.8041666666666,49.8041666666666,49.8041666666666,49.8041666666666,49.6188257627085,49.6188257627085,49.6188257627085,49.764440297716,49.764440297716,49.764440297716,49.48878220399704,1.1160192850076296,-0.985975726296175,0.13004355871145634,49.33332078929092,3.877243679757106,-3.4461241713320305,0.43111950842507696,50.10529179612944,1.7390173775933249,-2.040142507056167,-0.3011251294628394
2018-11-28,BJCO,6.385,2.45,30.7,2018,11,28,1428,0.0508959534031486,50.8959534031486,0.0489610339035179,48.9610339035179,0.0492916666666666,49.2916666666666,49.2916666666666,49.2916666666666,49.2916666666666,50.8959534031486,50.8959534031486,50.8959534031486,48.9610339035179,48.9610339035179,48.9610339035179,49.486110257541156,3.0232171642544623,-1.613374018647015,1.4098431456074465,49.33207718587562,3.349986799979492,-3.721030082337208,-0.3710432823577179,50.1055891447744,0.8613546141690318,-1.6752770922768292,-0.8139224781077985
2018-11-29,BJCO,6.385,2.45,30.7,2018,11,29,1429,0.0437441000150424,43.7441000150424,0.0421804633301368,42.1804633301368,0.0436166666666666,43.6166666666666,43.6166666666666,43.6166666666666,43.6166666666666,43.7441000150424,43.7441000150424,43.7441000150424,42.1804633301368,42.1804633301368,42.1804633301368,49.48343197728241,5.619628291610404,-11.358960253850412,-5.7393319622400085,49.33082455940496,5.974395325636907,-13.124756554905062,-7.150361229268157,50.105880639329584,4.423552389023026,-10.91276636168601,-6.489213972662981
2018-11-30,BJCO,6.385,2.45,30.7,2018,11,30,1430,0.0468081896477404,46.808189647740406,0.0453119152002638,45.3119152002638,0.0480666666666666,48.0666666666666,48.0666666666666,48.0666666666666,48.0666666666666,46.808189647740406,46.808189647740406,46.808189647740406,45.3119152002638,45.3119152002638,45.3119152002638,49.480746384444146,3.7971619821298495,-6.46971871883359,-2.67255673670374,49.32956188639679,6.167743376647665,-10.185390062780655,-4.017646686132991,50.10616533399225,4.757935617465519,-6.797434284791173,-2.0394986673256525
2018-12-01,BJCO,6.385,2.45,30.7,2018,12,1,1431,0.048417958109555,48.417958109555,0.050640418571248,50.640418571248,0.05275,52.75,52.75,52.75,52.75,48.417958109555,48.417958109555,48.417958109555,50.640418571248,50.640418571248,50.640418571248,49.478052538931024,1.5248125494311136,-2.5849069788071333,-1.0600944293760222,49.32828819525338,2.4533330863501064,-1.1412027103554863,1.3121303759946201,50.10644231423467,3.0191431680878633,-0.37558548232253486,2.6435576857653302
2018-12-02,BJCO,6.385,2.45,30.7,2018,12,2,1432,0.0483683393274175,48.3683393274175,0.0496911816937324,49.6911816937324,0.0510083333333333,51.0083333333333,51.0083333333333,51.0083333333333,51.0083333333333,48.3683393274175,48.3683393274175,48.3683393274175,49.6911816937324,49.6911816937324,49.6911816937324,49.4753495230731,3.070740842846603,-4.177751038502201,-1.1070101956555973,49.327002570855846,2.1631296488507403,-1.7989505259741847,0.36417912287655696,50.10671071268152,1.185323590282712,-0.28370096963093516,0.9016226206517786
2018-12-03,BJCO,6.385,2.45,30.7,2018,12,3,1433,0.0472150013020629,47.2150013020629,0.0478334694933197,47.8334694933197,0.05085,50.85,50.85,50.85,50.85,47.2150013020629,47.2150013020629,47.2150013020629,47.8334694933197,47.8334694933197,47.8334694933197,49.47263643248373,2.5146573650300637,-4.772292495450891,-2.25763513042083,49.32570414896852,1.7200389344087854,-3.212273590057606,-1.4922346556488222,50.1069697059265,1.1651397225289266,-0.4221094284554283,0.743030294073499
2018-12-04,BJCO,6.385,2.45,30.7,2018,12,4,1434,0.0475388744952499,47.5388744952499,0.0501206177522463,50.1206177522463,0.0506375,50.6375,50.6375,50.6375,50.6375,47.5388744952499,47.5388744952499,47.5388744952499,50.1206177522463,50.1206177522463,50.1206177522463,49.469912406446085,2.2177095406025122,-4.148747451798698,-1.931037911196185,49.324392138134364,2.533572100160124,-1.7373464860481889,0.7962256141119326,50.10721852784341,1.6303206169502116,-1.1000391447936195,0.5302814721565952
2018-12-05,BJCO,6.385,2.45,30.7,2018,12,5,1435,0.0462226541134698,46.2226541134698,0.0436980916749124,43.6980916749124,0.045525,45.525000000000006,45.525000000000006,45.525000000000006,45.525000000000006,46.2226541134698,46.2226541134698,46.2226541134698,43.6980916749124,43.6980916749124,43.6980916749124,49.46717660642602,0.6256991955023438,-3.870221688458564,-3.2445224929562215,49.32306580516079,3.2999152925407973,-8.924889422789185,-5.62497413024839,50.107456449782454,-2.7741018763829097,-1.8083545733995408,-4.582456449782448
2018-12-06,BJCO,6.385,2.45,30.7,2018,12,6,1436,0.0352365140861732,35.236514086173194,0.0347717868425324,34.7717868425324,0.0368416666666666,36.8416666666666,42.1874999999999,36.8416666666666,36.8416666666666,41.8840717647143,35.236514086173194,35.236514086173194,34.7717868425324,34.7717868425324,34.7717868425324,49.464428150511054,5.208778025211473,-12.789134411008227,-7.580356385796755,49.321724391229765,4.366935631823891,-18.916873180521257,-14.549937548697365,50.10768272125856,3.1207172134739203,-11.040899934732586,-7.920182721258662
2018-12-07,BJCO,6.385,2.45,30.7,2018,12,7,1437,0.0343448048273006,34.3448048273006,0.0345774481909461,34.5774481909461,0.0421874999999999,42.1874999999999,42.1874999999999,42.1874999999999,42.1874999999999,34.3448048273006,34.3448048273006,34.3448048273006,34.5774481909461,34.5774481909461,34.5774481909461,49.46166609334312,6.244442507158746,-21.361303773201264,-15.11686126604252,49.320367113458126,5.275614305709781,-20.018533228221806,-14.742918922512025,50.10789656695691,4.522673698844201,-12.443070265801211,-7.9203965669570096
2018-12-16,BJCO,6.385,2.45,30.7,2018,12,16,1446,0.0384590227888392,38.4590227888392,0.0355705794461848,35.5705794461848,0.0369583333333333,36.9583333333333,36.9583333333333,36.9583333333333,36.9583333333333,38.4590227888392,38.4590227888392,38.4590227888392,35.5705794461848,35.5705794461848,35.5705794461848,49.43602805803811,5.831814911189676,-16.808820180388587,-10.977005269198912,49.30730309993913,6.005533705051033,-19.742257358805364,-13.736723653754332,50.10913026215898,4.951987690681013,-18.102784619506693,-13.150796928825677
2018-12-17,BJCO,6.385,2.45,30.7,2018,12,17,1447,0.0418840717647143,41.8840717647143,0.0381765184998889,38.1765184998889,0.0407166666666666,40.716666666666605,40.716666666666605,40.716666666666605,40.716666666666605,41.8840717647143,41.8840717647143,41.8840717647143,38.1765184998889,38.1765184998889,38.1765184998889,49.43307634691418,4.444235591393612,-11.993240173593492,-7.549004582199878,49.30574417146197,5.005542827718386,-16.134768499291454,-11.129225671573067,50.10917686853259,3.4389406927178463,-12.831450894583831,-9.392510201865989
2018-12-18,BJCO,6.385,2.45,30.7,2018,12,18,1448,0.0428647534742929,42.8647534742929,0.0411531607613635,41.1531607613635,0.0411125,41.1125,41.1125,41.1125,41.1125,42.8647534742929,42.8647534742929,42.8647534742929,41.1531607613635,41.1531607613635,41.1531607613635,49.43010127263355,2.807222235440679,-9.37257003378133,-6.565347798340653,49.30416174847045,4.6949763763248455,-12.845977363431793,-8.151000987106947,50.10920288375196,-9.795196359157002,0.7984934754050386,-8.996702883751965
2018-12-19,BJCO,6.385,2.45,30.7,2018,12,19,1449,0.0396541936251231,39.65419362512311,0.0388630163316747,38.8630163316747,0.0395291666666666,39.529166666666605,39.529166666666605,39.529166666666605,39.529166666666605,39.65419362512311,39.65419362512311,39.65419362512311,38.8630163316747,38.8630163316747,38.8630163316747,49.427102171709215,3.6215875633142702,-13.394496109900373,-9.772908546586102,49.30255539341599,3.5085717565619063,-13.9481108183032,-10.439539061741293,50.10920768902084,-10.909214791127981,0.3291737687737424,-10.580041022354237
2018-12-20,BJCO,6.385,2.45,30.7,2018,12,20,1450,0.0373080599519476,37.3080599519476,0.0368363457529506,36.8363457529506,0.0374708333333333,37.4708333333333,37.4708333333333,37.4708333333333,37.4708333333333,37.3080599519476,37.3080599519476,37.3080599519476,36.8363457529506,36.8363457529506,36.8363457529506,49.42407843060575,6.161369784204417,-18.277388262862573,-12.116018478658155,49.30092467861612,5.869266854978578,-18.333845780644097,-12.46457892566552,50.10919071598171,4.6515770244640064,-17.289934407112412,-12.638357382648408
2018-12-21,BJCO,6.385,2.45,30.7,2018,12,21,1451,0.0330248832624773,33.0248832624773,0.0303542347489257,30.3542347489257,0.0337125,33.7125,33.7125,51.747916666666654,33.7125,33.0248832624773,33.0248832624773,33.0248832624773,30.3542347489257,51.629929343059146,30.3542347489257,49.421029530114815,-13.392573531348386,-3.0035727362891222,-16.396146267637512,49.299269205227674,-18.364842616856976,-0.5801918394449999,-18.945034456301975,50.10915146930255,-15.753340440124708,-0.6433110291778448,-16.396651469302554
2018-12-22,BJCO,6.385,2.45,30.7,2018,12,22,1452,0.0315382077970223,31.538207797022302,0.0311724775179094,31.1724775179094,0.0336875,33.6875,33.6875,51.747916666666654,33.6875,31.538207797022302,51.3713400319384,31.538207797022302,31.1724775179094,51.629929343059146,31.1724775179094,49.41795505668114,-15.047505644691487,-2.8322416149673444,-17.879747259658835,49.297588661151224,-17.727471596816862,-0.397639546424962,-18.125111143241824,50.109089535210614,-16.40498232435198,-0.0166072108586377,-16.421589535210614
2018-12-23,BJCO,6.385,2.45,30.7,2018,12,23,1453,0.0284836692008612,28.4836692008612,0.0308951217732967,30.895121773296697,0.0348749999999999,34.8749999999999,34.8749999999999,34.8749999999999,34.8749999999999,28.4836692008612,51.3713400319384,28.4836692008612,30.895121773296697,51.629929343059146,30.895121773296697,49.414854671425296,-20.196002103420664,-0.7351833671434278,-20.931185470564095,49.2958828379104,-17.751098219866506,-0.6496628447471977,-18.4007610646137,50.10900457763672,-14.740553372593952,-0.49345120504286655,-15.234004577636817
2018-12-24,BJCO,6.385,2.45,30.7,2018,12,24,1454,0.0315046919196005,31.5046919196005,0.0331507111478421,33.1507111478421,0.0359833333333333,35.9833333333333,35.9833333333333,35.9833333333333,35.9833333333333,31.5046919196005,51.3713400319384,31.5046919196005,33.1507111478421,33.1507111478421,33.1507111478421,49.41172808438922,-17.16074842200775,-0.7462877427809715,-17.907036164788718,49.294151606633875,-15.413011987201559,-0.7304284715902156,-16.143440458791773,50.10889629519169,-14.104532782747906,-0.021030179110489655,-14.125562961858392
2018-12-25,BJCO,6.385,2.45,30.7,2018,12,25,1455,0.0294552472898696,29.4552472898696,0.0299350238965484,29.9350238965484,0.0331083333333333,33.1083333333333,33.1083333333333,51.747916666666654,33.1083333333333,29.4552472898696,51.3713400319384,29.4552472898696,31.8477888359159,51.629929343059146,29.9350238965484,49.40857509259023,-19.336766659020835,-0.6165611436997978,-19.953327802720633,49.29239493169206,-16.703301063695164,-0.7413050320809944,-17.44460609577616,50.10876445373709,-16.707284029853394,-0.29314709055039856,-17.00043112040379
2018-12-26,BJCO,6.385,2.45,30.7,2018,12,26,1456,0.0313924990273118,31.392499027311803,0.0318477888359159,31.8477888359159,0.0364166666666666,36.4166666666666,36.4166666666666,36.4166666666666,36.4166666666666,31.392499027311803,51.3713400319384,31.392499027311803,31.8477888359159,51.629929343059146,31.8477888359159,49.40539557372349,-17.983546758548343,-0.029349787863345966,-18.012896546411685,49.2906128491138,-17.437311115452065,-0.005512897745830969,-17.4428240131979,50.10860887790104,-13.69415133971204,0.002209128477595357,-13.69194221123444
2018-12-27,BJCO,6.385,2.45,30.7,2018,12,27,1457,0.033251206709733,33.251206709733,0.0335875730262432,33.5875730262432,0.037125,37.125,37.125,37.125,37.125,33.251206709733,33.251206709733,33.251206709733,33.5875730262432,33.5875730262432,33.5875730262432,49.402189470262826,-16.15584995711095,0.004867196581116673,-16.15098276052983,49.28880540253817,-15.695607784903705,-0.005624591391267586,-15.701232376294975,50.108429405192545,-12.985540772961834,0.0021113677692881083,-12.983429405192545
2018-12-28,BJCO,6.385,2.45,30.7,2018,12,28,1458,0.0333963665153836,33.3963665153836,0.0344433255211311,34.4433255211311,0.0363666666666666,36.3666666666666,36.3666666666666,36.3666666666666,36.3666666666666,33.3963665153836,33.3963665153836,33.3963665153836,34.4433255211311,34.4433255211311,34.4433255211311,49.398956773496124,-15.337619215579586,-0.6649710425329403,-16.002590258112527,49.28697268447571,-14.700986575632705,-0.1426605877119016,-14.843647163344606,50.10822593460707,-13.739999132720547,-0.0015601352199183793,-13.741559267940467
2018-12-29,BJCO,6.385,2.45,30.7,2018,12,29,1459,0.0372622743092599,37.2622743092599,0.0354707720670071,35.4707720670071,0.0368999999999999,36.8999999999999,37.125,36.8999999999999,36.8999999999999,37.2622743092599,37.2622743092599,37.2622743092599,35.4707720670071,35.4707720670071,35.4707720670071,49.39569753142411,-12.139538256061337,0.006115033897124533,-12.133423222164211,49.285114881683974,-13.732727388262942,-0.08161542641393282,-13.814342814676877,50.10799843873913,-12.59459614832032,-0.38840229041881,-12.98299843873913
2018-12-30,BJCO,6.385,2.45,30.7,2018,12,30,1460,0.0416254152259558,41.6254152259558,0.0358650872811461,35.8650872811461,0.0372583333333333,37.2583333333333,37.2583333333333,37.2583333333333,37.2583333333333,41.6254152259558,41.6254152259558,41.6254152259558,35.8650872811461,35.8650872811461,35.8650872811461,49.39241178936398,-5.377485046150479,-2.3895115172577093,-7.766996563408185,49.28323221945731,-13.412185164853133,-0.005959773458073414,-13.418144938311208,50.10774691005655,-12.85123180337443,0.001818226651181476,-12.84941357672325
2019-01-01,BJCO,6.385,2.45,30.7,2019,1,1,1462,0.0347537543288095,34.7537543288095,0.0341079223440555,34.107922344055496,0.0375416666666666,37.5416666666666,37.5416666666666,37.5416666666666,37.5416666666666,34.7537543288095,34.7537543288095,34.7537543288095,34.107922344055496,34.107922344055496,34.107922344055496,49.385760856698354,-12.458727784542969,-2.1732787433458896,-14.632006527888855,49.27939317719374,-11.934706836169019,-3.2367639969692235,-15.171470833138244,50.107171741283516,-10.087435197521653,-2.4780698770952583,-12.565505074616915
2019-01-02,BJCO,6.385,2.45,30.7,2019,1,2,1463,0.0355225420354026,35.5225420354026,0.0341221354640277,34.1221354640277,0.0375249999999999,37.5249999999999,37.5249999999999,37.5249999999999,37.5249999999999,35.5225420354026,35.5225420354026,35.5225420354026,34.1221354640277,34.1221354640277,34.1221354640277,49.38239563791359,-13.865628259904751,0.005774657393764926,-13.859853602510988,49.277437229672834,-15.14900670885297,-0.006295056792161802,-15.155301765645135,50.10684814361453,-12.561199867636583,-0.02064827597804708,-12.581848143614629
2019-01-03,BJCO,6.385,2.45,30.7,2019,1,3,1464,0.0397191674289548,39.719167428954805,0.0390820418836583,39.0820418836583,0.0420416666666666,42.0416666666666,42.0416666666666,42.0416666666666,42.0416666666666,39.719167428954805,39.719167428954805,39.719167428954805,39.0820418836583,39.0820418836583,39.0820418836583,49.37900387589015,-6.388750328773458,-3.2710861181618895,-9.659836446935344,49.275457265116636,-7.049388683612159,-3.1440266978461793,-10.193415381458337,50.10650056312641,-6.175236867006754,-1.889597029453057,-8.06483389645981
2019-01-04,BJCO,6.385,2.45,30.7,2019,1,4,1465,0.0421463502688723,42.1463502688723,0.0411319434899297,41.1319434899297,0.0442708333333333,44.2708333333333,44.2708333333333,44.2708333333333,44.2708333333333,42.1463502688723,42.1463502688723,42.1463502688723,41.1319434899297,41.1319434899297,41.1319434899297,49.375585510916366,-6.448773464463712,-0.7804617775803564,-7.229235242044069,49.27345344852714,-6.752404528622007,-1.3891054299754373,-8.141509958597446,50.10612901630985,-5.760132430176253,-0.07516325280029434,-5.83529568297655
2019-01-05,BJCO,6.385,2.45,30.7,2019,1,5,1466,0.0351258881947363,35.1258881947363,0.0352289213801359,35.2289213801359,0.0388041666666666,38.8041666666666,38.8041666666666,38.8041666666666,38.8041666666666,35.1258881947363,35.1258881947363,35.1258881947363,35.2289213801359,35.2289213801359,35.2289213801359,49.37214048118821,-14.157424149222882,-0.08882813722902938,-14.246252286451913,49.27142594682006,-12.098523959545147,-1.9439806071390109,-14.042504566684158,50.10573352540787,-11.42453191054113,0.12296505179986639,-11.301566858741268
2019-01-06,BJCO,6.385,2.45,30.7,2019,1,6,1467,0.0338548851573408,33.8548851573408,0.0329302087667966,32.9302087667966,0.0359666666666666,35.9666666666666,35.9666666666666,35.9666666666666,35.9666666666666,33.8548851573408,33.8548851573408,33.8548851573408,32.9302087667966,32.9302087667966,32.9302087667966,49.368668752084204,-14.526886441040908,-0.9868971537024933,-15.513783594743401,49.269374935898334,-15.65294778112941,-0.6862183879723247,-16.33916616910173,50.10531412073073,-12.521095225152369,-1.6175522289117694,-14.138647454064134
2019-01-07,BJCO,6.385,2.45,30.7,2019,1,7,1468,0.0381777348340072,38.1777348340072,0.0390257412255426,39.0257412255426,0.0416958333333333,41.6958333333333,41.6958333333333,41.6958333333333,41.6958333333333,38.1777348340072,38.1777348340072,38.1777348340072,39.0257412255426,39.0257412255426,39.0257412255426,49.36517031712972,-8.140581767612625,-3.046853715509897,-11.18743548312252,49.26730063390332,-6.976234265065071,-3.265325143295641,-10.241559408360715,50.10487088971551,-6.661560925515008,-1.7474766308672045,-8.40903755638221
2019-01-08,BJCO,6.385,2.45,30.7,2019,1,8,1469,0.036021884072153,36.021884072153,0.0347156843860427,34.7156843860427,0.0403375,40.3375,40.3375,40.3375,40.3375,36.021884072153,36.021884072153,36.021884072153,34.7156843860427,34.7156843860427,34.7156843860427,49.36164521940918,-10.37688273868804,-2.9628784085681446,-13.339761147256183,49.26520332571583,-11.891455350599555,-2.6580635890735707,-14.549518939673128,50.104403997955586,-7.62365770533745,-2.1432462926181373,-9.766903997955588
2019-01-09,BJCO,6.385,2.45,30.7,2019,1,9,1470,0.0372896579908087,37.28965799080871,0.0352412638207754,35.2412638207754,0.0370166666666666,37.0166666666666,37.0166666666666,37.0166666666666,37.0166666666666,37.28965799080871,37.28965799080871,37.28965799080871,35.2412638207754,35.2412638207754,35.2412638207754,49.35809355725724,-11.118615767146546,-0.9498197993019843,-12.068435566448528,49.26308335107229,-13.250497062116604,-0.7713224681802799,-14.021819530296888,50.103913671896294,-12.417917754894686,-0.6693292503350037,-13.087247005229692
2019-01-10,BJCO,6.385,2.45,30.7,2019,1,10,1471,0.042212721192436,42.212721192436,0.039951635585427,39.951635585427,0.0417375,41.7375,41.7375,41.7375,41.7375,42.212721192436,42.212721192436,42.212721192436,39.951635585427,39.951635585427,39.951635585427,49.35451549504792,-4.3777732190651095,-2.764021083546808,-7.14179430261192,49.26094108771535,-8.58873116091141,-0.7205743413769454,-9.309305502288353,50.103400174893586,-7.750411083625344,-0.6154890912682447,-8.36590017489359
2019-01-11,BJCO,6.385,2.45,30.7,2019,1,11,1472,0.0455508076015336,45.5508076015336,0.0465905497333173,46.590549733317296,0.0476291666666666,47.6291666666666,47.6291666666666,47.6291666666666,47.6291666666666,45.5508076015336,45.5508076015336,45.5508076015336,39.951635585427,46.590549733317296,46.590549733317296,49.350911288434716,-1.3082041167880087,-2.4918995701131053,-3.8001036869011173,49.25877696999327,-8.848993140174665,-0.4581482443916087,-9.307141384566272,50.10286379598641,-1.6461140384569986,-0.8275830908628095,-2.4736971293198096
2019-01-12,BJCO,6.385,2.45,30.7,2019,1,12,1473,0.0421606993999193,42.1606993999193,0.0410305154620192,41.0305154620192,0.0445291666666666,44.5291666666666,44.5291666666666,44.5291666666666,44.5291666666666,42.1606993999193,42.1606993999193,42.1606993999193,41.0305154620192,41.0305154620192,41.0305154620192,49.34728126263452,-4.241914896875832,-2.9446669658393816,-7.186581862715215,49.25659150541917,-5.786276605111818,-2.439799438288155,-8.22607604339997,50.10230485798861,-3.489337916314738,-2.0838002750072704,-5.573138191322009
2019-01-13,BJCO,6.385,2.45,30.7,2019,1,13,1474,0.0434989733940093,43.4989733940093,0.0394784742074867,39.4784742074867,0.0412166666666666,41.216666666666605,41.216666666666605,41.216666666666605,41.216666666666605,43.4989733940093,43.4989733940093,43.4989733940093,39.4784742074867,39.4784742074867,39.4784742074867,49.34362575211886,-3.4616157283198574,-2.383036629789707,-5.844652358109563,49.254385266570154,-8.551548571975582,-1.224362487107875,-9.775911059083455,50.10172370703077,-8.016271162724152,-0.8687858776400148,-8.885057040364167
2019-01-14,BJCO,6.385,2.45,30.7,2019,1,14,1475,0.047040469246753,47.040469246753,0.0456381826655524,45.6381826655524,0.0479125,47.9125,47.9125,47.9125,47.9125,47.040469246753,47.040469246753,47.040469246753,45.6381826655524,45.6381826655524,45.6381826655524,49.33994509190854,-2.524916803358034,0.22544095820249055,-2.2994758451555413,49.25215885277825,-3.0560301530455947,-0.5579460341802545,-3.613976187225852,50.10112070527035,-2.3260503042998395,0.13742959902949536,-2.1886207052703455
2019-01-15,BJCO,6.385,2.45,30.7,2019,1,15,1476,0.0479218838399662,47.9218838399662,0.0456657057188886,45.6657057188886,0.0466291666666666,46.6291666666666,46.6291666666666,46.6291666666666,46.6291666666666,47.9218838399662,47.9218838399662,47.9218838399662,45.6657057188886,45.6657057188886,45.6657057188886,49.33623961943712,-1.8386333099493228,0.424277530478399,-1.4143557794709238,49.249912895082566,-3.2544482519377684,-0.3297589242561969,-3.5842071761939636,50.100496207954656,-3.193249913419383,-0.2780796278686708,-3.471329541288057
2019-01-16,BJCO,6.385,2.45,30.7,2019,1,16,1477,0.0447472297296646,44.7472297296646,0.045677275083048,45.677275083048,0.0462708333333333,46.2708333333333,46.2708333333333,46.2708333333333,46.2708333333333,44.7472297296646,44.7472297296646,44.7472297296646,45.677275083048,45.677275083048,45.677275083048,49.33250963578933,-4.327319248229528,-0.25796065789519673,-4.585279906124725,49.24764804349167,-3.4673917598421764,-0.10298120060149074,-3.5703729604436703,50.09985055040728,-3.5401726759518515,-0.2888445411221312,-3.8290172170739822
2019-01-17,BJCO,6.385,2.45,30.7,2019,1,17,1478,0.0436945248758387,43.694524875838695,0.0430499174987239,43.0499174987239,0.0433708333333333,43.3708333333333,43.3708333333333,43.3708333333333,43.3708333333333,43.694524875838695,43.694524875838695,43.694524875838695,43.0499174987239,43.0499174987239,43.0499174987239,49.32875541109008,-3.443024016060865,-2.1912065191905157,-5.634230535251383,49.24536491724908,-4.457488705794305,-1.7379587127308724,-6.195447418525177,50.09918405152459,-4.880089081832056,-1.8482616363592328,-6.728350718191287
2019-01-18,BJCO,6.385,2.45,30.7,2019,1,18,1479,0.0467260320049635,46.7260320049635,0.0425076831182867,42.5076831182867,0.0447625,44.7625,44.7625,44.7625,44.7625,46.7260320049635,46.7260320049635,46.7260320049635,42.5076831182867,42.5076831182867,42.5076831182867,49.32497720127038,-0.9453041987480972,-1.6536409975587816,-2.598945196306879,49.243064082348646,-6.256624011837201,-0.47875695222474235,-6.735380964061946,50.09849701244653,-4.1548886512582435,-1.1811083611882793,-5.335997012446526
2019-01-19,BJCO,6.385,2.45,30.7,2019,1,19,1480,0.0454662064145285,45.4662064145285,0.0432257781515092,43.2257781515092,0.0450708333333333,45.0708333333333,45.0708333333333,45.0708333333333,45.0708333333333,45.4662064145285,45.4662064145285,45.4662064145285,43.2257781515092,43.2257781515092,43.2257781515092,49.32117525752814,-4.38441200479015,0.5294431617905104,-3.8549688429996394,49.24074609044304,-6.136433300360942,0.12146536142710573,-6.014967938933836,50.09778974993291,-6.450685627262516,1.4237292106629056,-5.02695641659961
2019-01-20,BJCO,6.385,2.45,30.7,2019,1,20,1481,0.0503279512618492,50.3279512618492,0.0477793033786399,47.7793033786399,0.0499374999999999,49.9374999999999,49.9374999999999,49.9374999999999,49.9374999999999,50.3279512618492,50.3279512618492,50.3279512618492,47.7793033786399,47.7793033786399,47.7793033786399,49.317349892545586,-1.2866717367025868,2.2972731060062017,1.0106013693036147,49.23841153361598,-2.8463111978298747,1.3872030428537983,-1.4591081549760787,50.09706263771567,-1.972774568550829,1.8132119308350596,-0.15956263771577284
2019-01-21,BJCO,6.385,2.45,30.7,2019,1,21,1482,0.0527553118623673,52.7553118623673,0.0507256573063533,50.7256573063533,0.0521208333333333,52.120833333333294,52.120833333333294,52.120833333333294,52.120833333333294,52.7553118623673,52.7553118623673,52.7553118623673,50.7256573063533,50.7256573063533,50.7256573063533,49.313501493676554,2.0091990080599906,1.4326113606307587,3.4418103686907457,49.23606105853987,0.2052650045945886,1.284331243218844,1.4895962478134308,50.09631610383033,0.901999727227538,1.1225175022754215,2.024517229502962
2019-01-23,BJCO,6.385,2.45,30.7,2019,1,23,1484,0.0523850504914693,52.3850504914693,0.0476341023305723,47.634102330572304,0.0487166666666666,48.716666666666605,48.716666666666605,48.716666666666605,48.716666666666605,52.3850504914693,52.3850504914693,52.3850504914693,47.634102330572304,47.634102330572304,47.634102330572304,49.305737393463986,4.209669744241889,-1.130356646236578,3.079313098005315,49.23131500529795,0.5866948978313605,-2.183907572557004,-1.5972126747256468,50.09476652818046,0.3325317267504473,-1.7106315882642988,-1.3780998615138529
2019-01-24,BJCO,6.385,2.45,30.7,2019,1,24,1485,0.0516498534814081,51.6498534814081,0.0527038944410755,52.7038944410755,0.0550791666666666,55.0791666666666,55.0791666666666,55.0791666666666,55.0791666666666,51.6498534814081,51.6498534814081,51.6498534814081,52.7038944410755,52.7038944410755,52.7038944410755,49.301822624345085,3.0186183538954507,-0.6705874968324324,2.3480308570630157,49.228920733568685,3.880000612903593,-0.405026905396781,3.4749737075068126,50.09396433711673,4.9243545999225455,0.06084772962732643,4.985202329549871
2019-01-25,BJCO,6.385,2.45,30.7,2019,1,25,1486,0.0504465224496976,50.4465224496976,0.0491100144070949,49.1100144070949,0.051075,51.075,51.075,51.075,51.075,50.4465224496976,50.4465224496976,50.4465224496976,49.1100144070949,49.1100144070949,49.1100144070949,49.29788671601198,2.052886780862491,-0.9042510471768708,1.148635733685623,49.22651319217794,1.5133730514386934,-1.6298718365217297,-0.11649878508303857,50.09314448888075,2.1590718078115985,-1.1772162966923503,0.9818555111192495
2019-01-26,BJCO,6.385,2.45,30.7,2019,1,26,1487,0.0511526222534234,51.1526222534234,0.0513844309668338,51.38443096683381,0.0509791666666666,50.9791666666666,50.9791666666666,50.9791666666666,50.9791666666666,51.1526222534234,51.1526222534234,51.1526222534234,51.38443096683381,51.38443096683381,51.38443096683381,49.29393024714064,2.6279067588373812,-0.7692147525546247,1.8586920062827588,49.22409311601209,3.743556927207799,-1.5832190763860794,2.160337850821719,50.09230750382853,2.2320298024558314,-1.3451706396177627,0.8868591628380713
2019-01-27,BJCO,6.385,2.45,30.7,2019,1,27,1488,0.0514098267556427,51.4098267556427,0.0513044579770582,51.304457977058206,0.05105,51.05,51.05,51.05,51.05,51.4098267556427,51.4098267556427,51.4098267556427,51.304457977058206,51.304457977058206,51.304457977058206,49.28995386079771,3.45050409118805,-1.330631196343063,2.1198728948449883,49.22166128539697,4.461416619832799,-2.3786199281715596,2.082796691661237,50.091453949526965,3.0417383748714952,-2.0831923243984605,0.9585460504730321
2019-01-28,BJCO,6.385,2.45,30.7,2019,1,28,1489,0.0533423114531318,53.3423114531318,0.0504277590745765,50.4277590745765,0.0519,51.9,51.9,51.9,51.9,53.3423114531318,53.3423114531318,53.3423114531318,50.4277590745765,50.4277590745765,50.4277590745765,49.28595826215386,4.208160228733756,-0.15180703775581605,4.056353190977937,49.219218519445455,2.7739370403311465,-1.5653964852001039,1.2085405551310444,50.090584420964305,2.559465192191825,-0.7500496131561292,1.8094155790356936
2019-01-29,BJCO,6.385,2.45,30.7,2019,1,29,1490,0.0551510825100616,55.1510825100616,0.0519342794067706,51.93427940677061,0.0530333333333333,53.0333333333333,53.0333333333333,53.0333333333333,53.0333333333333,52.699613336038894,55.1510825100616,55.1510825100616,51.93427940677061,51.93427940677061,51.93427940677061,49.28194420912369,1.6900519363238025,1.7276171905914026,3.4176691269152073,49.2167656569278,1.5758910615580732,1.141622688284734,2.7175137498428086,50.089699514966306,1.827406932672792,1.1162268856942035,2.9436338183669974
2019-01-30,BJCO,6.385,2.45,30.7,2019,1,30,1491,0.054043472137225,54.043472137225,0.0551660287587298,55.1660287587298,0.0557416666666666,55.7416666666666,51.9,55.7416666666666,55.7416666666666,54.043472137225,54.043472137225,54.043472137225,51.5825257821172,55.1660287587298,55.1660287587298,49.27791247247606,2.74984459563381,2.0157150691151315,4.765559664748942,49.21430353555114,1.3354950783624413,1.0327271682036212,2.368222246566063,50.08879980438593,0.4461021616220367,1.3650980339920338,1.8112001956140702
2019-02-01,BJCO,6.385,2.45,30.7,2019,2,1,1493,0.0526146555765876,52.6146555765876,0.0515825257821172,51.5825257821172,0.0518166666666666,51.8166666666666,51.8166666666666,51.8166666666666,51.8166666666666,52.6146555765876,52.6146555765876,52.6146555765876,51.5825257821172,51.5825257821172,51.5825257821172,49.26979902889209,3.428812908723517,-0.08395636102800097,3.344856547695514,49.209354842311534,2.054095651061205,0.31907528874446456,2.373170939805668,50.08695822893219,1.6303851711303017,0.0993232666041095,1.7297084377344092
2019-02-02,BJCO,6.385,2.45,30.7,2019,2,2,1494,0.0526996133360389,52.699613336038894,0.0531246132907762,53.1246132907762,0.0531416666666666,53.1416666666666,53.1416666666666,53.1416666666666,53.1416666666666,52.699613336038894,52.699613336038894,52.699613336038894,53.1246132907762,53.1246132907762,53.1246132907762,49.26571891253961,3.4706015048288874,-0.03670708132960243,3.4338944234992823,49.20686995331856,3.6873453240417238,0.2303980134159218,3.917743337457644,50.086017541958014,2.837828928830728,0.21782019587786294,3.0556491247085873
2019-02-03,BJCO,6.385,2.45,30.7,2019,2,3,1495,0.0473832538378833,47.383253837883295,0.050306213732932,50.306213732932,0.050975,50.975,50.975,50.975,50.975,47.383253837883295,47.383253837883295,47.383253837883295,50.306213732932,50.306213732932,50.306213732932,49.26162429257846,-0.7097309658242509,-1.168639488870916,-1.8783704546951654,49.204379178691724,1.3297271728698143,-0.22789261862953936,1.101834554240277,50.08506440180884,1.7989495988724826,-0.9090140006813243,0.8899355981911583
2019-02-04,BJCO,6.385,2.45,30.7,2019,2,4,1496,0.0465124925844256,46.5124925844256,0.0459247520558325,45.9247520558325,0.0487208333333333,48.720833333333296,48.720833333333296,48.720833333333296,48.720833333333296,46.5124925844256,46.5124925844256,46.5124925844256,47.7541720572132,45.9247520558325,45.9247520558325,49.257516012466056,-1.6330839738677858,-1.1119394541726706,-2.7450234280404544,49.201883394179966,-0.6006571325259564,-0.8470542044408162,-1.4477113369667691,50.0840994399984,-0.7601086037080946,-0.6031575029570035,-1.363266106665101
2019-02-05,BJCO,6.385,2.45,30.7,2019,2,5,1497,0.0484049076272939,48.4049076272939,0.0467337381866891,46.733738186689095,0.0475583333333333,47.5583333333333,47.5583333333333,47.5583333333333,47.5583333333333,48.4049076272939,48.4049076272939,48.4049076272939,46.733738186689095,46.733738186689095,46.733738186689095,49.25339492890833,-0.010143219036493298,-0.8383440825779331,-0.8484873016144263,49.199383497180804,-1.4353188374679713,-1.0303264730237345,-2.465645310491709,50.08312331277939,-3.0436622032557383,0.5188722238096446,-2.5247899794460906
2019-02-06,BJCO,6.385,2.45,30.7,2019,2,6,1498,0.0451638814403159,45.1638814403159,0.0477541720572132,47.7541720572132,0.0483625,48.3625,48.3625,48.3625,48.3625,45.1638814403159,45.1638814403159,45.1638814403159,47.7541720572132,47.7541720572132,47.7541720572132,49.24926191267769,-4.004094902222463,-0.08128557013932891,-4.085380472361791,49.19688040653812,-0.8612511345838104,-0.5814572147411141,-1.4427083493249242,50.08213669675088,-2.29140278834083,0.5717660915899501,-1.7196366967508823
2019-02-07,BJCO,6.385,2.45,30.7,2019,2,7,1499,0.0465261115843649,46.5261115843649,0.0474797558064414,47.4797558064414,0.0487208333333333,48.720833333333296,48.720833333333296,48.720833333333296,48.720833333333296,46.5261115843649,46.5261115843649,46.5261115843649,47.4797558064414,47.4797558064414,47.4797558064414,49.2451178341613,-1.3771442773296547,-1.341861972466745,-2.7190062497964007,49.19437505166413,-1.1168187267111103,-0.5978005185116189,-1.7146192452227282,50.08114027394331,-1.2657577918275942,-0.09454914878241993,-1.3603069406100161
2019-02-08,BJCO,6.385,2.45,30.7,2019,2,8,1500,0.0478388293066022,47.8388293066022,0.0492498799104051,49.2498799104051,0.0518583333333333,51.8583333333333,47.9791666666666,51.8583333333333,51.8583333333333,47.8388293066022,47.8388293066022,47.8388293066022,47.343892913819296,49.2498799104051,49.2498799104051,49.24096353389177,-0.7551022277987776,-0.6470319994907925,-1.4021342272895723,49.191868339939965,-1.1735703194568279,-0.6744051066638406,-1.8479754261206693,50.08013470646748,-0.8927267117006711,-1.2082413281002147,-2.1009680398008825
2019-02-09,BJCO,6.385,2.45,30.7,2019,2,9,1501,0.046482754551576,46.482754551576,0.0473438929138193,47.343892913819296,0.0479791666666666,47.9791666666666,47.9791666666666,47.9791666666666,47.9791666666666,46.482754551576,46.482754551576,46.482754551576,47.343892913819296,47.343892913819296,47.343892913819296,49.23679982040039,-0.8960808261553616,-1.8579644426690294,-2.7540452688243917,49.18936114193286,-0.32178350643447584,-1.523684721679082,-1.8454682281135604,50.07912062704383,-0.7384059386398089,-1.3615480217374198,-2.0999539603772277
2019-02-10,BJCO,6.385,2.45,30.7,2019,2,10,1502,0.0379174828402096,37.9174828402096,0.0373340809997152,37.3340809997152,0.0395625,39.5625,39.5625,39.5625,39.5625,37.9174828402096,37.9174828402096,37.9174828402096,37.3340809997152,37.3340809997152,37.3340809997152,49.232627453572526,-10.440963413047951,-0.8741812003149718,-11.315144613362925,49.186854288741884,-11.120132285389303,-0.7326410036373829,-11.852773289026686,50.0780986418575,-10.188213509512085,-0.32738513234541955,-10.515598641857501
2019-02-11,BJCO,6.385,2.45,30.7,2019,2,11,1503,0.0349163668252672,34.9163668252672,0.0366271906825532,36.6271906825532,0.0390458333333333,39.0458333333333,39.0458333333333,39.0458333333333,39.0458333333333,34.9163668252672,34.9163668252672,34.9163668252672,37.3768961530126,36.6271906825532,36.6271906825532,49.228447143859846,-14.26151555268682,-0.05056476590582548,-14.312080318592649,49.18434856252913,-11.408721428617124,-0.3987309808994084,-11.807452409516529,50.077069316638074,-11.011158966793587,-0.02007701651118765,-11.031235983304775
2019-02-12,BJCO,6.385,2.45,30.7,2019,2,12,1504,0.0374602773624152,37.460277362415205,0.0373768961530126,37.3768961530126,0.039875,39.875,39.875,39.875,39.875,37.460277362415205,37.460277362415205,37.460277362415205,37.3768961530126,37.3768961530126,37.3768961530126,49.22425958916898,-8.944426955491593,-2.819555271262182,-11.763982226753775,49.18184471978243,-11.47497061741655,-0.3299779493532782,-11.80494856676983,50.07603318266758,-8.047947640902164,-2.153085541765414,-10.20103318266758
2019-02-13,BJCO,6.385,2.45,30.7,2019,2,13,1505,0.0380383916466464,38.0383916466464,0.0372033098063902,37.2033098063902,0.0392416666666666,39.2416666666666,39.2416666666666,39.2416666666666,39.2416666666666,38.0383916466464,38.0383916466464,38.0383916466464,37.2033098063902,37.2033098063902,37.2033098063902,49.22006553846899,-8.713280638893925,-2.4683932529286565,-11.181673891822584,49.17934350702408,-11.60773620183256,-0.36829749880131857,-11.976033700633877,50.074990750248325,-8.8280128665331,-2.0053112170486216,-10.833324083581722
2019-02-14,BJCO,6.385,2.45,30.7,2019,2,14,1506,0.0422348415284228,42.2348415284228,0.0403423031903934,40.3423031903934,0.0427958333333333,42.7958333333333,42.7958333333333,42.7958333333333,42.7958333333333,42.2348415284228,42.2348415284228,42.2348415284228,40.3423031903934,40.3423031903934,40.3423031903934,49.215865804998465,-4.784683090172702,-2.196341186402968,-6.981024276575667,49.1768456663221,-6.533752832675035,-2.3007896432536654,-8.8345424759287,50.07394251609609,-5.512056319452555,-1.766052863310236,-7.27810918276279
2019-02-15,BJCO,6.385,2.45,30.7,2019,2,15,1507,0.0393819981105786,39.3819981105786,0.043462001926432,43.462001926432,0.0465291666666666,46.5291666666666,46.5291666666666,46.5291666666666,46.5291666666666,39.3819981105786,39.3819981105786,39.3819981105786,43.462001926432,43.462001926432,43.462001926432,49.211964830475814,-8.693578640996844,-1.1363880789003744,-9.829966719897214,49.17482408457658,-3.938052467704515,-1.7747696904400598,-5.712822158144576,50.072813782076956,-2.169248995118791,-1.3743981202915663,-3.5436471154103586
2019-02-16,BJCO,6.385,2.45,30.7,2019,2,16,1508,0.0319700570544328,31.9700570544328,0.0338968627000351,33.8968627000351,0.0383083333333333,38.3083333333333,38.3083333333333,38.3083333333333,38.3083333333333,31.9700570544328,51.3713400319384,31.9700570544328,41.7902231303334,33.8968627000351,33.8968627000351,49.20808680972933,-16.393657081078228,-0.8443726742182989,-17.23802975529653,49.17282884863649,-5.940155589817713,-1.4424501284853761,-7.38260571830309,50.071691308987425,-11.229786515561214,-0.533571460092908,-11.763357975654124
2019-02-17,BJCO,6.385,2.45,30.7,2019,2,17,1509,0.0402781416324268,40.2781416324268,0.0417902231303334,41.7902231303334,0.0431833333333333,43.1833333333333,43.1833333333333,43.1833333333333,43.1833333333333,40.2781416324268,40.2781416324268,40.2781416324268,41.7902231303334,41.7902231303334,41.7902231303334,49.20423368676838,-6.191323922211195,-2.734768132130384,-8.92609205434158,49.17086106018058,-4.821864132809298,-2.5587737970378797,-7.380637929847175,50.070576151914274,-5.117182443796295,-1.770060374784677,-6.887242818580972
2019-02-18,BJCO,6.385,2.45,30.7,2019,2,18,1510,0.0453353366916586,45.33533669165861,0.0473899956805707,47.3899956805707,0.047575,47.575,47.575,47.575,47.575,45.33533669165861,45.33533669165861,45.33533669165861,47.3899956805707,47.3899956805707,47.3899956805707,49.200407128705955,-2.775287748100058,-1.0897826889472881,-3.8650704370473434,49.16892162255772,-0.4858658243359595,-1.2930601176510592,-1.7789259419870191,50.069469267330895,-1.8236973135939563,-0.6707719537369385,-2.494469267330892
2019-02-23,BJCO,6.385,2.45,30.7,2019,2,23,1515,0.0559541122390123,55.954112239012304,0.0507017747651044,50.7017747651044,0.0528541666666666,52.8541666666666,52.8541666666666,52.8541666666666,52.8541666666666,55.954112239012304,55.954112239012304,55.954112239012304,50.7017747651044,50.7017747651044,50.7017747651044,49.18171464754729,3.9352417293095043,2.8371558621555124,6.772397591465015,49.159669511572055,-0.6076144196733096,2.1497196732056594,1.5421052535323483,50.0640860197896,0.7069661900214982,2.0831144568555047,2.7900806468770014
2019-02-24,BJCO,6.385,2.45,30.7,2019,2,24,1516,0.0558091307970366,55.8091307970366,0.0542852870126816,54.2852870126816,0.0535083333333333,53.5083333333333,53.5083333333333,53.5083333333333,53.5083333333333,55.8091307970366,55.8091307970366,55.8091307970366,54.2852870126816,54.2852870126816,54.2852870126816,49.17806975356217,4.704344370525273,1.926716672949155,6.631061043474432,49.15791006438057,3.528422949953595,1.598953998347433,5.127376948301027,50.06304384207882,2.7292234825885937,0.7160660086658837,3.445289491254478
2019-02-25,BJCO,6.385,2.45,30.7,2019,2,25,1517,0.0538162335645133,53.8162335645133,0.0525820638168947,52.5820638168947,0.0538208333333333,53.8208333333333,53.8208333333333,53.8208333333333,53.8208333333333,53.8162335645133,53.8162335645133,53.8162335645133,52.5820638168947,52.5820638168947,52.5820638168947,49.17445711457464,3.1567327515823984,1.4850436983562574,4.641776449938654,49.156181051466426,2.5078375922125713,0.9180451732157024,3.425882765428277,50.062014213664526,3.1980840217309594,0.5607350979378154,3.7588191196687717
2019-02-26,BJCO,6.385,2.45,30.7,2019,2,26,1518,0.0510745046451753,51.0745046451753,0.0540859439762987,54.0859439762987,0.0559708333333333,55.9708333333333,55.9708333333333,55.9708333333333,55.9708333333333,51.0745046451753,51.0745046451753,51.0745046451753,54.0859439762987,54.0859439762987,54.0859439762987,49.17087689847495,0.2593204463343464,1.6443073003660018,1.9036277467003515,49.15448232869812,3.245803336091202,1.6856583115093784,4.931461647600578,50.06099745118012,4.328293818156044,1.5815420639971407,5.909835882153182
2019-02-27,BJCO,6.385,2.45,30.7,2019,2,27,1519,0.0548083972917784,54.808397291778405,0.0549180256479187,54.9180256479187,0.0559291666666666,55.9291666666666,55.9291666666666,55.9291666666666,55.9291666666666,54.808397291778405,54.808397291778405,54.808397291778405,54.9180256479187,54.9180256479187,54.9180256479187,49.16732915995199,3.7459515122035847,1.8951166196228328,5.641068131826415,49.15281367825528,4.205887200353099,1.5593247693103223,5.765211969663419,50.05999381268058,5.467179443618961,0.40199341036706215,5.869172853986022
2019-02-28,BJCO,6.385,2.45,30.7,2019,2,28,1520,0.058535029203322,58.535029203322,0.056937357998642,56.93735799864201,0.0558333333333333,55.8333333333333,55.8333333333333,55.8333333333333,55.8333333333333,51.0745046451753,58.535029203322,58.535029203322,56.93735799864201,56.93735799864201,56.93735799864201,49.16381385415775,0.2782860057407538,1.6324047852767976,1.9106907910175508,49.15117481794477,7.7987291786408575,-0.012545997943618659,7.786183180697236,50.05900350135596,5.7781898016351185,-0.003859969657781903,5.77432983197734
2019-03-02,BJCO,6.385,2.45,30.7,2019,3,2,1522,0.0502918605960126,50.29186059601261,0.052640254516123,52.640254516123,0.0535249999999999,53.5249999999999,53.5249999999999,53.5249999999999,53.5249999999999,50.29186059601261,50.29186059601261,50.29186059601261,52.640254516123,52.640254516123,52.640254516123,49.15687993747518,0.2945245204496784,0.8404561380877524,1.1349806585374296,49.147985079422895,2.617876794973456,0.8743926417266508,3.4922694367001057,50.05706343850868,3.409301167717102,0.05863539377411797,3.4679365614912214
2019-03-03,BJCO,6.385,2.45,30.7,2019,3,3,1523,0.0486757686492435,48.6757686492435,0.0471327496063854,47.1327496063854,0.0505166666666666,50.5166666666666,50.5166666666666,50.5166666666666,50.5166666666666,48.6757686492435,48.6757686492435,48.6757686492435,47.1327496063854,47.1327496063854,47.1327496063854,49.15346084880186,-0.7684275001221306,0.2907353005637674,-0.47769219955836206,49.146433403442416,-2.0316406448634208,0.017956847806409826,-2.0136837970570127,50.05611387049476,0.629284934801035,-0.16873213862919556,0.4605527961718394
2019-03-04,BJCO,6.385,2.45,30.7,2019,3,4,1524,0.0482462162837636,48.2462162837636,0.0473563747827917,47.3563747827917,0.0477416666666666,47.7416666666666,47.7416666666666,47.7416666666666,47.7416666666666,48.2462162837636,48.2462162837636,48.2462162837636,47.3563747827917,47.3563747827917,47.3563747827917,49.15007325970489,-1.591454700589074,0.6875977246477873,-0.903856975941288,49.14490993550389,-1.941509156062372,0.15297400335018096,-1.7885351527121927,50.05517800515139,-2.2290093718008595,-0.08450196668393062,-2.313511338484787
2019-03-05,BJCO,6.385,2.45,30.7,2019,3,5,1525,0.0484932026092445,48.4932026092445,0.0492715456725332,49.2715456725332,0.0491625,49.1625,49.1625,49.1625,49.1625,48.4932026092445,48.4932026092445,48.4932026092445,49.2715456725332,49.2715456725332,49.2715456725332,49.146716803880494,0.018151012748472597,-0.6716652073844713,-0.6535141946359957,49.14341420631166,-0.21098367285762534,0.339115139079162,0.12813146622153937,50.05425584976908,-1.2189793232690995,0.3272234735000268,-0.8917558497690763
2019-03-06,BJCO,6.385,2.45,30.7,2019,3,6,1526,0.0491621345635771,49.1621345635771,0.0518699446063555,51.8699446063555,0.0522666666666666,52.2666666666666,52.2666666666666,52.2666666666666,52.2666666666666,49.1621345635771,49.1621345635771,49.1621345635771,51.8699446063555,51.8699446063555,51.8699446063555,49.14339107967008,1.1742264686999002,-1.155482984792883,0.01874348390701641,49.1419457306315,2.7918639772514413,-0.06386510152743341,2.727998875724005,50.05334738527662,1.097970880814013,1.115348400575968,2.2133192813899782
2019-03-07,BJCO,6.385,2.45,30.7,2019,3,7,1527,0.0450423494872666,45.0423494872666,0.0484767298282769,48.4767298282769,0.0491625,49.1625,49.1625,49.1625,49.1625,45.0423494872666,45.0423494872666,45.0423494872666,48.4767298282769,48.4767298282769,48.4767298282769,49.140095659584965,-3.9723661116224718,-0.12538006069589613,-4.097746172318367,49.140504011626014,-0.3408661585758201,-0.32290802477329095,-0.663774183349112,50.05245256803742,-1.1441632928923327,0.25421072485491436,-0.8899525680374154
2019-03-08,BJCO,6.385,2.45,30.7,2019,3,8,1528,0.0473539183719653,47.3539183719653,0.0462448083833555,46.2448083833555,0.04505,45.05,51.0416666666666,45.05,45.05,47.3539183719653,47.3539183719653,47.3539183719653,46.2448083833555,46.2448083833555,46.2448083833555,49.13683009714507,-2.859989822531155,1.0770780973513823,-1.7829117251797726,49.13908854574257,-1.8185882229443682,-1.0756919394426987,-2.8942801623870693,50.05157133143275,0.24290836455083373,0.7471869706830176,0.9900953352338533
2019-03-09,BJCO,6.385,2.45,30.7,2019,3,9,1529,0.0507984794201566,50.7984794201566,0.0508703490568433,50.8703490568433,0.0510416666666666,51.0416666666666,51.0416666666666,51.0416666666666,51.0416666666666,50.7984794201566,50.7984794201566,50.7984794201566,50.8703490568433,50.8703490568433,50.8703490568433,49.133593929368615,-0.09911785888830149,1.7640033496762868,1.664885490787988,49.137698827247135,0.43544835162817985,1.2972018779679857,1.7326502295961674,50.05070358960717,0.03201576807041327,0.9589473089890177,0.9909630770594333
2019-03-10,BJCO,6.385,2.45,30.7,2019,3,10,1530,0.0555728930035925,55.5728930035925,0.0526622644045886,52.6622644045886,0.0519041666666666,51.9041666666666,51.9041666666666,51.9041666666666,51.9041666666666,55.5728930035925,55.5728930035925,55.5728930035925,52.6622644045886,52.6622644045886,52.6622644045886,49.13038667799401,5.382438233950761,1.0600680916477287,6.442506325598487,49.13633435151965,3.539510685057044,-0.013580631988098446,3.5259300530689472,50.04984923924508,-0.024611019435851138,1.8789284468573726,1.8543174274215204
2019-03-11,BJCO,6.385,2.45,30.7,2019,3,11,1531,0.0512056763193724,51.2056763193724,0.0521588445613552,52.1588445613552,0.0520249999999999,52.0249999999999,52.0249999999999,52.0249999999999,52.0249999999999,51.2056763193724,51.2056763193724,51.2056763193724,52.1588445613552,52.1588445613552,52.1588445613552,49.12720785206331,-0.38507018855572345,2.4635386558648165,2.0784684673090936,49.13499461380248,2.367024492170109,0.6568254553826094,3.023849947552719,50.049008160832635,-0.32870216751161263,2.3046940066788792,1.9759918391672642
2019-03-12,BJCO,6.385,2.45,30.7,2019,3,12,1532,0.0460251088904668,46.0251088904668,0.0467515759600637,46.7515759600637,0.04745,47.45,47.45,47.45,47.45,46.0251088904668,46.0251088904668,46.0251088904668,46.7515759600637,46.7515759600637,46.7515759600637,49.12405695198025,-5.44777180739686,2.348823745883408,-3.098948061513454,49.13367911245098,-4.54210344739322,2.1600002950059434,-2.3821031523872804,50.04818021912447,-3.9749603133872045,1.3767800942627417,-2.5981802191244654
2019-03-13,BJCO,6.385,2.45,30.7,2019,3,13,1533,0.0501513450014137,50.1513450014137,0.0499166082984397,49.9166082984397,0.0503458333333333,50.345833333333296,50.345833333333296,50.345833333333296,50.345833333333296,50.1513450014137,50.1513450014137,50.1513450014137,49.9166082984397,49.9166082984397,49.9166082984397,49.12093347066523,-0.28195314536277666,1.312364676111251,1.0304115307484736,49.13238734940717,-0.9621339654215226,1.7463549144540522,0.7842209490325303,50.04736526456247,-1.0547042227853678,1.3531722915561915,0.29846806877082344
2019-03-14,BJCO,6.385,2.45,30.7,2019,3,14,1534,0.0533666356427176,53.3666356427176,0.052437919235445,52.437919235445,0.0536875,53.6875,53.6875,53.6875,53.6875,53.3666356427176,53.3666356427176,53.3666356427176,52.437919235445,52.437919235445,52.437919235445,49.1178368962758,3.1454241196038972,1.1033746268379048,4.2487987464418,49.13111882909645,2.664195925973282,0.6426044803752688,3.3068004063485503,50.0465631361511,2.327751047595147,1.3131858162537497,3.6409368638489
2019-03-15,BJCO,6.385,2.45,30.7,2019,3,15,1535,0.0494211923952178,49.4211923952178,0.0504131338695121,50.4131338695121,0.0518041666666666,51.8041666666666,51.8041666666666,51.8041666666666,51.8041666666666,49.4211923952178,49.4211923952178,49.4211923952178,50.4131338695121,50.4131338695121,50.4131338695121,49.11476671628476,2.598236036927393,-2.2918103579943576,0.3064256789330386,49.129873060297385,2.43957441410629,-1.1563136048915723,1.2832608092147169,50.0457736633758,2.7986406426953003,-1.0402476394044982,1.7583930032908057
2019-03-16,BJCO,6.385,2.45,30.7,2019,3,16,1536,0.0543377652885125,54.3377652885125,0.0532138472744193,53.2138472744193,0.0543291666666666,54.3291666666666,54.3291666666666,54.3291666666666,54.3291666666666,54.3377652885125,54.3377652885125,54.3377652885125,53.2138472744193,53.2138472744193,53.2138472744193,49.11172242164039,6.762614611499306,-1.5365717446271958,5.226042866872113,49.12864956014454,5.0958647514804465,-1.0106670372056854,4.085197714274763,50.04499666870648,5.04754201095548,-0.7633720129953616,4.28416999796012
2019-03-17,BJCO,6.385,2.45,30.7,2019,3,17,1537,0.0488032189171038,48.8032189171038,0.0527540763443319,52.7540763443319,0.0523666666666666,52.3666666666666,52.3666666666666,52.3666666666666,52.3666666666666,48.8032189171038,48.8032189171038,48.8032189171038,52.7540763443319,52.7540763443319,52.7540763443319,49.10870351393654,0.6000285740884727,-0.9055131709212105,-0.3054845968327413,49.12744785859845,3.2510905937119063,0.37553789202154064,3.6266284857334483,50.04423197277323,2.180910810869857,0.14152388302351682,2.3224346938933706
2019-03-18,BJCO,6.385,2.45,30.7,2019,3,18,1538,0.0484937626071296,48.4937626071296,0.0486205187647348,48.6205187647348,0.0502416666666666,50.2416666666666,52.2333333333333,50.2416666666666,50.2416666666666,48.4937626071296,48.4937626071296,48.4937626071296,48.6205187647348,48.6205187647348,48.6205187647348,49.1057095064162,-1.607908239830685,0.9959613405440848,-0.6119468992866004,49.12626749874872,-1.6381562379169496,1.132407503903032,-0.5057487340139204,50.04347939534544,0.5319067241338575,1.6579472138540012,2.1898539379878557
2019-03-19,BJCO,6.385,2.45,30.7,2019,3,19,1539,0.0523690278240248,52.3690278240248,0.0500380229081855,50.0380229081855,0.0513666666666666,51.3666666666666,51.3666666666666,51.3666666666666,51.3666666666666,52.3690278240248,52.3690278240248,52.3690278240248,50.0380229081855,50.0380229081855,50.0380229081855,49.102739922485476,2.755826232524339,0.5104616690149797,3.2662879015393216,49.125108034136986,-0.7612915989309359,1.6742064729794564,0.9129148740485178,50.04273875373004,0.07866131318059878,1.2452665997559649,1.3239279129365613
2019-03-20,BJCO,6.385,2.45,30.7,2019,3,20,1540,0.0528055265200377,52.8055265200377,0.0527879483294397,52.7879483294397,0.0525791666666666,52.5791666666666,52.5791666666666,52.5791666666666,52.5791666666666,52.8055265200377,52.8055265200377,52.8055265200377,52.7879483294397,52.7879483294397,52.7879483294397,49.09979429290208,3.3549916690807278,0.3507405580548948,3.70573222713562,49.123969026867435,2.5146709508547787,1.1493083517174867,3.6639793025722653,50.04200986085665,2.277697072982165,0.25945973282778567,2.53715680580995
2019-03-21,BJCO,6.385,2.45,30.7,2019,3,21,1541,0.0501713485320144,50.1713485320144,0.0515174656105539,51.5174656105539,0.0522333333333333,52.2333333333333,52.2333333333333,52.2333333333333,52.2333333333333,50.1713485320144,50.1713485320144,50.1713485320144,51.5174656105539,51.5174656105539,51.5174656105539,49.09687215648733,2.1105312550478095,-1.0360548795207407,1.0744763755270696,49.1228500469117,3.063735441997393,-0.6691198783551968,2.3946155636421977,50.041292526450334,2.697096732527302,-0.505055925644335,2.1920408068829644
2019-06-16,BJCO,6.385,2.45,30.7,2019,6,16,1628,0.0565888106369906,56.5888106369906,0.0552909460985997,55.2909460985997,0.0557083333333333,55.7083333333333,55.7083333333333,55.7083333333333,55.7083333333333,56.5888106369906,56.5888106369906,56.5888106369906,55.2909460985997,55.2909460985997,55.2909460985997,49.055578613540014,5.885382756385584,1.6478492670650056,7.533232023450587,49.10820846137642,4.634597678879878,1.5481399583433983,6.182737637223276,50.03179219562571,4.495691601272031,1.1808495364355593,5.676541137707588
2019-06-25,BJCO,6.385,2.45,30.7,2019,6,25,1637,0.0592162522250885,59.2162522250885,0.0599546223012679,59.9546223012679,0.0601875,60.1875,60.1875,60.1875,60.1875,59.2162522250885,59.2162522250885,59.2162522250885,59.9546223012679,59.9546223012679,59.9546223012679,49.03276764207881,10.720549068078485,-0.5370644850687896,10.183484583009694,49.10105874960113,9.038874479260631,1.8146890724061322,10.853563551666767,50.02706298662873,8.564747086844896,1.5956899265263758,10.160437013371272
2019-06-26,BJCO,6.385,2.45,30.7,2019,6,26,1638,0.0557339222580374,55.7339222580374,0.0565824693527434,56.5824693527434,0.0585166666666666,58.5166666666666,58.5166666666666,58.5166666666666,58.5166666666666,55.7339222580374,55.7339222580374,55.7339222580374,56.5824693527434,56.5824693527434,56.5824693527434,49.03031128519164,5.483468041089511,1.220142931756257,6.703610972845766,49.10032830743308,6.712428985488924,0.7697120598213942,7.482141045310321,50.02657529701423,7.6463769224790585,0.843714447173312,8.490091369652369
2019-07-29,BJCO,6.385,2.45,30.7,2019,7,29,1671,0.0539164852833271,53.9164852833271,0.0573286090792695,57.32860907926951,0.0571458333333333,57.1458333333333,57.1458333333333,57.1458333333333,57.1458333333333,53.9164852833271,53.9164852833271,53.9164852833271,57.32860907926951,57.32860907926951,57.32860907926951,48.995096964867166,4.129608815834415,0.7917795026255163,4.9213883184599325,49.09067509729328,7.670752816386492,0.5671811655897443,8.237933981976234,50.020012822677074,6.7290031231043415,0.39681738755188434,7.125820510656226
2019-07-30,BJCO,6.385,2.45,30.7,2019,7,30,1672,0.0478695150333857,47.869515033385696,0.0496975607991482,49.6975607991482,0.0496083333333333,49.608333333333306,49.608333333333306,49.608333333333306,49.608333333333306,47.869515033385696,47.869515033385696,47.869515033385696,49.6975607991482,49.6975607991482,49.6975607991482,48.992848438939674,-1.9798893931403803,0.8565559875864039,-1.1233334055539785,49.090109288029204,0.23117345148856241,0.3762780596304296,0.6074515111189953,50.01961935644579,-0.9970032610315862,0.5857172379191056,-0.4112860231124813
2019-08-01,BJCO,6.385,2.45,30.7,2019,8,1,1674,0.0509523628638492,50.9523628638492,0.0528240908468449,52.824090846844896,0.0560875,56.0875,56.0875,56.0875,56.0875,50.9523628638492,50.9523628638492,50.9523628638492,52.824090846844896,52.824090846844896,52.824090846844896,48.98838503713284,1.9677014956608967,-0.0037236689445379056,1.9639778267163592,49.08900349879843,3.754059607631661,-0.018972259585190443,3.73508734804647,50.01884671369678,6.077804371673167,-0.009151085369950351,6.068653286303217
2019-08-02,BJCO,6.385,2.45,30.7,2019,8,2,1675,0.0509888629580384,50.9888629580384,0.0522118062895622,52.2118062895622,0.0525333333333333,52.5333333333333,52.5333333333333,52.5333333333333,52.5333333333333,50.9888629580384,50.9888629580384,50.9888629580384,52.2118062895622,52.2118062895622,52.2118062895622,48.98616979569283,1.8584573032027698,0.14423585914280324,2.0026931623455724,49.088463178626164,3.142412084000169,-0.019068973064136685,3.123343110936034,50.018467311447786,2.4309365128736804,0.08392950901183838,2.514866021885517
2019-08-03,BJCO,6.385,2.45,30.7,2019,8,3,1676,0.0495561829088417,49.5561829088417,0.0509494178948316,50.949417894831605,0.0497833333333333,49.783333333333296,49.783333333333296,49.783333333333296,49.783333333333296,49.5561829088417,49.5561829088417,49.5561829088417,50.949417894831605,50.949417894831605,50.949417894831605,48.98396528805216,-0.23589722681371572,0.8081148476032496,0.5722176207895373,49.08793101990552,1.0962007674599723,0.7652861074661175,1.8614868749260864,50.018092374742295,-0.8775064459214624,0.6427474045124626,-0.23475904140899928
2019-08-04,BJCO,6.385,2.45,30.7,2019,8,4,1677,0.0452358434335253,45.2358434335253,0.045934724494811,45.934724494811,0.0468041666666666,46.8041666666666,46.8041666666666,46.8041666666666,46.8041666666666,49.2249524336078,45.2358434335253,45.2358434335253,50.949417894831605,45.934724494811,45.934724494811,48.98177133809976,-29.019861701173234,29.263042796681262,0.24318109550803513,49.08740686016578,-32.11781427122252,33.97982530588835,1.8620110346658265,50.01772179537559,-27.46791198123304,24.254356852524054,-3.2135551287089896
2019-08-05,BJCO,6.385,2.45,30.7,2019,8,5,1678,0.0465131386307798,46.5131386307798,0.0479088091820711,47.908809182071096,0.0512125,51.2125,51.2125,51.2125,51.2125,46.5131386307798,46.5131386307798,46.5131386307798,47.908809182071096,47.908809182071096,47.908809182071096,48.97958777166178,-30.21179419111314,27.74534505023116,-2.466449140881977,49.08689053906912,-30.758036087420045,29.57995473042203,-1.178081356998021,50.01735546634941,-27.971316257203675,29.166460790854266,1.1951445336505913
2019-08-06,BJCO,6.385,2.45,30.7,2019,8,6,1679,0.0492249524336078,49.2249524336078,0.0512004642077787,51.2004642077787,0.0528541666666666,52.8541666666666,52.8541666666666,52.8541666666666,52.8541666666666,49.2249524336078,49.2249524336078,49.2249524336078,51.2004642077787,51.2004642077787,51.2004642077787,48.977414417158165,-1.4167741447751918,1.6643121612248208,0.24753801644963147,49.08638189897774,-19.316155227189814,21.430237535990777,2.1140823088009597,50.01699328239269,2.1708060001282115,0.6663673841457012,2.8371733842739104
2019-08-07,BJCO,6.385,2.45,30.7,2019,8,7,1680,0.0492002015799006,49.2002015799006,0.0494254375614248,49.4254375614248,0.0497458333333333,49.7458333333333,49.7458333333333,49.7458333333333,49.7458333333333,49.2002015799006,49.2002015799006,49.2002015799006,49.4254375614248,49.4254375614248,49.4254375614248,48.97525110532142,-0.3505489942498658,0.5754994688290438,0.22495047457918105,49.08588078508449,0.4544341087163099,-0.11487733237600395,0.33955677634030934,50.01663513991448,0.2319948788066169,-0.5027966853877928,-0.2708018065811757
2019-08-08,BJCO,6.385,2.45,30.7,2019,8,8,1681,0.0532395792733411,53.2395792733411,0.0544007746525706,54.40077465257061,0.0556541666666666,55.654166666666605,55.654166666666605,55.654166666666605,55.654166666666605,53.2395792733411,53.2395792733411,53.2395792733411,54.40077465257061,54.40077465257061,54.40077465257061,48.97309766771247,3.332286101055051,0.934195504573573,4.266481605628627,49.085387045363085,4.644835723509364,0.6705518836981597,5.315387607207526,50.01628093657253,4.986475683770503,0.6514100463235764,5.637885730094077
2019-08-09,BJCO,6.385,2.45,30.7,2019,8,9,1682,0.0507387629474026,50.7387629474026,0.0536226533460932,53.6226533460932,0.0538333333333333,53.8333333333333,53.8333333333333,53.8333333333333,53.8333333333333,50.7387629474026,50.7387629474026,50.7387629474026,50.1812066167434,53.6226533460932,53.6226533460932,48.970953937285124,2.223429706447298,-0.4556206963298237,1.7678090101174746,49.08490053040424,1.7675905280940782,-0.6712844417549135,1.0963060863391618,50.01593057200074,4.173193555885133,-0.35579079455257556,3.817402761332559
2019-08-10,BJCO,6.385,2.45,30.7,2019,8,10,1683,0.0466329149620686,46.63291496206861,0.0501812066167434,50.1812066167434,0.0518958333333333,51.8958333333333,51.8958333333333,51.8958333333333,51.8958333333333,46.63291496206861,46.63291496206861,46.63291496206861,50.1812066167434,50.1812066167434,50.1812066167434,48.968819748631944,-3.1271009919821995,0.7911962054188635,-2.335904786563333,49.084421092899476,0.18024041319361753,0.9165451106503113,1.096785523843927,50.01558394712304,1.103303672399137,0.7769457138111235,1.8802493862102594
2019-08-11,BJCO,6.385,2.45,30.7,2019,8,11,1684,0.0461534173750987,46.1534173750987,0.048400301151827,48.400301151827,0.0482041666666666,48.2041666666666,48.2041666666666,48.2041666666666,48.2041666666666,46.1534173750987,46.1534173750987,46.1534173750987,48.400301151827,48.400301151827,48.400301151827,48.96669493899171,-3.4130836791013004,0.5998061152082883,-2.81327756389301,49.08394858838073,-1.232673124041181,0.5490256874874504,-0.6836474365537271,50.01524096458211,-2.518595714552095,0.7075214166365882,-1.8110742979155106
2019-08-12,BJCO,6.385,2.45,30.7,2019,8,12,1685,0.048691313621914,48.691313621914,0.0478170137556535,47.8170137556535,0.0503708333333333,50.3708333333333,50.3708333333333,50.3708333333333,50.3708333333333,48.691313621914,48.691313621914,48.691313621914,47.8170137556535,47.8170137556535,47.8170137556535,48.964579347296194,-1.034508539215267,0.7612428138330714,-0.2732657253821955,49.08348287393879,-2.03993241356537,0.7734632952800737,-1.2664691182852934,50.01490152781673,0.09201066509867688,0.2639211404178923,0.355931805516569
2019-08-13,BJCO,6.385,2.45,30.7,2019,8,13,1686,0.0504605575514611,50.4605575514611,0.0506459371378348,50.6459371378348,0.0516833333333333,51.6833333333333,51.6833333333333,51.6833333333333,51.6833333333333,50.4605575514611,50.4605575514611,50.4605575514611,50.6459371378348,50.6459371378348,50.6459371378348,48.96247281397504,2.6975190348990163,-1.1994342974129566,1.4980847374860602,49.08302380810346,2.519401281905698,-0.9564879521743634,1.5629133297313373,50.014565540949576,2.223510036336866,-0.5547422439531431,1.6687677923837256
2019-08-14,BJCO,6.385,2.45,30.7,2019,8,14,1687,0.0453849287133028,45.3849287133028,0.0461906406568031,46.190640656803104,0.0459666666666666,45.9666666666666,45.9666666666666,45.9666666666666,45.9666666666666,45.3849287133028,45.3849287133028,45.3849287133028,46.190640656803104,46.190640656803104,46.190640656803104,48.96037518131731,-4.421152884424198,0.8457064164096835,-3.575446468014512,49.08257125112724,-2.58071472424513,-0.3112158700790033,-2.891930594324137,50.01423290945305,-4.049392260360184,0.0018260175737339068,-4.047566242786452
2019-08-15,BJCO,6.385,2.45,30.7,2019,8,15,1688,0.0454068425792357,45.4068425792357,0.0454907561360316,45.4907561360316,0.04715,47.15,47.15,47.15,47.15,45.4068425792357,45.4068425792357,45.4068425792357,45.4907561360316,45.4907561360316,45.4907561360316,48.95828629485183,-1.7105763844656068,-1.8408673311505268,-3.5514437156161307,49.08212506648474,-4.265655030454227,0.6742861000010834,-3.591368930453143,50.013903540917916,-3.1089764468782035,0.24507290596028497,-2.863903540917917
2019-08-16,BJCO,6.385,2.45,30.7,2019,8,16,1689,0.0475672649443024,47.5672649443024,0.0475133282634893,47.5133282634893,0.0502041666666666,50.2041666666666,50.2041666666666,50.2041666666666,50.2041666666666,47.5672649443024,47.5672649443024,47.5672649443024,47.5133282634893,47.5133282634893,47.5133282634893,48.956206002361604,-2.123986099185168,0.7350450411259644,-1.3889410580592028,49.0816851203266,-1.2091140800772457,-0.35924277676005545,-1.5683568568372976,50.01357734458459,-0.017278263803576097,0.2078675858855874,0.19058932208201185
2019-08-17,BJCO,6.385,2.45,30.7,2019,8,17,1690,0.0452137736644499,45.213773664449896,0.0481772542398793,48.1772542398793,0.0487083333333333,48.7083333333333,48.7083333333333,48.7083333333333,48.7083333333333,47.2082993598639,45.213773664449896,45.213773664449896,48.1772542398793,48.1772542398793,48.1772542398793,48.95413415528832,-2.7240130586944615,0.9781782632700384,-1.7458347954244218,49.08125128052054,0.12866036668288214,-1.0326574073241233,-0.9039970406412436,50.01325423093191,-1.1259621601338365,-0.1789587374647752,-1.3049208975986133
2019-08-18,BJCO,6.385,2.45,30.7,2019,8,18,1691,0.0472082993598639,47.2082993598639,0.0487566862197471,48.7566862197471,0.0505083333333333,50.5083333333333,50.5083333333333,50.5083333333333,50.5083333333333,47.2082993598639,47.2082993598639,47.2082993598639,48.7566862197471,48.7566862197471,48.7566862197471,48.95207060676119,-1.6654231533340398,-0.07834809356324968,-1.743771246897289,49.08082341756839,-0.1899648943306556,-0.13417230349062947,-0.3241371978212868,50.01293411172769,0.9381114949027453,-0.4427122732971327,0.49539922160560934
2019-08-19,BJCO,6.385,2.45,30.7,2019,8,19,1692,0.0519436492065098,51.9436492065098,0.0527625722385559,52.7625722385559,0.0536791666666666,53.6791666666666,53.6791666666666,53.6791666666666,53.6791666666666,51.9436492065098,51.9436492065098,51.9436492065098,52.7625722385559,52.7625722385559,52.7625722385559,48.95001521099117,2.310278109030612,0.683355886488016,2.9936339955186284,49.08040140522558,2.9552455383765825,0.7269252949537375,3.682170833330318,50.01261690045782,3.3762736824212425,0.2902760837875391,3.6665497662087816
2019-08-20,BJCO,6.385,2.45,30.7,2019,8,20,1693,0.0533218134670863,53.3218134670863,0.0530260745939971,53.0260745939971,0.0526083333333333,52.6083333333333,52.6083333333333,52.6083333333333,52.6083333333333,53.3218134670863,53.3218134670863,53.3218134670863,53.0260745939971,53.0260745939971,53.0260745939971,48.94796782404876,1.4213604518143386,2.9524851912232037,4.373845643037541,49.07998511949276,1.432438265918066,2.5136512085862748,3.9460894745043404,50.012302512457325,0.944237118287549,1.651793702588428,2.596030820875974
2019-08-21,BJCO,6.385,2.45,30.7,2019,8,21,1694,0.0530786202138074,53.078620213807405,0.053333603713896,53.333603713896,0.0536333333333333,53.6333333333333,53.6333333333333,53.6333333333333,53.6333333333333,53.078620213807405,53.078620213807405,53.078620213807405,53.333603713896,53.333603713896,53.333603713896,48.94592830291046,2.795728591365139,1.3369633195318045,4.132691910896945,49.079574437158314,3.3015887826172943,0.9524404941203883,4.254029276737683,50.011990863920516,3.1016516418759394,0.5196908275368415,3.621342469412781
2019-08-22,BJCO,6.385,2.45,30.7,2019,8,22,1695,0.0531542174583472,53.1542174583472,0.0536639196431234,53.6639196431234,0.0543416666666666,54.3416666666666,54.3416666666666,54.3416666666666,54.3416666666666,53.1542174583472,53.1542174583472,53.1542174583472,53.6639196431234,53.6639196431234,53.6639196431234,48.94389650383704,4.369357819015277,-0.15903686450511856,4.210320954510159,49.07916923449779,3.34514531915991,1.239605089465698,4.5847504086256095,50.01168187077835,3.083798353874764,1.2461864420134887,4.329984795888251
2019-08-23,BJCO,6.385,2.45,30.7,2019,8,23,1696,0.0539294534465393,53.9294534465393,0.0559645649374343,55.9645649374343,0.0569416666666666,56.9416666666666,56.9416666666666,56.9416666666666,56.9416666666666,53.9294534465393,53.9294534465393,53.9294534465393,53.6639196431234,55.9645649374343,55.9645649374343,48.941872283477224,3.694596376190777,1.2929847868713011,4.9875811630620746,49.07876938808763,3.331799802005701,1.2533504530300732,4.585150255035771,50.01137544922706,6.609475076560419,0.32081614087911703,6.930291217439539
2019-08-28,BJCO,6.385,2.45,30.7,2019,8,28,1701,0.0548980760865141,54.898076086514095,0.0564443478364155,56.444347836415496,0.055275,55.275,55.275,55.275,55.275,54.898076086514095,54.898076086514095,54.898076086514095,53.6639196431234,56.444347836415496,56.444347836415496,48.931859925731786,4.641750759505627,1.324465401276683,5.966216160782309,49.07684620463889,3.349413542660422,1.2376598958240876,4.587073438484509,50.009879016392716,4.339523161650668,0.9255978219566146,5.265120983607282
2019-08-29,BJCO,6.385,2.45,30.7,2019,8,29,1702,0.0548758666072197,54.8758666072197,0.0521113488055734,52.1113488055734,0.0506208333333333,50.6208333333333,50.6208333333333,50.6208333333333,50.6208333333333,54.8758666072197,54.8758666072197,54.8758666072197,53.6639196431234,52.1113488055734,52.1113488055734,48.92987822365209,4.580637215194359,1.3653511683732518,5.9459883835676095,49.07647592425506,3.3360247263602325,1.251418992508114,4.587443718868343,50.00958629423577,-0.4485233233050873,1.0597703624026238,0.6112470390975346
2019-08-30,BJCO,6.385,2.45,30.7,2019,8,30,1703,0.0565073291942215,56.50732919422151,0.0555965304464187,55.5965304464187,0.0556958333333333,55.6958333333333,55.6958333333333,55.6958333333333,55.6958333333333,56.50732919422151,56.50732919422151,56.50732919422151,55.5965304464187,55.5965304464187,55.5965304464187,48.92790312229359,6.301395445671463,1.2780306262564594,7.579426071927919,49.07611014679609,5.266527816779295,1.2538924828433125,6.520420299622607,50.00929557135845,5.697910485602988,-0.011372723628142012,5.686537761974847
2019-09-02,BJCO,6.385,2.45,30.7,2019,9,2,1706,0.0530569176525857,53.0569176525857,0.0535248769539253,53.5248769539253,0.0529833333333333,52.9833333333333,52.9833333333333,52.9833333333333,52.9833333333333,53.0569176525857,53.0569176525857,53.0569176525857,53.5248769539253,53.5248769539253,53.5248769539253,48.92201605615079,2.838561328097099,1.296340268337815,4.134901596434915,49.075038631986125,3.196582668645405,1.2532556532937704,4.4498383219391755,50.0084345977205,1.9283323369514627,1.0465663986613336,2.974898735612797
2019-09-03,BJCO,6.385,2.45,30.7,2019,9,3,1707,0.0541753601210278,54.1753601210278,0.0527689546425975,52.7689546425975,0.0539708333333333,53.9708333333333,53.9708333333333,53.9708333333333,53.9708333333333,54.1753601210278,54.1753601210278,54.1753601210278,52.7689546425975,52.7689546425975,52.7689546425975,48.920065994165185,4.902087546833794,0.3532065800288251,5.255294126862616,49.074689670713234,3.7163658880189683,-0.022100916134704107,3.694264971884266,50.008151074519056,4.632232087874155,-0.6695498290599105,3.9626822588142474
2019-09-04,BJCO,6.385,2.45,30.7,2019,9,4,1708,0.0593084401737636,59.3084401737636,0.0589696420959548,58.9696420959548,0.0593083333333333,59.3083333333333,59.3083333333333,59.3083333333333,59.3083333333333,59.3084401737636,59.3084401737636,59.3084401737636,58.9696420959548,58.9696420959548,58.9696420959548,48.918121854477185,10.705667724983304,-0.3153494056968853,10.390318319286415,49.07434461995406,10.193033621329946,-0.29773614532920334,9.895297476000742,50.00786915477634,9.661050881108457,-0.36058670255149394,9.300464178556965
2020-01-01,BJCO,6.385,2.45,30.7,2020,1,1,1827,0.0271214855127236,27.1214855127236,0.0276809096469189,27.680909646918906,0.027375,27.375,27.375,51.747916666666654,27.375,27.1214855127236,51.3713400319384,27.1214855127236,27.680909646918906,51.629929343059146,27.680909646918906,48.88958382268654,-22.537458323529936,0.7693600135669953,-21.76809830996294,49.069563035243085,-21.404079300534892,0.015425912210709214,-21.38865338832418,50.00378273290984,-23.230916056679135,0.6021333237692943,-22.62878273290984
2020-01-03,BJCO,6.385,2.45,30.7,2020,1,3,1829,0.0199250425875526,19.9250425875526,0.0215693283751909,21.569328375190903,0.0220749999999999,22.0749999999999,22.0749999999999,51.747916666666654,49.55794709737823,19.9250425875526,51.3713400319384,49.14734633736466,21.569328375190903,51.629929343059146,49.02120414412796,48.88585455800093,-28.47565242368623,-0.48515954676209816,-28.96081197044833,49.068970206469025,-28.119443323549337,0.6198014922712147,-27.499641831278122,50.00325055259329,-27.358793066158114,-0.5694574864352759,-27.928250552593394
2020-01-05,BJCO,6.385,2.45,30.7,2020,1,5,1831,0.0292622162843841,29.2622162843841,0.0266651948725972,26.6651948725972,0.0287416666666666,28.7416666666666,28.7416666666666,51.747916666666654,28.7416666666666,29.2622162843841,51.3713400319384,29.2622162843841,26.6651948725972,51.629929343059146,26.6651948725972,48.88214009534926,-19.95109629471977,0.3311724837546137,-19.619923810965158,49.06838518544868,-22.155733129053097,-0.24745718379838166,-22.403190312851482,50.00271950620007,-20.86969651316262,-0.39135632637085394,-21.261052839533473
2020-01-06,BJCO,6.385,2.45,30.7,2020,1,6,1832,0.0334441764050924,33.444176405092406,0.0336933888250908,33.6933888250908,0.0344083333333333,34.408333333333296,34.408333333333296,34.408333333333296,34.408333333333296,33.444176405092406,33.444176405092406,33.444176405092406,33.6933888250908,33.6933888250908,33.6933888250908,48.88028813139543,-16.301296277751785,0.8651845514487633,-15.436111726303025,49.068095346496456,-15.9117805873922,0.5370740659865447,-15.374706521405656,50.00245423674045,-15.87087912700993,0.27675822360277635,-15.594120903407152
2020-01-07,BJCO,6.385,2.45,30.7,2020,1,7,1833,0.0385278457292267,38.5278457292267,0.037183428116895,37.183428116895,0.0383708333333333,38.3708333333333,38.3708333333333,38.3708333333333,38.3708333333333,38.5278457292267,38.5278457292267,38.5278457292267,37.183428116895,37.183428116895,37.183428116895,48.8784395315081,-10.086746245914405,-0.2638475563669971,-10.350593802281402,49.06780715515593,-11.466829566151189,-0.4175494721097408,-11.884379038260931,50.002189048683526,-11.0910582594517,-0.540297455898525,-11.631355715350225
2020-01-08,BJCO,6.385,2.45,30.7,2020,1,8,1834,0.040855892108951,40.855892108951,0.0410993774321337,41.0993774321337,0.0432791666666666,43.2791666666666,43.2791666666666,43.2791666666666,43.2791666666666,40.855892108951,40.855892108951,40.855892108951,41.0993774321337,41.0993774321337,41.0993774321337,48.876594186572866,-7.787099360833177,-0.23360271678869537,-8.02070207762187,49.06752051335057,-6.770810558437273,-1.1973325227795968,-7.968143081216873,50.001923877770714,-5.38242467677941,-1.340332534324709,-6.722757211104117
2020-01-09,BJCO,6.385,2.45,30.7,2020,1,9,1835,0.039367801408013,39.367801408013,0.0371093078065226,37.1093078065226,0.0396958333333333,39.6958333333333,39.6958333333333,39.6958333333333,39.6958333333333,39.367801408013,39.367801408013,39.367801408013,37.1093078065226,37.1093078065226,37.1093078065226,48.87475198941077,-6.5986818559504234,-2.9082687254473427,-9.506950581397767,49.06723532527104,-10.586586988960827,-1.3713405297876164,-11.957927518748441,50.001658661546784,-9.800962269630817,-0.5048630585826714,-10.305825328213487
2020-01-12,BJCO,6.385,2.45,30.7,2020,1,12,1838,0.0499503736300083,49.9503736300083,0.050243485917189,50.243485917189005,0.0501541666666666,50.1541666666666,50.1541666666666,50.1541666666666,50.1541666666666,49.9503736300083,49.9503736300083,49.9503736300083,50.243485917189005,50.243485917189005,50.243485917189005,48.86924325692213,1.0314304200758286,0.04969995301033947,1.081130373086168,49.06638757292895,-1.302846904413333,2.4799452486733884,1.1770983442600524,50.00086215083554,-0.9731728030647343,1.1264773188957946,0.15330451583105997
2020-01-13,BJCO,6.385,2.45,30.7,2020,1,13,1839,0.0475853247136949,47.5853247136949,0.0456563068585174,45.6563068585174,0.0464749999999999,46.474999999999895,46.474999999999895,46.474999999999895,46.474999999999895,47.5853247136949,47.5853247136949,47.5853247136949,45.6563068585174,45.6563068585174,45.6563068585174,48.867412637158495,-3.649391786856958,2.367303863393367,-1.2820879234635925,49.066107303490035,-5.657275775636436,2.2474753306637965,-3.409800444972639,50.00059617184624,-5.403204887124338,1.8776087152779937,-3.5255961718463453
2020-01-14,BJCO,6.385,2.45,30.7,2020,1,14,1840,0.0438330117924073,43.8330117924073,0.0399363090158526,39.9363090158526,0.0413916666666666,41.3916666666666,41.3916666666666,41.3916666666666,41.3916666666666,43.8330117924073,43.8330117924073,43.8330117924073,39.9363090158526,39.9363090158526,39.9363090158526,48.86558466806825,-6.576515264243058,1.5439423885821029,-5.032572875660954,49.065828048198036,-9.592483096299578,0.46296406395413925,-9.129519032345435,50.00032986164519,-9.422982022772812,0.8143188277942244,-8.60866319497859
2020-02-10,BJCO,6.385,2.45,30.7,2020,2,10,1867,0.0458862732121652,45.8862732121652,0.0492660658785124,49.2660658785124,0.05015,50.15,50.15,50.15,50.15,45.8862732121652,45.8862732121652,45.8862732121652,49.2660658785124,49.2660658785124,49.2660658785124,48.838421308399,-2.339187063654429,-0.6129610325793706,-2.952148096233799,49.061709000053,-0.7018354890498535,0.9061923675092558,0.2043568784594001,49.99626126793668,-0.5287046767760124,0.6824434088393261,0.15373873206331723
2020-02-11,BJCO,6.385,2.45,30.7,2020,2,11,1868,0.0311557686547126,31.1557686547126,0.0342519286961816,34.2519286961816,0.0345166666666666,34.5166666666666,34.5166666666666,34.5166666666666,34.5166666666666,31.1557686547126,51.3713400319384,31.1557686547126,34.2519286961816,34.2519286961816,34.2519286961816,48.83662378905842,-16.382047470455593,-1.29880766389023,-17.680855134345823,49.061436204414285,-14.802017138070054,-0.007490370162628324,-14.809507508232684,49.9959832394446,-14.96368959537371,-0.5156269774042883,-15.479316572777996
2020-02-12,BJCO,6.385,2.45,30.7,2020,2,12,1869,0.0218849797408985,21.8849797408985,0.0211995991654317,21.1995991654317,0.0211208333333333,21.1208333333333,21.1208333333333,51.747916666666654,49.55794709737823,21.8849797408985,51.3713400319384,49.14734633736466,21.1995991654317,51.629929343059146,49.02120414412796,48.834827514791705,-0.8169864130962692,-26.132861360796934,-26.949847773893204,49.061163333087976,1.425008117660691,-29.286572285316968,-27.861564167656276,49.99570416135954,-0.5280052237502033,-28.346865604276037,-28.87487082802624
2020-02-13,BJCO,6.385,2.45,30.7,2020,2,13,1870,0.0215905359707043,21.5905359707043,0.0210850250946556,21.0850250946556,0.0221916666666666,22.1916666666666,22.1916666666666,51.747916666666654,49.55794709737823,21.5905359707043,51.3713400319384,49.14734633736466,21.0850250946556,51.629929343059146,49.02120414412796,48.83303241709894,7.141744783959113,-34.38424123035375,-27.242496446394643,49.06089033835608,1.794419061850532,-29.770284305551016,-27.975865243700483,49.995424002015895,3.282104009470906,-31.085861344820202,-27.803757335349296
2020-02-14,BJCO,6.385,2.45,30.7,2020,2,14,1871,0.0235360536158685,23.5360536158685,0.0231178126550082,23.1178126550082,0.0244541666666666,24.4541666666666,24.4541666666666,51.747916666666654,49.55794709737823,23.5360536158685,51.3713400319384,49.14734633736466,23.1178126550082,51.629929343059146,23.1178126550082,48.83123842889693,-23.702765077977794,-1.5924197350506333,-25.29518481302843,49.06061717341442,2.8625963523552427,-28.805400870761463,-25.94280451840622,49.99514273044351,5.153970090549226,-30.694946154326136,-25.54097606377691
2020-02-15,BJCO,6.385,2.45,30.7,2020,2,15,1872,0.0266734522909259,26.6734522909259,0.024688336726586,24.688336726586,0.0293541666666666,29.3541666666666,29.3541666666666,51.747916666666654,29.3541666666666,26.6734522909259,51.3713400319384,26.6734522909259,24.688336726586,51.629929343059146,24.688336726586,48.82944548454489,-20.794089874470377,-1.3619033191486096,-22.15599319361899,49.060343792355106,0.750011746686713,-25.122018812455817,-24.372007065769104,49.99486031625344,1.5412887530286428,-22.18198240261548,-20.640693649586837
2020-02-16,BJCO,6.385,2.45,30.7,2020,2,16,1873,0.0291134369975876,29.1134369975876,0.0256894658946535,25.689465894653495,0.0304875,30.4875,30.4875,51.747916666666654,30.4875,29.1134369975876,51.3713400319384,29.1134369975876,25.689465894653495,51.629929343059146,25.689465894653495,48.827653520946946,-18.426438693113973,-1.2877778302453748,-19.714216523359347,49.06007015015365,-23.246564890556765,-0.12403936494338552,-23.370604255500155,49.994576729630936,-18.44043791989284,-1.0666388097380946,-19.507076729630935
2020-02-17,BJCO,6.385,2.45,30.7,2020,2,17,1874,0.0368913825093278,36.891382509327805,0.0329907063644902,32.990706364490194,0.03585,35.85,35.85,35.85,35.85,36.891382509327805,36.891382509327805,36.891382509327805,32.990706364490194,32.990706364490194,32.990706364490194,48.82586247764042,-11.32684708949835,-0.6076328788142646,-11.934479968312615,49.05979620267949,-15.200628032860664,-0.8684618053286357,-16.0690898381893,49.99429194152815,-13.259890820026996,-0.8844011215011491,-14.144291941528145
2020-02-18,BJCO,6.385,2.45,30.7,2020,2,18,1875,0.043054418959672,43.054418959672,0.0408549344421952,40.8549344421952,0.0446708333333333,44.6708333333333,44.6708333333333,44.6708333333333,44.6708333333333,43.054418959672,43.054418959672,43.054418959672,40.8549344421952,40.8549344421952,40.8549344421952,48.82407229654057,-5.022086291793961,-0.7475670450746108,-5.769653336868572,49.05952190691708,-5.713800299800816,-2.490787164921059,-8.204587464721875,49.99400592441734,-3.212028814737245,-2.1111437763467933,-5.323172591084038
2020-02-19,BJCO,6.385,2.45,30.7,2020,2,19,1876,0.048674666494308,48.674666494308,0.0464000105918429,46.4000105918429,0.0497541666666666,49.7541666666666,49.7541666666666,49.7541666666666,49.7541666666666,48.674666494308,48.674666494308,48.674666494308,44.4392599525065,46.4000105918429,46.4000105918429,48.822282921423344,0.20692516763179264,-0.35454159474713975,-0.14761642711534506,49.05924722178343,-2.9472994798253236,-1.672687789451608,-4.619987269276933,49.993718652524734,0.2597556721693146,-0.4993076580274476,-0.2395519858581352
2020-02-20,BJCO,6.385,2.45,30.7,2020,2,20,1877,0.0486723424118373,48.6723424118373,0.0465287736885769,46.5287736885769,0.0477916666666666,47.7916666666666,47.7916666666666,47.7916666666666,47.7916666666666,48.6723424118373,48.6723424118373,48.6723424118373,46.5287736885769,46.5287736885769,46.5287736885769,48.820494297805816,-0.5031698944261972,0.3550180084576837,-0.1481518859685167,49.058972109115956,-2.2924987307324898,-0.23769968980656841,-2.530198420539058,49.99343010225156,-2.1241549666928448,-0.07760846889211592,-2.201763435584958
2020-02-21,BJCO,6.385,2.45,30.7,2020,2,21,1878,0.0489156567617389,48.9156567617389,0.0444392599525065,44.4392599525065,0.0456708333333333,45.6708333333333,45.6708333333333,45.6708333333333,45.6708333333333,48.6723424118373,48.9156567617389,48.9156567617389,44.4392599525065,44.4392599525065,44.4392599525065,48.81870637251029,-1.2676286947152848,1.1212647340422919,-0.14636396067299273,49.05869653317378,-4.0271244952203,-0.5923120854469843,-4.6194365806672835,49.993140251225725,-3.9859989074606053,-0.33630801043182146,-4.322306917892426
2020-02-22,BJCO,6.385,2.45,30.7,2020,2,22,1879,0.0530252180963241,53.0252180963241,0.0473221854625889,47.3221854625889,0.0504083333333333,50.408333333333296,50.408333333333296,50.408333333333296,50.408333333333296,48.6723424118373,53.0252180963241,53.0252180963241,47.3221854625889,47.3221854625889,47.3221854625889,48.81691909288595,-1.3942774381064371,1.2497007570577807,-0.14457668104865462,49.05842045954326,-2.180370379282306,0.4441353823279499,-1.7362349969543587,49.992849077752055,-1.3461108414597853,1.761595097041024,0.4154842555812408
2020-02-23,BJCO,6.385,2.45,30.7,2020,2,23,1880,0.0478860585289105,47.8860585289105,0.0484097686176641,48.4097686176641,0.0505833333333333,50.5833333333333,50.5833333333333,50.5833333333333,50.5833333333333,47.8860585289105,47.8860585289105,47.8860585289105,48.4097686176641,48.4097686176641,48.4097686176641,48.815132406070205,-1.3420421772536744,0.4129683000939721,-0.929073877159702,49.05814385493495,-0.7567181454385355,0.10834290816768544,-0.648375237270848,49.992556560549,-0.6023843110437563,1.193161083828059,0.5907767727843023
2020-02-24,BJCO,6.385,2.45,30.7,2020,2,24,1881,0.0428183900675397,42.8183900675397,0.0423580785683778,42.3580785683778,0.042975,42.975,42.975,42.975,42.975,42.8183900675397,42.8183900675397,42.8183900675397,42.3580785683778,42.3580785683778,42.3580785683778,48.81334625891837,-5.595452432612595,-0.39950375876607325,-5.9949561913786695,49.057866686508675,-5.135943874479207,-1.5638442436516655,-6.699788118130876,49.99226267738957,-6.140047122356974,-0.877215555032592,-7.017262677389567
2020-02-25,BJCO,6.385,2.45,30.7,2020,2,25,1882,0.0378274764053936,37.8274764053936,0.0404261714853179,40.4261714853179,0.04135,41.35,41.35,41.35,41.35,37.8274764053936,37.8274764053936,37.8274764053936,40.4261714853179,40.4261714853179,40.4261714853179,48.81156059875435,-9.215213319252928,-1.7688708741078258,-10.98408419336075,49.05758892223058,-7.208938029606582,-1.4224794073060991,-8.631417436912677,49.99196740547866,-7.436190542573824,-1.205776862904834,-8.64196740547866
2020-02-26,BJCO,6.385,2.45,30.7,2020,2,26,1883,0.0398537692822099,39.853769282209896,0.0389168837616686,38.9168837616686,0.0395458333333333,39.5458333333333,39.5458333333333,39.5458333333333,39.5458333333333,39.853769282209896,39.853769282209896,39.853769282209896,48.4097686176641,38.9168837616686,38.9168837616686,48.809775374381324,-7.529571690656244,-1.4264344015151877,-8.956006092171428,49.057310532117064,-1.937246484839545,1.2897045703865828,-0.6475419144529653,49.9916707231498,-9.647085939021032,-0.7987514507954714,-10.445837389816504
2020-02-28,BJCO,6.385,2.45,30.7,2020,2,28,1885,0.0552618196805336,55.2618196805336,0.0520857828187961,52.0857828187961,0.053875,53.875,53.875,53.875,53.875,55.2618196805336,55.2618196805336,55.2618196805336,52.0857828187961,52.0857828187961,52.0857828187961,48.80620604067764,4.654733474244164,1.800880165611801,6.455613639855962,49.05675176123207,3.0186521675059237,0.010378890058099444,3.0290310575640262,49.991073048755325,2.902079934657876,0.9818470165867978,3.883926951244675
2020-02-29,BJCO,6.385,2.45,30.7,2020,2,29,1886,0.0534778938933993,53.4778938933993,0.0504982205794408,50.4982205794408,0.0517666666666666,51.7666666666666,51.7666666666666,51.7666666666666,51.7666666666666,53.4778938933993,53.4778938933993,53.4778938933993,50.4982205794408,50.4982205794408,50.4982205794408,48.80442183988478,4.287685592751092,0.38578646076342693,4.673472053514516,49.05647132372584,1.4496529322928693,-0.007903676577910801,1.44174925571496,49.99077202133888,1.4530295525958472,0.322865092731881,1.7758946453277247
2020-03-01,BJCO,6.385,2.45,30.7,2020,3,1,1887,0.0525132934686365,52.5132934686365,0.0501660193904332,50.1660193904332,0.0512416666666666,51.2416666666666,51.2416666666666,51.2416666666666,51.2416666666666,52.5132934686365,52.5132934686365,52.5132934686365,50.1660193904332,50.1660193904332,50.1660193904332,48.802637889176665,2.5888009270262677,1.1218546524335622,3.710655579459832,49.05619014760409,2.045351657705371,-0.9355224148762673,1.1098292428291074,49.99046951112781,1.1062880398147263,0.14490911572406162,1.2511971555387902
2020-03-02,BJCO,6.385,2.45,30.7,2020,3,2,1888,0.0544295410025177,54.4295410025177,0.0515586929687769,51.5586929687769,0.0530541666666666,53.0541666666666,53.0541666666666,53.0541666666666,53.0541666666666,54.4295410025177,54.4295410025177,54.4295410025177,51.5586929687769,51.5586929687769,51.5586929687769,48.80085414298447,1.8107791628512686,3.8179076966819636,5.628686859533232,49.05590820587189,2.3650380838802163,0.13774667902480076,2.5027847629050157,49.99016550102973,2.308086756818893,0.7559144088179792,3.064001165636874
2020-03-03,BJCO,6.385,2.45,30.7,2020,3,3,1889,0.0557702783320278,55.7702783320278,0.0550002327217245,55.0002327217245,0.0544125,54.4125,54.4125,54.4125,54.4125,55.7702783320278,55.7702783320278,55.7702783320278,55.0002327217245,55.0002327217245,55.0002327217245,48.799070555127265,6.478923983338949,0.49228379356158314,6.971207776900535,49.05562547282277,3.9166279941212454,2.0279792547804902,5.9446072489017325,49.989859974016035,3.678881357515516,0.7437586684684518,4.422640025983966
2020-03-04,BJCO,6.385,2.45,30.7,2020,3,4,1890,0.054294865698482,54.294865698482,0.0543528163148967,54.3528163148967,0.0542458333333333,54.2458333333333,54.2458333333333,54.2458333333333,54.2458333333333,54.294865698482,54.294865698482,54.294865698482,54.3528163148967,54.3528163148967,54.3528163148967,48.79728707784195,5.964850705381645,-0.46727208474159454,5.4975786206400485,49.05534192306655,5.265805272688717,0.031669119141433555,5.29747439183015,49.989552912696915,4.285861920853976,-0.02958150021758854,4.2562804206363865
2020-03-05,BJCO,6.385,2.45,30.7,2020,3,5,1891,0.0527580187758274,52.7580187758274,0.0533243099685406,53.32430996854061,0.0541916666666666,54.191666666666606,54.191666666666606,54.191666666666606,54.191666666666606,52.7580187758274,52.7580187758274,52.7580187758274,53.32430996854061,53.32430996854061,53.32430996854061,48.79550366340766,5.127481685837957,-1.1649665734182122,3.9625151124197444,49.0550575303762,4.2917376003818815,-0.0224851622174711,4.269252438164408,49.98924429936615,4.358424452660823,-0.1560020853603632,4.202422367300457
2020-03-06,BJCO,6.385,2.45,30.7,2020,3,6,1892,0.0550484252155846,55.048425215584594,0.0560967933565901,56.0967933565901,0.05545,55.45,54.191666666666606,55.45,55.45,55.048425215584594,55.048425215584594,55.048425215584594,56.0967933565901,56.0967933565901,56.0967933565901,48.79372026544456,5.122981638326345,1.131723311813687,6.254704950140031,49.05477226875715,6.417597576216817,0.6244235116161292,7.04202108783295,49.98893411662059,3.2202012916714793,0.9825312583745358,4.202732550046015
2020-03-07,BJCO,6.385,2.45,30.7,2020,3,7,1893,0.0540921002753351,54.0921002753351,0.0547802535472554,54.7802535472554,0.0535,53.5,53.5,53.5,53.5,54.0921002753351,54.0921002753351,54.0921002753351,54.7802535472554,54.7802535472554,54.7802535472554,48.79193683915811,5.116123621260217,0.18403981491677257,5.300163436176987,49.05448611270432,6.126033150859313,-0.40026571630823327,5.725767434551081,49.98862234738677,4.362980002119348,-0.8516023495061233,3.511377652613227
2020-03-08,BJCO,6.385,2.45,30.7,2020,3,8,1894,0.0528374281301902,52.8374281301902,0.0519244922336948,51.9244922336948,0.0536416666666666,53.6416666666666,53.6416666666666,53.6416666666666,53.6416666666666,52.8374281301902,52.8374281301902,52.8374281301902,51.9244922336948,51.9244922336948,51.9244922336948,48.79015333990756,2.5559592429259252,1.491315547356713,4.047274790282636,49.05419903691015,3.3856390347195324,-0.5153458379348805,2.870293196784651,49.98830897442868,3.4341425518465587,0.2192151403913627,3.6533576922379183
2020-03-10,BJCO,6.385,2.45,30.7,2020,3,10,1896,0.0564975557768708,56.4975557768708,0.0542033768914565,54.2033768914565,0.0528125,52.8125,52.8125,52.8125,52.8125,56.4975557768708,56.4975557768708,56.4975557768708,54.2033768914565,54.2033768914565,54.2033768914565,48.78658594414023,7.0405093172776665,0.670460515452902,7.710969832730569,49.05362202932388,5.375072415934398,-0.22531755380177998,5.1497548621326175,49.98767735188694,3.1637339235864137,-0.3389112754733503,2.824822648113063
2020-03-11,BJCO,6.385,2.45,30.7,2020,3,11,1897,0.0580263393022407,58.0263393022407,0.0549398659988854,54.9398659988854,0.0556875,55.6875,55.6875,55.6875,55.6875,58.0263393022407,58.0263393022407,58.0263393022407,54.9398659988854,54.9398659988854,54.9398659988854,48.784801957160724,8.279030442166663,0.9625069029133115,9.241537345079976,49.053332051027304,6.549819262050237,-0.6632853141921373,5.886533947858098,49.987359070030195,5.52751745606014,0.1726234739096668,5.700140929969805
2020-03-12,BJCO,6.385,2.45,30.7,2020,3,12,1898,0.0525375684947505,52.537568494750495,0.0538768095864875,53.876809586487504,0.0529916666666666,52.9916666666666,52.9916666666666,52.9916666666666,52.9916666666666,52.537568494750495,52.537568494750495,52.537568494750495,53.876809586487504,53.876809586487504,53.876809586487504,48.783017716733845,2.4479280231633904,1.306622754853258,3.7545507780166503,49.053041059792015,6.056064730518587,-1.232296203823097,4.823768526695488,49.987039120135364,3.758564198772558,-0.7539366522413218,3.004627546531239
2020-03-13,BJCO,6.385,2.45,30.7,2020,3,13,1899,0.0539389223622255,53.9389223622255,0.0540270882671327,54.0270882671327,0.0550374999999999,55.0374999999999,55.0374999999999,55.0374999999999,55.0374999999999,53.9389223622255,53.9389223622255,53.9389223622255,54.0270882671327,54.0270882671327,54.0270882671327,48.781233177013924,4.355695434320855,0.8019937508907162,5.157689185211574,49.0527490346836,4.06573845480169,0.9086007776474077,4.974339232449097,49.98671748703461,3.7283531477699796,1.3224293651953118,5.0507825129652915
2020-03-14,BJCO,6.385,2.45,30.7,2020,3,14,1900,0.0502593423498695,50.2593423498695,0.0565510898818231,56.5510898818231,0.0545583333333333,54.5583333333333,54.5583333333333,54.5583333333333,54.5583333333333,50.2593423498695,50.2593423498695,50.2593423498695,56.5510898818231,56.5510898818231,56.5510898818231,48.779448291660366,1.6949937138249687,-0.21509965561583755,1.4798940582091333,49.0524559561676,6.436002341555693,1.0626315840998117,7.498633925655504,49.98639415621414,4.091828761382076,0.48011041573708724,4.571939177119162
2020-03-15,BJCO,6.385,2.45,30.7,2020,3,15,1901,0.0444066241531469,44.40662415314689,0.0433791908501197,43.3791908501197,0.0441583333333333,44.1583333333333,53.2666666666666,44.1583333333333,44.1583333333333,44.40662415314689,44.40662415314689,44.40662415314689,43.3791908501197,43.3791908501197,43.3791908501197,48.77766301433744,-2.0014014774554267,-2.3696373837351246,-4.371038861190549,49.05216180456156,-2.8115692319239063,-2.8614017225179538,-5.672970954441858,49.986069112583074,2.4236231168747895,0.8569744372087413,3.2805975540835277
2022-03-12,BJCO,6.385,2.45,30.7,2022,3,12,2628,0.0491769980845917,49.1769980845917,0.0559299864790287,55.9299864790287,0.0538541666666666,53.8541666666666,53.8541666666666,53.8541666666666,53.8541666666666,49.1769980845917,49.1769980845917,49.1769980845917,55.9299864790287,55.9299864790287,55.9299864790287,48.75081269989668,1.0672914879899107,-0.6411061032948879,0.42618538469502454,49.04761252708195,4.451200502087025,2.4311734498597204,6.882373951946747,49.98097745303652,3.307778426901676,0.5654107867283997,3.873189213630077
2022-03-13,BJCO,6.385,2.45,30.7,2022,3,13,2629,0.0521958639030177,52.195863903017695,0.0515015754973525,51.5015754973525,0.0532666666666666,53.2666666666666,53.2666666666666,53.2666666666666,53.2666666666666,52.195863903017695,52.195863903017695,52.195863903017695,51.5015754973525,51.5015754973525,51.5015754973525,48.74901682042979,2.8879806350023354,0.5588664475855722,3.446847082587908,49.04729998258215,1.5317367060899625,0.922538808680379,2.4542755147703446,49.9806229973695,2.400612216274739,0.8854314530223633,3.2860436692971007
2022-03-14,BJCO,6.385,2.45,30.7,2022,3,14,2630,0.0550039877996967,55.0039877996967,0.0543708562828817,54.3708562828817,0.0511916666666666,51.1916666666666,51.1916666666666,51.1916666666666,51.1916666666666,55.0039877996967,55.0039877996967,55.0039877996967,54.3708562828817,54.3708562828817,54.3708562828817,48.74722013139646,5.778884182382572,0.4778834859176726,6.256767668300242,49.04698632005951,3.2445981113272184,2.0792718514949655,5.323869962822187,49.98026660873945,1.495250684380137,-0.2838506264529883,1.2114000579271504
2022-03-15,BJCO,6.385,2.45,30.7,2022,3,15,2631,0.0555782661367486,55.5782661367486,0.0542353810869309,54.2353810869309,0.0517375,51.7375,51.7375,51.7375,51.7375,55.5782661367486,55.5782661367486,55.5782661367486,54.2353810869309,54.2353810869309,54.2353810869309,48.745422627336154,6.7664460511493765,0.06639745826306864,6.832843509412449,49.046671550933276,4.824864584436193,0.3638449515614326,5.188709535997624,49.97990827922631,3.1872673059875627,-1.4296755852138716,1.7575917207736893
2022-03-16,BJCO,6.385,2.45,30.7,2022,3,16,2632,0.0519581281702339,51.95812817023391,0.0496025359876768,49.6025359876768,0.0489291666666666,48.9291666666666,48.9291666666666,48.9291666666666,48.9291666666666,51.95812817023391,51.95812817023391,51.95812817023391,49.6025359876768,49.6025359876768,49.6025359876768,48.74362430267426,4.799717810940094,-1.5852139433804453,3.2145038675596496,49.04635568508937,1.9747478984557911,-1.4185675958683532,0.5561803025874354,49.97954800150133,1.9863700621272848,-3.0367513969620106,-1.050381334834725
2022-03-17,BJCO,6.385,2.45,30.7,2022,3,17,2633,0.048822129827597,48.822129827597,0.046423745428668,46.423745428668,0.0466,46.6,46.6,46.6,46.6,48.822129827597,48.822129827597,48.822129827597,46.423745428668,46.423745428668,46.423745428668,48.74182515237159,2.5912101206771885,-2.510905445451776,0.08030467522541329,49.046038732222925,0.016696807670722826,-2.6389901112256524,-2.622293303554926,49.979185770063346,6.1479045497296045,-9.527090319792947,-3.3791857700633443
2022-03-18,BJCO,6.385,2.45,30.7,2022,3,18,2634,0.0465896354561598,46.589635456159805,0.0454346098295007,45.4346098295007,0.044625,44.625,44.625,44.625,44.625,46.589635456159805,46.589635456159805,46.589635456159805,45.4346098295007,45.4346098295007,45.4346098295007,48.74002517338764,-0.5657718065172435,-1.5846179107105982,-2.1503897172278386,49.04572070366117,-2.0336586861532284,-1.5774521880072356,-3.6111108741604667,49.97882158167797,-5.200854271731798,-0.15296730994617036,-5.35382158167797
2022-03-19,BJCO,6.385,2.45,30.7,2022,3,19,2635,0.0435290932288514,43.5290932288514,0.0447912153068247,44.7912153068247,0.0430833333333333,43.0833333333333,43.0833333333333,43.0833333333333,43.0833333333333,43.5290932288514,43.5290932288514,43.5290932288514,44.7912153068247,44.7912153068247,44.7912153068247,48.738224365386976,-1.7837616117683814,-3.4253695247671914,-5.209131136535575,49.04540161322771,-1.8698853357979355,-2.384300970605075,-4.254186306403014,49.978455433801535,-5.890058081248557,-1.005064019219681,-6.895122100468235
2022-03-20,BJCO,6.385,2.45,30.7,2022,3,20,2636,0.0423117292794413,42.3117292794413,0.0438526021927294,43.8526021927294,0.0422333333333333,42.233333333333306,42.233333333333306,42.233333333333306,42.233333333333306,42.3117292794413,42.3117292794413,42.3117292794413,43.8526021927294,43.8526021927294,43.8526021927294,48.736422730536795,-3.7188888575601347,-2.7058045935353547,-6.424693451095493,49.04508147693359,-3.109101274660718,-2.0833780095434733,-5.19247928420419,49.97808732443029,5.221908817419401,-12.96666280851639,-7.744753991096985
2022-03-21,BJCO,6.385,2.45,30.7,2022,3,21,2637,0.0486360352698953,48.6360352698953,0.0469438565430588,46.9438565430588,0.0474124999999999,47.4124999999999,47.4124999999999,47.4124999999999,47.4124999999999,48.6360352698953,48.6360352698953,48.6360352698953,46.9438565430588,46.9438565430588,46.9438565430588,48.73462027418605,0.9728394938127574,-1.0714244981035037,-0.09858500429074724,49.04476031323779,-0.8485603462547926,-1.252343423924195,-2.100903770178988,49.97771725258635,-1.1341378911682292,-1.4310793614182202,-2.56521725258645
2022-03-22,BJCO,6.385,2.45,30.7,2022,3,22,2638,0.0510730849896899,51.073084989689896,0.0524775447789332,52.47754477893319,0.049975,49.975,49.975,49.975,49.975,51.073084989689896,51.073084989689896,51.073084989689896,52.47754477893319,52.47754477893319,52.47754477893319,48.73281700454968,2.272603885651064,0.06766409948914998,2.3402679851402155,49.044438142847746,2.200690070215507,1.23241656586994,3.433106636085448,49.97734521796345,0.45883298626020247,-0.46117820422365696,-0.0023452179634517734
2022-03-23,BJCO,6.385,2.45,30.7,2022,3,23,2639,0.0464784171372519,46.478417137251895,0.0455929484430947,45.5929484430947,0.04425,44.25,44.25,44.25,44.25,46.478417137251895,46.478417137251895,46.478417137251895,45.5929484430947,45.5929484430947,45.5929484430947,48.731012931397984,-0.8333657470819493,-1.41923004706414,-2.252595794146089,49.04411498766578,-2.517376718739805,-0.9337898258312762,-3.4511665445710804,49.976971221632006,-5.558857439640469,-0.16811378199153637,-5.726971221632006
2022-03-24,BJCO,6.385,2.45,30.7,2022,3,24,2640,0.0510842938052244,51.0842938052244,0.0532121607873833,53.2121607873833,0.0501083333333333,50.108333333333306,50.108333333333306,50.108333333333306,50.108333333333306,51.0842938052244,51.0842938052244,51.0842938052244,53.2121607873833,53.2121607873833,53.2121607873833,48.72920806517818,2.9980731110456866,-0.6429873709994638,2.3550857400462206,49.04379086915783,3.6481064582209055,0.520263460004557,4.168369918225466,49.97659526552299,2.5212676695231053,-2.3895296017127876,0.13173806781031772
2022-03-28,BJCO,6.385,2.45,30.7,2022,3,28,2644,0.0453735492938139,45.3735492938139,0.0421415974022081,42.141597402208106,0.0428833333333333,42.8833333333333,42.8833333333333,42.8833333333333,42.8833333333333,45.3735492938139,45.3735492938139,45.3735492938139,42.141597402208106,42.141597402208106,42.141597402208106,48.721980922691095,-1.7522622468339486,-1.596169382043243,-3.3484316288771936,49.0424852011011,-4.861319505082763,-2.039568293810234,-6.900887798892995,49.97507192774914,-4.745875547314868,-2.345863047100977,-7.091738594415844
2022-03-29,BJCO,6.385,2.45,30.7,2022,3,29,2645,0.0485972205684192,48.5972205684192,0.0449472396350468,44.9472396350468,0.0457,45.7,45.7,45.7,45.7,48.5972205684192,48.5972205684192,48.5972205684192,44.9472396350468,44.9472396350468,44.9472396350468,48.720172290757844,2.210020148667247,-2.3329718710058884,-0.12295172233864093,49.04215659959859,-2.8974070934705893,-1.197509871081202,-4.094916964551793,49.97468625299438,-3.1258693717228643,-1.1488168812715145,-4.274686252994378
2022-03-30,BJCO,6.385,2.45,30.7,2022,3,30,2646,0.0517882825869577,51.788282586957706,0.0502596019740475,50.25960197404751,0.0486958333333333,48.6958333333333,48.6958333333333,48.6958333333333,48.6958333333333,51.788282586957706,51.788282586957706,51.788282586957706,50.25960197404751,50.25960197404751,50.25960197404751,48.718362955438614,3.8937396809758726,-0.8238200494567778,3.0699196315190918,49.04182717517288,2.252083314942131,-1.0343085160674974,1.2177747988746361,49.97429866447747,0.4090300015733266,-1.6874953327175035,-1.2784653311441758
2022-04-04,BJCO,6.385,2.45,30.7,2022,4,4,2651,0.0517188090461968,51.7188090461968,0.051847869457798,51.847869457798,0.0506791666666666,50.6791666666666,50.6791666666666,50.6791666666666,50.6791666666666,51.7188090461968,51.7188090461968,51.7188090461968,51.847869457798,51.847869457798,51.847869457798,48.70930652190796,3.334595671011878,-0.32509314672303447,3.009502524288841,49.04016874346945,2.9133641288557275,-0.10566341452717865,2.807700714328547,49.97233258151161,0.8394739638634541,-0.13263987870845995,0.7068340851549948
2022-04-05,BJCO,6.385,2.45,30.7,2022,4,5,2652,0.0509060689463366,50.9060689463366,0.0522886797367064,52.2886797367064,0.050325,50.325,50.325,50.325,50.325,50.9060689463366,50.9060689463366,50.9060689463366,52.2886797367064,52.2886797367064,52.2886797367064,48.70749345764576,2.649433385052136,-0.4508578963612919,2.1985754886908424,49.039835013827776,3.3325101092693,-0.08366538639067755,3.248844722878623,49.97193386771551,0.5966120849090178,-0.2435459526245225,0.35306613228449635
2022-04-21,BJCO,6.385,2.45,30.7,2022,4,21,2668,0.0535795132082027,53.5795132082027,0.0556183171408951,55.6183171408951,0.0568416666666666,56.841666666666605,56.841666666666605,56.841666666666605,56.841666666666605,53.5795132082027,53.5795132082027,53.5795132082027,52.0819652244144,55.6183171408951,55.6183171408951,48.680251651984264,5.013144554896512,-0.11388299867807916,4.899261556218434,49.03477443616677,4.555975375060961,-1.5087845868133343,3.047190788247626,49.96575077041902,7.082348157081483,-0.20643226083389976,6.875915896247584
2022-04-22,BJCO,6.385,2.45,30.7,2022,4,22,2669,0.0509718680782247,50.9718680782247,0.0520819652244144,52.0819652244144,0.0507708333333333,50.7708333333333,50.7708333333333,50.7708333333333,50.7708333333333,50.9718680782247,50.9718680782247,50.9718680782247,52.0819652244144,52.0819652244144,52.0819652244144,48.67843417719379,2.9071146696778443,-0.6136807686469368,2.293433901030909,49.03443498458595,4.410021199692942,-1.3624909598644948,3.047530239828447,49.96532609340545,2.9328758258027112,-2.127368585874862,0.8055072399278487
2022-04-23,BJCO,6.385,2.45,30.7,2022,4,23,2670,0.0506531154782204,50.6531154782204,0.051748882681616,51.748882681616,0.0491958333333333,49.1958333333333,49.1958333333333,49.1958333333333,49.1958333333333,50.6531154782204,50.6531154782204,50.6531154782204,51.748882681616,51.748882681616,51.748882681616,48.67661678761398,2.1080940944149713,-0.1315954038085536,1.9764986906064195,49.03409549737245,2.5649472608284984,0.14983992341505825,2.714787184243555,49.964900002019874,1.029664532318573,-1.7987312010051468,-0.7690666686865768
2022-04-24,BJCO,6.385,2.45,30.7,2022,4,24,2671,0.0489014431886285,48.9014431886285,0.0551318707207304,55.1318707207304,0.0542041666666666,54.2041666666666,54.2041666666666,54.2041666666666,54.2041666666666,48.9014431886285,48.9014431886285,48.9014431886285,55.1318707207304,55.1318707207304,55.1318707207304,48.67479953351682,1.241227738564884,-1.014584083453201,0.22664365511167972,49.03375602081907,4.668371381112069,1.429743318799261,6.098114699911328,49.964472526508246,2.6681208764028344,1.5715732637555249,4.239694140158356
2022-04-25,BJCO,6.385,2.45,30.7,2022,4,25,2672,0.0476814102598421,47.6814102598421,0.0486399734630211,48.6399734630211,0.0457166666666666,45.7166666666666,45.7166666666666,45.7166666666666,45.7166666666666,47.6814102598421,47.6814102598421,47.6814102598421,52.6068923868602,48.6399734630211,48.6399734630211,48.67298246556822,-1.6368074181916528,0.6452352124655363,-0.9915722057261149,49.03341660096285,3.6139329354876963,-0.04045714959034541,3.573475785897351,49.96404369856978,-1.5806073896713235,-2.6667696422318627,-4.247377031903184
2022-04-26,BJCO,6.385,2.45,30.7,2022,4,26,2673,0.0496209502189,49.6209502189,0.0526068923868602,52.6068923868602,0.05095,50.95,50.95,50.95,50.95,49.6209502189,49.6209502189,49.6209502189,52.6068923868602,52.6068923868602,52.6068923868602,48.67116563512126,1.214118365681782,-0.2643337819030478,0.9497845837787366,49.03307728253192,2.528564351386035,1.0452507529422448,3.5738151043282826,49.963613549380334,0.6975175266571303,0.28886892396253927,0.9863864506196691
2022-04-27,BJCO,6.385,2.45,30.7,2022,4,27,2674,0.0557303976234214,55.7303976234214,0.0557843076462215,55.7843076462215,0.0543166666666666,54.316666666666606,54.316666666666606,54.316666666666606,54.316666666666606,55.7303976234214,55.7303976234214,55.7303976234214,55.7843076462215,55.7843076462215,55.7843076462215,48.66934909316339,5.090145466472771,1.9709030637852436,7.061048530258013,49.03273810966553,4.6005306669909745,2.1510388695649922,6.751569536555969,49.963182111512815,3.232743520932954,1.1207410342208348,4.353484555153791
2022-04-28,BJCO,6.385,2.45,30.7,2022,4,28,2675,0.0503378953915801,50.337895391580105,0.0533109655906059,53.310965590605896,0.0515124999999999,51.512499999999896,51.512499999999896,51.512499999999896,51.512499999999896,50.337895391580105,50.337895391580105,50.337895391580105,53.310965590605896,53.310965590605896,53.310965590605896,48.667532890300215,3.671145201461705,-2.0007827001818157,1.6703625012798895,49.03239912510588,3.4539390098366543,0.8246274556633608,4.278566465500013,49.96274941743881,1.779883665402216,-0.2301330828411281,1.5497505825610887
2022-04-29,BJCO,6.385,2.45,30.7,2022,4,29,2676,0.0511819227047518,51.181922704751805,0.0520548421834622,52.0548421834622,0.0533416666666666,53.3416666666666,53.3416666666666,53.3416666666666,53.3416666666666,51.181922704751805,51.181922704751805,51.181922704751805,52.0548421834622,52.0548421834622,52.0548421834622,48.66571707592729,4.926939347135959,-2.410733718311441,2.5162056288245154,49.03206036941943,3.027620914714834,-0.004839100672064944,3.022781814042766,49.962315498594506,3.30200083063597,0.07735033743612263,3.379351168072091
2022-04-30,BJCO,6.385,2.45,30.7,2022,4,30,2677,0.0543635226997104,54.3635226997104,0.0568960302851038,56.896030285103805,0.0558625,55.8625,55.8625,55.8625,55.8625,54.3635226997104,54.3635226997104,54.3635226997104,56.896030285103805,56.896030285103805,56.896030285103805,48.66390170106006,5.007272401104212,0.692348597546129,5.699620998650339,49.03172188195491,7.107266533839507,0.7570418693093899,7.864308403148897,49.96188038630264,5.279359811599123,0.621259802098237,5.9006196136973585
2022-05-01,BJCO,6.385,2.45,30.7,2022,5,1,2678,0.0542591999879534,54.2591999879534,0.0542840113117194,54.28401131171941,0.0534291666666666,53.4291666666666,53.4291666666666,53.4291666666666,53.4291666666666,54.2591999879534,54.2591999879534,54.2591999879534,54.28401131171941,54.28401131171941,54.28401131171941,48.662086818762795,4.139699245262683,1.4574139239279233,5.597113169190607,49.031383701635875,4.7125333890776275,0.5400942210059085,5.252627610083536,49.961444111668854,3.2849497850535485,0.18277276994420077,3.4677225549977493
2022-05-02,BJCO,6.385,2.45,30.7,2022,5,2,2679,0.0516232074001565,51.6232074001565,0.0530969303137499,53.0969303137499,0.0504,50.4,50.4,50.4,50.4,51.6232074001565,51.6232074001565,51.6232074001565,53.0969303137499,53.0969303137499,53.0969303137499,48.66027248155128,2.163995105873383,0.7989398127318381,2.962934918605221,49.03104586652077,2.3552039704597085,1.7106804767694257,4.065884447229131,49.96100670512332,-0.8192184729246055,1.258211767801285,0.43899329487668126
2022-05-03,BJCO,6.385,2.45,30.7,2022,5,3,2680,0.0507822834358563,50.7822834358563,0.0518550503491295,51.85505034912951,0.0504916666666666,50.4916666666666,50.4916666666666,50.4916666666666,50.4916666666666,50.7822834358563,50.7822834358563,50.7822834358563,51.85505034912951,51.85505034912951,51.85505034912951,48.658458740274675,2.0102810618834006,0.11354363369822096,2.123824695581625,49.03070841359076,2.2438813696858264,0.5804605658529312,2.8243419355387545,49.96056819646158,0.7433051706603689,-0.21220670045534717,0.5310984702050234
2022-05-04,BJCO,6.385,2.45,30.7,2022,5,4,2681,0.0522070818498717,52.207081849871706,0.0519678506575405,51.967850657540495,0.0529833333333333,52.9833333333333,52.9833333333333,52.9833333333333,52.9833333333333,52.207081849871706,52.207081849871706,52.207081849871706,51.967850657540495,51.967850657540495,51.967850657540495,48.65664564464875,3.4715682637151057,0.07886794150785192,3.550436205222958,49.030371378091274,2.3134593748136036,0.6240199046356167,2.937479279449221,49.96012861434622,2.2082389856173603,0.8149657333697178,3.023204718987081
2022-05-05,BJCO,6.385,2.45,30.7,2022,5,5,2682,0.0545964352861366,54.5964352861366,0.0549398508511618,54.9398508511618,0.0542999999999999,54.2999999999999,54.2999999999999,54.2999999999999,54.2999999999999,54.5964352861366,54.5964352861366,54.5964352861366,54.9398508511618,54.9398508511618,54.9398508511618,48.65483324400552,5.6997599917620825,0.24184205036899442,5.941602042131073,49.030034794189625,5.64962888388488,0.2601871730872958,5.909816056972176,49.95968798712475,4.339096664204885,0.001215348670257299,4.340312012875145
2022-05-06,BJCO,6.385,2.45,30.7,2022,5,6,2683,0.0565443697532064,56.5443697532064,0.0554945405570712,55.4945405570712,0.0548416666666666,54.841666666666605,54.841666666666605,54.841666666666605,54.841666666666605,56.5443697532064,56.5443697532064,56.5443697532064,55.4945405570712,55.4945405570712,55.4945405570712,48.65302158743433,6.659782366110265,1.2315657996618015,7.891348165772065,49.029698695238096,5.686413589497225,0.7784282723358729,6.464841861833101,49.959246342403475,4.62009272857044,0.26232759569268893,4.88242032426313
2022-05-07,BJCO,6.385,2.45,30.7,2022,5,7,2684,0.0564041535910093,56.404153591009305,0.057467356517165,57.467356517165,0.0555541666666666,55.5541666666666,55.5541666666666,55.5541666666666,55.5541666666666,56.404153591009305,56.404153591009305,56.404153591009305,57.467356517165,57.467356517165,57.467356517165,48.65121072342759,7.06608063029362,0.6868622372880964,7.752942867581716,49.02936311397811,7.036564045974047,1.401429357212848,8.437993403186894,49.95880370749367,5.509861676258997,0.08550128291393122,5.595362959172931
2022-05-08,BJCO,6.385,2.45,30.7,2022,5,8,2685,0.0528889348342211,52.888934834221104,0.0546711768772104,54.67117687721041,0.0528541666666666,52.8541666666666,52.8541666666666,52.8541666666666,52.8541666666666,52.888934834221104,52.888934834221104,52.888934834221104,54.67117687721041,54.67117687721041,54.67117687721041,48.64940069909954,4.021790736743306,0.21774339837826062,4.239534135121566,49.02902808202833,3.3168353782269144,2.3253134169551615,5.642148795182074,49.9583601093912,2.4645767080957137,0.43122984917968665,2.8958065572753995
2022-05-09,BJCO,6.385,2.45,30.7,2022,5,9,2686,0.053671954741118,53.671954741118,0.0556301945852543,55.63019458525429,0.0558583333333333,55.8583333333333,55.8583333333333,55.8583333333333,55.8583333333333,53.671954741118,53.671954741118,53.671954741118,55.63019458525429,55.63019458525429,55.63019458525429,48.6475915605376,3.082580316746662,1.9417828638337369,5.024363180580401,49.028693629108886,4.012883252855856,2.588617703289543,6.601500956145401,49.95791557479493,3.1430722049388224,2.757345553599542,5.900417758538367
2022-05-10,BJCO,6.385,2.45,30.7,2022,5,10,2687,0.0567950426524406,56.7950426524406,0.0568669490585176,56.8669490585176,0.0552625,55.2625,55.2625,55.2625,55.2625,56.7950426524406,56.7950426524406,56.7950426524406,56.8669490585176,56.8669490585176,56.8669490585176,48.64578335298425,7.835529434618633,0.31372986483771115,8.149259299456347,49.028359782262186,6.057197727757003,1.7813915484984122,7.838589276255412,49.95747012944421,4.019867233067307,1.285162637488483,5.305029870555792
2022-05-11,BJCO,6.385,2.45,30.7,2022,5,11,2688,0.0558616335038177,55.8616335038177,0.0565977030030115,56.5977030030115,0.0549041666666666,54.904166666666605,54.904166666666605,54.904166666666605,54.904166666666605,55.8616335038177,55.8616335038177,55.8616335038177,56.5977030030115,56.5977030030115,56.5977030030115,48.6439761198441,7.3299679122633075,-0.11231052828970434,7.217657383973602,49.02802656566928,6.996284711485694,0.5733917258565313,7.569676437342224,49.95702379669711,4.242906421890985,0.704236448078511,4.947142869969497
2022-05-12,BJCO,6.385,2.45,30.7,2022,5,12,2689,0.0562737020754373,56.2737020754373,0.0571169514314107,57.1169514314107,0.05715,57.15,55.2625,57.15,57.15,56.2737020754373,56.2737020754373,56.2737020754373,55.63019458525429,57.1169514314107,57.1169514314107,48.64216990377606,7.9417696466468835,-0.3102374749856409,7.631532171661242,49.027694001349275,5.986084104730197,0.6164164791748163,6.602500583905012,49.95657659808697,4.9417572448039975,0.36416615710903955,5.305923401913034
2022-05-13,BJCO,6.385,2.45,30.7,2022,5,13,2690,0.053531225224541,53.531225224541,0.0552019622770323,55.2019622770323,0.0562791666666666,56.279166666666605,56.279166666666605,56.279166666666605,56.279166666666605,53.531225224541,53.531225224541,53.531225224541,55.2019622770323,55.2019622770323,55.2019622770323,48.640364747456616,4.7360997805903455,0.15476069649403712,4.890860477084381,49.02736211025774,6.210200402234706,-0.03560023546014435,6.17460016677456,49.95612855409475,6.748486501313023,-0.42544838874116664,6.323038112571858
2022-05-15,BJCO,6.385,2.45,30.7,2022,5,15,2692,0.0516533615409025,51.653361540902495,0.0514207607883469,51.4207607883469,0.0514333333333333,51.4333333333333,51.4333333333333,51.4333333333333,51.4333333333333,51.653361540902495,51.653361540902495,51.653361540902495,51.4207607883469,51.4207607883469,51.4207607883469,48.636757785267385,3.6885517027468686,-0.6719479471117609,3.01660375563511,49.02670042850448,2.77493792870955,-0.38087756886713464,2.3940603598424133,49.955230010267826,2.3228304928496484,-0.8447271697841714,1.4781033230654756
2022-05-16,BJCO,6.385,2.45,30.7,2022,5,16,2693,0.0537894361028286,53.7894361028286,0.0514326324638229,51.432632463822905,0.0510375,51.0375,51.0375,51.0375,51.0375,53.7894361028286,53.7894361028286,53.7894361028286,51.432632463822905,51.432632463822905,51.432632463822905,48.634956063956764,0.6966069761371452,4.457873062734691,5.154480038871839,49.02637067768137,0.3020671396469667,2.1041946464945696,2.4062617861415347,49.95477955043291,0.4150307647458123,0.6676896848212763,1.0827204495670912
2022-05-17,BJCO,6.385,2.45,30.7,2022,5,17,2694,0.0474475198433646,47.4475198433646,0.0515657512384088,51.5657512384088,0.0500041666666666,50.0041666666666,50.0041666666666,50.0041666666666,50.0041666666666,53.531225224541,47.4475198433646,47.4475198433646,51.5657512384088,51.5657512384088,51.5657512384088,48.63315557155855,0.5519148201218022,4.346154832860648,4.89806965298245,49.02604167978667,0.9636017886819155,1.576107769940215,2.5397095586221283,49.95432832552581,-1.275296580096503,1.325134921237293,0.04983834114079144
2022-05-18,BJCO,6.385,2.45,30.7,2022,5,18,2695,0.0460722519771585,46.0722519771585,0.0457802572530022,45.7802572530022,0.0463208333333333,46.3208333333333,51.4333333333333,46.3208333333333,46.3208333333333,53.7894361028286,46.0722519771585,46.0722519771585,51.5657512384088,45.7802572530022,45.7802572530022,48.63135634661344,1.9577771713352028,3.2003025848799638,5.158079756215166,49.0257134524167,0.5494234422512246,1.990614343740873,2.540037785992098,49.95387635504744,-0.5540987225431038,2.0335557008289626,1.4794569782858602
2022-05-19,BJCO,6.385,2.45,30.7,2022,5,19,2696,0.055672234814218,55.672234814218,0.0564544566984292,56.454456698429205,0.0575958333333333,57.595833333333296,57.595833333333296,57.595833333333296,57.595833333333296,55.672234814218,55.672234814218,55.672234814218,56.454456698429205,56.454456698429205,56.454456698429205,48.62955842380517,3.402462909645734,3.6402134807670947,7.042676390412829,49.025386010925956,6.472719565031854,0.9563511224713963,7.429070687503248,49.95342365670015,7.529233639023493,0.113176037609648,7.642409676633143
2022-05-20,BJCO,6.385,2.45,30.7,2022,5,20,2697,0.0590447494843971,59.0447494843971,0.0575696083199209,57.569608319920896,0.0575541666666666,57.5541666666666,57.5541666666666,57.5541666666666,57.5541666666666,59.0447494843971,59.0447494843971,59.0447494843971,57.569608319920896,57.569608319920896,57.569608319920896,48.627761834155336,-3.259349259021807,13.676336909263568,10.416987650241765,49.02505936841853,7.537025949385182,1.007523002117182,8.544548951502364,49.952970246155495,-5.254748435744028,12.855944856255135,7.601196420511108
2022-05-21,BJCO,6.385,2.45,30.7,2022,5,21,2698,0.059410226675396,59.410226675396,0.0596879216501905,59.687921650190496,0.0600333333333333,60.0333333333333,57.5541666666666,60.0333333333333,60.0333333333333,59.410226675396,59.410226675396,59.410226675396,59.687921650190496,59.687921650190496,59.687921650190496,48.625966605714275,9.629611495080619,1.1546485746011044,10.784260069681721,49.02473353646865,9.862451395939685,0.8007367177821578,10.663188113721844,49.95251613853032,7.18815366849387,0.41349685964241445,7.6016505281362825
2022-05-22,BJCO,6.385,2.45,30.7,2022,5,22,2699,0.0586104743764552,58.6104743764552,0.0589377848721567,58.9377848721567,0.0590958333333333,59.095833333333296,57.5541666666666,59.095833333333296,59.095833333333296,58.6104743764552,58.6104743764552,58.6104743764552,58.9377848721567,58.9377848721567,58.9377848721567,48.62417276564838,9.389457226641829,0.5968443841649886,9.98630161080682,49.02440852531221,9.207115349789465,0.7062609970550255,9.913376346844487,49.952061348778344,7.805595364909758,-0.20349004702149642,7.60210531788826
2022-05-23,BJCO,6.385,2.45,30.7,2022,5,23,2700,0.0579530895189244,57.9530895189244,0.0563128624908583,56.31286249085829,0.0573708333333333,57.3708333333333,57.3708333333333,57.3708333333333,57.3708333333333,57.9530895189244,57.9530895189244,57.9530895189244,56.31286249085829,56.31286249085829,56.31286249085829,48.622380339872485,9.529825460540271,-0.19911628148835803,9.330709179051915,49.02408434404952,7.503948127946704,-0.21516998113793306,7.288778146808774,49.951605891485755,7.8164481014308755,-0.39722065958332564,7.419227441847546
2022-05-27,BJCO,6.385,2.45,30.7,2022,5,27,2704,0.0512873260405714,51.2873260405714,0.0542711367903515,54.2711367903515,0.0519666666666666,51.9666666666666,51.9666666666666,51.9666666666666,51.9666666666666,51.2873260405714,51.2873260405714,51.2873260405714,54.2711367903515,54.2711367903515,54.2711367903515,48.61522527983214,2.549821429240595,0.12227933149866743,2.672100760739262,49.0227960821591,6.134373280747955,-0.8860325725555569,5.248340708192401,49.949777682717865,3.0532909934312924,-1.0364020094825577,2.016888983948732
2022-05-28,BJCO,6.385,2.45,30.7,2022,5,28,2705,0.0519861915987275,51.9861915987275,0.0524229199727048,52.4229199727048,0.0509375,50.9375,50.9375,50.9375,50.9375,51.9861915987275,51.9861915987275,51.9861915987275,52.4229199727048,52.4229199727048,52.4229199727048,48.613440295943626,1.1068482289003514,2.2659030738835213,3.3727513027838754,49.02247616694048,5.040653046024312,-1.640209240259992,3.4004438057643185,49.94931910526697,1.1727850952989503,-0.18460420056592142,0.9881808947330271
2022-05-29,BJCO,6.385,2.45,30.7,2022,5,29,2706,0.046781019621029,46.781019621029,0.0473988009199728,47.3988009199728,0.0468208333333333,46.8208333333333,46.8208333333333,46.8208333333333,46.8208333333333,51.2873260405714,46.781019621029,46.781019621029,47.3988009199728,47.3988009199728,47.3988009199728,48.611656869811625,3.1565485127187918,-0.4808793419590174,2.6756691707597753,49.022157122560365,-0.18878229430010945,-1.4345739082874545,-1.6233562025875656,49.94885994407616,-4.979861387358936,1.851834776616073,-3.1280266107428645
2022-05-30,BJCO,6.385,2.45,30.7,2022,5,30,2707,0.0482343165610069,48.2343165610069,0.0457311524165465,45.7311524165465,0.046,46.0,46.0,46.0,46.0,48.2343165610069,48.2343165610069,48.2343165610069,45.7311524165465,45.7311524165465,45.7311524165465,48.60987502166226,-0.3057538263453794,-0.06980463430998185,-0.3755584606553626,49.021838956388166,-2.6491270427893707,-0.6415594970522918,-3.2906865398416656,49.948400212538054,-4.212702459594746,0.2643022470566905,-3.948400212538054
2022-06-01,BJCO,6.385,2.45,30.7,2022,6,1,2709,0.0518627474567682,51.8627474567682,0.0542408685747016,54.2408685747016,0.0521791666666666,52.1791666666666,52.1791666666666,52.1791666666666,52.1791666666666,51.8627474567682,51.8627474567682,51.8627474567682,54.2408685747016,54.2408685747016,54.2408685747016,48.60631613982059,2.3815457036856147,0.8748856132619878,3.256431316947605,49.0212052963162,6.549323000238512,-1.3296597218531048,5.219663278385404,49.9474790844812,3.553068093243019,-1.321380511057619,2.231687582185401
2022-06-02,BJCO,6.385,2.45,30.7,2022,6,2,2710,0.0494235525724528,49.423552572452806,0.0487755362504914,48.7755362504914,0.0475666666666666,47.5666666666666,47.5666666666666,47.5666666666666,47.5666666666666,49.423552572452806,49.423552572452806,49.423552572452806,48.7755362504914,48.7755362504914,48.7755362504914,48.60453914442777,1.9170556672731343,-1.0980422392480946,0.8190134280250376,49.02088982291862,1.3981535127577494,-1.6435070851849716,-0.24535357242722,49.94701770926927,-1.0133762531127744,-1.3669747894898947,-2.380351042602669
2022-06-03,BJCO,6.385,2.45,30.7,2022,6,3,2711,0.0482703791506527,48.2703791506527,0.0538666693221501,53.866669322150095,0.0523958333333333,52.3958333333333,52.3958333333333,52.3958333333333,52.3958333333333,48.2703791506527,48.2703791506527,48.2703791506527,53.866669322150095,53.866669322150095,53.866669322150095,48.60276380285247,0.49191919559449093,-0.8243038477942619,-0.33238465219977087,49.02057526940687,4.295106381039901,0.5509876717033251,4.846094052743226,49.94655580854363,2.0889077614297302,0.360369763359941,2.4492775247896716
2022-06-04,BJCO,6.385,2.45,30.7,2022,6,4,2712,0.0526056950746712,52.6056950746712,0.0544665029598567,54.46650295985671,0.0523541666666666,52.3541666666666,52.3541666666666,52.3541666666666,52.3541666666666,52.6056950746712,52.6056950746712,52.6056950746712,54.46650295985671,54.46650295985671,54.46650295985671,48.60099013347345,4.1536152568182585,-0.14891031562050472,4.004704941197751,49.02026164940129,4.678768413355331,0.7674728971000917,5.44624131045542,49.94609339556767,1.4075661971873472,1.000507073911578,2.408073271098928
2022-06-05,BJCO,6.385,2.45,30.7,2022,6,5,2713,0.0549011641700019,54.9011641700019,0.0551931115001262,55.1931115001262,0.0544416666666666,54.4416666666666,54.4416666666666,54.4416666666666,54.4416666666666,54.9011641700019,54.9011641700019,54.9011641700019,55.1931115001262,55.1931115001262,55.1931115001262,48.59921815574741,6.941962999917764,-0.6400169856632729,6.30194601425449,49.01994897615673,6.603631224686832,-0.43046870071736265,6.1731625239694665,49.94563048328628,5.244484436396978,-0.7484482530166616,4.496036183380319
2022-06-06,BJCO,6.385,2.45,30.7,2022,6,6,2714,0.0533724210297406,53.3724210297406,0.0549279463457889,54.9279463457889,0.054125,54.125,54.125,54.125,54.125,53.3724210297406,53.3724210297406,53.3724210297406,54.9279463457889,54.9279463457889,54.9279463457889,48.59744788959875,4.461810400179926,0.3131627399619248,4.774973140141853,49.019637262130416,6.84521052214477,-0.9369014384862879,5.90830908365848,49.94516708372844,5.049885739093559,-0.8700528228220037,4.1798329162715575
2022-06-07,BJCO,6.385,2.45,30.7,2022,6,7,2715,0.0516806903386685,51.6806903386685,0.0516207656447088,51.6207656447088,0.0523,52.3,52.3,52.3,52.3,51.6806903386685,51.6806903386685,51.6806903386685,51.6207656447088,51.6207656447088,51.6207656447088,48.59567935551131,1.9440689890406182,1.1409419941165737,3.08501098315719,49.019326520220645,2.553200107988037,0.048239016500112086,2.6014391244881523,49.94470320959971,3.0413513101787726,-0.6860545197784873,2.3552967904002884
2022-06-08,BJCO,6.385,2.45,30.7,2022,6,8,2716,0.0537681164602712,53.7681164602712,0.0514236166831263,51.4236166831263,0.0507166666666666,50.7166666666666,50.7166666666666,50.7166666666666,50.7166666666666,53.7681164602712,53.7681164602712,53.7681164602712,51.4236166831263,51.4236166831263,51.4236166831263,48.5939125735001,3.9805594786663603,1.1936444081047455,5.174203886771103,49.01901676428436,2.02529691710443,0.37930300173751164,2.4045999188419387,49.94423887477102,0.9378095906243997,-0.16538179872881642,0.7724277918955806
2022-06-09,BJCO,6.385,2.45,30.7,2022,6,9,2717,0.0527326221557888,52.7326221557888,0.0509701882144513,50.9701882144513,0.0498625,49.8625,49.8625,49.8625,49.8625,52.7326221557888,52.7326221557888,52.7326221557888,50.9701882144513,50.9701882144513,50.9701882144513,48.59214756206487,3.23863240705294,0.90184218667099,4.14047459372393,49.01870800824489,1.056633593275599,0.8948466129308059,1.951480206206405,49.94377409401339,0.3616877430223128,-0.44296183703571046,-0.08127409401339492
2022-06-14,BJCO,6.385,2.45,30.7,2022,6,14,2722,0.0588793059209199,58.879305920919904,0.0562006379372514,56.2006379372514,0.0563041666666666,56.3041666666666,56.3041666666666,56.3041666666666,56.3041666666666,58.879305920919904,58.879305920919904,58.879305920919904,56.2006379372514,56.2006379372514,56.2006379372514,48.58334957634484,9.221988271683646,1.0739680728914252,10.295956344575067,49.01717965772895,6.610665538091693,0.572792741430753,7.183458279522448,49.941444025987636,5.757155391455847,0.605567249223121,6.362722640678967
2022-06-15,BJCO,6.385,2.45,30.7,2022,6,15,2723,0.0580501606099015,58.0501606099015,0.0591968888365414,59.196888836541405,0.0595749999999999,59.574999999999896,59.574999999999896,59.574999999999896,59.574999999999896,58.0501606099015,58.0501606099015,58.0501606099015,59.196888836541405,59.196888836541405,59.196888836541405,48.581595462291524,8.28848085860045,1.1800842890095282,9.46856514760998,49.01687714866571,9.016875610315237,1.163136077560452,10.180011687875691,49.940976872753396,8.574777675290054,1.0592454519564427,9.6340231272465
2022-06-16,BJCO,6.385,2.45,30.7,2022,6,16,2724,0.055456060948802,55.456060948802,0.058430184750512,58.430184750512005,0.0590291666666666,59.0291666666666,57.0541666666666,59.0291666666666,59.0291666666666,55.456060948802,55.456060948802,55.456060948802,57.4271351370991,58.430184750512005,58.430184750512005,48.57984318933036,6.28072034383844,0.5954974156331971,6.876217759471636,49.016575714747844,7.515013628841313,0.8955457935099389,8.410559422351255,49.94050936550489,6.398328250857249,0.7153290503044687,7.113657301161716
2022-06-17,BJCO,6.385,2.45,30.7,2022,6,17,2725,0.0561993085983954,56.1993085983954,0.0575608656678757,57.5608656678757,0.0570541666666666,57.0541666666666,57.0541666666666,57.0541666666666,57.0541666666666,56.1993085983954,56.1993085983954,56.1993085983954,57.5608656678757,57.5608656678757,57.5608656678757,48.57809275992148,7.535180922015355,0.08603491645855854,7.6212158384739155,49.016275362765285,8.0392399468071,0.5053503583033176,8.544590305110418,49.940041512933085,6.991202705201518,0.12292244853200174,7.114125153733518
2022-06-18,BJCO,6.385,2.45,30.7,2022,6,18,2726,0.0568325669751712,56.8325669751712,0.0574271351370991,57.4271351370991,0.0574958333333333,57.4958333333333,57.4958333333333,57.4958333333333,57.4958333333333,56.8325669751712,56.8325669751712,56.8325669751712,57.4271351370991,57.4271351370991,57.4271351370991,48.576344175604575,7.557131571121635,0.6990912284449848,8.256222799566622,49.01597609819064,7.523211841183394,0.8879471977250617,8.411159038908458,49.939573322663044,6.706586431647646,0.849673579022614,7.5562600106702575
2022-06-19,BJCO,6.385,2.45,30.7,2022,6,19,2727,0.0536344893693592,53.6344893693592,0.0545382497020404,54.5382497020404,0.0542416666666666,54.2416666666666,54.2416666666666,54.2416666666666,54.2416666666666,53.6344893693592,53.6344893693592,53.6344893693592,54.5382497020404,54.5382497020404,54.5382497020404,48.57459743751173,4.923224500624779,0.13666743122269764,5.059891931847474,49.01567792552939,5.398839263717569,0.12373251279344544,5.522571776511015,49.93910480175938,4.460525637391875,-0.1579637724846492,4.302561864907226
2022-06-20,BJCO,6.385,2.45,30.7,2022,6,20,2728,0.0532540097846204,53.2540097846204,0.0538941329448986,53.8941329448986,0.0540458333333333,54.0458333333333,54.0458333333333,54.0458333333333,54.0458333333333,53.2540097846204,53.2540097846204,53.2540097846204,54.5382497020404,53.8941329448986,53.8941329448986,48.572852546011994,4.285420423615679,0.3957368149927305,4.681157238608407,49.01538084821892,4.654649879883426,0.8682189739380632,5.522868853821485,49.93863595639144,3.2418392431266834,0.8653581338151781,4.107197376941862
2022-06-21,BJCO,6.385,2.45,30.7,2022,6,21,2729,0.0549631116089069,54.9631116089069,0.0540943351438619,54.09433514386191,0.0542416666666666,54.2416666666666,54.2416666666666,54.2416666666666,54.2416666666666,54.9631116089069,54.9631116089069,54.9631116089069,54.09433514386191,54.09433514386191,54.09433514386191,48.57110950105862,6.874294172388509,-0.482292064540232,6.392002107848278,49.015084869130966,6.00547946561096,-0.9262291908800151,5.079250274730946,49.93816679242548,5.346122840455464,-1.0426229662143385,4.303499874241126
2022-06-23,BJCO,6.385,2.45,30.7,2022,6,23,2731,0.0538491800913642,53.8491800913642,0.0546002292158011,54.6002292158011,0.0524875,52.4875,52.4875,52.4875,52.4875,53.8491800913642,53.8491800913642,53.8491800913642,54.6002292158011,54.6002292158011,54.6002292158011,48.567628949952784,4.492051579355825,0.7894995620555889,5.281551141411413,49.0144962152271,5.070213593981735,0.5155194065922686,5.5857330005740025,49.937227530645394,2.0564814309616883,0.4937910383929136,2.550272469354603
2022-06-24,BJCO,6.385,2.45,30.7,2022,6,24,2732,0.0522305237440258,52.2305237440258,0.0544570939473344,54.45709394733441,0.0558333333333333,55.8333333333333,55.8333333333333,55.8333333333333,55.8333333333333,52.2305237440258,52.2305237440258,52.2305237440258,54.45709394733441,54.45709394733441,54.45709394733441,48.56589144470034,2.433773192443714,1.230859106881745,3.6646322993254614,49.01420354720592,4.378634346454141,1.0642560536743417,5.4428904001284835,49.936757445923575,-15.858315635355847,21.754891522765575,5.896575887409725
2022-06-25,BJCO,6.385,2.45,30.7,2022,6,25,2733,0.0530422494396333,53.0422494396333,0.053144131005059,53.144131005059,0.052825,52.825,52.825,52.825,52.825,53.0422494396333,53.0422494396333,53.0422494396333,53.144131005059,53.144131005059,53.144131005059,48.56415578625711,3.2931511421359656,1.184942511240223,4.478093653376192,49.01391198946512,2.9660255698698066,1.1641934457240737,4.13021901559388,49.936287067424246,-17.479204254055848,20.3679171866316,2.888712932575757
2022-06-26,BJCO,6.385,2.45,30.7,2022,6,26,2734,0.0554685325651469,55.4685325651469,0.0560175575156533,56.0175575156533,0.055025,55.025,55.025,55.025,55.025,55.4685325651469,55.4685325651469,55.4685325651469,56.0175575156533,56.0175575156533,56.0175575156533,48.562421972593,5.908983927266365,0.9971266652875386,6.906110592553901,49.01362154357693,5.724076618185507,1.2798593538908634,7.00393597207637,49.93581640145714,3.8866174227882686,1.2025661757545905,5.08918359854286
