DATE,STN,LAT,LON,H,YEAR,MONTH,DAY,DOY,IGS_PWV,IGS_PWV_mm,VMF3_PWV,VMF3_PWV_mm,ERA5_PWV,ERA5_PWV_mm,ERA5_Hampel_clean,ERA5_IQR_clean,ERA5_Zscore_clean,IGS_Hampel_clean,IGS_IQR_clean,IGS_Zscore_clean,VMF3_Hampel_clean,VMF3_IQR_clean,VMF3_Zscore_clean,IGS_Trend,IGS_Seasonal,IGS_Residual,IGS_Trend_Detrended,VMF3_Trend,VMF3_Seasonal,VMF3_Residual,VMF3_Trend_Detrended,ERA5_Trend,ERA5_Seasonal,ERA5_Residual,ERA5_Trend_Detrended
2015-01-01,TDOU,-23.08,30.384,630.2,2015,1,1,1,0.0353640988626597,35.364098862659695,0.0321276148233416,32.1276148233416,0.0308125,30.8125,30.8125,30.8125,30.8125,35.364098862659695,35.364098862659695,35.364098862659695,32.1276148233416,32.1276148233416,32.1276148233416,25.604356196813974,10.209570363275018,-0.4498276974292992,9.759742665845721,24.728487068237683,8.376269896780766,-0.9771421416768469,7.399127755103919,24.76699170165433,6.491557898693146,-0.4460496003474752,6.04550829834567
2015-01-02,TDOU,-23.08,30.384,630.2,2015,1,2,2,0.0331920804948782,33.1920804948782,0.0305097743085283,30.5097743085283,0.0303791666666666,30.3791666666666,30.3791666666666,30.3791666666666,30.3791666666666,33.1920804948782,33.1920804948782,33.1920804948782,30.5097743085283,30.5097743085283,30.5097743085283,25.59906224462481,6.67417995043289,0.9188382998204965,7.593018250253387,24.722900072047423,4.7623037327749245,1.0245705037059523,5.786874236480877,24.76274294866227,3.9704180038620804,1.6460057141422482,5.616423718004327
2015-01-03,TDOU,-23.08,30.384,630.2,2015,1,3,3,0.0356174981726134,35.6174981726134,0.0332563625210143,33.256362521014296,0.0332416666666666,33.2416666666666,33.2416666666666,33.2416666666666,33.2416666666666,35.6174981726134,35.6174981726134,35.6174981726134,33.256362521014296,33.256362521014296,33.256362521014296,25.593770501598843,7.987529333187998,2.0361983378265585,10.023727671014559,24.717314447076706,6.614760714423721,1.924287359513869,8.53904807393759,24.758494756380028,5.753852652685558,2.7293192576010163,8.483171910286575
2015-01-04,TDOU,-23.08,30.384,630.2,2015,1,4,4,0.0348505258608161,34.8505258608161,0.032373327328441,32.373327328441,0.0327166666666666,32.716666666666605,32.716666666666605,32.716666666666605,32.716666666666605,34.8505258608161,34.8505258608161,34.8505258608161,32.373327328441,32.373327328441,32.373327328441,25.58848096325922,6.265492226309545,2.9965526712473327,9.26204489755688,24.711730187191684,4.479094820373268,3.182502320876047,7.661597141249317,24.754247113512893,4.452049886661177,3.510369666492533,7.962419553153712
2015-01-05,TDOU,-23.08,30.384,630.2,2015,1,5,5,0.0270987262463908,27.0987262463908,0.0270545969801998,27.0545969801998,0.0252291666666666,25.2291666666666,25.2291666666666,25.2291666666666,25.2291666666666,27.0987262463908,27.0987262463908,27.0987262463908,27.0545969801998,27.0545969801998,27.0545969801998,25.583193621980183,0.8346052818217373,0.6809273425888804,1.5155326244106178,24.706147283149082,1.820336392110555,0.5281133049401632,2.348449697050718,24.75000000470559,0.06655483630939216,0.41261182565161647,0.47916666196100977
2015-01-06,TDOU,-23.08,30.384,630.2,2015,1,6,6,0.027805656477238,27.805656477238,0.0274285214909279,27.4285214909279,0.0280708333333333,28.070833333333297,28.070833333333297,28.070833333333297,28.070833333333297,27.805656477238,27.805656477238,27.805656477238,27.4285214909279,27.4285214909279,27.4285214909279,25.577908466409394,1.1631427488332364,1.0646052619953679,2.2277480108286056,24.700565721880555,1.9565075783134174,0.7714481907339277,2.7279557690473446,24.745753410366316,1.2622088084879444,2.0628711144790373,3.3250799229669816
2015-01-08,TDOU,-23.08,30.384,630.2,2015,1,8,8,0.0288979403326813,28.8979403326813,0.0306230162863914,30.6230162863914,0.0297666666666666,29.7666666666666,29.7666666666666,29.7666666666666,29.7666666666666,28.8979403326813,28.8979403326813,28.8979403326813,30.6230162863914,30.6230162863914,30.6230162863914,25.56734465808053,7.1778998705376935,-3.847304195936921,3.3305956746007723,24.689406567416263,8.601751852526649,-2.6681421335515125,5.933609718975138,24.73726167674835,7.848639907784829,-2.819234917866577,5.029404989918252
2015-01-09,TDOU,-23.08,30.384,630.2,2015,1,9,9,0.0341016626403829,34.1016626403829,0.0312625656845542,31.2625656845542,0.0340916666666666,34.0916666666666,34.0916666666666,34.0916666666666,34.0916666666666,34.1016626403829,34.1016626403829,34.1016626403829,31.2625656845542,31.2625656845542,31.2625656845542,25.562065976504936,9.33503682782727,-0.7954401639493085,8.539596663877962,24.68382894186961,9.203346597749926,-2.6246098550653336,6.57873674268459,24.733016490556285,10.941807524996708,-1.5831573488863953,9.358650176110313
2015-01-10,TDOU,-23.08,30.384,630.2,2015,1,10,10,0.03767549135505,37.67549135505,0.0405054420467533,40.505442046753295,0.0394666666666666,39.466666666666605,39.466666666666605,39.466666666666605,39.466666666666605,37.67549135505,37.67549135505,37.67549135505,40.505442046753295,40.505442046753295,40.505442046753295,25.556789427920638,10.410598148969244,1.708103778160119,12.118701927129361,24.67825259848094,16.27014239214756,-0.44295294387520556,15.827189448272353,24.72877173018883,15.60740621255045,-0.8695112760726751,14.737894936477776
2015-01-11,TDOU,-23.08,30.384,630.2,2015,1,11,11,0.0308333014397655,30.8333014397655,0.029184369581013,29.184369581013,0.028975,28.975,28.975,28.975,28.975,30.8333014397655,30.8333014397655,30.8333014397655,29.184369581013,29.184369581013,29.184369581013,25.551515002688348,4.645582076199766,0.636204360877386,5.281786437077152,24.672677526783968,5.942683635983613,-1.4309915817545793,4.511692054229034,24.724527377677358,6.917395949115249,-2.666923326792606,4.2504726223226434
2015-01-12,TDOU,-23.08,30.384,630.2,2015,1,12,12,0.0337651074542538,33.765107454253794,0.029843875821304,29.843875821304,0.0321083333333333,32.1083333333333,32.1083333333333,32.1083333333333,32.1083333333333,33.765107454253794,33.765107454253794,33.765107454253794,29.843875821304,29.843875821304,29.843875821304,25.546242689327816,9.08690586041195,-0.868041095485971,8.218864764925979,24.66710371753083,6.886047145504031,-1.7092750417308586,5.176772103773171,24.720283416722992,8.839971783105613,-1.4519218664953044,7.388049916610306
2015-01-13,TDOU,-23.08,30.384,630.2,2015,1,13,13,0.0385156401292961,38.515640129296095,0.0362508603248505,36.25086032485051,0.0356208333333333,35.6208333333333,35.6208333333333,35.6208333333333,35.6208333333333,38.515640129296095,38.515640129296095,38.515640129296095,36.25086032485051,36.25086032485051,36.25086032485051,25.540972475308987,12.546455860565745,0.42821179342136517,12.974667653987108,24.6615311631992,12.157139302727064,-0.567810141075757,11.589329161651307,24.716039833906745,11.4817359101745,-0.5769424107479431,10.904793499426557
2015-01-14,TDOU,-23.08,30.384,630.2,2015,1,14,14,0.0433751567361789,43.3751567361789,0.0431144993024871,43.1144993024871,0.0436291666666666,43.6291666666666,43.6291666666666,43.6291666666666,43.6291666666666,43.3751567361789,43.3751567361789,43.3751567361789,43.1144993024871,43.1144993024871,43.1144993024871,25.535704348475754,14.330157560224487,3.509294827478662,17.839452387703147,24.655959858219155,18.66843456440421,-0.20989512013626666,18.45853944426794,24.71179661779428,18.90871449799474,0.008655550877577411,18.917370048872318
2015-01-15,TDOU,-23.08,30.384,630.2,2015,1,15,15,0.0425254066934437,42.5254066934437,0.0423064655545551,42.306465554555096,0.0411708333333333,41.170833333333306,41.170833333333306,41.170833333333306,41.170833333333306,42.5254066934437,42.5254066934437,42.5254066934437,42.306465554555096,42.306465554555096,42.306465554555096,25.53043829544772,13.535282758977797,3.4596856390181827,16.99496839799598,24.650389797849975,14.142538961923904,3.513536794781217,17.65607575670512,24.707553757668197,13.050312019148263,3.4129675565168434,16.46327957566511
2015-01-16,TDOU,-23.08,30.384,630.2,2015,1,16,16,0.0415692750381721,41.5692750381721,0.0411709769027164,41.1709769027164,0.0421083333333333,42.108333333333306,42.108333333333306,42.108333333333306,42.108333333333306,41.5692750381721,41.5692750381721,41.5692750381721,41.1709769027164,41.1709769027164,41.1709769027164,25.525174298550233,12.722909884858161,3.3211908547637066,16.044100739621868,24.644820976707173,12.42728239896658,4.098873527042642,16.526155926009224,24.70331124197371,14.30845703904154,3.096565052318052,17.405022091359594
2015-01-17,TDOU,-23.08,30.384,630.2,2015,1,17,17,0.0371176994198557,37.1176994198557,0.0364507449924161,36.4507449924161,0.0361416666666666,36.1416666666666,36.1416666666666,36.1416666666666,36.1416666666666,37.1176994198557,37.1176994198557,37.1176994198557,36.4507449924161,36.4507449924161,36.4507449924161,25.519912335206723,12.272175253661974,-0.6743881690129996,11.597787084648974,24.639253385184197,12.433348817997079,-0.6218572107651781,11.8114916072319,24.69906905515127,12.098480552861387,-0.6558829413460572,11.442597611515332
2015-01-18,TDOU,-23.08,30.384,630.2,2015,1,18,18,0.0340267246038204,34.0267246038204,0.0323467976912652,32.3467976912652,0.0325416666666666,32.5416666666666,32.5416666666666,32.5416666666666,32.5416666666666,34.0267246038204,34.0267246038204,34.0267246038204,32.3467976912652,32.3467976912652,32.3467976912652,25.514652378966204,10.629453589067316,-2.1173813642131236,8.512072224854194,24.63368700923524,8.821070479121557,-1.1079597970915955,7.7131106820299635,24.69482717796516,7.71101004858899,0.13582944011245246,7.846839488701441
2015-01-19,TDOU,-23.08,30.384,630.2,2015,1,19,19,0.0329340843448919,32.9340843448919,0.0316005159518327,31.600515951832698,0.0327166666666666,32.716666666666605,32.716666666666605,32.716666666666605,32.716666666666605,32.9340843448919,32.9340843448919,32.9340843448919,31.600515951832698,31.600515951832698,31.600515951832698,25.50939440351909,8.71958743018909,-1.2948974888162788,7.424689941372812,24.628121834564155,8.049046042144193,-1.076651924875648,6.972394117268543,24.69058559084617,9.343705899694728,-1.31762482387429,8.026081075820436
2015-01-20,TDOU,-23.08,30.384,630.2,2015,1,20,20,0.0280360028774623,28.036002877462305,0.0267727299747996,26.7727299747996,0.0259041666666666,25.9041666666666,31.7249999999999,25.9041666666666,25.9041666666666,32.1859769461871,28.036002877462305,28.036002877462305,26.7727299747996,26.7727299747996,26.7727299747996,25.504138384764616,6.809536672854467,-0.12769811143198595,6.681838561422481,24.62255784812453,1.18434990280466,0.9658222238704113,2.15017212667507,24.686344274340918,8.35776177909352,-1.3191060534345382,7.03865572565898
2015-01-21,TDOU,-23.08,30.384,630.2,2015,1,21,21,0.0255355778131719,25.5355778131719,0.024264893351311,24.264893351311,0.0231875,23.1875,23.1875,23.1875,23.1875,25.5355778131719,25.5355778131719,25.5355778131719,24.264893351311,24.264893351311,24.264893351311,25.498884300112547,1.4610199157416668,-1.4243264026823113,0.03669351305935464,24.6169950377147,2.636425474154811,-2.9885271605585153,-0.352101686403703,24.682103210307535,-0.6901147867314934,-0.8044884235760428,-1.4946032103075346
2015-01-22,TDOU,-23.08,30.384,630.2,2015,1,22,22,0.0321859769461871,32.1859769461871,0.0320738773173832,32.0738773173832,0.0317249999999999,31.7249999999999,31.7249999999999,31.7249999999999,31.7249999999999,32.1859769461871,32.1859769461871,32.1859769461871,32.0738773173832,32.0738773173832,32.0738773173832,25.493632127486812,6.937508326854079,-0.2451635081537944,6.692344818700285,24.611433390916524,8.816879569348018,-1.3544356428813416,7.462443926466676,24.6778623821409,8.904657513351522,-1.8575198954925227,7.047137617858997
2015-01-23,TDOU,-23.08,30.384,630.2,2015,1,23,23,0.0286482297397429,28.6482297397429,0.0300707186075756,30.0707186075756,0.0266208333333333,26.620833333333294,26.620833333333294,26.620833333333294,26.620833333333294,28.6482297397429,28.6482297397429,28.6482297397429,30.0707186075756,30.0707186075756,30.0707186075756,25.488381845992382,2.6078462382740955,0.5520016554764204,3.1598478937505163,24.605872897883224,5.220586868513266,0.24425884117911068,5.464845709692376,24.673621774528147,1.4630622007863296,0.48414935801881853,1.9472115588051473
2015-01-24,TDOU,-23.08,30.384,630.2,2015,1,24,24,0.0206642639739384,20.6642639739384,0.0198895082869663,19.8895082869663,0.0187541666666666,18.7541666666666,18.7541666666666,18.7541666666666,18.7541666666666,20.6642639739384,20.6642639739384,20.6642639739384,19.8895082869663,19.8895082869663,19.8895082869663,25.483133434916986,-5.510996931168321,0.6921274701897353,-4.818869460978586,24.600313550444664,-5.586876157036942,0.8760708935585804,-4.710805263478363,24.669381373749417,-6.674204850075693,0.7589901429928751,-5.915214707082818
2015-01-25,TDOU,-23.08,30.384,630.2,2015,1,25,25,0.0218569221261584,21.8569221261584,0.0215855570396955,21.585557039695495,0.0226291666666666,22.6291666666666,31.7249999999999,22.6291666666666,22.6291666666666,21.8569221261584,21.8569221261584,21.8569221261584,21.585557039695495,21.585557039695495,21.585557039695495,25.477886872655528,-5.298886451932247,1.6779217054351179,-3.6209647464971297,24.594755340089105,-4.318489806583173,1.3092915061895631,-3.00919830039361,24.665141165660692,6.019903614304132,1.0399552200350755,7.059858834339206
2015-01-27,TDOU,-23.08,30.384,630.2,2015,1,27,27,0.031807578510711,31.807578510711,0.0311134615489816,31.1134615489816,0.03305,33.050000000000004,33.050000000000004,33.050000000000004,33.050000000000004,31.807578510711,31.807578510711,31.807578510711,31.1134615489816,31.1134615489816,31.1134615489816,25.467399199820495,7.435801204611216,-1.0956218937207112,6.340179310890505,24.583642288646704,6.88856367933838,-0.3587444190034823,6.529819260334897,24.656661263823352,10.455950871677937,-2.0626121355012828,8.393338736176652
2015-01-28,TDOU,-23.08,30.384,630.2,2015,1,28,28,0.0400275796679159,40.02757966791589,0.0382375848238432,38.2375848238432,0.038625,38.625,38.625,38.625,38.625,40.02757966791589,40.02757966791589,40.02757966791589,38.2375848238432,38.2375848238432,38.2375848238432,25.462158035404922,16.607976375709796,-2.0425547431988313,14.565421632510965,24.578087420366735,15.917832669402037,-2.2583352659255738,13.659497403476465,24.65242153294628,16.289201044819567,-2.3166225777658482,13.972578467053719
2015-01-29,TDOU,-23.08,30.384,630.2,2015,1,29,29,0.0465511562609231,46.5511562609231,0.0470948315854991,47.09483158549909,0.0447875,44.7875,42.8666666666666,44.7875,44.7875,46.5511562609231,46.5511562609231,46.5511562609231,42.4373830673209,47.09483158549909,47.09483158549909,25.456918615325186,23.802835621825526,-2.708597976227612,21.094237645597914,24.5725336370535,19.907504640440624,-2.0426552101732227,17.8648494302674,24.648181924056125,21.161374439578697,-2.9428896969682192,18.218484742610478
2015-01-30,TDOU,-23.08,30.384,630.2,2015,1,30,30,0.0450090025547701,45.0090025547701,0.0424373830673209,42.4373830673209,0.0428666666666666,42.8666666666666,43.9333333333333,42.8666666666666,42.8666666666666,45.0090025547701,45.0090025547701,45.0090025547701,42.4373830673209,42.4373830673209,42.4373830673209,25.451680914435407,20.053983800607085,-0.4966621602723933,19.557321640334692,24.56698092607324,17.66030360551631,0.21009853573135118,17.870402141247663,24.643942422016067,19.055089391862765,0.2343015194544691,19.289390911317234
2015-02-01,TDOU,-23.08,30.384,630.2,2015,2,1,32,0.041318053946346,41.318053946346005,0.0430951004733426,43.0951004733426,0.0440916666666666,44.0916666666666,44.0916666666666,44.0916666666666,44.0916666666666,41.318053946346005,41.318053946346005,41.318053946346005,43.0951004733426,43.0951004733426,43.0951004733426,25.441210581020908,12.57718000525251,3.2996633600725893,15.876843365325097,24.555878678755036,14.577583905872492,3.9616378887150674,18.53922179458756,24.63546368944388,15.586383701632858,3.869819275589858,19.456202977222716
2015-02-02,TDOU,-23.08,30.384,630.2,2015,2,2,33,0.0452007866604222,45.2007866604222,0.0441589739135222,44.1589739135222,0.0440458333333333,44.0458333333333,44.0458333333333,44.0458333333333,44.0458333333333,45.2007866604222,45.2007866604222,45.2007866604222,44.1589739135222,44.1589739135222,44.1589739135222,25.435977902734646,15.127700450743665,4.63710830694389,19.764808757687558,24.550329118789513,16.55807036268247,3.050574432050219,19.60864479473269,24.63122443203217,16.128533707702534,3.2860751935985952,19.41460890130113
2015-02-03,TDOU,-23.08,30.384,630.2,2015,2,3,34,0.0437349169116802,43.7349169116802,0.0439490250299473,43.9490250299473,0.0439333333333333,43.9333333333333,42.8666666666666,43.9333333333333,43.9333333333333,43.7349169116802,43.7349169116802,43.7349169116802,43.9490250299473,43.9490250299473,43.9490250299473,25.430746847286965,18.34071375061291,-0.03654368621967308,18.304170064393237,24.544780579638587,16.420790561845866,2.983453888462847,19.404244450308713,24.626985223311333,16.413736436605628,1.8259450067496417,18.23968144335527
2015-02-04,TDOU,-23.08,30.384,630.2,2015,2,4,35,0.0373908272986926,37.3908272986926,0.0419336818842899,41.933681884289896,0.0413041666666666,41.3041666666666,41.3041666666666,41.3041666666666,41.3041666666666,37.3908272986926,37.3908272986926,37.3908272986926,41.933681884289896,41.933681884289896,41.933681884289896,25.425517381852767,10.317441357601812,1.6478685592380202,11.965309916839832,24.539233039549707,20.476712046585984,-3.0822632018457945,17.39444884474019,24.622746039956894,19.607736627190388,-2.9263160004806785,16.68142062670971
2015-02-05,TDOU,-23.08,30.384,630.2,2015,2,5,36,0.037178388694628,37.178388694628,0.0386257131455128,38.625713145512805,0.0409458333333333,40.9458333333333,40.9458333333333,40.9458333333333,40.9458333333333,37.178388694628,37.178388694628,37.178388694628,38.625713145512805,38.625713145512805,38.625713145512805,25.42028947203323,15.018629607716667,-3.2605303851219,11.758099222594769,24.53368647389649,15.298904509642773,-1.206877838026461,14.092026671616313,24.618506856669274,18.214250253334278,-1.8869237766702547,16.327326476664023
2015-02-06,TDOU,-23.08,30.384,630.2,2015,2,6,37,0.0380930016011653,38.0930016011653,0.0395315224532499,39.53152245324991,0.039775,39.775,39.775,39.775,39.775,38.0930016011653,38.0930016011653,38.0930016011653,39.53152245324991,39.53152245324991,39.53152245324991,25.41506308231476,13.60077235899803,-0.92283384014749,12.677938518850539,24.528140860051217,14.798207995986974,0.20517359721172213,15.003381593198696,24.61426765042853,14.184061241420306,0.9766711081511623,15.160732349571468
2015-02-07,TDOU,-23.08,30.384,630.2,2015,2,7,38,0.0384713085786627,38.47130857866269,0.0360917924182463,36.0917924182463,0.0357708333333333,35.7708333333333,35.7708333333333,35.7708333333333,35.7708333333333,38.47130857866269,38.47130857866269,38.47130857866269,36.0917924182463,36.0917924182463,36.0917924182463,25.409838179469244,12.151201434827263,0.9102689643661854,13.06147039919345,24.522596176812346,10.625149463933298,0.944046777500656,11.569196241433954,24.61002840005263,10.042936505030374,1.1178684282502935,11.16080493328067
2015-02-08,TDOU,-23.08,30.384,630.2,2015,2,8,39,0.0378811639705363,37.8811639705363,0.0391020434140501,39.1020434140501,0.0372041666666666,37.2041666666666,37.2041666666666,37.2041666666666,37.2041666666666,37.8811639705363,37.8811639705363,37.8811639705363,39.1020434140501,39.1020434140501,39.1020434140501,25.404614731277604,14.022250104696278,-1.5457008654375812,12.476549239258695,24.517052402568577,15.474264157523152,-0.8892731460416279,14.584991011481524,24.6057890833887,13.372594395659352,-0.7742168123814501,12.598377583277902
2015-02-09,TDOU,-23.08,30.384,630.2,2015,2,9,40,0.0316556643727311,31.655664372731103,0.0298030057354976,29.8030057354976,0.0272916666666666,27.2916666666666,27.2916666666666,27.2916666666666,27.2916666666666,31.655664372731103,31.655664372731103,31.655664372731103,29.8030057354976,29.8030057354976,29.8030057354976,25.399392704930467,8.017261217288134,-1.7609895494874976,6.256271667800636,24.511509514719446,6.783251213727652,-1.4917549929494989,5.2914962207781535,24.601549676969004,4.044571171793119,-1.3544541820955232,2.6901169896975965
2015-02-10,TDOU,-23.08,30.384,630.2,2015,2,10,41,0.0256886679286169,25.6886679286169,0.0199539335068178,19.9539335068178,0.0210458333333333,21.0458333333333,21.0458333333333,21.0458333333333,21.0458333333333,25.6886679286169,25.6886679286169,25.6886679286169,19.9539335068178,19.9539335068178,19.9539335068178,25.39417206886247,-0.46767186868102334,0.762167728435454,0.2944958597544307,24.505967491295067,-4.7708747669643286,0.21884078248706373,-4.552033984477266,24.59731015780871,-4.314301287324496,0.7628244628490854,-3.5514768244754116
2015-02-11,TDOU,-23.08,30.384,630.2,2015,2,11,42,0.0255673189053167,25.5673189053167,0.0229113953539541,22.9113953539541,0.0231249999999999,23.1249999999999,23.1249999999999,23.1249999999999,23.1249999999999,25.5673189053167,25.5673189053167,25.5673189053167,22.9113953539541,22.9113953539541,22.9113953539541,25.388952792923895,-1.6847656107014,1.863131723094206,0.17836611239280487,24.500426311514858,-2.3337953224462304,0.7447643648854729,-1.5890309575607588,24.59307050387015,-2.984750306757946,1.5166798028876975,-1.4680705038702477
2015-02-12,TDOU,-23.08,30.384,630.2,2015,2,12,43,0.0301928667270158,30.1928667270158,0.0234511229264062,23.4511229264062,0.0259458333333333,25.9458333333333,25.9458333333333,25.9458333333333,25.9458333333333,30.1928667270158,30.1928667270158,30.1928667270158,23.4511229264062,23.4511229264062,23.4511229264062,25.38373484594567,4.391779291103504,0.41735258996662594,4.80913188107013,24.494885954278693,-3.584144631483258,2.540381603610765,-1.0437630278724939,24.58883069213649,-1.1997140529433326,2.5567166941401425,1.3570026411968108
2015-02-13,TDOU,-23.08,30.384,630.2,2015,2,13,44,0.033733206002729,33.733206002729,0.0309723637855242,30.9723637855242,0.0339541666666666,33.954166666666595,33.954166666666595,33.954166666666595,33.954166666666595,33.733206002729,33.733206002729,33.733206002729,30.9723637855242,30.9723637855242,30.9723637855242,25.378518194535992,10.858616873903449,-2.5039290657104445,8.354687808193006,24.489346396933502,7.204651639541109,-0.7216342509504088,6.483017388590699,24.58459069726566,11.297045903271606,-1.9274699338706718,9.369575969400934
2015-02-14,TDOU,-23.08,30.384,630.2,2015,2,14,45,0.0363614089521204,36.3614089521204,0.0372413033673893,37.2413033673893,0.0387583333333333,38.7583333333333,38.7583333333333,38.7583333333333,38.7583333333333,36.3614089521204,36.3614089521204,36.3614089521204,37.2413033673893,37.2413033673893,37.2413033673893,25.37330280472432,7.434342748647062,3.553763398749016,10.988106147396078,24.483807614339664,8.05704485054823,4.700450902501405,12.757495753049636,24.58035049153489,8.73990603376473,5.438076808033678,14.177982841798407
2015-02-15,TDOU,-23.08,30.384,630.2,2015,2,15,46,0.0378048673310271,37.8048673310271,0.0382446787479918,38.2446787479918,0.0409666666666666,40.966666666666605,40.966666666666605,40.966666666666605,40.966666666666605,37.8048673310271,37.8048673310271,37.8048673310271,38.2446787479918,38.2446787479918,38.2446787479918,25.368088643536666,9.951819477288934,2.4849592102014952,12.436778687490431,24.478269580244806,11.792485303372146,1.9739238643748465,13.766409167746993,24.576110047080594,12.48783026136972,3.9027263582162917,16.39055661958601
2015-02-16,TDOU,-23.08,30.384,630.2,2015,2,16,47,0.0293874846304353,29.3874846304353,0.0291878604398611,29.187860439861097,0.02805,28.05,28.05,28.05,28.05,29.3874846304353,29.3874846304353,29.3874846304353,29.187860439861097,29.187860439861097,29.187860439861097,25.36287567478274,4.477625564655368,-0.45301660900280893,4.02460895565256,24.472732264204865,5.238535530505915,-0.5234073548496809,4.715128175656233,24.57186933145126,3.6690575424424297,-0.1909268738936909,3.47813066854874
2015-02-17,TDOU,-23.08,30.384,630.2,2015,2,17,48,0.0236711531040117,23.671153104011697,0.0229932184745905,22.993218474590503,0.0234083333333333,23.4083333333333,23.4083333333333,23.4083333333333,23.4083333333333,23.671153104011697,23.671153104011697,23.671153104011697,22.993218474590503,22.993218474590503,22.993218474590503,25.357663859191995,-2.8391730392361327,1.152662284055836,-1.6865107551802971,24.467195632951874,-1.2651167690091691,-0.2088603893522034,-1.4739771583613717,24.567628307826777,-0.130657835963634,-1.0286371385298416,-1.159294974493477
2015-02-18,TDOU,-23.08,30.384,630.2,2015,2,18,49,0.0266260271922642,26.6260271922642,0.0239783741448344,23.9783741448344,0.0237583333333333,23.7583333333333,23.7583333333333,23.7583333333333,23.7583333333333,26.6260271922642,26.6260271922642,26.6260271922642,23.9783741448344,23.9783741448344,23.9783741448344,25.3524531567604,0.014149574728955235,1.259424460774845,1.273574035503799,24.46165965295813,-0.9684081232191408,0.4851226150954133,-0.4832855081237284,24.563386938681326,-1.3127601411120495,0.5077065357640258,-0.8050536053480251
2015-02-19,TDOU,-23.08,30.384,630.2,2015,2,19,50,0.0328051653889935,32.8051653889935,0.0291469589858442,29.1469589858442,0.0301666666666666,30.1666666666666,30.1666666666666,30.1666666666666,30.1666666666666,32.8051653889935,32.8051653889935,32.8051653889935,29.1469589858442,29.1469589858442,29.1469589858442,25.347243525942257,7.175351200076698,0.28257066297454614,7.457921863051244,24.45612429054942,3.614089533255476,1.0767451620393054,4.690834695294782,24.55914518699772,5.677424122456342,-0.06990264278746494,5.607521479668879
2015-02-20,TDOU,-23.08,30.384,630.2,2015,2,20,51,0.0300643621119477,30.0643621119477,0.0279966855661351,27.996685566135103,0.0265708333333333,26.5708333333333,26.5708333333333,26.5708333333333,26.5708333333333,30.0643621119477,30.0643621119477,30.0643621119477,27.996685566135103,27.996685566135103,27.996685566135103,25.34203492341599,4.948837050637892,-0.22650986210618385,4.7223271885317075,24.450589511092186,3.6742078880815807,-0.12811183303866258,3.5460960550429164,24.55490301523386,2.0836818141249376,-0.06775149602549746,2.0159303180994392
2015-02-21,TDOU,-23.08,30.384,630.2,2015,2,21,52,0.0248713421517886,24.8713421517886,0.020673703982501,20.673703982501,0.0207916666666666,20.7916666666666,20.7916666666666,20.7916666666666,20.7916666666666,24.8713421517886,24.8713421517886,24.8713421517886,20.673703982501,20.673703982501,20.673703982501,25.336827305014896,-2.7596542846753143,2.294169131449017,-0.4654851532262967,24.445055278590228,-5.3841851704907295,1.612833874401499,-3.771351296089229,24.550660385489486,-5.553877501087863,1.794883782264975,-3.758993718822886
2015-02-22,TDOU,-23.08,30.384,630.2,2015,2,22,53,0.0342045071604035,34.2045071604035,0.0349252101065412,34.9252101065412,0.0347208333333333,34.720833333333296,34.720833333333296,34.720833333333296,34.720833333333296,34.2045071604035,34.2045071604035,34.2045071604035,34.9252101065412,34.9252101065412,34.9252101065412,25.331620625850384,6.247920024713141,2.624966509839979,8.872886534553118,24.43952155622434,7.556484900678848,2.9292036496380156,10.485688550316862,24.546417259232033,7.335352882174175,2.839063191927089,10.174416074101263
2015-02-23,TDOU,-23.08,30.384,630.2,2015,2,23,54,0.0289612171055183,28.9612171055183,0.0268501977851955,26.8501977851955,0.0262416666666666,26.2416666666666,26.2416666666666,26.2416666666666,26.2416666666666,28.9612171055183,28.9612171055183,28.9612171055183,26.8501977851955,26.8501977851955,26.8501977851955,25.326414838231642,3.5144469705925,0.12035529669415723,3.634802267286659,24.433988304862943,2.4531154301841944,-0.03690594985163642,2.416209480332558,24.542173595504302,1.9899858503019339,-0.2904927791396368,1.6994930711622978
2015-02-24,TDOU,-23.08,30.384,630.2,2015,2,24,55,0.0225634597409207,22.563459740920703,0.0205616058812467,20.561605881246702,0.0207791666666666,20.7791666666666,20.7791666666666,20.7791666666666,20.7791666666666,22.563459740920703,22.563459740920703,22.563459740920703,20.561605881246702,20.561605881246702,20.561605881246702,25.321209891393057,-2.0506807848578403,-0.7070693656145153,-2.7577501504723543,24.428455482262116,-2.216845024648469,-1.6500045763669462,-3.8668496010154136,24.537929350357118,-2.6830092825530083,-1.0757534011375078,-3.7587626836905166
2015-02-25,TDOU,-23.08,30.384,630.2,2015,2,25,56,0.0321928662356643,32.192866235664304,0.0322869871688788,32.2869871688788,0.0321708333333333,32.1708333333333,32.1708333333333,32.1708333333333,32.1708333333333,32.192866235664304,32.192866235664304,32.192866235664304,32.2869871688788,32.2869871688788,32.2869871688788,25.316005733668906,5.665933862997313,1.2109266389980853,6.876860501995399,24.42292304557674,6.399745124893315,1.4643189984087464,7.864064123302061,24.533684479388977,6.130852450928083,1.5062964030162398,7.637148853944321
2015-02-26,TDOU,-23.08,30.384,630.2,2015,2,26,57,0.0349039103010422,34.9039103010422,0.0349394694281243,34.9394694281243,0.034775,34.775,34.775,34.775,34.775,34.9039103010422,34.9039103010422,34.9039103010422,34.9394694281243,34.9394694281243,34.9394694281243,25.310802313311964,7.7844717474508265,1.8086362402794123,9.593107987730239,24.417390952674744,8.654857391771653,1.8672210836779009,10.522078475449554,24.52943893851134,8.102944387714519,2.142616673774139,10.245561061488658
2015-02-27,TDOU,-23.08,30.384,630.2,2015,2,27,58,0.0434372799251791,43.43727992517911,0.0408993258112736,40.8993258112736,0.0423666666666666,42.3666666666666,42.3666666666666,42.3666666666666,42.3666666666666,43.43727992517911,43.43727992517911,43.43727992517911,40.8993258112736,40.8993258112736,40.8993258112736,25.305599576904918,19.70061252048692,-1.568932172212726,18.131680348274195,24.411859159757785,18.00077160250551,-1.5133049509896956,16.487466651515813,24.525192681794238,18.353375404388245,-0.5119014195158798,17.841473984872366
2015-02-28,TDOU,-23.08,30.384,630.2,2015,2,28,59,0.0437170604711045,43.717060471104496,0.0431651418288281,43.1651418288281,0.0403583333333333,40.3583333333333,40.3583333333333,40.3583333333333,40.3583333333333,43.717060471104496,43.717060471104496,43.717060471104496,40.8530557483056,43.1651418288281,43.1651418288281,25.300397469168104,20.700815190282086,-2.2841521883456934,18.416663001936392,24.406327621077526,18.806035636428078,-2.359307509200004,16.446728127228074,24.5209456609569,16.511735862327054,-0.6743481899506563,15.837387672376398
2015-03-01,TDOU,-23.08,30.384,630.2,2015,3,1,60,0.0412947382786976,41.2947382786976,0.0409186587622012,40.9186587622012,0.0405125,40.5125,40.5125,40.5125,40.5125,41.2947382786976,41.2947382786976,41.2947382786976,40.9186587622012,40.9186587622012,40.9186587622012,25.295195935808778,18.288785559078452,-2.289243216189629,15.999542342888823,24.400796291854768,17.546607498036504,-1.028745027690075,16.51786247034643,24.516697827483604,18.632949656821875,-2.6371474843054763,15.995802172516399
2015-03-02,TDOU,-23.08,30.384,630.2,2015,3,2,61,0.0398922941951044,39.8922941951044,0.0408530557483056,40.8530557483056,0.0397791666666666,39.779166666666605,39.779166666666605,39.779166666666605,39.779166666666605,39.8922941951044,39.8922941951044,39.8922941951044,40.8530557483056,40.8530557483056,40.8530557483056,25.289994924797682,15.189970736071595,-0.5876714657648776,14.602299270306716,24.395265129389664,14.700777315910111,1.7570133030058273,16.457790618915936,24.512449133704706,14.014078667248219,1.2526388657136778,15.266717532961898
2015-03-03,TDOU,-23.08,30.384,630.2,2015,3,3,62,0.0252848469626225,25.2848469626225,0.0232569324168524,23.2569324168524,0.0238833333333333,23.8833333333333,23.8833333333333,23.8833333333333,23.8833333333333,25.2848469626225,25.2848469626225,25.2848469626225,23.2569324168524,23.2569324168524,23.2569324168524,25.28479438617186,5.290686013946938,-5.2906334374963,5.257645063849736e-05,24.389734091584792,2.412543061651386,-3.545344736383779,-1.1328016747323915,24.508199533605254,2.604792086055096,-3.229658286327048,-0.6248662002719527
2015-03-04,TDOU,-23.08,30.384,630.2,2015,3,4,63,0.0204687637346725,20.4687637346725,0.016407712217033,16.407712217033,0.0186583333333333,18.6583333333333,25.3083333333333,18.6583333333333,18.6583333333333,20.4687637346725,20.4687637346725,20.4687637346725,25.8074338037585,16.407712217033,16.407712217033,25.279594271449774,-0.09654416008185066,-4.714286376695423,-4.810830536777274,24.384203135402753,2.2979752106793017,-0.8747445423235547,1.423230668355746,24.50394898093125,2.1311085094969004,-1.3267241570948478,0.8043843524020531
2015-03-05,TDOU,-23.08,30.384,630.2,2015,3,5,64,0.0245613024306525,24.5613024306525,0.0215109955204002,21.5109955204002,0.0233916666666666,23.3916666666666,23.3916666666666,23.3916666666666,23.3916666666666,24.5613024306525,24.5613024306525,24.5613024306525,21.5109955204002,21.5109955204002,21.5109955204002,25.27439453638832,1.9422097663988056,-2.6553018721346255,-0.7130921057358215,24.378672219999146,-1.3242203593732405,-1.5434563402257062,-2.8676766995989453,24.499697431625776,-0.6511822830406271,-0.45684848191854854,-1.1080307649591745
2015-03-06,TDOU,-23.08,30.384,630.2,2015,3,6,65,0.0273841187029052,27.3841187029052,0.026650345537532,26.650345537532,0.0253083333333333,25.3083333333333,25.3083333333333,25.3083333333333,25.3083333333333,27.3841187029052,27.3841187029052,27.3841187029052,26.650345537532,26.650345537532,26.650345537532,25.26919514121148,3.020047314972243,-0.9051237532785201,2.114923561693722,24.373141305892343,2.7475426319572716,-0.47033840031761187,2.277204231639658,24.495444843117934,1.463642792973587,-0.6507543027582194,0.8128884902153679
2015-03-07,TDOU,-23.08,30.384,630.2,2015,3,7,66,0.0308919699308231,30.8919699308231,0.0258074338037585,25.8074338037585,0.0272375,27.2375,27.2375,27.2375,27.2375,30.8919699308231,30.8919699308231,30.8919699308231,25.8074338037585,25.8074338037585,25.8074338037585,25.26399604895216,3.9500303332622453,1.6779435486086989,5.627973881870943,24.367610354784347,0.5277192156312797,0.9121042333428733,1.4398234489741526,24.491191173286044,1.0987813891119138,1.6475274376020437,2.746308826713957
2015-03-08,TDOU,-23.08,30.384,630.2,2015,3,8,67,0.039965000990627,39.965000990627,0.0387416174472203,38.7416174472203,0.038375,38.375,38.375,38.375,38.375,39.965000990627,39.965000990627,39.965000990627,38.7416174472203,38.7416174472203,38.7416174472203,25.258797223242023,15.198098563779098,-0.49189479639412426,14.706203767384974,24.362079328529937,14.831193833780848,-0.4516557150904852,14.379538118690363,24.486936379966167,14.700720228098586,-0.8126566080647528,13.888063620033833
2015-03-09,TDOU,-23.08,30.384,630.2,2015,3,9,68,0.0327517621694859,32.7517621694859,0.0325958558065834,32.595855806583394,0.0315708333333333,31.570833333333297,31.570833333333297,31.570833333333297,31.570833333333297,32.7517621694859,32.7517621694859,32.7517621694859,32.595855806583394,32.595855806583394,32.595855806583394,25.25359862628062,8.946132251244888,-1.4479687080396104,7.49816354320528,24.35654818804465,10.204551549742463,-1.965243931203716,8.239307618538746,24.482680419602314,9.294914145415254,-2.206761231684272,7.088152913730983
2015-03-10,TDOU,-23.08,30.384,630.2,2015,3,10,69,0.0218450643082883,21.845064308288297,0.018903059726695,18.903059726695,0.0186374999999999,18.6374999999999,18.6374999999999,18.6374999999999,18.6374999999999,21.845064308288297,21.845064308288297,21.845064308288297,18.903059726695,18.903059726695,18.903059726695,25.24840022027615,-2.363134783033573,-1.0402011289542799,-3.4033359119878526,24.35101689445186,-3.3006604611277055,-2.147296706629156,-5.4479571677568615,24.478423249065976,-3.6548268331993294,-2.1860964158667464,-5.840923249066076
2015-03-11,TDOU,-23.08,30.384,630.2,2015,3,11,70,0.0246171850810412,24.6171850810412,0.0215801766047695,21.580176604769505,0.0234791666666666,23.4791666666666,23.4791666666666,23.4791666666666,23.4791666666666,24.6171850810412,24.6171850810412,24.6171850810412,21.580176604769505,21.580176604769505,21.580176604769505,25.243201968591126,1.3270923614539383,-1.953109249003866,-0.6260168875499268,24.345485410617442,-2.6422062100891024,-0.12310259575883364,-2.765308805847937,24.474164827261117,1.3734973815254976,-2.3684955421200122,-0.9949981605945162
2015-03-12,TDOU,-23.08,30.384,630.2,2015,3,12,71,0.0281462791854022,28.1462791854022,0.0236502303249807,23.6502303249807,0.0234458333333333,23.4458333333333,23.4458333333333,23.4458333333333,23.4458333333333,28.1462791854022,28.1462791854022,28.1462791854022,23.6502303249807,23.6502303249807,23.6502303249807,25.238003835789147,3.5968368840682516,-0.6885615344552001,2.908275349613053,24.33995370119159,0.3904406583410089,-1.080164034551899,-0.689723376210889,24.469905115421565,0.35559960430684906,-1.3796713863951133,-1.0240717820882637
2015-03-13,TDOU,-23.08,30.384,630.2,2015,3,13,72,0.0294872524144136,29.4872524144136,0.0287604971678131,28.7604971678131,0.0283958333333333,28.3958333333333,28.3958333333333,28.3958333333333,28.3958333333333,29.4872524144136,29.4872524144136,29.4872524144136,28.7604971678131,28.7604971678131,28.7604971678131,25.23280578802427,5.066681585284449,-0.8122349588951181,4.254446626389331,24.334421731218423,4.411763096087212,0.014312340507462551,4.426075436594676,24.465644077056773,5.032469093200574,-1.1022798369240476,3.9301892562765275
2015-03-14,TDOU,-23.08,30.384,630.2,2015,3,14,73,0.0294855086672113,29.4855086672113,0.0294100969228693,29.410096922869297,0.0288041666666666,28.8041666666666,28.8041666666666,28.8041666666666,28.8041666666666,29.4855086672113,29.4855086672113,29.4855086672113,29.410096922869297,29.410096922869297,29.410096922869297,25.227607792245244,2.236007675950084,2.0218931990159703,4.2579008749660545,24.32888946628907,2.5495985292570826,2.531608927323145,5.081207456580227,24.461381677176842,1.8687126866316661,2.47407230285809,4.342784989489758
2015-03-15,TDOU,-23.08,30.384,630.2,2015,3,15,74,0.0302479110285968,30.2479110285968,0.0290377444839016,29.0377444839016,0.028175,28.175,28.175,28.175,28.175,30.2479110285968,30.2479110285968,30.2479110285968,29.0377444839016,29.0377444839016,29.0377444839016,25.222409815474656,5.618088909636878,-0.5925876965147339,5.025501213122144,24.323356871349183,5.4974882987804,-0.7831006862279821,4.714387612552418,24.457117881175073,3.8736386792773523,-0.15575656045242425,3.717882118824928
2015-03-16,TDOU,-23.08,30.384,630.2,2015,3,16,75,0.03530967015439,35.309670154390005,0.0321367969201196,32.1367969201196,0.0347666666666666,34.7666666666666,34.7666666666666,34.7666666666666,34.7666666666666,35.309670154390005,35.309670154390005,35.309670154390005,32.1367969201196,32.1367969201196,32.1367969201196,25.21721182307907,13.516667475163501,-3.424209143852565,10.092458331310937,24.31782390914791,9.633034325695041,-1.8140613147233537,7.818973010971689,24.452852652445088,13.838619970253571,-3.5248059560320577,10.313814014221514
2015-03-17,TDOU,-23.08,30.384,630.2,2015,3,17,76,0.0390951810637695,39.0951810637695,0.0333586081092141,33.3586081092141,0.0355875,35.5875,35.5875,35.5875,35.5875,36.1515670497009,39.0951810637695,39.0951810637695,33.3586081092141,33.3586081092141,33.3586081092141,25.2120137808069,9.703783115842556,1.2357701530514476,10.939553268894002,24.31229054256069,7.649768235643368,1.3965493310100463,9.046317566653414,24.448585954360826,9.482367329961708,1.6565467156774645,11.138914045639172
2015-03-18,TDOU,-23.08,30.384,630.2,2015,3,18,77,0.0406790156322664,40.6790156322664,0.0360738846996857,36.0738846996857,0.0362166666666666,36.2166666666666,36.2166666666666,36.2166666666666,36.2166666666666,40.6790156322664,40.6790156322664,40.6790156322664,33.256741481107,36.0738846996857,36.0738846996857,25.206815656508105,12.74170689346169,2.7304930822966043,15.472199975758294,24.30675673541512,7.349577126254874,1.6004076194370036,8.949984745691879,24.444317752317453,9.138463426732248,2.6338854876168973,11.772348914349145
2015-03-19,TDOU,-23.08,30.384,630.2,2015,3,19,78,0.0375112768180509,37.5112768180509,0.0368021797292733,36.8021797292733,0.0395208333333333,39.5208333333333,34.7666666666666,39.5208333333333,39.5208333333333,37.5112768180509,37.5112768180509,37.5112768180509,33.256741481107,36.8021797292733,36.8021797292733,25.201617416825783,10.690831125148687,1.6188282760764316,12.309659401225119,24.301222450090254,7.086941190797735,1.868577840219011,8.955519031016745,24.44004801022976,8.960180388903595,1.3664382675332476,10.326618656436843
2015-03-20,TDOU,-23.08,30.384,630.2,2015,3,20,79,0.0361515670497009,36.1515670497009,0.033256741481107,33.256741481107,0.0339999999999999,33.9999999999999,33.9999999999999,33.9999999999999,33.9999999999999,36.1515670497009,36.1515670497009,36.1515670497009,33.256741481107,33.256741481107,33.256741481107,25.19641902539284,11.848375925967108,-0.8932279016590456,10.955148024308063,24.29568764666174,7.311653528655936,1.6494003057893245,8.96105383444526,24.43577668905123,10.573955961784415,-1.009732650835744,9.56422331094867
2015-03-21,TDOU,-23.08,30.384,630.2,2015,3,21,80,0.02955428036963,29.55428036963,0.0272030261474647,27.203026147464698,0.0288541666666666,28.8541666666666,28.8541666666666,28.8541666666666,28.8541666666666,29.55428036963,29.55428036963,29.55428036963,27.203026147464698,27.203026147464698,27.203026147464698,25.191220443857734,2.4717780857250173,1.8912818400472489,4.363059925772266,24.29015228269128,1.6672691325975089,1.2456047321759094,2.9128738647734167,24.431503748002175,2.1845491407491386,2.238113777915288,4.422662918664425
2015-03-22,TDOU,-23.08,30.384,630.2,2015,3,22,81,0.0238188234051808,23.8188234051808,0.0208778187523043,20.8778187523043,0.0245791666666666,24.5791666666666,24.5791666666666,24.5791666666666,24.5791666666666,23.8188234051808,23.8188234051808,23.8188234051808,20.8778187523043,20.8778187523043,20.8778187523043,25.18602163353418,-3.609764772633902,2.242566544280521,-1.3671982283533808,24.284616313411302,-3.82701163920894,0.4202140781019388,-3.406797561107002,24.42722914605667,-1.2131179347511025,1.3650554553610341,0.1519375206099305
2015-03-23,TDOU,-23.08,30.384,630.2,2015,3,23,82,0.0221826422450179,22.182642245017902,0.0180050424931021,18.0050424931021,0.0217125,21.7125,21.7125,21.7125,21.7125,22.182642245017902,22.182642245017902,22.182642245017902,18.0050424931021,18.0050424931021,18.0050424931021,25.180822553632577,-5.273074811839548,2.274894503224875,-2.9981803086146748,24.279079692233882,-8.544710484807242,2.2706732856754606,-6.274037199131783,24.42295284003406,-2.257987025337951,-0.4524658146961116,-2.710452840034062
2015-03-25,TDOU,-23.08,30.384,630.2,2015,3,25,84,0.0203278774812772,20.3278774812772,0.01877251516298,18.77251516298,0.0192208333333333,19.220833333333303,19.220833333333303,19.220833333333303,19.220833333333303,20.3278774812772,20.3278774812772,20.3278774812772,18.77251516298,18.77251516298,18.77251516298,25.170423408042915,-3.652164456527159,-1.190381470238556,-4.842545926765716,24.268004300378387,-4.437100730980784,-1.0583884064176026,-5.495489137398387,24.414394936465797,-3.7957106819066118,-1.3978509212258814,-5.193561603132494
2015-03-26,TDOU,-23.08,30.384,630.2,2015,3,26,85,0.0270177419732442,27.0177419732442,0.0233344022661405,23.3344022661405,0.0262333333333333,26.2333333333333,26.2333333333333,26.2333333333333,26.2333333333333,27.0177419732442,27.0177419732442,27.0177419732442,23.3344022661405,23.3344022661405,23.3344022661405,25.16522325155939,2.1176972105498875,-0.2651784888650788,1.8525187216848096,24.262465432164845,-1.5712378865589383,0.6431747205345957,-0.9280631660243444,24.410113253507117,0.548162105445351,1.2750579743808323,1.8232200798261822
2015-03-27,TDOU,-23.08,30.384,630.2,2015,3,27,86,0.0417780757444375,41.7780757444375,0.0388668176728074,38.8668176728074,0.0404125,40.4125,40.4125,40.4125,40.4125,41.7780757444375,41.7780757444375,41.7780757444375,38.8668176728074,38.8668176728074,38.8668176728074,25.160022647096476,16.655015340044905,-0.036962242703879156,16.618053097341026,24.256925719542057,14.634376868173124,-0.02448491490778082,14.609891953265343,24.405829696430057,16.391402024388526,-0.3847317208185821,16.006670303569944
2015-03-28,TDOU,-23.08,30.384,630.2,2015,3,28,87,0.0468798748405803,46.8798748405803,0.0442054743741596,44.2054743741596,0.0437583333333333,43.7583333333333,43.7583333333333,43.7583333333333,43.7583333333333,46.8798748405803,46.8798748405803,46.8798748405803,44.2054743741596,44.2054743741596,44.2054743741596,25.1548215508322,18.946325430362013,2.7787278593860876,21.7250532897481,24.251385114849395,-4.74376487159991,24.697854130910113,19.954089259310205,24.40154422458662,19.214003363731845,0.14278574501483376,19.35678910874668
2015-03-29,TDOU,-23.08,30.384,630.2,2015,3,29,88,0.0406939168029514,40.69391680295141,0.0419065407309673,41.9065407309673,0.0408583333333333,40.8583333333333,40.8583333333333,40.8583333333333,40.8583333333333,40.69391680295141,40.69391680295141,40.69391680295141,41.9065407309673,41.9065407309673,41.9065407309673,25.149619918120365,-6.17474984841681,21.71904673324785,15.544296884831041,24.245843569886397,7.5674022194031405,10.093294941677762,17.660697161080904,24.397256797013984,-3.4056488512614425,19.866725387580754,16.461076536319315
2015-03-30,TDOU,-23.08,30.384,630.2,2015,3,30,89,0.0354441887616638,35.4441887616638,0.0357710944253771,35.7710944253771,0.0385958333333333,38.5958333333333,38.5958333333333,38.5958333333333,38.5958333333333,35.4441887616638,35.4441887616638,35.4441887616638,35.7710944253771,35.7710944253771,35.7710944253771,25.14441770184195,6.793245963872888,3.506525095948966,10.299771059821854,24.240301035078673,8.46836194791355,3.0624314423848773,11.530793390298427,24.392967372371707,11.876535354309754,2.326330606651844,14.202865960961596
2015-04-01,TDOU,-23.08,30.384,630.2,2015,4,1,91,0.0253904887857495,25.3904887857495,0.0255739498242172,25.5739498242172,0.0231166666666666,23.1166666666666,23.1166666666666,23.1166666666666,23.1166666666666,25.3904887857495,25.3904887857495,25.3904887857495,25.5739498242172,25.5739498242172,25.5739498242172,25.134011320402443,-3.142834543697624,3.3993120090446816,0.2564774653470572,24.22921277435716,-1.2095302426605108,2.5542672925205494,1.34473704986004,24.384382360697327,-3.3975387001694606,2.129823006138732,-1.267715694030727
2015-04-02,TDOU,-23.08,30.384,630.2,2015,4,2,92,0.0181234270546333,18.1234270546333,0.0178464361352302,17.8464361352302,0.0178375,17.8375,17.8375,17.8375,17.8375,18.1234270546333,18.1234270546333,18.1234270546333,17.8464361352302,17.8464361352302,17.8464361352302,25.12880704722035,-8.485037651273881,1.4796576586868326,-7.005379992587049,24.223666928220666,-8.053896049931575,1.6766652569411065,-6.377230792990467,24.380086681208372,-7.609389873246933,1.0668031920385594,-6.542586681208373
2015-04-03,TDOU,-23.08,30.384,630.2,2015,4,3,93,0.0192222521544642,19.2222521544642,0.0167426965153019,16.7426965153019,0.0179125,17.9125,17.9125,17.9125,17.9125,19.2222521544642,19.2222521544642,19.2222521544642,16.7426965153019,16.7426965153019,16.7426965153019,25.123601974171507,-5.932849277189719,0.03149945748241123,-5.901349819707306,24.21811985271685,-8.462677275383237,0.987253937968287,-7.475423337414949,24.37578881963772,-6.779643797998568,0.3163549783608488,-6.463288819637718
2015-04-04,TDOU,-23.08,30.384,630.2,2015,4,4,94,0.0353173569317531,35.317356931753096,0.0302795614409822,30.2795614409822,0.032775,32.775,32.775,32.775,32.775,35.317356931753096,35.317356931753096,35.317356931753096,30.2795614409822,30.2795614409822,30.2795614409822,25.118396039404306,9.138295784445388,1.0606651079034002,10.19896089234879,24.21257148040315,5.036929014846149,1.0300609457329024,6.0669899605790505,24.371488723884617,7.489044106721491,0.914467169393891,8.403511276115381
2015-04-05,TDOU,-23.08,30.384,630.2,2015,4,5,95,0.0403143954655768,40.3143954655768,0.0407854757938005,40.7854757938005,0.0396291666666666,39.6291666666666,39.6291666666666,39.6291666666666,39.6291666666666,40.3143954655768,40.3143954655768,40.3143954655768,40.7854757938005,40.7854757938005,40.7854757938005,25.11318918004962,11.729776502809251,3.47142978271793,15.201206285527181,24.207021741986164,13.930929851298714,2.6475242005156225,16.578454051814337,24.367186340802945,11.31829331464074,3.943687011222913,15.261980325863654
2015-04-06,TDOU,-23.08,30.384,630.2,2015,4,6,96,0.0373130395974915,37.3130395974915,0.0360850103258683,36.085010325868296,0.0374083333333333,37.4083333333333,37.4083333333333,37.4083333333333,37.4083333333333,37.3130395974915,37.3130395974915,37.3130395974915,36.085010325868296,36.085010325868296,36.085010325868296,25.10798133128258,9.026002457917073,3.1790558082918494,12.205058266208923,24.201470566116733,7.53398988698859,4.3495498727629744,11.883539759751564,24.362881615365534,9.036030209269065,4.009421508698704,13.045451717967769
2015-04-07,TDOU,-23.08,30.384,630.2,2015,4,7,97,0.0361204237690487,36.1204237690487,0.0348791783171161,34.8791783171161,0.0364541666666666,36.4541666666666,36.4541666666666,36.4541666666666,36.4541666666666,36.1204237690487,36.1204237690487,36.1204237690487,34.8791783171161,34.8791783171161,34.8791783171161,25.102772424493928,9.507298939265533,1.5103524052892396,11.017651344554771,24.19591787794466,10.882685116627135,-0.1994246774556956,10.683260439171441,24.35857448847416,11.59273425198132,0.5028579262111208,12.09559217819244
2015-04-08,TDOU,-23.08,30.384,630.2,2015,4,8,98,0.031525476653547,31.525476653547,0.0315719872409068,31.5719872409068,0.0312,31.2,31.2,31.2,31.2,31.525476653547,31.525476653547,31.525476653547,31.5719872409068,31.5719872409068,31.5719872409068,25.097562387314763,7.074804160296388,-0.6468898940641523,6.427914266232236,24.1903635985723,8.708006419745995,-1.3263827774114958,7.3816236423345,24.35426489698632,8.076419016774409,-1.2306839137607284,6.845735103013681
2015-04-09,TDOU,-23.08,30.384,630.2,2015,4,9,99,0.0328002502885916,32.8002502885916,0.0313008396128459,31.300839612845905,0.0305041666666666,30.5041666666666,30.5041666666666,30.5041666666666,30.5041666666666,32.8002502885916,32.8002502885916,32.8002502885916,31.300839612845905,31.300839612845905,31.300839612845905,25.092351145196034,8.191309752948882,-0.48341060955331727,7.707899143395565,24.18480764811939,8.189613174413047,-1.0735812096865303,7.116031964726517,24.34995277641373,7.658984250822954,-1.5047703605700846,6.154213890252869
2015-04-10,TDOU,-23.08,30.384,630.2,2015,4,10,100,0.0281239254124518,28.1239254124518,0.0263657953223018,26.3657953223018,0.0258499999999999,25.849999999999905,30.5041666666666,25.849999999999905,25.849999999999905,28.1239254124518,28.1239254124518,28.1239254124518,31.300839612845905,26.3657953223018,26.3657953223018,25.087138623304774,5.552764817818362,-2.5159780286713342,3.036786789147026,24.179249947315096,8.465634532924684,-1.3440448673938725,7.121589665530809,24.345638062896793,6.641819968551287,-0.4832913647814827,6.158528603769806
2015-04-11,TDOU,-23.08,30.384,630.2,2015,4,11,101,0.0284255582636594,28.4255582636594,0.0255471177969621,25.5471177969621,0.0269583333333333,26.9583333333333,26.9583333333333,26.9583333333333,26.9583333333333,28.4255582636594,28.4255582636594,28.4255582636594,25.5471177969621,25.5471177969621,25.5471177969621,25.081924747180373,3.1693672790592995,0.17426623741972946,3.343633516479027,24.173690417574687,4.749662253139305,-3.3762348737518906,1.3734273793874152,24.34132069355131,5.020670835709624,-2.4036581959276333,2.61701263978199
2015-04-12,TDOU,-23.08,30.384,630.2,2015,4,12,102,0.0340055702398678,34.0055702398678,0.0327174448554827,32.7174448554827,0.0326208333333333,32.6208333333333,32.6208333333333,32.6208333333333,32.6208333333333,34.0055702398678,34.0055702398678,34.0055702398678,32.7174448554827,32.7174448554827,32.7174448554827,25.07670944369755,7.007480252596545,1.921380543573708,8.928860796170252,24.16812898150566,8.074847591618747,0.47446828235828775,8.549315873977037,24.33700060610597,8.301863383762614,-0.01803065653528435,8.283832727227331
2015-04-13,TDOU,-23.08,30.384,630.2,2015,4,13,103,0.0297051085090147,29.7051085090147,0.0260053501488417,26.0053501488417,0.0251249999999999,25.1249999999999,25.1249999999999,25.1249999999999,25.1249999999999,29.7051085090147,29.7051085090147,29.7051085090147,26.0053501488417,26.0053501488417,26.0053501488417,25.071492639120834,4.940759933640724,-0.30714406374685765,4.633615869893866,24.162565563662657,2.6922739104310818,-0.8494893252520406,1.842784585179043,24.332677739680236,2.287924056760432,-1.4956017964407664,0.7923222603196649
2015-04-14,TDOU,-23.08,30.384,630.2,2015,4,14,104,0.02452299300902,24.52299300902,0.0241477514957027,24.1477514957027,0.0241875,24.1875,24.1875,24.1875,24.1875,24.52299300902,24.52299300902,24.52299300902,24.1477514957027,24.1477514957027,24.1477514957027,25.06627425769352,1.814157476704533,-2.3574387253780564,-0.543281248673523,24.157000088387292,1.5529373560602917,-1.562185948744883,-0.009248592684592438,24.32835203366205,1.2310760063003863,-1.3719280399624374,-0.1408520336620498
2015-04-15,TDOU,-23.08,30.384,630.2,2015,4,15,105,0.0249067310836306,24.9067310836306,0.0205343518417894,20.5343518417894,0.0228916666666666,22.8916666666666,22.8916666666666,22.8916666666666,22.8916666666666,24.9067310836306,24.9067310836306,24.9067310836306,20.5343518417894,20.5343518417894,20.5343518417894,25.06105422336675,0.6780465281519019,-0.8323696678880523,-0.15432313973614953,24.15143248025362,-1.1240742323713804,-2.4930064060928387,-3.61708063846422,24.324023428358434,-0.2730631848106251,-1.1592935768812076,-1.4323567616918318
2015-04-16,TDOU,-23.08,30.384,630.2,2015,4,16,106,0.0310196959984976,31.0196959984976,0.0294658865517142,29.4658865517142,0.0315416666666666,31.5416666666666,31.5416666666666,31.5416666666666,31.5416666666666,31.0196959984976,31.0196959984976,31.0196959984976,29.4658865517142,29.4658865517142,29.4658865517142,25.05583246145426,6.276542751192781,-0.31267921414944055,5.963863537043341,24.145862665016622,6.129547590803315,-0.8095237041057395,5.320023886697577,24.31969186515233,7.800491695784147,-0.5785168942698746,7.221974801514271
2015-04-17,TDOU,-23.08,30.384,630.2,2015,4,17,107,0.0358139791697904,35.8139791697904,0.0334531902798837,33.4531902798837,0.0334916666666666,33.4916666666666,33.4916666666666,33.4916666666666,33.4916666666666,35.8139791697904,35.8139791697904,35.8139791697904,33.4531902798837,33.4531902798837,33.4531902798837,25.050608897817003,8.97764445117987,1.7857258207935267,10.763370271973397,24.140290570103904,8.325544185187308,0.9873555245924877,9.312899709779796,24.315357286219452,8.197014293003557,0.979295087443596,9.176309380447151
2015-04-18,TDOU,-23.08,30.384,630.2,2015,4,18,108,0.0370006847784045,37.0006847784045,0.0364463041268099,36.4463041268099,0.0360916666666666,36.0916666666666,36.0916666666666,36.0916666666666,36.0916666666666,37.0006847784045,37.0006847784045,37.0006847784045,36.4463041268099,36.4463041268099,36.4463041268099,25.045383457803354,9.513218714501745,2.4420826060993974,11.955301320601144,24.134716123238995,9.924184397352242,2.387403606218662,12.311588003570904,24.311019633764246,9.56189115827703,2.218755874625323,11.780647032902351
2015-04-19,TDOU,-23.08,30.384,630.2,2015,4,19,109,0.0315974757810957,31.597475781095703,0.0352544202310228,35.2544202310228,0.0341625,34.1625,34.1625,34.1625,34.1625,31.597475781095703,31.597475781095703,31.597475781095703,35.2544202310228,35.2544202310228,35.2544202310228,25.04015606446308,7.97855201789143,-1.421232301258808,6.557319716632623,24.129139250528663,10.464181495812745,0.6610994846813902,11.125280980494136,24.306678848508632,10.0169666119279,-0.16114546043652922,9.85582115149137
2015-04-20,TDOU,-23.08,30.384,630.2,2015,4,20,110,0.0267479532917554,26.7479532917554,0.0245511272714296,24.5511272714296,0.0252624999999999,25.2624999999999,25.2624999999999,25.2624999999999,25.2624999999999,26.7479532917554,26.7479532917554,26.7479532917554,24.5511272714296,24.5511272714296,24.5511272714296,25.034926638394023,3.9297312060028213,-2.216704552641442,1.7130266533613785,24.123559875417403,4.665486829978777,-4.237919433966578,0.42756739601219707,24.30233486893045,5.385652578321633,-4.425487447252184,0.9601651310694486
2015-04-21,TDOU,-23.08,30.384,630.2,2015,4,21,111,0.0297278253137273,29.7278253137273,0.0286032991208455,28.6032991208455,0.0307166666666666,30.7166666666666,30.7166666666666,30.7166666666666,30.7166666666666,29.7278253137273,29.7278253137273,29.7278253137273,28.6032991208455,28.6032991208455,28.6032991208455,25.029695100600915,3.621589765297612,1.0765404478287728,4.698130213126387,24.117977920500554,3.9862508510767167,0.49907034926822647,4.485321200344945,24.297987633476954,7.392973768792557,-0.9742947356029106,6.4186790331896475
2015-04-22,TDOU,-23.08,30.384,630.2,2015,4,22,112,0.0308997864336268,30.8997864336268,0.0305607625900765,30.5607625900765,0.0310958333333333,31.0958333333333,31.0958333333333,31.0958333333333,31.0958333333333,30.8997864336268,30.8997864336268,30.8997864336268,30.5607625900765,30.5607625900765,30.5607625900765,25.02446137316858,4.959910223838436,0.9154148366197852,5.87532506045822,24.112393310380618,5.528108936357262,0.9202603433386187,6.448369279695882,24.293637083269836,7.555452763868969,-0.7532565138055034,6.802196250063464
2015-04-23,TDOU,-23.08,30.384,630.2,2015,4,23,113,0.0299312476450047,29.9312476450047,0.0254394362260221,25.4394362260221,0.0256125,25.6125,25.6125,25.6125,25.6125,29.9312476450047,29.9312476450047,29.9312476450047,25.4394362260221,25.4394362260221,25.4394362260221,25.019225377002822,3.783635078918985,1.1283871890828934,4.912022268001877,24.106805969215404,2.3704213377808863,-1.0377910809741913,1.332630256806695,24.289283160589356,4.293876350683353,-2.970659511272707,1.3232168394106445
2015-04-24,TDOU,-23.08,30.384,630.2,2015,4,24,114,0.031432776941319,31.432776941319,0.0304707906888072,30.4707906888072,0.029625,29.625,29.625,29.625,29.625,31.432776941319,31.432776941319,31.432776941319,30.4707906888072,30.4707906888072,30.4707906888072,25.013987031291403,5.8963849733771525,0.5224049366504424,6.418789910027595,24.10121581995419,6.333515533081358,0.036059335771650325,6.369574868853007,24.284925808552806,4.929433417791755,0.4106407736554374,5.340074191447194
2015-04-25,TDOU,-23.08,30.384,630.2,2015,4,25,115,0.0282129374130414,28.2129374130414,0.0274489907960992,27.4489907960992,0.0277125,27.7125,27.7125,27.7125,27.7125,28.2129374130414,28.2129374130414,28.2129374130414,27.4489907960992,27.4489907960992,27.4489907960992,25.0087462534757,4.929713023209826,-1.7255218636441256,3.204191159565699,24.09562278551877,5.12850975509484,-1.7751417445144106,3.3533680105804287,24.280564972025456,6.4295113609993635,-2.9975763330248206,3.431935027974543
2015-04-26,TDOU,-23.08,30.384,630.2,2015,4,26,116,0.0271723599714072,27.1723599714072,0.0246009784892306,24.6009784892306,0.0234583333333333,23.4583333333333,23.4583333333333,23.4583333333333,23.4583333333333,27.1723599714072,27.1723599714072,27.1723599714072,24.6009784892306,24.6009784892306,24.6009784892306,25.00350296006444,4.779403547322576,-2.610546535979818,2.1688570113427588,24.0900267886998,2.4498493896836737,-1.9388976891528742,0.5109517005308,24.27620059620823,0.9987747183397009,-1.8166419812146302,-0.8178672628749304
2015-04-27,TDOU,-23.08,30.384,630.2,2015,4,27,117,0.0298215380512855,29.821538051285497,0.028017651464959,28.017651464959,0.0291458333333333,29.1458333333333,29.1458333333333,29.1458333333333,29.1458333333333,29.821538051285497,29.821538051285497,29.821538051285497,28.017651464959,28.017651464959,28.017651464959,24.998257068563245,6.1963777226989425,-1.3730967399766918,4.8232809827222525,24.084427753321272,5.9609993959144445,-2.027775684276719,3.9332237116377264,24.271832628273085,6.487595143880743,-1.6135944388205274,4.874000705060215
2015-04-28,TDOU,-23.08,30.384,630.2,2015,4,28,118,0.0283206872724078,28.3206872724078,0.027858199964695,27.858199964695,0.0292833333333333,29.2833333333333,29.2833333333333,29.2833333333333,29.2833333333333,28.3206872724078,28.3206872724078,28.3206872724078,27.858199964695,27.858199964695,27.858199964695,24.993008498291314,3.7385708080797695,-0.41089203396328244,3.3276787741164853,24.07882560471392,5.461510873488747,-1.6821365135076647,3.7793743599810803,24.2674610171669,4.295560496827392,0.7203118193390061,5.015872316166398
2015-04-29,TDOU,-23.08,30.384,630.2,2015,4,29,119,0.0236414752245828,23.6414752245828,0.0250051886961129,25.005188696112903,0.0250291666666666,25.0291666666666,25.0291666666666,25.0291666666666,25.0291666666666,23.6414752245828,23.6414752245828,23.6414752245828,25.005188696112903,25.005188696112903,25.005188696112903,24.987757169517696,-1.5702415399579734,0.22395959502307505,-1.3462819449348977,24.073220269760156,-0.3711458922474253,1.3031143186001728,0.9319684263527463,24.263085712858032,-0.9663052881992475,1.7323862420078164,0.7660809538085687
2015-04-30,TDOU,-23.08,30.384,630.2,2015,4,30,120,0.0254300610516538,25.4300610516538,0.0211773823614878,21.1773823614878,0.0227833333333333,22.783333333333303,22.783333333333303,22.783333333333303,22.783333333333303,25.4300610516538,25.4300610516538,25.4300610516538,21.1773823614878,21.1773823614878,21.1773823614878,24.982503002424753,0.22943106953780024,0.21812697969124883,0.4475580492290483,24.067611676130404,-2.6619945906699813,-0.2282347239726228,-2.8902293146426032,24.258706664397362,-2.5920060553141604,1.1166327242501026,-1.475373331064059
2015-05-01,TDOU,-23.08,30.384,630.2,2015,5,1,121,0.0247716102434996,24.7716102434996,0.0232965117594308,23.2965117594308,0.0227416666666666,22.7416666666666,22.7416666666666,22.7416666666666,22.7416666666666,24.7716102434996,24.7716102434996,24.7716102434996,23.2965117594308,23.2965117594308,23.2965117594308,24.97724591645324,1.3047169656891364,-1.5103526386427717,-0.20563567295363683,24.061999750307763,0.18480755600914867,-0.9502955468861103,-0.765487990876963,24.254323818853933,-0.6087204778574679,-0.9039366743298665,-1.5126571521873338
2015-05-02,TDOU,-23.08,30.384,630.2,2015,5,2,122,0.0184159153739017,18.4159153739017,0.0177097554425209,17.709755442520898,0.0181666666666666,18.1666666666666,18.1666666666666,18.1666666666666,18.1666666666666,18.4159153739017,18.4159153739017,18.4159153739017,17.709755442520898,17.709755442520898,17.709755442520898,24.97198583050135,-3.956823743123664,-2.599246713475985,-6.556070456599649,24.05638441829605,-3.8443534754009425,-2.5022755003742105,-6.346628975775154,24.24993712192992,-4.0269515447764705,-2.0563189104868513,-6.083270455263321
2015-05-03,TDOU,-23.08,30.384,630.2,2015,5,3,123,0.0145780247477554,14.5780247477554,0.0142460689119368,14.2460689119368,0.0155833333333333,15.5833333333333,19.725,15.5833333333333,15.5833333333333,18.7150943016585,14.5780247477554,14.5780247477554,14.2460689119368,14.2460689119368,14.2460689119368,24.966722664388122,-5.900777758052746,-0.3508506046768787,-6.2516283627296225,24.050765606708644,-8.607371526401808,-1.1973251683700354,-9.804696694771845,24.245546519766187,-5.080728659734223,0.5601821399680382,-4.520546519766185
2015-05-04,TDOU,-23.08,30.384,630.2,2015,5,4,124,0.0159980688484462,15.9980688484462,0.0141890915998314,14.1890915998314,0.0149541666666666,14.9541666666666,19.725,14.9541666666666,14.9541666666666,15.9980688484462,15.9980688484462,15.9980688484462,14.1890915998314,14.1890915998314,14.1890915998314,24.961456339532276,-7.336421982382705,-1.6269655087033712,-8.963387491086076,24.045143243775847,-8.626374204308147,-1.2296774396362977,-9.856051643944447,24.241151959669835,-4.368274510869989,-0.14787744879984643,-4.516151959669834
2015-05-05,TDOU,-23.08,30.384,630.2,2015,5,5,125,0.0192737429342374,19.2737429342374,0.018661820063515,18.661820063515,0.0197541666666666,19.7541666666666,19.7541666666666,19.7541666666666,19.7541666666666,19.2737429342374,19.2737429342374,19.2737429342374,18.661820063515,18.661820063515,18.661820063515,24.95618677779205,-5.384651834228993,-0.2977920093256543,-5.682443843554648,24.03951725873038,-5.524912646122121,0.1472154509067387,-5.377697195215383,24.23675338855432,-4.738111665648037,0.2555249437603173,-4.482586721887721
2015-05-06,TDOU,-23.08,30.384,630.2,2015,5,6,126,0.0187150943016585,18.7150943016585,0.0178701305221847,17.8701305221847,0.019725,19.725,19.725,19.725,19.725,18.7150943016585,18.7150943016585,18.7150943016585,17.8701305221847,17.8701305221847,17.8701305221847,24.950913901763073,-8.12472164445103,1.8889020443464588,-6.235819600104573,24.033887581360688,-6.2307296864298465,0.06697262725385755,-6.163757059175989,24.232350752909927,-4.537668487259749,0.030317734349825542,-4.507350752909925
2015-05-08,TDOU,-23.08,30.384,630.2,2015,5,8,128,0.0207547859515741,20.7547859515741,0.020697023683275,20.697023683275003,0.0206375,20.6375,20.6375,20.6375,20.6375,20.7547859515741,20.7547859515741,20.7547859515741,20.697023683275003,20.697023683275003,20.697023683275003,24.940357893664757,-3.0731898813871625,-1.1123820607034958,-4.185571942090657,24.022616866375497,-2.790618687067923,-0.5349744960325715,-3.3255931831004943,24.22353307123287,-4.8565312881039295,1.2704982168710615,-3.586033071232869
2015-05-09,TDOU,-23.08,30.384,630.2,2015,5,9,129,0.0194878195687067,19.4878195687067,0.0190330087199542,19.0330087199542,0.0189083333333333,18.908333333333303,18.908333333333303,18.908333333333303,18.908333333333303,19.4878195687067,19.4878195687067,19.4878195687067,19.0330087199542,19.0330087199542,19.0330087199542,24.935074600908152,-1.5936299890978314,-3.8536250431036194,-5.447255032201451,24.016975685376003,-2.1848088770521006,-2.799158088369701,-4.9839669654218035,24.219117914956147,-4.805444129912702,-0.5053404517101434,-5.310784581622844
2015-05-10,TDOU,-23.08,30.384,630.2,2015,5,10,130,0.0234572267039819,23.457226703981902,0.0197563073780726,19.7563073780726,0.0209875,20.9875,20.9875,20.9875,20.9875,23.457226703981902,23.457226703981902,23.457226703981902,19.7563073780726,19.7563073780726,19.7563073780726,24.929787675249287,-1.3245722648632017,-0.14798870640418116,-1.4725609712673844,24.01133052624118,-0.6720734011875854,-3.582949746980997,-4.255023148168583,24.21469847287568,0.08681423492226287,-3.3140127077979393,-3.2271984728756777
2015-05-11,TDOU,-23.08,30.384,630.2,2015,5,11,131,0.0285089846758752,28.5089846758752,0.0256252328629686,25.6252328629686,0.0265083333333333,26.5083333333333,26.5083333333333,26.5083333333333,26.5083333333333,28.5089846758752,28.5089846758752,28.5089846758752,25.6252328629686,25.6252328629686,25.6252328629686,24.924497038792094,2.3169751514236805,1.2675124856594273,3.5844876370831074,24.005681319332904,1.0694087310526375,0.5501428125830579,1.6195515436356942,24.210274688318343,1.7221318017908191,0.5759268432241385,2.298058645014958
2015-05-12,TDOU,-23.08,30.384,630.2,2015,5,12,132,0.0265263376576892,26.5263376576892,0.026124516129125,26.124516129125,0.025525,25.525,25.525,25.525,25.525,26.5263376576892,26.5263376576892,26.5263376576892,26.124516129125,26.124516129125,26.124516129125,24.919202613603943,0.2429667479248146,1.364168296160443,1.6071350440852576,24.000027997339767,1.6278082442894248,0.49667988749580516,2.124488131785231,24.205846506479492,1.0239594663294762,0.2951940271910303,1.3191534935205063
2015-05-13,TDOU,-23.08,30.384,630.2,2015,5,13,133,0.0183610704744707,18.3610704744707,0.0199112274932128,19.9112274932128,0.0195375,19.5375,19.5375,19.5375,19.5375,18.3610704744707,18.3610704744707,18.3610704744707,19.9112274932128,19.9112274932128,19.9112274932128,24.91390432003005,-5.830821618282111,-0.7220122272772365,-6.5528338455593484,23.99437049257199,-3.6288426680238937,-0.4543003313352969,-4.08314299935919,24.20141387226056,-3.8285974443274315,-0.835316427933126,-4.663913872260558
2015-05-14,TDOU,-23.08,30.384,630.2,2015,5,14,134,0.0121677254201988,12.1677254201988,0.0119470662193346,11.9470662193346,0.0126125,12.6125,12.6125,12.6125,12.6125,12.1677254201988,12.1677254201988,12.1677254201988,11.9470662193346,11.9470662193346,11.9470662193346,24.90860207672731,-10.501003547798268,-2.23987310873024,-12.74087665652851,23.988708736456992,-9.989059947812878,-2.0525825693095143,-12.041642517122392,24.196976730002852,-9.14966171408117,-2.434815015921682,-11.584476730002851
2015-05-15,TDOU,-23.08,30.384,630.2,2015,5,15,135,0.0126190446568631,12.6190446568631,0.0133499467437357,13.3499467437357,0.013475,13.475,13.475,13.475,13.475,12.6190446568631,12.6190446568631,12.6190446568631,13.3499467437357,13.3499467437357,13.3499467437357,24.903295802441146,-8.780805052764283,-3.503446092813764,-12.284251145578047,23.983042660534384,-7.347723228820478,-3.2853726879782066,-10.633095916798684,24.19253502465259,-7.25276090312267,-3.464774121529917,-10.71753502465259
2015-05-16,TDOU,-23.08,30.384,630.2,2015,5,16,136,0.012075956290888,12.075956290888,0.0128704696239467,12.8704696239467,0.0127458333333333,12.7458333333333,12.7458333333333,12.7458333333333,12.7458333333333,12.075956290888,12.075956290888,12.075956290888,12.8704696239467,12.8704696239467,12.8704696239467,24.897985417670448,-9.148286593091965,-3.6737425336904828,-12.822029126782448,23.977372197984167,-5.554053000502873,-5.552849573534594,-11.106902574037466,24.188088703261478,-7.049446909750968,-4.392808460177211,-11.442255369928178
2015-05-17,TDOU,-23.08,30.384,630.2,2015,5,17,137,0.0181164032266616,18.1164032266616,0.0181225460718834,18.1225460718834,0.0180791666666666,18.0791666666666,18.0791666666666,18.0791666666666,18.0791666666666,18.1164032266616,18.1164032266616,18.1164032266616,18.1225460718834,18.1225460718834,18.1225460718834,24.89267084577368,-5.733217188797009,-1.0430504303150698,-6.77626761911208,23.971697285005554,-5.089125056889685,-0.7600261562324704,-5.8491512131221555,24.183637716057813,-2.720391458568878,-3.384079590822335,-6.104471049391211
2015-05-18,TDOU,-23.08,30.384,630.2,2015,5,18,138,0.0153498334447047,15.3498334447047,0.0177079267803825,17.7079267803825,0.0162166666666666,16.2166666666666,16.2166666666666,16.2166666666666,16.2166666666666,15.3498334447047,15.3498334447047,15.3498334447047,17.7079267803825,17.7079267803825,17.7079267803825,24.887352012872025,-7.32798645135098,-2.2095321168163444,-9.537518568167325,23.966017861446325,-5.532959495696747,-0.7251315853670768,-6.258091081063824,24.179182017005587,-7.04203594209861,-0.9204794082403751,-7.962515350338986
2015-05-19,TDOU,-23.08,30.384,630.2,2015,5,19,139,0.0119904602475054,11.9904602475054,0.0135935460006268,13.5935460006268,0.0130458333333333,13.0458333333333,13.0458333333333,13.0458333333333,13.0458333333333,11.9904602475054,11.9904602475054,11.9904602475054,13.5935460006268,13.5935460006268,13.5935460006268,24.88202884639545,-9.566846783650822,-3.3247218152392293,-12.89156859889005,23.96033386831568,-8.410955736891069,-1.955832130797809,-10.36678786768888,24.174721563033195,-9.031311354542057,-2.097576875157838,-11.128888229699895
2015-05-20,TDOU,-23.08,30.384,630.2,2015,5,20,140,0.01346470725136,13.46470725136,0.012081606312797,12.081606312797,0.0127625,12.7625,12.7625,12.7625,12.7625,13.46470725136,13.46470725136,13.46470725136,12.081606312797,12.081606312797,12.081606312797,24.87670127566949,-10.14812071755709,-1.2638733067524015,-11.41199402430949,23.954645247294177,-9.521488688005517,-2.3515502464916587,-11.873038934497178,24.17025631249781,-9.948357911523923,-1.4593984009738854,-11.40775631249781
2015-05-21,TDOU,-23.08,30.384,630.2,2015,5,21,141,0.0151242718391458,15.1242718391458,0.0147578695839816,14.7578695839816,0.0139291666666666,13.9291666666666,13.9291666666666,13.9291666666666,13.9291666666666,15.1242718391458,15.1242718391458,15.1242718391458,14.7578695839816,14.7578695839816,14.7578695839816,24.871369232515534,-8.565402387220326,-1.1816950061494076,-9.747097393369733,23.9489519416916,-7.911092126311163,-1.2799902313988376,-9.19108235771,24.165786225519483,-8.511700757041636,-1.7249188018112491,-10.236619558852883
2015-05-22,TDOU,-23.08,30.384,630.2,2015,5,22,142,0.0174814284975753,17.4814284975753,0.0174091243240139,17.409124324013902,0.0162708333333333,16.2708333333333,16.2708333333333,16.2708333333333,16.2708333333333,17.4814284975753,17.4814284975753,17.4814284975753,17.409124324013902,17.409124324013902,17.409124324013902,24.866032650085064,-7.369896407657582,-0.014707744852181293,-7.3846041525097625,23.94325389677819,-7.00835128075926,0.4742217079949711,-6.534129572764289,24.161311263820167,-8.312338972272942,0.4218610417860731,-7.890477930486867
2015-05-23,TDOU,-23.08,30.384,630.2,2015,5,23,143,0.0167250790773894,16.725079077389402,0.0173429494440603,17.3429494440603,0.0160041666666666,16.0041666666666,16.0041666666666,16.0041666666666,16.0041666666666,16.725079077389402,16.725079077389402,16.725079077389402,17.3429494440603,17.3429494440603,17.3429494440603,24.860691462263848,-10.507867869718144,2.3722554848436985,-8.135612384874445,23.93755105881353,-11.578650999455752,4.984049384702519,-6.5946016147532305,24.15683139043512,-12.499859371834823,4.347194648066303,-8.15266472376852
2015-05-24,TDOU,-23.08,30.384,630.2,2015,5,24,144,0.0131999997855418,13.1999997855418,0.0132948822140227,13.2948822140227,0.0127958333333333,12.7958333333333,12.7958333333333,12.7958333333333,12.7958333333333,13.1999997855418,13.1999997855418,13.1999997855418,13.2948822140227,13.2948822140227,13.2948822140227,24.855345602379057,-13.110303015283252,1.454957198445996,-11.655345816837256,23.931843372883026,-13.660811524763249,3.02385036590292,-10.636961158860327,24.152346567577485,-14.388343121109171,3.031829886864987,-11.356513234244185
2015-05-25,TDOU,-23.08,30.384,630.2,2015,5,25,145,0.0117073236601893,11.7073236601893,0.0118611799249189,11.8611799249189,0.012575,12.575,12.575,12.575,12.575,11.7073236601893,11.7073236601893,11.7073236601893,11.8611799249189,11.8611799249189,11.8611799249189,24.849995001415582,-13.411023334296686,0.2683519930704037,-13.142671341226283,23.926130780016543,-13.706608748703738,1.6416578936060944,-12.064950855097642,24.147856753880383,-13.069993200022438,1.4971364461420542,-11.572856753880384
2015-05-26,TDOU,-23.08,30.384,630.2,2015,5,26,146,0.0102422406493617,10.2422406493617,0.0104929666248575,10.4929666248575,0.0102375,10.2375,10.2375,10.2375,10.2375,10.2422406493617,10.2422406493617,10.2422406493617,10.4929666248575,10.4929666248575,10.4929666248575,24.844639588406938,-13.311289042101729,-1.2911098969435102,-14.602398939045239,23.920413217685656,-12.754610288644876,-0.6728363041832779,-13.427446592828156,24.143361904692206,-12.952974686400736,-0.9528872182914689,-13.905861904692205
2015-05-27,TDOU,-23.08,30.384,630.2,2015,5,27,147,0.0111825228227692,11.1825228227692,0.0102631326551929,10.2631326551929,0.0114124999999999,11.4124999999999,11.4124999999999,11.4124999999999,11.4124999999999,11.1825228227692,11.1825228227692,11.1825228227692,10.2631326551929,10.2631326551929,10.2631326551929,24.839279291730392,-7.243669715137946,-6.413086753823244,-13.656756468961191,23.9146906213592,-8.311849805701431,-5.339708160464866,-13.6515579661663,24.138861973691313,-8.197213395186193,-4.529148578505222,-12.726361973691413
2015-05-28,TDOU,-23.08,30.384,630.2,2015,5,28,148,0.0126307036042862,12.630703604286198,0.0126117901274749,12.6117901274749,0.0132166666666666,13.2166666666666,13.2166666666666,13.2166666666666,13.2166666666666,12.630703604286198,12.630703604286198,12.630703604286198,12.6117901274749,12.6117901274749,12.6117901274749,24.83391404112831,-7.802146831585423,-4.401063605256688,-12.203210436842111,23.908962927115404,-7.836468338341251,-3.4607044612992546,-11.297172799640505,24.13435691548821,-9.09444384807875,-1.8232464007428568,-10.917690248821609
2015-05-29,TDOU,-23.08,30.384,630.2,2015,5,29,149,0.0109046669389168,10.9046669389168,0.011717580232292,11.717580232292,0.0113166666666666,11.3166666666666,11.3166666666666,11.3166666666666,11.3166666666666,10.9046669389168,10.9046669389168,10.9046669389168,11.717580232292,11.717580232292,11.717580232292,24.828543770452928,-10.817188592208892,-3.1066882393272373,-13.923876831536129,23.90323007466178,-10.655824619432165,-1.529825222937614,-12.18564984236978,24.129846687935057,-11.597977714466,-1.2152023068024569,-12.813180021268456
2015-05-30,TDOU,-23.08,30.384,630.2,2015,5,30,150,0.011014049962428,11.014049962428,0.0110142813328174,11.0142813328174,0.0119916666666666,11.9916666666666,11.9916666666666,11.9916666666666,11.9916666666666,11.014049962428,11.014049962428,11.014049962428,11.0142813328174,11.0142813328174,11.0142813328174,24.82316841754573,-14.211068304743533,0.40194984962580094,-13.80911845511773,23.897492006879116,-13.201453228459048,0.31824255439733307,-12.883210674061715,24.125331251023386,-13.64479338395233,1.511128799595543,-12.133664584356787
2015-06-01,TDOU,-23.08,30.384,630.2,2015,6,1,152,0.01567288941745,15.67288941745,0.0157162633529479,15.716263352947902,0.0147875,14.7875,14.7875,14.7875,14.7875,15.67288941745,15.67288941745,15.67288941745,15.716263352947902,15.716263352947902,15.716263352947902,24.812402226136264,-12.632663677429209,3.4931508687429442,-9.139512808686264,23.886000001595505,-11.985131264207121,3.8153946155595193,-8.169736648647604,24.11628459068478,-13.803479460993886,4.474694870309104,-9.328784590684782
2015-06-02,TDOU,-23.08,30.384,630.2,2015,6,2,153,0.0180215130333448,18.0215130333448,0.0181055529436762,18.1055529436762,0.0183916666666666,18.3916666666666,18.3916666666666,18.3916666666666,18.3916666666666,18.0215130333448,18.0215130333448,18.0215130333448,18.1055529436762,18.1055529436762,18.1055529436762,24.80701126416458,-10.452946936971632,3.667448706151852,-6.78549823081978,23.880245947602,-9.80904055466728,4.034347550741483,-5.7746930039257975,24.1117532812265,-10.263384931516113,4.543298316956218,-5.7200866145598965
2015-06-03,TDOU,-23.08,30.384,630.2,2015,6,3,154,0.0245022114893607,24.5022114893607,0.0221031729693624,22.1031729693624,0.0245708333333333,24.570833333333297,13.4791666666666,24.570833333333297,24.570833333333297,15.67288941745,24.5022114893607,24.5022114893607,22.1031729693624,22.1031729693624,22.1031729693624,24.80161496967291,-9.446162088489556,0.31743653626664425,-9.128725552222912,23.8744864418961,-5.654646470875143,3.8833329983414444,-1.7713134725336985,24.10721658746957,-11.677565433106594,1.0495155123036248,-10.628049920802969
2015-06-04,TDOU,-23.08,30.384,630.2,2015,6,4,155,0.0161309792733988,16.1309792733988,0.0156373780655522,15.6373780655522,0.0134791666666666,13.4791666666666,13.4791666666666,13.4791666666666,13.4791666666666,16.1309792733988,16.1309792733988,16.1309792733988,15.6373780655522,15.6373780655522,15.6373780655522,24.796213271911583,-6.881124475481567,-1.7841095230312156,-8.665233998512782,23.86872141588906,-6.333619884180125,-1.8977234661567337,-8.231343350336859,24.102674455514393,-8.817851130979632,-1.805656657868159,-10.623507788847792
2015-06-05,TDOU,-23.08,30.384,630.2,2015,6,5,156,0.0100592022391506,10.0592022391506,0.0102528329414711,10.2528329414711,0.0109666666666666,10.9666666666666,10.9666666666666,10.9666666666666,10.9666666666666,10.0592022391506,10.0592022391506,10.0592022391506,10.2528329414711,10.2528329414711,10.2528329414711,24.790806099203262,-11.021369745838824,-3.7102341142138364,-14.731603860052662,23.862950797554486,-11.381901256819134,-2.228216599264254,-13.610117856083386,24.09812682994026,-10.962418083365813,-2.1690420799078467,-13.13146016327366
2015-06-06,TDOU,-23.08,30.384,630.2,2015,6,6,157,0.0117624962308665,11.7624962308665,0.0109849228081993,10.9849228081993,0.0112583333333333,11.2583333333333,11.2583333333333,11.2583333333333,11.2583333333333,11.7624962308665,11.7624962308665,11.7624962308665,10.9849228081993,10.9849228081993,10.9849228081993,24.785393381380796,-10.448361001615652,-2.5745361488986447,-13.022897150514297,23.857174515512188,-8.859144954638946,-4.0131067526739415,-12.872251707312888,24.093573656517016,-9.534167493491902,-3.3010728296918117,-12.835240323183715
2015-06-07,TDOU,-23.08,30.384,630.2,2015,6,7,158,0.013471541840812,13.471541840812,0.013886892805982,13.886892805982,0.0132916666666666,13.2916666666666,13.2916666666666,13.2916666666666,13.2916666666666,13.471541840812,13.471541840812,13.471541840812,13.886892805982,13.886892805982,13.886892805982,24.779975051277184,-7.658773462631055,-3.6496597478341286,-11.308433210465184,23.85139250057223,-8.139635050879313,-1.8248646437109173,-9.96449969459023,24.089014883200687,-8.390745621206465,-2.406602595327623,-10.797348216534086
2015-06-08,TDOU,-23.08,30.384,630.2,2015,6,8,159,0.0116048166454129,11.6048166454129,0.0120109202438327,12.0109202438327,0.0118333333333333,11.8333333333333,11.8333333333333,11.8333333333333,11.8333333333333,11.6048166454129,11.6048166454129,11.6048166454129,12.0109202438327,12.0109202438327,12.0109202438327,24.774551044571798,-10.583744079033705,-2.5859903201251946,-13.169734399158898,23.845604686599028,-10.516379373043971,-1.3183050697223564,-11.834684442766328,24.08445046083538,-10.862890757141326,-1.388226370360755,-12.25111712750208
2015-06-09,TDOU,-23.08,30.384,630.2,2015,6,9,160,0.0107654853267985,10.7654853267985,0.0107815448028197,10.7815448028197,0.01045,10.45,10.45,10.45,10.45,10.7654853267985,10.7654853267985,10.7654853267985,10.7815448028197,10.7815448028197,10.7815448028197,24.769121300176135,-15.669841126432654,1.6662051530550208,-14.003635973377635,23.839811009375115,-14.910768392755024,1.8525021861996116,-13.058266206555414,24.079880342647744,-15.438659741415949,1.8087793987682055,-13.629880342647745
2015-06-10,TDOU,-23.08,30.384,630.2,2015,6,10,161,0.0131272595709544,13.1272595709544,0.01162715685825,11.62715685825,0.0115958333333333,11.5958333333333,11.5958333333333,11.5958333333333,11.5958333333333,13.1272595709544,13.1272595709544,13.1272595709544,11.62715685825,11.62715685825,11.62715685825,24.763685759032754,-12.199883419191583,0.5634572311132295,-11.636426188078353,23.834011405332845,-12.098142256214548,-0.10871229086829715,-12.206854547082845,24.075304482842565,-13.234467052849546,0.75499590334028,-12.479471149509266
2015-06-11,TDOU,-23.08,30.384,630.2,2015,6,11,162,0.015468533756632,15.468533756632,0.0142114591664708,14.2114591664708,0.0144875,14.4875,14.4875,14.4875,14.4875,15.468533756632,15.468533756632,15.468533756632,14.2114591664708,14.2114591664708,14.2114591664708,24.758244361056754,-11.725482494269187,2.435771889844432,-9.289710604424753,23.82820580945838,-11.496874117665028,1.880127474677444,-9.616746642987582,24.070722834247434,-11.557190489800231,1.9739676555527979,-9.583222834247433
2015-06-12,TDOU,-23.08,30.384,630.2,2015,6,12,163,0.0174332301291254,17.4332301291254,0.0183047734739683,18.3047734739683,0.0174833333333333,17.4833333333333,17.4833333333333,17.4833333333333,17.4833333333333,17.4332301291254,17.4332301291254,17.4332301291254,18.3047734739683,18.3047734739683,18.3047734739683,24.752797044814525,-6.57305496515666,-0.7465119505324651,-7.319566915689126,23.822394155781943,-5.151946063559113,-0.3656746182545305,-5.517620681813643,24.06613534824804,-5.93568693762008,-0.6471150772946608,-6.582802014914741
2015-06-13,TDOU,-23.08,30.384,630.2,2015,6,13,164,0.0140292289447973,14.0292289447973,0.0137585576057525,13.7585576057525,0.01325,13.25,13.25,13.25,13.25,14.0292289447973,14.0292289447973,14.0292289447973,13.7585576057525,13.7585576057525,13.7585576057525,24.747343746936007,-6.493790981631864,-4.224323820506843,-10.718114802138707,23.816576376668333,-6.355536479697271,-3.702482291218562,-10.058018770915833,24.061541974553883,-6.718807181112944,-4.09273479344094,-10.811541974553883
2015-06-14,TDOU,-23.08,30.384,630.2,2015,6,14,165,0.0090442764395761,9.0442764395761,0.0092108983550283,9.2108983550283,0.0084958333333333,8.4958333333333,8.4958333333333,8.4958333333333,8.4958333333333,9.0442764395761,9.0442764395761,9.0442764395761,9.2108983550283,9.2108983550283,9.2108983550283,24.741884404688214,-10.507322928455086,-5.190285036657031,-15.697607965112114,23.810752404685918,-7.625096966428338,-6.974757083229278,-14.599854049657617,24.05694266349092,-10.140498135318078,-5.420611194839541,-15.561109330157619
2015-06-15,TDOU,-23.08,30.384,630.2,2015,6,15,166,0.005770636358139,5.770636358139,0.0063628734241942,6.3628734241942,0.0062041666666666,6.2041666666666,6.2041666666666,6.2041666666666,6.2041666666666,5.770636358139,5.770636358139,5.770636358139,6.3628734241942,6.3628734241942,6.3628734241942,24.736418959002464,-15.912832484323147,-3.052950116540316,-18.965782600863463,23.804922175669972,-12.56656459573463,-4.875484155741141,-17.442048751475774,24.052337368973355,-13.131620574476887,-4.716550127829869,-17.848170702306753
2015-06-16,TDOU,-23.08,30.384,630.2,2015,6,16,167,0.00493366487163,4.93366487163,0.0054162739181459,5.4162739181459,0.0053999999999999,5.3999999999999,5.3999999999999,5.3999999999999,5.3999999999999,4.93366487163,4.93366487163,4.93366487163,5.4162739181459,5.4162739181459,5.4162739181459,24.730947355293903,-17.875725580703026,-1.9215569029608766,-19.797282483663903,23.79908563043559,-16.42775970844215,-1.9550520038475412,-18.38281171228969,24.04772604968684,-16.48369509713659,-2.164030952550352,-18.64772604968694
2015-06-17,TDOU,-23.08,30.384,630.2,2015,6,17,168,0.0061048991300466,6.1048991300466,0.0051454752548247,5.145475254824699,0.0051375,5.137499999999999,5.137499999999999,5.137499999999999,5.137499999999999,6.1048991300466,6.1048991300466,6.1048991300466,5.145475254824699,5.145475254824699,5.145475254824699,24.725469542388613,-16.994272115911375,-1.6262982964306367,-18.620570412342012,23.793242714163455,-17.615774116049455,-1.031993343289301,-18.647767459338755,24.043108668690753,-17.963374700886714,-0.9422339678040395,-18.905608668690753
2015-06-18,TDOU,-23.08,30.384,630.2,2015,6,18,169,0.0089220917996761,8.9220917996761,0.0085943636040904,8.5943636040904,0.0090875,9.0875,9.0875,9.0875,9.0875,8.9220917996761,8.9220917996761,8.9220917996761,8.5943636040904,8.5943636040904,8.5943636040904,24.719985471509588,-12.331720461401193,-3.466173210432295,-15.797893671833489,23.78739337443129,-12.498982187036592,-2.6940475833042967,-15.193029770340889,24.03848519171373,-12.614430236261418,-2.3365549554523106,-14.950985191713729
2015-06-19,TDOU,-23.08,30.384,630.2,2015,6,19,170,0.012740688541499,12.740688541499,0.0102435844859309,10.2435844859309,0.0108541666666666,10.8541666666666,10.8541666666666,10.8541666666666,10.8541666666666,12.740688541499,12.740688541499,12.740688541499,10.2435844859309,10.2435844859309,10.2435844859309,24.714495096239684,-13.212918435393965,1.2391118806532795,-11.973806554740683,23.78153756044981,-11.8608274468675,-1.6771256276514102,-13.53795307451891,24.033855586196413,-12.160820630357348,-1.0188682891724632,-13.179688919529813
2015-06-20,TDOU,-23.08,30.384,630.2,2015,6,20,171,0.0177666331466325,17.7666331466325,0.0158139786165698,15.813978616569802,0.0161083333333333,16.108333333333302,16.108333333333302,16.108333333333302,16.108333333333302,17.7666331466325,17.7666331466325,17.7666331466325,15.813978616569802,15.813978616569802,15.813978616569802,24.708998372908063,-9.683522995523143,2.741157769247579,-6.942365226275562,23.775675223964345,-9.979626159389197,2.0179295519946514,-7.961696607394543,24.029219821900785,-10.109511229500699,2.188624740933218,-7.920886488567483
2015-06-21,TDOU,-23.08,30.384,630.2,2015,6,21,172,0.0151039855786193,15.1039855786193,0.0145028494941571,14.5028494941571,0.0135,13.5,13.5,13.5,13.5,15.1039855786193,15.1039855786193,15.1039855786193,14.5028494941571,14.5028494941571,14.5028494941571,24.703495257239958,-11.417354022124496,1.817844343503836,-9.599509678620658,23.769806318197013,-11.851721435290544,2.584764611250634,-9.266956824039912,24.02457786964672,-11.851656362896689,1.3270784932499708,-10.52457786964672
2015-06-22,TDOU,-23.08,30.384,630.2,2015,6,22,173,0.0130427460451258,13.0427460451258,0.011942549174968,11.942549174968,0.01215,12.15,12.15,12.15,12.15,13.0427460451258,13.0427460451258,13.0427460451258,11.942549174968,11.942549174968,11.942549174968,24.697985702555716,-12.107123127123893,0.4518834696939784,-11.655239657429917,23.76393079477474,-12.213109015880026,0.39172739607328566,-11.82138161980674,24.019929698806955,-12.616235485717247,0.7463057869102911,-11.869929698806954
2015-06-23,TDOU,-23.08,30.384,630.2,2015,6,23,174,0.0106886524003151,10.6886524003151,0.0103079682315615,10.3079682315615,0.01075,10.75,10.75,10.75,10.75,10.6886524003151,10.6886524003151,10.6886524003151,10.3079682315615,10.3079682315615,10.3079682315615,24.6924696603621,-11.854995357477751,-2.1488219025692494,-14.003817260047,23.758048602994585,-12.133788004032116,-1.316292367400969,-13.450080371433085,24.015275277412073,-12.264001960776023,-1.001273316636052,-13.265275277412073
2015-06-25,TDOU,-23.08,30.384,630.2,2015,6,25,176,0.0159383437608955,15.9383437608955,0.0095199971280947,9.5199971280947,0.0110375,11.0375,11.0375,11.0375,11.0375,15.9383437608955,15.9383437608955,15.9383437608955,9.5199971280947,9.5199971280947,9.5199971280947,24.681417920956882,-9.90142058859486,1.158346428533477,-8.743074160061383,23.74626401086811,-13.322779627982214,-0.9034872547911945,-14.22626688277341,24.005947554105667,-13.04386371984092,0.0754161657352519,-12.968447554105667
2015-06-26,TDOU,-23.08,30.384,630.2,2015,6,26,177,0.0205178535623633,20.5178535623633,0.0187777549105731,18.7777549105731,0.0196,19.6,19.6,19.6,19.6,20.5178535623633,20.5178535623633,20.5178535623633,18.7777549105731,18.7777549105731,18.7777549105731,24.675882131990438,-6.42594551195083,2.2679169423236907,-4.158028569627138,23.740361512483634,-7.960191517678067,2.9975849157675327,-4.962606601910533,24.00127418855293,-7.4946890389575165,3.0934148504045886,-4.401274188552929
2015-06-27,TDOU,-23.08,30.384,630.2,2015,6,27,178,0.022249330528172,22.249330528172,0.0213902628567317,21.3902628567317,0.0220041666666666,22.0041666666666,22.0041666666666,22.0041666666666,22.0041666666666,22.249330528172,22.249330528172,22.249330528172,21.3902628567317,21.3902628567317,21.3902628567317,24.670339669174624,-1.0269147606111804,-1.3940943803914436,-2.4210091410026244,23.73445214895687,-2.476760117772476,0.1325708255473046,-2.3441892922251704,23.99659444391679,-5.411049978184559,3.418622200934365,-1.9924277772501924
2015-06-28,TDOU,-23.08,30.384,630.2,2015,6,28,179,0.0190464823731291,19.046482373129106,0.018307583223564,18.307583223564,0.0195791666666666,19.5791666666666,19.5791666666666,19.5791666666666,19.5791666666666,19.046482373129106,19.046482373129106,19.046482373129106,18.307583223564,18.307583223564,18.307583223564,24.664790485095118,-7.336548352464795,1.7182402404987833,-5.618308111966012,23.72853587078905,-6.385325976728282,0.964373329503232,-5.42095264722505,23.99190828500059,-4.708506530494892,0.29576491216090517,-4.412741618333989
2015-06-29,TDOU,-23.08,30.384,630.2,2015,6,29,180,0.0175651435797509,17.5651435797509,0.015442472427562,15.442472427562,0.0174374999999999,17.4374999999999,17.4374999999999,17.4374999999999,17.4374999999999,17.5651435797509,17.5651435797509,17.5651435797509,15.442472427562,15.442472427562,15.442472427562,24.659234532905142,-10.144468434142594,3.050377480988349,-7.094090953154243,23.722612627739228,-9.720070548118713,1.4399303479414876,-8.280140200177227,23.987215673650294,-7.673692752813899,1.123977079163506,-6.549715673650393
2015-06-30,TDOU,-23.08,30.384,630.2,2015,6,30,181,0.0203425409227811,20.3425409227811,0.0193306481416041,19.330648141604097,0.0208041666666666,20.8041666666666,17.8416666666666,20.8041666666666,20.8041666666666,20.3425409227811,20.3425409227811,20.3425409227811,19.330648141604097,19.330648141604097,19.330648141604097,24.65367176434672,-7.301729894634411,2.9905990530687916,-4.3111308415656175,23.71668236860041,-7.10024710371209,2.714212876715777,-4.386034226996312,23.982516570771235,-9.202435079738812,3.0615851756341783,-6.140849904104634
2015-07-01,TDOU,-23.08,30.384,630.2,2015,7,1,182,0.0164567459898494,16.4567459898494,0.0176602218133801,17.6602218133801,0.0178416666666666,17.8416666666666,17.8416666666666,17.8416666666666,17.8416666666666,16.4567459898494,16.4567459898494,16.4567459898494,17.6602218133801,17.6602218133801,17.6602218133801,24.648102128154182,-10.414452920293604,2.2230967819888185,-8.191356138304783,23.710745040407215,-8.575251121252712,2.524727894225599,-6.050523227027114,23.977810935876892,-8.738733033676402,2.602588764466109,-6.136144269210291
2015-07-02,TDOU,-23.08,30.384,630.2,2015,7,2,183,0.0160752759030577,16.0752759030577,0.0166931064816114,16.693106481611398,0.0177125,17.7125,17.7125,17.7125,17.7125,16.0752759030577,16.0752759030577,16.0752759030577,16.693106481611398,16.693106481611398,16.693106481611398,24.642525569918718,-11.146928234757858,2.579678567896842,-8.567249666861017,23.704800587387243,-9.202348503269866,2.1906543974940185,-7.011694105775845,23.973098725547747,-9.371781369606525,3.1111826440587755,-6.260598725547748
2015-07-03,TDOU,-23.08,30.384,630.2,2015,7,3,184,0.0146950027022417,14.6950027022417,0.0151114816563573,15.1114816563573,0.0155166666666666,15.5166666666666,15.5166666666666,15.5166666666666,15.5166666666666,14.6950027022417,14.6950027022417,14.6950027022417,15.1114816563573,15.1114816563573,15.1114816563573,24.63694203250142,-9.636918294243092,-0.30502103601662967,-9.94193933025972,23.698848950855687,-8.81385872674593,0.22649143224754553,-8.587367294498387,23.968379893231702,-8.1856269818795,-0.26608624468560294,-8.451713226565102
2015-07-04,TDOU,-23.08,30.384,630.2,2015,7,4,185,0.011074530039337,11.074530039337,0.0123408030569444,12.3408030569444,0.0119041666666666,11.9041666666666,11.9041666666666,11.9041666666666,11.9041666666666,11.074530039337,11.074530039337,11.074530039337,12.3408030569444,12.3408030569444,12.3408030569444,24.631351456415587,-13.075548176089384,-0.48127324098920354,-13.556821417078586,23.692890069815206,-11.254242602619943,-0.09784441025086466,-11.352087012870806,23.963654389548633,-11.914146186615374,-0.1453415362666597,-12.059487722882034
2015-07-05,TDOU,-23.08,30.384,630.2,2015,7,5,186,0.0101388142377779,10.1388142377779,0.0103159185785658,10.3159185785658,0.0105166666666666,10.5166666666666,10.5166666666666,10.5166666666666,10.5166666666666,10.1388142377779,10.1388142377779,10.1388142377779,10.3159185785658,10.3159185785658,10.3159185785658,24.625753782033637,-16.228675357284548,1.7417358130288108,-14.486939544255737,23.686923882593753,-15.154078848092718,1.783073544064763,-13.371005304027953,23.958922164718686,-15.331158105589587,1.8889026075375028,-13.442255498052086
2015-07-06,TDOU,-23.08,30.384,630.2,2015,7,6,187,0.0124521978487182,12.4521978487182,0.0107089609844389,10.7089609844389,0.0114291666666666,11.4291666666666,11.4291666666666,11.4291666666666,11.4291666666666,12.4521978487182,12.4521978487182,12.4521978487182,10.7089609844389,10.7089609844389,10.7089609844389,24.620148949861957,-14.498544615141633,2.3305935139978757,-12.167951101143757,23.68095032711848,-15.236445444239438,2.2644561015598583,-12.971989342679581,23.954183168711825,-15.308785507226045,2.783769005180819,-12.525016502045226
2015-07-07,TDOU,-23.08,30.384,630.2,2015,7,7,188,0.0200286419196595,20.028641919659503,0.0192570878129373,19.2570878129373,0.0200708333333333,20.0708333333333,20.0708333333333,20.0708333333333,20.0708333333333,20.028641919659503,20.028641919659503,20.028641919659503,19.2570878129373,19.2570878129373,19.2570878129373,24.614536898653494,-9.059902232104115,4.474007253110123,-4.585894978993991,23.67496933936226,-8.899338071454604,4.481456545029644,-4.41788152642496,23.949437349417785,-7.76407443702371,3.8854704209392246,-3.878604016084484
2015-07-08,TDOU,-23.08,30.384,630.2,2015,7,8,189,0.0158904332347415,15.8904332347415,0.0166978537817198,16.6978537817198,0.016575,16.575,16.575,16.575,16.575,15.8904332347415,15.8904332347415,15.8904332347415,16.6978537817198,16.6978537817198,16.6978537817198,24.608917564116904,-9.187769925413217,0.46928559603781395,-8.718484329375404,23.66898085218379,-8.593805356787529,1.6226782863235378,-6.971127070463989,23.94468465134198,-8.378510201545273,1.0088255502032908,-7.369684651341981
2015-07-09,TDOU,-23.08,30.384,630.2,2015,7,9,190,0.015767736336195,15.767736336195,0.014164477162198,14.164477162198,0.0148583333333333,14.8583333333333,14.8583333333333,14.8583333333333,14.8583333333333,15.767736336195,15.767736336195,15.767736336195,14.164477162198,14.164477162198,14.164477162198,24.603290878071576,-10.983019082217007,2.1474645403404296,-8.835554541876576,23.66298479419443,-11.002478646120197,1.5039710141237705,-9.498507631996429,23.93992501515594,-10.84348893722868,1.7618972554060406,-9.081591681822639
2015-07-10,TDOU,-23.08,30.384,630.2,2015,7,10,191,0.0172391931241905,17.2391931241905,0.0163294781915193,16.3294781915193,0.0169333333333333,16.9333333333333,16.9333333333333,16.9333333333333,16.9333333333333,17.2391931241905,17.2391931241905,17.2391931241905,16.3294781915193,16.3294781915193,16.3294781915193,24.597656770535494,-7.465359911731774,0.10689626538677999,-7.358463646344994,23.656981091262697,-7.96619622346714,0.6386933237237429,-7.327502899743397,23.935158379363447,-7.68577503625653,0.6839499902263846,-7.001825046030145
2015-07-11,TDOU,-23.08,30.384,630.2,2015,7,11,192,0.0145276053440602,14.5276053440602,0.0145199044770343,14.5199044770343,0.0143541666666666,14.3541666666666,14.3541666666666,14.3541666666666,14.3541666666666,14.5276053440602,14.5276053440602,14.5276053440602,14.5199044770343,14.5199044770343,14.5199044770343,24.59201516945428,-10.221587455214284,0.15717762982020034,-10.064409825394081,23.6509696672136,-8.09157102127375,-1.0394941689055486,-9.131065190179301,23.93038468038763,-8.713974336137772,-0.8622436775832547,-9.576218013721029
2015-07-12,TDOU,-23.08,30.384,630.2,2015,7,12,193,0.0101601756408041,10.1601756408041,0.0111907142582764,11.1907142582764,0.0108541666666666,10.8541666666666,10.8541666666666,10.8541666666666,10.8541666666666,10.1601756408041,10.1601756408041,10.1601756408041,11.1907142582764,11.1907142582764,11.1907142582764,24.58636600198419,-12.612144706632431,-1.8140456545476553,-14.426190361180089,23.644950444879267,-10.763268287928891,-1.6909678986739785,-12.454236186602868,23.925603853578547,-11.935511005446283,-1.1359261814656634,-13.071437186911947
2015-07-13,TDOU,-23.08,30.384,630.2,2015,7,13,194,0.0126639036095946,12.6639036095946,0.0097365106377113,9.736510637711302,0.0112458333333333,11.2458333333333,11.2458333333333,11.2458333333333,11.2458333333333,12.6639036095946,12.6639036095946,12.6639036095946,9.736510637711302,9.736510637711302,9.736510637711302,24.58070919527685,-11.830324281233343,-0.08648130444890612,-11.91680558568225,23.638923347826793,-13.352869189175749,-0.5495435209397428,-13.902412710115492,23.920815834784673,-12.836522800103769,0.16154029865239394,-12.674982501451373
2015-07-14,TDOU,-23.08,30.384,630.2,2015,7,14,195,0.0168268461000116,16.8268461000116,0.016412246866875,16.412246866875,0.0169833333333333,16.983333333333302,16.983333333333302,16.983333333333302,16.983333333333302,16.8268461000116,16.8268461000116,16.8268461000116,16.412246866875,16.412246866875,16.412246866875,24.5750446777889,-8.420327128510474,0.6721285507331736,-7.748198577777298,23.632888301057843,-8.294982508544587,1.0743410743617439,-7.220641434182841,23.91602056066852,-8.337207864188576,1.4045206368533556,-6.932687227335219
2015-07-15,TDOU,-23.08,30.384,630.2,2015,7,15,196,0.0127714817103585,12.7714817103585,0.0136292611867833,13.6292611867833,0.013025,13.025,13.025,13.025,13.025,12.7714817103585,12.7714817103585,12.7714817103585,13.6292611867833,13.6292611867833,13.6292611867833,24.569372378125458,-10.909343398856082,-0.8885472689108767,-11.797890667766957,23.62684522989846,-10.558731137718985,0.5611470946038217,-9.997584043115161,23.911217967436112,-11.168303140639173,0.28208517320306115,-10.886217967436112
2015-07-16,TDOU,-23.08,30.384,630.2,2015,7,16,197,0.010312723313078,10.312723313078,0.009348997291017,9.348997291017,0.0102166666666666,10.2166666666666,10.2166666666666,10.2166666666666,10.2166666666666,10.312723313078,10.312723313078,10.312723313078,9.348997291017,9.348997291017,9.348997291017,24.56369222436687,-13.25307634718931,-0.997892564099562,-14.250968911288872,23.620794058492688,-13.805280753535841,-0.46651601393984876,-14.271796767475688,23.906407989740302,-13.44644995363771,-0.24329136943599394,-13.689741323073703
2015-07-17,TDOU,-23.08,30.384,630.2,2015,7,17,198,0.0085608040615967,8.5608040615967,0.010481149071489,10.481149071489002,0.0091458333333333,9.145833333333298,9.145833333333298,9.145833333333298,9.145833333333298,8.5608040615967,8.5608040615967,8.5608040615967,10.481149071489002,10.481149071489002,10.481149071489002,24.558004145289246,-15.852406559324566,-0.1447935243679801,-15.997200083692546,23.614734710094258,-14.473790798895472,1.340205160290214,-13.133585638605256,23.9015905614544,-16.231789162451385,1.4760319343302832,-14.755757228121103
2015-07-18,TDOU,-23.08,30.384,630.2,2015,7,18,199,0.0081218772578318,8.1218772578318,0.0063488586852933,6.3488586852933,0.0075583333333333,7.5583333333333,7.5583333333333,7.5583333333333,7.5583333333333,8.1218772578318,8.1218772578318,8.1218772578318,6.3488586852933,6.3488586852933,6.3488586852933,24.552308070653282,-13.357056871509158,-3.073373941312326,-16.430430812821484,23.608667107674176,-14.897928091880553,-2.3618803305003233,-17.259808422380875,23.896765615993242,-14.168784860152307,-2.1696474225076336,-16.338432282659944
2015-07-19,TDOU,-23.08,30.384,630.2,2015,7,19,200,0.0149270810469517,14.9270810469517,0.0136492136475819,13.6492136475819,0.0148458333333333,14.8458333333333,14.8458333333333,14.8458333333333,14.8458333333333,14.9270810469517,14.9270810469517,14.9270810469517,13.6492136475819,13.6492136475819,13.6492136475819,24.54660393112902,-6.985267247815739,-2.63425563636158,-9.61952288417732,23.60259117337078,-7.069069265690228,-2.8843082600986527,-9.953377525788879,23.891933085720176,-9.720689301988868,0.6745895496019898,-9.046099752386876
2015-07-20,TDOU,-23.08,30.384,630.2,2015,7,20,201,0.0149759899530766,14.9759899530766,0.0144672078723776,14.4672078723776,0.0133,13.3,13.3,13.3,13.3,14.9759899530766,14.9759899530766,14.9759899530766,14.4672078723776,14.4672078723776,14.4672078723776,24.54089166051132,-9.594359711922626,0.02945800448790692,-9.564901707434721,23.596506831380605,-9.211823034942391,0.08252407593938571,-9.129298959003005,23.88709290408389,-10.561440337306479,-0.025652566777409902,-10.587092904083889
2015-07-21,TDOU,-23.08,30.384,630.2,2015,7,21,202,0.0132523305049622,13.2523305049622,0.0118101241749396,11.8101241749396,0.0125208333333333,12.5208333333333,12.5208333333333,12.5208333333333,12.5208333333333,13.2523305049622,13.2523305049622,13.2523305049622,11.8101241749396,11.8101241749396,11.8101241749396,24.535171195554014,-11.220382118501528,-0.06245857209028571,-11.282840690591813,23.59041400863042,-11.337624400088396,-0.44266543360242494,-11.780289833690821,23.88224500415376,-11.616481985181037,0.25507031436058014,-11.361411670820459
2015-07-22,TDOU,-23.08,30.384,630.2,2015,7,22,203,0.0158805430070617,15.880543007061698,0.0145764163910124,14.5764163910124,0.0155,15.5,15.5,15.5,15.5,15.880543007061698,15.880543007061698,15.880543007061698,14.5764163910124,14.5764163910124,14.5764163910124,24.529442473725066,-9.048354989348024,0.3994555226846579,-8.648899466663368,23.584312632579696,-9.449847773473154,0.44195153190585756,-9.007896241567297,23.87738931856542,-8.966951801585342,0.5895624830199218,-8.37738931856542
2015-07-23,TDOU,-23.08,30.384,630.2,2015,7,23,204,0.0192867584161853,19.2867584161853,0.0186399791363476,18.6399791363476,0.0195833333333333,19.5833333333333,19.5833333333333,19.5833333333333,19.5833333333333,19.2867584161853,19.2867584161853,19.2867584161853,18.6399791363476,18.6399791363476,18.6399791363476,24.52370543264496,-7.773481143921616,2.5365341274619553,-5.236947016459659,23.578202630894964,-7.874726885247659,2.9365033907002953,-4.9382234945473655,23.87252577935461,-6.263683718244479,1.974491272223169,-4.2891924460213104
2015-07-24,TDOU,-23.08,30.384,630.2,2015,7,24,205,0.022318693734515,22.318693734515,0.0223802686944144,22.3802686944144,0.0240041666666666,24.0041666666666,24.0041666666666,24.0041666666666,24.0041666666666,22.318693734515,22.318693734515,22.318693734515,22.3802686944144,22.3802686944144,22.3802686944144,24.517960009240532,-3.5936290524289363,1.3943627777034067,-2.199266274725531,23.572083930260852,0.8022270930816195,-1.9940423289280709,-1.1918152358464518,23.867654317288206,2.3363804310291205,-2.1998680816507274,0.13651234937839263
2015-07-25,TDOU,-23.08,30.384,630.2,2015,7,25,206,0.0174653354277551,17.4653354277551,0.022384281108992,22.384281108992,0.020225,20.225,20.225,20.225,20.225,17.4653354277551,17.4653354277551,17.4653354277551,22.384281108992,22.384281108992,22.384281108992,24.5122061380031,-4.6420372536976755,-2.4048334565503247,-7.046870710248001,23.565956455103333,-1.4537961535384873,0.2721208074271537,-1.1816753461113336,23.862774861468075,-3.5609217509766045,-0.07685311049147003,-3.637774861468074
2015-07-26,TDOU,-23.08,30.384,630.2,2015,7,26,207,0.0069858751139263,6.9858751139263,0.0067111827547624,6.7111827547624,0.0058208333333333,5.8208333333333,5.8208333333333,5.8208333333333,5.8208333333333,6.9858751139263,6.9858751139263,6.9858751139263,6.7111827547624,6.7111827547624,6.7111827547624,24.506443752270602,-8.030074336572739,-9.490494301771564,-17.5205686383443,23.559820130829838,-7.885570533187922,-8.963066842879517,-16.848637376067437,23.857887342229475,-6.671662109626899,-11.365391899269277,-18.037054008896174
2015-07-27,TDOU,-23.08,30.384,630.2,2015,7,27,208,0.0121444487413946,12.1444487413946,0.0114927204697466,11.4927204697466,0.0113208333333333,11.3208333333333,11.3208333333333,11.3208333333333,11.3208333333333,12.1444487413946,12.1444487413946,12.1444487413946,11.4927204697466,11.4927204697466,11.4927204697466,24.500672788457763,-3.258850689627204,-9.09737335743596,-12.356224047063163,23.553674884158557,-3.551499657859772,-8.509454756552186,-12.060954414411958,23.8529916912424,-4.2579132454234125,-8.274245112485687,-12.5321583579091
2015-07-28,TDOU,-23.08,30.384,630.2,2015,7,28,209,0.0102120599582588,10.2120599582588,0.0096308965814513,9.6308965814513,0.0089166666666666,8.9166666666666,8.9166666666666,8.9166666666666,8.9166666666666,10.2120599582588,10.2120599582588,10.2120599582588,9.6308965814513,9.6308965814513,9.6308965814513,24.49489318935614,-11.8455631500981,-2.437270080999241,-14.28283323109734,23.547520647652732,-9.02395948861645,-4.892664577584981,-13.916624066201432,23.848087845255183,-12.100377443118116,-2.831043735470466,-14.931421178588582
2015-07-29,TDOU,-23.08,30.384,630.2,2015,7,29,210,0.0098689252464596,9.8689252464596,0.0094107697361932,9.4107697361932,0.0090208333333333,9.020833333333298,9.020833333333298,9.020833333333298,9.020833333333298,9.8689252464596,9.8689252464596,9.8689252464596,9.4107697361932,9.4107697361932,9.4107697361932,24.489104904429418,-15.826710464071041,1.2065308061012239,-14.620179657969818,23.54135736103183,-15.353941652494285,1.223354027655656,-14.13058762483863,23.843175747350305,-15.435673875067053,0.6133314610500484,-14.822342414017006
2015-07-30,TDOU,-23.08,30.384,630.2,2015,7,30,211,0.0131955219774993,13.1955219774993,0.0135932113275063,13.5932113275063,0.0148291666666666,14.8291666666666,9.0625,14.8291666666666,14.8291666666666,10.2120599582588,13.1955219774993,13.1955219774993,9.6308965814513,13.5932113275063,13.5932113275063,24.48330788689413,-15.480893928520912,1.2096459998855806,-14.271247928635331,23.535184969310723,-14.53811921143138,0.6338308235719587,-13.904288387859424,23.838255344365827,-15.313522712803254,0.5377673684374287,-14.775755344365827
2015-08-01,TDOU,-23.08,30.384,630.2,2015,8,1,213,0.0102999671471369,10.2999671471369,0.0093347777457848,9.3347777457848,0.0090625,9.0625,9.0625,9.0625,9.0625,10.2999671471369,10.2999671471369,10.2999671471369,9.3347777457848,9.3347777457848,9.3347777457848,24.47168746580935,-13.623077609178551,-0.5486427094938975,-14.171720318672449,23.522812651548175,-13.309797312990275,-0.8782375927731003,-14.188034905763375,23.82838941118726,-14.226621908635165,-0.539267502552093,-14.76588941118726
2015-08-02,TDOU,-23.08,30.384,630.2,2015,8,2,214,0.0097812511525497,9.7812511525497,0.0106193693167086,10.6193693167086,0.0100916666666666,10.0916666666666,10.0916666666666,10.0916666666666,10.0916666666666,9.7812511525497,9.7812511525497,9.7812511525497,10.6193693167086,10.6193693167086,10.6193693167086,24.465863967312266,-12.193420318899445,-2.491192495863121,-14.684612814762566,23.516612616282682,-10.304981745919966,-2.592261553654115,-12.897243299574082,23.823443774633212,-11.903802586988519,-1.8279745209780955,-13.731777107966613
2015-08-03,TDOU,-23.08,30.384,630.2,2015,8,3,215,0.0076600698803922,7.6600698803922,0.0076966559847931,7.696655984793099,0.0079791666666666,7.979166666666599,7.979166666666599,7.979166666666599,7.979166666666599,7.6600698803922,7.6600698803922,7.6600698803922,7.696655984793099,7.696655984793099,7.696655984793099,24.4600315488934,-15.132507198510378,-1.6674544699908225,-16.7999616685012,23.51040325986844,-14.025207537675069,-1.7885397374002707,-15.81374727507534,23.818489621918207,-14.781293519756748,-1.0580294354948627,-15.839322955251609
2015-08-04,TDOU,-23.08,30.384,630.2,2015,8,4,216,0.0060919630686918,6.0919630686918005,0.0070420297155527,7.0420297155527,0.0068499999999999,6.849999999999899,6.849999999999899,6.849999999999899,6.849999999999899,9.7812511525497,6.0919630686918005,6.0919630686918005,7.0420297155527,7.0420297155527,7.0420297155527,24.454190168840398,-15.41394076847894,0.7410017521882395,-14.672939016290698,23.50418453401348,-15.008237681135789,-1.4539171373249893,-16.462154818460778,23.813526903793328,-16.35015597033353,-0.6133709334598976,-16.96352690379343
2015-08-05,TDOU,-23.08,30.384,630.2,2015,8,5,217,0.0090362603332066,9.0362603332066,0.0069355388630101,6.9355388630101,0.0072499999999999,7.2499999999999,7.2499999999999,7.2499999999999,7.2499999999999,9.0362603332066,9.0362603332066,9.0362603332066,6.9355388630101,6.9355388630101,6.9355388630101,24.44833978851118,-16.95122192652664,1.5391424712220605,-15.41207945530458,23.49795639403201,-17.63022241890618,1.0678048878842716,-16.562417531021907,23.808555573170366,-18.023782016844983,1.465226443674517,-16.558555573170466
2015-08-06,TDOU,-23.08,30.384,630.2,2015,8,6,218,0.0119075362876686,11.9075362876686,0.0115001588148506,11.5001588148506,0.0110166666666666,11.0166666666666,11.0166666666666,11.0166666666666,11.0166666666666,11.9075362876686,11.9075362876686,11.9075362876686,11.5001588148506,11.5001588148506,11.5001588148506,24.442480369703553,-13.841593618569691,1.3066495365347386,-12.534944082034952,23.491718797882953,-13.80017550164323,1.8086155186108783,-11.991559983032353,23.803575584099107,-14.682421635444202,1.8955127180116946,-12.786908917432507
2015-08-07,TDOU,-23.08,30.384,630.2,2015,8,7,219,0.0104092285844912,10.4092285844912,0.0098078612324375,9.8078612324375,0.0101625,10.1625,10.1625,10.1625,10.1625,10.4092285844912,10.4092285844912,10.4092285844912,9.8078612324375,9.8078612324375,9.8078612324375,24.436611873354035,-14.930399370189113,0.9030160813262746,-14.027383288862836,23.485471703533154,-14.619711899196213,0.9421014281005604,-13.677610471095655,23.798586889573762,-15.028664704346438,1.3925778147726753,-13.636086889573763
2015-08-08,TDOU,-23.08,30.384,630.2,2015,8,8,220,0.0098779893676782,9.8779893676782,0.009450178038704,9.450178038704,0.0091666666666666,9.1666666666666,9.1666666666666,9.1666666666666,9.1666666666666,9.8779893676782,9.8779893676782,9.8779893676782,9.450178038704,9.450178038704,9.450178038704,24.4307342596409,-15.462564682776287,0.9098197908135859,-14.5527448919627,23.479215067832538,-14.33714636588004,0.3081093367515031,-14.029037029128538,23.793589440701552,-15.33844032038202,0.7115175463470678,-14.626922774034952
2015-08-09,TDOU,-23.08,30.384,630.2,2015,8,9,221,0.0075923363422921,7.5923363422921,0.0076914595925187,7.6914595925187,0.0076541666666666,7.6541666666666,7.6541666666666,7.6541666666666,7.6541666666666,7.5923363422921,7.5923363422921,7.5923363422921,7.6914595925187,7.6914595925187,7.6914595925187,24.424847488419495,-16.13825129761056,-0.6942598485168361,-16.832511146127395,23.472948847306544,-16.750364069073694,0.9688748142858508,-15.781489254787843,23.78858318718754,-16.815754855494607,0.6813383349736668,-16.13441652052094
2015-08-10,TDOU,-23.08,30.384,630.2,2015,8,10,222,0.0145020176263543,14.5020176263543,0.0143843578234282,14.3843578234282,0.0147125,14.7125,14.7125,14.7125,14.7125,14.5020176263543,14.5020176263543,14.5020176263543,14.3843578234282,14.3843578234282,14.3843578234282,24.418951519725482,-9.985282669768594,0.06834877639741421,-9.916933893371182,23.466672998844754,-11.090036035091703,2.0077208596751497,-9.082315175416554,23.78356807809868,-9.9485192117106,0.877451133611924,-9.071068078098678
2015-08-11,TDOU,-23.08,30.384,630.2,2015,8,11,223,0.0201301692132561,20.1301692132561,0.0189670627709648,18.9670627709648,0.018625,18.625,18.625,18.625,18.625,14.3187405399631,20.1301692132561,20.1301692132561,18.9670627709648,18.9670627709648,18.9670627709648,24.413046315253663,-10.717470161757278,0.6231643864667156,-10.094305775290563,23.46038747895677,-6.926847739313017,2.4335230313210516,-4.493324707991967,23.77854406200479,-4.822273565544278,-0.33127049646051177,-5.153544062004791
2015-08-12,TDOU,-23.08,30.384,630.2,2015,8,12,224,0.0192464470593388,19.2464470593388,0.0186312138641656,18.6312138641656,0.0182875,18.2875,18.2875,18.2875,18.2875,19.2464470593388,19.2464470593388,19.2464470593388,18.6312138641656,18.6312138641656,18.6312138641656,24.40713183791164,-7.614963817778502,2.4542790392056624,-5.16068477857284,23.454092242456955,-5.231005487643702,0.4081271093523462,-4.822878378291357,23.773511087092203,-4.924468867971759,-0.5615422191204402,-5.486011087092201
2015-08-13,TDOU,-23.08,30.384,630.2,2015,8,13,225,0.0143187405399631,14.3187405399631,0.0130434015052773,13.0434015052773,0.0128458333333333,12.8458333333333,12.8458333333333,12.8458333333333,12.8458333333333,14.3187405399631,14.3187405399631,14.3187405399631,13.0434015052773,13.0434015052773,13.0434015052773,24.401208050635827,-10.81692355918498,0.7344560485122535,-10.082467510672727,23.44778724222469,-10.677696291955309,0.2733105550079209,-10.404385736947388,23.76846910242561,-12.625212914898468,1.7025771458061563,-10.92263576909231
2015-08-15,TDOU,-23.08,30.384,630.2,2015,8,15,227,0.0118437927792356,11.8437927792356,0.0147490751056873,14.7490751056873,0.0137875,13.7875,13.7875,13.7875,13.7875,11.8437927792356,11.8437927792356,11.8437927792356,14.7490751056873,14.7490751056873,14.7490751056873,24.389332391717662,-11.891189026625675,-0.6543505858563883,-12.545539612482063,23.43514776263417,-9.663664007756656,0.9775913508097851,-8.68607265694687,23.758357902544237,-10.135403064883501,0.16454516233926242,-9.970857902544237
2015-08-16,TDOU,-23.08,30.384,630.2,2015,8,16,228,0.0094294971629104,9.4294971629104,0.0090046894985184,9.0046894985184,0.0092333333333333,9.2333333333333,9.2333333333333,9.2333333333333,9.2333333333333,9.4294971629104,9.4294971629104,9.4294971629104,9.0046894985184,9.0046894985184,9.0046894985184,24.38338044327231,-10.501231937783166,-4.4526513425787435,-14.953883280361909,23.42881319026346,-11.142635164403927,-3.281488527341132,-14.424123691745061,23.753288584153594,-11.045034432593292,-3.4749208182270017,-14.519955250820294
2015-08-17,TDOU,-23.08,30.384,630.2,2015,8,17,229,0.0111235652931094,11.1235652931094,0.0110205341593136,11.0205341593136,0.0112833333333333,11.2833333333333,11.2833333333333,11.2833333333333,11.2833333333333,11.1235652931094,11.1235652931094,11.1235652931094,11.0205341593136,11.0205341593136,11.0205341593136,24.37741903453482,-6.911440579020673,-6.34241316240475,-13.253853741425422,23.422468668376144,-10.102023263186025,-2.299911245876519,-12.401934509062544,23.748210051929707,-9.796791408564374,-2.6680853100320334,-12.464876718596408
2015-08-18,TDOU,-23.08,30.384,630.2,2015,8,18,230,0.0109998111292816,10.9998111292816,0.0102768967591965,10.2768967591965,0.0104833333333333,10.4833333333333,10.4833333333333,10.4833333333333,10.4833333333333,10.9998111292816,10.9998111292816,10.9998111292816,10.2768967591965,10.2768967591965,10.2768967591965,24.37144813777325,-10.789203595322986,-2.5824334131686655,-13.37163700849165,23.41611415627879,-12.185290976816791,-0.9539264202654998,-13.139217397082291,23.743122259872216,-12.094467312802102,-1.1653216137368148,-13.259788926538915
2015-08-19,TDOU,-23.08,30.384,630.2,2015,8,19,231,0.0139030709634838,13.9030709634838,0.0122767864272394,12.2767864272394,0.0136541666666666,13.6541666666666,13.6541666666666,13.6541666666666,13.6541666666666,13.9030709634838,13.9030709634838,13.9030709634838,12.2767864272394,12.2767864272394,12.2767864272394,24.365467734024705,-8.193884703947067,-2.2685120665938356,-10.462396770540904,23.40974961829698,-9.28585340262567,-1.8471097884319114,-11.13296319105758,23.738025166894136,-8.94550207474999,-1.1383564254775465,-10.083858500227537
2015-08-20,TDOU,-23.08,30.384,630.2,2015,8,20,232,0.0207061293327583,20.7061293327583,0.019738335626956,19.738335626956,0.0193958333333333,19.3958333333333,19.3958333333333,19.3958333333333,19.3958333333333,20.7061293327583,20.7061293327583,20.7061293327583,19.738335626956,19.738335626956,19.738335626956,24.359477811130795,-4.816761944879456,1.163413466506963,-3.653348478372493,23.40337502259247,-5.967582004967697,2.3025426093312262,-3.6650393956364695,23.73291873532311,-5.637334134575593,1.300248732585782,-4.33708540198981
2015-08-21,TDOU,-23.08,30.384,630.2,2015,8,21,233,0.0212530015827482,21.2530015827482,0.0211265814953986,21.1265814953986,0.0209374999999999,20.9374999999999,20.9374999999999,20.9374999999999,20.9374999999999,21.2530015827482,21.2530015827482,21.2530015827482,21.1265814953986,21.1265814953986,21.1265814953986,24.353478362145825,-2.3672179141229117,-0.7332588652747134,-3.1004767793976242,23.39699034081393,-1.7260471859101945,-0.5443616595051353,-2.2704088454153286,23.727802929970963,-1.9757801618718087,-0.814522768099252,-2.7903029299710624
2015-08-24,TDOU,-23.08,30.384,630.2,2015,8,24,236,0.0204079873463374,20.4079873463374,0.0220766750703745,22.0766750703745,0.0205125,20.5125,20.5125,20.5125,20.5125,20.4079873463374,20.4079873463374,20.4079873463374,22.0766750703745,22.0766750703745,22.0766750703745,24.335422827116666,-3.5548652908958314,-0.37257018988343304,-3.927435480779266,23.377775508248412,-1.708300585077191,0.4072001472032767,-1.301100437873913,23.712398935160145,-2.688063731221846,-0.5118352039383005,-3.199898935160146
2015-08-25,TDOU,-23.08,30.384,630.2,2015,8,25,237,0.0193197925865266,19.3197925865266,0.0186218169359274,18.6218169359274,0.0188583333333333,18.8583333333333,18.8583333333333,18.8583333333333,18.8583333333333,19.3197925865266,19.3197925865266,19.3197925865266,18.6218169359274,18.6218169359274,18.6218169359274,24.329385258300583,-5.508522601373683,0.4989299295997007,-5.009592671773984,23.37135022260211,-5.471327307005451,0.7217940203307407,-4.749533286674712,23.707245307313976,-6.26019872995773,1.411286755977052,-4.848911973980677
2015-08-26,TDOU,-23.08,30.384,630.2,2015,8,26,238,0.018423261037864,18.423261037864,0.017637408929251,17.637408929251,0.0179791666666666,17.9791666666666,17.9791666666666,17.9791666666666,17.9791666666666,18.423261037864,18.423261037864,18.423261037864,17.637408929251,17.637408929251,17.637408929251,24.323338170667622,-8.07784756654986,2.177770433746236,-5.900077132803624,23.36491473051764,-7.327178621387884,1.599672820121242,-5.727505801266641,23.702082148468293,-7.868633420462119,2.1457179386604253,-5.722915481801692
2015-08-27,TDOU,-23.08,30.384,630.2,2015,8,27,239,0.021487704843902,21.487704843902,0.0200839793237281,20.0839793237281,0.0207458333333333,20.7458333333333,20.7458333333333,20.7458333333333,20.7458333333333,21.487704843902,21.487704843902,21.487704843902,20.0839793237281,20.0839793237281,20.0839793237281,24.317281573553057,-5.063479412582563,2.2339026829315074,-2.8295767296510554,23.358469012080473,-5.568788268258278,2.294298579905906,-3.2744896883523715,23.69690942890904,-4.665419537178587,1.7143434416028462,-2.95107609557574
2015-08-28,TDOU,-23.08,30.384,630.2,2015,8,28,240,0.0227349728688437,22.734972868843705,0.0247146345622464,24.714634562246403,0.0244916666666666,24.4916666666666,24.4916666666666,24.4916666666666,24.4916666666666,22.734972868843705,22.734972868843705,22.734972868843705,24.714634562246403,24.714634562246403,24.714634562246403,24.311215476204648,-3.54809751643671,1.9718549090757662,-1.5762426073609426,23.35201304699546,0.16639798264179897,1.1962235326091424,1.362621515250943,23.69172711718025,-1.6156406245472426,2.415580174033593,0.7999395494863499
2015-08-29,TDOU,-23.08,30.384,630.2,2015,8,29,241,0.0222912520123909,22.2912520123909,0.0207974184670247,20.797418467024706,0.0210583333333333,21.0583333333333,21.0583333333333,21.0583333333333,21.0583333333333,22.2912520123909,22.2912520123909,22.2912520123909,20.797418467024706,20.797418467024706,20.797418467024706,24.305139887281687,-3.8001032676714295,1.7862153927806403,-2.013887874890788,23.345546813837476,-4.634448630982205,2.0863202841694353,-2.5481283468127707,23.686535180075037,-4.770807179383961,2.1426053326422263,-2.628201846741735
2015-08-30,TDOU,-23.08,30.384,630.2,2015,8,30,242,0.0195186457671917,19.5186457671917,0.0204746030571593,20.4746030571593,0.0196958333333333,19.6958333333333,19.6958333333333,19.6958333333333,19.6958333333333,19.5186457671917,19.5186457671917,19.5186457671917,20.4746030571593,20.4746030571593,20.4746030571593,24.299054815143037,-7.026206358980756,2.2457973110294205,-4.780409047951338,23.339070290797498,-5.0419328965779115,2.1774656629397136,-2.864467233638198,23.681333581964466,-5.77654159010831,1.7910413414771433,-3.9855002486311655
2015-09-01,TDOU,-23.08,30.384,630.2,2015,9,1,244,0.0185416541999788,18.5416541999788,0.0170686320716851,17.068632071685098,0.0193458333333333,19.345833333333303,19.345833333333303,19.345833333333303,19.345833333333303,18.5416541999788,18.5416541999788,18.5416541999788,24.714634562246403,17.068632071685098,17.068632071685098,24.286856253466897,-7.119297147520649,1.3740950940325511,-5.7452020534880965,23.326086281706605,-2.8543722878105005,4.242920568350296,1.3885482805397977,23.67090124879962,-6.948531171034734,2.623463255568417,-4.325067915466317
2015-09-02,TDOU,-23.08,30.384,630.2,2015,9,2,245,0.025514124945637,25.514124945637,0.0266666867361968,26.6666867361968,0.0272749999999999,27.2749999999999,27.2749999999999,27.2749999999999,27.2749999999999,25.514124945637,25.514124945637,25.514124945637,26.6666867361968,26.6666867361968,26.6666867361968,24.280742779513606,-1.9316038022970305,3.1649859684204245,1.2333821661233948,23.319578744830984,-0.4872582700016515,3.8343662613674674,3.3471079913658173,23.66567043136161,0.6797768508097471,2.929552717828539,3.6093295686382874
2015-09-03,TDOU,-23.08,30.384,630.2,2015,9,3,246,0.0286727740319366,28.6727740319366,0.0277829934353222,27.7829934353222,0.0274041666666666,27.4041666666666,27.4041666666666,27.4041666666666,27.4041666666666,28.6727740319366,28.6727740319366,28.6727740319366,27.7829934353222,27.7829934353222,27.7829934353222,24.27461985410925,0.6770184863124766,3.721135691514874,4.398154177827351,23.31306081368958,0.7932784013094718,3.6766542203231474,4.469932621632619,23.660429786751635,0.5560079983985954,3.187728881516371,3.743736879914966
2015-09-04,TDOU,-23.08,30.384,630.2,2015,9,4,247,0.0308723841942312,30.8723841942312,0.0292234730726308,29.2234730726308,0.028575,28.575,28.575,28.575,28.575,30.8723841942312,30.8723841942312,30.8723841942312,29.2234730726308,29.2234730726308,29.2234730726308,24.268487483221648,2.0497860343045486,4.554110676705001,6.603896711009551,23.306532453023532,1.3361095927945499,4.580831026812717,5.916940619607267,23.655179264950704,0.4054984716198879,4.514322263429406,4.919820735049296
2015-09-05,TDOU,-23.08,30.384,630.2,2015,9,5,248,0.0282913858861014,28.2913858861014,0.0287639045676303,28.763904567630306,0.0272708333333333,27.2708333333333,27.2708333333333,27.2708333333333,27.2708333333333,28.2913858861014,28.2913858861014,28.2913858861014,28.763904567630306,28.763904567630306,28.763904567630306,24.26234566942028,-0.29421954957534674,4.323259766256463,4.029040216681118,23.299993622710858,0.7557962414560475,4.708114703463401,5.463910944919448,23.649918810844373,-0.43696592988517524,4.057880452374103,3.6209145224889276
2015-09-06,TDOU,-23.08,30.384,630.2,2015,9,6,249,0.0212506717058539,21.250671705853897,0.0206336205243259,20.6336205243259,0.0200791666666666,20.0791666666666,20.0791666666666,20.0791666666666,20.0791666666666,21.250671705853897,21.250671705853897,21.250671705853897,20.6336205243259,20.6336205243259,20.6336205243259,24.2561944108726,-4.621546739666383,1.6160240346476797,-3.005522705018702,23.293444276718446,-4.423007857252796,1.7631841048602475,-2.6598237523925476,23.64464836274808,-4.60353195780835,1.0380502617268732,-3.565481696081477
2015-09-07,TDOU,-23.08,30.384,630.2,2015,9,7,250,0.0159664846709442,15.9664846709442,0.0138708299056138,13.8708299056138,0.0142583333333333,14.2583333333333,14.2583333333333,14.2583333333333,14.2583333333333,15.9664846709442,15.9664846709442,15.9664846709442,13.8708299056138,13.8708299056138,13.8708299056138,24.2500337018334,-7.975162272699919,-0.3083867581892825,-8.2835490308892,23.286884363261166,-8.158265166604272,-1.2577892910430961,-9.416054457647366,23.639367852989707,-8.54740058086771,-0.8336339387886973,-9.381034519656406
2015-09-08,TDOU,-23.08,30.384,630.2,2015,9,8,251,0.0197596557869338,19.7596557869338,0.0194363290617538,19.4363290617538,0.0192125,19.2125,19.2125,19.2125,19.2125,19.7596557869338,19.7596557869338,19.7596557869338,19.4363290617538,19.4363290617538,19.4363290617538,24.243863536053485,-6.996107818385625,2.5119000692659377,-4.484207749119687,23.280313828580297,-6.386252191081192,2.5422674242546925,-3.843984766826498,23.634077211731846,-7.100484160841895,2.678906949110047,-4.421577211731847
2015-09-09,TDOU,-23.08,30.384,630.2,2015,9,9,252,0.0262107013034873,26.2107013034873,0.0246953280941831,24.6953280941831,0.025775,25.775,25.775,25.775,25.775,26.2107013034873,26.2107013034873,26.2107013034873,24.6953280941831,24.6953280941831,24.6953280941831,24.237683909127316,-3.069492761433116,5.042510155793099,1.9730173943599851,23.273732620382226,-3.0124564873246777,4.434051961125551,1.421595473800874,23.62877636905536,-2.893982860188599,5.04020649113324,2.1462236309446396
2015-09-10,TDOU,-23.08,30.384,630.2,2015,9,10,253,0.0234400327630173,23.440032763017303,0.0235702740027262,23.5702740027262,0.0241583333333333,24.1583333333333,24.1583333333333,24.1583333333333,24.1583333333333,23.440032763017303,23.440032763017303,23.440032763017303,23.5702740027262,23.5702740027262,23.5702740027262,24.23149481487403,-4.537518131153937,3.7460560792972117,-0.7914620518567261,23.26714068340586,-3.235973390649569,3.5391067099699107,0.3031333193203416,23.623465250424626,-2.666641223124746,3.2015093060334188,0.5348680829086732
2015-09-11,TDOU,-23.08,30.384,630.2,2015,9,11,254,0.0230572912467876,23.057291246787603,0.0228497290118677,22.8497290118677,0.0230375,23.0375,23.0375,23.0375,23.0375,23.057291246787603,23.057291246787603,23.057291246787603,22.8497290118677,22.8497290118677,22.8497290118677,24.225296242078933,-1.8031015344190278,0.6350965391276979,-1.16800499529133,23.26053795620711,-1.6568260637169652,1.2460171193775587,-0.41080894433940784,23.618143773402288,-3.837717603469959,3.2570738300676716,-0.5806437734022865
2015-09-12,TDOU,-23.08,30.384,630.2,2015,9,12,255,0.0278543419176387,27.8543419176387,0.0287407857738719,28.7407857738719,0.028375,28.375,28.375,28.375,28.375,27.8543419176387,27.8543419176387,27.8543419176387,28.7407857738719,28.7407857738719,28.7407857738719,24.219088175660225,1.3386471383683047,2.2966066036101687,3.635253741978474,23.253924371900858,2.1283591200679406,3.3585022819030996,5.486861401971041,23.61281184833643,0.9942067881394621,3.7679813635241075,4.762188151663569
2015-09-13,TDOU,-23.08,30.384,630.2,2015,9,13,256,0.0241742808649655,24.1742808649655,0.0296443731513839,29.6443731513839,0.0280708333333333,28.070833333333297,28.070833333333297,28.070833333333297,28.070833333333297,24.1742808649655,24.1742808649655,24.1742808649655,29.6443731513839,29.6443731513839,29.6443731513839,24.212870600055524,-1.808118926513246,1.7695291914232207,-0.03858973509002439,23.247299860264192,2.303484285886566,4.093589005233142,6.397073291119707,23.607469378167004,0.7534098643408903,3.709954090825402,4.463363955166294
2015-09-14,TDOU,-23.08,30.384,630.2,2015,9,14,257,0.0129116123874507,12.9116123874507,0.0139799820396793,13.9799820396793,0.0120916666666666,12.0916666666666,12.0916666666666,12.0916666666666,12.0916666666666,12.9116123874507,12.9116123874507,12.9116123874507,13.9799820396793,13.9799820396793,13.9799820396793,24.20664349804971,-7.2017231350114335,-4.093307975587578,-11.29503111059901,23.240664345387298,-7.579121272914411,-1.6815610327935886,-9.260682305707999,23.602116257439107,-8.478196625484323,-3.032252965288187,-11.510449590772508
2015-09-15,TDOU,-23.08,30.384,630.2,2015,9,15,258,0.0093035063740872,9.3035063740872,0.0094340832015268,9.4340832015268,0.0094291666666666,9.4291666666666,9.4291666666666,9.4291666666666,9.4291666666666,9.3035063740872,9.3035063740872,9.3035063740872,9.4340832015268,9.4340832015268,9.4340832015268,24.200406852709246,6.177936105690361,-21.074836584312408,-14.896900478622046,23.234017745796884,-7.6932337927694645,-6.106700751500618,-13.799934544270084,23.596752373945865,-6.699681664747709,-7.467904042531554,-14.167585707279265
2015-09-16,TDOU,-23.08,30.384,630.2,2015,9,16,259,0.0143894211131215,14.3894211131215,0.0137266868360525,13.7266868360525,0.014925,14.925,14.925,14.925,14.925,14.3894211131215,14.3894211131215,14.3894211131215,13.7266868360525,13.7266868360525,13.7266868360525,24.19416065403911,-4.441815329854715,-5.362924211062893,-9.804739540917609,23.227359982763826,-4.423589375824499,-5.077083770886826,-9.500673146711327,23.59137761804576,-3.6041505452543148,-5.062227072791448,-8.666377618045761
2015-09-17,TDOU,-23.08,30.384,630.2,2015,9,17,260,0.0194198913826602,19.4198913826602,0.0155863664604059,15.5863664604059,0.0162041666666666,16.204166666666598,16.204166666666598,16.204166666666598,16.204166666666598,19.4198913826602,19.4198913826602,19.4198913826602,15.5863664604059,15.5863664604059,15.5863664604059,24.187904897498562,-3.933846420887037,-0.8341670939513257,-4.768013514838362,23.220690986719955,-6.256984104713885,-1.3773404216001701,-7.634324526314055,23.58599188782368,-5.670351652444249,-1.711473568712833,-7.381825221157083
2015-09-18,TDOU,-23.08,30.384,630.2,2015,9,18,261,0.0253999178651474,25.3999178651474,0.0232823799080443,23.282379908044295,0.0239416666666666,23.9416666666666,23.9416666666666,23.9416666666666,23.9416666666666,25.3999178651474,25.3999178651474,25.3999178651474,23.282379908044295,23.282379908044295,23.282379908044295,24.181639588042795,4.41251435677752,-3.1942360796729155,1.2182782771046057,23.214010697060342,2.701244823343826,-2.6328756123598716,0.06836921098395266,23.580595088152357,3.05713473100543,-2.696063152491188,0.36107157851424176
2015-09-19,TDOU,-23.08,30.384,630.2,2015,9,19,262,0.0288413518674246,28.8413518674246,0.0279764943454833,27.9764943454833,0.0287625,28.7625,28.7625,28.7625,28.7625,28.8413518674246,28.8413518674246,28.8413518674246,27.9764943454833,27.9764943454833,27.9764943454833,24.175364737657468,7.162420553500291,-2.4964334237331585,4.665987129767132,23.20731905843442,7.368374518497353,-2.5991992314484698,4.769175287048881,23.57518712718041,7.172817926308544,-1.9855050534889536,5.187312872819589
2015-09-20,TDOU,-23.08,30.384,630.2,2015,9,20,263,0.0284594506592678,28.4594506592678,0.0279218492645062,27.9218492645062,0.0282708333333333,28.2708333333333,28.2708333333333,28.2708333333333,28.2708333333333,28.4594506592678,28.4594506592678,28.4594506592678,27.9218492645062,27.9218492645062,27.9218492645062,24.169080367324614,5.358197084217428,-1.0678267922742428,4.290370291943187,23.200616021573595,5.43768494125464,-0.7164516983220359,4.721233242932605,23.569767916506432,5.121292646596791,-0.42022722976992455,4.701065416826868
2015-09-21,TDOU,-23.08,30.384,630.2,2015,9,21,264,0.0236998214245977,23.6998214245977,0.0246521187602422,24.6521187602422,0.0245791666666666,24.5791666666666,24.5791666666666,24.5791666666666,24.5791666666666,23.6998214245977,23.6998214245977,23.6998214245977,24.6521187602422,24.6521187602422,24.6521187602422,24.162786506774307,-0.8540658327926026,0.3911007506159976,-0.4629650821766056,23.193901543228815,0.30355123472667067,1.154665982286712,1.4582172170133845,23.56433737000802,0.2611495620329799,0.753679734625603,1.0148292966585828
2015-09-22,TDOU,-23.08,30.384,630.2,2015,9,22,265,0.0203098560939373,20.3098560939373,0.0200866107659572,20.0866107659572,0.0210416666666666,21.0416666666666,21.0416666666666,21.0416666666666,21.0416666666666,20.3098560939373,20.3098560939373,20.3098560939373,20.0866107659572,20.0866107659572,20.0866107659572,24.15648319191374,-4.776134514899591,0.9295074169231512,-3.846627097976441,23.187175582890497,-3.859578177002693,0.759013360069396,-3.1005648169332964,23.55889540077203,-3.396573854162206,0.8793451200567759,-2.51722873410543
2015-09-23,TDOU,-23.08,30.384,630.2,2015,9,23,266,0.0267096903361681,26.7096903361681,0.0256245471871982,25.6245471871982,0.0266833333333333,26.683333333333294,26.683333333333294,26.683333333333294,26.683333333333294,26.7096903361681,26.7096903361681,26.7096903361681,25.6245471871982,25.6245471871982,25.6245471871982,24.150170461938494,-0.6560230089496386,3.2155428831792463,2.5595198742296077,23.180438099338755,-0.8629194498415905,3.3070285377010364,2.444109087859445,23.55344191839947,-0.2624602151813424,3.392351630115165,3.129891414933823
2015-09-24,TDOU,-23.08,30.384,630.2,2015,9,24,267,0.0247027963282276,24.7027963282276,0.0254434303161744,25.4434303161744,0.0252791666666666,25.2791666666666,25.2791666666666,25.2791666666666,25.2791666666666,24.7027963282276,24.7027963282276,24.7027963282276,25.4434303161744,25.4434303161744,25.4434303161744,24.14384835703643,1.2078063286261296,-0.6488583574349605,0.55894797119117,23.173689049399517,2.6706115197568363,-0.400870252981953,2.269741266774883,23.547976827049215,2.392997045800638,-0.6618072061832514,1.731189839617386
2015-09-25,TDOU,-23.08,30.384,630.2,2015,9,25,268,0.0150114847966025,15.0114847966025,0.0150096856091225,15.0096856091225,0.0142916666666666,14.2916666666666,14.2916666666666,14.2916666666666,14.2916666666666,15.0114847966025,15.0114847966025,15.0114847966025,15.0096856091225,15.0096856091225,15.0096856091225,24.137516916117363,-8.18509170160359,-0.9409404179112713,-9.126032119514862,23.16692838548289,-6.461981184707173,-1.6952615916532174,-8.157242776360391,23.542500022756744,-8.202692861759322,-1.04814049433082,-9.250833356090144
2015-09-26,TDOU,-23.08,30.384,630.2,2015,9,26,269,0.0129707818773756,12.9707818773756,0.0129217249810824,12.9217249810824,0.0137583333333333,13.7583333333333,13.7583333333333,13.7583333333333,13.7583333333333,12.9707818773756,12.9707818773756,12.9707818773756,12.9217249810824,12.9217249810824,12.9217249810824,24.13117618169987,-10.473397530113495,-0.6869967742107761,-11.16039430432427,23.160156060348907,-10.021176702788333,-0.21725437647817358,-10.238431079266507,23.53701139805641,-8.310363608755143,-1.4683144559679668,-9.77867806472311
2015-09-27,TDOU,-23.08,30.384,630.2,2015,9,27,270,0.0133128998129275,13.3128998129275,0.0133638842881299,13.3638842881299,0.0123291666666666,12.3291666666666,12.3291666666666,12.3291666666666,12.3291666666666,13.3128998129275,13.3128998129275,13.3128998129275,13.3638842881299,13.3638842881299,13.3638842881299,24.124826201691253,-3.9102528160312424,-6.901673572732509,-10.811926388763753,23.15337202980746,-5.212324044185756,-4.577163697491805,-9.789487741677561,23.531510843815145,-3.8036385089049096,-7.398705668243636,-11.202344177148545
2015-09-28,TDOU,-23.08,30.384,630.2,2015,9,28,271,0.0130608309153342,13.0608309153342,0.0125180068705225,12.5180068705225,0.01285,12.85,12.85,12.85,12.85,13.0608309153342,13.0608309153342,13.0608309153342,12.5180068705225,12.5180068705225,12.5180068705225,24.118467030791347,-3.281648335664345,-7.775987779792803,-11.057636115457147,23.146576252322884,-4.68335477081548,-5.945214610984902,-10.628569381800384,23.525998251094645,-6.708451471224707,-3.967546779869938,-10.675998251094645
2015-09-29,TDOU,-23.08,30.384,630.2,2015,9,29,272,0.0201295232906592,20.1295232906592,0.0193522731706989,19.3522731706989,0.0203541666666666,20.3541666666666,20.3541666666666,20.3541666666666,20.3541666666666,20.1295232906592,20.1295232906592,20.1295232906592,19.3522731706989,19.3522731706989,19.3522731706989,24.11209873744843,14.002631636921318,-17.98520708371055,-3.9825754467892303,23.139768694877958,1.8250189633647038,-5.612514487543763,-3.7874955241790573,23.520473516270137,2.660462070635905,-5.8267689202394415,-3.1663068496035365
2015-09-30,TDOU,-23.08,30.384,630.2,2015,9,30,273,0.0201534565656937,20.153456565693705,0.019707727268848,19.707727268848,0.0193166666666666,19.3166666666666,19.3166666666666,19.3166666666666,19.3166666666666,20.153456565693705,20.153456565693705,20.153456565693705,19.707727268848,19.707727268848,19.707727268848,24.105721404951726,3.0480592713906502,-7.00032411064867,-3.952264839258021,23.132949335893496,0.8923978829123478,-4.3176199499578445,-3.425222067045496,23.514936540457356,1.3935455156396364,-5.591815389430394,-4.198269873790757
2015-10-01,TDOU,-23.08,30.384,630.2,2015,10,1,274,0.0211803048797157,21.1803048797157,0.0204233856292826,20.4233856292826,0.0212583333333333,21.2583333333333,21.2583333333333,21.2583333333333,21.2583333333333,21.1803048797157,21.1803048797157,21.1803048797157,20.4233856292826,20.4233856292826,20.4233856292826,24.099335128242807,3.0235936392810436,-5.94262388780815,-2.9190302485271076,23.12611816527473,2.521929851291898,-5.224662387284027,-2.70273253599213,23.509387230455093,2.628621084820579,-4.879674981942372,-2.2510538971217926
2015-10-02,TDOU,-23.08,30.384,630.2,2015,10,2,275,0.0262439012713775,26.2439012713775,0.0262240790444885,26.2240790444885,0.0259041666666666,25.9041666666666,19.3166666666666,25.9041666666666,25.9041666666666,26.2439012713775,26.2439012713775,26.2439012713775,19.3522731706989,26.2240790444885,26.2240790444885,24.092940017420098,5.650741280050811,-3.4997800260934113,2.1509612539574015,23.119275183569304,-0.7450673781612757,-3.021934634709126,-3.767002012870403,23.503825498697587,-1.7482847100463028,-2.4388741219846857,-4.187158832030988
2015-10-04,TDOU,-23.08,30.384,630.2,2015,10,4,277,0.015175594764461,15.175594764461,0.0174068317311614,17.4068317311614,0.0177208333333333,17.7208333333333,17.7208333333333,17.7208333333333,17.7208333333333,15.175594764461,15.175594764461,15.175594764461,17.4068317311614,17.4068317311614,17.4068317311614,24.080123809819874,-5.009375267665581,-3.895153777693295,-8.904529045358874,23.105553841429007,-4.427909426822078,-1.2708126834455271,-5.698722110267607,23.49266443685745,-4.909546892042656,-0.8622842114814944,-5.77183110352415
2015-10-05,TDOU,-23.08,30.384,630.2,2015,10,5,278,0.0115919002614773,11.5919002614773,0.0106272935035079,10.6272935035079,0.0108624999999999,10.8624999999999,10.8624999999999,10.8624999999999,10.8624999999999,11.5919002614773,11.5919002614773,11.5919002614773,10.6272935035079,10.6272935035079,10.6272935035079,24.073703007120418,-7.309596175121966,-5.172206570521151,-12.481802745643119,23.09867553204988,-8.170495952048665,-4.300886076493317,-12.471382028541981,23.487064944619384,-8.410151357963539,-4.214413586655944,-12.624564944619484
2015-10-06,TDOU,-23.08,30.384,630.2,2015,10,6,279,0.0192676715051092,19.2676715051092,0.0163472368684391,16.3472368684391,0.0176333333333333,17.6333333333333,17.6333333333333,17.6333333333333,17.6333333333333,19.2676715051092,19.2676715051092,19.2676715051092,16.3472368684391,16.3472368684391,16.3472368684391,24.067273958947005,-3.062399073034431,-1.7372033808033756,-4.799602453837807,23.091785510533285,-4.722455723511519,-2.022092918582665,-6.744548642094184,23.48145270232736,-4.1688754136885535,-1.6792439553055054,-5.848119368994059
2015-10-07,TDOU,-23.08,30.384,630.2,2015,10,7,280,0.0183176203118799,18.3176203118799,0.0196851128061752,19.6851128061752,0.0183375,18.3375,18.3375,18.3375,18.3375,18.3176203118799,18.3176203118799,18.3176203118799,19.6851128061752,19.6851128061752,19.6851128061752,24.060836848161284,-5.26017261395791,-0.4830439223234748,-5.743216536281384,23.084883821561416,-3.551477444205493,0.15170642881927776,-3.3997710153862144,23.475827626422436,-4.91952265962361,-0.2188049667988281,-5.138327626422438
2015-10-08,TDOU,-23.08,30.384,630.2,2015,10,8,281,0.0136578314209556,13.6578314209556,0.0136387388424267,13.6387388424267,0.0142833333333333,14.2833333333333,14.2833333333333,14.2833333333333,14.2833333333333,13.6578314209556,13.6578314209556,13.6578314209556,13.6387388424267,13.6387388424267,13.6387388424267,24.054391866343956,-6.900211810999814,-3.4963486343885393,-10.396560445388355,23.077970514486132,-6.959222457289584,-2.480009214769847,-9.439231672059432,23.470189628304585,-6.271713965488273,-2.915142329483011,-9.186856294971285
2015-10-09,TDOU,-23.08,30.384,630.2,2015,10,9,282,0.0174744127631758,17.4744127631758,0.015270497759153,15.270497759153,0.0164833333333333,16.483333333333302,16.483333333333302,16.483333333333302,16.483333333333302,17.4744127631758,17.4744127631758,17.4744127631758,15.270497759153,15.270497759153,15.270497759153,24.04793921096993,-0.7871811702276098,-5.786345277566522,-6.57352644779413,23.07104563917764,-2.8065536941438403,-4.993994185880801,-7.80054788002464,23.464538610746718,-1.4998575620729238,-5.481347715340494,-6.981205277413416
2015-10-10,TDOU,-23.08,30.384,630.2,2015,10,10,283,0.0189798599576826,18.979859957682603,0.0175576302822299,17.5576302822299,0.0185458333333333,18.5458333333333,18.5458333333333,18.5458333333333,18.5458333333333,18.979859957682603,18.979859957682603,18.979859957682603,17.5576302822299,17.5576302822299,17.5576302822299,24.041479089908496,2.489919002608512,-7.551538134834406,-5.061619132225893,23.064109249992274,1.5997661124266753,-7.106245080189048,-5.506478967762373,23.45887447145714,2.1295338957315253,-7.042575033855368,-4.913041138123841
2015-10-11,TDOU,-23.08,30.384,630.2,2015,10,11,284,0.022187645462928,22.187645462928,0.0194586526234086,19.4586526234086,0.0217375,21.7375,21.7375,21.7375,21.7375,22.187645462928,22.187645462928,22.187645462928,19.4586526234086,19.4586526234086,19.4586526234086,24.035011724869857,2.6515594285417117,-4.498925690483571,-1.8473662619418576,23.05716141039492,1.338763163728954,-4.937271950715271,-3.5985087869863186,23.453197106599067,1.6427098425973927,-3.3584069491964605,-1.715697106599066
2015-10-12,TDOU,-23.08,30.384,630.2,2015,10,12,285,0.0212787569420365,21.2787569420365,0.0221914181927086,22.1914181927086,0.0197583333333333,19.7583333333333,19.7583333333333,19.7583333333333,19.7583333333333,21.2787569420365,21.2787569420365,21.2787569420365,22.1914181927086,22.1914181927086,22.1914181927086,24.028537351736738,-0.8941969595436968,-1.8555834501565407,-2.749780409700236,23.05020219465704,0.0961475880976998,-0.9549315900461401,-0.8587840019484396,23.447506410656565,1.5895688877755687,-5.278741965098835,-3.6891730773232645
2015-10-13,TDOU,-23.08,30.384,630.2,2015,10,13,286,0.0187277630241552,18.7277630241552,0.0166473126302984,16.6473126302984,0.0197625,19.7625,19.7625,19.7625,19.7625,18.7277630241552,18.7277630241552,18.7277630241552,16.6473126302984,16.6473126302984,16.6473126302984,24.022056217035225,-0.4383659705366718,-4.855927222343354,-5.294293192880026,23.043231684700068,-1.958854424673843,-4.437064629727825,-6.395919054401666,23.441802272603386,0.5446546910513052,-4.223956963654693,-3.679302272603387
2015-10-14,TDOU,-23.08,30.384,630.2,2015,10,14,287,0.0300282169456413,30.0282169456413,0.026160959982993,26.160959982993,0.029525,29.525,29.525,29.525,29.525,30.0282169456413,30.0282169456413,30.0282169456413,26.160959982993,26.160959982993,26.160959982993,24.01556857338165,8.965536772610593,-2.9528884003509432,6.012648372259651,23.036249964077463,7.258175726947593,-4.133465708032055,3.124710018915536,23.436084575840304,7.2435959834204935,-1.1546805592608003,6.088915424159694
2015-10-15,TDOU,-23.08,30.384,630.2,2015,10,15,288,0.034784770155527,34.784770155527,0.0383379487042402,38.3379487042402,0.0382208333333333,38.2208333333333,28.3,38.2208333333333,38.2208333333333,34.784770155527,34.784770155527,34.784770155527,26.160959982993,38.3379487042402,38.3379487042402,24.00907468109027,11.037066002419607,-0.2613705279828764,10.77569547443673,23.029257121282487,6.826865279866137,-3.6951624181556255,3.1317028617105116,23.430353194931467,6.88614251302466,-2.0164957079561248,4.869646805068534
2015-10-16,TDOU,-23.08,30.384,630.2,2015,10,16,289,0.0337817782717783,33.7817782717783,0.0338937320388968,33.8937320388968,0.034225,34.225,34.225,34.225,34.225,33.7817782717783,33.7817782717783,33.7817782717783,33.8937320388968,33.8937320388968,33.8937320388968,24.00257480393468,8.219852261127748,1.5593512067158706,9.779203467843619,23.02225324992148,8.759894858799147,2.111583930176174,10.87147878897532,23.424607988869575,10.809382001243728,-0.008989990113299484,10.800392011130427
2015-10-17,TDOU,-23.08,30.384,630.2,2015,10,17,290,0.0319217923212721,31.921792321272097,0.0287157171943596,28.7157171943596,0.0283,28.3,28.3,28.3,28.3,31.921792321272097,31.921792321272097,31.921792321272097,28.7157171943596,28.7157171943596,28.7157171943596,23.996069200452514,7.858805812230059,0.06691730858952383,7.925723120819583,23.0152384443205,5.9483534250309,-0.24787467499180238,5.7004787500391,23.41884879850256,5.533515377544659,-0.6523641760472181,4.881151201497442
2015-10-18,TDOU,-23.08,30.384,630.2,2015,10,18,291,0.0233159047658454,23.3159047658454,0.0211700703336017,21.1700703336017,0.0208041666666666,20.8041666666666,20.8041666666666,20.8041666666666,20.8041666666666,23.3159047658454,23.3159047658454,23.3159047658454,21.1700703336017,21.1700703336017,21.1700703336017,23.989558117192058,-1.2574021012901413,0.5837487499434815,-0.6736533513466583,23.00821278800467,-1.730853740996218,-0.10728871340675283,-1.8381424544029699,23.413075441187583,-2.663836464068802,0.05492768954781724,-2.608908774520984
2015-10-19,TDOU,-23.08,30.384,630.2,2015,10,19,292,0.0175897045287134,17.5897045287134,0.0163044139615617,16.3044139615617,0.0156666666666666,15.6666666666666,15.6666666666666,15.6666666666666,15.6666666666666,17.5897045287134,17.5897045287134,17.5897045287134,16.3044139615617,16.3044139615617,16.3044139615617,23.98304178780096,-6.656216858808294,0.26287959972073693,-6.393337259087559,23.001176353888496,-7.180953031897949,0.48419063957115327,-6.6967623923267965,23.407287708477316,-7.764317869577758,0.023696827767043516,-7.740621041810716
2015-10-20,TDOU,-23.08,30.384,630.2,2015,10,20,293,0.016503962208484,16.503962208484,0.0150328418367528,15.0328418367528,0.01415,14.15,14.15,14.15,14.15,16.503962208484,16.503962208484,16.503962208484,15.0328418367528,15.0328418367528,15.0328418367528,23.976520429913137,-7.557620886971222,0.08506266554208608,-7.472558221429136,22.994129203189587,-8.068268981050883,0.10698161461409583,-7.961287366436787,23.401485362672467,-9.221663649653411,-0.029821713019053675,-9.251485362672467
2015-10-21,TDOU,-23.08,30.384,630.2,2015,10,21,294,0.0229352923567117,22.935292356711702,0.0199561155099428,19.9561155099428,0.0194375,19.4375,19.4375,19.4375,19.4375,22.935292356711702,22.935292356711702,22.935292356711702,19.9561155099428,19.9561155099428,19.9561155099428,23.96999424247528,-1.9137479688075643,0.8790460830439848,-1.0347018857635781,22.98707138254572,-3.7483738660470047,0.7174179934440836,-3.03095587260292,23.395668134184262,-4.571564489923314,0.6133963557390523,-3.9581681341842625
2015-10-22,TDOU,-23.08,30.384,630.2,2015,10,22,295,0.0256641223083109,25.664122308310898,0.0250354181370508,25.0354181370508,0.0253291666666666,25.3291666666666,25.3291666666666,25.3291666666666,25.3291666666666,25.664122308310898,25.664122308310898,25.664122308310898,25.0354181370508,25.0354181370508,25.0354181370508,23.96346340249888,-0.16839430678446535,1.86905321259648,1.7006589058120163,22.980002922388,0.3087448675819767,1.7466703470808262,2.0554152146628013,23.389835719001763,0.009735967961977197,1.9295949797028626,1.939330947664839
2015-10-23,TDOU,-23.08,30.384,630.2,2015,10,23,296,0.023596669263369,23.596669263369,0.0221394702931045,22.1394702931045,0.0215583333333333,21.5583333333333,21.5583333333333,21.5583333333333,21.5583333333333,23.596669263369,23.596669263369,23.596669263369,22.1394702931045,22.1394702931045,22.1394702931045,23.95692805923776,-2.45454126581297,2.0942824699442113,-0.3602587958687593,22.97292383344713,-1.419881047879633,0.5864275075370067,-0.833453540342628,23.383987774361085,-3.0302679023987995,1.2046134613710144,-1.8256544410277833
2015-10-24,TDOU,-23.08,30.384,630.2,2015,10,24,297,0.0268695405374292,26.8695405374292,0.0285428121305974,28.5428121305974,0.0278041666666666,27.8041666666666,27.8041666666666,27.8041666666666,27.8041666666666,26.8695405374292,26.8695405374292,26.8695405374292,28.5428121305974,28.5428121305974,28.5428121305974,23.950388327524273,0.6424685942538163,2.276683615651109,2.919152209904926,22.965834102958517,7.040211114663039,-1.4632330870241574,5.576978027638884,23.37812391372756,4.7744032015571465,-0.3483604486181058,4.42604275293904
2015-10-25,TDOU,-23.08,30.384,630.2,2015,10,25,298,0.0310976368207338,31.0976368207338,0.0312717612530204,31.2717612530204,0.0313499999999999,31.3499999999999,31.3499999999999,31.3499999999999,31.3499999999999,31.0976368207338,31.0976368207338,31.0976368207338,31.2717612530204,31.2717612530204,31.2717612530204,23.943844282425864,4.849114161505742,2.304678376802194,7.153792538307936,22.958733696057845,9.797510370024776,-1.4844828130622183,8.313027556962556,23.372243706440162,9.578049427199456,-1.6002931336397204,7.977756293559736
2015-10-26,TDOU,-23.08,30.384,630.2,2015,10,26,299,0.0328652139199429,32.865213919942896,0.0323108175303213,32.3108175303213,0.03115,31.15,31.15,31.15,31.15,32.865213919942896,32.865213919942896,32.865213919942896,32.3108175303213,32.3108175303213,32.3108175303213,23.937295954333603,7.6509633989798775,1.276954566629417,8.927917965609293,22.951622559784493,10.369180453981926,-1.0099854834451172,9.359194970536809,23.366346680762867,8.786556713766501,-1.002903394529369,7.783653319237132
2015-10-27,TDOU,-23.08,30.384,630.2,2015,10,27,300,0.0327971315385286,32.7971315385286,0.0346284350187486,34.6284350187486,0.0332041666666666,33.204166666666595,33.204166666666595,33.204166666666595,33.204166666666595,32.7971315385286,32.7971315385286,32.7971315385286,34.6284350187486,34.6284350187486,34.6284350187486,23.930743324914467,10.02741080912787,-1.1610225955137352,8.866388213614137,22.944500623232365,12.82161276834057,-1.1376783728243396,11.683934395516232,23.3604323264478,11.11121331161002,-1.2674789713912276,9.843734340218795
2015-10-28,TDOU,-23.08,30.384,630.2,2015,10,28,301,0.0237294672290502,23.7294672290502,0.0195161061518247,19.5161061518247,0.0191041666666666,19.1041666666666,19.1041666666666,19.1041666666666,19.1041666666666,23.7294672290502,23.7294672290502,23.7294672290502,19.5161061518247,19.5161061518247,19.5161061518247,23.924186326499164,2.792351796278763,-2.9870708937277257,-0.19471909744896365,22.937367796141253,-1.12216112754867,-2.299100516767883,-3.4212616443165516,23.354500094177425,-3.3733002531166316,-0.8770331743941924,-4.250333427510824
2015-10-29,TDOU,-23.08,30.384,630.2,2015,10,29,302,0.0276329696996681,27.632969699668102,0.0236360863488253,23.636086348825295,0.023975,23.975,23.975,23.975,23.975,27.632969699668102,27.632969699668102,27.632969699668102,23.636086348825295,23.636086348825295,23.636086348825295,23.91762484562481,3.0896669179221137,0.6256779361211784,3.715344854043291,22.930223969640597,0.9312720690033214,-0.22540968981862264,0.7058623791846976,23.34854939628249,0.9565064422967962,-0.330055838579284,0.6264506037175117
2015-10-30,TDOU,-23.08,30.384,630.2,2015,10,30,303,0.0276790911066836,27.6790911066836,0.0256354012733122,25.6354012733122,0.0258958333333333,25.8958333333333,25.8958333333333,25.8958333333333,25.8958333333333,27.6790911066836,27.6790911066836,27.6790911066836,25.6354012733122,25.6354012733122,25.6354012733122,23.911058723225217,2.5141334942624693,1.2538988891959129,3.768032383458383,22.923069018524718,1.4244603219332588,1.2878719328542232,2.7123322547874835,23.342579607253263,0.9574043404617566,1.5958493856182798,2.5532537260800368
2015-11-01,TDOU,-23.08,30.384,630.2,2015,11,1,305,0.0260978418928722,26.0978418928722,0.0240972048126309,24.0972048126309,0.0270041666666666,27.0041666666666,27.0041666666666,27.0041666666666,27.0041666666666,26.0978418928722,26.0978418928722,26.0978418928722,24.0972048126309,24.0972048126309,24.0972048126309,23.897911630734903,1.5095253047219097,0.6904049574153888,2.199930262137297,22.908725140139495,2.5469806871023386,-1.3585010146109333,1.188479672491404,23.33058006419874,4.994311211894167,-1.3207246094263105,3.673586602467857
2015-11-02,TDOU,-23.08,30.384,630.2,2015,11,2,306,0.0285251857781384,28.5251857781384,0.026703445921533,26.703445921533,0.0258333333333333,25.8333333333333,25.8333333333333,25.8333333333333,25.8333333333333,26.0978418928722,28.5251857781384,28.5251857781384,26.703445921533,26.703445921533,26.703445921533,23.89133004677359,0.5584707853990617,1.6480410606995477,2.2065118460986106,22.901535865286885,2.0239014391722496,1.7780086170738656,3.8019100562461148,23.324548879195483,0.5629725897060561,1.9458118644317608,2.5087844541378175
2015-11-03,TDOU,-23.08,30.384,630.2,2015,11,3,307,0.0198323444851401,19.8323444851401,0.0167740595221424,16.774059522142398,0.0164125,16.4125,16.4125,16.4125,16.4125,19.8323444851401,19.8323444851401,19.8323444851401,16.774059522142398,16.774059522142398,16.774059522142398,23.884742591469664,-5.645666683539693,1.5932685772101287,-4.052398106329562,22.894334784250645,-7.015685342103358,0.8954100799951092,-6.1202752621082475,23.31849575969559,-7.7900259056523025,0.8840301459567144,-6.905995759695589
2015-11-04,TDOU,-23.08,30.384,630.2,2015,11,4,308,0.0151054824048518,15.1054824048518,0.0141197868938179,14.1197868938179,0.0138791666666666,13.8791666666666,13.8791666666666,13.8791666666666,13.8791666666666,15.1054824048518,15.1054824048518,15.1054824048518,14.1197868938179,14.1197868938179,14.1197868938179,23.87814879757742,-8.495053826974292,-0.27761256575132975,-8.77266639272562,22.88712169978656,-8.353607969551279,-0.41372683641738206,-8.767334805968662,23.312419940026857,-9.054409123156642,-0.3788441502036122,-9.433253273360256
2015-11-05,TDOU,-23.08,30.384,630.2,2015,11,5,309,0.0122821956038895,12.2821956038895,0.0116554274171023,11.6554274171023,0.0111166666666666,11.1166666666666,11.1166666666666,11.1166666666666,11.1166666666666,12.2821956038895,12.2821956038895,12.2821956038895,11.6554274171023,11.6554274171023,11.6554274171023,23.871548133458152,-10.483815943999332,-1.1055365855693218,-11.589352529568652,22.8798964155357,-9.901060246716913,-1.3234087517164888,-11.2244689984334,23.306320651076962,-11.372003129409457,-0.8176508550009061,-12.189653984410363
2015-11-06,TDOU,-23.08,30.384,630.2,2015,11,6,310,0.0112988806035936,11.2988806035936,0.0106246174423134,10.6246174423134,0.0102624999999999,10.2624999999999,13.8791666666666,10.2624999999999,10.2624999999999,11.2988806035936,11.2988806035936,11.2988806035936,10.6246174423134,10.6246174423134,10.6246174423134,23.86494001217443,-9.936739045243039,-2.62932036333779,-12.566059408580829,22.872658751420804,-9.668993181459575,-2.5790481276478268,-12.248041309107403,23.3001971395545,-6.958589890780487,-2.462440582107412,-9.421030472887898
2015-11-07,TDOU,-23.08,30.384,630.2,2015,11,7,311,0.0129847019267208,12.9847019267208,0.0112313003682869,11.2313003682869,0.0121625,12.1625,12.1625,12.1625,12.1625,12.9847019267208,12.9847019267208,12.9847019267208,11.2313003682869,11.2313003682869,11.2313003682869,23.853863909014,-11.432313725961585,0.5631517436683886,-10.869161982293198,22.861005224709256,-9.220943736675244,-2.408761119747112,-11.629704856422356,23.289421676040025,-9.753966009421683,-1.372955666618342,-11.126921676040025
2015-11-08,TDOU,-23.08,30.384,630.2,2015,11,8,312,0.0170383275125737,17.0383275125737,0.0163995291862631,16.399529186263102,0.0179291666666666,17.9291666666666,17.9291666666666,17.9291666666666,17.9291666666666,17.0383275125737,17.0383275125737,17.0383275125737,16.399529186263102,16.399529186263102,16.399529186263102,23.842715529493027,-7.579199720445665,0.7748117035263391,-6.804388016919326,22.84927887275487,-7.1546699470094675,0.7049202605176994,-6.449749686491767,23.278559880557477,-6.314621410289254,0.9652281963983746,-5.3493932138908775
2015-11-09,TDOU,-23.08,30.384,630.2,2015,11,9,313,0.0179076055957401,17.9076055957401,0.0187782513496674,18.7782513496674,0.0198958333333333,19.8958333333333,19.8958333333333,19.8958333333333,19.8958333333333,17.9076055957401,17.9076055957401,17.9076055957401,18.7782513496674,18.7782513496674,18.7782513496674,23.83149536716578,-5.909155450848899,-0.01473432057677826,-5.923889771425678,22.837480328744107,-4.281605490811236,0.22237651173453088,-4.059228979076707,23.267612200951028,-3.8756164465429923,0.503837578925264,-3.371778867617728
2015-11-10,TDOU,-23.08,30.384,630.2,2015,11,10,314,0.0200878318019728,20.0878318019728,0.0207270719091014,20.7270719091014,0.0214041666666666,21.4041666666666,21.4041666666666,21.4041666666666,21.4041666666666,20.0878318019728,20.0878318019728,20.0878318019728,20.7270719091014,20.7270719091014,20.7270719091014,23.820203974437053,-3.1646161873202594,-0.5677559851439931,-3.7323721724642525,22.825610255978894,-1.9240278699113018,-0.1745104769661907,-2.0985383468774934,23.256579137518884,-1.6484773660909016,-0.20393510476138133,-1.8524124708522827
2015-11-11,TDOU,-23.08,30.384,630.2,2015,11,11,315,0.0202542846652324,20.2542846652324,0.0188696441690013,18.8696441690013,0.0191125,19.1125,19.1125,19.1125,19.1125,20.2542846652324,20.2542846652324,20.2542846652324,18.8696441690013,18.8696441690013,18.8696441690013,23.808842016965656,-4.226113111647143,0.6715557599138862,-3.554557351733255,22.813669424031676,-4.568761084467218,0.6247358294368439,-3.9440252550303754,23.2454613374046,-4.937075442630056,0.8041141052254588,-4.132961337404598
2015-11-12,TDOU,-23.08,30.384,630.2,2015,11,12,316,0.0261373001560078,26.1373001560078,0.0193586858892078,19.3586858892078,0.0212083333333333,21.2083333333333,21.2083333333333,21.2083333333333,21.2083333333333,26.1373001560078,26.1373001560078,26.1373001560078,19.3586858892078,19.3586858892078,19.3586858892078,23.79741021455579,1.0072229173845686,1.3326670240674439,2.339889941452011,22.80165876153177,-4.519050739247945,1.0760778669239741,-3.4429728723239705,23.234259615223053,-3.318893415610189,1.2929671337204383,-2.0259262818897525
2015-11-13,TDOU,-23.08,30.384,630.2,2015,11,13,317,0.0251452465812749,25.1452465812749,0.0243348773226375,24.334877322637503,0.0254875,25.4875,25.4875,25.4875,25.4875,25.1452465812749,25.1452465812749,25.1452465812749,24.334877322637503,24.334877322637503,24.334877322637503,23.78590937441678,1.0191047860608866,0.3402324207972356,1.3593372068581218,22.789579333177745,1.047800749137955,0.49749724032180254,1.5452979894597583,23.222974925030886,0.7778272489856382,1.4866978259834767,2.2645250749691144
2015-11-14,TDOU,-23.08,30.384,630.2,2015,11,14,318,0.0290888911817107,29.0888911817107,0.0316293094900331,31.629309490033098,0.0359208333333333,35.9208333333333,35.9208333333333,35.9208333333333,35.9208333333333,29.0888911817107,29.0888911817107,29.0888911817107,31.629309490033098,31.629309490033098,31.629309490033098,23.77434035556193,3.6496423588744986,1.664908467274273,5.314550826148771,22.77743228500555,9.640567426050804,-0.7886902210232556,8.851877205027549,23.211608309140082,13.311252346856858,-0.6020273226636412,12.709225024193216
2015-11-15,TDOU,-23.08,30.384,630.2,2015,11,15,319,0.032287895464857,32.287895464856994,0.0367283088887217,36.7283088887217,0.0370875,37.087500000000006,37.087500000000006,37.087500000000006,37.087500000000006,32.287895464856994,32.287895464856994,32.287895464856994,36.7283088887217,36.7283088887217,36.7283088887217,23.762704097114778,6.818623366836049,1.7065680009061666,8.525191367742217,22.76521886031212,14.659795135935907,-0.6967051075263306,13.963090028409578,23.200160910808414,14.816530995365836,-0.9291919061742462,13.887339089191592
2015-11-16,TDOU,-23.08,30.384,630.2,2015,11,16,320,0.0331464015975239,33.1464015975239,0.0321112415506018,32.1112415506018,0.0331625,33.162499999999994,35.9208333333333,33.162499999999994,33.162499999999994,33.1464015975239,33.1464015975239,33.1464015975239,32.1112415506018,32.1112415506018,32.1112415506018,23.751001666410158,9.946035482939887,-0.5506355518261472,9.39539993111374,22.752940421819304,8.968423096715275,0.38987803206721594,9.358301128782493,23.18863399628807,14.010935147323165,-1.2787358102779365,12.73219933704523
2015-11-18,TDOU,-23.08,30.384,630.2,2015,11,18,322,0.0394833044164246,39.4833044164246,0.0359989279290678,35.998927929067804,0.0365958333333333,36.5958333333333,36.5958333333333,36.5958333333333,36.5958333333333,39.4833044164246,39.4833044164246,39.4833044164246,35.998927929067804,35.998927929067804,35.998927929067804,23.727403080199146,14.288665363130066,1.4672359730953914,15.755901336225456,22.728194343416348,15.202188960259338,-1.9314553746078822,13.270733585651456,23.165347070889563,15.369064484211096,-1.9385782217673544,13.43048626244374
2015-11-19,TDOU,-23.08,30.384,630.2,2015,11,19,323,0.0377432321887189,37.743232188718906,0.037444329820209,37.444329820209006,0.0359916666666666,35.9916666666666,35.9916666666666,35.9916666666666,35.9916666666666,37.743232188718906,37.743232188718906,37.743232188718906,37.444329820209006,37.444329820209006,37.444329820209006,23.715509392943506,14.446545151638748,-0.41882235586334815,14.0277227957754,22.71572965515494,15.808535402076085,-1.0799352370220205,14.728600165054065,23.153589842299496,14.59196064588047,-1.7538838215133623,12.838076824367107
2015-11-20,TDOU,-23.08,30.384,630.2,2015,11,20,324,0.0334436156275728,33.443615627572804,0.0350806100114112,35.0806100114112,0.033675,33.675,33.675,33.675,33.675,33.443615627572804,33.443615627572804,33.443615627572804,35.0806100114112,35.0806100114112,35.0806100114112,23.703554406785482,10.627744462848366,-0.8876832420610441,9.740061220787322,22.703205814133526,13.53522274246373,-1.1578185451860534,12.377404197277677,23.141758633653136,12.012433877972198,-1.4791925116253388,10.53324136634686
2015-11-21,TDOU,-23.08,30.384,630.2,2015,11,21,325,0.0346238799460532,34.6238799460532,0.0426777997048938,42.6777997048938,0.0394833333333333,39.4833333333333,33.675,39.4833333333333,39.4833333333333,34.6238799460532,34.6238799460532,34.6238799460532,35.0806100114112,42.6777997048938,42.6777997048938,23.69153944572186,12.51988590208354,-1.5875454017522017,10.932340500331339,22.69062435252083,13.283619448848837,-0.8936337899584679,12.389985658890371,23.1298549397471,11.615596401848103,-1.0704513415952057,10.545145060252896
2015-11-22,TDOU,-23.08,30.384,630.2,2015,11,22,326,0.0283036366478541,28.303636647854105,0.0320124025707786,32.0124025707786,0.0308666666666666,30.8666666666666,30.8666666666666,30.8666666666666,30.8666666666666,28.303636647854105,28.303636647854105,28.303636647854105,32.0124025707786,32.0124025707786,32.0124025707786,23.67946595699022,8.607844115324793,-3.9836734244609104,4.624170690863885,22.677986928476592,11.250415620599096,-1.9159999782970907,9.334415642302005,23.117880389827317,10.313646090001765,-2.5648598131624816,7.748786276839283
2015-11-23,TDOU,-23.08,30.384,630.2,2015,11,23,327,0.0210058748726864,21.0058748726864,0.0202238360624963,20.2238360624963,0.0190375,19.0375,19.0375,19.0375,19.0375,26.8877168859657,21.0058748726864,21.0058748726864,20.2238360624963,20.2238360624963,20.2238360624963,23.66733551198786,5.08249434141924,-1.8621129674414014,3.220381373977837,22.665295308541047,1.5495122848303868,-3.990971530875136,-2.4414592460447473,23.105836754604248,-3.572314292577788,-0.4960224620264597,-4.068336754604246
2015-11-24,TDOU,-23.08,30.384,630.2,2015,11,24,328,0.0217314343594921,21.7314343594921,0.0226479956852275,22.6479956852275,0.0225083333333333,22.5083333333333,22.5083333333333,22.5083333333333,22.5083333333333,21.7314343594921,21.7314343594921,21.7314343594921,22.6479956852275,22.6479956852275,22.6479956852275,23.655149805178535,0.4436182248529553,-2.3673336705393915,-1.9237154456864367,22.652551357081386,2.2236429899754686,-2.228198661829353,-0.004555671853886167,23.09372593668941,1.558549357247093,-2.1439419606032004,-0.5853926033561088
2015-11-25,TDOU,-23.08,30.384,630.2,2015,11,25,329,0.0268877168859657,26.8877168859657,0.0237487590802733,23.7487590802733,0.0237499999999999,23.7499999999999,23.7499999999999,23.7499999999999,23.7499999999999,26.8877168859657,26.8877168859657,26.8877168859657,23.7487590802733,23.7487590802733,23.7487590802733,23.64291061993197,4.048936980658882,-0.8041307146251562,3.244806266033727,22.639757031240805,2.336503255694028,-1.227501206661536,1.1090020490324939,23.081549955791846,1.8364390302209952,-1.16798898601294,0.6684500442080541
2015-11-26,TDOU,-23.08,30.384,630.2,2015,11,26,330,0.0252772666826135,25.2772666826135,0.0223116463828557,22.3116463828557,0.0226124999999999,22.6124999999999,22.6124999999999,22.6124999999999,22.6124999999999,25.2772666826135,25.2772666826135,25.2772666826135,22.3116463828557,22.3116463828557,22.3116463828557,23.630619802323686,2.122260744726863,-0.47561386443704734,1.6466468802898149,22.62691435925339,0.7098221857241781,-1.0250901621218702,-0.315267976397692,23.069310916004998,0.16028973887798384,-0.6171006548830817,-0.4568109160050966
2015-11-27,TDOU,-23.08,30.384,630.2,2015,11,27,331,0.0310044320561286,31.0044320561286,0.0303764335552389,30.3764335552389,0.0312666666666666,31.2666666666666,31.2666666666666,31.2666666666666,31.2666666666666,31.0044320561286,31.0044320561286,31.0044320561286,30.3764335552389,30.3764335552389,30.3764335552389,23.61827929026651,6.55476520288972,0.8313875629723704,7.386152765862089,22.614025452472248,9.574659302641212,-1.8122511998745594,7.762408102766653,23.05701100815985,7.5868687252342975,0.6227869332724545,8.209655658506751
2015-11-28,TDOU,-23.08,30.384,630.2,2015,11,28,332,0.0337898123512184,33.789812351218394,0.0333393503253165,33.3393503253165,0.0327833333333333,32.7833333333333,32.7833333333333,32.7833333333333,32.7833333333333,33.789812351218394,33.789812351218394,33.789812351218394,33.3393503253165,33.3393503253165,33.3393503253165,23.605891105584075,10.450433983307482,-0.26651273767316397,10.18392124563432,22.601092482943102,10.494216811203291,0.24404103117010933,10.7382578423734,23.044652494877887,9.81772421268605,-0.07904337423063623,9.738680838455416
2015-11-29,TDOU,-23.08,30.384,630.2,2015,11,29,333,0.0354753106321069,35.4753106321069,0.0368587425520896,36.8587425520896,0.0345458333333333,34.545833333333306,34.545833333333306,34.545833333333306,34.545833333333306,35.4753106321069,35.4753106321069,35.4753106321069,36.8587425520896,36.8587425520896,36.8587425520896,23.59345735105635,11.35300579799391,0.5288474830566372,11.881853281050546,22.58811766817388,12.347872096039406,1.9227527878763162,14.270624883915723,23.032237669182912,11.595078455358577,-0.08148279120818103,11.513595664150394
2015-11-30,TDOU,-23.08,30.384,630.2,2015,11,30,334,0.0304977179598097,30.4977179598097,0.0326397910580051,32.6397910580051,0.0312291666666666,31.2291666666666,31.2291666666666,31.2291666666666,31.2291666666666,30.4977179598097,30.4977179598097,30.4977179598097,32.6397910580051,32.6397910580051,32.6397910580051,23.580980200884675,7.602665379663727,-0.6859276207386991,6.916737758925027,22.57510327404222,9.675876276612355,0.3888115073505247,10.064687783962881,23.01976887350672,9.150859969880383,-0.9414621767205027,8.20939779315988
2015-12-01,TDOU,-23.08,30.384,630.2,2015,12,1,335,0.02509955246272,25.09955246272,0.0304907053608338,30.4907053608338,0.0296958333333333,29.6958333333333,29.6958333333333,29.6958333333333,29.6958333333333,25.09955246272,25.09955246272,25.09955246272,30.4907053608338,30.4907053608338,30.4907053608338,23.568461853428506,3.8376230818056314,-2.3065324725141387,1.5310906092914927,22.562051547000333,8.123270763359887,-0.19461694952642006,7.928653813833467,23.007248426744933,7.90732376836643,-1.2187388617780606,6.688584906588368
2015-12-02,TDOU,-23.08,30.384,630.2,2015,12,2,336,0.0241467991754078,24.1467991754078,0.0240841572514836,24.0841572514836,0.0252208333333333,25.2208333333333,25.2208333333333,25.2208333333333,25.2208333333333,24.1467991754078,24.1467991754078,24.1467991754078,24.0841572514836,24.0841572514836,24.0841572514836,23.555904539763095,3.182102077993426,-2.591207442348722,0.5908946356447053,22.548964739064235,3.5792660057210766,-2.0440734933017133,1.5351925124193642,22.994678658500348,4.277772049686627,-2.0516173748536772,2.2261546748329515
2015-12-03,TDOU,-23.08,30.384,630.2,2015,12,3,337,0.0396639578736608,39.663957873660806,0.0376766582798654,37.6766582798654,0.0377125,37.712500000000006,37.712500000000006,37.712500000000006,37.712500000000006,39.663957873660806,39.663957873660806,39.663957873660806,37.6766582798654,37.6766582798654,37.6766582798654,23.543310503040672,13.481359727546408,2.6392876430737253,16.120647370620134,22.53584510263617,12.618540457802206,2.5222727194270256,15.14081317722923,22.98206190465979,13.500466261980472,1.2299718333597447,14.730438095340215
2015-12-04,TDOU,-23.08,30.384,630.2,2015,12,4,338,0.0409305966018461,40.9305966018461,0.0390610218439404,39.0610218439404,0.0396916666666666,39.6916666666666,39.6916666666666,39.6916666666666,39.6916666666666,40.9305966018461,40.9305966018461,40.9305966018461,39.0610218439404,39.0610218439404,39.0610218439404,23.530681931524175,14.553236541248504,2.846678129073421,17.399914670321923,22.522694823754854,13.5601578948938,2.9781691252917497,16.538327020185548,22.969400437843284,14.806182894286747,1.916083334536566,16.722266228823315
2015-12-07,TDOU,-23.08,30.384,630.2,2015,12,7,341,0.0353411256425618,35.341125642561806,0.0359160717570518,35.9160717570518,0.0355333333333333,35.533333333333296,35.533333333333296,35.533333333333296,35.533333333333296,35.341125642561806,35.341125642561806,35.341125642561806,35.9160717570518,35.9160717570518,35.9160717570518,23.492610714908672,10.940542412097539,0.9079725155555955,11.848514927653135,22.483081733410852,11.510664359247595,1.9223256643933553,13.43299002364095,22.931170301924407,12.002336053134524,0.5998269782743648,12.602163031408889
2015-12-08,TDOU,-23.08,30.384,630.2,2015,12,8,342,0.0369770344512446,36.977034451244606,0.0397699957870819,39.7699957870819,0.0391541666666666,39.1541666666666,39.1541666666666,39.1541666666666,39.1541666666666,36.977034451244606,36.977034451244606,36.977034451244606,39.7699957870819,39.7699957870819,39.7699957870819,23.47986580239329,11.529424501801675,1.9677441470496397,13.497168648851314,22.469830636677354,13.678724236629664,3.6214409137748866,17.30016515040455,22.918352683699343,14.29866171670815,1.9371522662591047,16.235813982967255
2015-12-09,TDOU,-23.08,30.384,630.2,2015,12,9,343,0.0425180870415824,42.5180870415824,0.0433215888912376,43.3215888912376,0.0444499999999999,44.449999999999896,44.449999999999896,44.449999999999896,44.449999999999896,42.5180870415824,42.5180870415824,42.5180870415824,43.3215888912376,43.3215888912376,43.3215888912376,23.46709736870601,15.31713655350429,3.733853119372096,19.050989672876387,22.456559903544402,15.679915737250344,5.185113250442857,20.8650289876932,22.905501935652662,18.230646856416485,3.3138512079307496,21.544498064347234
2015-12-10,TDOU,-23.08,30.384,630.2,2015,12,10,344,0.0409531897347638,40.9531897347638,0.0417015561589186,41.7015561589186,0.0386916666666666,38.691666666666606,38.691666666666606,38.691666666666606,38.691666666666606,40.9531897347638,40.9531897347638,40.9531897347638,41.7015561589186,41.7015561589186,41.7015561589186,23.454307744553766,14.170187938736657,3.3286940514733736,17.49888199021003,22.4432718462444,14.748333388788872,4.509950923885327,19.2582843126742,22.89262058400371,13.995401204923398,1.8036448777395009,15.799046082662898
2015-12-11,TDOU,-23.08,30.384,630.2,2015,12,11,345,0.0341622518913954,34.1622518913954,0.0367989685093577,36.79896850935771,0.0340666666666666,34.0666666666666,34.0666666666666,34.0666666666666,34.0666666666666,34.1622518913954,34.1622518913954,34.1622518913954,36.79896850935771,36.79896850935771,36.79896850935771,23.441499276800982,9.628900540546633,1.091852074047786,10.720752614594417,22.42996882885428,11.808847675640465,2.560152004862964,14.368999680503428,22.879711188212813,10.68207583816139,0.5048796402923976,11.186955478453786
2015-12-12,TDOU,-23.08,30.384,630.2,2015,12,12,346,0.0363554893537681,36.3554893537681,0.0327621157245255,32.7621157245255,0.0351,35.1,35.1,35.1,35.1,36.3554893537681,36.3554893537681,36.3554893537681,32.7621157245255,32.7621157245255,32.7621157245255,23.428674280052128,11.087876474742073,1.8389385989738969,12.926815073715971,22.41665319299508,9.162123234257766,1.1833392972726529,10.34546253153042,22.866776291846225,11.449338624509881,0.7838850836438951,12.233223708153776
2015-12-13,TDOU,-23.08,30.384,630.2,2015,12,13,347,0.0467861176271625,46.7861176271625,0.0456022862085049,45.6022862085049,0.04685,46.85,46.85,46.85,46.85,46.7861176271625,46.7861176271625,46.7861176271625,45.6022862085049,45.6022862085049,45.6022862085049,23.415834975468155,17.647272169255128,5.723010482439214,23.370282651694342,22.403327190393078,16.970146624945954,6.228812393165867,23.19895901811182,22.853818404880816,19.052501072341283,4.943680522777903,23.996181595119186
2015-12-14,TDOU,-23.08,30.384,630.2,2015,12,14,348,0.0477143141231224,47.7143141231224,0.0470927469453632,47.0927469453632,0.04545,45.45,45.45,45.45,45.45,47.7143141231224,47.7143141231224,47.7143141231224,47.0927469453632,47.0927469453632,47.0927469453632,23.402983532898237,16.935656670825793,7.37567391939837,24.311330590224163,22.3899930511622,15.805952392144185,8.896801502056817,24.702753894201003,22.840840045240718,18.15583362948403,4.453326325275256,22.609159954759285
2015-12-15,TDOU,-23.08,30.384,630.2,2015,12,15,349,0.0364120775129726,36.4120775129726,0.0357425306898619,35.7425306898619,0.0354583333333333,35.4583333333333,35.4583333333333,35.4583333333333,35.4583333333333,36.4120775129726,36.4120775129726,36.4120775129726,35.7425306898619,35.7425306898619,35.7425306898619,23.390122065779867,8.89129786232704,4.130657584865695,13.021955447192735,22.376652967481643,8.955929105277171,4.409948617103087,13.365877722380258,22.82784369108755,8.684749470260119,3.94574017198563,12.630489642245749
2015-12-16,TDOU,-23.08,30.384,630.2,2015,12,16,350,0.0303686784523158,30.3686784523158,0.0312160015292146,31.2160015292146,0.0315083333333333,31.508333333333297,31.508333333333297,31.508333333333297,31.508333333333297,30.3686784523158,30.3686784523158,30.3686784523158,31.2160015292146,31.2160015292146,31.2160015292146,23.37725259319605,5.472469728783552,1.5189561303361998,6.991425859119751,22.363309035056417,6.524710030870044,2.3279824632881407,8.852692494158184,22.814831727748842,6.842686965621826,1.8508146399626284,8.693501605584455
2015-12-17,TDOU,-23.08,30.384,630.2,2015,12,17,351,0.0330683467519073,33.0683467519073,0.0320435242464656,32.0435242464656,0.032,32.0,32.0,32.0,32.0,33.0683467519073,33.0683467519073,33.0683467519073,32.0435242464656,32.0435242464656,32.0435242464656,23.364377037776382,3.3107844532748048,6.393185260856111,9.703969714130917,22.34996324135895,2.728897626970294,6.964663378136358,9.693561005106652,22.801806437472706,3.5191532296586674,5.679040332868627,9.198193562527294
2015-12-18,TDOU,-23.08,30.384,630.2,2015,12,18,352,0.0264870104305689,26.487010430568898,0.0297963957100353,29.796395710035306,0.0283833333333333,28.383333333333297,28.383333333333297,28.383333333333297,28.383333333333297,26.487010430568898,26.487010430568898,26.487010430568898,29.796395710035306,29.796395710035306,29.796395710035306,23.351497255527143,0.1885641905436401,2.946948984498114,3.135513175041755,22.336617483504135,1.4723657880185395,5.9874124385126315,7.459778226531171,22.788770021514402,1.5830221755162226,4.011541136302672,5.594563311818895
2015-12-19,TDOU,-23.08,30.384,630.2,2015,12,19,353,0.0202989573036939,20.2989573036939,0.0197259016721741,19.725901672174103,0.0203625,20.3625,20.3625,20.3625,20.3625,20.2989573036939,20.2989573036939,20.2989573036939,19.725901672174103,19.725901672174103,19.725901672174103,23.33861504151478,-4.289241771206851,1.2495840333859682,-3.0396577378208818,22.323273579673522,-3.42026685146902,0.822894943969601,-2.5973719074994186,22.775724611813562,-3.556969075014462,1.1437444632008997,-2.413224611813561
2015-12-20,TDOU,-23.08,30.384,630.2,2015,12,20,354,0.0283432494193771,28.3432494193771,0.0261638740604013,26.163874060401294,0.0283333333333333,28.3333333333333,28.3333333333333,28.3333333333333,28.3333333333333,28.3432494193771,28.3432494193771,28.3432494193771,26.163874060401294,26.163874060401294,26.163874060401294,23.325732114813096,0.662413180209101,4.355104124354902,5.017517304564002,22.30993331739833,1.2531664480262625,2.600774294976702,3.8539407430029655,22.76267229548642,1.8032699427826362,3.7673910950642444,5.570661037846879
2015-12-21,TDOU,-23.08,30.384,630.2,2015,12,21,355,0.0349693159687861,34.9693159687861,0.0360606279239553,36.0606279239553,0.0344041666666666,34.4041666666666,34.4041666666666,34.4041666666666,34.4041666666666,34.9693159687861,34.9693159687861,34.9693159687861,36.0606279239553,36.0606279239553,36.0606279239553,23.312850104301756,8.351000583108535,3.305465281375806,11.656465864484343,22.296598518084437,10.947897350832285,2.8161320550385796,13.764029405870865,22.749615153877695,8.326821022751488,3.327730490037414,11.654551512788903
2015-12-22,TDOU,-23.08,30.384,630.2,2015,12,22,356,0.0362462736574038,36.2462736574038,0.0370664067978679,37.0664067978679,0.0366458333333333,36.6458333333333,36.6458333333333,36.6458333333333,36.6458333333333,36.2462736574038,36.2462736574038,36.2462736574038,37.0664067978679,37.0664067978679,37.0664067978679,23.29997059331385,11.528758942916085,1.4175441211738615,12.946303064089946,22.283271081291513,13.17977703383914,1.6033586827372481,14.783135716576385,22.73655533929295,12.565794378176394,1.3434836158639598,13.909277994040352
2015-12-23,TDOU,-23.08,30.384,630.2,2015,12,23,357,0.0373325014789075,37.3325014789075,0.0364973723492877,36.4973723492877,0.0351916666666666,35.1916666666666,35.1916666666666,35.1916666666666,35.1916666666666,37.3325014789075,37.3325014789075,37.3325014789075,36.4973723492877,36.4973723492877,36.4973723492877,23.28709513905715,13.445136241528765,0.6002700983215874,14.045406339850352,22.269952968407477,13.46515542519533,0.7622639556848938,14.227419380880225,22.723495073278357,11.3590691284352,1.1091024649530397,12.468171593388242
2015-12-24,TDOU,-23.08,30.384,630.2,2015,12,24,358,0.0292278127562855,29.2278127562855,0.0293185681698713,29.318568169871305,0.0260124999999999,26.0124999999999,26.0124999999999,26.0124999999999,26.0124999999999,29.2278127562855,29.2278127562855,29.2278127562855,29.318568169871305,29.318568169871305,29.318568169871305,23.274225303306622,4.490068474179838,1.463518978799037,5.953587452978876,22.25664616098652,5.836404276057073,1.2255177328277114,7.061922008884785,22.710436597633844,1.367644079436421,1.9344193229296351,3.3020634023660556
2015-12-25,TDOU,-23.08,30.384,630.2,2015,12,25,359,0.0322054042596621,32.205404259662096,0.0305019701117919,30.5019701117919,0.0311333333333333,31.1333333333333,31.1333333333333,31.1333333333333,31.1333333333333,32.205404259662096,32.205404259662096,32.205404259662096,30.5019701117919,30.5019701117919,30.5019701117919,23.261362673168286,7.060105806339822,1.8839357801539904,8.94404158649381,22.243352611193,6.064833387476535,2.193784113122362,8.258617500598898,22.69738210862406,6.467376944663428,1.9685742800458144,8.435951224709243
2015-12-26,TDOU,-23.08,30.384,630.2,2015,12,26,360,0.0365918493035018,36.5918493035018,0.0370827767697479,37.0827767697479,0.0352333333333333,35.2333333333333,35.2333333333333,35.2333333333333,35.2333333333333,36.5918493035018,36.5918493035018,36.5918493035018,37.0827767697479,37.0827767697479,37.0827767697479,23.248508845770985,7.729895775182758,5.61344468254806,13.343340457730818,22.230074261936863,7.920621374432996,6.932081133378041,14.852702507811038,22.684333785368775,5.96080094109715,6.588198606867373,12.548999547964524
2015-12-27,TDOU,-23.08,30.384,630.2,2015,12,27,361,0.0338852510138731,33.8852510138731,0.033643692613549,33.643692613549,0.0336708333333333,33.670833333333306,33.670833333333306,33.670833333333306,33.670833333333306,33.8852510138731,33.8852510138731,33.8852510138731,33.643692613549,33.643692613549,33.643692613549,23.235665417014562,4.098537097693303,6.551048499165237,10.64958559685854,22.21681305309705,7.043733066218688,4.383146494233262,11.426879560451951,22.67129378482219,5.855877092385004,5.143662456126112,10.999539548511116
2015-12-28,TDOU,-23.08,30.384,630.2,2015,12,28,362,0.0265627114764314,26.5627114764314,0.0260046484863633,26.004648486363298,0.0259916666666666,25.9916666666666,25.9916666666666,25.9916666666666,25.9916666666666,26.5627114764314,26.5627114764314,26.5627114764314,26.004648486363298,26.004648486363298,26.004648486363298,23.222833992309514,-0.798470422376392,4.138347906498279,3.3398774841218852,22.203570929375935,-2.1389646983819883,5.940042255369349,3.8010775569873623,22.658264267877954,-2.4990929120813434,5.832495310869991,3.333402398788646
2015-12-29,TDOU,-23.08,30.384,630.2,2015,12,29,363,0.025612419515508,25.612419515508,0.0232479171732271,23.247917173227098,0.0231375,23.1375,23.1375,23.1375,23.1375,25.612419515508,25.612419515508,25.612419515508,23.247917173227098,23.247917173227098,23.247917173227098,23.21001615487064,-2.4630454967764384,4.865448857413799,2.4024033606373614,22.190349833144918,-2.8938812929804834,3.9514486330626646,1.05756734008218,22.645247405408433,-3.116724624714678,3.6089772193062437,0.4922525945915659
2015-12-30,TDOU,-23.08,30.384,630.2,2015,12,30,364,0.0260317076769521,26.0317076769521,0.0214831685011546,21.4831685011546,0.023025,23.025,23.025,23.025,23.025,26.0317076769521,26.0317076769521,26.0317076769521,21.4831685011546,21.4831685011546,21.4831685011546,23.197213434779943,-1.4156947847582426,4.250189026930396,2.8344942421721555,22.17715164038989,-3.2300794903517325,2.536096351116445,-0.6939831392352893,22.63224530588065,-2.535036905187005,2.927791599306353,0.39275469411934694
2016-01-01,TDOU,-23.08,30.384,630.2,2016,1,1,366,0.0396101336969848,39.6101336969848,0.0359858998118059,35.9858998118059,0.0365,36.5,36.5,36.5,36.5,39.6101336969848,39.6101336969848,39.6101336969848,35.9858998118059,35.9858998118059,35.9858998118059,23.1716590391281,5.304643379910884,11.133831277945816,16.438474657856702,22.150830917004786,3.5521439205821057,10.28292497421901,13.835068894801115,22.606293291961855,1.774020284129278,12.119686423908867,13.893706708038145
2016-01-02,TDOU,-23.08,30.384,630.2,2016,1,2,367,0.0396928677148401,39.6928677148401,0.0406699610600262,40.6699610600262,0.0402333333333333,40.2333333333333,23.025,40.2333333333333,40.2333333333333,25.612419515508,39.6928677148401,39.6928677148401,40.6699610600262,40.6699610600262,40.6699610600262,23.158910020163443,2.368700324173346,0.08480917117121223,2.4535094953445586,22.137711610088335,1.2136229145214665,17.318626535416403,18.53224944993787,22.593347091917362,-0.17405596857713215,0.6057088766597687,0.43165290808263634
2016-01-03,TDOU,-23.08,30.384,630.2,2016,1,3,368,0.0247503338900842,24.7503338900842,0.0233919191223875,23.3919191223875,0.0218916666666666,21.8916666666666,21.8916666666666,21.8916666666666,21.8916666666666,24.7503338900842,24.7503338900842,24.7503338900842,23.3919191223875,23.3919191223875,23.3919191223875,23.146181527601396,2.5051682093770813,-0.9010158468942784,1.6041523624828038,22.124621767259427,1.8641440103566813,-0.5968466552286102,1.267297355128072,22.580423210972576,1.2452851161495002,-1.934041660455474,-0.6887565443059742
2016-01-04,TDOU,-23.08,30.384,630.2,2016,1,4,369,0.0207499368803774,20.7499368803774,0.0178008362684732,17.800836268473198,0.018875,18.875,18.875,18.875,18.875,20.7499368803774,20.7499368803774,20.7499368803774,17.800836268473198,17.800836268473198,17.800836268473198,23.133474795994555,0.9995489317086068,-3.3830868473257603,-2.383537915617154,22.111562938151625,-0.10742583022182615,-4.2033008394566025,-4.310726669678427,22.567523467291554,-0.18426528732191938,-3.5082581799696335,-3.6925234672915543
2016-01-05,TDOU,-23.08,30.384,630.2,2016,1,5,370,0.0211658506469474,21.1658506469474,0.0205506130394543,20.5506130394543,0.0204375,20.4375,20.4375,20.4375,20.4375,21.1658506469474,21.1658506469474,21.1658506469474,20.5506130394543,20.5506130394543,20.5506130394543,23.12079096164868,-2.2952997043397234,0.3403593896384436,-1.954940314701279,22.098536571001315,-1.5319022463976313,-0.016021285149381725,-1.5479235315470135,22.5546495944151,-2.776751845837502,0.6596022514224025,-2.1171495944150998
2016-01-06,TDOU,-23.08,30.384,630.2,2016,1,6,371,0.0201440889499755,20.144088949975497,0.0186720437418822,18.6720437418822,0.0189458333333333,18.9458333333333,18.9458333333333,18.9458333333333,18.9458333333333,20.144088949975497,20.144088949975497,20.144088949975497,18.6720437418822,18.6720437418822,18.6720437418822,23.108131069291872,-2.0865630395472072,-0.8774790797691665,-2.9640421193163746,22.085544018041496,-1.3634065184605537,-2.0500937576987432,-3.413500276159297,22.541803222823717,-1.642695587464763,-1.953274302025651,-3.5959698894904157
2016-01-07,TDOU,-23.08,30.384,630.2,2016,1,7,372,0.02253592666254,22.53592666254,0.0226980699740932,22.6980699740932,0.0259875,25.9875,25.9875,25.9875,25.9875,22.53592666254,22.53592666254,22.53592666254,22.6980699740932,22.6980699740932,22.6980699740932,23.09549607262584,-0.4978481215442526,-0.06172128854158743,-0.5595694100858388,22.072586549827246,0.1818271093624244,0.4436563149035315,0.6254834242659548,22.528985895950754,1.0603821947941436,2.3981319092551026,3.4585141040492466
2016-01-09,TDOU,-23.08,30.384,630.2,2016,1,9,374,0.0411966411532855,41.19664115328551,0.0396776074933059,39.6776074933059,0.0386166666666666,38.6166666666666,38.6166666666666,38.6166666666666,38.6166666666666,41.19664115328551,41.19664115328551,41.19664115328551,39.6776074933059,39.6776074933059,39.6776074933059,23.070303961749378,4.7034177819574685,13.422919409578665,18.126337191536134,22.046781372515067,5.386300169736648,12.244525951054182,17.630826120790832,22.503443986079102,6.374029233429435,9.739193447158069,16.1132226805875
2016-01-10,TDOU,-23.08,30.384,630.2,2016,1,10,375,0.042229662219785,42.229662219785,0.0411843676287647,41.1843676287647,0.0407541666666666,40.7541666666666,40.7541666666666,40.7541666666666,40.7541666666666,42.229662219785,42.229662219785,42.229662219785,41.1843676287647,41.1843676287647,41.1843676287647,23.057748127972935,5.091622902911244,14.080291188900823,19.171914091812063,22.033935650246757,10.045990100584692,9.104441877933247,19.15043197851794,22.490721948521855,9.431252813799972,8.832191904344771,18.263444718144743
2016-01-11,TDOU,-23.08,30.384,630.2,2016,1,11,376,0.0389733784879111,38.97337848791111,0.0370066498926059,37.0066498926059,0.0350208333333333,35.0208333333333,35.0208333333333,35.0208333333333,35.0208333333333,38.97337848791111,38.97337848791111,38.97337848791111,37.0066498926059,37.0066498926059,37.0066498926059,23.045219804526504,0.7930191785460661,15.135139504838541,15.92815868338461,22.021129107574435,2.176437564050518,12.809083220980948,14.985520785031465,22.478034170691792,3.0901727314127614,9.452626431228747,12.542799162641508
2016-01-12,TDOU,-23.08,30.384,630.2,2016,1,12,377,0.0372333512685541,37.2333512685541,0.0349750935277863,34.9750935277863,0.0349791666666666,34.9791666666666,34.9791666666666,34.9791666666666,34.9791666666666,37.2333512685541,37.2333512685541,37.2333512685541,34.9750935277863,34.9750935277863,34.9750935277863,23.03271947353992,4.094200741511385,10.106431053502796,14.200631795014182,22.008362727086134,2.6346777936043573,10.332053007095812,12.966730800700166,22.46538193700235,4.110216891602214,8.403567838062038,12.513784729664252
2016-01-13,TDOU,-23.08,30.384,630.2,2016,1,13,378,0.0409181642462378,40.9181642462378,0.0386214871318171,38.62148713181711,0.0380833333333333,38.0833333333333,38.0833333333333,38.0833333333333,38.0833333333333,40.9181642462378,40.9181642462378,40.9181642462378,38.62148713181711,38.62148713181711,38.62148713181711,23.02024762265417,6.514906968060863,11.383009655522766,17.89791662358363,21.995637475814593,6.604221258898925,10.021628397103594,16.62584965600252,22.45276654693344,6.099713757282234,9.530853029117626,15.63056678639986
2016-01-14,TDOU,-23.08,30.384,630.2,2016,1,14,379,0.045499054315106,45.499054315106,0.0410681043425275,41.0681043425275,0.0426,42.6,42.6,42.6,42.6,45.499054315106,45.499054315106,45.499054315106,41.0681043425275,41.0681043425275,41.0681043425275,23.007804709354385,7.255733665305611,15.235515940446003,22.491249605751616,21.982954296322465,11.085084234651001,8.000065811554034,19.085150046205033,22.440189273087643,11.150747327327208,9.009063399585148,20.159810726912358
2016-01-15,TDOU,-23.08,30.384,630.2,2016,1,15,380,0.0494386019987339,49.4386019987339,0.0471819714603273,47.1819714603273,0.0478916666666666,47.8916666666666,47.8916666666666,47.8916666666666,47.8916666666666,49.4386019987339,49.4386019987339,49.4386019987339,47.1819714603273,47.1819714603273,47.1819714603273,22.99539111637079,6.798035819193151,19.645175063169958,26.44321088236311,21.970314116236278,7.453896743875683,17.757760600215338,25.21165734409102,22.42765137528283,6.634467559003057,18.829547732380714,25.46401529138377
2016-01-16,TDOU,-23.08,30.384,630.2,2016,1,16,381,0.0452283787148815,45.2283787148815,0.0461012302741899,46.1012302741899,0.045025,45.025000000000006,45.025000000000006,45.025000000000006,45.025000000000006,45.2283787148815,45.2283787148815,45.2283787148815,46.1012302741899,46.1012302741899,46.1012302741899,22.983007206383466,6.038303785681572,16.207067722816465,22.245371508498035,21.957717861748176,6.164351026529435,17.979161385912295,24.143512412441726,22.41515410849906,7.899190042509413,14.710655848991536,22.609845891500946
2016-01-17,TDOU,-23.08,30.384,630.2,2016,1,17,382,0.038203166773555,38.203166773555004,0.0382707154635141,38.2707154635141,0.0370166666666666,37.0166666666666,37.0166666666666,37.0166666666666,37.0166666666666,38.203166773555004,38.203166773555004,38.203166773555004,38.2707154635141,38.2707154635141,38.2707154635141,22.9706533561486,5.93283522331674,9.299678194089669,15.232513417406405,21.945166477449707,5.419495814859428,10.906053171204963,16.325548986064394,22.40269874387799,5.268520712659005,9.345447210129606,14.61396792278861
2016-01-18,TDOU,-23.08,30.384,630.2,2016,1,18,383,0.0305403978643368,30.5403978643368,0.0313616793540676,31.3616793540676,0.0283416666666666,28.3416666666666,28.3416666666666,28.3416666666666,28.3416666666666,30.5403978643368,30.5403978643368,30.5403978643368,31.3616793540676,31.3616793540676,31.3616793540676,22.958329981899503,3.1681296071002194,4.4139382753370775,7.582067882437297,21.932660942000407,3.3534261279179773,6.0755922841492165,9.429018412067194,22.39028657731033,2.376157121087982,3.575222968268289,5.95138008935627
2016-01-19,TDOU,-23.08,30.384,630.2,2016,1,19,384,0.033834778158288,33.834778158288,0.0325923828161096,32.5923828161096,0.0333125,33.3125,33.3125,33.3125,33.3125,33.834778158288,33.834778158288,33.834778158288,32.5923828161096,32.5923828161096,32.5923828161096,22.946037532101496,3.56424652117484,7.3244941050116665,10.888740626186507,21.920202258796312,3.3774534903016447,7.294727067011642,10.672180557313286,22.37791892542104,4.408298154356991,6.52628292022197,10.934581074578961
2016-01-20,TDOU,-23.08,30.384,630.2,2016,1,20,385,0.037075282500038,37.075282500038,0.0365544445710962,36.5544445710962,0.0351916666666666,35.1916666666666,35.1916666666666,35.1916666666666,35.1916666666666,37.075282500038,37.075282500038,37.075282500038,36.5544445710962,36.5544445710962,36.5544445710962,22.933776377731927,1.3431695701645725,12.798336552141503,14.141506122306073,21.90779136019661,-2.293766926634639,16.940420137534225,14.646653210899586,22.36559700698011,2.704345343121216,10.12172431656527,12.826069659686489
2016-01-21,TDOU,-23.08,30.384,630.2,2016,1,21,386,0.0333682375062816,33.3682375062816,0.029750491945662,29.750491945662,0.0286166666666666,28.6166666666666,34.175,28.6166666666666,28.6166666666666,33.3682375062816,33.3682375062816,33.3682375062816,29.750491945662,29.750491945662,29.750491945662,22.92154676243331,-1.8852207839554271,12.331911527803719,10.446690743848293,21.895429047235996,-0.17225486358626518,8.027317762012267,7.855062898426002,22.353321893376084,-2.660671266223602,14.482349372847516,11.821678106623914
2016-01-22,TDOU,-23.08,30.384,630.2,2016,1,22,387,0.0374779795564911,37.4779795564911,0.0366250254221144,36.6250254221144,0.034175,34.175,34.175,34.175,34.175,37.4779795564911,37.4779795564911,37.4779795564911,36.6250254221144,36.6250254221144,36.6250254221144,22.90934885130175,2.07916917286657,12.489461532322778,14.56863070518935,21.88311602355855,3.890014167231525,10.85189523132432,14.741909398555848,22.3410945575886,4.0756803434080195,7.758225099003376,11.833905442411396
2016-01-23,TDOU,-23.08,30.384,630.2,2016,1,23,388,0.0358936116320134,35.8936116320134,0.0367018867075942,36.7018867075942,0.0356291666666666,35.6291666666666,35.6291666666666,35.6291666666666,35.6291666666666,35.8936116320134,35.8936116320134,35.8936116320134,36.7018867075942,36.7018867075942,36.7018867075942,22.897182759498854,-1.3231219251515487,14.319550797666096,12.99642887251455,21.8708529227978,0.9691936285900375,13.861840156206366,14.8310337847964,22.32891590745613,-1.8765424608140064,15.176793220024479,13.30025075921047
2016-01-24,TDOU,-23.08,30.384,630.2,2016,1,24,389,0.0398535533737166,39.8535533737166,0.0387171302078856,38.7171302078856,0.0404083333333333,40.4083333333333,40.4083333333333,40.4083333333333,40.4083333333333,39.8535533737166,39.8535533737166,39.8535533737166,38.7171302078856,38.7171302078856,38.7171302078856,22.88504855564967,-7.780094837339693,24.748599655406625,16.96850481806693,21.858640396657474,-7.981236853948753,24.83972666517688,16.85848981122813,22.3167867962193,-8.789519495523791,26.881066032637793,18.091546537114002
2016-01-25,TDOU,-23.08,30.384,630.2,2016,1,25,390,0.0497723521792436,49.7723521792436,0.04463246051926,44.63246051926,0.0467541666666666,46.7541666666666,35.925,46.7541666666666,46.7541666666666,38.871556933194,49.7723521792436,49.7723521792436,44.63246051926,44.63246051926,44.63246051926,22.87294629277543,-7.54429590058094,23.54290654099951,15.998610640418569,21.84647911378241,-7.062544337034027,29.848525742511615,22.78598140547759,22.304708060926856,0.21190771800285427,13.408384221070285,13.620291939073141
2016-01-26,TDOU,-23.08,30.384,630.2,2016,1,26,391,0.0397862202375814,39.78622023758141,0.0414461147618365,41.446114761836505,0.0403583333333333,40.3583333333333,40.3583333333333,40.3583333333333,40.3583333333333,39.78622023758141,39.78622023758141,39.78622023758141,41.446114761836505,41.446114761836505,41.446114761836505,22.860876039409696,-4.1787861016721495,21.104130299843867,16.925344198171715,21.834369737789647,-3.8173793197077575,23.429124343754612,19.611745024046858,22.292680560664447,-0.48225880055687886,18.54791157322573,18.06565277266885
2016-01-27,TDOU,-23.08,30.384,630.2,2016,1,27,392,0.0307758068547666,30.7758068547666,0.0297365556019152,29.7365556019152,0.0294583333333333,29.4583333333333,29.4583333333333,29.4583333333333,29.4583333333333,30.7758068547666,30.7758068547666,30.7758068547666,29.7365556019152,29.7365556019152,29.7365556019152,22.848837938711625,1.3604087876786755,6.566560128376299,7.926968916054975,21.82231294620801,1.9465435559988542,5.967699099708334,7.914242655707188,22.280705207327344,1.7829067831768306,5.394721342829126,7.177628126005956
2016-01-28,TDOU,-23.08,30.384,630.2,2016,1,28,393,0.038871556933194,38.871556933194,0.0339125792527364,33.9125792527364,0.035925,35.925,35.925,35.925,35.925,38.871556933194,38.871556933194,38.871556933194,33.9125792527364,33.9125792527364,33.9125792527364,22.836832219002414,5.935145197971407,10.099579516220178,16.034724714191587,21.8103094567279,5.636172733040358,6.466097062968142,12.1022697960085,22.268782951579947,5.647537570946825,8.008679477473226,13.65621704842005
2016-01-29,TDOU,-23.08,30.384,630.2,2016,1,29,394,0.0431727678208283,43.17276782082831,0.0419161731790416,41.9161731790416,0.0436833333333333,43.6833333333333,43.6833333333333,43.6833333333333,43.6833333333333,43.17276782082831,43.17276782082831,43.17276782082831,41.9161731790416,41.9161731790416,41.9161731790416,22.824859120719015,16.659028707797397,3.6888799923119002,20.347908700109297,21.79835997422762,13.239447818200656,6.878365386613325,20.11781320481398,22.25691472822974,14.665970466867936,6.760448138235624,21.42641860510356
2016-01-30,TDOU,-23.08,30.384,630.2,2016,1,30,395,0.0363457795069717,36.3457795069717,0.0344850661866757,34.485066186675695,0.0347375,34.7375,34.7375,34.7375,34.7375,36.3457795069717,36.3457795069717,36.3457795069717,34.485066186675695,34.485066186675695,34.485066186675695,22.81291882773868,11.56922615139557,1.9636345278374527,13.532860679233021,21.786465141978777,9.326690960308442,3.371910084388478,12.698601044696918,22.245101436171645,10.864059094690178,1.6283394691381758,12.492398563828353
2016-02-01,TDOU,-23.08,30.384,630.2,2016,2,1,397,0.0272147791609653,27.2147791609653,0.0210194982366493,21.019498236649294,0.0220416666666666,22.0416666666666,22.0416666666666,22.0416666666666,22.0416666666666,27.2147791609653,27.2147791609653,27.2147791609653,21.019498236649294,21.019498236649294,21.019498236649294,22.789137136138134,4.953105737757901,-0.5274637129307358,4.425642024827166,21.76284171964876,3.473627805539547,-4.2169712885390105,-0.7433434829994638,22.221643145725583,4.067626039771034,-4.247602518830018,-0.17997647905898262
2016-02-02,TDOU,-23.08,30.384,630.2,2016,2,2,398,0.0274797146309405,27.4797146309405,0.0240275503564,24.027550356400003,0.023525,23.525,23.525,23.525,23.525,27.4797146309405,27.4797146309405,27.4797146309405,24.027550356400003,24.027550356400003,24.027550356400003,22.777295952396425,6.721259381134809,-2.018840702590733,4.702418678544074,21.75111420524268,4.886656796558247,-2.610220645400922,2.2764361511573235,22.20999987723516,4.505574076584167,-3.190573953819328,1.3150001227648396
2016-02-03,TDOU,-23.08,30.384,630.2,2016,2,3,399,0.0352817210741836,35.2817210741836,0.02911606748782,29.11606748782,0.0312125,31.2125,31.2125,31.2125,31.2125,35.2817210741836,35.2817210741836,35.2817210741836,29.11606748782,29.11606748782,29.11606748782,22.765488069831363,9.601005438201652,2.915227566150584,12.516233004352237,21.739443595696592,7.511661948601119,-0.13503805647771117,7.376623892123408,22.1984150562048,7.596664778159193,1.4174201656360026,9.014084943795197
2016-02-04,TDOU,-23.08,30.384,630.2,2016,2,4,400,0.0423666463849437,42.3666463849437,0.0407864950098726,40.7864950098726,0.0411041666666666,41.1041666666666,41.1041666666666,41.1041666666666,41.1041666666666,42.3666463849437,42.3666463849437,42.3666463849437,40.7864950098726,40.7864950098726,40.7864950098726,22.753713681759336,4.800920702015627,14.812012001168739,19.612932703184363,21.727830494943536,14.783699162616372,4.2749653523126945,19.058664514929067,22.186889604064984,14.848101501056277,4.0691755615453395,18.917277062601617
2016-02-05,TDOU,-23.08,30.384,630.2,2016,2,5,401,0.0392525031289542,39.2525031289542,0.0381647210547423,38.1647210547423,0.0368125,36.8125,36.8125,36.8125,36.8125,39.2525031289542,39.2525031289542,39.2525031289542,38.1647210547423,38.1647210547423,38.1647210547423,22.741972983096655,11.879684434457005,4.630845711400543,16.510530145857548,21.716275479658798,4.89952569069885,11.548919884384652,16.448445575083504,22.17542441457632,6.795693132343206,7.841382453080474,14.63707558542368
2016-02-06,TDOU,-23.08,30.384,630.2,2016,2,6,402,0.0348046650002588,34.8046650002588,0.0310133517760684,31.0133517760684,0.0313625,31.3625,31.3625,31.3625,31.3625,34.8046650002588,34.8046650002588,34.8046650002588,31.0133517760684,31.0133517760684,31.0133517760684,22.730266192641224,7.024791034615036,5.049607773002542,12.074398807617577,21.704779106689863,6.004010642748322,3.304562026630215,9.308572669378538,22.164020388597862,6.472267505961286,2.726212105440851,9.198479611402139
2016-02-07,TDOU,-23.08,30.384,630.2,2016,2,7,403,0.041253881872807,41.253881872807,0.038418893855396,38.418893855396,0.0384083333333333,38.4083333333333,38.4083333333333,38.4083333333333,38.4083333333333,41.253881872807,41.253881872807,41.253881872807,38.418893855396,38.418893855396,38.418893855396,22.718593567843303,4.849458869786689,13.68582943517701,18.535288304963697,21.693341940911044,3.2864458111975474,13.439106103287411,16.725551914484956,22.152678455625594,2.8601013941999116,13.3955534835078,16.25565487770771
2016-02-08,TDOU,-23.08,30.384,630.2,2016,2,8,404,0.0358771854519723,35.8771854519723,0.0368791783006566,36.879178300656605,0.034775,34.775,34.775,34.775,34.775,35.8771854519723,35.8771854519723,35.8771854519723,36.879178300656605,36.879178300656605,36.879178300656605,22.706955356619076,6.255087404126375,6.915142691226851,13.170230095353226,21.681964554635773,6.787786528570492,8.40942721745034,15.197213746020832,22.14139954588451,5.314347483101998,7.319252971013491,12.633600454115488
2016-02-09,TDOU,-23.08,30.384,630.2,2016,2,9,405,0.0330197897704927,33.0197897704927,0.0302587842241662,30.2587842241662,0.0300875,30.0875,30.0875,30.0875,30.0875,33.0197897704927,33.0197897704927,33.0197897704927,30.2587842241662,30.2587842241662,30.2587842241662,22.695351742643478,1.766159485466766,8.558278542382457,10.324438027849222,21.6706474577141,0.5026282185593136,8.085508547892786,8.588136766452099,22.13018452032283,-1.371523212222155,9.328838691899325,7.95731547967717
2016-02-10,TDOU,-23.08,30.384,630.2,2016,2,10,406,0.0388750805551263,38.875080555126296,0.0350508894550279,35.0508894550279,0.0351125,35.1125,35.1125,35.1125,35.1125,38.875080555126296,38.875080555126296,38.875080555126296,35.0508894550279,35.0508894550279,35.0508894550279,22.6837828562016,-4.184387427299538,20.375685126224237,16.191297698924696,21.659391098733742,-7.551388821991146,20.942887178285304,13.391498356294157,22.119034178117243,-7.206547790295544,20.2000136121783,12.993465821882754
2016-02-11,TDOU,-23.08,30.384,630.2,2016,2,11,407,0.037859186790045,37.859186790045,0.0380267929133488,38.0267929133488,0.0383958333333333,38.3958333333333,38.3958333333333,38.3958333333333,38.3958333333333,37.859186790045,37.859186790045,37.859186790045,38.0267929133488,38.0267929133488,38.0267929133488,22.672248820726363,-3.7153646413271644,18.9023026106458,15.186937969318638,21.648195911310193,-5.796757834316903,22.175354836355513,16.378597002038607,22.10794929966895,-5.950333932340359,22.238217966004708,16.28788403366435
2016-02-12,TDOU,-23.08,30.384,630.2,2016,2,12,408,0.0376066542278504,37.6066542278504,0.0378143005931946,37.8143005931946,0.0363208333333333,36.3208333333333,36.3208333333333,36.3208333333333,36.3208333333333,37.6066542278504,37.6066542278504,37.6066542278504,37.8143005931946,37.8143005931946,37.8143005931946,22.66074977933562,-2.571743626770003,17.51764807528478,14.945904448514778,21.637062310184525,-5.108196831026105,21.285435114036183,16.177238283010077,22.096930649038057,-4.25951651555998,18.48341919985522,14.22390268429524
2016-02-13,TDOU,-23.08,30.384,630.2,2016,2,13,409,0.0300706318749245,30.0706318749245,0.0289125562886676,28.9125562886676,0.0281916666666666,28.1916666666666,28.1916666666666,28.1916666666666,28.1916666666666,30.0706318749245,30.0706318749245,30.0706318749245,28.9125562886676,28.9125562886676,28.9125562886676,22.649285818291045,1.0610833103182804,6.3602627463151755,7.421346056633457,21.625990617260623,1.009257032743826,6.2773086386631505,7.286565671406976,22.085978891377476,1.6933185334066887,4.412369241882434,6.105687775289123
2016-02-14,TDOU,-23.08,30.384,630.2,2016,2,14,410,0.0246285591266416,24.6285591266416,0.023033950981369,23.033950981369,0.0233833333333333,23.3833333333333,23.3833333333333,23.3833333333333,23.3833333333333,24.6285591266416,24.6285591266416,24.6285591266416,23.033950981369,23.033950981369,23.033950981369,22.637856952098325,2.9429235611305145,-0.9522213865872367,1.9907021745432765,21.614981042134804,3.2829610910296125,-1.8639911517954175,1.418969939234195,22.07509456712737,3.9291707948649846,-2.620932028659052,1.3082387662059318
2016-02-15,TDOU,-23.08,30.384,630.2,2016,2,15,411,0.0270411724782987,27.0411724782987,0.0283034421741086,28.3034421741086,0.0269458333333333,26.9458333333333,26.9458333333333,26.9458333333333,26.9458333333333,27.0411724782987,27.0411724782987,27.0411724782987,28.3034421741086,28.3034421741086,28.3034421741086,22.62646312600501,5.318246454517289,-0.9035371022235985,4.414709352293691,21.604033724251327,6.684172091754756,0.015236358102516334,6.699408449857273,22.064278141011155,5.834952730748973,-0.9533975384268274,4.881555192322146
2016-02-16,TDOU,-23.08,30.384,630.2,2016,2,16,412,0.0287323428273502,28.7323428273502,0.0249986440895347,24.9986440895347,0.0269125,26.9125,26.9125,26.9125,26.9125,28.7323428273502,28.7323428273502,28.7323428273502,28.9125562886676,24.9986440895347,24.9986440895347,22.6151042185216,0.7641349870692629,5.353103621759338,6.1172386088286,21.59314871673768,1.672640099486295,5.646767472443624,7.3194075719299185,22.05352997358877,0.5564239221218157,4.302546104289416,4.858970026411232
2016-02-17,TDOU,-23.08,30.384,630.2,2016,2,17,413,0.0361112841911049,36.1112841911049,0.0323234971580304,32.3234971580304,0.0318208333333333,31.820833333333297,31.820833333333297,31.820833333333297,31.820833333333297,36.1112841911049,36.1112841911049,36.1112841911049,32.3234971580304,32.3234971580304,32.3234971580304,22.60378006642261,-4.800524155127823,18.308028279810117,13.507504124682292,21.582325993614788,-3.155643345898909,13.89681451031452,10.741171164415611,22.04285032539363,-2.3832759916040294,12.161258999543698,9.777983007939667
2016-02-18,TDOU,-23.08,30.384,630.2,2016,2,18,414,0.0376561222869711,37.6561222869711,0.0365740062916372,36.5740062916372,0.0379416666666666,37.941666666666606,37.941666666666606,37.941666666666606,37.941666666666606,37.6561222869711,37.6561222869711,37.6561222869711,36.5740062916372,36.5740062916372,36.5740062916372,22.592490458349037,-2.5968048656941156,17.66043669431618,15.06363182862206,21.57156544841783,-3.207706860016668,18.21014770323604,15.002440843219368,22.032239359914506,-3.4453278465645645,19.354755153316667,15.9094273067521
2016-02-19,TDOU,-23.08,30.384,630.2,2016,2,19,415,0.0380266964316458,38.0266964316458,0.037367126575734,37.367126575734005,0.03625,36.25,36.25,36.25,36.25,38.0266964316458,38.0266964316458,38.0266964316458,37.367126575734005,37.367126575734005,37.367126575734005,22.581235116948008,4.071626476513882,11.37383483818391,15.445461314697795,21.56086688510932,1.2571371146913795,14.549122575933303,15.806259690624685,22.021697135193502,2.550617934088785,11.677684930717714,14.228302864806498
2016-02-20,TDOU,-23.08,30.384,630.2,2016,2,20,416,0.0354265364173875,35.4265364173875,0.0348086086927601,34.808608692760096,0.0345083333333333,34.5083333333333,34.5083333333333,34.5083333333333,34.5083333333333,35.4265364173875,35.4265364173875,35.4265364173875,34.808608692760096,34.808608692760096,34.808608692760096,22.570013676008926,3.208191499332278,9.648331242046297,12.856522741378576,21.550229987326563,2.4129325002728184,10.845446205160716,13.258378705433532,22.011223586693642,1.740238484555831,10.756871262083823,12.497109746639655
2016-02-21,TDOU,-23.08,30.384,630.2,2016,2,21,417,0.0450858461632804,45.0858461632804,0.0425780277646486,42.5780277646486,0.0453833333333333,45.3833333333333,45.3833333333333,45.3833333333333,45.3833333333333,45.0858461632804,45.0858461632804,45.0858461632804,42.5780277646486,42.5780277646486,42.5780277646486,22.558825690574874,-1.7435239217157996,24.270544394421325,22.527020472705527,21.539654328261193,-3.552243999481558,24.590617435868964,21.03837343638741,22.00081853548956,-3.6323657965138927,27.01488059435763,23.382514797843736
2016-02-22,TDOU,-23.08,30.384,630.2,2016,2,22,418,0.04966470198514,49.664701985140006,0.0461134937505394,46.1134937505394,0.0465541666666666,46.5541666666666,46.5541666666666,46.5541666666666,46.5541666666666,49.664701985140006,49.664701985140006,49.664701985140006,46.1134937505394,46.1134937505394,46.1134937505394,22.54767065475444,4.414223751313826,22.702807579071738,27.117031330385565,21.52913939224475,5.3558553551285515,19.228499003166093,24.584354358294647,21.990481709974333,4.956816365495903,19.606868591196367,24.56368495669227
2016-02-23,TDOU,-23.08,30.384,630.2,2016,2,23,419,0.0499809261571929,49.9809261571929,0.0478622113627068,47.8622113627068,0.0472625,47.2625,47.2625,47.2625,47.2625,49.9809261571929,49.9809261571929,49.9809261571929,47.8622113627068,47.8622113627068,47.8622113627068,22.536548017619477,1.4615858478968446,25.982792291676578,27.44437813957342,21.51868461212596,0.7218037050375593,25.621723045543284,26.343526750580843,21.98021277057105,0.14514806895363885,25.137139160475314,25.282287229428952
2016-02-24,TDOU,-23.08,30.384,630.2,2016,2,24,420,0.0446209878545609,44.6209878545609,0.0438869774028036,43.8869774028036,0.0438791666666666,43.8791666666666,43.8791666666666,43.8791666666666,43.8791666666666,44.6209878545609,44.6209878545609,44.6209878545609,43.8869774028036,43.8869774028036,43.8869774028036,22.52545715409137,-1.9282833534886965,24.023814053958226,22.09553070046953,21.508289373435776,-3.0044708173519665,25.38315884671979,22.378688029367826,21.97001129890917,-2.5675078429956035,24.47666321075303,21.909155367757428
2016-02-25,TDOU,-23.08,30.384,630.2,2016,2,25,421,0.0481423942739125,48.1423942739125,0.0451200492086881,45.120049208688094,0.0449583333333333,44.9583333333333,44.9583333333333,44.9583333333333,44.9583333333333,48.1423942739125,48.1423942739125,48.1423942739125,45.120049208688094,45.120049208688094,45.120049208688094,22.514397362218794,5.542384017067313,20.085612894626394,25.627996911693707,21.49795297975372,6.40943580485042,17.212660424083957,23.622096228934375,21.95987676519582,5.800475747810126,17.197980820327356,22.99845656813748
2016-02-26,TDOU,-23.08,30.384,630.2,2016,2,26,422,0.0513415343497234,51.3415343497234,0.0514033602195659,51.403360219565904,0.0499791666666666,49.9791666666666,49.9791666666666,49.9791666666666,49.9791666666666,51.3415343497234,51.3415343497234,51.3415343497234,51.403360219565904,51.403360219565904,51.403360219565904,22.50336789099209,6.720843870265757,22.11732258846556,28.838166458731312,21.487674679630867,6.841817756601377,23.073867783333657,29.915685539935037,21.94980854224911,6.307488440987633,21.72186968342986,28.02935812441749
2016-02-27,TDOU,-23.08,30.384,630.2,2016,2,27,423,0.0488964241287814,48.896424128781405,0.0487633515693108,48.76335156931081,0.0474916666666666,47.4916666666666,47.4916666666666,47.4916666666666,47.4916666666666,44.6209878545609,48.896424128781405,48.896424128781405,44.1302312455181,48.76335156931081,48.76335156931081,22.49236794932261,14.227195385726008,7.901424519512286,22.128619905238292,21.477453664512854,13.298292063230711,9.354485517774531,22.652777581005243,21.939805907446804,13.103810331345203,12.448050427874598,25.5518607592198
2016-02-28,TDOU,-23.08,30.384,630.2,2016,2,28,424,0.0432541560618464,43.2541560618464,0.0441302312455181,44.1302312455181,0.045125,45.125,45.125,45.125,45.125,43.2541560618464,43.2541560618464,43.2541560618464,44.1302312455181,44.1302312455181,44.1302312455181,22.481396710756034,13.176622482606373,7.596136868483995,20.772759351090368,21.46728906420453,12.333347568126241,10.329594613187325,22.662942181313568,21.92986805485138,9.762792643261651,13.432339301886973,23.19513194514862
2016-02-29,TDOU,-23.08,30.384,630.2,2016,2,29,425,0.0366840503783488,36.6840503783488,0.0336893748164843,33.689374816484296,0.0380541666666666,38.0541666666666,38.0541666666666,38.0541666666666,38.0541666666666,36.6840503783488,36.6840503783488,36.6840503783488,33.689374816484296,33.689374816484296,33.689374816484296,22.470453293121658,12.425986366671602,1.7876107185555412,14.213597085227143,21.457179930131844,12.014204129913349,0.2179907564391037,12.232194886352453,21.91999410861474,12.339798084232548,3.794374473819314,16.134172558051862
2016-03-01,TDOU,-23.08,30.384,630.2,2016,3,1,426,0.0323811228499189,32.381122849918896,0.0267359685087237,26.7359685087237,0.02775,27.75,27.75,27.75,27.75,32.381122849918896,32.381122849918896,32.381122849918896,26.7359685087237,26.7359685087237,26.7359685087237,22.45953676605094,10.18369849213736,-0.26211240826940596,9.921586083867954,21.447125236620238,9.378404175820227,-4.089560903716766,5.288843272103463,21.91018312260656,8.943214521495989,-3.10339764410255,5.839816877393439
2016-03-02,TDOU,-23.08,30.384,630.2,2016,3,2,427,0.0307808981804922,30.7808981804922,0.0266508377635893,26.6508377635893,0.0269458333333333,26.9458333333333,26.9458333333333,26.9458333333333,26.9458333333333,30.7808981804922,30.7808981804922,30.7808981804922,26.6508377635893,26.6508377635893,26.6508377635893,22.4486462196011,4.790729873941476,3.5415220869496267,8.332251960891103,21.437123972187084,2.765447985655516,2.4482658057467006,5.213713791402217,21.900434127797237,3.0508246795600393,1.9945745259760237,5.045399205536064
2016-03-03,TDOU,-23.08,30.384,630.2,2016,3,3,428,0.0266496807806175,26.6496807806175,0.0216664977967851,21.666497796785094,0.0228666666666666,22.8666666666666,22.8666666666666,22.8666666666666,22.8666666666666,26.6496807806175,26.6496807806175,26.6496807806175,21.666497796785094,21.666497796785094,21.666497796785094,22.437780782111236,0.5181625278196241,3.693737470686642,4.211899998506265,21.427175169685874,1.6963775330214677,-1.4570549059222486,0.23932262709922014,21.890746174540734,1.3494088660886558,-0.37348837396278967,0.9759204921258657
2016-03-04,TDOU,-23.08,30.384,630.2,2016,3,4,429,0.027765789782143,27.765789782143,0.023434264180642,23.434264180642,0.0225458333333333,22.5458333333333,22.5458333333333,22.5458333333333,22.5458333333333,27.765789782143,27.765789782143,27.765789782143,23.434264180642,23.434264180642,23.434264180642,22.426939603165085,3.1902740697118537,2.1485761092660596,5.338850178977914,21.41727789428079,1.5720416021074877,0.44494468425372347,2.0169862863612096,21.88111833503649,1.55459526985448,-0.8898802715576721,0.6647149982968088
2016-03-05,TDOU,-23.08,30.384,630.2,2016,3,5,430,0.0262853102702222,26.2853102702222,0.0258792704153346,25.8792704153346,0.0253041666666666,25.3041666666666,25.3041666666666,25.3041666666666,25.3041666666666,26.2853102702222,26.2853102702222,26.2853102702222,25.8792704153346,25.8792704153346,25.8792704153346,22.416121868154324,3.8616368783370834,0.007551523730793264,3.869188402067877,21.40743123501698,4.3695070300207615,0.10233215029685994,4.47183918031762,21.871549683960943,3.7126836514770742,-0.2800666687714184,3.4326169827056567
2016-03-06,TDOU,-23.08,30.384,630.2,2016,3,6,431,0.0241254931621343,24.1254931621343,0.0220683139225518,22.0683139225518,0.02305,23.05,23.05,23.05,23.05,24.1254931621343,24.1254931621343,24.1254931621343,22.0683139225518,22.0683139225518,22.0683139225518,22.40532679241693,4.430780401081771,-2.7106140313644005,1.7201663697173721,21.39763427935464,2.5102569756865134,-1.8395773324893554,0.6706796431971576,21.862039269208818,3.5704800353644757,-2.382519304573293,1.1879607307911826
2016-03-07,TDOU,-23.08,30.384,630.2,2016,3,7,432,0.0288672291215233,28.867229121523295,0.0280077413939797,28.0077413939797,0.0292541666666666,29.2541666666666,29.2541666666666,29.2541666666666,29.2541666666666,28.867229121523295,28.867229121523295,28.867229121523295,28.0077413939797,28.0077413939797,28.0077413939797,22.394553611253123,6.7358214874971925,-0.26314597722701905,6.472675510270172,21.38788611175648,6.972510321397361,-0.35265503917414165,6.61985528222322,21.852586080442528,7.016766685102056,0.3848139011220155,7.401580586224071
2016-03-08,TDOU,-23.08,30.384,630.2,2016,3,8,433,0.0387529157011222,38.7529157011222,0.0375563420650206,37.5563420650206,0.0383208333333333,38.3208333333333,38.3208333333333,38.3208333333333,38.3208333333333,38.7529157011222,38.7529157011222,38.7529157011222,37.5563420650206,37.5563420650206,37.5563420650206,22.383801533396397,9.278564905693388,7.090549262032415,16.3691141677258,21.378185758211806,9.773643754780949,6.404512552027846,16.178156306808795,21.843189051507988,9.973387069642628,6.504257212182683,16.47764428182531
2016-03-09,TDOU,-23.08,30.384,630.2,2016,3,9,434,0.0518790655292089,51.8790655292089,0.0518210500518087,51.8210500518087,0.0519083333333333,51.908333333333296,51.908333333333296,51.908333333333296,51.908333333333296,51.8790655292089,51.8790655292089,51.8790655292089,51.8210500518087,51.8210500518087,51.8210500518087,22.37306976852498,1.628191042221614,27.877804718462304,29.50599576068392,21.368532214427045,1.0358846062880336,29.416633231093616,30.452517837381652,21.83384710584461,0.995305346927087,29.079180880561594,30.074486227488684
2016-03-10,TDOU,-23.08,30.384,630.2,2016,3,10,435,0.0541487750544455,54.1487750544455,0.0522714906922215,52.2714906922215,0.0525541666666666,52.5541666666666,47.2249999999999,52.5541666666666,52.5541666666666,48.409271725061096,54.1487750544455,54.1487750544455,52.2714906922215,52.2714906922215,52.2714906922215,22.362357489005007,5.1042703380460015,20.94264389801009,26.04691423605609,21.3589244566233,-0.6230376916354345,31.53560392723363,30.9125662355982,21.824559150965168,4.93406322184997,20.466377627184766,25.400440849034734
2016-03-11,TDOU,-23.08,30.384,630.2,2016,3,11,436,0.0521185685815475,52.1185685815475,0.0505734695614452,50.5734695614452,0.0491208333333333,49.1208333333333,47.2249999999999,49.1208333333333,49.1208333333333,48.409271725061096,52.1185685815475,52.1185685815475,50.5734695614452,50.5734695614452,50.5734695614452,22.351663837811902,5.031856665156528,21.025751222092662,26.057607887249194,21.34936143766623,3.102934392774017,26.121173731004955,29.224108123778972,21.815324067727357,3.084019699534443,22.3256562327381,25.409675932272545
2016-03-12,TDOU,-23.08,30.384,630.2,2016,3,12,437,0.0484092717250611,48.409271725061096,0.0467954468154795,46.7954468154795,0.0472249999999999,47.2249999999999,47.2249999999999,47.2249999999999,47.2249999999999,48.409271725061096,48.409271725061096,48.409271725061096,46.7954468154795,46.7954468154795,46.7954468154795,22.340987958446327,5.887084458196444,20.18119930841832,26.06828376661477,21.339842063320074,6.133294318258461,19.32231043390097,25.455604752159427,21.806140684597388,7.027708776530114,18.391150538872402,25.418859315402514
2016-03-13,TDOU,-23.08,30.384,630.2,2016,3,13,438,0.0471318251421169,47.131825142116895,0.0429304428852043,42.9304428852043,0.0438666666666666,43.8666666666666,43.8666666666666,43.8666666666666,43.8666666666666,47.131825142116895,47.131825142116895,47.131825142116895,42.9304428852043,42.9304428852043,42.9304428852043,22.330329002616512,2.7035762676598436,22.097919871840542,24.801496139500383,21.33036522628602,3.146192492861094,18.453885166057184,21.60007765891828,21.79700781381681,2.56551220510181,19.504146647747984,22.069658852849795
2016-03-14,TDOU,-23.08,30.384,630.2,2016,3,14,439,0.0472779285552148,47.2779285552148,0.043277681128645,43.277681128645,0.0441166666666666,44.1166666666666,44.1166666666666,44.1166666666666,44.1166666666666,47.2779285552148,47.2779285552148,47.2779285552148,43.277681128645,43.277681128645,43.277681128645,22.319686102300185,5.958300810983014,18.999941641931603,24.958242452914615,21.320929795299342,5.877393214687741,16.079358118657915,21.956751333345657,21.787924239223965,4.575629145031147,17.753113282411494,22.328742427442638
2016-03-15,TDOU,-23.08,30.384,630.2,2016,3,15,440,0.0443234014080218,44.3234014080218,0.0448930949614417,44.8930949614417,0.0422958333333333,42.295833333333306,44.1166666666666,42.295833333333306,42.295833333333306,44.3234014080218,44.3234014080218,44.3234014080218,44.8930949614417,44.8930949614417,44.8930949614417,22.30905834384521,11.639293696867135,10.375049367309458,22.014343064176593,21.311534583147104,9.285333138732614,14.296227239561976,23.581560378294594,21.77888869467927,12.115797382958355,10.221980589028977,22.337777971987332
2016-03-16,TDOU,-23.08,30.384,630.2,2016,3,16,441,0.0432880706139318,43.2880706139318,0.0426383302855822,42.6383302855822,0.0435625,43.5625,43.5625,43.5625,43.5625,43.2880706139318,43.2880706139318,43.2880706139318,42.6383302855822,42.6383302855822,42.6383302855822,22.298444823195112,6.462025548446432,14.527600242290255,20.98962579073669,21.302178326528345,5.088368211564469,16.247783747489382,21.336151959053854,21.76989983271622,6.227603468225354,15.564996699058426,21.79260016728378
2016-03-17,TDOU,-23.08,30.384,630.2,2016,3,17,442,0.0520526366419178,52.0526366419178,0.0469070815096382,46.9070815096382,0.04795,47.95,47.95,47.95,47.95,52.0526366419178,52.0526366419178,52.0526366419178,46.9070815096382,46.9070815096382,46.9070815096382,22.28784462002634,8.36165651853655,21.40313550335491,29.76479202189146,21.292859713976245,4.968825646507994,20.645396149153964,25.61422179566196,21.760956232301584,5.954904860636676,20.234138907061745,26.18904376769842
2016-03-18,TDOU,-23.08,30.384,630.2,2016,3,18,443,0.0555001777699315,55.5001777699315,0.0526988555635819,52.6988555635819,0.0518958333333333,51.8958333333333,47.8041666666666,51.8958333333333,51.8958333333333,55.5001777699315,55.5001777699315,55.5001777699315,46.9070815096382,52.6988555635819,52.6988555635819,22.277256809906994,7.203285505947232,26.019635454077267,33.2229209600245,21.283577428824024,5.488755401828295,20.134748678985886,25.62350408081418,21.752056430052267,6.242015937380878,19.81009429923346,26.052110236614336
2016-03-19,TDOU,-23.08,30.384,630.2,2016,3,19,444,0.053775428807197,53.775428807197,0.051921635142767,51.921635142767,0.0518083333333333,51.808333333333294,47.8041666666666,51.808333333333294,51.808333333333294,53.775428807197,53.775428807197,53.775428807197,46.9070815096382,51.921635142767,51.921635142767,22.266680481744366,10.682010385150614,20.826737940302024,31.508748325452636,21.274330143245948,2.9113932212395452,22.721358145152713,25.632751366392256,21.74319895570342,10.022900084186803,16.03806762677638,26.060967710963183
2016-03-20,TDOU,-23.08,30.384,630.2,2016,3,20,445,0.0465819792786059,46.5819792786059,0.0469431429712183,46.9431429712183,0.0478041666666666,47.8041666666666,47.8041666666666,47.8041666666666,47.8041666666666,46.5819792786059,46.5819792786059,46.5819792786059,46.9431429712183,46.9431429712183,46.9431429712183,22.256114692542297,3.4476900794611365,20.878174506602463,24.325864586063602,21.265116487038163,1.2238175968173015,24.45420888736284,25.678026484180137,21.734382297479513,2.3970731418568025,23.67271122733029,26.06978436918709
2016-03-21,TDOU,-23.08,30.384,630.2,2016,3,21,446,0.0429668726342798,42.9668726342798,0.0370511978356592,37.0511978356592,0.0368416666666666,36.8416666666666,36.8416666666666,36.8416666666666,36.8416666666666,42.9668726342798,42.9668726342798,42.9668726342798,37.0511978356592,37.0511978356592,37.0511978356592,22.245558450835134,-0.797219180683415,21.518533364128082,20.72131418344467,21.25593502432131,-2.625496965005974,18.420759776343864,15.795262811337892,21.725604906166524,-0.32186050739362604,15.437922267893697,15.116061760500074
2016-03-22,TDOU,-23.08,30.384,630.2,2016,3,22,447,0.0359262761405097,35.9262761405097,0.0340875210170121,34.0875210170121,0.0317583333333333,31.758333333333297,31.758333333333297,31.758333333333297,31.758333333333297,35.9262761405097,35.9262761405097,35.9262761405097,34.0875210170121,34.0875210170121,34.0875210170121,22.235010746187765,-2.567684328242369,16.258949722564306,13.691265394321935,21.24678428661687,-4.5841925798792555,17.42492931027449,12.840736730395232,21.716865209130255,0.48728086241855767,9.554187261784485,10.041468124203043
2016-03-23,TDOU,-23.08,30.384,630.2,2016,3,23,448,0.0254413715437212,25.4413715437212,0.0270669309392476,27.0669309392476,0.0266791666666666,26.6791666666666,31.6041666666666,26.6791666666666,26.6791666666666,25.4413715437212,25.4413715437212,25.4413715437212,27.0669309392476,27.0669309392476,27.0669309392476,22.224470564258258,2.1154694574070367,1.101431522055904,3.2169009794629417,21.2376628052169,1.9851575954363905,3.844110538594311,5.829268134030702,21.708161547151136,4.527493560398473,5.3685115591169925,9.896005119515465
2016-03-24,TDOU,-23.08,30.384,630.2,2016,3,24,449,0.022687050263535,22.687050263535,0.021702706365155,21.702706365155,0.022475,22.475,22.475,22.475,22.475,22.687050263535,22.687050263535,22.687050263535,21.702706365155,21.702706365155,21.702706365155,22.2139368559187,1.9550417341988384,-1.4819283265825405,0.4731134076162995,21.228569079169265,1.4858937823197045,-1.0117564963339696,0.47413728598573357,21.69949218703245,1.9661181534332453,-1.190610340465696,0.7755078129675503
2016-03-25,TDOU,-23.08,30.384,630.2,2016,3,25,450,0.0274875962036567,27.4875962036567,0.0256318410751609,25.6318410751609,0.0264708333333333,26.4708333333333,26.4708333333333,26.4708333333333,26.4708333333333,27.4875962036567,27.4875962036567,27.4875962036567,25.6318410751609,25.6318410751609,25.6318410751609,22.203408517373926,5.399386107994186,-0.11519842171141192,5.284187686282774,21.219501528628474,4.707905610142072,-0.29556606360964466,4.412339546532426,21.690855348108066,5.713772341092515,-0.9337943558672812,4.7799779852252335
2016-03-26,TDOU,-23.08,30.384,630.2,2016,3,26,451,0.0331478414776336,33.1478414776336,0.0299515733547095,29.9515733547095,0.0316041666666666,31.6041666666666,31.6041666666666,31.6041666666666,31.6041666666666,33.1478414776336,33.1478414776336,33.1478414776336,29.9515733547095,29.9515733547095,29.9515733547095,22.192884429618385,9.975911349563333,0.9790456984518805,10.954957048015213,21.21045851883884,8.502242835547925,0.2388720003227327,8.741114835870658,21.682249214603743,9.247082652214411,0.6748347998484476,9.921917452062857
2016-03-27,TDOU,-23.08,30.384,630.2,2016,3,27,452,0.0284906029616793,28.4906029616793,0.0306808254014821,30.6808254014821,0.033125,33.125,33.125,33.125,33.125,28.4906029616793,28.4906029616793,28.4906029616793,21.702706365155,30.6808254014821,30.6808254014821,22.182363454005895,9.495317633454052,-3.187078125780644,6.308239507673406,21.201438353574506,-1.8435640518144585,2.34483206339495,0.5012680115804926,21.673671925389506,10.625532008313172,0.8257960662973218,11.451328074610494
2016-03-28,TDOU,-23.08,30.384,630.2,2016,3,28,453,0.0182794709449582,18.2794709449582,0.0196364854173478,19.6364854173478,0.0199666666666666,19.9666666666666,19.9666666666666,19.9666666666666,19.9666666666666,18.2794709449582,18.2794709449582,18.2794709449582,19.6364854173478,19.6364854173478,19.6364854173478,22.17184444735161,-4.491093434358374,0.5987199319649648,-3.8923735023934114,21.192439297147892,3.9413991177838352,-5.497352997583928,-1.555953879800093,21.665121596934405,-2.368823622028823,0.6703686917610199,-1.698454930267804
2016-03-29,TDOU,-23.08,30.384,630.2,2016,3,29,454,0.0205693834458753,20.5693834458753,0.0200202788130754,20.0202788130754,0.0203708333333333,20.3708333333333,20.3708333333333,20.3708333333333,20.3708333333333,20.5693834458753,20.5693834458753,20.5693834458753,20.0202788130754,20.0202788130754,20.0202788130754,22.16132629341151,4.862937228994686,-6.454880076530895,-1.5919428475362096,21.18345964516343,6.075576511303192,-7.238757343391223,-1.163180832088031,21.656596371812096,9.015414905902285,-10.30117794438108,-1.2857630384787946
2016-03-30,TDOU,-23.08,30.384,630.2,2016,3,30,455,0.0176696844814807,17.6696844814807,0.0183111525446707,18.3111525446707,0.0178375,17.8375,17.8375,17.8375,17.8375,17.6696844814807,17.6696844814807,17.6696844814807,18.3111525446707,18.3111525446707,18.3111525446707,22.150807862734336,1.8826835861934068,-6.363806967447042,-4.481123381253635,21.17449775574167,2.977493688257887,-5.840838899328855,-2.8633452110709676,21.64809444076167,3.118367462722854,-6.928961903484527,-3.8105944407616725
2016-04-01,TDOU,-23.08,30.384,630.2,2016,4,1,457,0.0185000904135224,18.5000904135224,0.0180762028685253,18.0762028685253,0.0175624999999999,17.5624999999999,20.3708333333333,17.5624999999999,17.5624999999999,18.5000904135224,18.5000904135224,18.5000904135224,18.0762028685253,18.0762028685253,18.0762028685253,22.129765509429642,-2.7808328630148527,-0.848842232892391,-3.629675095907242,21.156620796646457,-2.172753409296058,-0.9076645188251007,-3.0804179281211574,21.63115330570754,-1.956389760833178,0.6960697884589422,-1.260319972374237
2016-04-02,TDOU,-23.08,30.384,630.2,2016,4,2,458,0.0241484438402824,24.1484438402824,0.0217828057203206,21.7828057203206,0.0229041666666666,22.9041666666666,22.9041666666666,22.9041666666666,22.9041666666666,24.1484438402824,24.1484438402824,24.1484438402824,21.7828057203206,21.7828057203206,21.7828057203206,22.119239110429945,-1.282695198131537,3.311899927983994,2.029204729852456,21.147702388227337,-1.7825370977888275,2.4176404298820913,0.6351033320932622,21.622710410514554,-2.073708717731215,3.3551649738832623,1.2814562561520475
2016-04-03,TDOU,-23.08,30.384,630.2,2016,4,3,459,0.0316317546447115,31.6317546447115,0.0289361713764422,28.9361713764422,0.0304666666666666,30.4666666666666,30.4666666666666,30.4666666666666,30.4666666666666,31.6317546447115,31.6317546447115,31.6317546447115,28.9361713764422,28.9361713764422,28.9361713764422,22.10870745325672,10.426908554577196,-0.9038613631224166,9.52304719145478,21.138795025788227,7.543037285693065,0.2543390649609094,7.797376350653973,21.614283392732993,8.606513834608409,0.24586943932519745,8.852383273933608
2016-04-04,TDOU,-23.08,30.384,630.2,2016,4,4,460,0.0297706589611018,29.7706589611018,0.0315139888614907,31.5139888614907,0.0288333333333333,28.8333333333333,28.8333333333333,28.8333333333333,28.8333333333333,29.7706589611018,29.7706589611018,29.7706589611018,31.5139888614907,31.5139888614907,31.5139888614907,22.098169103882505,11.199336311079119,-3.5268464538598217,7.672489857219297,21.129896869290047,12.718209856678625,-2.334117864477971,10.384091992200652,21.60587023215239,11.416746950041889,-4.189283848860981,7.227463101180909
2016-04-05,TDOU,-23.08,30.384,630.2,2016,4,5,461,0.0283750074557926,28.3750074557926,0.0248213076232674,24.8213076232674,0.0266,26.6,26.6,26.6,26.6,28.3750074557926,28.3750074557926,28.3750074557926,24.8213076232674,24.8213076232674,24.8213076232674,22.08762259471519,9.270856383092067,-2.983471522014657,6.28738486107741,21.12100604990022,7.881981700469933,-4.1816801271027515,3.700301573367181,21.597468891973108,9.042329730751973,-4.03979862272508,5.0025311080268935
2016-04-06,TDOU,-23.08,30.384,630.2,2016,4,6,462,0.0309953985723245,30.9953985723245,0.0330428253070212,33.0428253070212,0.0325041666666666,32.5041666666666,32.5041666666666,32.5041666666666,32.5041666666666,30.9953985723245,30.9953985723245,30.9953985723245,33.0428253070212,33.0428253070212,33.0428253070212,22.07706648280478,9.657239992660363,-0.7389079031406425,8.91833208951972,21.112120726003578,10.341038532930778,1.5896660480868405,11.930704581017618,21.589077379079548,10.33771496968532,0.5773743179017288,10.915089287587051
2016-04-07,TDOU,-23.08,30.384,630.2,2016,4,7,463,0.0329342574831029,32.9342574831029,0.0337351568618713,33.735156861871296,0.0332458333333333,33.2458333333333,33.2458333333333,33.2458333333333,33.2458333333333,32.9342574831029,32.9342574831029,32.9342574831029,33.735156861871296,33.735156861871296,33.735156861871296,22.06649938559005,6.812224787439204,4.055533310073642,10.867758097512848,21.103239146755065,8.627258608232282,4.004659106883949,12.63191771511623,21.580693798176775,7.617845965841832,4.0472935693146965,11.665139535156527
2016-04-08,TDOU,-23.08,30.384,630.2,2016,4,8,464,0.0331573940656255,33.157394065625496,0.0339174056158238,33.9174056158238,0.0336791666666666,33.6791666666666,33.6791666666666,33.6791666666666,33.6791666666666,33.157394065625496,33.157394065625496,33.157394065625496,33.9174056158238,33.9174056158238,33.9174056158238,22.055920002835908,7.809475702084428,3.2919983607051613,11.101474062789588,21.09435971175438,7.939931251767887,4.883114652301536,12.823045904069424,21.572316382822592,7.632570783107704,4.4742795007363085,12.106850283844011
2016-04-09,TDOU,-23.08,30.384,630.2,2016,4,9,465,0.0305194430782637,30.519443078263706,0.0309548630595001,30.9548630595001,0.0283458333333333,28.3458333333333,28.3458333333333,28.3458333333333,28.3458333333333,30.519443078263706,30.519443078263706,30.519443078263706,30.9548630595001,30.9548630595001,30.9548630595001,22.04532705449387,5.24256538589285,3.2315506378769854,8.474116023769835,21.085480936585494,7.172329311914363,2.6970528110002405,9.869382122914605,21.563943426427706,5.542040958963646,1.2398489479419474,6.781889906905594
2016-04-10,TDOU,-23.08,30.384,630.2,2016,4,10,466,0.026062497912468,26.062497912468,0.0247776255707272,24.7776255707272,0.0244541666666666,24.4541666666666,24.4541666666666,24.4541666666666,24.4541666666666,26.062497912468,26.062497912468,26.062497912468,24.7776255707272,24.7776255707272,24.7776255707272,22.034719280524385,5.0222560988504785,-0.994477466906865,4.027778631943615,21.07660133426201,2.580137636278277,1.120886600186914,3.701024236465191,21.555573215104058,2.9530722198399104,-0.05447876827736664,2.8985934515625438
2016-04-11,TDOU,-23.08,30.384,630.2,2016,4,11,467,0.020440282292524,20.440282292524,0.0197867274617883,19.7867274617883,0.0208958333333333,20.8958333333333,22.4458333333333,20.8958333333333,20.8958333333333,23.7784433570481,20.440282292524,20.440282292524,19.7867274617883,19.7867274617883,19.7867274617883,22.024095401763116,7.421442248409622,-5.667094293124638,1.7543479552849846,21.067719359052706,5.506740874529811,-6.787732771794218,-1.280991897264407,21.54720402470064,6.076134336181956,-5.177505027549294,0.8986293086326604
2016-04-12,TDOU,-23.08,30.384,630.2,2016,4,12,468,0.0222954646421223,22.2954646421223,0.0199499257170408,19.9499257170408,0.020725,20.725,22.4458333333333,20.725,20.725,22.2954646421223,22.2954646421223,22.2954646421223,19.9499257170408,19.9499257170408,19.9499257170408,22.013454072862906,1.312625874149028,-1.0306153048896327,0.2820105692593948,21.05883338398901,0.2775157351170321,-1.386423402065244,-1.1089076669482125,21.53883406857841,1.0575220778479586,-0.15052281309306892,0.9069992647548908
2016-04-13,TDOU,-23.08,30.384,630.2,2016,4,13,469,0.0237784433570481,23.7784433570481,0.021298158807581,21.298158807581,0.0223333333333333,22.3333333333333,22.3333333333333,22.3333333333333,22.3333333333333,23.7784433570481,23.7784433570481,23.7784433570481,21.298158807581,21.298158807581,21.298158807581,22.00279387829042,0.12109623409282937,1.6545532446648537,1.775649478757682,21.049941730201358,0.48705913311089566,-0.23884205573125428,0.2482170773796426,21.53046151135498,0.7180938575089941,0.08477796446932828,0.8028718219783215
2016-04-14,TDOU,-23.08,30.384,630.2,2016,4,14,470,0.0232313419022876,23.2313419022876,0.0224089030142422,22.4089030142422,0.0224458333333333,22.4458333333333,22.4458333333333,22.4458333333333,22.4458333333333,23.2313419022876,23.2313419022876,23.2313419022876,22.4089030142422,22.4089030142422,22.4089030142422,21.992113374202557,1.5099202726271719,-0.2706917445421304,1.239228528085043,21.041042717468216,0.5649496467457824,0.8029106500282026,1.3678602967739835,21.522084517032916,0.9517065413343266,-0.027957725033942893,0.9237488163003853
2016-04-15,TDOU,-23.08,30.384,630.2,2016,4,15,471,0.0269772848281936,26.9772848281936,0.0251172899867214,25.1172899867214,0.0264625,26.4625,26.4625,26.4625,26.4625,26.9772848281936,26.9772848281936,26.9772848281936,25.1172899867214,25.1172899867214,25.1172899867214,21.981411191306815,7.215924739310264,-2.2200511024234793,4.995873636886785,21.032134754582607,6.837695233975386,-2.752540001836593,4.085155232138792,21.513701332723414,8.42316780507721,-3.4743691378006254,4.948798667276584
2016-04-16,TDOU,-23.08,30.384,630.2,2016,4,16,472,0.0307947112314637,30.7947112314637,0.0302953957979871,30.295395797987094,0.0306708333333333,30.6708333333333,30.6708333333333,30.6708333333333,30.6708333333333,30.7947112314637,30.7947112314637,30.7947112314637,30.295395797987094,30.295395797987094,30.295395797987094,21.970686032571496,9.137140705708061,-0.3131155068158584,8.824025198892205,21.023216344865148,9.092144901846025,0.1800345512759236,9.272179453121947,21.50531030703087,9.032230745021561,0.13329228128086612,9.165523026302427
2016-04-17,TDOU,-23.08,30.384,630.2,2016,4,17,473,0.0275880687318894,27.5880687318894,0.0242247527788899,24.2247527788899,0.02485,24.85,24.85,24.85,24.85,27.5880687318894,27.5880687318894,27.5880687318894,24.2247527788899,24.2247527788899,24.2247527788899,21.95993662492491,9.24815779681143,-3.6200256898469405,5.62813210696449,21.014286049544886,9.801473951075721,-6.591007221730706,3.210466729345015,21.496909835636718,10.172032394369174,-6.81894223000589,3.3530901643632838
2016-04-18,TDOU,-23.08,30.384,630.2,2016,4,18,474,0.0314001330028937,31.400133002893703,0.0269719305123473,26.971930512347303,0.0286583333333333,28.6583333333333,28.6583333333333,28.6583333333333,28.6583333333333,31.400133002893703,31.400133002893703,31.400133002893703,26.971930512347303,26.971930512347303,26.971930512347303,21.949161671274055,9.052839318661333,0.3981320129583139,9.450971331619648,21.00534243566341,11.501068748851935,-5.534480672168044,5.966588076683891,21.488498302737987,11.510520588579944,-4.3406855579846315,7.169835030595312
2016-04-19,TDOU,-23.08,30.384,630.2,2016,4,19,475,0.0321097400667132,32.1097400667132,0.0328944067588961,32.894406758896096,0.0321,32.099999999999994,32.099999999999994,32.099999999999994,32.099999999999994,32.1097400667132,32.1097400667132,32.1097400667132,32.894406758896096,32.894406758896096,32.894406758896096,21.93835983420442,7.23112056671724,2.9402596657915403,10.171380232508781,20.996384070410027,8.876255402592797,3.0217672858932723,11.89802268848607,21.480074080560282,9.09210153872756,1.5278243807121505,10.619925919439712
2016-04-20,TDOU,-23.08,30.384,630.2,2016,4,20,476,0.0299382115999198,29.9382115999198,0.028948560723128,28.948560723128,0.0300166666666666,30.0166666666666,30.0166666666666,30.0166666666666,30.0166666666666,29.9382115999198,29.9382115999198,29.9382115999198,28.948560723128,28.948560723128,28.948560723128,21.92752970714658,7.879622037226694,0.13105985554652833,8.01068189277322,20.98740946790272,9.21540420637082,-1.2542529511455385,7.961151255225282,21.471635489461384,10.545294752753957,-2.0002635755487397,8.545031177205217
2016-04-21,TDOU,-23.08,30.384,630.2,2016,4,21,477,0.0305001088707426,30.5001088707426,0.0285046641299478,28.5046641299478,0.0312333333333333,31.2333333333333,31.2333333333333,31.2333333333333,31.2333333333333,30.5001088707426,30.5001088707426,30.5001088707426,28.5046641299478,28.5046641299478,28.5046641299478,21.916669872519282,8.498942021348755,0.08449697687456492,8.583438998223318,20.978417140756463,9.805063851426523,-2.278816862235189,7.5262469891913355,21.463180849464923,11.165298285299826,-1.3951458014314504,9.770152483868376
2016-04-22,TDOU,-23.08,30.384,630.2,2016,4,22,478,0.0291053311211337,29.1053311211337,0.0282647966073973,28.2647966073973,0.0304,30.4,30.4,30.4,30.4,29.1053311211337,29.1053311211337,29.1053311211337,28.2647966073973,28.2647966073973,28.2647966073973,21.905778943047846,7.698623292004022,-0.49907111391816983,7.1995521780858525,20.969405666481258,7.325492459230205,-0.030101518314161524,7.295390940916043,21.454708519884484,8.003731702101996,0.9415597780135201,8.945291480115515
2016-04-23,TDOU,-23.08,30.384,630.2,2016,4,23,479,0.027883447750326,27.883447750326003,0.0238961459080612,23.8961459080612,0.0263416666666666,26.3416666666666,26.3416666666666,26.3416666666666,26.3416666666666,27.883447750326003,27.883447750326003,27.883447750326003,28.2647966073973,23.8961459080612,23.8961459080612,21.894855488204644,7.225420969257293,-1.2368287071359347,5.988592262121358,20.960373595862993,8.730507695149289,-1.426084683614981,7.304423011534308,21.4462168213308,7.341798839682728,-2.446348994346927,4.895449845335801
2016-04-24,TDOU,-23.08,30.384,630.2,2016,4,24,480,0.031157461890203,31.157461890203,0.0311281629026596,31.1281629026596,0.0311333333333333,31.1333333333333,31.1333333333333,31.1333333333333,31.1333333333333,28.478116940910297,31.157461890203,31.157461890203,27.2443287153162,31.1281629026596,31.1281629026596,21.88389801169516,5.9261929597379455,0.668025969477192,6.594218929215138,20.951319416744305,5.867101330860093,0.42590796771180095,6.293009298571896,21.437704006032018,6.967520974583415,2.728108352717868,9.695629327301283
2016-04-25,TDOU,-23.08,30.384,630.2,2016,4,25,481,0.0284781169409103,28.478116940910297,0.0254078500202178,25.4078500202178,0.0258541666666666,25.8541666666666,25.8541666666666,25.8541666666666,25.8541666666666,28.478116940910297,28.478116940910297,28.478116940910297,25.4078500202178,25.4078500202178,25.4078500202178,21.8729050026875,5.44137244094425,1.1638394972785484,6.605211938222798,20.94224156253389,3.893846725860026,0.5717617318238837,4.46560845768391,21.42916828027627,2.4508663478838635,1.9741320385064682,4.424998386390332
2016-04-26,TDOU,-23.08,30.384,630.2,2016,4,26,482,0.027937441135874,27.937441135874,0.0272443287153162,27.2443287153162,0.0281125,28.1125,28.1125,28.1125,28.1125,27.937441135874,27.937441135874,27.937441135874,27.2443287153162,27.2443287153162,27.2443287153162,21.861875006383343,6.314354658948592,-0.23878852945793483,6.075566129490657,20.933138498788413,6.334227826360614,-0.023037609832826433,6.3111902165277876,21.420607885400425,6.480007214723202,0.21188489987637382,6.691892114599575
2016-04-27,TDOU,-23.08,30.384,630.2,2016,4,27,483,0.0245384198296004,24.5384198296004,0.0261708404657024,26.1708404657024,0.0234666666666666,23.4666666666666,23.4666666666666,23.4666666666666,23.4666666666666,24.5384198296004,24.5384198296004,24.5384198296004,26.1708404657024,26.1708404657024,26.1708404657024,21.850806697070556,4.021068788726661,-1.3334556561968185,2.687613132529844,20.92400881044755,4.684444510089558,0.5623871451652924,5.2468316552548515,21.412021140013355,4.296529755134591,-2.241884228481343,2.054645526653246
2016-04-28,TDOU,-23.08,30.384,630.2,2016,4,28,484,0.0192465372161661,19.2465372161661,0.0184706990732742,18.4706990732742,0.0191125,19.1125,19.1125,19.1125,19.1125,19.2465372161661,19.2465372161661,19.2465372161661,18.4706990732742,18.4706990732742,18.4706990732742,21.839698899045295,0.19665375626192483,-2.789815439141119,-2.5931616828791952,20.91485121889879,1.1093310368936813,-3.5534831825182707,-2.4441521456245887,21.40340649671004,0.04764378312548474,-2.3385502798355233,-2.29090649671004
2016-04-29,TDOU,-23.08,30.384,630.2,2016,4,29,485,0.0178166675099707,17.8166675099707,0.0176398574923598,17.639857492359802,0.0186541666666666,18.6541666666666,18.6541666666666,18.6541666666666,18.6541666666666,17.8166675099707,17.8166675099707,17.8166675099707,17.639857492359802,17.639857492359802,17.639857492359802,21.82855057571511,1.6357141565263782,-5.6475972222707895,-4.01188306574441,20.905664572120994,-0.8169847453932909,-2.4488223343679003,-3.265807079761192,21.3947625546106,-0.5170602150484084,-2.22353567289559,-2.740595887944
2016-04-30,TDOU,-23.08,30.384,630.2,2016,4,30,486,0.023550993250064,23.550993250064,0.0211073241415418,21.1073241415418,0.0226999999999999,22.6999999999999,22.6999999999999,22.6999999999999,22.6999999999999,23.550993250064,23.550993250064,23.550993250064,21.1073241415418,21.1073241415418,21.1073241415418,21.817360844057028,2.943032202031049,-1.2093997960240763,1.733632406006972,20.89644785419305,1.5928279357733803,-1.3819516484246321,0.21087628734874997,21.38608808348697,1.2109922323698628,0.10291968414306751,1.3139119165129287
2016-05-01,TDOU,-23.08,30.384,630.2,2016,5,1,487,0.0226129713404441,22.612971340444098,0.0222637819437032,22.2637819437032,0.0230083333333333,23.0083333333333,23.0083333333333,23.0083333333333,23.0083333333333,22.612971340444098,22.612971340444098,22.612971340444098,22.2637819437032,22.2637819437032,22.2637819437032,21.80612899189537,0.6042516988662823,0.20259064968244545,0.8068423485487273,20.887200178163415,1.198331820465974,0.1782499450738122,1.376581765539786,21.377382001301964,1.4091245214829287,0.22182681054840714,1.6309513320313371
2016-05-02,TDOU,-23.08,30.384,630.2,2016,5,2,488,0.0177953321386097,17.7953321386097,0.0165113311485735,16.5113311485735,0.0176666666666666,17.6666666666666,17.6666666666666,17.6666666666666,17.6666666666666,17.7953321386097,17.7953321386097,17.7953321386097,16.5113311485735,16.5113311485735,16.5113311485735,21.79485446812987,0.045257132145349134,-4.044779461665517,-3.9995223295201683,20.877920795255545,-1.4284793866568763,-2.9381102600251694,-4.366589646682044,21.368643378753692,-0.16850911043547415,-3.533467601651619,-3.7019767120870917
2016-05-03,TDOU,-23.08,30.384,630.2,2016,5,3,489,0.0175803706155785,17.5803706155785,0.0150866535894462,15.0866535894462,0.0167666666666666,16.766666666666598,16.766666666666598,16.766666666666598,16.766666666666598,17.5803706155785,17.5803706155785,17.5803706155785,15.0866535894462,15.0866535894462,15.0866535894462,21.783536827440074,-2.350874637976453,-1.8522915738851218,-4.203166211861575,20.868609071651274,-2.8425784179902562,-2.939377064214817,-5.781955482205074,21.359871421926496,-0.34841624454072295,-4.244788510719175,-4.593204755259897
2016-05-04,TDOU,-23.08,30.384,630.2,2016,5,4,490,0.0168220060143419,16.8220060143419,0.016287426339569,16.287426339569,0.0169,16.9,16.9,16.9,16.9,16.8220060143419,16.8220060143419,16.8220060143419,16.287426339569,16.287426339569,16.287426339569,21.772175746043548,-1.5979936681830653,-3.352176063518584,-4.950169731701649,20.85926448388429,-2.171154262439886,-2.4006838818754055,-4.57183814431529,21.351065445254466,-0.637532403555975,-3.8135330416984914,-4.451065445254468
2016-05-05,TDOU,-23.08,30.384,630.2,2016,5,5,491,0.015492175043813,15.492175043813,0.0144638579652017,14.4638579652017,0.0146249999999999,14.6249999999999,16.9,14.6249999999999,14.6249999999999,15.492175043813,15.492175043813,15.492175043813,14.4638579652017,14.4638579652017,14.4638579652017,21.760770958665116,0.06961958447177014,-6.338215499323885,-6.268595914852115,20.84988657556709,-1.265171540003458,-5.120857070361932,-6.38602861036539,21.34222483705898,0.08624005935687024,-4.528464896415851,-4.44222483705898
2016-05-06,TDOU,-23.08,30.384,630.2,2016,5,6,492,0.015039796969497,15.039796969497,0.0138612914952518,13.8612914952518,0.0151333333333333,15.1333333333333,15.1333333333333,15.1333333333333,15.1333333333333,15.039796969497,15.039796969497,15.039796969497,13.8612914952518,13.8612914952518,13.8612914952518,21.749322364358424,-0.31648243968788736,-6.393042955173536,-6.709525394861423,20.840475042160033,0.04617115990116467,-7.025354706809399,-6.979183546908233,21.33334916792076,-0.4816890247922186,-5.718326809795238,-6.200015834587457
2016-05-07,TDOU,-23.08,30.384,630.2,2016,5,7,493,0.019507050477905,19.507050477905,0.0178452597103469,17.8452597103469,0.0195,19.5,19.5,19.5,19.5,19.507050477905,19.507050477905,19.507050477905,17.8452597103469,17.8452597103469,17.8452597103469,21.737830071319433,0.692274262278226,-2.9230538556926575,-2.2307795934144323,20.831029703318745,1.2756633249735756,-4.261433317945418,-2.985769992971843,21.3244382175107,2.559034971485628,-4.3834731889963265,-1.8244382175107
2016-05-08,TDOU,-23.08,30.384,630.2,2016,5,8,494,0.0241713923810495,24.1713923810495,0.0222887127670909,22.2887127670909,0.0223125,22.3125,22.3125,22.3125,22.3125,24.1713923810495,24.1713923810495,24.1713923810495,22.2887127670909,22.2887127670909,22.2887127670909,21.726294387103852,1.598960633104346,0.8461373608413005,2.445097993945648,20.82155054845279,2.012782824004757,-0.545620605366647,1.4671622186381086,21.31549196419284,2.20986918647118,-1.212861150664022,0.9970080358071591
2016-05-09,TDOU,-23.08,30.384,630.2,2016,5,9,495,0.0246173687648796,24.6173687648796,0.0241181424531521,24.1181424531521,0.0243166666666666,24.3166666666666,24.3166666666666,24.3166666666666,24.3166666666666,19.0481668028125,24.6173687648796,24.6173687648796,24.1181424531521,24.1181424531521,24.1181424531521,21.714715739417098,1.3623500538799618,-4.02889899048456,-2.666548936604599,20.812037667594637,2.7836291198132184,0.5224756657442455,3.306104785557462,21.306510496659847,2.765432664860542,0.24472350514621155,3.010156170006752
2016-05-10,TDOU,-23.08,30.384,630.2,2016,5,10,496,0.0190481668028125,19.0481668028125,0.0192277171247608,19.2277171247608,0.0191374999999999,19.1374999999999,19.1374999999999,19.1374999999999,19.1374999999999,19.0481668028125,19.0481668028125,19.0481668028125,19.2277171247608,19.2277171247608,19.2277171247608,21.703094535486542,4.5752959400267805,-7.230223672700824,-2.654927732674043,20.802491121455812,4.233343347602454,-5.8081173442974645,-1.5747739966950114,21.29749385585293,4.429585790970638,-6.589579646823669,-2.159993855853031
2016-05-11,TDOU,-23.08,30.384,630.2,2016,5,11,497,0.0178765296083171,17.8765296083171,0.0210576069469822,21.0576069469822,0.0208291666666666,20.8291666666666,20.8291666666666,20.8291666666666,20.8291666666666,17.8765296083171,17.8765296083171,17.8765296083171,21.0576069469822,21.0576069469822,21.0576069469822,21.691431177627663,3.425156084734252,-7.240057654044815,-3.814901569310564,20.792910954099316,4.8599213791824285,-4.595225386299543,0.2646959928828849,21.288442050808374,4.305309293225125,-4.764584677366898,-0.4592753841417725
2016-05-12,TDOU,-23.08,30.384,630.2,2016,5,12,498,0.0185046045462832,18.5046045462832,0.0188880897143366,18.8880897143366,0.0195458333333333,19.5458333333333,19.5458333333333,19.5458333333333,19.5458333333333,18.5046045462832,18.5046045462832,18.5046045462832,18.8880897143366,18.8880897143366,18.8880897143366,21.67972609992875,-0.6969664288430164,-2.4781551248025337,-3.1751215536455497,20.78329723658783,1.3971675364082257,-3.292375058659456,-1.89520752225123,21.279355109810552,1.075465434687326,-2.808987211164581,-1.7335217764772537
2016-05-13,TDOU,-23.08,30.384,630.2,2016,5,13,499,0.0178743913669119,17.8743913669119,0.01677318339249,16.77318339249,0.0184625,18.4625,18.4625,18.4625,18.4625,17.8743913669119,17.8743913669119,17.8743913669119,16.77318339249,16.77318339249,16.77318339249,21.66797979214155,-3.2493527525818466,-0.5442356726478046,-3.7935884252296503,20.77365010939539,-2.695647715024063,-1.3048190018813273,-4.00046671690539,21.27023309268776,-2.1225883564345827,-0.6851447362531786,-2.807733092687762
2016-05-14,TDOU,-23.08,30.384,630.2,2016,5,14,500,0.0220504129794083,22.0504129794083,0.021069809679111,21.069809679111,0.0220708333333333,22.0708333333333,22.0708333333333,22.0708333333333,22.0708333333333,22.0504129794083,22.0504129794083,22.0504129794083,21.069809679111,21.069809679111,21.069809679111,21.656192743671284,-1.5514291707886774,1.9456494065256926,0.39422023573701637,20.763969772908876,-0.7774007996272424,1.0832407058293647,0.30583990620212376,21.261076060709073,-0.5470268971355619,1.3567841697597913,0.8097572726242284
2016-05-15,TDOU,-23.08,30.384,630.2,2016,5,15,501,0.0291949186733223,29.194918673322302,0.0265833497576518,26.583349757651803,0.0243458333333333,24.3458333333333,24.3458333333333,24.3458333333333,24.3458333333333,22.0504129794083,29.194918673322302,29.194918673322302,26.583349757651803,26.583349757651803,26.583349757651803,21.644365427165972,-2.3065186599275505,2.712566212169879,0.40604755224232747,20.754256434180352,0.9183367004591233,4.910756623012329,5.829093323471451,21.251884055933196,-0.13015984632753308,3.2241091237276365,3.093949277400103
2016-05-16,TDOU,-23.08,30.384,630.2,2016,5,16,502,0.0275992559989831,27.5992559989831,0.0279872683976175,27.987268397617505,0.0270458333333333,27.0458333333333,27.0458333333333,27.0458333333333,27.0458333333333,22.0504129794083,27.5992559989831,27.5992559989831,20.7573698819164,27.987268397617505,27.987268397617505,21.632498279826542,0.22175380038487696,0.1961608991968795,0.41791469958175753,20.7445102836614,1.0683155999944516,-1.0554560017394508,0.012859598255001714,21.24265707386651,2.4915186695190927,3.3116575899476963,5.803176259466788
2016-05-17,TDOU,-23.08,30.384,630.2,2016,5,17,503,0.0222838810066257,22.2838810066257,0.0207573698819164,20.7573698819164,0.0202041666666666,20.2041666666666,20.2041666666666,20.2041666666666,20.2041666666666,22.2838810066257,22.2838810066257,22.2838810066257,20.7573698819164,20.7573698819164,20.7573698819164,21.620591687743737,-1.043145722283142,1.7064350411651041,0.6632893188819615,20.734731454751,0.7327836896226699,-0.7101452624572708,0.022638427165400543,21.23339503537024,-0.4084198500024926,-0.6208085187011463,-1.029228368703638
2016-05-18,TDOU,-23.08,30.384,630.2,2016,5,18,504,0.0217066495635768,21.7066495635768,0.0199024888764476,19.9024888764476,0.0207833333333333,20.7833333333333,20.7833333333333,20.7833333333333,20.7833333333333,21.7066495635768,21.7066495635768,21.7066495635768,19.9024888764476,19.9024888764476,19.9024888764476,21.608646012150846,-2.855820086573494,2.9538236379994487,0.09800355142595407,20.72492011607486,-2.000376404956488,1.177945165329227,-0.8224312396272602,21.224097832018,-1.729729069231256,1.288964570546554,-0.44076449868470036
2016-05-19,TDOU,-23.08,30.384,630.2,2016,5,19,505,0.0202802990174747,20.2802990174747,0.0192524693772352,19.2524693772352,0.0183666666666666,18.3666666666666,18.3666666666666,18.3666666666666,18.3666666666666,20.2802990174747,20.2802990174747,20.2802990174747,19.2524693772352,19.2524693772352,19.2524693772352,21.596661639053583,-3.3062490144208208,1.9898863928419388,-1.3163626215788824,20.715076471381085,-3.132041833590062,1.6694347394441778,-1.4626070941458842,21.21476533791536,-3.8350099536536932,0.9869112824049324,-2.84809867124876
2016-05-20,TDOU,-23.08,30.384,630.2,2016,5,20,506,0.0214632614193096,21.4632614193096,0.020471796694746,20.471796694746,0.0213375,21.3375,21.3375,21.3375,21.3375,21.4632614193096,21.4632614193096,21.4632614193096,20.471796694746,20.471796694746,20.471796694746,21.584639075888784,-2.3719067363579316,2.2505290797787474,-0.12137765657918465,20.70520082831236,-2.167395152151752,1.9339910185853917,-0.23340413356635992,21.20539754400196,-2.5098924606110455,2.6419949166090824,0.13210245599803727
2016-05-21,TDOU,-23.08,30.384,630.2,2016,5,21,507,0.0208079308627762,20.8079308627762,0.0197177202411106,19.7177202411106,0.0191416666666666,19.1416666666666,19.1416666666666,19.1416666666666,19.1416666666666,20.8079308627762,20.8079308627762,20.8079308627762,19.7177202411106,19.7177202411106,19.7177202411106,21.57257894253205,-1.2711253300523386,0.5064772502964878,-0.764648079755851,20.695293581710146,-1.6697503040352104,0.6921769634356671,-0.9775733405995446,21.19599457337174,-2.3291611525442972,0.2748332458391616,-2.0543279067051365
2016-05-22,TDOU,-23.08,30.384,630.2,2016,5,22,508,0.0142795353186333,14.2795353186333,0.0130100552759068,13.0100552759068,0.0128041666666666,12.8041666666666,12.8041666666666,12.8041666666666,12.8041666666666,14.2795353186333,14.2795353186333,14.2795353186333,13.0100552759068,13.0100552759068,13.0100552759068,21.560481929204045,-3.177394099171892,-4.103552511398853,-7.280946610570744,20.685355178570752,-3.578931065600594,-4.096368837063359,-7.6752999026639515,21.186556611288005,-4.128330827111663,-4.25405911750974,-8.382389944621405
2016-05-23,TDOU,-23.08,30.384,630.2,2016,5,23,509,0.0107215561150433,10.7215561150433,0.0103087243977283,10.3087243977283,0.0106833333333333,10.6833333333333,10.6833333333333,10.6833333333333,10.6833333333333,10.7215561150433,10.7215561150433,10.7215561150433,10.3087243977283,10.3087243977283,10.3087243977283,21.548348754056786,-4.451101452198272,-6.375691186815214,-10.826792639013485,20.675386130384585,-4.4732657923621515,-5.893395940294134,-10.366661732656285,21.177083911352693,-4.58850144648773,-5.9052491315316615,-10.493750578019393
2016-05-24,TDOU,-23.08,30.384,630.2,2016,5,24,510,0.0119002281566614,11.9002281566614,0.0115979819973607,11.5979819973607,0.0118,11.8,11.8,11.8,11.8,11.9002281566614,11.9002281566614,11.9002281566614,11.5979819973607,11.5979819973607,11.5979819973607,21.536180145611617,-4.328810866057879,-5.3071411228923395,-9.635951988950216,20.66538697673553,-3.8575397966736578,-5.209865182701172,-9.06740497937483,21.167576762694257,-2.7044434351239244,-6.663133327570332,-9.367576762694256
2016-05-25,TDOU,-23.08,30.384,630.2,2016,5,25,511,0.0168866829990731,16.8866829990731,0.0140255872819148,14.0255872819148,0.0150375,15.0375,15.0375,15.0375,15.0375,16.8866829990731,16.8866829990731,16.8866829990731,14.0255872819148,14.0255872819148,14.0255872819148,21.523976908156698,-4.465697536179002,-0.17159637290459528,-4.637293909083599,20.65535829525431,-3.4909977656618123,-3.1387732476776975,-6.629771013339509,21.158035566334647,-3.0949187792532165,-3.0256167870814323,-6.120535566334647
2016-05-26,TDOU,-23.08,30.384,630.2,2016,5,26,512,0.0256710775828088,25.6710775828088,0.0223752024262957,22.3752024262957,0.0225749999999999,22.5749999999999,22.5749999999999,22.5749999999999,22.5749999999999,25.6710775828088,25.6710775828088,25.6710775828088,22.3752024262957,22.3752024262957,22.3752024262957,21.51173997786457,0.45227780323474587,3.707059801709484,4.1593376049442305,20.645300793279592,-0.7750624531653312,2.5049640861814417,1.7299016330161088,21.148460882204194,-0.49177706741976707,1.918316185215474,1.4265391177957056
2016-05-27,TDOU,-23.08,30.384,630.2,2016,5,27,513,0.0255815653449704,25.5815653449704,0.0234409923565444,23.4409923565444,0.0222791666666666,22.2791666666666,22.2791666666666,22.2791666666666,22.2791666666666,25.5815653449704,25.5815653449704,25.5815653449704,23.4409923565444,23.4409923565444,23.4409923565444,21.499470414676217,-0.5319267181402536,4.614021648434438,4.082094930294183,20.635215316347274,-0.47281729839553127,3.2785943385926544,2.8057770401971247,21.138853420641407,-1.1862924757987547,2.326605721823949,1.140313246025194
2016-05-28,TDOU,-23.08,30.384,630.2,2016,5,28,514,0.0191361136236796,19.1361136236796,0.0170874647614064,17.087464761406398,0.0157416666666666,15.741666666666598,15.741666666666598,15.741666666666598,15.741666666666598,19.1361136236796,19.1361136236796,19.1361136236796,17.087464761406398,17.087464761406398,17.087464761406398,21.487169353709014,-3.7499231808319604,1.3988674508025447,-2.3510557300294153,20.62510281506739,-3.2560106776048703,-0.28162737605612165,-3.5376380536609915,21.12921398752276,-4.542954331316615,-0.8445929895395494,-5.387547320856163
2016-05-29,TDOU,-23.08,30.384,630.2,2016,5,29,515,0.012396346114581,12.396346114581,0.0120376316067758,12.0376316067758,0.0114083333333333,11.4083333333333,11.4083333333333,11.4083333333333,11.4083333333333,12.396346114581,12.396346114581,12.396346114581,12.0376316067758,12.0376316067758,12.0376316067758,21.474837982791986,-6.283046900324183,-2.7954449678868016,-9.078491868210985,20.614964285927126,-6.026711222724616,-2.5506214564267076,-8.577332679151326,21.11954341474881,-5.9748884857593305,-3.7363215956561824,-9.711210081415512
2016-05-30,TDOU,-23.08,30.384,630.2,2016,5,30,516,0.0125106965459765,12.5106965459765,0.0117564955163899,11.7564955163899,0.01065,10.65,10.65,10.65,10.65,12.5106965459765,12.5106965459765,12.5106965459765,11.7564955163899,11.7564955163899,11.7564955163899,21.462477465385785,-6.170829841670356,-2.78095107773893,-8.951780919409284,20.604800655887306,-6.103148852916821,-2.7451562865805847,-8.848305139497405,21.109842466988265,-6.73202123829835,-3.7278212286899155,-10.459842466988265
2016-06-01,TDOU,-23.08,30.384,630.2,2016,6,1,518,0.0168429996278006,16.8429996278006,0.0163543294756549,16.3543294756549,0.0150791666666666,15.0791666666666,15.0791666666666,15.0791666666666,15.0791666666666,16.8429996278006,16.8429996278006,16.8429996278006,16.3543294756549,16.3543294756549,16.3543294756549,21.437673213897572,-1.5151902464947296,-3.079483339602241,-4.59467358609697,20.58440138900822,-1.4777275198044524,-2.752344393548867,-4.230071913353321,21.09035216434074,-1.6161681540991382,-4.395017343575002,-6.0111854976741395
2016-06-02,TDOU,-23.08,30.384,630.2,2016,6,2,519,0.0168782517496689,16.8782517496689,0.0153367975457429,15.3367975457429,0.0144,14.4,14.4,14.4,14.4,16.8782517496689,16.8782517496689,16.8782517496689,15.3367975457429,15.3367975457429,15.3367975457429,21.42523131081684,-3.1760583351910334,-1.3709212259569057,-4.546979561147939,20.574167088265757,-0.9972700604551513,-4.240099482067706,-5.237369542522856,21.080563910958826,-5.072369904929517,-1.6081940060293078,-6.680563910958826
2016-06-03,TDOU,-23.08,30.384,630.2,2016,6,3,520,0.0182512608211281,18.251260821128103,0.0188977277669664,18.8977277669664,0.0183666666666666,18.3666666666666,18.3666666666666,18.3666666666666,18.3666666666666,18.251260821128103,18.251260821128103,18.251260821128103,18.8977277669664,18.8977277669664,18.8977277669664,21.412763948800063,-3.284434630881993,0.1229315032100331,-3.16150312767196,20.56391036882926,-3.3901009254494725,1.7239183235866165,-1.6661826018628574,21.070747497628346,-5.08919984744937,2.3851190164876215,-2.704080830961747
2016-06-04,TDOU,-23.08,30.384,630.2,2016,6,4,521,0.0186155884593635,18.6155884593635,0.0159145050009017,15.914505000901702,0.0171666666666666,17.1666666666666,17.1666666666666,17.1666666666666,17.1666666666666,18.251260821128103,18.6155884593635,18.6155884593635,15.914505000901702,15.914505000901702,15.914505000901702,21.40027183941214,-5.9047136109959055,2.7557025927118666,-3.149011018284039,20.553631674148786,-6.139363034795261,1.500236361548179,-4.639126673247084,21.060903273704326,-6.1148060436467295,2.2205694366090043,-3.894236607037726
2016-06-05,TDOU,-23.08,30.384,630.2,2016,6,5,522,0.022080669400177,22.080669400177,0.0205189459174705,20.5189459174705,0.0198833333333333,19.8833333333333,19.8833333333333,19.8833333333333,19.8833333333333,18.251260821128103,22.080669400177,22.080669400177,20.5189459174705,20.5189459174705,20.5189459174705,21.387755650685325,-4.526620312891932,1.3901254833347103,-3.136494829557222,20.543331386406415,-3.9091527028045943,3.884767233868679,-0.024385468935914645,21.051031525636514,-4.507916606527286,3.340218414224072,-1.167698192303213
2016-06-06,TDOU,-23.08,30.384,630.2,2016,6,6,523,0.0223124817539564,22.3124817539564,0.0202046619531973,20.204661953197306,0.0209333333333333,20.9333333333333,20.9333333333333,20.9333333333333,20.9333333333333,22.3124817539564,22.3124817539564,22.3124817539564,20.204661953197306,20.204661953197306,20.204661953197306,21.37521607937452,-1.916608643424235,2.853874318006117,0.9372656745818801,20.533009880160368,-2.176042399585058,1.8476944726219955,-0.3283479269630618,21.041132552378187,-2.6615909805825115,2.5537917615376244,-0.10779921904488532
2016-06-07,TDOU,-23.08,30.384,630.2,2016,6,7,524,0.0173217118705677,17.3217118705677,0.015061686032933,15.061686032933,0.0153041666666666,15.3041666666666,15.3041666666666,15.3041666666666,15.3041666666666,17.3217118705677,17.3217118705677,17.3217118705677,15.061686032933,15.061686032933,15.061686032933,21.362653899846638,-3.6887716834389273,-0.35217034584001183,-4.040942029278938,20.522667616206142,-3.4227044395498476,-2.0382771437232954,-5.460981583273142,21.031206754749885,-4.056598351069715,-1.6704417370135722,-5.727040088083285
2016-06-08,TDOU,-23.08,30.384,630.2,2016,6,8,525,0.0130573647585078,13.0573647585078,0.0115004221585,11.5004221585,0.0121625,12.1625,12.1625,12.1625,12.1625,13.0573647585078,13.0573647585078,13.0573647585078,11.5004221585,11.5004221585,11.5004221585,21.35006993121034,-3.5926738174498873,-4.700031355252651,-8.292705172702538,20.512305126882694,-3.6330434346425102,-5.378839533740184,-9.011882968382695,21.021254622620436,-4.067912004702593,-4.790842617917843,-8.858754622620436
2016-06-09,TDOU,-23.08,30.384,630.2,2016,6,9,526,0.0111438060386604,11.1438060386604,0.0119007041125841,11.9007041125841,0.0115708333333333,11.5708333333333,11.5708333333333,11.5708333333333,11.5708333333333,11.1438060386604,11.1438060386604,11.1438060386604,11.9007041125841,11.9007041125841,11.9007041125841,21.337464945993947,-4.423539963247856,-5.7701189440856915,-10.193658907333546,20.501922943395186,-3.5963075112444773,-5.0049113195666095,-8.601218830811087,21.011276667286015,-6.520996561580332,-2.919446772372382,-9.440443333952715
2016-06-10,TDOU,-23.08,30.384,630.2,2016,6,10,527,0.0091843199766779,9.1843199766779,0.0101818256883704,10.1818256883704,0.0099875,9.9875,9.9875,9.9875,9.9875,9.1843199766779,9.1843199766779,9.1843199766779,10.1818256883704,10.1818256883704,10.1818256883704,21.324839693034022,-6.120414350725024,-6.020105365631098,-12.140519716356122,20.49152158241787,-5.587177024728704,-4.722518869318765,-10.30969589404747,21.001273386268917,-6.295565718436146,-4.718207667832768,-11.013773386268916
2016-06-11,TDOU,-23.08,30.384,630.2,2016,6,11,528,0.0170652032031267,17.0652032031267,0.015529503064668,15.529503064668,0.0164625,16.462500000000002,16.462500000000002,16.462500000000002,16.462500000000002,17.0652032031267,17.0652032031267,17.0652032031267,15.529503064668,15.529503064668,15.529503064668,21.312194953822846,-3.827399163825056,-0.41959258687109013,-4.2469917506961465,20.481101598531936,-2.213217030668711,-2.7383815031952246,-4.951598533863935,20.991245305116063,-3.006036047873221,-1.5227092572428411,-4.528745305116061
2016-06-12,TDOU,-23.08,30.384,630.2,2016,6,12,529,0.0206885069614799,20.688506961479906,0.0200882931888331,20.0882931888331,0.0202375,20.2375,20.2375,20.2375,20.2375,20.688506961479906,20.688506961479906,20.688506961479906,20.0882931888331,20.0882931888331,20.0882931888331,21.29953163661648,-2.7460649289499677,2.1350402538133935,-0.6110246751365729,20.47066364475134,-1.0577781029576039,0.6754076470393606,-0.3823704559182417,20.981193079069243,-2.6531439041397475,1.909450825070504,-0.7436930790692422
2016-06-13,TDOU,-23.08,30.384,630.2,2016,6,13,530,0.0215391155484685,21.5391155484685,0.0226151810721805,22.615181072180494,0.0221333333333333,22.1333333333333,22.1333333333333,22.1333333333333,22.1333333333333,21.5391155484685,21.5391155484685,21.5391155484685,22.615181072180494,22.615181072180494,22.615181072180494,21.28685069061212,-5.287768478045734,5.540033335902116,0.25226485785638175,20.46020843503577,-1.3544022400901046,3.50937487723483,2.1549726371447235,20.971117420713473,-5.140130774623837,6.302346687243666,1.1622159126198284
2016-06-14,TDOU,-23.08,30.384,630.2,2016,6,14,531,0.0199311982436581,19.931198243658105,0.0185097095921598,18.5097095921598,0.0183791666666666,18.3791666666666,18.3791666666666,18.3791666666666,18.3791666666666,19.931198243658105,19.931198243658105,19.931198243658105,18.5097095921598,18.5097095921598,18.5097095921598,21.274153121318268,-4.362051688012194,3.019096810352032,-1.342954877660162,20.449736783301432,-6.757264797937932,4.817237606796301,-1.9400271911416311,20.96101914250248,-7.2648832252360185,4.683030749400139,-2.5818524758358805
2016-06-15,TDOU,-23.08,30.384,630.2,2016,6,15,532,0.0156358897276656,15.6358897276656,0.01552427924058,15.52427924058,0.0156666666666666,15.6666666666666,15.6666666666666,15.6666666666666,15.6666666666666,15.6358897276656,15.6358897276656,15.6358897276656,15.52427924058,15.52427924058,15.52427924058,21.261440004291085,-6.048373817876604,0.42282354125111965,-5.625550276625486,20.439249632209922,-5.441960503728734,0.5269901120988116,-4.914970391629922,20.950899180113847,-6.06735965147982,0.7831271380325724,-5.284232513447247
2016-06-16,TDOU,-23.08,30.384,630.2,2016,6,16,533,0.012589347175487,12.589347175487,0.0104596341188373,10.4596341188373,0.0108916666666666,10.8916666666666,10.8916666666666,10.8916666666666,10.8916666666666,12.589347175487,12.589347175487,12.589347175487,10.4596341188373,10.4596341188373,10.4596341188373,21.24871248796804,-9.408040890356359,0.7486755778753214,-8.65936531248104,20.4287480602051,-9.866803130472135,-0.10231081089566274,-9.969113941367798,20.940758594575726,-9.99405085702143,-0.05504107088769672,-10.049091927909126
2016-06-17,TDOU,-23.08,30.384,630.2,2016,6,17,534,0.0191398291167846,19.1398291167846,0.0168950898341498,16.8950898341498,0.0177583333333333,17.7583333333333,17.7583333333333,17.7583333333333,17.7583333333333,19.1398291167846,19.1398291167846,19.1398291167846,16.8950898341498,16.8950898341498,16.8950898341498,21.235971788797272,-6.509813918033142,4.413671246020471,-2.0961426720126717,20.41823327541965,-5.718958741511408,2.1958153002415592,-3.5231434412698484,20.93059856608384,-4.720520786592549,1.548255553842008,-3.17226523275054
2016-06-18,TDOU,-23.08,30.384,630.2,2016,6,18,535,0.0164296487986346,16.429648798634602,0.0161332992595098,16.133299259509798,0.0155041666666666,15.5041666666666,15.5041666666666,15.5041666666666,15.5041666666666,16.429648798634602,16.429648798634602,16.429648798634602,16.133299259509798,16.133299259509798,16.133299259509798,21.223219206615905,-0.3888845625138974,-4.404685845467405,-4.793570407981303,20.407706591612413,-4.992626872119376,0.7182195400167615,-4.274407332102616,20.9204203910531,-5.19100353677553,-0.2252501876109676,-5.4162537243864985
2016-06-19,TDOU,-23.08,30.384,630.2,2016,6,19,536,0.0122757582296144,12.2757582296144,0.0127611440230265,12.7611440230265,0.0128333333333333,12.8333333333333,12.8333333333333,12.8333333333333,12.8333333333333,12.2757582296144,12.2757582296144,12.2757582296144,12.7611440230265,12.7611440230265,12.7611440230265,21.21045612124997,-4.882031714444379,-4.052666177191192,-8.934697891635569,20.397169428125107,-2.865730923956949,-4.770294481141658,-7.636025405098607,20.91022549530633,-2.960087967287008,-5.116804194686024,-8.076892161973031
2016-06-20,TDOU,-23.08,30.384,630.2,2016,6,20,537,0.0102432380375355,10.2432380375355,0.0109614667385087,10.9614667385087,0.0110708333333333,11.0708333333333,11.0708333333333,11.0708333333333,11.0708333333333,10.2432380375355,10.2432380375355,10.2432380375355,10.9614667385087,10.9614667385087,10.9614667385087,21.197684044179855,-3.246901794255587,-7.707544212388768,-10.954446006644355,20.386623324910975,-3.3253301559514505,-6.099826430450825,-9.425156586402275,20.90001541439361,-2.882243754975433,-6.946938326084876,-9.82918208106031
2016-06-21,TDOU,-23.08,30.384,630.2,2016,6,21,538,0.0156114177995456,15.6114177995456,0.014499901765666,14.499901765666,0.0148208333333333,14.8208333333333,14.8208333333333,14.8208333333333,14.8208333333333,15.6114177995456,15.6114177995456,15.6114177995456,14.499901765666,14.499901765666,14.499901765666,21.184904618408044,-2.68860800842642,-2.8848788104360246,-5.573486818862444,20.376069937010143,-3.2800540531693145,-2.596114118174828,-5.876168171344144,20.889791739628006,-3.422685922875978,-2.646272483418727,-6.068958406294705
2016-06-22,TDOU,-23.08,30.384,630.2,2016,6,22,539,0.021347414011028,21.347414011028,0.0189339103878896,18.9339103878896,0.0194166666666666,19.4166666666666,19.4166666666666,19.4166666666666,19.4166666666666,21.347414011028,21.347414011028,21.347414011028,18.9339103878896,18.9339103878896,18.9339103878896,21.172119573813163,-1.5175145448280645,1.6928089820429015,0.17529443721483773,20.365510975690714,-1.6207424908482206,0.18914190304710488,-1.431600587801114,20.879556026819284,-1.873569056742362,0.4106796965896784,-1.4628893601526833
2016-06-23,TDOU,-23.08,30.384,630.2,2016,6,23,540,0.0222969501914743,22.296950191474306,0.0204091072288251,20.4091072288251,0.0209958333333333,20.9958333333333,14.8208333333333,20.9958333333333,20.9958333333333,22.296950191474306,22.296950191474306,22.296950191474306,20.4091072288251,20.4091072288251,20.4091072288251,21.159330697152992,0.14706740138658533,0.9905520929347276,1.1376194943213136,20.354948202974143,-1.6105208789706476,1.6646799048216039,0.05415902585095722,20.869309812912988,-2.696118294374347,-3.3523581852053397,-6.048476479579687
2016-06-24,TDOU,-23.08,30.384,630.2,2016,6,24,541,0.0165964858276875,16.5964858276875,0.0164173401100525,16.4173401100525,0.0161708333333333,16.170833333333302,16.170833333333302,16.170833333333302,16.170833333333302,16.5964858276875,16.5964858276875,16.5964858276875,16.4173401100525,16.4173401100525,16.4173401100525,21.146539825949148,-1.5693948690435007,-2.98065912921815,-4.5500539982616495,20.34438340767549,-3.7681502130586693,-0.1588930845643226,-3.9270432976229905,20.859054596936165,-4.114389301461186,-0.5738319621416785,-4.688221263602863
2016-06-25,TDOU,-23.08,30.384,630.2,2016,6,25,542,0.0109317912971422,10.9317912971422,0.0117512890377834,11.7512890377834,0.0104208333333333,10.4208333333333,10.4208333333333,10.4208333333333,10.4208333333333,10.9317912971422,10.9317912971422,10.9317912971422,11.7512890377834,11.7512890377834,11.7512890377834,21.133748844540147,-0.017365625116972205,-10.184591922280976,-10.201957547397948,20.333818377280927,-1.2894361157649652,-7.293093223732562,-8.582529339497528,20.84879181542432,-0.537210035597988,-9.890748446493031,-10.42795848209102
2016-06-26,TDOU,-23.08,30.384,630.2,2016,6,26,543,0.0092071989997925,9.2071989997925,0.0096603969125999,9.6603969125999,0.009275,9.275,9.275,9.275,9.275,9.2071989997925,9.2071989997925,9.2071989997925,9.6603969125999,9.6603969125999,9.6603969125999,21.12095973999365,4.15996350732552,-16.07372424752667,-11.913760740201152,20.32325493038271,2.726065289548608,-13.388923307331417,-10.66285801778281,20.83852287168054,-0.5135001128247861,-11.050022758855752,-11.563522871680538
2016-06-27,TDOU,-23.08,30.384,630.2,2016,6,27,544,0.0082980202785522,8.2980202785522,0.0087307002846858,8.7307002846858,0.0086833333333333,8.6833333333333,8.6833333333333,8.6833333333333,8.6833333333333,8.2980202785522,8.2980202785522,8.2980202785522,8.7307002846858,8.7307002846858,8.7307002846858,21.108174604863322,-2.617624377309322,-10.1925299490018,-12.810154326311123,20.31269494550037,-1.5523326014119403,-10.029662059402627,-11.581994660814567,20.828249171389636,-0.5306782290886717,-11.614237608967665,-12.144915838056336
2016-06-28,TDOU,-23.08,30.384,630.2,2016,6,28,545,0.0105111897611333,10.5111897611333,0.0075749830567046,7.5749830567046,0.0086874999999999,8.6874999999999,8.6874999999999,8.6874999999999,8.6874999999999,10.5111897611333,10.5111897611333,10.5111897611333,7.5749830567046,7.5749830567046,7.5749830567046,21.095395629192677,-5.2190648171108975,-5.365141050948479,-10.584205868059376,20.302140392210404,-4.621842426321231,-8.105314909184575,-12.727157335505805,20.817972188389877,-2.7615067571181555,-9.368965431271821,-12.130472188389977
2016-06-29,TDOU,-23.08,30.384,630.2,2016,6,29,546,0.0127558604508399,12.7558604508399,0.0121695362697887,12.1695362697887,0.0113791666666666,11.3791666666666,11.3791666666666,11.3791666666666,11.3791666666666,12.7558604508399,12.7558604508399,12.7558604508399,12.1695362697887,12.1695362697887,12.1695362697887,21.08262511681756,-3.174870989479492,-5.151893676498167,-8.32676466597766,20.291593361926928,-2.7614951473786573,-5.360561944759571,-8.122057092138228,20.807693488404748,-4.887357035901398,-4.54116978583675,-9.428526821738147
2016-06-30,TDOU,-23.08,30.384,630.2,2016,6,30,547,0.0106950982524492,10.6950982524492,0.0108020487477217,10.8020487477217,0.0103833333333333,10.3833333333333,10.3833333333333,10.3833333333333,10.3833333333333,10.6950982524492,10.6950982524492,10.6950982524492,10.8020487477217,10.8020487477217,10.8020487477217,21.069865443107194,-6.3451954312887775,-4.029571759369215,-10.374767190657993,20.281056049362252,-4.890263683846374,-4.588743617794178,-9.479007301640552,20.797414726700186,-4.683428147551015,-5.730653245815869,-10.414081393366885
2016-07-01,TDOU,-23.08,30.384,630.2,2016,7,1,548,0.0105302953026866,10.5302953026866,0.010882914656724,10.882914656724,0.009625,9.625,9.625,9.625,9.625,10.5302953026866,10.5302953026866,10.5302953026866,10.882914656724,10.882914656724,10.882914656724,21.057119047940024,-6.919098546950486,-3.607725198302937,-10.526823745253424,20.270530691043117,-6.331588074968006,-3.0560279593511126,-9.387616034319118,20.78713762996686,-6.668116562635651,-4.494021067331207,-11.16213762996686
2016-07-02,TDOU,-23.08,30.384,630.2,2016,7,2,549,0.0155670187180998,15.5670187180998,0.0144705777486511,14.4705777486511,0.0158791666666666,15.8791666666666,15.8791666666666,15.8791666666666,15.8791666666666,15.5670187180998,15.5670187180998,15.5670187180998,14.4705777486511,14.4705777486511,14.4705777486511,21.044388499454307,-6.25151517925402,0.7741453978995132,-5.477369781354508,20.260019611542763,-6.148018353261042,0.35857649036938,-5.789441862891662,20.776864029742843,-4.544204667669287,-0.35349269540695616,-4.897697363076242
2016-07-03,TDOU,-23.08,30.384,630.2,2016,7,3,550,0.0156348689058841,15.6348689058841,0.0152354126990842,15.2354126990842,0.0151958333333333,15.1958333333333,15.1958333333333,15.1958333333333,15.1958333333333,15.6348689058841,15.6348689058841,15.6348689058841,15.2354126990842,15.2354126990842,15.2354126990842,21.031676500598255,-6.319667351831755,0.9228597571175996,-5.396807594714156,20.249525260114414,-6.30871563105622,1.2946030700260067,-5.014112561030213,20.766595872796053,-5.974578930349192,0.4038163908864405,-5.570762539462752
2016-07-04,TDOU,-23.08,30.384,630.2,2016,7,4,551,0.0125404554079507,12.5404554079507,0.0115523301874413,11.5523301874413,0.0118666666666666,11.8666666666666,11.8666666666666,11.8666666666666,11.8666666666666,12.5404554079507,12.5404554079507,12.5404554079507,11.5523301874413,11.5523301874413,11.5523301874413,21.01898587517879,-7.229908006159224,-1.2486224610688659,-8.478530467228088,20.239050202423243,-7.334274909778467,-1.3524451052034756,-8.686720014981944,20.75633525785546,-7.309210442293228,-1.5804581488956337,-8.889668591188862
2016-07-05,TDOU,-23.08,30.384,630.2,2016,7,5,552,0.0122237135192168,12.2237135192168,0.01150787808444,11.50787808444,0.01095,10.95,10.95,10.95,10.95,12.2237135192168,12.2237135192168,12.2237135192168,11.50787808444,11.50787808444,11.50787808444,21.006319567824313,-5.779248647203109,-3.003357401404404,-8.782606048607514,20.228597131354295,-6.114700812522418,-2.606018234391879,-8.720719046914295,20.74608443908727,-6.612415276549561,-3.183669162537708,-9.79608443908727
2016-07-06,TDOU,-23.08,30.384,630.2,2016,7,6,553,0.0101527689792745,10.1527689792745,0.0099801479958287,9.9801479958287,0.0097708333333333,9.7708333333333,9.7708333333333,9.7708333333333,9.7708333333333,10.1527689792745,10.1527689792745,10.1527689792745,9.9801479958287,9.9801479958287,9.9801479958287,20.993680651478563,-2.2156136354026694,-8.625298036801393,-10.840911672204063,20.218168878128562,-1.4333500416339862,-8.804670840665876,-10.238020882299862,20.735845826408283,-0.5049453831721404,-10.460067109902843,-10.965012493074983
2016-07-07,TDOU,-23.08,30.384,630.2,2016,7,7,554,0.0162213819952528,16.221381995252802,0.0151560296445276,15.1560296445276,0.0162375,16.237499999999997,16.237499999999997,16.237499999999997,16.237499999999997,16.221381995252802,16.221381995252802,16.221381995252802,15.1560296445276,15.1560296445276,15.1560296445276,20.981072315186957,-2.85021059247006,-1.9094797274640953,-4.759690319934155,20.207768414959475,-2.2328591204089263,-2.81887965002295,-5.051738770431875,20.725621995111307,-1.894924544398548,-2.5931974507127613,-4.48812199511131
2016-07-08,TDOU,-23.08,30.384,630.2,2016,7,8,555,0.0152340623258263,15.2340623258263,0.0147160435397803,14.7160435397803,0.0146291666666666,14.6291666666666,14.6291666666666,14.6291666666666,14.6291666666666,15.2340623258263,15.2340623258263,15.2340623258263,14.7160435397803,14.7160435397803,14.7160435397803,20.968497865158053,-0.9790698643656581,-4.755365674966093,-5.734435539331752,20.197398877439902,-1.1782801410479853,-4.303075196611617,-5.481355337659602,20.715415694297125,-0.5758364968328608,-5.510412530797664,-6.086249027630524
2016-07-09,TDOU,-23.08,30.384,630.2,2016,7,9,556,0.0132166996348092,13.2166996348092,0.012008175712074,12.008175712074,0.0121916666666666,12.1916666666666,12.1916666666666,12.1916666666666,12.1916666666666,13.2166996348092,13.2166996348092,13.2166996348092,12.008175712074,12.008175712074,12.008175712074,20.95596075042293,-7.40213738761162,-0.33712372800210844,-7.739261115613729,20.187063569833892,-7.016014930163214,-1.162872927596677,-8.178887857759893,20.705229851940658,-7.497879721484103,-1.015683463789955,-8.513563185274057
2016-07-11,TDOU,-23.08,30.384,630.2,2016,7,11,558,0.0155180410134511,15.5180410134511,0.015715941368513,15.715941368513,0.0152958333333333,15.2958333333333,15.2958333333333,15.2958333333333,15.2958333333333,15.5180410134511,15.5180410134511,15.5180410134511,15.715941368513,15.715941368513,15.715941368513,20.931013076271554,-6.386813094085639,0.9738410312651844,-5.4129720628204545,20.16650971354502,-5.167265396918924,0.7166970518869036,-4.450568345032021,20.684932171717538,-5.431331223577418,0.04223238519318073,-5.389098838384237
2016-07-12,TDOU,-23.08,30.384,630.2,2016,7,12,559,0.0147457085214591,14.7457085214591,0.0140866435436167,14.0866435436167,0.0137083333333333,13.7083333333333,13.7083333333333,13.7083333333333,13.7083333333333,14.7457085214591,14.7457085214591,14.7457085214591,14.0866435436167,14.0866435436167,14.0866435436167,20.918610117837382,-4.893592408809525,-1.2793091875687566,-6.172901596378281,20.15629856498177,-5.321996777686515,-0.7476582436785542,-6.069655021365071,20.67482704170857,-5.269904281923771,-1.6965894264514993,-6.966493708375271
2016-07-13,TDOU,-23.08,30.384,630.2,2016,7,13,560,0.0153870097758377,15.3870097758377,0.0141566745469254,14.1566745469254,0.0138666666666666,13.8666666666666,13.8666666666666,13.8666666666666,13.8666666666666,15.3870097758377,15.3870097758377,15.3870097758377,14.1566745469254,14.1566745469254,14.1566745469254,20.906259614500712,-3.1252507174100015,-2.3939991212530103,-5.519249838663011,20.1461363585743,-2.798411959943998,-3.1910498517049,-5.9894618116489,20.664755685508826,-3.118610509172592,-3.679478509669636,-6.7980890188422265
2016-07-14,TDOU,-23.08,30.384,630.2,2016,7,14,561,0.0149953249458997,14.9953249458997,0.014033474351468,14.033474351468,0.0136666666666666,13.6666666666666,13.6666666666666,13.6666666666666,13.6666666666666,14.9953249458997,14.9953249458997,14.9953249458997,14.033474351468,14.033474351468,14.033474351468,20.893965518094536,-3.4134435999821506,-2.485196972212684,-5.898640572194836,20.136026971087084,-3.510021758018922,-2.5925308616001637,-6.102552619619084,20.654721658703746,-4.003948956961884,-2.9841060350752606,-6.988054992037146
2016-07-15,TDOU,-23.08,30.384,630.2,2016,7,15,562,0.0128394009024032,12.8394009024032,0.0119977703987905,11.9977703987905,0.0118291666666666,11.8291666666666,11.8291666666666,11.8291666666666,11.8291666666666,12.8394009024032,12.8394009024032,12.8394009024032,11.9977703987905,11.9977703987905,11.9977703987905,20.881731854968542,-5.309303675450034,-2.7330272771153084,-8.042330952565342,20.125974386024783,-5.481353669711604,-2.6468503175226807,-8.128203987234283,20.644728623191284,-5.56792750874914,-3.247634447775546,-8.815561956524684
2016-07-16,TDOU,-23.08,30.384,630.2,2016,7,16,563,0.0134999727645322,13.4999727645322,0.0113350446478673,11.3350446478673,0.0116041666666666,11.6041666666666,11.6041666666666,11.6041666666666,11.6041666666666,13.4999727645322,13.4999727645322,13.4999727645322,11.3350446478673,11.3350446478673,11.3350446478673,20.86956270631636,-5.727607024079692,-1.6419829177044676,-7.369589941784158,20.115982690242117,-4.775159320126529,-4.005778722248287,-8.780938042374817,20.634780344674322,-5.427018378890839,-3.6035952991168827,-9.030613678007722
2016-07-17,TDOU,-23.08,30.384,630.2,2016,7,17,564,0.0187221250000427,18.722125000042706,0.0165805120701819,16.5805120701819,0.0170833333333333,17.0833333333333,17.0833333333333,17.0833333333333,17.0833333333333,18.722125000042706,18.722125000042706,18.722125000042706,16.5805120701819,16.5805120701819,16.5805120701819,20.857462184902364,-4.114362293545276,1.9790251086856188,-2.135337184859658,20.10605601376282,-4.741656168914336,1.216112225333415,-3.525543943580921,20.624880645694887,-4.25830404818975,0.716756735828163,-3.541547312361587
2016-07-18,TDOU,-23.08,30.384,630.2,2016,7,18,565,0.017451012033588,17.451012033588,0.0155104370714087,15.5104370714087,0.0155583333333333,15.558333333333302,15.558333333333302,15.558333333333302,15.558333333333302,17.451012033588,17.451012033588,17.451012033588,15.5104370714087,15.5104370714087,15.5104370714087,20.84543439644052,-4.614795257399359,1.2203728945468377,-3.39442236285252,20.096198462358206,-4.548865755647364,-0.03689563530214102,-4.585761390949505,20.61503337971427,-2.6374730901647143,-2.419226956216253,-5.056700046380968
2016-07-19,TDOU,-23.08,30.384,630.2,2016,7,19,566,0.0127745018147483,12.7745018147483,0.0115699991448393,11.5699991448393,0.0111333333333333,11.1333333333333,11.1333333333333,11.1333333333333,11.1333333333333,12.7745018147483,12.7745018147483,12.7745018147483,11.5699991448393,11.5699991448393,11.5699991448393,20.833483471255533,-6.103238859923742,-1.9557427965834933,-8.058981656507234,20.08641411783979,-5.801861876193145,-2.7145530968073466,-8.51641497300049,20.605242425470006,-5.621642621444466,-3.8502664706922403,-9.471909092136706
2016-07-20,TDOU,-23.08,30.384,630.2,2016,7,20,567,0.0099064038480972,9.9064038480972,0.0092889433428001,9.2889433428001,0.0092541666666666,9.2541666666666,9.2541666666666,9.2541666666666,9.2541666666666,9.9064038480972,9.9064038480972,9.9064038480972,9.2889433428001,9.2889433428001,9.2889433428001,20.821613609270067,-6.988261992248044,-3.9269477689248227,-10.915209761172866,20.076707129632005,-7.355040093156835,-3.4327236936750722,-10.787763786831906,20.595511748134737,-7.602673618316407,-3.7386714631517286,-11.341345081468136
2016-07-21,TDOU,-23.08,30.384,630.2,2016,7,21,568,0.0078706073293484,7.870607329348399,0.008004969585845,8.004969585845,0.0080375,8.0375,8.0375,8.0375,8.0375,7.870607329348399,7.870607329348399,7.870607329348399,8.004969585845,8.004969585845,8.004969585845,20.809829033053877,-4.949898826844087,-7.98932287686139,-12.939221703705478,20.067081687757053,-5.3343649389799825,-6.72774716293207,-12.062112101912053,20.585845377998247,-5.572687768534875,-6.975657609463372,-12.548345377998247
2016-07-22,TDOU,-23.08,30.384,630.2,2016,7,22,569,0.0064285320163377,6.4285320163377,0.0069418968433561,6.9418968433561,0.0071541666666666,7.1541666666666,7.1541666666666,7.1541666666666,7.1541666666666,6.4285320163377,6.4285320163377,6.4285320163377,6.9418968433561,6.9418968433561,6.9418968433561,20.798133926037725,-5.038439930017149,-9.331161979682875,-14.369601909700025,20.057541969760432,-5.369630315771167,-7.746014810633165,-13.115645126404331,20.57624736892171,-3.244391102235519,-10.17768960001959,-13.422080702255109
2016-07-23,TDOU,-23.08,30.384,630.2,2016,7,23,570,0.0108622312013929,10.8622312013929,0.0069830493973659,6.9830493973659,0.0080541666666666,8.0541666666666,8.0541666666666,8.0541666666666,8.0541666666666,10.8622312013929,10.8622312013929,10.8622312013929,6.9830493973659,6.9830493973659,6.9830493973659,20.78653247999945,-1.1406564424324703,-8.78364483617408,-9.924301278606551,20.048092156611926,2.3163078575186873,-15.381350616764713,-13.065042759246026,20.566721813590313,3.593345935237371,-16.105901082161083,-12.512555146923713
2016-07-24,TDOU,-23.08,30.384,630.2,2016,7,24,571,0.0197110392950844,19.7110392950844,0.0167381230087455,16.7381230087455,0.0173416666666666,17.341666666666598,17.341666666666598,17.341666666666598,17.341666666666598,19.7110392950844,19.7110392950844,19.7110392950844,16.7381230087455,16.7381230087455,16.7381230087455,20.77502894186347,-1.1186360412861411,0.05464639450707054,-1.0639896467790706,20.03873647079516,0.7171861237834494,-4.01779958583311,-3.300613462049661,20.557272831387515,-0.65216720254466,-2.5634389621762566,-3.215606164720917
2016-07-25,TDOU,-23.08,30.384,630.2,2016,7,25,572,0.0243442017812141,24.3442017812141,0.0209641458577602,20.9641458577602,0.0225166666666666,22.5166666666666,22.5166666666666,22.5166666666666,22.5166666666666,24.3442017812141,24.3442017812141,24.3442017812141,20.9641458577602,20.9641458577602,20.9641458577602,20.76362758354016,-2.665558212611841,6.246132410285782,3.58057419767394,20.029479148902347,-3.6168474967257005,4.551514205583555,0.9346667088578542,20.54790455676445,-2.8834833495792282,4.852245459481381,1.9687621099021513
2016-07-26,TDOU,-23.08,30.384,630.2,2016,7,26,573,0.028009700484026,28.009700484026,0.0261416179310029,26.141617931002894,0.0261541666666666,26.1541666666666,26.1541666666666,26.1541666666666,26.1541666666666,28.009700484026,28.009700484026,28.009700484026,26.141617931002894,26.141617931002894,26.141617931002894,20.75233264206902,1.3958451206501306,5.861522721306848,7.257367841956977,20.020324415843692,0.7640082892030485,5.357285225956154,6.121293515159202,20.538621112124638,0.3541506349846796,5.261394919557283,5.6155455545419635
2016-07-27,TDOU,-23.08,30.384,630.2,2016,7,27,574,0.0156723867250375,15.672386725037498,0.018956167017664,18.956167017664,0.0150333333333333,15.0333333333333,15.0333333333333,15.0333333333333,15.0333333333333,15.672386725037498,15.672386725037498,15.672386725037498,18.956167017664,18.956167017664,18.956167017664,20.741148247996666,-4.994448088272936,-0.07431343468623197,-5.068761522959168,20.011276425664356,-3.2846314062476387,2.2295219982472823,-1.0551094080003551,20.52942655611939,-5.469775689099283,-0.026317533686807337,-5.49609322278609
2016-07-28,TDOU,-23.08,30.384,630.2,2016,7,28,575,0.0035484142530249,3.5484142530249,0.0040971070710668,4.0971070710668,0.0033083333333333,3.3083333333333,3.3083333333333,3.3083333333333,3.3083333333333,3.5484142530249,3.5484142530249,3.5484142530249,4.0971070710668,4.0971070710668,4.0971070710668,20.730078445870326,-8.184761872304719,-8.996902320540707,-17.181664192845425,20.002339254901557,-8.493322968484117,-7.41190921535064,-15.905232183834757,20.52032488169185,-7.858336685976801,-9.353654862381749,-17.211991548358547
2016-07-29,TDOU,-23.08,30.384,630.2,2016,7,29,576,0.0042954323261898,4.2954323261898,0.0040769005841326,4.0769005841326,0.0043625,4.3625,4.3625,4.3625,4.3625,4.2954323261898,4.2954323261898,4.2954323261898,4.0769005841326,4.0769005841326,4.0769005841326,20.71912725678927,-8.101437010700417,-8.322257919899053,-16.42369493059947,19.99351692081155,-7.455972938836979,-8.460643397841972,-15.91661633667895,20.51132007254841,-7.503632958466581,-8.64518711408183,-16.14882007254841
2016-07-30,TDOU,-23.08,30.384,630.2,2016,7,30,577,0.0091724103091297,9.1724103091297,0.0079788220991128,7.9788220991128,0.0082458333333333,8.2458333333333,8.2458333333333,8.2458333333333,8.2458333333333,9.1724103091297,9.1724103091297,9.1724103091297,7.9788220991128,7.9788220991128,7.9788220991128,20.708298799763366,-6.8394115778972004,-4.696476912736465,-11.535888490633665,19.984813489637418,-6.7649073350546445,-5.2410840554699725,-12.005991390524617,20.502416210783945,-7.437945536267756,-4.818637341182889,-12.256582877450645
2016-08-01,TDOU,-23.08,30.384,630.2,2016,8,1,579,0.0161806618229413,16.1806618229413,0.0150856893362546,15.0856893362546,0.0142541666666666,14.2541666666666,14.2541666666666,14.2541666666666,14.2541666666666,16.1806618229413,16.1806618229413,16.1806618229413,15.0856893362546,15.0856893362546,15.0856893362546,20.687026970641934,-6.158350900990483,1.6519857532898463,-4.506365147700635,19.96777999307126,-4.560673503488296,-0.3214171533283654,-4.882090656816661,20.484928056853285,-6.207711890753027,-0.023049499433657417,-6.230761390186684
2016-08-02,TDOU,-23.08,30.384,630.2,2016,8,2,580,0.0131357761138651,13.1357761138651,0.0122491454420728,12.2491454420728,0.0125624999999999,12.5624999999999,12.5624999999999,12.5624999999999,12.5624999999999,13.1357761138651,13.1357761138651,13.1357761138651,12.2491454420728,12.2491454420728,12.2491454420728,20.676592176670933,-8.476338930868097,0.9355228680622645,-7.540816062805833,19.9594584239647,-6.784559721491297,-0.9257532604006045,-7.710312981891901,20.476352286383104,-7.9558019611296755,0.04194967474647271,-7.913852286383204
2016-08-03,TDOU,-23.08,30.384,630.2,2016,8,3,581,0.0092457576659452,9.2457576659452,0.0114521881458158,11.4521881458158,0.0100749999999999,10.0749999999999,10.0749999999999,10.0749999999999,10.0749999999999,9.2457576659452,9.2457576659452,9.2457576659452,11.4521881458158,11.4521881458158,11.4521881458158,20.666297179858304,-8.960509223116114,-2.4600302907969898,-11.420539513913104,19.951272665144014,-8.908207603480673,0.40912308415245846,-8.499084519328214,20.467894416388468,-9.883947257098736,-0.508947159289832,-10.392894416388568
2016-08-04,TDOU,-23.08,30.384,630.2,2016,8,4,582,0.006504512903908,6.504512903908,0.0062442293989765,6.2442293989765,0.0062666666666666,6.2666666666666,6.2666666666666,6.2666666666666,6.2666666666666,6.504512903908,6.504512903908,6.504512903908,6.2442293989765,6.2442293989765,6.2442293989765,20.65614621080497,-10.279190261880753,-3.8724430450162153,-14.151633306896969,19.943226947368483,-10.634248457284334,-3.0647490911076503,-13.698997548391983,20.4595587080982,-10.712606707383395,-3.4802853340482045,-14.1928920414316
2016-08-05,TDOU,-23.08,30.384,630.2,2016,8,5,583,0.0095075703828874,9.5075703828874,0.0091746579089508,9.1746579089508,0.0089416666666666,8.941666666666599,8.941666666666599,8.941666666666599,8.941666666666599,9.5075703828874,9.5075703828874,9.5075703828874,9.1746579089508,9.1746579089508,9.1746579089508,20.646143465795827,-7.77276928935345,-3.365803793554978,-11.138573082908428,19.93532545652639,-7.429556418301849,-3.33111112927374,-10.760667547575588,20.451349366703578,-8.004725649633494,-3.504957050403487,-11.50968270003698
2016-08-06,TDOU,-23.08,30.384,630.2,2016,8,6,584,0.008470502360564,8.470502360564,0.0084453315631389,8.4453315631389,0.0080708333333333,8.070833333333299,8.070833333333299,8.070833333333299,8.070833333333299,8.470502360564,8.470502360564,8.470502360564,8.4453315631389,8.4453315631389,8.4453315631389,20.636293026600317,-9.33130544176393,-2.834485224272388,-12.165790666036317,19.92757232868133,-9.5192817118875,-1.9629590536549273,-11.482240765542429,20.443270443852416,-8.90651148076875,-3.4659256297503696,-12.372437110519117
2016-08-07,TDOU,-23.08,30.384,630.2,2016,8,7,585,0.0090396247141839,9.0396247141839,0.0090138797056332,9.0138797056332,0.0087499999999999,8.7499999999999,8.7499999999999,8.7499999999999,8.7499999999999,9.0396247141839,9.0396247141839,9.0396247141839,9.0138797056332,9.0138797056332,9.0138797056332,20.626598767318633,-8.74140942195895,-2.845564631175783,-11.586974053134734,19.91997155135463,-10.071390959938899,-0.8347008857825351,-10.906091845721432,20.43532583119314,-9.27977727865066,-2.40554855254258,-11.68532583119324
2016-08-08,TDOU,-23.08,30.384,630.2,2016,8,8,586,0.0123401452416807,12.3401452416807,0.0093185048150899,9.3185048150899,0.0102125,10.2125,10.2125,10.2125,10.2125,12.3401452416807,12.3401452416807,12.3401452416807,9.3185048150899,9.3185048150899,9.3185048150899,20.6170643761119,-8.65681888111509,0.37989974668388626,-8.276919134431202,19.91252701265046,-9.195899576914758,-1.398122620645804,-10.59402219756056,20.427519331847037,-9.146750982576402,-1.0682683492706353,-10.215019331847037
2016-08-09,TDOU,-23.08,30.384,630.2,2016,8,9,587,0.0132818236274182,13.2818236274182,0.0132979890916179,13.2979890916179,0.0118749999999999,11.8749999999999,11.8749999999999,11.8749999999999,11.8749999999999,13.2818236274182,13.2818236274182,13.2818236274182,8.4453315631389,13.2979890916179,13.2979890916179,20.607693406018154,-5.738852363908285,-1.587017414691669,-7.325869778599953,19.90524255356452,-6.534674693944629,-4.925236296480991,-11.45991099042562,20.419854687985655,-5.72854674161422,-2.816307946371534,-8.544854687985755
2016-08-10,TDOU,-23.08,30.384,630.2,2016,8,10,588,0.0081133455288898,8.113345528889798,0.0081678276709651,8.1678276709651,0.0074583333333333,7.4583333333333,7.4583333333333,7.4583333333333,7.4583333333333,8.113345528889798,8.113345528889798,8.113345528889798,8.1678276709651,8.1678276709651,8.1678276709651,20.5984892210016,-4.814965008742826,-7.670178683368976,-12.485143692111802,19.898121963047327,-5.8125619034017575,-5.91773238868047,-11.730294292082228,20.41233552800689,-1.7388509029712043,-11.215151291702384,-12.954002194673588
2016-08-11,TDOU,-23.08,30.384,630.2,2016,8,11,589,0.0067588950695891,6.7588950695891,0.005971312795303,5.971312795303,0.0057541666666666,5.7541666666666,5.7541666666666,5.7541666666666,5.7541666666666,6.7588950695891,6.7588950695891,6.7588950695891,8.1678276709651,5.971312795303,5.971312795303,20.589455058844795,-3.3380258833523206,-10.492534105903374,-13.830559989255695,19.891168898414755,-2.014539385042273,-9.708801842407382,-11.723341227449655,20.404965352718218,-2.258372792235292,-12.392425893816327,-14.650798686051619
2016-08-12,TDOU,-23.08,30.384,630.2,2016,8,12,590,0.0075960210997289,7.5960210997289,0.0068141847469282,6.8141847469282,0.0061666666666666,6.1666666666666,6.1666666666666,6.1666666666666,6.1666666666666,7.5960210997289,7.5960210997289,7.5960210997289,8.1678276709651,6.8141847469282,6.8141847469282,20.58059411822086,-5.053952404040825,-7.930620614451133,-12.984573018491957,19.884386961149012,-5.393505351950166,-6.3230539382337465,-11.716559290183913,20.39774764001138,-7.821969889609005,-6.409111083735777,-14.231080973344781
2016-08-13,TDOU,-23.08,30.384,630.2,2016,8,13,591,0.0092907184442067,9.290718444206702,0.0080886772992557,8.088677299255702,0.0088583333333333,8.8583333333333,8.8583333333333,8.8583333333333,8.8583333333333,9.290718444206702,9.290718444206702,9.290718444206702,8.088677299255702,8.088677299255702,8.088677299255702,20.571909470764496,-5.740550250800335,-5.54064077575746,-11.281191026557794,19.877779655379126,-4.520014836485809,-7.2690875196376155,-11.789102356123424,20.390685783394584,-4.555159510577645,-6.97719293948364,-11.532352450061284
2016-08-14,TDOU,-23.08,30.384,630.2,2016,8,14,592,0.0118458318797446,11.8458318797446,0.0100156448714662,10.0156448714662,0.0108666666666666,10.8666666666666,10.8666666666666,10.8666666666666,10.8666666666666,11.8458318797446,11.8458318797446,11.8458318797446,10.0156448714662,10.0156448714662,10.0156448714662,20.563404032041927,-5.618652858614869,-3.09891929368246,-8.717572152297327,19.871350334616036,-3.8944667166183446,-5.961238746531491,-9.855705463149835,20.383783039631396,-4.901588514755073,-4.615527858209724,-9.517116372964797
2016-08-15,TDOU,-23.08,30.384,630.2,2016,8,15,593,0.0178445673331647,17.8445673331647,0.0161235723057407,16.123572305740698,0.0168,16.8,16.8,16.8,16.8,17.8445673331647,17.8445673331647,17.8445673331647,16.123572305740698,16.123572305740698,16.123572305740698,20.555080623891563,-4.213988499533147,1.503475208806286,-2.710513290726862,19.865102165404394,-4.954728494351364,1.213198634687668,-3.7415298596636966,20.3770424993821,-4.803721322223205,1.2266788228411052,-3.577042499382099
2016-08-16,TDOU,-23.08,30.384,630.2,2016,8,16,594,0.021772791377072,21.772791377072,0.0178390741668846,17.8390741668846,0.01945,19.45,17.1166666666666,19.45,19.45,21.772791377072,21.772791377072,21.772791377072,16.123572305740698,17.8390741668846,17.8390741668846,20.54694187450427,-1.5785018290610044,2.804351331628734,1.2258495025677298,19.8590381080912,-4.310993164648662,0.5755273622981569,-3.735465802350504,20.370467089403764,-4.008691488352912,0.7548910656157481,-3.2538004227371644
2016-08-17,TDOU,-23.08,30.384,630.2,2016,8,17,595,0.0206256086475009,20.6256086475009,0.0186713368216675,18.671336821667506,0.018,18.0,18.0,18.0,18.0,20.6256086475009,20.6256086475009,20.6256086475009,18.671336821667506,18.671336821667506,18.671336821667506,20.538990264065387,-2.893630945864245,2.9802493292997596,0.08661838343551409,19.853160956386752,-3.1876570883012554,2.005832953582008,-1.1818241347192462,20.36405966090214,-2.866582466487415,0.5025228055852757,-2.3640596609021394
2016-08-18,TDOU,-23.08,30.384,630.2,2016,8,18,596,0.0205223423392957,20.5223423392957,0.0188223532908686,18.8223532908686,0.0178166666666666,17.8166666666666,17.8166666666666,17.8166666666666,17.8166666666666,20.5223423392957,20.5223423392957,20.5223423392957,18.8223532908686,18.8223532908686,18.8223532908686,20.531228217034457,-1.4106118858438716,1.4017260081051148,-0.00888587773875571,19.847473469802356,-1.9652410713192376,0.9401208923854831,-1.0251201789337543,20.357823020882332,-2.137140841033937,-0.40401551318179685,-2.541156354215733
2016-08-19,TDOU,-23.08,30.384,630.2,2016,8,19,597,0.0175135986382432,17.5135986382432,0.0155630666661812,15.563066666181198,0.0171166666666666,17.1166666666666,17.1166666666666,17.1166666666666,17.1166666666666,17.5135986382432,17.5135986382432,17.5135986382432,15.563066666181198,15.563066666181198,15.563066666181198,20.5236580745093,1.8851416585952425,-4.895201094861344,-3.0100594362661006,19.841978330059256,1.768010976510698,-6.046922640388756,-4.278911663878057,20.35175992624374,1.7079567005859415,-4.9430499601630835,-3.235093259577141
2016-08-20,TDOU,-23.08,30.384,630.2,2016,8,20,598,0.0195574937809674,19.5574937809674,0.0185036147426385,18.5036147426385,0.0197416666666666,19.7416666666666,19.7416666666666,19.7416666666666,19.7416666666666,19.5574937809674,19.5574937809674,19.5574937809674,18.5036147426385,18.5036147426385,18.5036147426385,20.51628210003509,1.8173473163598195,-2.7761356354275115,-0.9587883190676934,19.83667811301609,2.4573243434731658,-3.7903877138507553,-1.333063370377591,20.34587312022329,2.0291496543661918,-2.6333561079228787,-0.6042064535566887
2016-08-21,TDOU,-23.08,30.384,630.2,2016,8,21,599,0.0189812997897068,18.9812997897068,0.0192723426967914,19.2723426967914,0.0195791666666666,19.5791666666666,19.5791666666666,19.5791666666666,19.5791666666666,18.9812997897068,18.9812997897068,18.9812997897068,19.2723426967914,19.2723426967914,19.2723426967914,20.509102559329147,1.344784572855019,-2.8725873424773667,-1.5278027696223475,19.831575352649065,2.309315779850691,-2.8685484357083553,-0.559232655857663,20.340165335082286,1.589259965222904,-2.350258633638589,-0.7609986684156844
2016-08-22,TDOU,-23.08,30.384,630.2,2016,8,22,600,0.0153761090710489,15.3761090710489,0.011517682067572,11.517682067572,0.0125083333333333,12.5083333333333,12.5083333333333,12.5083333333333,12.5083333333333,15.3761090710489,15.3761090710489,15.3761090710489,11.517682067572,11.517682067572,11.517682067572,20.502121739025498,-1.729739734122246,-3.396272933854352,-5.126012667976598,19.82667260752202,0.36286325792453267,-8.671853797874553,-8.30899053995002,20.334639277181807,-2.0101204394934316,-5.816185504355076,-7.8263059438485065
2016-08-23,TDOU,-23.08,30.384,630.2,2016,8,23,601,0.0177333071181719,17.7333071181719,0.0159278271230657,15.9278271230657,0.0175666666666666,17.5666666666666,17.5666666666666,17.5666666666666,17.5666666666666,17.7333071181719,17.7333071181719,17.7333071181719,15.9278271230657,15.9278271230657,15.9278271230657,20.49534190447779,-2.2142526885909084,-0.5477820977149825,-2.7620347863058896,19.821972437069444,0.844596936688834,-4.738742250692578,-3.894145314003744,20.329297608482825,0.5913531111149097,-3.3539840529311356,-2.7626309418162265
2016-08-24,TDOU,-23.08,30.384,630.2,2016,8,24,602,0.0142228720844468,14.2228720844468,0.0135385062043016,13.5385062043016,0.0127875,12.7875,12.7875,12.7875,12.7875,14.2228720844468,14.2228720844468,14.2228720844468,13.5385062043016,13.5385062043016,13.5385062043016,20.488765234539414,-4.075813632071688,-2.1900795180209265,-6.265893150092614,19.817477414385067,-3.6149688757299727,-2.664002334353494,-6.278971210083467,20.32414300936495,-2.8826274573189643,-4.654015552045985,-7.5366430093649495
2016-08-25,TDOU,-23.08,30.384,630.2,2016,8,25,603,0.011179729357336,11.179729357336,0.0117636961721663,11.763696172166298,0.0110791666666666,11.0791666666666,11.0791666666666,11.0791666666666,11.0791666666666,11.179729357336,11.179729357336,11.179729357336,11.763696172166298,11.763696172166298,11.763696172166298,20.482393763175363,-5.594811183429515,-3.707853222409849,-9.302664405839362,19.81319010127931,-5.147304603312423,-2.902189325800588,-8.049493929113012,20.319178164309648,-4.239159006943915,-5.000852490699133,-9.240011497643048
2016-08-26,TDOU,-23.08,30.384,630.2,2016,8,26,604,0.0104951209924655,10.4951209924655,0.0076987201667443,7.6987201667443,0.0082666666666666,8.2666666666666,11.4916666666666,8.2666666666666,8.2666666666666,10.4951209924655,10.4951209924655,10.4951209924655,11.763696172166298,7.6987201667443,7.6987201667443,20.476229374244763,-2.3760059183179503,-7.6051024634613125,-9.981108381779263,19.809112961640295,-3.3303070421823904,-4.715109747291606,-8.045416789473997,20.31440565330223,-2.0136888385757237,-6.809050148059907,-8.822738986635631
2016-08-27,TDOU,-23.08,30.384,630.2,2016,8,27,605,0.0133634789983662,13.3634789983662,0.0119199152523371,11.9199152523371,0.0116625,11.6625,11.6625,11.6625,11.6625,13.3634789983662,13.3634789983662,13.3634789983662,11.9199152523371,11.9199152523371,11.9199152523371,20.47027381466971,-0.1996275679556743,-6.907167248347836,-7.106794816303511,19.805248335133726,2.4510835485676874,-10.336416631364314,-7.885333082796626,20.309827941400535,0.568643002731577,-9.215970944132112,-8.647327941400535
2016-08-28,TDOU,-23.08,30.384,630.2,2016,8,28,606,0.0118524050488893,11.8524050488893,0.0111683064290506,11.1683064290506,0.0114916666666666,11.4916666666666,11.4916666666666,11.4916666666666,11.4916666666666,11.8524050488893,11.8524050488893,11.8524050488893,11.1683064290506,11.1683064290506,11.1683064290506,20.464528718290598,-0.6864083782765912,-7.925715291124707,-8.612123669401297,19.801598452087337,-2.1183322560869597,-6.514959766949776,-8.633292023036736,20.30544740108884,-1.4373974641770353,-7.376383270245206,-8.813780734422242
2016-08-29,TDOU,-23.08,30.384,630.2,2016,8,29,607,0.0104420854153007,10.4420854153007,0.0098741057161939,9.8741057161939,0.0097083333333333,9.7083333333333,9.7083333333333,9.7083333333333,9.7083333333333,10.4420854153007,10.4420854153007,10.4420854153007,9.8741057161939,9.8741057161939,9.8741057161939,20.458995619294306,-3.384523912883331,-6.632386291110276,-10.016910203993607,19.79816542354933,-2.1255874466023883,-7.798472260753043,-9.92405970735543,20.30126630829792,-2.460764954598165,-8.132168020366453,-10.592932974964619
2016-08-30,TDOU,-23.08,30.384,630.2,2016,8,30,608,0.0099228103975857,9.9228103975857,0.008733097638193,8.733097638193001,0.0097291666666666,9.7291666666666,9.7291666666666,9.7291666666666,9.7291666666666,9.9228103975857,9.9228103975857,9.9228103975857,8.733097638193001,8.733097638193001,8.733097638193001,20.453675961255612,-3.985472544958162,-6.545393018711751,-10.530865563669913,19.79495121686392,-0.8452786023502514,-10.216574976320668,-11.06185357867092,20.297286821970076,-3.4936251077319,-7.074495047571576,-10.568120155303475
2016-09-01,TDOU,-23.08,30.384,630.2,2016,9,1,610,0.0123179346429674,12.3179346429674,0.0105787002735031,10.5787002735031,0.0102875,10.2875,10.2875,10.2875,10.2875,12.3179346429674,12.3179346429674,12.3179346429674,10.5787002735031,10.5787002735031,10.5787002735031,20.443682295155924,-1.3658201473330454,-6.759927504855479,-8.125747652188524,19.78918642090675,-0.6907210674957398,-8.519765079907907,-9.210486147403648,20.289940648944825,-0.8333109489891727,-9.169129699955652,-10.002440648944825
2016-09-02,TDOU,-23.08,30.384,630.2,2016,9,2,611,0.0133447997402839,13.3447997402839,0.012368815298777,12.368815298777,0.0133958333333333,13.3958333333333,13.3958333333333,13.3958333333333,13.3958333333333,13.3447997402839,13.3447997402839,13.3447997402839,12.368815298777,12.368815298777,12.368815298777,20.439010663211356,0.062491690209039684,-7.1567026131364955,-7.094210922927456,19.786639065764614,-0.29838973972375454,-7.1194340272638605,-7.417823766987615,20.286577636203095,-0.7567783329542405,-6.133965969915554,-6.890744302869795
2016-09-03,TDOU,-23.08,30.384,630.2,2016,9,3,612,0.0134739607032179,13.4739607032179,0.0123259821021044,12.3259821021044,0.0124666666666666,12.4666666666666,12.4666666666666,12.4666666666666,12.4666666666666,13.4739607032179,13.4739607032179,13.4739607032179,12.3259821021044,12.3259821021044,12.3259821021044,20.434557184525445,0.9355579970632357,-7.896154478370782,-6.960596481307546,19.784317009510428,0.22985158232343267,-7.6881864897294605,-7.458334907406028,20.283423606663924,-0.10578685476976495,-7.71097008522756,-7.816756939997324
2016-09-04,TDOU,-23.08,30.384,630.2,2016,9,4,613,0.0138985428369041,13.8985428369041,0.0137198854457243,13.7198854457243,0.0144,14.4,14.4,14.4,14.4,13.8985428369041,13.8985428369041,13.8985428369041,13.0823903625059,13.7198854457243,13.7198854457243,20.430322766608757,-0.7530149107200164,-5.77876501898464,-6.531779929704657,19.78222161433557,-0.3308799348124795,-6.36895131701719,-6.69983125182967,20.28048020747077,-0.4325830803282934,-5.447897127142477,-5.88048020747077
2016-09-05,TDOU,-23.08,30.384,630.2,2016,9,5,614,0.0139416923214737,13.9416923214737,0.0135440826679359,13.5440826679359,0.0139916666666666,13.9916666666666,13.9916666666666,13.9916666666666,13.9916666666666,13.9416923214737,13.9416923214737,13.9416923214737,13.5440826679359,13.5440826679359,13.5440826679359,20.426308237235425,-3.7386361153659626,-2.7459798003957623,-6.484615915761724,19.780354164804923,-3.5428128017983695,-2.693458695070653,-6.236271496869023,20.27774902297883,-3.861684571620598,-2.424397784691635,-6.286082356312232
2016-09-06,TDOU,-23.08,30.384,630.2,2016,9,6,615,0.0139172841896449,13.9172841896449,0.0130823903625059,13.0823903625059,0.0135458333333333,13.5458333333333,13.5458333333333,13.5458333333333,13.5458333333333,13.9172841896449,13.9172841896449,13.9172841896449,13.7198854457243,13.0823903625059,13.0823903625059,20.42251432155526,-6.089678457337369,-0.4155516745729919,-6.505230131910359,19.77871583425635,-6.719371849171553,0.6605414606395037,-6.05883038853205,20.275231536012633,-6.526353622902503,-0.20304457977682944,-6.729398202679333
2016-09-07,TDOU,-23.08,30.384,630.2,2016,9,7,616,0.0144859110426879,14.4859110426879,0.014103691307776,14.103691307776,0.0141916666666666,14.1916666666666,14.1916666666666,14.1916666666666,14.1916666666666,14.4859110426879,14.4859110426879,14.4859110426879,14.103691307776,14.103691307776,14.103691307776,20.418941651493427,-4.4255846939494425,-1.5074459148560848,-5.933030608805527,19.777307672503493,-4.395633150095608,-1.2779832146318846,-5.6736163647274935,20.27292911431598,-4.320971229418578,-1.760291218230801,-6.081262447649378
2016-09-08,TDOU,-23.08,30.384,630.2,2016,9,8,617,0.0150128166186186,15.0128166186186,0.0154978706644734,15.4978706644734,0.0154166666666666,15.4166666666666,15.4166666666666,15.4166666666666,15.4166666666666,15.0128166186186,15.0128166186186,15.0128166186186,15.4978706644734,15.4978706644734,15.4978706644734,20.415590777756684,-2.492360686941834,-2.9104134721962502,-5.402774159138083,19.776130633056518,-2.233323656782462,-2.0449363118006545,-4.278259968583118,20.270843039800372,-2.1815900242587714,-2.672586348875001,-4.854176373133772
2016-09-09,TDOU,-23.08,30.384,630.2,2016,9,9,618,0.018445253910358,18.445253910358,0.0159803606691691,15.980360669169102,0.016025,16.025000000000002,16.025000000000002,16.025000000000002,16.025000000000002,15.0128166186186,18.445253910358,18.445253910358,15.980360669169102,15.980360669169102,15.980360669169102,20.412462193576637,-4.5143873741838405,-0.8852582007741958,-5.399645574958036,19.77518557849475,-3.258014502945103,-0.5368104063805461,-3.794824909325648,20.268974516884825,-3.658179184427804,-0.5857953324570175,-4.243974516884823
2016-09-10,TDOU,-23.08,30.384,630.2,2016,9,10,619,0.0205724433199802,20.5724433199802,0.019683212623805,19.683212623805,0.0191458333333333,19.1458333333333,15.4166666666666,19.1458333333333,19.1458333333333,20.5724433199802,20.5724433199802,20.5724433199802,19.683212623805,19.683212623805,19.683212623805,20.40955640429494,-3.1172757686353316,3.28016268432059,0.16288691568525948,19.774473282640283,-2.4786958646689987,2.387435205833718,-0.09126065883528156,20.267324695518184,-4.4780975846851385,-0.37256044416644585,-4.8506580288515835
2016-09-11,TDOU,-23.08,30.384,630.2,2016,9,11,620,0.017807850723536,17.807850723536,0.0171726636037345,17.172663603734502,0.0159083333333333,15.9083333333333,15.9083333333333,15.9083333333333,15.9083333333333,17.807850723536,17.807850723536,17.807850723536,17.172663603734502,17.172663603734502,17.172663603734502,20.406873951601654,-2.3100834168577626,-0.2889398112078929,-2.5990232280656542,19.773994456436228,-1.5143411884044218,-1.0869896642973025,-2.601330852701725,20.265894699556476,-2.5839114101994363,-1.773649956023739,-4.357561366223177
2016-09-12,TDOU,-23.08,30.384,630.2,2016,9,12,621,0.0144097831811349,14.4097831811349,0.0144528428852431,14.4528428852431,0.0139208333333333,13.9208333333333,13.9208333333333,13.9208333333333,13.9208333333333,14.4097831811349,14.4097831811349,14.4097831811349,14.4528428852431,14.4528428852431,14.4528428852431,20.404415386202384,-4.161280860405296,-1.8333513446621872,-5.994632205067484,19.773749765397383,-1.3166890898638985,-4.004217790290385,-5.320906880154283,20.26468562834643,-2.315546391805658,-4.028305903207471,-6.34385229501313
2016-09-13,TDOU,-23.08,30.384,630.2,2016,9,13,622,0.0161546882844846,16.1546882844846,0.0127105745840983,12.7105745840983,0.0150958333333333,15.0958333333333,15.0958333333333,15.0958333333333,15.0958333333333,16.1546882844846,16.1546882844846,16.1546882844846,12.7105745840983,12.7105745840983,12.7105745840983,20.402181288667983,-7.186248157584473,2.9387551534010896,-4.247493004183383,19.77373985155567,-7.586250332828965,0.5230850653715926,-7.0631652674573715,20.26369859544929,-7.727639557509858,2.559774295393865,-5.167865262115992
2016-09-14,TDOU,-23.08,30.384,630.2,2016,9,14,623,0.0208131800593689,20.8131800593689,0.0178211070042334,17.8211070042334,0.0187416666666666,18.7416666666666,18.7416666666666,18.7416666666666,18.7416666666666,20.8131800593689,20.8131800593689,20.8131800593689,17.8211070042334,17.8211070042334,17.8211070042334,20.400172217538184,2.6338813664068166,-2.220873524576099,0.4130078418307157,19.77396538546909,-7.087668909983745,5.134810528748055,-1.9528583812356892,20.262934746229362,-6.199025152722725,4.677757073159963,-1.5212680795627627
2016-09-15,TDOU,-23.08,30.384,630.2,2016,9,15,624,0.019093764550537,19.093764550537,0.0194024263946744,19.4024263946744,0.0202083333333333,20.2083333333333,20.2083333333333,20.2083333333333,20.2083333333333,19.093764550537,19.093764550537,19.093764550537,19.4024263946744,19.4024263946744,19.4024263946744,20.398388710675246,-3.9037056843944185,2.599081524256171,-1.3046241601382462,19.77442706542583,-4.230582865128621,3.858582194377192,-0.3720006707514294,20.262395248662582,-2.8671270615404407,2.8130651462111587,-0.05406191532928162
2016-09-16,TDOU,-23.08,30.384,630.2,2016,9,16,625,0.0156255716473314,15.625571647331402,0.0141611091642734,14.1611091642734,0.0160083333333333,16.0083333333333,16.0083333333333,16.0083333333333,16.0083333333333,15.625571647331402,15.625571647331402,15.625571647331402,14.1611091642734,14.1611091642734,14.1611091642734,20.396831330821918,-4.288841334574829,-0.4824183489156866,-4.771259683490516,19.77512559774966,-5.94754738747769,0.3335309540014286,-5.614016433476261,20.262081264539926,-5.285615278736211,1.0318673475295874,-4.253747931206625
2016-09-17,TDOU,-23.08,30.384,630.2,2016,9,17,626,0.0261559603424944,26.1559603424944,0.0243871423658586,24.3871423658586,0.0254541666666666,25.4541666666666,25.4541666666666,25.4541666666666,25.4541666666666,26.1559603424944,26.1559603424944,26.1559603424944,24.3871423658586,24.3871423658586,24.3871423658586,20.395500649519622,2.0427690785690955,3.717690614405683,5.760459692974777,19.77606167848291,0.5333689937317075,4.077711693643984,4.61108068737569,20.261993952594196,1.1157420508212208,4.076430663251184,5.192172714072406
2016-09-18,TDOU,-23.08,30.384,630.2,2016,9,18,627,0.0315923325860934,31.5923325860934,0.031109764089847,31.109764089847,0.0298166666666666,29.8166666666666,29.8166666666666,29.8166666666666,29.8166666666666,31.5923325860934,31.5923325860934,31.5923325860934,31.109764089847,31.109764089847,31.109764089847,20.394397162558914,3.7632405918740206,7.434694831660465,11.197935423534485,19.77723593218029,4.060901785485043,7.271626372181668,11.332528157666712,20.262134426721847,3.902780783690016,5.651751456254736,9.554532239944752
2016-09-19,TDOU,-23.08,30.384,630.2,2016,9,19,628,0.0273742396915774,27.3742396915774,0.02582375334963,25.82375334963,0.0257958333333333,25.7958333333333,25.7958333333333,25.7958333333333,25.7958333333333,27.3742396915774,27.3742396915774,27.3742396915774,25.82375334963,25.82375334963,25.82375334963,20.393521320961423,2.950914015969434,4.029804354646544,6.980718370615978,19.778648962404784,2.6343699082091123,3.410734479016103,6.045104387225216,20.262503803354125,2.7619052046368515,2.7714243253423234,5.533329529979174
2016-09-20,TDOU,-23.08,30.384,630.2,2016,9,20,629,0.0191021464769838,19.1021464769838,0.0193143148212024,19.3143148212024,0.0199333333333333,19.933333333333294,19.933333333333294,19.933333333333294,19.933333333333294,19.1021464769838,19.1021464769838,19.1021464769838,19.3143148212024,19.3143148212024,19.3143148212024,20.392873602721295,-1.9264205585707628,0.6356934328332677,-1.2907271257374937,19.780301352724816,-0.8653867929218777,0.39940026139946383,-0.46598653152241454,20.263103178714502,-1.0417422229895066,0.7119723776082978,-0.32976984538120746
2016-09-21,TDOU,-23.08,30.384,630.2,2016,9,21,630,0.014273922309114,14.273922309114,0.0149737967535149,14.9737967535149,0.0157958333333333,15.7958333333333,15.7958333333333,15.7958333333333,15.7958333333333,14.273922309114,14.273922309114,14.273922309114,14.9737967535149,14.9737967535149,14.9737967535149,20.392454508821583,-5.387143473126304,-0.731388726581276,-6.118532199707582,19.782193665879756,-4.6966428680389365,-0.11175404432592018,-4.808396912364856,20.2639336077637,-4.455428542546166,-0.012671731884235982,-4.4681002744304
2016-09-22,TDOU,-23.08,30.384,630.2,2016,9,22,631,0.0137079342949391,13.7079342949391,0.0131422894734144,13.1422894734144,0.0147916666666666,14.7916666666666,14.7916666666666,14.7916666666666,14.7916666666666,13.7079342949391,13.7079342949391,13.7079342949391,13.1422894734144,13.1422894734144,13.1422894734144,20.392264547383107,-3.498610126482756,-3.18572012596125,-6.684330252444006,19.784326447213047,-3.52220724204695,-3.1198297317516968,-6.642036973798648,20.264996110068907,-2.9364465718235033,-2.536882871578804,-5.4733294434023065
2016-09-23,TDOU,-23.08,30.384,630.2,2016,9,23,632,0.0208351466899636,20.8351466899636,0.0213488882615677,21.3488882615677,0.0223125,22.3125,22.3125,22.3125,22.3125,20.8351466899636,20.8351466899636,20.8351466899636,21.3488882615677,21.3488882615677,21.3488882615677,20.392304224828276,-2.713141915158954,3.155984380294278,0.44284246513532466,19.78670021849408,-1.6338398952538917,3.1960279383275143,1.562188043073622,20.266291692792688,-1.7460279591915495,3.792236266398863,2.046208307207312
2016-09-24,TDOU,-23.08,30.384,630.2,2016,9,24,633,0.025092127375892,25.092127375892,0.0244405833407817,24.4405833407817,0.0242833333333333,24.2833333333333,24.2833333333333,24.2833333333333,24.2833333333333,25.092127375892,25.092127375892,25.092127375892,24.4405833407817,24.4405833407817,24.4405833407817,20.392574033744275,-9.119471709718486,13.819025051866213,4.699553342147727,19.789315451189992,-7.912122007012572,12.563389896604278,4.651267889591708,20.26782132761585,-9.19388925642415,13.209401262141597,4.015512005717451
2016-09-26,TDOU,-23.08,30.384,630.2,2016,9,26,635,0.0223204040080746,22.3204040080746,0.0252279634258286,25.2279634258286,0.0237208333333333,23.7208333333333,23.7208333333333,23.7208333333333,23.7208333333333,22.3204040080746,22.3204040080746,22.3204040080746,25.2279634258286,25.2279634258286,25.2279634258286,20.39380574897971,-5.056406537171872,6.983004796266762,1.9265982590948916,19.79527195167292,-6.182570561316022,11.615262035471705,5.432691474155682,20.27158632907918,-4.861301936749341,8.31054894100346,3.4492470042541186
2016-09-27,TDOU,-23.08,30.384,630.2,2016,9,27,636,0.0216605069013568,21.6605069013568,0.0195242615511307,19.524261551130703,0.0203625,20.3625,20.3625,20.3625,20.3625,21.6605069013568,21.6605069013568,21.6605069013568,19.524261551130703,19.524261551130703,19.524261551130703,20.394768277016023,-4.668684873225509,5.934423497566286,1.265738624340777,19.798613911628685,-5.6901815036353325,5.415829143137351,-0.27435236049798206,20.27382326946258,-7.517262293090081,7.605939023627503,0.08867673053742209
2016-09-28,TDOU,-23.08,30.384,630.2,2016,9,28,637,0.0309633249122205,30.9633249122205,0.0223163274995488,22.3163274995488,0.0239875,23.9875,23.9875,23.9875,23.9875,30.9633249122205,30.9633249122205,30.9633249122205,22.3163274995488,22.3163274995488,22.3163274995488,20.395962051593113,7.381024859488652,3.1863380011387363,10.567362860627387,19.802198667038788,-0.7899825034618769,3.3041113359718928,2.514128832510014,20.276297321356378,-0.35289409259842414,4.064096771242049,3.711202678643623
2016-09-29,TDOU,-23.08,30.384,630.2,2016,9,29,638,0.0284861178400954,28.4861178400954,0.0294278491912292,29.427849191229203,0.0278,27.8,27.8,27.8,27.8,28.4861178400954,28.4861178400954,28.4861178400954,29.427849191229203,29.427849191229203,29.427849191229203,20.397386923617006,-0.3253414180617074,8.414072334540101,8.088730916478394,19.80602626981587,-1.8338090106436138,11.455631932056946,9.621822921413333,20.279008873986335,-1.6970124471528871,9.218003573166552,7.520991126013666
2016-09-30,TDOU,-23.08,30.384,630.2,2016,9,30,639,0.0268298185758147,26.8298185758147,0.0255264420269995,25.5264420269995,0.0256416666666666,25.6416666666666,25.6416666666666,25.6416666666666,25.6416666666666,26.8298185758147,26.8298185758147,26.8298185758147,25.5264420269995,25.5264420269995,25.5264420269995,20.39904255420572,-0.6277486875919885,7.058524709200967,6.4307760216089775,19.8100965685576,-0.8016087690349132,6.517954227476814,5.7163454584419,20.281958109850358,-0.7826431671109266,6.14235172392717,5.359708556816244
2016-10-01,TDOU,-23.08,30.384,630.2,2016,10,1,640,0.0290385841748627,29.0385841748627,0.0292925247567759,29.2925247567759,0.0304041666666666,30.4041666666666,30.4041666666666,30.4041666666666,30.4041666666666,29.0385841748627,29.0385841748627,29.0385841748627,29.2925247567759,29.2925247567759,29.2925247567759,20.400928431501644,2.0508570564827022,6.586798686878353,8.637655743361055,19.814409213342948,-2.9773792617177866,12.455494805150742,9.478115543432953,20.285145011831116,-3.4488877749914555,13.567909429826944,10.119021654835485
2016-10-02,TDOU,-23.08,30.384,630.2,2016,10,2,641,0.0273049518061812,27.3049518061812,0.0258639043827349,25.863904382734894,0.0269583333333333,26.9583333333333,26.9583333333333,26.9583333333333,26.9583333333333,27.3049518061812,27.3049518061812,27.3049518061812,25.863904382734894,25.863904382734894,25.863904382734894,20.403043885790897,0.7944319358980342,6.107475984492268,6.901907920390304,19.81896366084332,-0.04102951489188458,6.08597023678346,6.0449407218915745,20.288569382316133,0.08941587504811298,6.580348075969052,6.669763951017167
2016-10-03,TDOU,-23.08,30.384,630.2,2016,10,3,642,0.016981899577694,16.981899577693998,0.0143475932100079,14.3475932100079,0.0133583333333333,13.3583333333333,13.3583333333333,13.3583333333333,13.3583333333333,16.981899577693998,16.981899577693998,16.981899577693998,14.3475932100079,14.3475932100079,14.3475932100079,20.405388107667974,-4.918465412719903,1.4949768827459273,-3.4234885299739766,19.82375917915561,-4.6050689779309915,-0.8710969912167172,-5.476165969147708,20.29223086804774,-4.959338374000814,-1.9745591607136248,-6.933897534714438
2016-10-04,TDOU,-23.08,30.384,630.2,2016,10,4,643,0.0162302238952624,16.2302238952624,0.014419028380048,14.419028380048,0.0146208333333333,14.6208333333333,14.6208333333333,14.6208333333333,14.6208333333333,16.2302238952624,16.2302238952624,16.2302238952624,14.419028380048,14.419028380048,14.419028380048,20.407960149168435,-6.480957518123937,2.3032212642179033,-4.177736253906033,19.8287948804822,-6.961018742840451,1.5512522424062496,-5.4097665004342,20.296128959626785,-7.277564736057645,1.6022691097641584,-5.675295626293485
2016-10-05,TDOU,-23.08,30.384,630.2,2016,10,5,644,0.0168960343600392,16.896034360039202,0.0152002422597657,15.2002422597657,0.0155833333333333,15.5833333333333,15.5833333333333,15.5833333333333,15.5833333333333,16.896034360039202,16.896034360039202,16.896034360039202,15.2002422597657,15.2002422597657,15.2002422597657,20.410758940282467,-4.592801014987785,1.0780764347445206,-3.5147245802432643,19.83406976078398,-5.488588281849132,0.8547607808308513,-4.6338275010182794,20.300263007938085,-5.4654471269659535,0.7485174523611704,-4.716929674604785
2016-10-06,TDOU,-23.08,30.384,630.2,2016,10,6,645,0.0116675171970443,11.6675171970443,0.0116309717934434,11.6309717934434,0.0117833333333333,11.7833333333333,11.7833333333333,11.7833333333333,11.7833333333333,11.6675171970443,11.6675171970443,11.6675171970443,11.6309717934434,11.6309717934434,11.6309717934434,20.413783302436592,-6.755630299479859,-1.990635805912433,-8.746266105392293,19.83958269094071,-5.279494397181169,-2.929116500316141,-8.208610897497309,20.30463223749792,-6.2840803411323884,-2.2372185630322328,-8.52129890416462
2016-10-07,TDOU,-23.08,30.384,630.2,2016,10,7,646,0.0153596732878747,15.3596732878747,0.0134451881759011,13.4451881759011,0.0151499999999999,15.1499999999999,15.1499999999999,15.1499999999999,15.1499999999999,15.3596732878747,15.3596732878747,15.3596732878747,13.4451881759011,13.4451881759011,13.4451881759011,20.41703201380914,-7.912031361028447,2.854672635094005,-5.05735872593444,19.845332436007304,-7.840922840451289,1.4407785803450857,-6.400144260106204,20.30923584021893,-7.111677412186978,1.9524415719679489,-5.1592358402190275
2016-10-08,TDOU,-23.08,30.384,630.2,2016,10,8,647,0.021000321715993,21.000321715993,0.0206902407280792,20.6902407280792,0.0203416666666666,20.3416666666666,20.3416666666666,20.3416666666666,20.3416666666666,21.000321715993,21.000321715993,21.000321715993,20.6902407280792,20.6902407280792,20.6902407280792,20.420503792387837,-3.77167784100337,4.351495764608533,0.5798179236051624,19.851317736174913,-4.676938354765721,5.5158613466700075,0.8389229919042869,20.314072995877645,-4.331033753597615,4.358627424386572,0.02759367078895636
2016-10-09,TDOU,-23.08,30.384,630.2,2016,10,9,648,0.0255410797463468,25.541079746346803,0.0244600322259996,24.4600322259996,0.0265124999999999,26.5124999999999,26.5124999999999,26.5124999999999,26.5124999999999,25.541079746346803,25.541079746346803,25.541079746346803,24.4600322259996,24.4600322259996,24.4600322259996,20.42419738457438,-0.6771008733608574,5.793983235133279,5.116882361772422,19.857537361100952,-1.0209251058570012,5.6234199707556485,4.602494864898649,20.319142880588096,-0.6672851428038821,6.860642262215684,6.193357119411804
2016-10-10,TDOU,-23.08,30.384,630.2,2016,10,10,649,0.0220486653343055,22.048665334305497,0.0215634408647824,21.5634408647824,0.0203875,20.3875,20.3875,20.3875,20.3875,22.048665334305497,22.048665334305497,22.048665334305497,21.5634408647824,21.5634408647824,21.5634408647824,20.428111585812296,-1.024683776380497,2.6452375248736963,1.6205537484932009,19.863990102613734,-1.5197341396482564,3.2191849018169236,1.6994507621686665,20.324444680506303,-1.5716360426008942,1.634691362094589,0.0630553194936958
2016-10-11,TDOU,-23.08,30.384,630.2,2016,10,11,650,0.0181577967526865,18.1577967526865,0.0167308383806837,16.7308383806837,0.0173208333333333,17.3208333333333,25.8291666666666,17.3208333333333,17.3208333333333,18.1577967526865,18.1577967526865,18.1577967526865,16.7308383806837,16.7308383806837,16.7308383806837,20.432245235824077,-3.405544171750493,1.1310956886129162,-2.2744484831375757,19.87067476211479,-2.389863621989291,-0.7499727594417962,-3.1398363814310883,20.32997759190865,-1.1327471532371893,6.631936227995141,5.49918907475795
2016-10-12,TDOU,-23.08,30.384,630.2,2016,10,12,651,0.0239089597768386,23.9089597768386,0.0250399628580102,25.0399628580102,0.0258291666666666,25.8291666666666,25.8291666666666,25.8291666666666,25.8291666666666,23.9089597768386,23.9089597768386,23.9089597768386,25.0399628580102,25.0399628580102,25.0399628580102,20.436597221809787,-2.7623815572304427,6.2347441122592535,3.4723625550288126,19.87759015652868,-3.6448742138256387,8.807246915307157,5.1623727014815195,20.33574081985626,-1.9698716074559874,7.463297454266332,5.493425846810343
2016-10-13,TDOU,-23.08,30.384,630.2,2016,10,13,652,0.0276032204970352,27.6032204970352,0.0270680958425154,27.0680958425154,0.025925,25.925,25.925,25.925,25.925,27.6032204970352,27.6032204970352,27.6032204970352,27.0680958425154,27.0680958425154,27.0680958425154,20.441166464663297,4.009541103042146,3.152512929329756,7.162054032371902,19.884735104665445,3.1241079768700457,4.059252760979909,7.183360737849956,20.341733551045984,2.573200185189167,3.0100662637648483,5.583266448954017
2016-10-14,TDOU,-23.08,30.384,630.2,2016,10,14,653,0.0264221645411639,26.422164541163895,0.0271105499254368,27.1105499254368,0.026325,26.325000000000003,26.325000000000003,26.325000000000003,26.325000000000003,26.422164541163895,26.422164541163895,26.422164541163895,27.1105499254368,27.1105499254368,27.1105499254368,20.445951886316948,4.87390737906127,1.1023052757856746,5.976212654846947,19.892108356632164,2.426090940902582,4.792350627902053,7.218441568804636,20.347954938272654,2.1050751797187193,3.8719698820086315,5.977045061727349
2016-10-15,TDOU,-23.08,30.384,630.2,2016,10,15,654,0.0213161691656367,21.3161691656367,0.020353430152696,20.353430152696,0.0204458333333333,20.445833333333297,25.925,20.445833333333297,20.445833333333297,21.3161691656367,21.3161691656367,21.3161691656367,20.353430152696,20.353430152696,20.353430152696,20.450952449623564,2.1222259582500755,-1.2570092422369399,0.865216716013137,19.899708652979964,2.88779035770838,-2.4340688579923437,0.4537214997160355,20.3544041365502,4.407428233512757,1.1631676299370426,5.5705958634498
2016-10-16,TDOU,-23.08,30.384,630.2,2016,10,16,655,0.0240016358062074,24.0016358062074,0.023488044347834,23.488044347834,0.0248208333333333,24.820833333333297,24.820833333333297,24.820833333333297,24.820833333333297,24.0016358062074,24.0016358062074,24.0016358062074,23.488044347834,23.488044347834,23.488044347834,20.456167174748913,1.7420971022189635,1.8033715292395236,3.545468631458487,19.907534736541407,0.7067182249901514,2.8737913863024396,3.580509611292591,20.361080297954906,0.39960519888638285,4.060147836492007,4.459753035378391
2016-10-17,TDOU,-23.08,30.384,630.2,2016,10,17,656,0.0314373267704958,31.4373267704958,0.029405581095204,29.405581095204003,0.0299208333333333,29.9208333333333,29.9208333333333,29.9208333333333,29.9208333333333,31.4373267704958,31.4373267704958,31.4373267704958,29.405581095204003,29.405581095204003,29.405581095204003,20.461595118180437,-4.340831029722372,15.316562682037738,10.975731652315364,19.915585378422715,-4.619089947091882,14.10908566387317,9.489995716781287,20.367982555727707,-5.163173594365249,14.716024371970839,9.552850777605592
2016-10-18,TDOU,-23.08,30.384,630.2,2016,10,18,657,0.0322579339381851,32.257933938185104,0.0311881471505909,31.1881471505909,0.0302875,30.2875,30.2875,30.2875,30.2875,32.257933938185104,32.257933938185104,32.257933938185104,31.1881471505909,31.1881471505909,31.1881471505909,20.46723535850584,-6.474534370525742,18.26523295020501,11.790698579679265,19.9238593610979,-6.7171708908220715,17.981458680315068,11.264287789493,20.375110017969593,-7.161675368247817,17.07406535027823,9.912389982030408
2016-10-19,TDOU,-23.08,30.384,630.2,2016,10,19,658,0.0342737332081136,34.273733208113605,0.034396674328822,34.396674328822,0.0339041666666666,33.904166666666605,33.904166666666605,33.904166666666605,33.904166666666605,34.273733208113605,34.273733208113605,34.273733208113605,34.396674328822,34.396674328822,34.396674328822,20.473086929478576,-7.984626708590416,21.785272987225447,13.800646278635028,19.932355481342725,-8.323336467075325,22.7876553145546,14.464318847479277,20.38246174867744,-9.332501194066435,22.854206112055596,13.521704917989165
2016-10-20,TDOU,-23.08,30.384,630.2,2016,10,20,659,0.0323546707620594,32.3546707620594,0.0323243543244153,32.3243543244153,0.0325833333333333,32.5833333333333,32.5833333333333,32.5833333333333,32.5833333333333,32.3546707620594,32.3546707620594,32.3546707620594,32.3243543244153,32.3243543244153,32.3243543244153,20.479148796616048,-4.514500954437683,16.39002291988103,11.875521965443351,19.941072533987057,-5.6110378012587505,17.994319591687,12.383281790428246,20.390036805159603,-6.565494218598467,18.758790746772164,12.193296528173697
2016-10-21,TDOU,-23.08,30.384,630.2,2016,10,21,660,0.03344403615451,33.44403615451,0.034929771184172,34.929771184172004,0.0335375,33.537499999999994,33.537499999999994,33.537499999999994,33.537499999999994,33.44403615451,33.44403615451,33.44403615451,34.929771184172004,34.929771184172004,34.929771184172004,20.48541985303645,-3.846596921479378,16.805213222952926,12.958616301473551,19.95000925549562,-3.2910822879927286,18.270844216669115,14.979761928676385,20.397834198927836,-3.743045882449442,16.882711683521602,13.139665801072159
2016-10-22,TDOU,-23.08,30.384,630.2,2016,10,22,661,0.0334954468395079,33.4954468395079,0.0302106974896694,30.2106974896694,0.0302458333333333,30.2458333333333,30.2458333333333,30.2458333333333,30.2458333333333,33.4954468395079,33.4954468395079,33.4954468395079,30.2106974896694,30.2106974896694,30.2106974896694,20.491898929626995,-5.599535967788297,18.603083877669203,13.003547909880904,19.959164310032687,-4.780719692398448,15.032252872035162,10.251533179636713,20.40585287196016,-5.881842941715176,15.721823403088319,9.839980461373141
2016-10-23,TDOU,-23.08,30.384,630.2,2016,10,23,662,0.0357074693374665,35.7074693374665,0.0292500811138832,29.2500811138832,0.0324333333333333,32.4333333333333,32.4333333333333,32.4333333333333,32.4333333333333,35.7074693374665,35.7074693374665,35.7074693374665,29.2500811138832,29.2500811138832,29.2500811138832,20.498584892209767,-2.9529403450413088,18.161824790298038,15.208884445256732,19.96853634615055,2.237597577108818,7.0439471906238325,9.281544767732651,20.414091780828524,0.5367680992780952,11.482473453226682,12.019241552504777
2016-10-24,TDOU,-23.08,30.384,630.2,2016,10,24,663,0.0363439402921513,36.3439402921513,0.0292075533333029,29.2075533333029,0.0333291666666666,33.329166666666595,32.4583333333333,33.329166666666595,33.329166666666595,36.3439402921513,36.3439402921513,36.3439402921513,29.2075533333029,29.2075533333029,29.2075533333029,20.505476667292413,-0.513405545289019,16.351869170147907,15.838463624858889,19.978124056272726,3.5064773767608424,5.722951900269333,9.229429277030174,20.422549906165486,3.325118959770833,8.710664467396981,12.035783427167814
2016-10-25,TDOU,-23.08,30.384,630.2,2016,10,25,664,0.0375059591767141,37.5059591767141,0.0300718874546196,30.071887454619603,0.0324583333333333,32.4583333333333,32.4583333333333,32.4583333333333,32.4583333333333,37.5059591767141,37.5059591767141,37.5059591767141,30.071887454619603,30.071887454619603,30.071887454619603,20.51257324046566,1.5515072277909074,15.441878708457534,16.99338593624844,19.98792615309975,3.5615608724819134,6.5224004290379405,10.083961301519853,20.431226239138987,2.408858613553454,9.618248480640858,12.027107094194314
2016-10-26,TDOU,-23.08,30.384,630.2,2016,10,26,665,0.0349856900670035,34.9856900670035,0.0317039460807203,31.703946080720304,0.0324708333333333,32.4708333333333,32.4708333333333,32.4708333333333,32.4708333333333,34.9856900670035,34.9856900670035,34.9856900670035,31.703946080720304,31.703946080720304,31.703946080720304,20.519873657015285,3.393105372308047,11.072711037680172,14.465816409988218,19.997941369968167,5.201064308499357,6.504940402252778,11.706004710752136,20.440119788578087,3.9307700892315127,8.099943455523704,12.030713544755216
2016-10-27,TDOU,-23.08,30.384,630.2,2016,10,27,666,0.0298210183275099,29.8210183275099,0.029731263506438,29.731263506438,0.0287291666666666,28.7291666666666,28.7291666666666,28.7291666666666,28.7291666666666,29.8210183275099,29.8210183275099,29.8210183275099,29.731263506438,29.731263506438,29.731263506438,20.527377024361243,-1.5608483825983681,10.854489685747026,9.293641303148657,20.008168427264355,-4.3325881464375104,14.055683225611158,9.723095079173646,20.449229545747365,-6.272468890868431,14.552406011787667,8.279937120919236
2016-10-28,TDOU,-23.08,30.384,630.2,2016,10,28,667,0.0215965603085432,21.5965603085432,0.0202039906041816,20.2039906041816,0.0210999999999999,21.0999999999999,21.0999999999999,21.0999999999999,21.0999999999999,21.5965603085432,21.5965603085432,21.5965603085432,20.2039906041816,20.2039906041816,20.2039906041816,20.535082435781675,-1.4281553809467693,2.489633253708295,1.0614778727615253,20.01860594131391,-2.7825825010611083,2.9679671639287974,0.1853846628676905,20.458554411074697,-2.6929723763868183,3.3344179653120207,0.6414455889252011
2016-10-29,TDOU,-23.08,30.384,630.2,2016,10,29,668,0.0206845408738663,20.6845408738663,0.0196262151026706,19.6262151026706,0.0189499999999999,18.9499999999999,18.9499999999999,18.9499999999999,18.9499999999999,20.6845408738663,20.6845408738663,20.6845408738663,19.6262151026706,19.6262151026706,19.6262151026706,20.542988891299157,-2.1543716160821784,2.2959235986493205,0.14155198256714385,20.029252392068358,-2.72619767681165,2.3231603874138926,-0.4030372893977585,20.46809316724522,-3.2406755494745485,1.722582382229227,-1.518093167245322
2016-10-30,TDOU,-23.08,30.384,630.2,2016,10,30,669,0.026596073300787,26.596073300787,0.0236111135006557,23.6111135006557,0.0247458333333333,24.7458333333333,24.7458333333333,24.7458333333333,24.7458333333333,26.596073300787,26.596073300787,26.596073300787,23.6111135006557,23.6111135006557,23.6111135006557,20.551095276901332,-0.7332943125370374,6.778272336422706,6.044978023885669,20.04010612339389,-1.4981082036768882,5.0691155809387,3.571007377261811,20.47784446284501,-0.953573346612596,5.221562217100889,4.267988870488292
2016-11-01,TDOU,-23.08,30.384,630.2,2016,11,1,671,0.0386291328705848,38.6291328705848,0.0371023006213355,37.1023006213355,0.0367333333333333,36.7333333333333,36.7333333333333,36.7333333333333,36.7333333333333,38.6291328705848,38.6291328705848,38.6291328705848,37.1023006213355,37.1023006213355,37.1023006213355,20.567902797442397,-3.261256267674924,21.322486340817324,18.0612300731424,20.06242814821638,-2.055319427971546,19.09519190109067,17.03987247311912,20.497978484081045,-3.3354590315160033,19.570813880768256,16.235354849252253
2016-11-02,TDOU,-23.08,30.384,630.2,2016,11,2,672,0.0385603345784467,38.5603345784467,0.0362505579354218,36.2505579354218,0.0368125,36.8125,36.8125,36.8125,36.8125,38.5603345784467,38.5603345784467,38.5603345784467,36.2505579354218,36.2505579354218,36.2505579354218,20.576601201710314,-7.883165543262977,25.86689891999936,17.983733376736385,20.073892537143088,-9.00757984983044,25.184245248109157,16.176665398278715,20.508357793204453,-9.613553454955634,25.917695661751182,16.304142206795547
2016-11-03,TDOU,-23.08,30.384,630.2,2016,11,3,673,0.0347369026379888,34.7369026379888,0.0367415447246392,36.7415447246392,0.0341583333333333,34.158333333333296,34.158333333333296,34.158333333333296,34.158333333333296,34.7369026379888,34.7369026379888,34.7369026379888,36.7415447246392,36.7415447246392,36.7415447246392,20.585494121361627,-9.802756166263062,23.95416468289023,14.151408516627171,20.08555646938137,-9.274790342626748,25.930778597884572,16.655988255257828,20.518942887258824,-9.8889770883102,23.52836753438467,13.639390446074472
2016-11-04,TDOU,-23.08,30.384,630.2,2016,11,4,674,0.0260472284059186,26.0472284059186,0.027148041605803,27.148041605803,0.0271208333333333,27.120833333333294,27.120833333333294,27.120833333333294,27.120833333333294,26.0472284059186,26.0472284059186,26.0472284059186,27.148041605803,27.148041605803,27.148041605803,20.59458000870062,-10.575816536251413,16.02846493346939,5.452648397217978,20.097417800518226,-9.849798473905023,16.9004222791898,7.050623805284776,20.529731804610595,-11.113733304403764,17.704834833126466,6.5911015287226995
2016-11-05,TDOU,-23.08,30.384,630.2,2016,11,5,675,0.0206293473006027,20.629347300602703,0.0220343403493631,22.0343403493631,0.0223041666666666,22.3041666666666,22.3041666666666,22.3041666666666,22.3041666666666,20.629347300602703,20.629347300602703,20.629347300602703,22.0343403493631,22.0343403493631,22.0343403493631,20.603857185280877,-10.125106703612044,10.15059681893387,0.025490115321826323,20.10947423285618,-9.82030657103834,11.74517268754526,1.9248661165069194,20.54072240336304,-7.969180138986348,9.732624402289908,1.7634442633035583
2016-11-06,TDOU,-23.08,30.384,630.2,2016,11,6,676,0.0259518571671958,25.9518571671958,0.021559739963729,21.559739963729,0.0231916666666666,23.1916666666666,23.1916666666666,23.1916666666666,23.1916666666666,25.9518571671958,25.9518571671958,25.9518571671958,21.559739963729,21.559739963729,21.559739963729,20.613323833570053,-11.103897060566638,16.44243039419238,5.3385333336257474,20.121723310980663,-8.986707451203896,10.424724103952236,1.4380166527483382,20.55191235168508,-9.62743895644184,12.267193271423363,2.63975431498152
2016-11-07,TDOU,-23.08,30.384,630.2,2016,11,7,677,0.0402563755242836,40.2563755242836,0.0365747107018026,36.5747107018026,0.0364041666666666,36.4041666666666,36.4041666666666,36.4041666666666,36.4041666666666,40.2563755242836,40.2563755242836,40.2563755242836,36.5747107018026,36.5747107018026,36.5747107018026,20.6229779711065,-8.632914776671482,28.26631232984858,19.633397553177097,20.134162389983725,-7.815498318923414,24.256046630742294,16.440548311818876,20.563299095833948,-7.5242167452652,23.36508431609785,15.84086757083265
2016-11-08,TDOU,-23.08,30.384,630.2,2016,11,8,678,0.038815822423887,38.815822423887,0.0360816365508546,36.0816365508546,0.0345375,34.5375,34.5375,34.5375,34.5375,38.815822423887,38.815822423887,38.815822423887,36.0816365508546,36.0816365508546,36.0816365508546,20.632817484467942,-8.404893294869987,26.587898234289042,18.183004939419057,20.146788594166395,-6.593238914394372,22.52808687108257,15.934847956688202,20.574879889103006,-6.643116669297888,20.605736780194885,13.962620110896996
2016-11-09,TDOU,-23.08,30.384,630.2,2016,11,9,679,0.0402216941457485,40.2216941457485,0.0372953438234327,37.295343823432695,0.038825,38.825,38.825,38.825,38.825,40.2216941457485,40.2216941457485,40.2216941457485,37.295343823432695,37.295343823432695,37.295343823432695,20.64284020911453,-6.624311110775434,26.203165047409406,19.57885393663397,20.15959892563512,-6.000998766087297,23.136743663884875,17.135744897797576,20.586651866025267,-5.700921983175542,23.939270117150276,18.238348133974736
2016-11-10,TDOU,-23.08,30.384,630.2,2016,11,10,680,0.0421613387917009,42.1613387917009,0.0388840044448128,38.8840044448128,0.0403166666666666,40.3166666666666,40.3166666666666,40.3166666666666,40.3166666666666,42.1613387917009,42.1613387917009,42.1613387917009,38.8840044448128,38.8840044448128,38.8840044448128,20.65304400146227,-6.906453428872501,28.414748219111132,21.50829479023863,20.172590349199112,-6.928281314340238,25.63969540995393,18.71141409561369,20.598612122703827,-7.171731481897443,26.889786025860218,19.718054543962772
2016-11-11,TDOU,-23.08,30.384,630.2,2016,11,11,681,0.0378925457194437,37.892545719443696,0.0386988491971675,38.6988491971675,0.0385791666666666,38.5791666666666,38.5791666666666,38.5791666666666,38.5791666666666,37.892545719443696,37.892545719443696,37.892545719443696,38.6988491971675,38.6988491971675,38.6988491971675,20.663426783068584,-3.2146669698156995,20.443785906190815,17.229118936375112,20.1857598476909,-6.859652171702716,25.37274152117931,18.513089349476598,20.610757789755446,-5.948261464651364,23.916670341562522,17.968408876911155
2016-11-12,TDOU,-23.08,30.384,630.2,2016,11,12,682,0.0368608273074741,36.8608273074741,0.0338579811074539,33.8579811074539,0.0354625,35.4625,35.4625,35.4625,35.4625,36.8608273074741,36.8608273074741,36.8608273074741,33.8579811074539,33.8579811074539,33.8579811074539,20.673986536710245,-3.513424642336767,19.700265413100624,16.186840770763858,20.199104398827785,-3.364333275222968,17.023209983849085,13.658876708626117,20.623086023208895,-3.9381774014664943,18.7775913782576,14.839413976791104
2016-11-13,TDOU,-23.08,30.384,630.2,2016,11,13,683,0.0332258962148899,33.2258962148899,0.0296081851401603,29.6081851401603,0.0328291666666666,32.829166666666595,32.829166666666595,32.829166666666595,32.829166666666595,33.2258962148899,33.2258962148899,33.2258962148899,29.6081851401603,29.6081851401603,29.6081851401603,20.684721292602568,-2.6340815393832706,15.175256461670607,12.541174922287333,20.212620997852653,2.464009814138967,6.93155432816868,9.395564142307645,20.635594002274495,4.690920576627738,7.5026520877643605,12.1935726643921
2016-11-14,TDOU,-23.08,30.384,630.2,2016,11,14,684,0.0343945799496181,34.3945799496181,0.0319852742481012,31.9852742481012,0.0327916666666666,32.7916666666666,32.7916666666666,32.7916666666666,32.7916666666666,34.3945799496181,34.3945799496181,34.3945799496181,31.9852742481012,31.9852742481012,31.9852742481012,20.69562910735059,-0.3959837644703904,14.094934606737901,13.698950842267507,20.226306620695862,5.837040646763144,5.921926980642194,11.758967627405337,20.648278881221202,6.067974010637331,6.075413774808066,12.143387785445398
2016-11-15,TDOU,-23.08,30.384,630.2,2016,11,15,685,0.0339211988774007,33.9211988774007,0.0341147323230403,34.1147323230403,0.0341875,34.1875,34.1875,34.1875,34.1875,33.9211988774007,33.9211988774007,33.9211988774007,34.1147323230403,34.1147323230403,34.1147323230403,20.70670791617134,2.5654079682994935,10.649082992929866,13.214490961229359,20.24015812633021,1.534781825642255,12.339792371067833,13.874574196710089,20.66113769153512,5.502444532687775,8.023917775777104,13.52636230846488
2016-11-16,TDOU,-23.08,30.384,630.2,2016,11,16,686,0.0278061699981203,27.8061699981203,0.0280783072865531,28.078307286553105,0.0279916666666666,27.9916666666666,27.9916666666666,27.9916666666666,27.9916666666666,27.8061699981203,27.8061699981203,27.8061699981203,28.078307286553105,28.078307286553105,28.078307286553105,20.717955446807657,4.377474146057402,2.7107404052552404,7.088214551312642,20.25417222060451,4.319385369069968,3.5047496968786263,7.824135065948596,20.674167299547303,4.795263791569419,2.522235575549878,7.3174993671192965
2016-11-17,TDOU,-23.08,30.384,630.2,2016,11,17,687,0.0240230848333048,24.0230848333048,0.0247642474508471,24.764247450847098,0.0255833333333333,25.5833333333333,32.4083333333333,25.5833333333333,25.5833333333333,24.0230848333048,24.0230848333048,24.0230848333048,31.8421731040896,24.764247450847098,24.764247450847098,20.729369224146136,5.001304939915765,-1.7075893307571022,3.2937156091586637,20.268345430314028,6.699808005548628,4.874019668226943,11.573827673775572,20.687364408501402,6.105614755545965,5.615354169285936,11.720968924831901
2016-11-18,TDOU,-23.08,30.384,630.2,2016,11,18,688,0.0299118167843476,29.9118167843476,0.0308316993451655,30.8316993451655,0.0324083333333333,32.4083333333333,32.4083333333333,32.4083333333333,32.4083333333333,29.9118167843476,29.9118167843476,29.9118167843476,30.8316993451655,30.8316993451655,30.8316993451655,20.740946645521973,6.137283532997385,3.0335866058282406,9.170870138825627,20.282674141909272,6.920501070126735,3.628524133129492,10.549025203256228,20.700725582309673,6.131283390360698,5.57632436066293,11.70760775102363
2016-11-19,TDOU,-23.08,30.384,630.2,2016,11,19,689,0.0357608472514633,35.7608472514633,0.0318421731040896,31.8421731040896,0.0322458333333333,32.2458333333333,32.2458333333333,32.2458333333333,32.2458333333333,35.7608472514633,35.7608472514633,35.7608472514633,31.8421731040896,31.8421731040896,31.8421731040896,20.752684983802236,4.257694001590501,10.750468266070559,15.00816226766106,20.297154624605202,6.254055709958695,5.290962769525702,11.545018479484398,20.714247248350237,5.190203268784663,6.341382816198401,11.531586084983065
2016-11-20,TDOU,-23.08,30.384,630.2,2016,11,20,690,0.0340955384024471,34.0955384024471,0.0325674674724148,32.5674674724148,0.0324583333333333,32.4583333333333,32.4583333333333,32.4583333333333,32.4583333333333,34.0955384024471,34.0955384024471,34.0955384024471,32.5674674724148,32.5674674724148,32.5674674724148,20.76458134560955,6.65162676269635,6.679330294141199,13.330957056837548,20.311783045808223,7.018910290230966,5.236774136375608,12.255684426606575,20.72792570122589,5.715581136902671,6.0148264952047406,11.730407632107411
2016-11-21,TDOU,-23.08,30.384,630.2,2016,11,21,691,0.033397259031479,33.397259031478995,0.0306584406526621,30.6584406526621,0.0307708333333333,30.7708333333333,32.4583333333333,30.7708333333333,30.7708333333333,33.397259031478995,33.397259031478995,33.397259031478995,30.6584406526621,30.6584406526621,30.6584406526621,20.77663270056125,4.531629070106136,8.08899726081161,12.620626330917744,20.32655542901589,5.809366506836673,4.522518716809536,10.33188522364621,20.741757075811297,5.7199357445999786,5.996640512922024,11.716576257522004
2016-11-22,TDOU,-23.08,30.384,630.2,2016,11,22,692,0.0359116630921215,35.9116630921215,0.0323927103342073,32.3927103342073,0.034425,34.425,34.425,34.425,34.425,35.9116630921215,35.9116630921215,35.9116630921215,32.3927103342073,32.3927103342073,32.3927103342073,20.788835918600107,-0.29243584362031694,15.415263017141712,15.122827173521394,20.341467677163944,-1.873403611267282,13.924646268310642,12.051242657043357,20.755737403954072,-6.76879235021658,20.438054946262504,13.669262596045925
2016-11-23,TDOU,-23.08,30.384,630.2,2016,11,23,693,0.0381924329985993,38.1924329985993,0.0357421753004089,35.7421753004089,0.0352041666666666,35.2041666666666,35.2041666666666,35.2041666666666,35.2041666666666,38.1924329985993,38.1924329985993,38.1924329985993,35.7421753004089,35.7421753004089,35.7421753004089,20.80118792579905,-3.9463806373677772,21.337625710168027,17.391245072800253,20.356515728607725,-2.3283545187655834,17.714014090566764,15.385659571801177,20.76986276164962,-2.9134664155601357,17.34777032057712,14.434303905016982
2016-11-25,TDOU,-23.08,30.384,630.2,2016,11,25,695,0.0435076076910029,43.507607691002896,0.0399702093557431,39.9702093557431,0.0430875,43.0875,34.425,43.0875,43.0875,35.9116630921215,43.507607691002896,43.507607691002896,39.9702093557431,39.9702093557431,39.9702093557431,20.82632650174451,-3.3180954718191655,18.403432062196153,15.08533659037699,20.38700354454011,-3.685750002931843,23.26895581413483,19.58320581120299,20.79853319308575,-4.373245682341159,17.999712489255405,13.626466806914248
2016-11-26,TDOU,-23.08,30.384,630.2,2016,11,26,696,0.0371790899654489,37.1790899654489,0.0386806562968705,38.6806562968705,0.0364708333333333,36.4708333333333,36.4708333333333,36.4708333333333,36.4708333333333,37.1790899654489,37.1790899654489,37.1790899654489,32.3927103342073,38.6806562968705,38.6806562968705,20.839107277373063,-0.4915372714960951,16.83151995957193,16.33998268807584,20.40243561342141,2.350631449895601,9.63964327089029,11.99027472078589,20.813070784786845,0.5573085935940865,15.100453954952371,15.657762548546458
2016-11-27,TDOU,-23.08,30.384,630.2,2016,11,27,697,0.0248874575846316,24.8874575846316,0.024974116751106,24.974116751106003,0.0247166666666666,24.7166666666666,24.7166666666666,24.7166666666666,24.7166666666666,24.8874575846316,24.8874575846316,24.8874575846316,24.974116751106003,24.974116751106003,24.974116751106003,20.852025215368897,2.3655774778344973,1.6698548914282085,4.035432369262704,20.417988030340954,2.6958879726114904,1.8602407481535579,4.556128720765049,20.82773835119947,2.0986232752438054,1.7903050402233234,3.8889283154671297
2016-11-28,TDOU,-23.08,30.384,630.2,2016,11,28,698,0.0238734201690775,23.8734201690775,0.0240947132748454,24.0947132748454,0.0251208333333333,25.1208333333333,25.1208333333333,25.1208333333333,25.1208333333333,23.8734201690775,23.8734201690775,23.8734201690775,24.0947132748454,24.0947132748454,24.0947132748454,20.865077415667255,3.1576819795367554,-0.14933922612650719,3.008342753410247,20.433657007907726,3.6074229670332585,0.053633299904415566,3.661056266937674,20.842532235947882,3.5654843408543413,0.7128167565310797,4.27830109738542
2016-11-29,TDOU,-23.08,30.384,630.2,2016,11,29,699,0.0247232694558856,24.7232694558856,0.0239808921085681,23.9808921085681,0.0267875,26.7875,26.7875,26.7875,26.7875,24.7232694558856,24.7232694558856,24.7232694558856,23.9808921085681,23.9808921085681,23.9808921085681,20.878260947719028,0.09861788379704511,3.7463906243695284,3.845008508166572,20.44943874236638,1.794004340730045,1.7374490254716761,3.5314533662017205,20.857448775671717,1.4689021676226792,4.4611490567056045,5.930051224328285
2017-07-07,TDOU,-23.08,30.384,630.2,2017,7,7,919,0.0209841492078227,20.9841492078227,0.02086509796573,20.86509796573,0.0212875,21.2875,21.2875,21.2875,21.2875,20.9841492078227,20.9841492078227,20.9841492078227,20.86509796573,20.86509796573,20.86509796573,21.089764335299225,2.795877748661865,-2.9014928761383914,-0.10561512747652557,20.69714863130065,3.227817649238011,-3.0598683148086607,0.1679493344293519,21.09346417023298,2.730192119675599,-2.536156289908579,0.19403582976702083
2017-07-08,TDOU,-23.08,30.384,630.2,2017,7,8,920,0.0221364265796986,22.1364265796986,0.0220852548543917,22.0852548543917,0.0229708333333333,22.970833333333303,22.970833333333303,22.970833333333303,22.970833333333303,22.1364265796986,22.1364265796986,22.1364265796986,22.0852548543917,22.0852548543917,22.0852548543917,21.10464836985436,0.9222624326858497,0.10951577715839278,1.0317782098442407,20.714231328538595,2.0670207155724727,-0.6959971897193675,1.3710235258531043,21.109854074816376,2.06765701052992,-0.2066777520129932,1.8609792585169274
2017-07-09,TDOU,-23.08,30.384,630.2,2017,7,9,921,0.0159294837029712,15.9294837029712,0.014978343517225,14.978343517225,0.0161541666666666,16.1541666666666,16.1541666666666,16.1541666666666,16.1541666666666,15.9294837029712,15.9294837029712,15.9294837029712,14.978343517225,14.978343517225,14.978343517225,21.119613219066192,-0.42696577913248057,-4.763163736962511,-5.190129516094991,20.731364761151415,-0.5687223721290225,-5.1842988717973935,-5.7530212439264155,21.126304997630427,-0.13724549561613802,-4.834892835347688,-4.972138330963826
2017-07-10,TDOU,-23.08,30.384,630.2,2017,7,10,922,0.0151602534670829,15.1602534670829,0.0118285915232234,11.8285915232234,0.0127083333333333,12.7083333333333,12.7083333333333,12.7083333333333,12.7083333333333,15.1602534670829,15.1602534670829,15.1602534670829,11.8285915232234,11.8285915232234,11.8285915232234,21.13465560183783,-1.4083108322144624,-4.566091302540471,-5.974402134754932,20.74854519035369,-0.8141101558221118,-8.105843511308176,-8.919953667130288,21.14281305892525,-0.703363632760296,-7.731116092831654,-8.434479725591949
2017-07-11,TDOU,-23.08,30.384,630.2,2017,7,11,923,0.0144395354385364,14.4395354385364,0.0149744855654146,14.9744855654146,0.0152666666666666,15.2666666666666,15.2666666666666,15.2666666666666,15.2666666666666,14.4395354385364,14.4395354385364,14.4395354385364,14.9744855654146,14.9744855654146,14.9744855654146,21.149772045237075,-4.929850677431088,-1.7803859292695883,-6.710236606700676,20.765768726364563,-4.279376141756078,-1.5119070191938846,-5.791283160949963,21.159374223559276,-4.259156384537716,-1.6335511723549594,-5.892707556892676
2017-07-12,TDOU,-23.08,30.384,630.2,2017,7,12,924,0.0130762419316231,13.0762419316231,0.0154410110402716,15.4410110402716,0.0149833333333333,14.9833333333333,14.9833333333333,14.9833333333333,14.9833333333333,13.0762419316231,13.0762419316231,13.0762419316231,15.4410110402716,15.4410110402716,15.4410110402716,21.164958902187923,-1.8184243418752541,-6.270292628689569,-8.088716970564823,20.783031370149075,-1.3724290155580987,-3.969591314319377,-5.342020329877474,21.175984337673142,-0.7255210007250517,-5.467130003614791,-6.192651004339842
2017-07-13,TDOU,-23.08,30.384,630.2,2017,7,13,925,0.0127566001428465,12.7566001428465,0.013079772780831,13.079772780831,0.0126791666666666,12.6791666666666,12.6791666666666,12.6791666666666,12.6791666666666,12.7566001428465,12.7566001428465,12.7566001428465,13.079772780831,13.079772780831,13.079772780831,21.180212436420454,4.070156329496014,-12.493768623069968,-8.423612293573955,20.800329107567865,6.1556599459225145,-13.87621627265938,-7.720556326736865,21.192639208044664,4.350442803104802,-12.863915344482866,-8.513472541378064
2017-07-15,TDOU,-23.08,30.384,630.2,2017,7,15,927,0.0095981883110765,9.5981883110765,0.0110907754156972,11.0907754156972,0.0115458333333333,11.5458333333333,11.5458333333333,11.5458333333333,11.5458333333333,9.5981883110765,9.5981883110765,9.5981883110765,11.0907754156972,11.0907754156972,11.0907754156972,21.210904211770682,6.751826897061648,-18.36454279775583,-11.612715900694182,20.835013667322098,7.234104123031099,-16.978342374656,-9.744238251624898,21.22606621710392,5.708825640807253,-15.389058524577873,-9.68023288377062
2017-07-16,TDOU,-23.08,30.384,630.2,2017,7,16,928,0.0107450733206396,10.745073320639602,0.0099040146671499,9.9040146671499,0.0104583333333333,10.4583333333333,10.4583333333333,10.4583333333333,10.4583333333333,10.745073320639602,10.745073320639602,10.745073320639602,9.9040146671499,9.9040146671499,9.9040146671499,21.22633474083002,-0.4574342084621001,-10.023827211728317,-10.481261420190418,20.852392346524976,1.006875790851713,-11.95525347022679,-10.948377679375076,21.24282978429646,-2.342354848805035,-8.442141602158125,-10.784496450963161
2017-07-17,TDOU,-23.08,30.384,630.2,2017,7,17,929,0.0174578291767691,17.4578291767691,0.0153567298071183,15.3567298071183,0.0163541666666666,16.3541666666666,16.3541666666666,16.3541666666666,16.3541666666666,17.4578291767691,17.4578291767691,17.4578291767691,15.3567298071183,15.3567298071183,15.3567298071183,21.241816547619973,1.600740769547179,-5.384728140398053,-3.7839873708508733,20.869789939657,1.634964462471813,-7.1480245950105115,-5.513060132538699,21.259621068766666,1.5011231031891095,-6.4065775052891745,-4.905454402100066
2017-07-18,TDOU,-23.08,30.384,630.2,2017,7,18,930,0.0151979061059581,15.1979061059581,0.0144561124999104,14.4561124999104,0.0149333333333333,14.9333333333333,14.9333333333333,14.9333333333333,14.9333333333333,15.1979061059581,15.1979061059581,15.1979061059581,14.4561124999104,14.4561124999104,14.4561124999104,21.257345667650483,1.8530243709556165,-7.912463932647999,-6.059439561692383,20.887202399666535,2.1593015433297076,-8.590391443085842,-6.4310898997561345,21.276435802014493,0.7634069142348159,-7.106509382916009,-6.343102468681193
2017-07-19,TDOU,-23.08,30.384,630.2,2017,7,19,931,0.0114675956139528,11.4675956139528,0.0116487580375982,11.6487580375982,0.0116916666666666,11.6916666666666,11.6916666666666,11.6916666666666,11.6916666666666,11.4675956139528,11.4675956139528,11.4675956139528,11.6487580375982,11.6487580375982,11.6487580375982,21.27291807231508,-0.6456426027789585,-9.15967985558332,-9.805322458362278,20.90462561629517,1.9112889848598784,-11.16715656355685,-9.255867578696972,21.293269682951614,0.9987802296796265,-10.60038324596464,-9.601603016285013
2017-07-20,TDOU,-23.08,30.384,630.2,2017,7,20,932,0.0102021410179883,10.2021410179883,0.0100309808467928,10.0309808467928,0.0092708333333333,9.2708333333333,9.2708333333333,9.2708333333333,9.2708333333333,10.2021410179883,10.2021410179883,10.2021410179883,10.0309808467928,10.0309808467928,10.0309808467928,21.288529694281397,-4.287973407308111,-6.798415268984986,-11.086388676293097,20.922055463618456,-5.788501211689144,-5.102573405136511,-10.891074616825655,21.310118392115996,-6.158751530957811,-5.880533527824884,-12.039285058782696
2017-07-22,TDOU,-23.08,30.384,630.2,2017,7,22,934,0.0083553378541153,8.3553378541153,0.0094816859535445,9.4816859535445,0.0093499999999999,9.3499999999999,9.3499999999999,9.3499999999999,9.3499999999999,8.3553378541153,8.3553378541153,8.3553378541153,9.4816859535445,9.4816859535445,9.4816859535445,21.319853867250174,-5.145518153129305,-7.81899786000557,-12.964516013134874,20.956918270965435,-5.847258031827161,-5.627974285593773,-11.475232317420934,21.34384266931587,-5.442450132365064,-6.551392536950905,-11.993842669315969
2017-07-23,TDOU,-23.08,30.384,630.2,2017,7,23,935,0.0116226236634333,11.6226236634333,0.0098173366417427,9.8173366417427,0.0104708333333333,10.4708333333333,10.4708333333333,10.4708333333333,10.4708333333333,11.6226236634333,11.6226236634333,11.6226236634333,9.8173366417427,9.8173366417427,9.8173366417427,21.335557776014028,-1.1353041841029317,-8.577629928477796,-9.712934112580728,20.97434265221489,-1.7495341773052067,-9.407471833166984,-11.15700601047219,21.360709248000507,-1.3171309987449178,-9.57274491592229,-10.889875914667208
2017-07-24,TDOU,-23.08,30.384,630.2,2017,7,24,936,0.0146726058589328,14.6726058589328,0.0142346885007983,14.2346885007983,0.013875,13.875,13.875,13.875,13.875,14.6726058589328,14.6726058589328,14.6726058589328,14.2346885007983,14.2346885007983,14.2346885007983,21.35128371356838,0.47923132258911455,-7.157909177224697,-6.678677854635582,20.991756597533293,-1.1764181771088196,-5.580649919626172,-6.757068096734992,21.37757277819377,-2.8557726309744864,-4.646800147219285,-7.50257277819377
2017-07-25,TDOU,-23.08,30.384,630.2,2017,7,25,937,0.011424624102074,11.424624102074,0.0115665384895399,11.5665384895399,0.0113583333333333,11.3583333333333,11.3583333333333,11.3583333333333,11.3583333333333,11.424624102074,11.424624102074,11.424624102074,11.5665384895399,11.5665384895399,11.5665384895399,21.367027289275878,-1.976836766436059,-7.965566420765818,-9.942403187201878,21.00915583380424,-2.3899722307428726,-7.052645113521468,-9.44261734426434,21.39442877813894,-4.252076317616267,-5.784019127189374,-10.03609544480564
2017-07-26,TDOU,-23.08,30.384,630.2,2017,7,26,938,0.01336325506545,13.36325506545,0.0107547731778711,10.7547731778711,0.0112291666666666,11.2291666666666,13.875,11.2291666666666,11.2291666666666,13.36325506545,13.36325506545,13.36325506545,10.7547731778711,10.7547731778711,10.7547731778711,21.38278407935428,-2.9678921132436287,-5.051636900660654,-8.01952901390428,21.02653608783349,-2.8901791098068084,-7.381583800155584,-10.271762909962392,21.411272727607106,-3.2467946882561693,-4.289478039350936,-7.5362727276071055
2017-07-27,TDOU,-23.08,30.384,630.2,2017,7,27,939,0.0172638282499732,17.2638282499732,0.0159078519035611,15.907851903561102,0.014975,14.975,14.975,14.975,14.975,17.2638282499732,17.2638282499732,17.2638282499732,15.907851903561102,15.907851903561102,15.907851903561102,21.398549717952914,-4.193253052423728,0.058531584444015294,-4.134721467979713,21.043893148370607,-4.673844841786081,-0.46219640302342313,-5.136041244809505,21.428100111770753,-4.768850792809219,-1.684249318961534,-6.453100111770754
2017-07-29,TDOU,-23.08,30.384,630.2,2017,7,29,941,0.0137621777404862,13.7621777404862,0.0160416095136648,16.0416095136648,0.0152875,15.2875,15.2875,15.2875,15.2875,13.7621777404862,13.7621777404862,13.7621777404862,16.0416095136648,16.0416095136648,16.0416095136648,21.430090514795964,-5.356061172038197,-2.3118516022715667,-7.667912774309764,21.07852124422202,-4.773092082091915,-0.2638196484653079,-5.036911730557222,21.4616873221357,-4.537093533667455,-1.6370937884682455,-6.174187322135699
2017-07-30,TDOU,-23.08,30.384,630.2,2017,7,30,942,0.0164736966988377,16.4736966988377,0.0146617082194948,14.6617082194948,0.0148916666666666,14.8916666666666,14.8916666666666,14.8916666666666,14.8916666666666,16.4736966988377,16.4736966988377,16.4736966988377,14.6617082194948,14.6617082194948,14.6617082194948,21.44585742930493,-3.8667049357131695,-1.1054557947540609,-4.97216073046723,21.09578421425259,-3.3504929231808243,-3.083583071576964,-6.434075994757789,21.478438426564338,-2.6188502627337353,-3.967921497164003,-6.586771759897738
2017-08-01,TDOU,-23.08,30.384,630.2,2017,8,1,944,0.0208959876538178,20.8959876538178,0.0210740956347925,21.0740956347925,0.0207708333333333,20.7708333333333,17.7458333333333,20.7708333333333,20.7708333333333,20.8959876538178,20.8959876538178,20.8959876538178,21.0740956347925,21.0740956347925,21.0740956347925,21.477364615022296,0.11793370515424698,-0.6993106663587412,-0.5813769612044943,21.130188437372922,1.5210879990733523,-1.5771808016537747,-0.05609280258042304,21.511834493723786,1.856613036587992,-5.622614196978477,-3.766001160390484
2017-08-02,TDOU,-23.08,30.384,630.2,2017,8,2,945,0.0162666246179217,16.2666246179217,0.0183845203269398,18.3845203269398,0.0194166666666666,19.4166666666666,19.4166666666666,19.4166666666666,19.4166666666666,16.2666246179217,16.2666246179217,16.2666246179217,18.3845203269398,18.3845203269398,18.3845203269398,21.493097380248404,-0.08688002931745248,-5.139592733009252,-5.226472762326704,21.14732216023457,3.9946371521327326,-6.757438985427502,-2.7628018332947697,21.528471239163654,3.3897803973214966,-5.501584969818548,-2.1118045724970536
2017-08-03,TDOU,-23.08,30.384,630.2,2017,8,3,946,0.0152230689997935,15.2230689997935,0.0161776337825929,16.1776337825929,0.0177458333333333,17.7458333333333,17.7458333333333,17.7458333333333,17.7458333333333,16.4736966988377,15.2230689997935,15.2230689997935,16.1776337825929,16.1776337825929,16.1776337825929,21.508811389381716,-3.010444452279948,-2.0246702382640684,-5.035114690544017,21.16440540966197,-1.6021621731687228,-3.3846094539003495,-4.986771627069071,21.545061747080297,-0.7246204021365075,-3.0746080116104864,-3.799228413746995
2017-08-05,TDOU,-23.08,30.384,630.2,2017,8,5,948,0.0169600799335744,16.960079933574402,0.0182638868109155,18.2638868109155,0.0184,18.4,18.4,18.4,18.4,16.960079933574402,16.960079933574402,16.960079933574402,18.2638868109155,18.2638868109155,18.2638868109155,21.540168671332623,0.6602178972861235,-5.240306635044345,-4.580088737758221,21.198406159696614,1.2393615700435194,-4.173880918824633,-2.9345193487811123,21.57808838917901,0.9104017285244129,-4.088490117703422,-3.1780883891790097
2017-08-06,TDOU,-23.08,30.384,630.2,2017,8,6,949,0.0163696495254538,16.3696495254538,0.0142188354274577,14.2188354274577,0.0152833333333333,15.2833333333333,15.2833333333333,15.2833333333333,15.2833333333333,16.3696495254538,16.3696495254538,16.3696495254538,14.2188354274577,14.2188354274577,14.2188354274577,21.55580490140021,0.45164444230608597,-5.6377998182525,-5.186155375946413,21.21531668470068,3.797857658740147,-10.79433891598313,-6.996481257242982,21.59451698300988,3.6968928281420688,-10.008076477818648,-6.311183649676579
2017-08-07,TDOU,-23.08,30.384,630.2,2017,8,7,950,0.018122301747093,18.122301747093,0.0183765008909054,18.3765008909054,0.0184041666666666,18.4041666666666,18.4041666666666,18.4041666666666,18.4041666666666,18.122301747093,18.122301747093,18.122301747093,18.3765008909054,18.3765008909054,18.3765008909054,21.571408317173983,0.30185286829620683,-3.7509594383771905,-3.449106570080982,21.232162761826455,0.9967115855790696,-3.852373456500125,-2.855661870921054,21.610884195759557,0.44665446570446743,-3.6533719947974213,-3.2067175290929555
2017-08-08,TDOU,-23.08,30.384,630.2,2017,8,8,951,0.0173751625995285,17.3751625995285,0.0170265890740905,17.0265890740905,0.0167041666666666,16.704166666666598,16.704166666666598,16.704166666666598,16.704166666666598,17.3751625995285,17.3751625995285,17.3751625995285,17.0265890740905,17.0265890740905,17.0265890740905,21.586975539251252,-0.3993065580784383,-3.8125063816443117,-4.211812939722751,21.248940996082748,0.2280290417996974,-4.450380963791947,-4.222351921992249,21.62718637296342,1.8124227578989525,-6.735442464195772,-4.92301970629682
2017-08-10,TDOU,-23.08,30.384,630.2,2017,8,10,953,0.0154266861898399,15.4266861898399,0.0139987574505747,13.9987574505747,0.0127958333333333,12.7958333333333,12.7958333333333,12.7958333333333,12.7958333333333,15.4266861898399,15.4266861898399,15.4266861898399,13.9987574505747,13.9987574505747,13.9987574505747,21.617987869970815,-4.307257792731653,-1.8840438873992618,-6.191301680130914,21.282280369191053,-1.9645095678326745,-5.319013350783678,-7.283522918616352,21.659581009869274,-2.7873544572523725,-6.076393219283602,-8.863747676535974
2017-08-12,TDOU,-23.08,30.384,630.2,2017,8,12,955,0.0116498754476258,11.6498754476258,0.0116239969830405,11.6239969830405,0.0115375,11.5375,11.5375,11.5375,11.5375,11.6498754476258,11.6498754476258,11.6498754476258,11.6239969830405,11.6239969830405,11.6239969830405,21.64881561497366,-4.0593332826067545,-5.9396068847411065,-9.998940167347861,21.315308426067666,-5.749558675440918,-3.941752767586248,-9.691311443027166,21.691672363827845,-2.8706136235906143,-7.283558740237231,-10.154172363827845
2017-08-13,TDOU,-23.08,30.384,630.2,2017,8,13,956,0.0142741483478044,14.2741483478044,0.0143141732262634,14.3141732262634,0.0144416666666666,14.4416666666666,14.4416666666666,14.4416666666666,14.4416666666666,14.2741483478044,14.2741483478044,14.2741483478044,14.3141732262634,14.3141732262634,14.3141732262634,21.66415289514406,-5.220721348803093,-2.169283198536565,-7.390004547339659,21.33169832461167,-3.007712501966771,-4.009812596381497,-7.017525098348269,21.707596258604788,-4.6863679666073645,-2.579561625330822,-7.265929591938187
2017-08-14,TDOU,-23.08,30.384,630.2,2017,8,14,957,0.0144838869519035,14.4838869519035,0.0160462809201626,16.046280920162598,0.0162125,16.212500000000002,16.212500000000002,16.212500000000002,16.212500000000002,14.4838869519035,14.4838869519035,14.4838869519035,16.046280920162598,16.046280920162598,16.046280920162598,21.67943562017409,-2.685106704690983,-4.510441963579606,-7.19554866827059,21.348001973355146,-0.940562455468851,-4.361158597723698,-5.301721053192548,21.723435171524432,-0.6709508818102775,-4.8399842897141525,-5.51093517152443
2017-08-16,TDOU,-23.08,30.384,630.2,2017,8,16,959,0.0095155706060378,9.515570606037802,0.0091854356765899,9.1854356765899,0.0102083333333333,10.2083333333333,10.2083333333333,10.2083333333333,10.2083333333333,9.515570606037802,9.515570606037802,9.515570606037802,9.1854356765899,9.1854356765899,9.1854356765899,21.70982743333853,-10.022889423434355,-2.1713674038663733,-12.194256827300727,21.38034064898366,-10.315348394030075,-1.8795565783636832,-12.194904972393758,21.75484727518227,-10.821228160748,-0.7252857811009719,-11.546513941848971
2017-08-17,TDOU,-23.08,30.384,630.2,2017,8,17,960,0.0092459075960106,9.2459075960106,0.0092988107431134,9.2988107431134,0.0090458333333333,9.0458333333333,9.0458333333333,9.0458333333333,9.0458333333333,9.2459075960106,9.2459075960106,9.2459075960106,9.2988107431134,9.2988107431134,9.2988107431134,21.72493159931354,-9.645807850228778,-2.8332161530741615,-12.47902400330294,21.396370726381086,-9.70355844021336,-2.394001543054326,-12.097559983267686,21.77041511890223,-5.392089016991126,-7.332492768577801,-12.724581785568928
2017-08-20,TDOU,-23.08,30.384,630.2,2017,8,20,963,0.01397106976574,13.97106976574,0.0128344519728631,12.8344519728631,0.0128208333333333,12.8208333333333,12.8208333333333,12.8208333333333,12.8208333333333,13.97106976574,13.97106976574,13.97106976574,12.8344519728631,12.8344519728631,12.8344519728631,21.769847991163523,-4.721154721459126,-3.0776235039643964,-7.798778225423524,21.44387381795148,-4.626936284840533,-3.9824855602478486,-8.60942184508838,21.816534382041834,-4.973230501159449,-4.022470547549084,-8.995701048708533
2017-08-21,TDOU,-23.08,30.384,630.2,2017,8,21,964,0.0132113023469416,13.2113023469416,0.013399756487986,13.399756487986,0.0136666666666666,13.6666666666666,13.6666666666666,13.6666666666666,13.6666666666666,13.2113023469416,13.2113023469416,13.2113023469416,13.399756487986,13.399756487986,13.399756487986,21.784680036773217,9.474112423593565,-18.047490113425184,-8.573377689831617,21.45950418566895,6.69059571140446,-14.75034340908741,-8.059747697682951,21.83170432325701,8.185249267601847,-16.350286924192257,-8.16503765659041
2017-08-22,TDOU,-23.08,30.384,630.2,2017,8,22,965,0.0088806092982255,8.8806092982255,0.0106032205662144,10.6032205662144,0.0097166666666666,9.7166666666666,9.7166666666666,9.7166666666666,9.7166666666666,8.8806092982255,8.8806092982255,8.8806092982255,10.6032205662144,10.6032205662144,10.6032205662144,21.79943810994795,3.216952653945833,-16.135781465668284,-12.91882881172245,21.475028582289085,1.245471330118177,-12.117279346192861,-10.871808016074684,21.846768693621883,2.848529118550386,-14.97863114550567,-12.130102026955283
2017-08-23,TDOU,-23.08,30.384,630.2,2017,8,23,966,0.0078022111232209,7.8022111232209,0.0098203951517456,9.8203951517456,0.0101583333333333,10.1583333333333,10.1583333333333,10.1583333333333,10.1583333333333,7.8022111232209,7.8022111232209,7.8022111232209,9.8203951517456,9.8203951517456,9.8203951517456,21.81411990927358,2.2286899752220255,-16.240598761274704,-14.011908786052679,21.490444707986747,-5.836582911206761,-5.833466645034385,-11.670049556241146,21.861725154827454,-5.962779017673286,-5.740612803820866,-11.703391821494154
2017-08-24,TDOU,-23.08,30.384,630.2,2017,8,24,967,0.0087198239607794,8.7198239607794,0.0096721327385216,9.6721327385216,0.00865,8.65,10.7333333333333,8.65,8.65,10.5781877938571,8.7198239607794,8.7198239607794,9.6721327385216,9.6721327385216,9.6721327385216,21.82872317409157,-2.3565394054055884,-8.893995974828883,-11.25053538023447,21.505750336770177,-7.451333414071451,-4.382284184177124,-11.833617598248576,21.87657142259337,-7.283906022184974,-3.859332067075094,-11.143238089260068
2017-09-04,TDOU,-23.08,30.384,630.2,2017,9,4,978,0.0108972937190689,10.8972937190689,0.011319182391908,11.319182391908,0.0107333333333333,10.7333333333333,10.7333333333333,10.7333333333333,10.7333333333333,10.8972937190689,10.8972937190689,10.8972937190689,11.319182391908,11.319182391908,11.319182391908,21.983551363017316,-9.49874502786602,-1.587512616082396,-11.086257643948416,21.666203697412346,-6.355133770160272,-3.9918875353440733,-10.347021305504345,22.03201269739496,-7.073703650372608,-4.224975713689052,-11.29867936406166
2017-09-05,TDOU,-23.08,30.384,630.2,2017,9,5,979,0.0105781877938571,10.5781877938571,0.0107431779669136,10.7431779669136,0.0116708333333333,11.6708333333333,11.6708333333333,11.6708333333333,11.6708333333333,10.5781877938571,10.5781877938571,10.5781877938571,10.7431779669136,10.7431779669136,10.7431779669136,21.997044890177065,-8.742378676397987,-2.6764784199219775,-11.418857096319964,21.68001815416702,-4.875529329235247,-6.061310858018173,-10.93684018725342,22.04538042923059,-7.91117666304438,-2.463370432852912,-10.37454709589729
2017-09-06,TDOU,-23.08,30.384,630.2,2017,9,6,980,0.011569365060548,11.569365060548,0.0130145679217854,13.0145679217854,0.0140375,14.0375,14.0375,14.0375,14.0375,11.569365060548,11.569365060548,11.569365060548,13.0145679217854,13.0145679217854,13.0145679217854,22.01043355577078,-1.3101625750589265,-9.130905920163855,-10.441068495222781,21.693696256178626,-1.2294604326549832,-7.449667901738243,-8.679128334393226,22.058614278628337,-0.6435138584686015,-7.377600420159736,-8.021114278628337
2017-09-27,TDOU,-23.08,30.384,630.2,2017,9,27,1001,0.0318839049807235,31.8839049807235,0.0302566020572432,30.2566020572432,0.0298041666666666,29.8041666666666,26.0333333333333,29.8041666666666,29.8041666666666,28.6176476763336,31.8839049807235,31.8839049807235,27.6527244833148,30.2566020572432,30.2566020572432,22.198054684816178,6.4199282788111995,-0.00033528729377607647,6.419592991517423,21.881967216585444,6.340911553441582,-0.5701542867122278,5.770757266729355,22.240608233695937,5.946346698104786,-2.1536215984674243,3.7927250996373623
2017-09-28,TDOU,-23.08,30.384,630.2,2017,9,28,1002,0.029313488552683,29.313488552683,0.0276527244833148,27.6527244833148,0.0260333333333333,26.0333333333333,28.2458333333333,26.0333333333333,26.0333333333333,29.313488552683,29.313488552683,29.313488552683,27.6527244833148,27.6527244833148,27.6527244833148,22.209664604512724,5.150666522692392,1.9531574254778832,7.103823948170277,21.893379007866518,4.025551093278253,1.7337943821700286,5.759345475448281,22.251630323416077,3.8544527639132053,2.13975024600402,5.994203009917225
2017-09-30,TDOU,-23.08,30.384,630.2,2017,9,30,1004,0.0301833327260923,30.183332726092303,0.0277421687895692,27.7421687895692,0.0285458333333333,28.545833333333302,28.545833333333302,28.545833333333302,28.545833333333302,30.183332726092303,30.183332726092303,30.183332726092303,27.7421687895692,27.7421687895692,27.7421687895692,22.232551500546638,1.0682259638812033,6.882555261664461,7.950781225545665,21.915780355731417,0.9989576458838693,4.827430787953912,5.826388433837781,22.27326242356224,0.5187609206387093,5.753809989132353,6.272570909771062
2017-10-01,TDOU,-23.08,30.384,630.2,2017,10,1,1005,0.0286176476763336,28.6176476763336,0.0287341116291712,28.734111629171203,0.0282458333333333,28.2458333333333,28.2458333333333,28.2458333333333,28.2458333333333,28.6176476763336,28.6176476763336,28.6176476763336,28.734111629171203,28.734111629171203,28.734111629171203,22.24383010074313,4.330563953531565,2.0432536220589057,6.373817575590472,21.926771743948017,4.367521515632696,2.4398183695904905,6.807339885223186,22.283873943554056,3.6835472506147324,2.2784121391645122,5.9619593897792456
2017-10-02,TDOU,-23.08,30.384,630.2,2017,10,2,1006,0.0292692855967722,29.2692855967722,0.0286302352744012,28.6302352744012,0.029875,29.875,29.875,29.875,29.875,29.2692855967722,29.2692855967722,29.2692855967722,28.6302352744012,28.6302352744012,28.6302352744012,22.255000072862874,4.6599638082099375,2.3543217156993883,7.014285523909326,21.937625005927053,5.968188370577538,0.7244218978966117,6.692610268474148,22.29435025398093,5.896888705022213,1.6837610409968562,7.58064974601907
2017-10-03,TDOU,-23.08,30.384,630.2,2017,10,3,1007,0.027927181565191,27.927181565191,0.0276651198533076,27.6651198533076,0.028375,28.375,28.375,28.375,28.375,27.927181565191,27.927181565191,27.927181565191,27.6651198533076,27.6651198533076,27.6651198533076,22.266062497908166,4.951026669194749,0.7100923980880829,5.661119067282833,21.948341353692285,4.513187013366336,1.2035914862489818,5.716778499615316,22.30469238635812,6.075154946475297,-0.004847332833417539,6.07030761364188
2017-10-04,TDOU,-23.08,30.384,630.2,2017,10,4,1008,0.0223482410708971,22.3482410708971,0.0228864105345672,22.8864105345672,0.0231541666666666,23.1541666666666,23.1541666666666,23.1541666666666,23.1541666666666,22.3482410708971,22.3482410708971,22.3482410708971,22.8864105345672,22.8864105345672,22.8864105345672,22.277018471735786,-1.7752980260927864,1.8465206252541009,0.07122259916131313,21.958922069788603,-0.9358288049734149,1.863317269752013,0.9274884647785981,22.314901442792095,-0.7197654146897797,1.559030638564284,0.8392652238745058
2017-10-05,TDOU,-23.08,30.384,630.2,2017,10,5,1009,0.0243318794519813,24.3318794519813,0.0270616660187362,27.0616660187362,0.0294791666666666,29.4791666666666,29.4791666666666,29.4791666666666,29.4791666666666,24.3318794519813,24.3318794519813,24.3318794519813,27.0616660187362,27.0616660187362,27.0616660187362,22.287869087092574,9.73111311432199,-7.687102749433263,2.0440103648887273,21.969368438817813,9.417003696398279,-4.3247061164798914,5.092297579918387,22.324978530510926,10.705200653434465,-3.5510125172787923,7.154188136155675
2017-10-07,TDOU,-23.08,30.384,630.2,2017,10,7,1011,0.0355733664249541,35.5733664249541,0.0374997263767682,37.499726376768194,0.0369416666666666,36.9416666666666,36.9416666666666,36.9416666666666,36.9416666666666,35.5733664249541,35.5733664249541,35.5733664249541,37.499726376768194,37.499726376768194,37.499726376768194,22.30925846794004,8.73690373368412,4.527204223329942,13.264107957014062,21.9898633129807,1.4713877226632535,14.038475341124244,15.509863063787495,22.344741087481427,8.318737258964276,6.278188320220895,14.596925579185172
2017-10-08,TDOU,-23.08,30.384,630.2,2017,10,8,1012,0.0325472449806697,32.5472449806697,0.0328600102985952,32.8600102985952,0.0352916666666666,35.2916666666666,35.2916666666666,35.2916666666666,35.2916666666666,32.5472449806697,32.5472449806697,32.5472449806697,32.8600102985952,32.8600102985952,32.8600102985952,22.31979921220449,6.506080979678206,3.7213647887870067,10.227445768465213,21.999914259654002,5.831803125129287,5.02829291381191,10.860096038941197,22.354428459964208,5.8127086953083245,7.124529511394069,12.937238206702393
2017-10-09,TDOU,-23.08,30.384,630.2,2017,10,9,1013,0.0330395646483208,33.0395646483208,0.0316229935564656,31.6229935564656,0.0353583333333333,35.3583333333333,35.3583333333333,35.3583333333333,35.3583333333333,33.0395646483208,33.0395646483208,33.0395646483208,31.6229935564656,31.6229935564656,31.6229935564656,22.33023843134512,6.735941476840354,3.9733847401353266,10.709326216975679,22.009835678012998,7.934269224011609,1.6788886544409962,9.613157878452604,22.363987652382043,9.004635548170029,3.9897101327812265,12.994345680951255
2017-10-10,TDOU,-23.08,30.384,630.2,2017,10,10,1014,0.0197415923240585,19.7415923240585,0.019191218384785,19.191218384785,0.0168208333333333,16.820833333333297,16.820833333333297,16.820833333333297,16.820833333333297,19.7415923240585,19.7415923240585,19.7415923240585,19.191218384785,19.191218384785,19.191218384785,22.340576762487323,3.281252679372663,-5.880237117801485,-2.598984438428822,22.01962849386269,3.907068145816101,-6.735478254893792,-2.8284101090776907,22.37341932657326,3.412334532357316,-8.964920525597279,-5.552585993239962
2017-10-11,TDOU,-23.08,30.384,630.2,2017,10,11,1015,0.0129194239357843,12.9194239357843,0.0111678705020631,11.1678705020631,0.0123958333333333,12.3958333333333,12.3958333333333,12.3958333333333,12.3958333333333,12.9194239357843,12.9194239357843,12.9194239357843,11.1678705020631,11.1678705020631,11.1678705020631,22.35081474962218,6.21298639959671,-15.644377213434591,-9.431390813837881,22.029293520971617,6.211855716342391,-17.07327873525091,-10.861423018908518,22.382724047502823,5.226291111970341,-15.213181826139863,-9.986890714169522
2017-10-12,TDOU,-23.08,30.384,630.2,2017,10,12,1016,0.0158157314271946,15.8157314271946,0.0121492876172609,12.1492876172609,0.0138874999999999,13.8874999999999,13.8874999999999,13.8874999999999,13.8874999999999,15.8157314271946,15.8157314271946,15.8157314271946,12.1492876172609,12.1492876172609,12.1492876172609,22.36095293236625,9.75225002044974,-16.29747152562139,-6.54522150517165,22.03883154411006,8.893148007629136,-18.782691934478297,-9.88954392684916,22.39190234092396,10.39954085299876,-18.90394319392282,-8.50440234092406
2017-10-13,TDOU,-23.08,30.384,630.2,2017,10,13,1017,0.0211917811130474,21.1917811130474,0.0203903808237639,20.390380823763905,0.0203166666666666,20.3166666666666,20.3166666666666,20.3166666666666,20.3166666666666,21.1917811130474,21.1917811130474,21.1917811130474,20.390380823763905,20.390380823763905,20.390380823763905,22.370991830558953,3.3631191152189785,-4.54232983273053,-1.1792107175115518,22.048243340379987,2.627839429949697,-4.285701946565776,-1.6578625166160812,22.400954724100288,3.1135338678134516,-5.1978219252471405,-2.084288057433689
2017-10-14,TDOU,-23.08,30.384,630.2,2017,10,14,1018,0.0208221252574837,20.8221252574837,0.0224257811274065,22.425781127406506,0.020475,20.475,20.475,20.475,20.475,20.8221252574837,20.8221252574837,20.8221252574837,22.425781127406506,22.425781127406506,22.425781127406506,22.38093189597219,4.209448524990736,-5.768255163479225,-1.5588066384884876,22.057529633600126,2.7370849847665344,-2.3688334909601565,0.36825149380637967,22.409881670515162,2.9964495590083815,-4.931331229523543,-1.9348816705151606
2017-10-15,TDOU,-23.08,30.384,630.2,2017,10,15,1019,0.0188391539781828,18.8391539781828,0.0198856360451456,19.8856360451456,0.0197333333333333,19.733333333333302,19.733333333333302,19.733333333333302,19.733333333333302,18.8391539781828,18.8391539781828,18.8391539781828,19.8856360451456,19.8856360451456,19.8856360451456,22.39077356390004,3.761108923304819,-7.31272850902206,-3.5516195857172406,22.066691181437836,3.9721614660457143,-6.153216602337951,-2.181055136292237,22.41868367082006,3.5386130694315776,-6.223963406918333,-2.6853503374867564
2017-10-16,TDOU,-23.08,30.384,630.2,2017,10,16,1020,0.0160464919886619,16.0464919886619,0.0166505461217553,16.650546121755298,0.0173458333333333,17.3458333333333,17.3458333333333,17.3458333333333,17.3458333333333,16.0464919886619,16.0464919886619,16.0464919886619,16.650546121755298,16.650546121755298,16.650546121755298,22.400517308329388,9.382073567195324,-15.736098886862813,-6.354025319667489,22.075728807932055,-1.362670942576102,-4.0625117436006555,-5.425182686176758,22.427361311723004,9.343960227233968,-14.425488205623672,-5.081527978389705
2017-10-17,TDOU,-23.08,30.384,630.2,2017,10,17,1021,0.0190968760342862,19.0968760342862,0.0136622275396238,13.6622275396238,0.0162208333333333,16.2208333333333,16.2208333333333,16.2208333333333,16.2208333333333,19.0968760342862,19.0968760342862,19.0968760342862,13.6622275396238,13.6622275396238,13.6622275396238,22.410163668009734,4.502535645486911,-7.815823279210445,-3.313287633723533,22.08464338270867,0.7723909720826196,-9.19480681516749,-8.42241584308487,22.43591524925462,2.727088366912627,-8.942170282833947,-6.215081915921321
2017-10-18,TDOU,-23.08,30.384,630.2,2017,10,18,1022,0.0208229886905756,20.822988690575603,0.0217731318651722,21.7731318651722,0.0208541666666666,20.8541666666666,20.8541666666666,20.8541666666666,20.8541666666666,20.822988690575603,20.822988690575603,20.822988690575603,21.7731318651722,21.7731318651722,21.7731318651722,22.419713294678765,2.254216002992049,-3.850940607095211,-1.5967246041031622,22.093435870194483,-1.3142020798823535,0.9938980748600699,-0.3203040050222832,22.4443462275405,0.7949317000641838,-2.385111260938082,-1.5901795608738993
2017-10-19,TDOU,-23.08,30.384,630.2,2017,10,19,1023,0.019127555581297,19.127555581297003,0.0182064787863894,18.2064787863894,0.0174666666666666,17.466666666666598,17.466666666666598,17.466666666666598,17.466666666666598,19.127555581297003,19.127555581297003,19.127555581297003,18.2064787863894,18.2064787863894,18.2064787863894,22.429166960500513,0.409561237017751,-3.711172616221262,-3.3016113792035107,22.10210733751213,-0.36641543521833736,-3.529213115904394,-3.89562855112273,22.4526550655694,3.4760130432566747,-8.462001442159476,-4.985988398902801
2017-10-20,TDOU,-23.08,30.384,630.2,2017,10,20,1024,0.0314778777017664,31.477877701766403,0.0303621225258805,30.3621225258805,0.0326041666666666,32.6041666666666,32.6041666666666,32.6041666666666,32.6041666666666,31.477877701766403,31.477877701766403,31.477877701766403,30.3621225258805,30.3621225258805,30.3621225258805,22.438525470999714,5.987336374603124,3.052015856163564,9.039352230766688,22.110658857084697,6.40400150268122,1.8474621661145854,8.251463668795804,22.460842636121036,7.856357540554964,2.2869664899906006,10.143324030545564
2017-10-21,TDOU,-23.08,30.384,630.2,2017,10,21,1025,0.0387771626636409,38.7771626636409,0.0409887543286982,40.9887543286982,0.0380125,38.0125,38.0125,38.0125,38.0125,38.7771626636409,38.7771626636409,38.7771626636409,40.9887543286982,40.9887543286982,40.9887543286982,22.447789644628177,7.400697922701132,8.928675096311594,16.329373019012724,22.119091471713567,7.288595625347272,11.581067231637363,18.869662856984633,22.46890984147375,7.575691152879736,7.967899005646519,15.543590158526253
2017-10-22,TDOU,-23.08,30.384,630.2,2017,10,22,1026,0.0316238040313927,31.623804031392694,0.0319645700748063,31.964570074806296,0.0319791666666666,31.9791666666666,31.9791666666666,31.9791666666666,31.9791666666666,31.623804031392694,31.623804031392694,31.623804031392694,31.964570074806296,31.964570074806296,31.964570074806296,22.456960329960655,8.65876140321234,0.5080822982197013,9.16684370143204,22.12740622072979,11.03253116630489,-1.1953673122283845,9.837163854076508,22.476857659136154,10.946266162448628,-1.4439571549181842,9.502309007530446
2017-10-23,TDOU,-23.08,30.384,630.2,2017,10,23,1027,0.0234623089855566,23.4623089855566,0.0237234082879092,23.7234082879092,0.0241458333333333,24.1458333333333,24.1458333333333,24.1458333333333,24.1458333333333,23.4623089855566,23.4623089855566,23.4623089855566,23.7234082879092,23.7234082879092,23.7234082879092,22.46603847176293,3.33927692407195,-2.343006410278278,0.9962705137936716,22.13560422342701,2.3825403444841764,-0.7947362800019846,1.5878040644821922,22.484687164984187,2.099860969737682,-0.43871480138857066,1.6611461683491129
2017-10-24,TDOU,-23.08,30.384,630.2,2017,10,24,1028,0.0200405144624119,20.0405144624119,0.0220853632027529,22.0853632027529,0.0220333333333333,22.0333333333333,22.0333333333333,22.0333333333333,22.0333333333333,20.0405144624119,20.0405144624119,20.0405144624119,22.0853632027529,22.0853632027529,22.0853632027529,22.475025162252187,0.16222098984068944,-2.596731689680979,-2.4345106998402883,22.14368669534876,1.3658174684983542,-1.42414096109421,-0.05832349259585712,22.492399574864226,2.0868244215236067,-2.545890663054532,-0.4590662415309268
2017-10-25,TDOU,-23.08,30.384,630.2,2017,10,25,1029,0.0210244929608075,21.0244929608075,0.0215384323242322,21.5384323242322,0.022175,22.175,22.175,22.175,22.175,21.0244929608075,21.0244929608075,21.0244929608075,21.5384323242322,21.5384323242322,21.5384323242322,22.483921517777773,-2.6325541620684914,1.1731256050982175,-1.4594285569702734,22.151654873778977,0.6539790651009918,-1.2672016146477674,-0.6132225495467765,22.499996146658418,-1.1717442028310128,0.8467480561725935,-0.3249961466584175
2017-10-26,TDOU,-23.08,30.384,630.2,2017,10,26,1030,0.0280387066088295,28.0387066088295,0.0300808609004239,30.0808609004239,0.0335541666666666,33.5541666666666,33.5541666666666,33.5541666666666,33.5541666666666,28.0387066088295,28.0387066088295,28.0387066088295,30.0808609004239,30.0808609004239,30.0808609004239,22.4927285681547,3.0522226860122723,2.493755354662529,5.5459780406748,22.159510039631783,3.7634238671642755,4.157926993627843,7.921350860792117,22.507478181932232,6.2052932081136865,4.841395276620684,11.046688484734371
2017-10-28,TDOU,-23.08,30.384,630.2,2017,10,28,1032,0.0269498462517043,26.9498462517043,0.029501771929181,29.501771929181,0.0284166666666666,28.4166666666666,28.4166666666666,28.4166666666666,28.4166666666666,26.9498462517043,26.9498462517043,26.9498462517043,29.501771929181,29.501771929181,29.501771929181,22.510078153963843,4.426628386471282,0.013139711269175791,4.439768097740458,22.174886605179697,4.684509535920595,2.6423757880807095,7.326885324001303,22.522103902547716,4.5111174690256,1.383445295093285,5.894562764118884
2017-10-29,TDOU,-23.08,30.384,630.2,2017,10,29,1033,0.0244238279322351,24.4238279322351,0.0246314351120772,24.6314351120772,0.0243625,24.3625,24.3625,24.3625,24.3625,24.4238279322351,24.4238279322351,24.4238279322351,24.6314351120772,24.6314351120772,24.6314351120772,22.51862213372853,3.0216228143933024,-1.1164170158867357,1.905205798506568,22.182410564202048,3.82017146170439,-1.3711469138292394,2.449024547875151,22.52925009375511,3.856713996403288,-2.0234640901583987,1.833249906244891
2017-10-30,TDOU,-23.08,30.384,630.2,2017,10,30,1034,0.0203579380419491,20.3579380419491,0.0206569656815385,20.656965681538495,0.0193458333333333,19.345833333333303,19.345833333333303,19.345833333333303,19.345833333333303,20.3579380419491,20.3579380419491,20.3579380419491,20.656965681538495,20.656965681538495,20.656965681538495,22.527079888792677,3.513562518165709,-5.682704365009286,-2.1691418468435764,22.189826751497726,5.101191823589877,-6.634052893549109,-1.5328610699592318,22.53628689706347,2.816777578868643,-6.007231142598808,-3.1904535637301663
2017-11-01,TDOU,-23.08,30.384,630.2,2017,11,1,1036,0.0135583236987639,13.5583236987639,0.0143948764363138,14.3948764363138,0.0134583333333333,13.4583333333333,13.4583333333333,13.4583333333333,13.4583333333333,13.5583236987639,13.5583236987639,13.5583236987639,14.3948764363138,14.3948764363138,14.3948764363138,22.543740458159323,10.829758188375456,-19.815174947770878,-8.985416759395424,22.204341771986016,11.669551588695388,-19.479016924367606,-7.809465335672217,22.550038020472506,11.699869486855034,-20.791574173994242,-9.091704687139206
2017-11-02,TDOU,-23.08,30.384,630.2,2017,11,2,1037,0.014824719835878,14.824719835878,0.0146223530827455,14.6223530827455,0.014575,14.575,14.575,14.575,14.575,14.824719835878,14.824719835878,14.824719835878,14.6223530827455,14.6223530827455,14.6223530827455,22.55194520901496,9.7011750496549,-17.42840042279186,-7.72722537313696,22.211443537179942,8.423355179909493,-16.012445634343933,-7.589090454434443,22.556755037066676,9.236848791592005,-17.21860382865868,-7.9817550370666766
2017-11-04,TDOU,-23.08,30.384,630.2,2017,11,4,1039,0.0178558100685261,17.8558100685261,0.0160740466823456,16.074046682345603,0.0156958333333333,15.6958333333333,15.6958333333333,15.6958333333333,15.6958333333333,17.8558100685261,17.8558100685261,17.8558100685261,16.074046682345603,16.074046682345603,16.074046682345603,22.568108459579182,6.69204017045665,-11.404338561509732,-4.712298391053082,22.225342373181295,8.672435039365311,-14.823730730201003,-6.151295690835692,22.569877988205697,7.282846898392398,-14.156891553264794,-6.874044654872396
2017-11-05,TDOU,-23.08,30.384,630.2,2017,11,5,1040,0.0201641586043245,20.164158604324506,0.0195080715823704,19.5080715823704,0.0185916666666666,18.5916666666666,18.5916666666666,18.5916666666666,18.5916666666666,20.164158604324506,20.164158604324506,20.164158604324506,19.5080715823704,19.5080715823704,19.5080715823704,22.576068991178207,7.506210174260811,-9.918120561114513,-2.4119103868537017,22.232142010669182,7.789265108835069,-10.513335537133853,-2.724070428298784,22.576286109306626,7.649596541737351,-11.634215984377375,-3.9846194426400245
2017-11-07,TDOU,-23.08,30.384,630.2,2017,11,7,1042,0.0306633219720428,30.6633219720428,0.0283789786020887,28.3789786020887,0.0298458333333333,29.8458333333333,29.8458333333333,29.8458333333333,29.8458333333333,30.6633219720428,30.6633219720428,30.6633219720428,28.3789786020887,28.3789786020887,28.3789786020887,22.591753403411406,6.855099174570733,1.2164693940606632,8.071568568631395,22.24544786364708,0.19166540203916366,5.941865336402458,6.133530738441621,22.588800874285035,0.6826527794185977,6.5743796796296685,7.257032459048265
2017-11-11,TDOU,-23.08,30.384,630.2,2017,11,11,1046,0.043287137729972,43.287137729972,0.0392134201234819,39.213420123481896,0.040975,40.975,40.975,40.975,40.975,43.287137729972,43.287137729972,43.287137729972,39.213420123481896,39.213420123481896,39.213420123481896,22.622211905670213,2.202587807910646,18.462338016391143,20.66492582430179,22.270921416122068,1.9884716969281728,14.954027010431655,16.942498707359828,22.612657334092876,2.018118465241516,16.34422420066561,18.362342665907125
2017-11-12,TDOU,-23.08,30.384,630.2,2017,11,12,1047,0.0385155688925821,38.515568892582095,0.040712581526522,40.712581526522,0.0388916666666666,38.8916666666666,38.8916666666666,38.8916666666666,38.8916666666666,38.515568892582095,38.515568892582095,38.515568892582095,40.712581526522,40.712581526522,40.712581526522,22.62964490952339,8.094987723545243,7.790936259513462,15.885923983058706,22.27706032860799,7.331544057829576,11.103977140084435,18.43552119791401,22.618384174432176,8.84068621637673,7.432596275857694,16.273282492234426
2017-11-13,TDOU,-23.08,30.384,630.2,2017,11,13,1048,0.0274653387153631,27.4653387153631,0.029298607626607,29.298607626607,0.0285208333333333,28.5208333333333,28.5208333333333,28.5208333333333,28.5208333333333,27.4653387153631,27.4653387153631,27.4653387153631,29.298607626607,29.298607626607,29.298607626607,22.63700782931706,9.38410197190447,-4.555771085858428,4.828330886046039,22.28310985243329,9.927235176438055,-2.911737402264343,7.01549777417371,22.624018355134496,9.898952748739688,-4.002137770540884,5.896814978198805
2017-11-15,TDOU,-23.08,30.384,630.2,2017,11,15,1050,0.0337079535072449,33.707953507244895,0.0392797486176364,39.27974861763639,0.0428833333333333,42.8833333333333,42.8833333333333,42.8833333333333,42.8833333333333,33.707953507244895,33.707953507244895,33.707953507244895,39.27974861763639,39.27974861763639,39.27974861763639,22.651527709314987,10.016234351530688,1.04019144639922,11.056425797929908,22.294944833278272,12.354441517087343,4.630362267270776,16.98480378435812,22.635012697969817,12.798593171161269,7.449727464202212,20.24832063536348
2017-12-12,TDOU,-23.08,30.384,630.2,2017,12,12,1077,0.0348118472295019,34.81184722950189,0.0324562382470743,32.456238247074296,0.035925,35.925,35.925,35.925,35.925,34.81184722950189,34.81184722950189,34.81184722950189,32.456238247074296,32.456238247074296,32.456238247074296,22.752901425365465,2.358572969940694,9.700372834195733,12.058945804136428,22.373567639227193,2.646303697481146,7.436366910365958,10.082670607847103,22.706986429090968,3.456902227437624,9.761111343471406,13.21801357090903
2017-12-13,TDOU,-23.08,30.384,630.2,2017,12,13,1078,0.0359195516069561,35.9195516069561,0.0371493134227631,37.1493134227631,0.0391958333333333,39.1958333333333,39.1958333333333,39.1958333333333,39.1958333333333,35.9195516069561,35.9195516069561,35.9195516069561,37.1493134227631,37.1493134227631,37.1493134227631,22.7592852341187,1.978682254479528,11.181584118357868,13.160266372837398,22.37826418870978,1.078175878730221,13.692873355323098,14.771049234053319,22.711224183784278,3.2367806342959455,13.247828515253072,16.48460914954902
2018-01-03,TDOU,-23.08,30.384,630.2,2018,1,3,1099,0.0239037553513186,23.9037553513186,0.0256593967208145,25.6593967208145,0.0241125,24.1125,24.1125,24.1125,24.1125,23.9037553513186,23.9037553513186,23.9037553513186,25.6593967208145,25.6593967208145,25.6593967208145,22.851794985872843,3.472058254138485,-2.4200978886927267,1.0519603654457583,22.442974633645328,3.0972739493847277,0.11914813778444255,3.216422087169171,22.769045277980872,2.1370859693554993,-0.7936312473363714,1.3434547220191284
2018-01-06,TDOU,-23.08,30.384,630.2,2018,1,6,1102,0.0255220143206108,25.5220143206108,0.0190324846991935,19.0324846991935,0.0219458333333333,21.9458333333333,21.9458333333333,21.9458333333333,21.9458333333333,25.5220143206108,25.5220143206108,25.5220143206108,19.0324846991935,19.0324846991935,19.0324846991935,22.869837505006643,4.093428110100314,-1.4412512944961549,2.6521768156041574,22.454919346336418,4.4939052393450805,-7.916339886487998,-3.422434647142918,22.779656932301325,4.2820103945298085,-5.115833993497834,-0.8338235989680243
2018-01-07,TDOU,-23.08,30.384,630.2,2018,1,7,1103,0.029103874845025,29.103874845025,0.0267856799806329,26.7856799806329,0.0271458333333333,27.1458333333333,27.1458333333333,27.1458333333333,27.1458333333333,29.103874845025,29.103874845025,29.103874845025,26.7856799806329,26.7856799806329,26.7856799806329,22.87583709895413,4.041165492047398,2.1868722540234735,6.228037746070871,22.45884892856016,4.673276371204205,-0.3464453191314618,4.326831052072741,22.783149054678983,5.154358216427054,-0.7916739377727389,4.362684278654317
2018-01-08,TDOU,-23.08,30.384,630.2,2018,1,8,1104,0.0330153738208416,33.0153738208416,0.0297437824559461,29.7437824559461,0.0334208333333333,33.420833333333306,33.420833333333306,33.420833333333306,33.420833333333306,33.0153738208416,33.0153738208416,33.0153738208416,29.7437824559461,29.7437824559461,29.7437824559461,22.881832123311362,4.53865971395675,5.59488198357349,10.13354169753024,22.462755477586036,5.868705055036449,1.412321923323617,7.281026978360064,22.7866221249627,7.517275086305794,3.1169361220648106,10.634211208370605
2018-01-09,TDOU,-23.08,30.384,630.2,2018,1,9,1105,0.0420824199335781,42.0824199335781,0.0389127211312017,38.9127211312017,0.0390916666666666,39.0916666666666,39.0916666666666,39.0916666666666,39.0916666666666,42.0824199335781,42.0824199335781,42.0824199335781,38.9127211312017,38.9127211312017,38.9127211312017,22.887824234467466,4.205720037962932,14.988875661147702,19.194595699110636,22.466640735034552,5.547042089439442,10.899038306727704,16.446080396167147,22.790078203763073,6.497361534829552,9.804226928073973,16.301588462903524
2018-01-10,TDOU,-23.08,30.384,630.2,2018,1,10,1106,0.0388459236254915,38.8459236254915,0.0392833769397845,39.2833769397845,0.0372083333333333,37.2083333333333,37.2083333333333,37.2083333333333,37.2083333333333,38.8459236254915,38.8459236254915,38.8459236254915,39.2833769397845,39.2833769397845,39.2833769397845,22.893814989392382,7.983143735690851,7.968964900408267,15.952108636099119,22.470506349538972,6.520737793027289,10.292132797218244,16.81287059024553,22.793519226027254,7.014682621802073,7.400131485503973,14.414814107306047
2018-01-11,TDOU,-23.08,30.384,630.2,2018,1,11,1107,0.0329348016566398,32.9348016566398,0.0316630199765198,31.6630199765198,0.0295833333333333,29.583333333333297,29.583333333333297,29.583333333333297,29.583333333333297,32.9348016566398,32.9348016566398,32.9348016566398,31.6630199765198,31.6630199765198,31.6630199765198,22.899805811801574,6.695498387473567,3.339497457364658,10.034995844838225,22.474353841192823,6.8235050135652795,2.3651611217616946,9.188666135326976,22.796946982205913,6.696052580966214,0.09033377016116972,6.786386351127383
2018-01-14,TDOU,-23.08,30.384,630.2,2018,1,14,1110,0.0216964524398208,21.6964524398208,0.021254307727602,21.254307727602,0.0216583333333333,21.6583333333333,21.6583333333333,21.6583333333333,21.6583333333333,21.6964524398208,21.6964524398208,21.6964524398208,21.254307727602,21.254307727602,21.254307727602,22.917790661403796,2.488183459494481,-3.7095216810774794,-1.2213382215829967,22.485800783946157,1.9336527329865207,-3.1651457893306763,-1.2314930563441564,22.80716647931787,2.1476977865626257,-3.296530932547199,-1.1488331459845718
2018-01-15,TDOU,-23.08,30.384,630.2,2018,1,15,1111,0.0236947572279139,23.6947572279139,0.0216940412870073,21.694041287007305,0.0209291666666666,20.9291666666666,20.9291666666666,20.9291666666666,20.9291666666666,23.6947572279139,23.6947572279139,23.6947572279139,21.694041287007305,21.694041287007305,21.694041287007305,22.923793157263592,3.6889044559735495,-2.9179403853232415,0.770964070650308,22.489588589039975,3.327957214272509,-4.123504516305179,-0.79554730203267,22.810556617546823,2.2685662305768406,-4.149956181457064,-1.881389950880223
2018-01-16,TDOU,-23.08,30.384,630.2,2018,1,16,1112,0.0276058462648463,27.6058462648463,0.0240221501300167,24.0221501300167,0.026575,26.575000000000003,26.575000000000003,26.575000000000003,26.575000000000003,27.6058462648463,27.6058462648463,27.6058462648463,24.0221501300167,24.0221501300167,24.0221501300167,22.929801139659546,7.5349576035829,-2.858912478396146,4.676045125186754,22.493364458704335,6.968109199863988,-5.439323528551622,1.5287856713123666,22.81394105058043,7.118126091251634,-3.357067141832058,3.7610589494195743
2018-01-17,TDOU,-23.08,30.384,630.2,2018,1,17,1113,0.0291603942089654,29.1603942089654,0.024981455586233,24.981455586233,0.0257375,25.7375,25.7375,25.7375,25.7375,29.1603942089654,29.1603942089654,29.1603942089654,24.981455586233,24.981455586233,24.981455586233,22.93581575389436,3.12556035527881,3.0990180997922288,6.22457845507104,22.497129716658385,3.766479835267201,-1.2821539656925864,2.484325869574615,22.81732140057014,1.5860310468513765,1.3341475525784823,2.9201785994298604
2018-01-18,TDOU,-23.08,30.384,630.2,2018,1,18,1114,0.0273311442391834,27.3311442391834,0.0225075685858431,22.5075685858431,0.0230208333333333,23.0208333333333,23.0208333333333,23.0208333333333,23.0208333333333,29.1603942089654,27.3311442391834,27.3311442391834,24.981455586233,22.5075685858431,22.5075685858431,22.9418381409639,0.23912971092911323,5.979426357072388,6.218556068001501,22.500885742506274,-0.441637353716916,2.922207197443644,2.4805698437267267,22.820699304074967,-1.3314551878579461,1.5315892171162808,0.2001340292583329
2018-01-21,TDOU,-23.08,30.384,630.2,2018,1,21,1117,0.0316292899120243,31.6292899120243,0.0290447256093168,29.0447256093168,0.0285541666666666,28.5541666666666,28.5541666666666,28.5541666666666,28.5541666666666,31.6292899120243,31.6292899120243,31.6292899120243,29.0447256093168,29.0447256093168,29.0447256093168,22.959962067897106,3.770489075191781,4.898838768935416,8.669327844127196,22.512111484049658,3.8091608646941646,2.7234532605729775,6.532614125267141,22.830833901036733,3.069687407649181,2.653645357980686,5.723332765629866
2018-01-22,TDOU,-23.08,30.384,630.2,2018,1,22,1118,0.0339410958777977,33.9410958777977,0.0338134307285316,33.8134307285316,0.0312625,31.2625,31.2625,31.2625,31.2625,33.9410958777977,33.9410958777977,33.9410958777977,33.8134307285316,33.8134307285316,33.8134307285316,22.966025563607595,3.0012351037930936,7.973835210397013,10.975070314190106,22.515843725971994,3.492831365035399,7.804755637524206,11.297587002559606,22.834217672042744,2.5735664020628612,5.854715925894393,8.428282327957255
2018-01-23,TDOU,-23.08,30.384,630.2,2018,1,23,1119,0.0345570977079653,34.5570977079653,0.0338528173494486,33.8528173494486,0.0330541666666666,33.0541666666666,33.0541666666666,33.0541666666666,33.0541666666666,34.5570977079653,34.5570977079653,34.5570977079653,33.8528173494486,33.8528173494486,33.8528173494486,22.972101879634103,8.465390744744486,3.119605083586709,11.584995828331195,22.51957357416089,7.62216971103126,3.7110740642564473,11.333243775287709,22.837607069970925,7.289654880821549,2.92690471587413,10.216559596695678
2018-01-24,TDOU,-23.08,30.384,630.2,2018,1,24,1120,0.0370967045344471,37.0967045344471,0.0383718151230565,38.3718151230565,0.0389916666666666,38.9916666666666,38.9916666666666,38.9916666666666,38.9916666666666,37.0967045344471,37.0967045344471,37.0967045344471,33.8528173494486,38.3718151230565,38.3718151230565,22.978192222234227,3.125106839414593,10.99340547279828,14.118512312212872,22.52330267176736,4.649084888189724,6.680429789491516,11.329514677681239,22.841003956865375,0.04487084635075185,16.105791863450474,16.150662709801228
2018-01-25,TDOU,-23.08,30.384,630.2,2018,1,25,1121,0.040726147594852,40.726147594852,0.0399679183069586,39.9679183069586,0.0389833333333333,38.9833333333333,38.9833333333333,38.9833333333333,38.9833333333333,40.726147594852,40.726147594852,40.726147594852,39.9679183069586,39.9679183069586,39.9679183069586,22.984297888880047,-0.6328563108401096,18.374706016812066,17.741849705971955,22.527032804284485,0.19238160984502667,17.24850389282909,17.440885502674117,22.84441031179161,-1.1569958370973625,17.29591885863905,16.13892302154169
2018-01-27,TDOU,-23.08,30.384,630.2,2018,1,27,1123,0.034457559882915,34.457559882915,0.0320320486181319,32.0320486181319,0.0336833333333333,33.6833333333333,33.6833333333333,33.6833333333333,33.6833333333333,34.457559882915,34.457559882915,34.457559882915,32.0320486181319,32.0320486181319,32.0320486181319,22.99656042561585,0.823370436645663,10.637629020653488,11.460999457299149,22.53450371225028,3.9433902552113467,5.554154650670274,9.497544905881622,22.851259702292687,1.2521802976561105,9.579893333384504,10.832073631040615
2018-01-28,TDOU,-23.08,30.384,630.2,2018,1,28,1124,0.0414535233677823,41.453523367782296,0.0376195505321767,37.6195505321767,0.0390083333333333,39.0083333333333,39.0083333333333,39.0083333333333,39.0083333333333,41.453523367782296,41.453523367782296,41.453523367782296,37.6195505321767,37.6195505321767,37.6195505321767,23.002719812208735,-0.25858673620688677,18.709390291780448,18.45080355557356,22.5382483268451,4.549288539932386,10.53201366539922,15.081302205331603,22.85470693804322,-0.28476387594707697,16.438390271237157,16.15362639529008
2018-01-29,TDOU,-23.08,30.384,630.2,2018,1,29,1125,0.0422840071064624,42.2840071064624,0.0416290606582675,41.6290606582675,0.0402916666666666,40.2916666666666,40.2916666666666,40.2916666666666,40.2916666666666,42.2840071064624,42.2840071064624,42.2840071064624,41.6290606582675,41.6290606582675,41.6290606582675,23.008899618684875,7.047425801901692,12.227681685875826,19.27510748777752,22.542001632250283,-1.1754255407210852,20.2624845667383,19.087059026017215,22.85817202010696,-1.6157407717011962,19.04923541826084,17.43349464655964
2018-01-30,TDOU,-23.08,30.384,630.2,2018,1,30,1126,0.0369750139941678,36.9750139941678,0.0379856048606395,37.98560486063951,0.0362458333333333,36.245833333333294,36.245833333333294,36.245833333333294,36.245833333333294,36.9750139941678,36.9750139941678,36.9750139941678,37.98560486063951,37.98560486063951,37.98560486063951,23.015101163390515,5.622166121681882,8.337746709095406,13.959912830777288,22.545765605765922,5.388071737136885,10.051767517736707,15.43983925487359,22.86165711896868,4.183493559532085,9.200682654832534,13.384176214364615
2018-02-01,TDOU,-23.08,30.384,630.2,2018,2,1,1128,0.0461467791036242,46.1467791036242,0.0456837469514009,45.6837469514009,0.0435916666666666,43.5916666666666,43.5916666666666,43.5916666666666,43.5916666666666,46.1467791036242,46.1467791036242,46.1467791036242,45.6837469514009,45.6837469514009,45.6837469514009,23.027574419120103,-0.7733063790503638,23.892511063554455,23.119204684504094,22.553333119507656,0.8809920779504417,22.249421753942798,23.130413831893243,22.868696034395736,2.919243387432666,17.803727244838196,20.72297063227086
2018-02-02,TDOU,-23.08,30.384,630.2,2018,2,2,1129,0.0398544288457507,39.854428845750704,0.0426834811974989,42.6834811974989,0.0410333333333333,41.033333333333296,41.033333333333296,41.033333333333296,41.033333333333296,39.854428845750704,39.854428845750704,39.854428845750704,42.6834811974989,42.6834811974989,42.6834811974989,23.03384823407223,12.38744465200961,4.4331359596688635,16.820580611678473,22.557140138919713,1.6990564952796687,18.427284563299516,20.126341058579186,22.872254041359362,1.6080688673587573,16.553010424615174,18.161079291973934
2018-02-03,TDOU,-23.08,30.384,630.2,2018,2,3,1130,0.0446436120972652,44.643612097265205,0.0471463876163039,47.14638761630391,0.0467041666666666,46.7041666666666,46.7041666666666,46.7041666666666,46.7041666666666,44.643612097265205,44.643612097265205,44.643612097265205,47.14638761630391,47.14638761630391,47.14638761630391,23.040147997468214,-0.03966079867663611,21.643124898473626,21.60346409979699,22.560964773593973,4.134817337415705,20.450605505294234,24.58542284270994,22.87584038526203,4.0708160350190585,19.757510246385515,23.82832628140457
2018-02-04,TDOU,-23.08,30.384,630.2,2018,2,4,1131,0.0404284473232614,40.4284473232614,0.043734947600239,43.734947600239,0.0401375,40.1375,40.1375,40.1375,40.1375,40.4284473232614,40.4284473232614,40.4284473232614,43.734947600239,43.734947600239,43.734947600239,23.046474380129016,4.809181504628118,12.572791438504265,17.381972943132386,22.564808409540095,5.117009872468581,16.05312931823033,21.170139190698908,22.87945685389538,5.9447659437023095,11.313277202402315,17.258043146104622
2018-02-05,TDOU,-23.08,30.384,630.2,2018,2,5,1132,0.0373223487107755,37.3223487107755,0.0350325548059261,35.0325548059261,0.0334916666666666,33.4916666666666,33.4916666666666,33.4916666666666,33.4916666666666,37.3223487107755,37.3223487107755,37.3223487107755,35.0325548059261,35.0325548059261,35.0325548059261,23.05282796104715,6.720480697784633,7.549040051943717,14.26952074972835,22.568672296115587,5.662225002485422,6.801657507325089,12.46388250981051,22.88310510463892,5.795857592151335,4.812703969876349,10.608561562027685
2018-02-06,TDOU,-23.08,30.384,630.2,2018,2,6,1133,0.0313236496124257,31.3236496124257,0.0289856261111456,28.9856261111456,0.0278458333333333,27.8458333333333,33.4916666666666,27.8458333333333,27.8458333333333,34.381579616172,31.3236496124257,31.3236496124257,33.6779795062875,28.9856261111456,28.9856261111456,23.059209326546053,8.76741556684861,2.5549547227773317,11.322370289625944,22.572557649089134,8.796132570292055,2.30928928690631,11.105421857198365,22.886786780179776,8.490777228508907,2.11410265797792,10.604879886486827
2018-02-07,TDOU,-23.08,30.384,630.2,2018,2,7,1134,0.034381579616172,34.381579616172,0.0320155374333448,32.015537433344804,0.034475,34.475,34.475,34.475,34.475,34.381579616172,34.381579616172,34.381579616172,32.015537433344804,32.015537433344804,32.015537433344804,23.065619102840877,10.263543889777626,1.0524166235534942,11.31596051333112,22.576465677494426,8.997626932842254,0.44144482300812626,9.439071755850378,22.890503537360434,8.54601754568822,3.0384789169513446,11.584496462639567
2018-02-08,TDOU,-23.08,30.384,630.2,2018,2,8,1135,0.034011631356739,34.011631356739,0.0336779795062875,33.6779795062875,0.0304916666666666,30.4916666666666,30.4916666666666,30.4916666666666,30.4916666666666,34.011631356739,34.011631356739,34.011631356739,32.015537433344804,33.6779795062875,33.6779795062875,23.072057952691026,6.807880737007939,4.1316926670400385,10.939573404047977,22.58039759496212,5.772753269025263,3.662386569357423,9.435139838382685,22.894257053199983,4.8779974867751585,2.7194121266914593,7.597409613466617
2018-02-09,TDOU,-23.08,30.384,630.2,2018,2,9,1136,0.0326929025489701,32.6929025489701,0.0316992460094615,31.6992460094615,0.0304083333333333,30.4083333333333,30.4083333333333,30.4083333333333,30.4083333333333,32.6929025489701,32.6929025489701,32.6929025489701,31.6992460094615,31.6992460094615,31.6992460094615,23.07852657535439,6.411548410794018,3.202827562821696,9.614375973615715,22.584354620456114,5.431023716585966,3.683867672419421,9.114891389005386,22.8980489991803,6.429136973972777,1.0811473601802213,7.510284334152999
2018-02-10,TDOU,-23.08,30.384,630.2,2018,2,10,1137,0.0324386233520476,32.4386233520476,0.0279486627444949,27.9486627444949,0.0268125,26.8125,26.8125,26.8125,26.8125,34.381579616172,32.4386233520476,32.4386233520476,32.7830156129707,27.9486627444949,27.9486627444949,23.085025675015668,9.193998627203738,2.102555313952589,11.29655394115633,22.588337953605052,7.777686181510141,2.4169914778555075,10.194677659365649,22.901880999215493,4.448514334250534,-0.5378953334660252,3.910619000784507
2018-02-11,TDOU,-23.08,30.384,630.2,2018,2,11,1138,0.038154852301763,38.154852301763,0.033547759072707,33.547759072706995,0.0347916666666666,34.7916666666666,34.7916666666666,34.7916666666666,34.7916666666666,38.154852301763,38.154852301763,38.154852301763,33.547759072706995,33.547759072706995,33.547759072706995,23.09155592938947,2.039866709677576,13.023429662695953,15.063296372373529,22.592348738130696,3.13686495555384,7.81854537902246,10.9554103345763,22.9057546328509,3.495147754066839,8.390764279748861,11.8859120338157
2018-02-12,TDOU,-23.08,30.384,630.2,2018,2,12,1139,0.0380999692590768,38.0999692590768,0.0327830156129707,32.7830156129707,0.0327166666666666,32.716666666666605,32.716666666666605,32.716666666666605,32.716666666666605,38.0999692590768,38.0999692590768,38.0999692590768,32.7830156129707,32.7830156129707,32.7830156129707,23.098117995579816,-0.2705751263409303,15.272426389837914,15.001851263496985,22.59638806654712,0.3508416575238685,9.835785888899714,10.18662754642358,22.909671423642568,2.0130390885001663,7.7939561545238725,9.806995243024037
2018-02-13,TDOU,-23.08,30.384,630.2,2018,2,13,1140,0.0394334968308314,39.4334968308314,0.039189658107828,39.189658107828,0.0401583333333333,40.1583333333333,40.1583333333333,40.1583333333333,40.1583333333333,39.4334968308314,39.4334968308314,39.4334968308314,39.189658107828,39.189658107828,39.189658107828,23.104712565471807,0.9765536126778835,15.352230652681712,16.328784265359594,22.60045700542653,1.5759659062376787,15.013235196163794,16.58920110240147,22.91363282411356,-0.5286053310487046,17.773305840268446,17.244700509219744
2018-02-15,TDOU,-23.08,30.384,630.2,2018,2,15,1142,0.0440099654651046,44.0099654651046,0.0425441156344017,42.5441156344017,0.0445041666666666,44.5041666666666,44.5041666666666,44.5041666666666,44.5041666666666,44.0099654651046,44.0099654651046,44.0099654651046,42.5441156344017,42.5441156344017,42.5441156344017,23.118002339589374,-2.6582070395628214,23.55017016507805,20.891963125515225,22.608687934518706,-3.4335642353673665,23.368991935250357,19.935427699882993,22.92169520574712,-3.9333797508721746,25.515851211791656,21.58247146091948
2018-02-16,TDOU,-23.08,30.384,630.2,2018,2,16,1143,0.0486656614135258,48.66566141352581,0.0493417393691346,49.3417393691346,0.0495875,49.5875,49.5875,49.5875,49.5875,48.66566141352581,48.66566141352581,48.66566141352581,49.3417393691346,49.3417393691346,49.3417393691346,23.124699107953536,-2.8260218642494612,28.366984169821738,25.540962305572275,22.612852065035405,-3.4074989726480016,30.136386276747196,26.728887304099196,22.925799085550924,-0.9631580284540127,27.624858942903085,26.661700914449074
2018-02-17,TDOU,-23.08,30.384,630.2,2018,2,17,1144,0.0494576189161987,49.45761891619871,0.0488627993353417,48.8627993353417,0.0495333333333333,49.533333333333296,49.533333333333296,49.533333333333296,49.533333333333296,49.45761891619871,49.45761891619871,49.45761891619871,48.8627993353417,48.8627993353417,48.8627993353417,23.131431437634387,0.4663150454278867,25.85987243313644,26.326187478564325,22.61705009540745,-1.2392807687482281,27.48503000868248,26.24574923993425,22.92995332244459,-0.00999660951856196,26.613376620407266,26.603380010888706
2018-02-18,TDOU,-23.08,30.384,630.2,2018,2,18,1145,0.0468789166868817,46.878916686881695,0.0436037515257552,43.6037515257552,0.0431083333333333,43.1083333333333,43.1083333333333,43.1083333333333,43.1083333333333,46.878916686881695,46.878916686881695,46.878916686881695,43.6037515257552,43.6037515257552,43.6037515257552,23.138200015615535,1.9076784863262544,21.833038184939905,23.74071667126616,22.621283104603933,0.617787911020864,20.364680510130405,20.982468421151268,22.93415919879088,0.8316384432855188,19.3425356912569,20.17417413454242
2018-02-19,TDOU,-23.08,30.384,630.2,2018,2,19,1146,0.0508987106673725,50.8987106673725,0.0460325150472571,46.0325150472571,0.0478666666666666,47.8666666666666,47.8666666666666,47.8666666666666,47.8666666666666,50.8987106673725,50.8987106673725,50.8987106673725,46.0325150472571,46.0325150472571,46.0325150472571,23.145005470854937,2.9888511172981427,24.764854079219422,27.75370519651756,22.62555212253873,3.0810246157878285,20.325938308930546,23.40696292471837,22.93841784085588,2.17232000816056,22.75592881765016,24.928248825810723
2018-02-20,TDOU,-23.08,30.384,630.2,2018,2,20,1147,0.0554922094218961,55.4922094218961,0.0522596518842762,52.2596518842762,0.0535041666666666,53.504166666666606,53.504166666666606,53.504166666666606,53.504166666666606,55.4922094218961,55.4922094218961,55.4922094218961,52.2596518842762,52.2596518842762,52.2596518842762,23.151848365208007,4.700045824508785,27.640315232179308,32.340361056688096,22.629858117899865,6.084309713083447,23.54548405329289,29.629793766376338,22.94273027954547,6.805364495017446,23.756071892103694,30.561436387121137
2018-02-21,TDOU,-23.08,30.384,630.2,2018,2,21,1148,0.0512213430781472,51.2213430781472,0.0499185500032492,49.9185500032492,0.0501916666666666,50.1916666666666,50.1916666666666,50.1916666666666,50.1916666666666,51.2213430781472,51.2213430781472,51.2213430781472,49.9185500032492,49.9185500032492,49.9185500032492,23.158729215965373,3.3849490797871615,24.677664782394665,28.062613862181827,22.63420202362796,4.1042179405397565,23.180130039081487,27.28434797962124,22.947097487148284,4.499670301102794,22.74489887841552,27.244569179518315
2018-02-22,TDOU,-23.08,30.384,630.2,2018,2,22,1149,0.0460462791387341,46.0462791387341,0.044070128419177,44.070128419177,0.0442041666666666,44.2041666666666,44.2041666666666,44.2041666666666,44.2041666666666,46.0462791387341,46.0462791387341,46.0462791387341,44.070128419177,44.070128419177,44.070128419177,23.165648504749562,9.039313619616692,13.841317014367846,22.880630633984538,22.638584724003415,8.616906553385164,12.814637141788424,21.431543695173588,22.951520380836737,9.653544979537527,11.599101306292336,21.252646285829865
2018-02-23,TDOU,-23.08,30.384,630.2,2018,2,23,1150,0.0456314462979589,45.6314462979589,0.0460914951427323,46.0914951427323,0.0469583333333333,46.9583333333333,46.9583333333333,46.9583333333333,46.9583333333333,45.6314462979589,45.6314462979589,45.6314462979589,46.0914951427323,46.0914951427323,46.0914951427323,23.17260663644492,-7.3463337807080915,29.805173442222074,22.45883966151398,22.643007030472322,-6.0756537791121525,29.52414189137213,23.448488112259977,22.955999798641326,-7.29858000465332,31.30091353934529,24.002333534691974
2018-02-24,TDOU,-23.08,30.384,630.2,2018,2,24,1151,0.0493653366485961,49.365336648596106,0.0490694112780477,49.0694112780477,0.0491625,49.1625,49.1625,49.1625,49.1625,49.365336648596106,49.365336648596106,49.365336648596106,49.0694112780477,49.0694112780477,49.0694112780477,23.179603928368888,0.29580179632081016,25.88993092390641,26.185732720227218,22.647469651866476,-6.535853448040553,32.95779507422178,26.421941626181226,22.96053647118956,-7.344327280519104,33.54629080932955,26.20196352881044
2018-02-25,TDOU,-23.08,30.384,630.2,2018,2,25,1152,0.0491600606780982,49.1600606780982,0.0482859642089357,48.2859642089357,0.0486458333333333,48.6458333333333,48.6458333333333,48.6458333333333,48.6458333333333,49.1600606780982,49.1600606780982,49.1600606780982,48.2859642089357,48.2859642089357,48.2859642089357,23.1866406081399,-0.3326750456741615,26.306095115632463,25.973420069958298,22.651973180948012,0.2565018861716385,25.37748914181605,25.63399102798769,22.96513101635718,0.9096382638658828,24.77106405311024,25.68070231697612
2018-02-26,TDOU,-23.08,30.384,630.2,2018,2,26,1153,0.0462922254252085,46.2922254252085,0.0450016207536634,45.0016207536634,0.0442625,44.2625,44.2625,44.2625,44.2625,46.2922254252085,46.2922254252085,46.2922254252085,45.0016207536634,45.0016207536634,45.0016207536634,23.193716793743224,1.9046717355567562,21.19383689590852,23.098508631465275,22.656518101383927,2.563671341541079,19.781431310738395,22.345102652279476,22.969783944100623,2.161174859077775,19.131541196821605,21.29271605589938
2018-02-27,TDOU,-23.08,30.384,630.2,2018,2,27,1154,0.0450234986161313,45.0234986161313,0.0459192276988254,45.9192276988254,0.0438583333333333,43.8583333333333,43.8583333333333,43.8583333333333,43.8583333333333,45.0234986161313,45.0234986161313,45.0234986161313,45.9192276988254,45.9192276988254,45.9192276988254,23.20083254130268,2.041538065769695,19.781128009058925,21.822666074828618,22.661104839939384,2.5643465737810387,20.69377628510498,23.25812285888602,22.974495693095147,1.9704213397922887,18.913416300445864,20.883837640238152
2018-03-01,TDOU,-23.08,30.384,630.2,2018,3,1,1156,0.0310723807033722,31.0723807033722,0.0299398454707163,29.9398454707163,0.0296,29.6,36.933333333333294,29.6,29.6,31.0723807033722,31.0723807033722,31.0723807033722,38.5264813521121,29.9398454707163,29.9398454707163,23.215182723625983,2.3908510133098932,5.466346966436323,7.857197979746218,22.670405243669688,2.6179509880068466,13.238125120435566,15.856076108442412,22.98409720559522,2.112768768218568,11.83646735951951,13.949236127738075
2018-03-02,TDOU,-23.08,30.384,630.2,2018,3,2,1157,0.0315198877071521,31.519887707152098,0.0307911741006151,30.791174100615105,0.0304708333333333,30.4708333333333,30.4708333333333,30.4708333333333,30.4708333333333,31.519887707152098,31.519887707152098,31.519887707152098,30.791174100615105,30.791174100615105,30.791174100615105,23.222416963812492,4.3219982160604316,3.975472527279173,8.297470743339606,22.67511940812691,4.894023102940156,3.2220315895480383,8.116054692488195,22.988987568774377,5.37152254206501,2.1103232224939106,7.481845764558923
2018-03-03,TDOU,-23.08,30.384,630.2,2018,3,3,1158,0.0359555055905988,35.9555055905988,0.0385264813521121,38.5264813521121,0.0369333333333333,36.933333333333294,36.933333333333294,36.933333333333294,36.933333333333294,35.9555055905988,35.9555055905988,35.9555055905988,38.5264813521121,38.5264813521121,38.5264813521121,23.22969038368917,4.935111169292824,7.790704037616802,12.725815206909626,22.679876455430513,5.252461680260276,10.594143216421312,15.846604896681587,22.993937965752135,5.483442772408768,8.455952595172391,13.93939536758116
2018-03-04,TDOU,-23.08,30.384,630.2,2018,3,4,1159,0.0340089469596529,34.008946959652896,0.0301920967386273,30.1920967386273,0.0300166666666666,30.0166666666666,30.0166666666666,30.0166666666666,30.0166666666666,34.008946959652896,34.008946959652896,34.008946959652896,30.1920967386273,30.1920967386273,30.1920967386273,23.237002789573662,-2.3973344263129626,13.169278596392193,10.771944170079234,22.68467654092493,-2.245395390995587,9.75281558869796,7.50742019770237,22.998948540806893,4.4120217908732435,2.6056963349864652,7.017718125859709
2018-03-05,TDOU,-23.08,30.384,630.2,2018,3,5,1160,0.0320061681157546,32.006168115754605,0.0279191737948802,27.9191737948802,0.0279708333333333,27.9708333333333,27.9708333333333,27.9708333333333,27.9708333333333,32.006168115754605,32.006168115754605,32.006168115754605,27.9191737948802,27.9191737948802,27.9191737948802,23.244353964773815,-2.652989650974513,11.414803801955301,8.76181415098079,22.689519730735903,-2.4321233273456264,7.661777391489924,5.229654064144299,23.004019327388598,-0.8413508083797666,5.808164814324467,4.966814005944702
2018-03-06,TDOU,-23.08,30.384,630.2,2018,3,6,1161,0.0285829481654683,28.5829481654683,0.0257463928693774,25.7463928693774,0.0225375,22.5375,22.5375,22.5375,22.5375,28.5829481654683,28.5829481654683,28.5829481654683,25.7463928693774,25.7463928693774,25.7463928693774,23.251743649421126,-2.913301648774273,8.244506164821445,5.331204516047173,22.69440594993932,-3.5489505273202937,6.600937446758373,3.051986919438079,23.009150230192894,-3.7609681933720958,3.2893179631792044,-0.47165023019289265
2018-03-07,TDOU,-23.08,30.384,630.2,2018,3,7,1162,0.0305099037926424,30.5099037926424,0.0272008669750653,27.2008669750653,0.0260124999999999,26.0124999999999,26.0124999999999,26.0124999999999,26.0124999999999,30.5099037926424,30.5099037926424,30.5099037926424,27.2008669750653,27.2008669750653,27.2008669750653,23.259171575533014,-1.101645612674372,8.352377829783759,7.2507322171093875,22.69933505812137,-1.4745389871796415,5.976070904123571,4.501531916943929,23.014341112626237,-2.445238926695562,5.443397814069225,2.9981588873736627
2018-03-08,TDOU,-23.08,30.384,630.2,2018,3,8,1163,0.0395421954526795,39.5421954526795,0.0363774175213496,36.3774175213496,0.0371708333333333,37.1708333333333,37.1708333333333,37.1708333333333,37.1708333333333,39.5421954526795,39.5421954526795,39.5421954526795,36.3774175213496,36.3774175213496,36.3774175213496,23.26663740118982,-2.410171347961396,18.685729399451077,16.275558051489682,22.704306923659022,-2.9561194388574448,16.62923003654802,13.673110597690577,23.01959184410469,-0.3339447463237636,14.485186235552376,14.15124148922861
2018-03-09,TDOU,-23.08,30.384,630.2,2018,3,9,1164,0.0367161929770537,36.716192977053694,0.0352686180288126,35.2686180288126,0.034725,34.725,34.725,34.725,34.725,36.716192977053694,36.716192977053694,36.716192977053694,35.2686180288126,35.2686180288126,35.2686180288126,23.27414068676208,1.1616741146859124,12.280378175605698,13.442052290291613,22.709321382367982,3.655807927364593,8.903488719080023,12.559296646444615,23.024902228387727,4.70527854755648,6.994819224055792,11.700097771612274
2018-03-10,TDOU,-23.08,30.384,630.2,2018,3,10,1165,0.0315092739171542,31.5092739171542,0.0314934826806568,31.4934826806568,0.0299458333333333,29.9458333333333,29.9458333333333,29.9458333333333,29.9458333333333,31.5092739171542,31.5092739171542,31.5092739171542,31.4934826806568,31.4934826806568,31.4934826806568,23.281680860823705,2.260953979981918,5.966639076348578,8.227593056330495,22.71437816990698,2.7676101038464274,6.011494406903395,8.779104510749821,23.030271975314587,2.171378419109263,4.74418293890945,6.915561358018714
2018-03-11,TDOU,-23.08,30.384,630.2,2018,3,11,1166,0.0288983352126493,28.8983352126493,0.0293120494219537,29.312049421953706,0.0275,27.5,27.5,27.5,27.5,28.8983352126493,28.8983352126493,28.8983352126493,29.312049421953706,29.312049421953706,29.312049421953706,23.289257341913007,2.571800482767683,3.0372773879686115,5.609077870736293,22.719477014689353,0.4857901007464319,6.106782306517921,6.592572407264353,23.035700791931767,0.7871109466319308,3.677188261436303,4.464299208068233
2018-03-12,TDOU,-23.08,30.384,630.2,2018,3,12,1167,0.0335277949550367,33.527794955036704,0.0312214194997181,31.2214194997181,0.0318,31.8,31.8,31.8,31.8,33.527794955036704,33.527794955036704,33.527794955036704,31.2214194997181,31.2214194997181,31.2214194997181,23.296869614073035,5.944553908731608,4.2863714322320625,10.230925340963669,22.724617670835134,4.891116301148373,3.605685527734593,8.496801828882965,23.04118840106109,4.794569180824377,3.9642424181145337,8.758811598938912
2018-03-13,TDOU,-23.08,30.384,630.2,2018,3,13,1168,0.034682866279962,34.682866279962,0.0335089674292221,33.5089674292221,0.0316333333333333,31.633333333333297,31.633333333333297,31.633333333333297,31.633333333333297,34.682866279962,34.682866279962,34.682866279962,33.5089674292221,33.5089674292221,33.5089674292221,23.30451715356052,1.6893133918290186,9.68903573457246,11.378349126401478,22.729799817705455,2.2569258956698333,8.522241715846814,10.779167611516648,23.046734420942567,0.9622204548861072,7.624378457504623,8.58659891239073
2018-03-15,TDOU,-23.08,30.384,630.2,2018,3,15,1170,0.0337921154853853,33.792115485385295,0.0304809068412778,30.4809068412778,0.0317,31.7,31.7,31.7,31.7,33.792115485385295,33.792115485385295,33.792115485385295,30.4809068412778,30.4809068412778,30.4809068412778,23.319915227727602,-0.8809113448918463,11.353111602549543,10.472200257657693,22.740286496719673,-0.5835044940405354,8.324124838598664,7.740620344558128,23.057999230995705,0.07977524811293665,8.562225520891356,8.642000769004294
2018-03-22,TDOU,-23.08,30.384,630.2,2018,3,22,1177,0.0436522732176866,43.652273217686606,0.039388907906544,39.388907906544,0.0416708333333333,41.670833333333306,41.670833333333306,41.670833333333306,41.670833333333306,43.652273217686606,43.652273217686606,43.652273217686606,39.388907906544,39.388907906544,39.388907906544,23.37476722160503,-1.8131529470141323,22.090658943095708,20.277505996081576,22.77816847537422,-1.0985440694537103,17.70928350062349,16.61073943116978,23.099120773898218,-1.3707317115103157,19.942444270945405,18.57171255943509
2018-03-23,TDOU,-23.08,30.384,630.2,2018,3,23,1178,0.0481909905656588,48.1909905656588,0.0460623810753847,46.0623810753847,0.0467333333333333,46.7333333333333,41.670833333333306,46.7333333333333,46.7333333333333,42.2733059861646,48.1909905656588,48.1909905656588,46.0623810753847,46.0623810753847,46.0623810753847,23.38270633703837,-3.862225480122415,22.75282512924865,18.89059964912623,22.783712154702492,-4.465208345569747,27.743877266251957,23.278668920682207,23.10519146957076,-2.8927708463084443,21.45841271007099,18.565641863762547
2018-03-24,TDOU,-23.08,30.384,630.2,2018,3,24,1179,0.0432849383420185,43.2849383420185,0.0425250904477659,42.52509044776591,0.0429083333333333,42.908333333333296,41.670833333333306,42.908333333333296,42.908333333333296,43.2849383420185,43.2849383420185,43.2849383420185,40.6049622534642,42.52509044776591,42.52509044776591,23.39066716578067,-2.1474036302080117,22.04167480644584,19.89427117623783,22.789284691600624,-5.8347813090820315,23.65045887094561,17.815677561863577,23.111306885995067,-3.3485165846416507,21.90804303197989,18.55952644733824
2018-03-25,TDOU,-23.08,30.384,630.2,2018,3,25,1180,0.0422733059861646,42.2733059861646,0.0406049622534642,40.6049622534642,0.0417291666666666,41.7291666666666,41.7291666666666,41.7291666666666,41.7291666666666,42.2733059861646,42.2733059861646,42.2733059861646,40.6049622534642,40.6049622534642,40.6049622534642,23.398648570122095,-1.222151008370006,20.09680842441251,18.874657416042506,22.79488487074607,-1.6294737067158456,19.439551089433973,17.81007738271813,23.11746569631819,-1.476496645695292,20.0881976160437,18.61170097034841
2018-03-26,TDOU,-23.08,30.384,630.2,2018,3,26,1181,0.0412281721395367,41.2281721395367,0.0406882549757378,40.688254975737806,0.0402458333333333,40.2458333333333,40.2458333333333,40.2458333333333,40.2458333333333,41.2281721395367,41.2281721395367,41.2281721395367,40.688254975737806,40.688254975737806,40.688254975737806,23.40664946640788,-1.6313530200795285,19.45287569320835,17.821522673128822,22.800511519829143,-2.1063727960765686,19.994116251985233,17.887743455908662,23.12366656169036,-1.6423842639428623,18.764551035585807,17.12216677164294
2018-03-27,TDOU,-23.08,30.384,630.2,2018,3,27,1182,0.0331642186474779,33.1642186474779,0.0351063222071734,35.1063222071734,0.0318041666666666,31.8041666666666,31.8041666666666,31.8041666666666,31.8041666666666,33.1642186474779,33.1642186474779,33.1642186474779,35.1063222071734,35.1063222071734,35.1063222071734,23.414668767277846,0.8812250772008183,8.86832480299924,9.749549880200057,22.806163400252974,-4.772062215609764,17.07222102253019,12.300158806920425,23.1299080486334,1.0377208899779085,7.636537728055291,8.6742586180332
2018-03-28,TDOU,-23.08,30.384,630.2,2018,3,28,1183,0.0237047537454791,23.7047537454791,0.0221290937132854,22.1290937132854,0.0221291666666666,22.1291666666666,31.8041666666666,22.1291666666666,22.1291666666666,23.7047537454791,23.7047537454791,23.7047537454791,29.0878693193732,22.1290937132854,22.1290937132854,23.42270528885776,0.8693140837533561,-0.587265627132016,0.2820484566213395,22.811839208884184,0.9322814136569288,5.34374869683209,6.2760301104890175,23.136188641939473,0.20953174450649145,8.458446280220635,8.667978024727127
2018-03-29,TDOU,-23.08,30.384,630.2,2018,3,29,1184,0.0296133836716199,29.6133836716199,0.0252147311076375,25.2147311076375,0.0258958333333333,25.8958333333333,30.6666666666666,25.8958333333333,25.8958333333333,33.0985927104255,29.6133836716199,29.6133836716199,29.0878693193732,25.2147311076375,25.2147311076375,23.43075770166579,0.5199830665582907,9.14785194220142,9.66783500875971,22.81753748608184,-0.3724534405065147,6.642785273797877,6.270331833291362,23.142506638020524,-3.083546066227947,10.607706094874022,7.524160028646076
2018-03-30,TDOU,-23.08,30.384,630.2,2018,3,30,1185,0.0328373521474847,32.8373521474847,0.0288657158967871,28.8657158967871,0.0306666666666666,30.6666666666666,30.6666666666666,30.6666666666666,30.6666666666666,32.8373521474847,32.8373521474847,32.8373521474847,28.8657158967871,28.8657158967871,28.8657158967871,23.438824575425762,0.09366010048959571,9.304867471569345,9.398527572058939,22.823256617472165,0.9663492718850287,5.076110007429907,6.0424592793149365,23.148860167450966,2.1172629438546484,5.400543555360986,7.517806499215634
2018-04-01,TDOU,-23.08,30.384,630.2,2018,4,1,1187,0.0330985927104255,33.0985927104255,0.0290878693193732,29.0878693193732,0.0319166666666666,31.9166666666666,31.9166666666666,31.9166666666666,31.9166666666666,33.0985927104255,33.0985927104255,33.0985927104255,29.0878693193732,29.0878693193732,29.0878693193732,23.454995622370962,1.8287017844403446,7.814895303614193,9.643597088054538,22.834750651146482,1.0821736440203256,5.170945024206393,6.253118668226719,23.161666033590983,1.2901594802441472,7.464841152831472,8.755000633075618
2018-04-02,TDOU,-23.08,30.384,630.2,2018,4,2,1188,0.0340010295204028,34.0010295204028,0.0336225839971168,33.622583997116806,0.03035,30.35,30.35,30.35,30.35,34.0010295204028,34.0010295204028,34.0010295204028,33.622583997116806,33.622583997116806,33.622583997116806,23.463096615018767,3.4869003010727107,7.051032604311324,10.537932905384036,22.840522162221646,1.4102235237349772,9.371838311160182,10.78206183489516,23.16811442621897,1.6633437647909874,5.518541808990044,7.181885573781031
2018-04-03,TDOU,-23.08,30.384,630.2,2018,4,3,1189,0.0300948988700435,30.0948988700435,0.0271830645132933,27.1830645132933,0.0249416666666666,24.9416666666666,31.9166666666666,24.9416666666666,24.9416666666666,30.0948988700435,30.0948988700435,30.0948988700435,27.1830645132933,27.1830645132933,27.1830645132933,23.47120569959175,4.904347965655257,1.7193452047964968,6.623693170451752,22.846307653953275,5.812925607249804,-1.4761687479097816,4.336756859340024,23.174590368295544,6.28362835480973,2.4584479435613282,8.742076298371057
2018-04-04,TDOU,-23.08,30.384,630.2,2018,4,4,1190,0.0330506579140323,33.0506579140323,0.0318782083450792,31.8782083450792,0.0326916666666666,32.6916666666666,32.6916666666666,32.6916666666666,32.6916666666666,33.0506579140323,33.0506579140323,33.0506579140323,31.8782083450792,31.8782083450792,31.8782083450792,23.479321034987063,5.2346024405393345,4.3367344385059035,9.571336879045237,22.852105110455287,5.235599974204559,3.790503260419353,9.026103234623914,23.181091622415014,4.5545820000101145,4.95599304424147,9.510575044251585
2018-04-05,TDOU,-23.08,30.384,630.2,2018,4,5,1191,0.038329754660309,38.329754660309,0.0349732873976532,34.9732873976532,0.0376499999999999,37.6499999999999,37.6499999999999,37.6499999999999,37.6499999999999,38.329754660309,38.329754660309,38.329754660309,34.9732873976532,34.9732873976532,34.9732873976532,23.48744069582665,8.519330954144838,6.322983010337513,14.84231396448235,22.857912419943364,9.504051401010523,2.6113235766993164,12.115374977709838,23.18761583993239,8.99347756332463,5.468906596742876,14.462384160067508
2018-04-06,TDOU,-23.08,30.384,630.2,2018,4,6,1192,0.038735242422735,38.735242422735006,0.0383723117010553,38.3723117010553,0.0392166666666666,39.216666666666605,39.216666666666605,39.216666666666605,39.216666666666605,38.735242422735006,38.735242422735006,38.735242422735006,38.3723117010553,38.3723117010553,38.3723117010553,23.495562650083716,5.820529845079151,9.419149927572139,15.23967977265129,22.8637273582496,6.4128851905083035,9.095699152297396,15.508584342805701,23.194160519187363,5.847043524436217,10.175462623043025,16.02250614747924
2018-04-07,TDOU,-23.08,30.384,630.2,2018,4,7,1193,0.0352737829255734,35.2737829255734,0.0324398585064765,32.439858506476504,0.0345708333333333,34.5708333333333,34.5708333333333,34.5708333333333,34.5708333333333,35.2737829255734,35.2737829255734,35.2737829255734,37.6809053576001,32.439858506476504,32.439858506476504,23.50368465923563,5.1509143453863935,6.619183920951375,11.770098266337769,22.86954752179517,5.590227356832184,9.221130478972754,14.811357835804934,23.200722960788216,5.001837096994975,6.368273275550106,11.370110372545081
2018-04-08,TDOU,-23.08,30.384,630.2,2018,4,8,1194,0.0397891025577161,39.7891025577161,0.0376809053576001,37.6809053576001,0.0389458333333333,38.9458333333333,38.9458333333333,38.9458333333333,38.9458333333333,39.7891025577161,39.7891025577161,39.7891025577161,37.6809053576001,37.6809053576001,37.6809053576001,23.51180425907664,1.018248508230191,15.259049790409264,16.277298298639458,22.87537023405557,3.193173549961897,11.612361573582636,14.805535123544534,23.207300275484343,0.8985765027170682,14.839956555131884,15.738533057848954
2018-04-09,TDOU,-23.08,30.384,630.2,2018,4,9,1195,0.0394858148159602,39.48581481596021,0.0381034286755464,38.1034286755464,0.0379458333333333,37.9458333333333,37.9458333333333,37.9458333333333,37.9458333333333,39.48581481596021,39.48581481596021,39.48581481596021,38.1034286755464,38.1034286755464,38.1034286755464,23.519918856610147,-0.9845587753933454,16.95045473474341,15.965895959350064,22.88119266442222,3.192488358060128,12.029747653064046,15.222236011124178,23.213889428585794,3.62840491364929,11.103538991098212,14.731943904747503
2018-04-10,TDOU,-23.08,30.384,630.2,2018,4,10,1196,0.0382458318772875,38.2458318772875,0.0378067581149107,37.8067581149107,0.0377958333333333,37.7958333333333,37.7958333333333,37.7958333333333,37.7958333333333,38.2458318772875,38.2458318772875,38.2458318772875,37.8067581149107,37.8067581149107,37.8067581149107,23.528025764378782,-2.7715634919155767,17.489369604824297,14.717806112908718,22.887011869202563,-1.8877201675195237,16.80746641322766,14.919746245708136,23.220487261825212,0.3731969844702384,14.202149087037846,14.575346071508086
2018-04-11,TDOU,-23.08,30.384,630.2,2018,4,11,1197,0.0400127033264829,40.0127033264829,0.0392343849808849,39.2343849808849,0.0388125,38.8125,38.8125,38.8125,38.8125,40.0127033264829,40.0127033264829,40.0127033264829,37.6809053576001,39.2343849808849,39.2343849808849,23.536122198658152,-3.132034780472933,19.608615908297683,16.476581127824748,22.892824776235617,-3.0002557719242873,17.788336353288773,14.788080581364486,23.227090475491696,-0.7075768999133496,16.292986424421652,15.585409524508304
2018-04-12,TDOU,-23.08,30.384,630.2,2018,4,12,1198,0.0349117971563667,34.911797156366696,0.0366192892935929,36.6192892935929,0.0345833333333333,34.5833333333333,34.5833333333333,34.5833333333333,34.5833333333333,34.911797156366696,34.911797156366696,34.911797156366696,36.6192892935929,36.6192892935929,36.6192892935929,23.544205285872195,0.2868959102894791,11.08069596020502,11.3675918704945,22.89862819996989,-1.1150928206648563,14.835753914287864,13.720661093623008,23.233695645169618,0.5615959351895412,10.788041752974138,11.349637688163682
2018-04-13,TDOU,-23.08,30.384,630.2,2018,4,13,1199,0.0304576765678735,30.457676567873506,0.0303590779502039,30.3590779502039,0.0299,29.9,29.9,29.9,29.9,30.457676567873506,30.457676567873506,30.457676567873506,33.2918738735332,30.3590779502039,30.3590779502039,23.55227208188561,3.095063466255698,3.8103410197321956,6.905404485987894,22.904418870429144,4.6428511703053035,5.744603832798752,10.387455003104055,23.240299267665666,2.749294591026307,3.9104061413080267,6.659700732334333
2018-04-14,TDOU,-23.08,30.384,630.2,2018,4,14,1200,0.0334636848375385,33.463684837538494,0.0323327969235918,32.3327969235918,0.0313541666666666,31.3541666666666,31.3541666666666,31.3541666666666,31.3541666666666,33.463684837538494,33.463684837538494,33.463684837538494,32.3327969235918,32.3327969235918,32.3327969235918,23.560319546758553,2.392227766109951,7.511137524669991,9.903365290779941,22.910193421667387,0.4048129613253883,9.017790540599027,9.422603501924414,23.24689773556469,1.8884129624557482,6.21885596864616,8.10726893110191
2018-04-15,TDOU,-23.08,30.384,630.2,2018,4,15,1201,0.0347054536305026,34.7054536305026,0.0332918738735332,33.2918738735332,0.0328708333333333,32.8708333333333,32.8708333333333,32.8708333333333,32.8708333333333,34.7054536305026,34.7054536305026,34.7054536305026,33.2918738735332,33.2918738735332,33.2918738735332,23.568344529337214,0.2494510848330237,10.887658016332363,11.13710910116539,22.9159483703795,0.7809382531922328,9.594987249961466,10.375925503153699,23.253487367709287,0.8041862749750364,8.813159690648977,9.617345965624015
2018-04-16,TDOU,-23.08,30.384,630.2,2018,4,16,1202,0.028883099403726,28.883099403726,0.0277766920567659,27.7766920567659,0.0261083333333333,26.1083333333333,26.1083333333333,26.1083333333333,26.1083333333333,28.883099403726,28.883099403726,28.883099403726,27.7766920567659,27.7766920567659,27.7766920567659,23.57634376132416,-1.1843676011312894,6.491123243533128,5.306755642401839,22.9216801139284,0.8998747470481028,3.9551371957893977,4.8550119428375,23.260064415059333,-0.9951494878490836,3.8434184061230496,2.848268918273966
2018-04-17,TDOU,-23.08,30.384,630.2,2018,4,17,1203,0.0224118506562879,22.4118506562879,0.0206107914622253,20.6107914622253,0.0208499999999999,20.8499999999999,20.8499999999999,20.8499999999999,20.8499999999999,22.4118506562879,22.4118506562879,22.4118506562879,20.6107914622253,20.6107914622253,20.6107914622253,23.58431384247673,-3.353053243812903,2.180590057624073,-1.1724631861888284,22.927384939052843,-1.3600099771905192,-0.9565834996370235,-2.316593476827542,23.26662504578195,-3.103186406027766,0.6865613602457152,-2.4166250457820517
2018-04-24,TDOU,-23.08,30.384,630.2,2018,4,24,1210,0.0176920257774087,17.6920257774087,0.0175006661826832,17.5006661826832,0.0185125,18.512500000000003,18.512500000000003,18.512500000000003,18.512500000000003,17.6920257774087,17.6920257774087,17.6920257774087,17.5006661826832,17.5006661826832,17.5006661826832,23.63899676187525,-1.776184718955253,-4.1707862655113,-5.946970984466553,22.96624530505521,-2.273130139136348,-3.1924489832356606,-5.465579122372009,23.311759770243643,-1.4455880569843784,-3.3536717132592635,-4.799259770243641
2018-04-26,TDOU,-23.08,30.384,630.2,2018,4,26,1212,0.0124008546212954,12.4008546212954,0.0123986902782079,12.3986902782079,0.0121083333333333,12.1083333333333,12.1083333333333,12.1083333333333,12.1083333333333,12.4008546212954,12.4008546212954,12.4008546212954,12.3986902782079,12.3986902782079,12.3986902782079,23.654161988626498,-4.184755488993487,-7.068551878337612,-11.253307367331098,22.97688775359812,-2.9893125515494,-7.588884923840821,-10.57819747539022,23.324281228648992,-4.318477852923126,-6.897470042392566,-11.215947895315692
2018-04-27,TDOU,-23.08,30.384,630.2,2018,4,27,1213,0.0133899169745672,13.3899169745672,0.011564761377463,11.564761377463,0.0121791666666666,12.1791666666666,12.1791666666666,12.1791666666666,12.1791666666666,13.3899169745672,13.3899169745672,13.3899169745672,11.564761377463,11.564761377463,11.564761377463,23.661651725577173,-4.162499081826947,-6.109235669183025,-10.271734751009973,22.982113393478897,-3.0532144049849705,-8.364137611030927,-11.417352016015897,23.330459680225253,-4.845621383456099,-6.305671630102555,-11.151293013558654
2018-04-28,TDOU,-23.08,30.384,630.2,2018,4,28,1214,0.0135981924178738,13.5981924178738,0.0123818281592245,12.3818281592245,0.0123166666666666,12.3166666666666,12.3166666666666,12.3166666666666,12.3166666666666,13.5981924178738,13.5981924178738,13.5981924178738,12.3818281592245,12.3818281592245,12.3818281592245,23.669075371625922,-5.790568599691223,-4.2803143540608986,-10.070882953752122,22.987270549097875,-4.9601144538051765,-5.645327936068199,-10.605442389873375,23.336578142755457,-5.97714850843344,-5.042762967655417,-11.019911476088856
2018-04-29,TDOU,-23.08,30.384,630.2,2018,4,29,1215,0.0173747736387411,17.3747736387411,0.0167635337292625,16.7635337292625,0.0178125,17.8125,17.8125,17.8125,17.8125,17.3747736387411,17.3747736387411,17.3747736387411,16.7635337292625,16.7635337292625,16.7635337292625,23.676429853202002,-6.421477555885097,0.11982134142419554,-6.301656214460902,22.992355737890627,-4.793339766825194,-1.43548224180293,-6.228822008628125,23.34263283150124,-5.240582022712984,-0.2895508087882561,-5.530132831501241
2018-04-30,TDOU,-23.08,30.384,630.2,2018,4,30,1216,0.0234488665094795,23.448866509479497,0.019104840825762,19.104840825762,0.0201875,20.1875,20.1875,20.1875,20.1875,23.448866509479497,23.448866509479497,23.448866509479497,19.104840825762,19.104840825762,19.104840825762,23.68371208346245,-7.235681233754505,7.000835659771553,-0.2348455739829518,22.997365527581373,-7.641110705912678,3.748586004093305,-3.8925247018193723,23.348619974335087,-7.013443483993866,3.852323509658781,-3.1611199743350866
2018-05-01,TDOU,-23.08,30.384,630.2,2018,5,1,1217,0.028132444590306,28.132444590306,0.0270188129488855,27.0188129488855,0.0268791666666666,26.8791666666666,26.8791666666666,26.8791666666666,26.8791666666666,28.132444590306,28.132444590306,28.132444590306,21.1808401770285,27.0188129488855,27.0188129488855,23.690918996456116,-0.9844006507439477,5.425926244593832,4.441525593849885,23.00229652900097,-6.582442700927167,4.760986348954699,-1.8214563519724685,23.354535792883855,-5.834529305982491,9.359160179765237,3.524630873782744
2018-05-02,TDOU,-23.08,30.384,630.2,2018,5,2,1218,0.0267435972129757,26.7435972129757,0.0266181543431565,26.6181543431565,0.0272708333333333,27.2708333333333,27.2708333333333,27.2708333333333,27.2708333333333,26.7435972129757,26.7435972129757,26.7435972129757,21.652364850788903,26.6181543431565,26.6181543431565,23.698047517251407,-3.5759843313401274,6.6215340270644205,3.0455496957242936,23.00714534488098,-4.208622870388013,2.853842376295937,-1.3547804940920756,23.360376528731273,-2.3004324907911826,6.210889295393208,3.9104568046020276
2018-05-03,TDOU,-23.08,30.384,630.2,2018,5,3,1219,0.0225406686863026,22.5406686863026,0.0211808401770285,21.1808401770285,0.02175,21.75,21.75,21.75,21.75,22.5406686863026,22.5406686863026,22.5406686863026,21.1808401770285,21.1808401770285,21.1808401770285,23.705094597500743,-4.6783875552999845,3.5139616441018404,-1.164425911198144,23.011908625095533,-5.661808840187228,3.8307403921201946,-1.8310684480670325,23.366138469630926,-4.921374433112533,3.305235963481607,-1.6161384696309256
2018-05-04,TDOU,-23.08,30.384,630.2,2018,5,4,1220,0.0254363299131577,25.4363299131577,0.0216523648507889,21.652364850788903,0.0230833333333333,23.0833333333333,23.0833333333333,23.0833333333333,23.0833333333333,25.4363299131577,25.4363299131577,25.4363299131577,21.652364850788903,21.652364850788903,21.652364850788903,23.712057256808666,-0.3436569567949278,2.06792961314396,1.724272656349033,23.016583115005385,-1.6216769807040818,0.2574587164875979,-1.3642182642164826,23.371817958709187,-0.8140762130629778,0.5255915876870922,-0.2884846253758866
2018-05-05,TDOU,-23.08,30.384,630.2,2018,5,5,1221,0.0217595312433091,21.7595312433091,0.0218368249808218,21.8368249808218,0.0214291666666666,21.4291666666666,21.4291666666666,21.4291666666666,21.4291666666666,21.7595312433091,21.7595312433091,21.7595312433091,21.8368249808218,21.8368249808218,21.8368249808218,23.718932598115476,0.4216320353438516,-2.3810333901502254,-1.9594013548063742,23.02116565733971,0.8247190862407555,-2.0090597627586675,-1.1843406765179125,23.377411396163758,0.7092050458570351,-2.657449775354195,-1.9482447294971585
2018-05-06,TDOU,-23.08,30.384,630.2,2018,5,6,1222,0.0185852800903064,18.5852800903064,0.0177716806777745,17.7716806777745,0.0185375,18.5375,18.5375,18.5375,18.5375,18.5852800903064,18.5852800903064,18.5852800903064,17.7716806777745,17.7716806777745,17.7716806777745,23.725717809435412,0.5871500748754036,-5.727587794004414,-5.140437719129011,23.025653193622798,-0.11153353806500425,-5.142438977783293,-5.253972515848297,23.38291524054087,0.4475554929482942,-5.292970733489163,-4.84541524054087
2018-05-07,TDOU,-23.08,30.384,630.2,2018,5,7,1223,0.0166709428935849,16.6709428935849,0.0150889465749614,15.0889465749614,0.0160375,16.0375,16.0375,16.0375,16.0375,16.6709428935849,16.6709428935849,16.6709428935849,15.0889465749614,15.0889465749614,15.0889465749614,23.732410165284442,-2.9970957721764564,-4.064371499523084,-7.0614672716995415,23.03004279053859,-1.9881881993468051,-5.952908016230385,-7.941096215577192,23.388326051824553,-2.3107374898553,-5.040088561969252,-7.350826051824551
2018-05-08,TDOU,-23.08,30.384,630.2,2018,5,8,1224,0.0145504294020736,14.5504294020736,0.013302518614565,13.302518614565,0.0134083333333333,13.4083333333333,13.4083333333333,13.4083333333333,13.4083333333333,14.5504294020736,14.5504294020736,14.5504294020736,13.302518614565,13.302518614565,13.302518614565,23.739007048088865,-6.025566151029116,-3.1630114949861508,-9.188577646015265,23.03433164624785,-5.5536356982267625,-4.178177333456087,-9.731813031682849,23.393640503953712,-5.517269970436089,-4.468037200184323,-9.985307170620413
2018-05-09,TDOU,-23.08,30.384,630.2,2018,5,9,1225,0.0139369967435085,13.9369967435085,0.0128703497859701,12.8703497859701,0.0136916666666666,13.6916666666666,13.6916666666666,13.6916666666666,13.6916666666666,13.9369967435085,13.9369967435085,13.9369967435085,12.8703497859701,12.8703497859701,12.8703497859701,23.745505961280845,-6.302262364510648,-3.506246853261697,-9.808509217772345,23.038517121132916,-6.139924306024306,-4.028243029138508,-10.168167335162815,23.39885540869521,-5.520502168027865,-4.186686574000742,-9.707188742028608
2018-05-10,TDOU,-23.08,30.384,630.2,2018,5,10,1226,0.0128895430329728,12.8895430329728,0.0136908570870151,13.6908570870151,0.0140208333333333,14.0208333333333,14.0208333333333,14.0208333333333,14.0208333333333,14.156893054418,12.8895430329728,12.8895430329728,13.6908570870151,13.6908570870151,13.6908570870151,23.751904486006797,-6.538383539268585,-3.0566278923202113,-9.595011431588798,23.042596703247227,-5.816199998570598,-3.5355396176615272,-9.351739616232127,23.403967683457562,-5.761181945157301,-3.6219524049669616,-9.383134350124262
2018-05-11,TDOU,-23.08,30.384,630.2,2018,5,11,1227,0.0114161358854692,11.4161358854692,0.013013169563402,13.013169563402,0.012225,12.225,12.225,12.225,12.225,14.156893054418,11.4161358854692,11.4161358854692,13.013169563402,13.013169563402,13.013169563402,23.758200230402522,-10.00442661226417,0.4031194362796455,-9.601307175984523,23.046568034594156,-9.306075327561981,-0.7273231436301764,-10.033398471192156,23.40897440773637,-10.122042093275107,-1.061932314461263,-11.18397440773637
2018-05-12,TDOU,-23.08,30.384,630.2,2018,5,12,1228,0.014156893054418,14.156893054418,0.0133159750857663,13.3159750857663,0.0146875,14.6875,14.6875,14.6875,14.6875,14.156893054418,14.156893054418,14.156893054418,13.3159750857663,13.3159750857663,13.3159750857663,23.764390915398593,-9.555566120785999,-0.0519317401945969,-9.607497860980594,23.05042891856126,-8.982574430149437,-0.7518794026455211,-9.734453832794959,23.413872850693817,-8.19280272604746,-0.5335701246463564,-8.726372850693817
2018-05-13,TDOU,-23.08,30.384,630.2,2018,5,13,1229,0.0230624681541427,23.0624681541427,0.020230708305148,20.230708305148,0.0230625,23.0625,23.0625,23.0625,23.0625,23.0624681541427,23.0624681541427,23.0624681541427,20.230708305148,20.230708305148,20.230708305148,23.77047445468803,-6.247942311293785,5.539936010748452,-0.7080063005453319,23.05417733608043,-7.1831938040367,4.3597247731042685,-2.8234690309324293,23.418660472120525,-5.9659160523221955,5.609755580201671,-0.35616047212052493
2018-05-14,TDOU,-23.08,30.384,630.2,2018,5,14,1230,0.031157924995525,31.157924995525,0.029904426165902,29.904426165902,0.0324333333333333,32.4333333333333,32.4333333333333,32.4333333333333,32.4333333333333,23.0624681541427,31.157924995525,31.157924995525,20.230708305148,29.904426165902,29.904426165902,23.77644895614939,-6.141860110942642,5.42787930893595,-0.7139808020066916,23.05781142143628,-6.793412891313222,3.9663097750249428,-2.8271031162882814,23.423334907472366,-8.318014377710318,17.328012803571255,9.009998425860935
2018-05-15,TDOU,-23.08,30.384,630.2,2018,5,15,1231,0.0262775858576074,26.2775858576074,0.0272753942346557,27.2753942346557,0.0255083333333333,25.5083333333333,25.5083333333333,25.5083333333333,25.5083333333333,26.2775858576074,26.2775858576074,26.2775858576074,27.2753942346557,27.2753942346557,27.2753942346557,23.782312725785058,0.7687094545058292,1.7265636773165127,2.4952731318223407,23.06132947358264,-3.559957098557239,7.774021859630299,4.214064761073061,23.4278939703396,-3.499977751347097,5.580417114340797,2.080439362993701
2018-05-16,TDOU,-23.08,30.384,630.2,2018,5,16,1232,0.0228754390460248,22.8754390460248,0.0195411884805734,19.541188480573403,0.0201916666666666,20.1916666666666,20.1916666666666,20.1916666666666,20.1916666666666,22.8754390460248,22.8754390460248,22.8754390460248,19.541188480573403,19.541188480573403,19.541188480573403,23.78806424695941,-3.812042711832142,2.8994175108975284,-0.9126252009346132,23.06473000348652,-4.664972761531209,1.1414312386180931,-3.523541522913117,23.432335647896654,-4.890432785031605,1.6497638038015516,-3.240668981230055
2018-05-17,TDOU,-23.08,30.384,630.2,2018,5,17,1233,0.0235756552673421,23.5756552673421,0.0219474585920065,21.947458592006495,0.0223666666666666,22.3666666666666,22.3666666666666,22.3666666666666,22.3666666666666,23.5756552673421,23.5756552673421,23.5756552673421,21.947458592006495,21.947458592006495,21.947458592006495,23.79370218337031,-4.318240123736979,4.100193207708767,-0.2180469160282108,23.068011728045764,-4.158677511873433,3.038124375834162,-1.1205531360392698,23.436658105794006,-4.213308720864274,3.1433172817368664,-1.0699914391274064
2018-05-18,TDOU,-23.08,30.384,630.2,2018,5,18,1234,0.0228563230509122,22.8563230509122,0.01990135073297,19.90135073297,0.0210333333333333,21.0333333333333,21.0333333333333,21.0333333333333,21.0333333333333,22.8563230509122,22.8563230509122,22.8563230509122,19.90135073297,19.90135073297,19.90135073297,23.79922538456905,-1.5158656108672504,0.5729632772104019,-0.9429023336568498,23.071173576494058,-5.210054116782059,2.040231273257998,-3.1698228435240594,23.440859698503942,-5.1592667842993185,2.7517404191286765,-2.407526365170643
2018-05-19,TDOU,-23.08,30.384,630.2,2018,5,19,1235,0.0258255933251374,25.8255933251374,0.0244304871836897,24.4304871836897,0.025475,25.475,25.475,25.475,25.475,25.8255933251374,25.8255933251374,25.8255933251374,24.4304871836897,24.4304871836897,24.4304871836897,23.804632891558292,-0.9629813592358213,2.9839417928149317,2.020960433579109,23.074214678287657,-0.8986719992083168,2.2549445046103607,1.3562725054020426,23.444938967255723,-0.9536206518297212,2.983681684573998,2.0300610327442783
2018-05-20,TDOU,-23.08,30.384,630.2,2018,5,20,1236,0.0252716249249382,25.2716249249382,0.0221881769263773,22.188176926377302,0.0234166666666666,23.4166666666666,23.4166666666666,23.4166666666666,23.4166666666666,25.2716249249382,25.2716249249382,25.2716249249382,22.188176926377302,22.188176926377302,22.188176926377302,23.809923939551354,-5.0041287616864984,6.465829747073347,1.4617009853868481,23.077134354805633,-4.89636525316032,4.007407824731988,-0.8889574284283306,23.44889465959746,-5.146073802026895,5.113845809096034,-0.03222799293085998
2018-05-21,TDOU,-23.08,30.384,630.2,2018,5,21,1237,0.0237163585244338,23.7163585244338,0.0227658425246146,22.7658425246146,0.02265,22.65,22.65,22.65,22.65,23.7163585244338,23.7163585244338,23.7163585244338,22.7658425246146,22.7658425246146,22.7658425246146,23.815097897090645,-5.898516260337252,5.799776887680409,-0.09873937265684418,23.07993201895933,-5.988989578614722,5.674900084269993,-0.3140894943447279,23.452725656483455,-6.369471058214852,5.566745401731396,-0.8027256564834566
2018-05-22,TDOU,-23.08,30.384,630.2,2018,5,22,1238,0.0184538069537622,18.4538069537622,0.0187159021211939,18.715902121193903,0.0180333333333333,18.0333333333333,18.0333333333333,18.0333333333333,18.0333333333333,18.4538069537622,18.4538069537622,18.4538069537622,18.715902121193903,18.715902121193903,18.715902121193903,23.820154212585948,-6.21775819536541,0.8514109365416616,-5.3663472588237475,23.08260715112812,-6.367694151061748,2.0009891211275317,-4.3667050299342165,23.456430928574306,-6.860552680315117,1.4374550850741095,-5.423097595241007
2018-05-23,TDOU,-23.08,30.384,630.2,2018,5,23,1239,0.0198519536905684,19.8519536905684,0.0202255691421531,20.225569142153105,0.0199916666666666,19.9916666666666,19.9916666666666,19.9916666666666,19.9916666666666,19.8519536905684,19.8519536905684,19.8519536905684,20.225569142153105,20.225569142153105,20.225569142153105,23.825092509246232,-8.349929650305699,4.376790831627865,-3.973138818677832,23.085159368515058,-7.0972603410991475,4.237670114737195,-2.859590226361952,23.460009644682945,-7.735390470006997,4.2670474919906525,-3.468342978016345
2018-05-24,TDOU,-23.08,30.384,630.2,2018,5,24,1240,0.0185824324614419,18.5824324614419,0.0180135795353785,18.0135795353785,0.0200833333333333,20.0833333333333,20.0833333333333,20.0833333333333,20.0833333333333,18.5824324614419,18.5824324614419,18.5824324614419,18.0135795353785,18.0135795353785,18.0135795353785,23.82991264972519,-8.987071518858617,3.739591330575326,-5.247480188283291,23.087588458485826,-8.788811049579346,3.714802126472023,-5.074008923107325,23.463461229702876,-8.006486476774477,4.626358580404901,-3.380127896369576
2018-05-25,TDOU,-23.08,30.384,630.2,2018,5,25,1241,0.0211386497283551,21.1386497283551,0.0188439858088427,18.8439858088427,0.0193958333333333,19.3958333333333,19.3958333333333,19.3958333333333,19.3958333333333,21.1386497283551,21.1386497283551,21.1386497283551,18.8439858088427,18.8439858088427,18.8439858088427,23.834614716854578,-6.892291418740944,4.1963264302414665,-2.695964988499476,23.089894439571868,-6.620694923964324,2.3747862932351573,-4.2459086307291685,23.466785348236396,-7.313559167041383,3.2426071521382873,-4.070952014903096
2018-05-26,TDOU,-23.08,30.384,630.2,2018,5,26,1242,0.0229391608314193,22.9391608314193,0.0227358196208814,22.7358196208814,0.0228166666666666,22.8166666666666,22.8166666666666,22.8166666666666,22.8166666666666,22.9391608314193,22.9391608314193,22.9391608314193,22.7358196208814,22.7358196208814,22.7358196208814,23.839198896532583,-3.999469768665803,3.099431703552522,-0.9000380651132822,23.092077481947054,-3.7979492673626645,3.4416914062970108,-0.3562578610656537,23.469981790044443,-3.5864923459293756,2.9331772225515316,-0.653315123377844
2018-05-27,TDOU,-23.08,30.384,630.2,2018,5,27,1243,0.0231971196934031,23.197119693403103,0.0229874870694566,22.9874870694566,0.0222374999999999,22.2374999999999,22.2374999999999,22.2374999999999,22.2374999999999,23.197119693403103,23.197119693403103,23.197119693403103,22.9874870694566,22.9874870694566,22.9874870694566,23.84366544433429,-4.873051952875973,4.226506201944783,-0.6465457509311889,23.09413787243414,-4.537379424614128,4.4307286216365895,-0.10665080297754059,23.47305046744249,-4.94503155366334,3.7094810862207517,-1.2355504674425895
2018-05-28,TDOU,-23.08,30.384,630.2,2018,5,28,1244,0.0192733468817103,19.2733468817103,0.020801740191283,20.801740191283,0.0211541666666666,21.1541666666666,21.1541666666666,21.1541666666666,21.1541666666666,19.2733468817103,19.2733468817103,19.2733468817103,20.801740191283,20.801740191283,20.801740191283,23.848014691869125,-6.001481119627829,1.4268133094690043,-4.574667810158825,23.096075994371894,-4.972413043870957,2.6780772407820628,-2.294335803088895,23.47599141860511,-3.9374931028379794,1.6156683508994725,-2.3218247519385073
2018-05-29,TDOU,-23.08,30.384,630.2,2018,5,29,1245,0.019604523015203,19.604523015203,0.017214526875449,17.214526875449,0.0189375,18.9375,18.9375,18.9375,18.9375,19.604523015203,19.604523015203,19.604523015203,17.214526875449,17.214526875449,17.214526875449,23.852247053240045,-5.174019381163247,0.9262953431262027,-4.247724038037045,23.097892288322807,-5.403742839658738,-0.47962257321507096,-5.8833654128738075,23.478804788450812,-4.522595730701273,-0.01870905774953968,-4.541304788450812
2018-05-30,TDOU,-23.08,30.384,630.2,2018,5,30,1246,0.0244230581544226,24.4230581544226,0.0245140422680947,24.5140422680947,0.0254458333333333,25.4458333333333,19.429166666666603,25.4458333333333,25.4458333333333,24.4230581544226,24.4230581544226,24.4230581544226,24.5140422680947,24.5140422680947,24.5140422680947,23.856363031870167,-0.9916983698437992,1.558393492396231,0.5666951225524315,23.09958723073019,-1.0859494306570991,2.500404468021607,1.4144550373645082,23.48149083101483,-2.0500521124662683,-2.0022720518819597,-4.052324164348228
2018-06-01,TDOU,-23.08,30.384,630.2,2018,6,1,1248,0.0182978152175277,18.2978152175277,0.0192651987476046,19.2651987476046,0.0194291666666666,19.429166666666603,19.429166666666603,19.429166666666603,19.429166666666603,18.2978152175277,18.2978152175277,18.2978152175277,19.2651987476046,19.2651987476046,19.2651987476046,23.864247962486196,-3.92170938434531,-1.6447233606131881,-5.566432744958497,23.10261509407251,-2.9353539462870617,-0.9020624001808493,-3.8374163464679114,23.486482223285662,-1.9492437115739867,-2.108071845045071,-4.057315556619059
2018-06-02,TDOU,-23.08,30.384,630.2,2018,6,2,1249,0.0140600720294228,14.0600720294228,0.0151112115869558,15.1112115869558,0.0146833333333333,14.6833333333333,14.6833333333333,14.6833333333333,14.6833333333333,17.6774102843461,14.0600720294228,14.0600720294228,15.1112115869558,15.1112115869558,15.1112115869558,23.868017984730116,-4.252364466329835,-1.938243234054184,-6.190607700384017,23.103949069890476,-4.417638570201201,-3.5750989127334734,-7.992737482934675,23.488788360029815,-4.605300665444279,-4.200154361252238,-8.805455026696515
2018-06-03,TDOU,-23.08,30.384,630.2,2018,6,3,1250,0.0156251834174729,15.6251834174729,0.0141234283642135,14.1234283642135,0.0152458333333333,15.2458333333333,15.2458333333333,15.2458333333333,15.2458333333333,15.6251834174729,15.6251834174729,15.6251834174729,14.1234283642135,14.1234283642135,14.1234283642135,23.871673929146738,-7.313380997211448,-0.9331095144623873,-8.246490511673837,23.105163947512185,-7.379769958523055,-1.6019656247756302,-8.981735583298684,23.490968931282467,-7.545338312458875,-0.6997972854902912,-8.245135597949167
2018-06-04,TDOU,-23.08,30.384,630.2,2018,6,4,1251,0.0176774102843461,17.6774102843461,0.0159565605052642,15.9565605052642,0.016875,16.875,16.875,16.875,16.875,17.6774102843461,17.6774102843461,17.6774102843461,15.9565605052642,15.9565605052642,15.9565605052642,23.875216622076113,-6.246204599903492,0.0483982621734782,-6.1978063377300145,23.106260576254186,-6.212630379947508,-0.9370696910424776,-7.1497000709899865,23.493024790162348,-6.547658349514626,-0.07036644064772091,-6.618024790162348
2018-06-05,TDOU,-23.08,30.384,630.2,2018,6,5,1252,0.0146906491198444,14.6906491198444,0.0136187773904069,13.6187773904069,0.0132041666666666,13.2041666666666,13.2041666666666,13.2041666666666,13.2041666666666,14.6906491198444,14.6906491198444,14.6906491198444,13.6187773904069,13.6187773904069,13.6187773904069,23.878646946066713,-8.419087393971784,-0.7689104322505287,-9.187997826222313,23.107239897423828,-8.58781597184948,-0.90064653516745,-9.488462507016928,23.49495689711749,-9.469961934414664,-0.8208282960362254,-10.29079023045089
2018-06-06,TDOU,-23.08,30.384,630.2,2018,6,6,1253,0.0133142396277839,13.3142396277839,0.0124452964566378,12.4452964566378,0.0120708333333333,12.0708333333333,12.0708333333333,12.0708333333333,12.0708333333333,13.3142396277839,13.3142396277839,13.3142396277839,12.4452964566378,12.4452964566378,12.4452964566378,23.88196580303116,-7.09598107826077,-3.471745096986492,-10.56772617524726,23.10810292603367,-7.4760114972433955,-3.186794972152473,-10.66280646939587,23.49676629512407,-8.567042942840448,-2.8588900189503192,-11.425932961790767
2018-06-07,TDOU,-23.08,30.384,630.2,2018,6,7,1254,0.0116825091750274,11.6825091750274,0.0116043903645234,11.6043903645234,0.0112291666666666,11.2291666666666,11.2291666666666,11.2291666666666,11.2291666666666,11.6825091750274,11.6825091750274,11.6825091750274,11.6043903645234,11.6043903645234,11.6043903645234,23.885174162337908,-7.41322460982758,-4.789440377482929,-12.202664987310508,23.108850770286345,-6.7967334342998855,-4.70772697146306,-11.504460405762945,23.498454137302748,-7.373649197211211,-4.895638273424936,-12.269287470636147
2018-06-08,TDOU,-23.08,30.384,630.2,2018,6,8,1255,0.009274536076798,9.274536076798,0.0093689068763482,9.3689068763482,0.0089291666666666,8.9291666666666,11.2291666666666,8.9291666666666,8.9291666666666,9.274536076798,9.274536076798,9.274536076798,11.6043903645234,9.3689068763482,9.3689068763482,23.888273078630053,-8.625660532883387,-5.988076468948666,-14.613737001832053,23.10948463638461,-8.050988388201077,-3.4541058836601337,-11.50509427186121,23.500021715755704,-8.625784073015527,-3.645070976073576,-12.270855049089104
2018-06-09,TDOU,-23.08,30.384,630.2,2018,6,9,1256,0.0093360212610134,9.3360212610134,0.0096712355835427,9.6712355835427,0.0099833333333333,9.9833333333333,9.9833333333333,9.9833333333333,9.9833333333333,9.3360212610134,9.3360212610134,9.3360212610134,9.6712355835427,9.6712355835427,9.6712355835427,23.891263608383063,-6.418012857881189,-8.137229489488474,-14.555242347369663,23.110005768709833,-2.4269337623681917,-11.011836422798941,-13.438770185167133,23.50147036948729,-3.541889390831533,-9.976247645322456,-13.51813703615399
2018-06-10,TDOU,-23.08,30.384,630.2,2018,6,10,1257,0.0100029289282143,10.0029289282143,0.0084853246527836,8.4853246527836,0.00905,9.05,9.05,9.05,9.05,10.0029289282143,10.0029289282143,10.0029289282143,8.4853246527836,8.4853246527836,8.4853246527836,23.894146807841967,-5.731626455641822,-8.159591423985844,-13.891217879627666,23.110415427157463,-2.667716858722181,-11.957373915651683,-14.625090774373863,23.502801443135418,-2.792199410299644,-11.660602032835772,-14.452801443135417
2018-06-11,TDOU,-23.08,30.384,630.2,2018,6,11,1258,0.0168176364156882,16.8176364156882,0.013792838640081,13.792838640081,0.0146375,14.6375,14.6375,14.6375,14.6375,16.8176364156882,16.8176364156882,16.8176364156882,13.792838640081,13.792838640081,13.792838640081,23.896923737288198,-4.406771234918595,-2.672516086681405,-7.079287321599999,23.110714873105152,-3.0805923454168402,-6.237283887607312,-9.317876233024153,23.504016305014275,-3.7984698681895313,-5.068046436824744,-8.866516305014276
2018-06-12,TDOU,-23.08,30.384,630.2,2018,6,12,1259,0.0189312102757457,18.931210275745705,0.0162819107236711,16.2819107236711,0.0162916666666666,16.2916666666666,16.2916666666666,16.2916666666666,16.2916666666666,18.931210275745705,18.931210275745705,18.931210275745705,16.2819107236711,16.2819107236711,16.2819107236711,23.89959544951938,-3.0972718191801945,-1.8711133545934828,-4.968385173773676,23.110905378187383,-2.2394975435933513,-4.589497110922931,-6.828994654516283,23.505116356263535,-3.062078753114509,-4.151370936482426,-7.213449689596935
2018-06-13,TDOU,-23.08,30.384,630.2,2018,6,13,1260,0.0197587220223924,19.7587220223924,0.0189438756479784,18.9438756479784,0.0156625,15.6625,15.6625,15.6625,15.6625,19.7587220223924,19.7587220223924,19.7587220223924,18.9438756479784,18.9438756479784,18.9438756479784,23.902163090243054,-5.864491061625749,1.7210499937750967,-4.143441067850652,23.110988363381185,-7.534479497865877,3.3673667824630904,-4.167112715402787,23.50610315525605,-9.102351224974461,1.2587480697184112,-7.84360315525605
2018-06-14,TDOU,-23.08,30.384,630.2,2018,6,14,1261,0.0141937186997128,14.1937186997128,0.0137429990808348,13.7429990808348,0.0144041666666666,14.4041666666666,14.4041666666666,14.4041666666666,14.4041666666666,14.1937186997128,14.1937186997128,14.1937186997128,13.7429990808348,13.7429990808348,13.7429990808348,23.904628022585626,-5.722016321697655,-3.988893001175171,-9.710909322872826,23.110965509406675,-6.3490858384477065,-3.0188805901241693,-9.367966428571876,23.506978519321688,-6.177973274759567,-2.924838577895521,-9.102811852655089
2018-06-15,TDOU,-23.08,30.384,630.2,2018,6,15,1262,0.0089724317478445,8.9724317478445,0.0087330146167669,8.7330146167669,0.009425,9.425,9.425,9.425,9.425,8.9724317478445,8.9724317478445,8.9724317478445,8.7330146167669,8.7330146167669,8.7330146167669,23.906991850661363,-6.558286197543203,-8.37627390527366,-14.934560102816864,23.110838769378006,-6.628749440187554,-7.749074712423553,-14.377824152611106,23.50774450207774,-7.20284737726205,-6.879897124815688,-14.082744502077738
2018-06-17,TDOU,-23.08,30.384,630.2,2018,6,17,1264,0.0155938631957868,15.5938631957868,0.0166115558924734,16.6115558924734,0.0156625,15.6625,15.6625,15.6625,15.6625,15.5938631957868,15.5938631957868,15.5938631957868,16.6115558924734,16.6115558924734,16.6115558924734,23.91142325171265,-5.115967136065054,-3.201592919860797,-8.317560055925851,23.110282304764574,-3.9618158653087803,-2.5369105469823943,-6.498726412291173,23.508957132445136,-3.6124876705606974,-4.233969461884438,-7.846457132445137
2018-06-18,TDOU,-23.08,30.384,630.2,2018,6,18,1265,0.0100582936527227,10.0582936527227,0.0116564755538103,11.6564755538103,0.0107916666666666,10.7916666666666,10.7916666666666,10.7916666666666,10.7916666666666,10.0582936527227,10.0582936527227,10.0582936527227,11.6564755538103,11.6564755538103,11.6564755538103,23.91349452801268,-7.028766246623826,-6.826434628666153,-13.855200875289981,23.10985714903663,-6.0511650537747474,-5.40221654145158,-11.453381595226329,23.509408448398734,-7.132311572078174,-5.5854302096539605,-12.717741781732133
2018-06-19,TDOU,-23.08,30.384,630.2,2018,6,19,1266,0.0076413257763615,7.641325776361501,0.00771825168653,7.71825168653,0.0079125,7.9125,7.9125,7.9125,7.9125,7.641325776361501,7.641325776361501,7.641325776361501,7.71825168653,7.71825168653,7.71825168653,23.91547211990188,-10.069654332560564,-6.204492010979816,-16.27414634354038,23.10933727613556,-11.010131286127224,-4.380954303478333,-15.39108558960556,23.509759759589766,-11.444402443592235,-4.152857315997533,-15.597259759589766
2018-06-20,TDOU,-23.08,30.384,630.2,2018,6,20,1267,0.0122031622935409,12.2031622935409,0.0124765508498656,12.4765508498656,0.0127374999999999,12.7374999999999,12.7374999999999,12.7374999999999,12.7374999999999,12.2031622935409,12.2031622935409,12.2031622935409,12.4765508498656,12.4765508498656,12.4765508498656,23.91735807320985,-11.160294341135423,-0.5539014385335257,-11.71419577966895,23.108725224328825,-10.258444700830376,-0.37372967363284815,-10.632174374463226,23.51001369189197,-10.768398719950225,-0.004114971941845624,-10.77251369189207
2018-06-21,TDOU,-23.08,30.384,630.2,2018,6,21,1268,0.0141173732920375,14.1173732920375,0.0146496180611434,14.6496180611434,0.0127333333333333,12.7333333333333,12.7333333333333,12.7333333333333,12.7333333333333,14.1173732920375,14.1173732920375,14.1173732920375,14.6496180611434,14.6496180611434,14.6496180611434,23.919154468938828,-10.759233886444461,0.9574527095431336,-9.801781176901327,23.10802355553052,-9.906989690593985,1.4485841962068662,-8.458405494387119,23.51017290969986,-10.957253616971363,0.18041404060480204,-10.77683957636656
2018-06-22,TDOU,-23.08,30.384,630.2,2018,6,22,1269,0.0105373878145367,10.5373878145367,0.0108468624498467,10.8468624498467,0.0100708333333333,10.0708333333333,10.0708333333333,10.0708333333333,10.0708333333333,10.5373878145367,10.5373878145367,10.5373878145367,10.8468624498467,10.8468624498467,10.8468624498467,23.92086338333058,-10.348918783437748,-3.034556785356134,-13.38347556879388,23.10723482746341,-10.023857218946096,-2.236515158670617,-12.260372377616712,23.51024008018455,-8.992628999431941,-4.446777747419308,-13.439406746851247
2018-06-25,TDOU,-23.08,30.384,630.2,2018,6,25,1272,0.0122389201594096,12.2389201594096,0.0127765380977484,12.7765380977484,0.0121708333333333,12.1708333333333,12.1708333333333,12.1708333333333,12.1708333333333,12.2389201594096,12.2389201594096,12.2389201594096,12.7765380977484,12.7765380977484,12.7765380977484,23.925485272835438,-10.921487553670598,-0.765077559755241,-11.686565113425837,23.104371504992987,-8.916434906208293,-1.4113985010362917,-10.327833407244587,23.509915870410218,-9.403012760044295,-1.9360697770326212,-11.339082537076917
2018-06-26,TDOU,-23.08,30.384,630.2,2018,6,26,1273,0.014930209728754,14.930209728754,0.0123788702141062,12.3788702141062,0.0134041666666666,13.4041666666666,13.4041666666666,13.4041666666666,13.4041666666666,14.930209728754,14.930209728754,14.930209728754,12.3788702141062,12.3788702141062,12.3788702141062,23.92686409079829,-10.112601620999401,1.11594725895511,-8.99665436204429,23.103259680572528,-10.115446963881201,-0.6089425025851263,-10.724389466466327,23.50964136494904,-9.785516709265472,-0.31995798901697015,-10.10547469828244
2018-06-27,TDOU,-23.08,30.384,630.2,2018,6,27,1274,0.0136201855831715,13.6201855831715,0.0129020321990471,12.9020321990471,0.0124833333333333,12.4833333333333,12.4833333333333,12.4833333333333,12.4833333333333,13.6201855831715,13.6201855831715,13.6201855831715,12.9020321990471,12.9020321990471,12.9020321990471,23.92816521765285,-9.513988314752318,-0.7939913197290345,-10.30797963448135,23.102073380847578,-9.228608492897946,-0.9714326889025315,-10.200041181800477,23.50928805417959,-9.349086510803971,-1.6768682100423185,-11.025954720846288
2018-06-28,TDOU,-23.08,30.384,630.2,2018,6,28,1275,0.0145241914804075,14.5241914804075,0.0116246737644806,11.6246737644806,0.0126458333333333,12.6458333333333,12.6458333333333,12.6458333333333,12.6458333333333,14.5241914804075,14.5241914804075,14.5241914804075,11.6246737644806,11.6246737644806,11.6246737644806,23.929390624546148,-7.316671411886718,-2.0885277322519293,-9.405199144138647,23.100815240308318,-9.12757626554647,-2.3485652102812473,-11.476141475827719,23.50885865972,-8.476874411717079,-2.3861509146696243,-10.863025326386701
2018-06-29,TDOU,-23.08,30.384,630.2,2018,6,29,1276,0.0156918645737387,15.691864573738698,0.015830182338921,15.830182338921,0.015975,15.975,12.4833333333333,15.975,15.975,15.691864573738698,15.691864573738698,15.691864573738698,15.830182338921,15.830182338921,15.830182338921,23.930542333389567,-7.999074417513493,-0.2396033421373751,-8.23867775965087,23.099487997057395,-7.668852241099633,0.3995465829632394,-7.269305658136394,23.508355965838266,-8.528801052077997,-2.496221580426969,-11.025022632504966
2018-06-30,TDOU,-23.08,30.384,630.2,2018,6,30,1277,0.0116037996524615,11.6037996524615,0.0127534211338958,12.7534211338958,0.0122458333333333,12.2458333333333,12.2458333333333,12.2458333333333,12.2458333333333,11.6037996524615,11.6037996524615,11.6037996524615,12.7534211338958,12.7534211338958,12.7534211338958,23.931622402825724,-8.725505236288354,-3.602317514075871,-12.327822750364223,23.09809441143188,-4.485549044105466,-5.859124233430613,-10.34467327753608,23.507782758668096,-3.6813162680874707,-7.580633157247325,-11.261949425334796
2018-07-01,TDOU,-23.08,30.384,630.2,2018,7,1,1278,0.0096270800608578,9.6270800608578,0.0105989371367367,10.5989371367367,0.0100708333333333,10.0708333333333,10.0708333333333,10.0708333333333,10.0708333333333,9.6270800608578,9.6270800608578,9.6270800608578,10.5989371367367,10.5989371367367,10.5989371367367,23.932632907418622,-7.3887412025543595,-6.9168116440064615,-14.305552846560822,23.096637248714412,-2.7901991354694107,-9.707500976508301,-12.497700111977712,23.507141811448786,-2.4900776887197122,-10.946230789395774,-13.436308478115485
2018-07-02,TDOU,-23.08,30.384,630.2,2018,7,2,1279,0.0096331520945778,9.6331520945778,0.009727896752332,9.727896752332,0.0091333333333333,9.1333333333333,9.1333333333333,9.1333333333333,9.1333333333333,9.6331520945778,9.6331520945778,9.6331520945778,9.727896752332,9.727896752332,9.727896752332,23.933575979336062,-4.656614780014953,-9.643809104743308,-14.300423884758262,23.095119320712595,-5.68664842024272,-7.680574148137875,-13.367222568380594,23.506435904433562,-2.8169900857823524,-11.55611248531791,-14.373102571100262
2018-07-03,TDOU,-23.08,30.384,630.2,2018,7,3,1280,0.0152746637837265,15.2746637837265,0.0145185352452026,14.5185352452026,0.0148333333333333,14.8333333333333,14.8333333333333,14.8333333333333,14.8333333333333,15.2746637837265,15.2746637837265,15.2746637837265,14.5185352452026,14.5185352452026,14.5185352452026,23.934453815043355,-3.8909848895574286,-4.768805141759426,-8.659790031316856,23.09354350003272,-3.252511316887485,-5.322496937942635,-8.57500825483012,23.505667866557374,-3.2974819448271755,-5.374852588396898,-8.672334533224074
2018-07-04,TDOU,-23.08,30.384,630.2,2018,7,4,1281,0.0204112711880807,20.411271188080697,0.0188913311716722,18.891331171672203,0.0190333333333333,19.033333333333303,19.033333333333303,19.033333333333303,19.033333333333303,20.411271188080697,20.411271188080697,20.411271188080697,18.891331171672203,18.891331171672203,18.891331171672203,23.93526870744581,-4.201928630219318,0.6779311108542032,-3.523997519365114,23.091912755916237,-1.7452590092026334,-2.4553225750414,-4.200581584244034,23.50484061163194,-3.0326316633944645,-1.4388756149041733,-4.471507278298638
2018-07-05,TDOU,-23.08,30.384,630.2,2018,7,5,1282,0.0177959580162218,17.7959580162218,0.0171933264954483,17.1933264954483,0.0164416666666666,16.441666666666602,16.441666666666602,16.441666666666602,16.441666666666602,17.7959580162218,17.7959580162218,17.7959580162218,17.1933264954483,17.1933264954483,17.1933264954483,23.936023026786316,-2.0794335818415046,-4.060631428723013,-6.140065010564516,23.09023017238851,-1.918037662888913,-3.9788660140512953,-5.896903676940209,23.50395714400371,-2.2785629561272267,-4.7837275212098795,-7.062290477337108
2018-07-06,TDOU,-23.08,30.384,630.2,2018,7,6,1283,0.0181918372787139,18.1918372787139,0.0176843516136125,17.6843516136125,0.0175833333333333,17.5833333333333,17.5833333333333,17.5833333333333,17.5833333333333,18.1918372787139,18.1918372787139,18.1918372787139,17.6843516136125,17.6843516136125,17.6843516136125,23.936719170871473,-1.9721287670743513,-3.77275312508322,-5.744881892157572,23.088498906581133,-0.9008656952556159,-4.50328159771302,-5.404147292968634,23.50302050737229,-1.5103208193111886,-4.409366354727801,-5.919687174038991
2018-07-07,TDOU,-23.08,30.384,630.2,2018,7,7,1284,0.0223705861782568,22.3705861782568,0.0204897377061078,20.489737706107803,0.0199583333333333,19.9583333333333,19.9583333333333,19.9583333333333,19.9583333333333,22.3705861782568,22.3705861782568,22.3705861782568,20.489737706107803,20.489737706107803,20.489737706107803,23.937359522093647,0.9588110654740877,-2.525584409310934,-1.5667733438368465,23.086722144136836,0.9544089738626739,-3.5513934118917057,-2.5969844380290326,23.50203375214747,0.02466249818255245,-3.5683629169967226,-3.5437004188141685
2018-07-08,TDOU,-23.08,30.384,630.2,2018,7,8,1285,0.025223866199289,25.223866199289,0.0229082286127035,22.9082286127035,0.0235166666666666,23.5166666666666,23.5166666666666,23.5166666666666,23.5166666666666,25.223866199289,25.223866199289,25.223866199289,22.9082286127035,22.9082286127035,22.9082286127035,23.937946432202324,0.4503005906937092,0.8356191763929672,1.2859197670866749,23.08490306521394,0.4764848033736182,-0.6531592558840593,-0.17667445251044,23.500999913725636,1.197013657162064,-1.1813469042210976,0.015666752940965978
2018-07-09,TDOU,-23.08,30.384,630.2,2018,7,9,1286,0.0258105234531663,25.8105234531663,0.0261601087766184,26.1601087766184,0.0265124999999999,26.5124999999999,26.5124999999999,26.5124999999999,26.5124999999999,25.8105234531663,25.8105234531663,25.8105234531663,26.1601087766184,26.1601087766184,26.1601087766184,23.938482194389305,-5.675528598986482,7.547569857763477,1.8720412587769957,23.083044812509318,-5.346271057075249,8.423335021184332,3.077063964109083,23.499921962180597,-9.924924455983653,12.937502493802956,3.012578037819303
2018-07-10,TDOU,-23.08,30.384,630.2,2018,7,10,1287,0.0211881308658524,21.1881308658524,0.0219694333263984,21.9694333263984,0.0220208333333333,22.0208333333333,22.0208333333333,22.0208333333333,22.0208333333333,21.1881308658524,21.1881308658524,21.1881308658524,21.9694333263984,21.9694333263984,21.9694333263984,23.93896902441265,-8.47890922802716,5.72807106946691,-2.7508381585602493,23.08115047182201,-6.997904061255347,5.886186915831736,-1.1117171454236114,23.49880278910826,-7.491540116228649,6.013570660453688,-1.4779694557749607
2018-07-11,TDOU,-23.08,30.384,630.2,2018,7,11,1288,0.0179921127122631,17.9921127122631,0.0185863548434751,18.586354843475103,0.0185,18.5,18.5,18.5,18.5,17.9921127122631,17.9921127122631,17.9921127122631,18.586354843475103,18.586354843475103,18.586354843475103,23.939409086418706,-7.994516055157004,2.0472196810013976,-5.947296374155606,23.07922306745659,-7.624680461607596,3.131812237626111,-4.492868223981485,23.49764522859282,-8.091387409693878,3.09374218110106,-4.99764522859282
2018-07-12,TDOU,-23.08,30.384,630.2,2018,7,12,1289,0.0163077180221832,16.3077180221832,0.0172509429664194,17.2509429664194,0.0160208333333333,16.0208333333333,16.0208333333333,16.0208333333333,16.0208333333333,16.3077180221832,16.3077180221832,16.3077180221832,17.2509429664194,17.2509429664194,17.2509429664194,23.939804480846668,-8.77349921470386,1.1414127560403884,-7.632086458663469,23.077265579148285,-8.131210357524315,2.3048877447954332,-5.826322612728884,23.496452064225842,-8.931355961529006,1.4557372306364655,-7.475618730892542
2018-07-13,TDOU,-23.08,30.384,630.2,2018,7,13,1290,0.0151616798540112,15.1616798540112,0.0143571261305341,14.3571261305341,0.0142375,14.2375,14.2375,14.2375,14.2375,15.1616798540112,15.1616798540112,15.1616798540112,14.3571261305341,14.3571261305341,14.3571261305341,23.940157265069402,-7.461619211875643,-1.3168581991825583,-8.778477411058201,23.075280970660106,-4.778235196806377,-3.93991964331963,-8.718154840126006,23.49522603476202,-6.381092496951153,-2.876633537810868,-9.257726034762019
2018-07-14,TDOU,-23.08,30.384,630.2,2018,7,14,1291,0.0175062339790659,17.5062339790659,0.0153903564357904,15.3903564357904,0.0162666666666666,16.266666666666598,16.266666666666598,16.266666666666598,16.266666666666598,17.5062339790659,17.5062339790659,17.5062339790659,15.3903564357904,15.3903564357904,15.3903564357904,23.94046945262051,-5.6178198813094555,-0.8164155922451535,-6.434235473554608,23.07327215016549,-4.974115143658527,-2.708800570716562,-7.68291571437509,23.493969820192113,-5.514788815411384,-1.7125143381141328,-7.227303153525515
2018-07-15,TDOU,-23.08,30.384,630.2,2018,7,15,1292,0.0195887709841543,19.5887709841543,0.0211047180920688,21.1047180920688,0.0194791666666666,19.4791666666666,19.4791666666666,19.4791666666666,19.4791666666666,19.5887709841543,19.5887709841543,19.5887709841543,14.6456406513445,21.1047180920688,21.1047180920688,23.940743005373477,-4.94074620592339,0.5887741847042136,-4.351972021219176,23.07124198114922,-4.955968503678917,-3.469632826125803,-8.42560132980472,23.492686045769887,-4.383741219968632,0.37022184086534793,-4.013519379103286
2018-07-16,TDOU,-23.08,30.384,630.2,2018,7,16,1293,0.0140985363169406,14.0985363169406,0.0146456406513445,14.6456406513445,0.014225,14.225,14.225,14.225,14.225,14.0985363169406,14.0985363169406,14.0985363169406,14.6456406513445,14.6456406513445,14.6456406513445,23.940979860642294,-7.251248991831467,-2.5911945518702275,-9.842443543701695,23.069193311590215,-5.939908577524771,-2.483644082720943,-8.423552660245715,23.49137732018745,-6.069321611145506,-3.197055709041944,-9.26637732018745
2018-07-17,TDOU,-23.08,30.384,630.2,2018,7,17,1294,0.0144319082785259,14.4319082785259,0.0132891016027515,13.2891016027515,0.0133708333333333,13.3708333333333,13.3708333333333,13.3708333333333,13.3708333333333,14.4319082785259,14.4319082785259,14.4319082785259,13.2891016027515,13.2891016027515,13.2891016027515,23.941181980699866,-7.836856097752379,-1.6724176044215895,-9.509273702173967,23.067129028332733,-6.991990457233458,-2.7860369683477764,-9.778027425581232,23.49004628937161,-6.6690508148490935,-3.450162141189214,-10.119212956038309
2018-07-18,TDOU,-23.08,30.384,630.2,2018,7,18,1295,0.0144783170783922,14.4783170783922,0.0128304316782215,12.8304316782215,0.0127458333333333,12.7458333333333,12.7458333333333,12.7458333333333,12.7458333333333,14.4783170783922,14.4783170783922,14.4783170783922,12.8304316782215,12.8304316782215,12.8304316782215,23.941351373488278,-7.238900359543424,-2.224133935552654,-9.463034295096078,23.06505206872058,-8.150831526778274,-2.0837888637208053,-10.23462039049908,23.48869560946213,-7.937513792753222,-2.8053484833756066,-10.74286227612883
2018-07-19,TDOU,-23.08,30.384,630.2,2018,7,19,1296,0.0147559590894748,14.7559590894748,0.0127858355417368,12.7858355417368,0.0142375,14.2375,14.2375,14.2375,14.2375,14.7559590894748,14.7559590894748,14.7559590894748,12.7858355417368,12.7858355417368,12.7858355417368,23.941490072740685,-4.757740035145435,-4.42779094812045,-9.185530983265885,23.0629653835289,-5.44904138320185,-4.828088458590251,-10.277129841792101,23.487327931215376,-4.837387263236946,-4.41244066797843,-9.249827931215375
2018-07-20,TDOU,-23.08,30.384,630.2,2018,7,20,1297,0.0153497400759698,15.3497400759698,0.0135039139030609,13.5039139030609,0.0143375,14.3375,14.3375,14.3375,14.3375,15.3497400759698,15.3497400759698,15.3497400759698,13.5039139030609,13.5039139030609,13.5039139030609,23.941600108951683,-5.2557258298951615,-3.336134203086722,-8.591860032981883,23.060871898531747,-5.144557798308741,-4.412400197162107,-9.556957995470848,23.48594588379079,-4.594032414805084,-4.554413468985707,-9.14844588379079
2018-07-21,TDOU,-23.08,30.384,630.2,2018,7,21,1298,0.0149528722460054,14.9528722460054,0.0134835863036924,13.4835863036924,0.013425,13.425,14.2375,13.425,13.425,14.9528722460054,14.9528722460054,14.9528722460054,13.4835863036924,13.4835863036924,13.4835863036924,23.941683524882848,-4.823766576312741,-4.165044702564707,-8.988811278877447,23.058774519669726,-5.322959733948967,-4.252228482028357,-9.575188215977326,23.484552069680557,-4.619267215257327,-4.627784854423229,-9.247052069680556
2018-07-22,TDOU,-23.08,30.384,630.2,2018,7,22,1299,0.0158036382343643,15.8036382343643,0.0141288791756469,14.1288791756469,0.0144041666666666,14.4041666666666,14.4041666666666,14.4041666666666,14.4041666666666,15.8036382343643,15.8036382343643,15.8036382343643,14.1288791756469,14.1288791756469,14.1288791756469,23.941742495164544,-4.50216051696252,-3.635943743837725,-8.138104260800244,23.056676196082307,-4.085526416044777,-4.842270604390631,-8.927797020435408,23.483149180572415,-3.648649934044165,-5.430332579861652,-9.078982513905816
2018-07-23,TDOU,-23.08,30.384,630.2,2018,7,23,1300,0.0164549381959886,16.4549381959886,0.0139375976649066,13.9375976649066,0.0147875,14.7875,14.7875,14.7875,14.7875,16.4549381959886,16.4549381959886,16.4549381959886,13.9375976649066,13.9375976649066,13.9375976649066,23.941779366088966,-4.753674868174073,-2.7331663019262926,-7.486841170100366,23.054579908997024,-4.823816381213498,-4.293165862876926,-9.116982244090424,23.481739990291878,-4.236784871041342,-4.457455119250536,-8.694239990291878
2018-07-24,TDOU,-23.08,30.384,630.2,2018,7,24,1301,0.0122319823912487,12.2319823912487,0.0119042661916833,11.9042661916833,0.010725,10.725,10.725,10.725,10.725,12.2319823912487,12.2319823912487,12.2319823912487,11.9042661916833,11.9042661916833,11.9042661916833,23.94179663312124,-4.1357785176307615,-7.574035724241778,-11.70981424187254,23.052488622258736,-3.0666239168600793,-8.081598513715356,-11.148222430575435,23.480327267628713,-2.5577423806097186,-10.197584887018994,-12.755327267628713
2018-07-25,TDOU,-23.08,30.384,630.2,2018,7,25,1302,0.0088020542729401,8.802054272940099,0.0089923119305543,8.9923119305543,0.0083708333333333,8.3708333333333,8.3708333333333,8.3708333333333,8.3708333333333,8.802054272940099,8.802054272940099,8.802054272940099,11.1824085228021,8.9923119305543,8.9923119305543,23.941796832103453,-3.6231956360444473,-11.516546923118906,-15.139742559163354,23.050405282518316,-3.3073519580518,-8.560644801664415,-11.867996759716215,23.478913748063718,-1.3582804518350546,-13.749799962895363,-15.108080414730418
2018-07-26,TDOU,-23.08,30.384,630.2,2018,7,26,1303,0.0089715442896471,8.971544289647099,0.0086685232082707,8.6685232082707,0.0087625,8.7625,8.7625,8.7625,8.7625,8.971544289647099,8.971544289647099,8.971544289647099,11.1824085228021,8.6685232082707,8.6685232082707,23.941782523057945,-4.61497122692595,-10.355267006484898,-14.970238233410846,23.048332820506,-4.092771481349208,-7.773152816354692,-11.8659242977039,23.47750212712826,-3.8885333295124034,-10.826468797615858,-14.715002127128262
2018-07-27,TDOU,-23.08,30.384,630.2,2018,7,27,1304,0.0107571530173568,10.7571530173568,0.0111824085228021,11.1824085228021,0.0100791666666666,10.0791666666666,10.0791666666666,10.0791666666666,10.0791666666666,10.7571530173568,10.7571530173568,10.7571530173568,11.1824085228021,11.1824085228021,11.1824085228021,23.941756302348022,-6.611724345695591,-6.572878939295631,-13.184603284991223,23.04627415909365,-5.362376125413031,-6.501489510878518,-11.863865636291548,23.47609507558378,-5.312668843015366,-8.084259565901812,-13.396928408917178
2018-07-28,TDOU,-23.08,30.384,630.2,2018,7,28,1305,0.012150591707567,12.150591707567,0.0105690274872861,10.5690274872861,0.0110625,11.0625,11.0625,11.0625,11.0625,12.150591707567,12.150591707567,12.150591707567,10.5690274872861,10.5690274872861,10.5690274872861,23.941720814153797,-4.65374405099886,-7.137385055587938,-11.791129106586798,23.044232277054654,-5.406796521839082,-7.068408267929472,-12.475204789768554,23.474695312041234,-4.104521454207769,-8.307673857833464,-12.412195312041234
2018-07-29,TDOU,-23.08,30.384,630.2,2018,7,29,1306,0.0140165588055599,14.0165588055599,0.0126633590556557,12.6633590556557,0.0129583333333333,12.958333333333298,12.958333333333298,12.958333333333298,12.958333333333298,14.0165588055599,14.0165588055599,14.0165588055599,12.6633590556557,12.6633590556557,12.6633590556557,23.941678804058768,-0.9203613971017893,-9.004758601397079,-9.925119998498868,23.042210118916056,-1.7777678434843411,-8.601083219776015,-10.378851063260356,23.473305515240977,-0.3961240084912319,-10.118848173416447,-10.514972181907678
2018-07-30,TDOU,-23.08,30.384,630.2,2018,7,30,1307,0.015462594508283,15.462594508283,0.0130437909996517,13.0437909996517,0.0133541666666666,13.3541666666666,13.3541666666666,13.3541666666666,13.3541666666666,15.462594508283,15.462594508283,15.462594508283,13.0437909996517,13.0437909996517,13.0437909996517,23.941633025784565,1.3072052039348576,-9.786243721436422,-8.479038517501564,23.04021054762568,0.2833223307961083,-10.27974187877009,-9.99641954797398,23.471928279221185,2.3169563119907104,-12.434717924545295,-10.117761612554585
2018-08-01,TDOU,-23.08,30.384,630.2,2018,8,1,1309,0.0094441273385581,9.4441273385581,0.0100042586430338,10.0042586430338,0.010125,10.125,10.125,10.125,10.125,9.4441273385581,9.4441273385581,9.4441273385581,10.0042586430338,10.0042586430338,10.0042586430338,23.941540912876295,-3.5308215652150294,-10.966592009103165,-14.497413574318195,23.036290097201196,-2.28524561417469,-10.746785839992706,-13.032031454167395,23.469221292801688,-2.614461048934627,-10.72976024386706,-13.344221292801688
2018-08-02,TDOU,-23.08,30.384,630.2,2018,8,2,1310,0.0155362743606012,15.5362743606012,0.0146076744444687,14.6076744444687,0.015825,15.825,15.825,15.825,15.825,15.5362743606012,15.5362743606012,15.5362743606012,14.6076744444687,14.6076744444687,14.6076744444687,23.941499859296588,-4.006658961129718,-4.398566537565671,-8.405225498695389,23.034374526710984,-3.706022709636467,-4.720677372605817,-8.426700082242284,23.467896270287415,-3.6608708101146687,-3.9820254601727463,-7.642896270287416
2018-08-03,TDOU,-23.08,30.384,630.2,2018,8,3,1311,0.0215089097134936,21.5089097134936,0.0207568263925801,20.7568263925801,0.0212833333333333,21.2833333333333,21.2833333333333,21.2833333333333,21.2833333333333,21.5089097134936,21.5089097134936,21.5089097134936,18.3816795436656,20.7568263925801,20.7568263925801,23.941465638357773,-2.9564473582779356,0.5238914334137625,-2.4325559248641717,23.032492270219922,-2.9712744312950417,-1.679538295259281,-4.650812726554321,23.46659335929829,-2.9262021666536815,0.7429421406886902,-2.183260025964991
2018-08-04,TDOU,-23.08,30.384,630.2,2018,8,4,1312,0.0188658544860537,18.8658544860537,0.0183816795436656,18.3816795436656,0.0185708333333333,18.5708333333333,18.5708333333333,18.5708333333333,18.5708333333333,18.8658544860537,18.8658544860537,18.8658544860537,18.3816795436656,18.3816795436656,18.3816795436656,23.94144083175651,-5.531404391371358,0.455818045668547,-5.07558634570281,23.030645984601477,-5.131558883516728,0.4825924425808523,-4.648966440935876,23.465314859920753,-4.938914109230341,0.04443258264289085,-4.894481526587452
2018-08-05,TDOU,-23.08,30.384,630.2,2018,8,5,1313,0.0195517224554168,19.5517224554168,0.0202990767722665,20.2990767722665,0.0208625,20.8625,20.8625,20.8625,20.8625,19.5517224554168,19.5517224554168,19.5517224554168,20.2990767722665,20.2990767722665,20.2990767722665,23.941427993107823,-4.203257243864025,-0.18644829382699868,-4.389705537691022,23.02883824263775,-3.929659966937582,1.1998984965663304,-2.729761470371251,23.464062970821505,-3.161371487187881,0.5598085163663775,-2.6015629708215045
2018-08-06,TDOU,-23.08,30.384,630.2,2018,8,6,1314,0.0205118394607559,20.511839460755898,0.0212007017741718,21.2007017741718,0.0204791666666666,20.4791666666666,20.4791666666666,20.4791666666666,20.4791666666666,20.511839460755898,20.511839460755898,20.511839460755898,21.2007017741718,21.2007017741718,21.2007017741718,23.941429628895673,-0.14707120065429014,-3.2825189674854833,-3.429590168139775,23.027071478176456,1.4242183127750951,-3.2505880167797514,-1.8263697040046551,23.46283977800635,0.4280256860148578,-3.4116987973546102,-2.983673111339751
2018-08-07,TDOU,-23.08,30.384,630.2,2018,8,7,1315,0.0214259383685634,21.4259383685634,0.0210743404003219,21.0743404003219,0.0232583333333333,23.2583333333333,23.2583333333333,23.2583333333333,23.2583333333333,21.4259383685634,21.4259383685634,21.4259383685634,21.0743404003219,21.0743404003219,21.0743404003219,23.941448168429883,1.3156917471068805,-3.8312015469733645,-2.515509799866482,23.025347972434695,2.798881541407524,-4.749889113520318,-1.9510075721127933,23.46164721388477,2.688271783885725,-2.8915856644371942,-0.2033138805514696
2018-08-08,TDOU,-23.08,30.384,630.2,2018,8,8,1316,0.0243056220413115,24.305622041311494,0.0239536915828324,23.9536915828324,0.0239041666666666,23.9041666666666,23.9041666666666,23.9041666666666,23.9041666666666,24.305622041311494,24.305622041311494,24.305622041311494,23.9536915828324,23.9536915828324,23.9536915828324,23.94148594559666,0.1625880947407789,0.20154800097405356,0.36413609571483363,23.023669859554566,1.1026216779779552,-0.17259995470012157,0.9300217232778323,23.46048704659872,0.15581671119127666,0.2878629088766047,0.44367962006788275
2018-08-09,TDOU,-23.08,30.384,630.2,2018,8,9,1317,0.0252458860020467,25.245886002046703,0.0248817250753918,24.8817250753918,0.0236666666666666,23.6666666666666,23.6666666666666,23.6666666666666,23.6666666666666,25.245886002046703,25.245886002046703,25.245886002046703,24.8817250753918,24.8817250753918,24.8817250753918,23.941545163379395,-5.430913097939515,6.735253936606824,1.3043408386673079,23.02203911546658,-3.825429372363108,5.685115332288326,1.8596859599252191,23.45936088214367,-6.084088477482575,6.291394262005504,0.20730578452293003
2018-08-10,TDOU,-23.08,30.384,630.2,2018,8,10,1318,0.0223253449072226,22.3253449072226,0.0239083752136444,23.9083752136444,0.023225,23.225,23.225,23.225,23.225,22.3253449072226,22.3253449072226,22.3253449072226,23.9083752136444,23.9083752136444,23.9083752136444,23.941627908624557,-3.9190029005900526,2.3027198991880944,-1.616283001401957,23.020457582882877,-2.839471023772701,3.727388654534227,0.8879176307615246,23.458270192639535,-3.5299189800287123,3.296648787389177,-0.23327019263953375
2018-08-11,TDOU,-23.08,30.384,630.2,2018,8,11,1319,0.0168751496205529,16.8751496205529,0.0155448936111584,15.5448936111584,0.01505,15.05,15.05,15.05,15.05,16.8751496205529,16.8751496205529,16.8751496205529,15.5448936111584,15.5448936111584,15.5448936111584,23.941736129852337,-3.96167961587555,-3.1049068934238875,-7.066586509299437,23.018926976976985,-3.5125605524147914,-3.9614728134037946,-7.474033365818585,23.457216324429055,-4.34931564848465,-4.057900675944403,-8.407216324429054
2018-08-12,TDOU,-23.08,30.384,630.2,2018,8,12,1320,0.0144468218101419,14.4468218101419,0.0166471715628369,16.647171562836903,0.0160125,16.0125,16.0125,16.0125,16.0125,14.4468218101419,14.4468218101419,14.4468218101419,16.647171562836903,16.647171562836903,16.647171562836903,23.94187160891537,-5.3060564611154835,-4.188993337657987,-9.49504979877347,23.017448839801308,-3.1805049536547445,-3.1897723233096613,-6.370277276964405,23.456200452905925,-3.7881320547304296,-3.6555683981754967,-7.443700452905926
2018-08-13,TDOU,-23.08,30.384,630.2,2018,8,13,1321,0.0109619299111179,10.9619299111179,0.0107663954713644,10.7663954713644,0.0118666666666666,11.8666666666666,11.8666666666666,11.8666666666666,11.8666666666666,15.0789371627663,10.9619299111179,10.9619299111179,10.7663954713644,10.7663954713644,10.7663954713644,23.942035971326895,-7.749250346383249,-1.1138484621773443,-8.863098808560595,23.01602454547001,-9.264434579305705,-2.985194494799906,-12.249629074105611,23.45522358457128,-9.656259828561053,-1.9322970893436278,-11.588556917904679
2018-08-14,TDOU,-23.08,30.384,630.2,2018,8,14,1322,0.0116071172209327,11.607117220932698,0.0129928721358709,12.9928721358709,0.0141791666666666,14.1791666666666,14.1791666666666,14.1791666666666,14.1791666666666,11.607117220932698,11.607117220932698,11.607117220932698,12.9928721358709,12.9928721358709,12.9928721358709,23.942230727357874,-9.575806966612683,-2.759306539812492,-12.335113506425175,23.0146553397841,-9.184159622102936,-0.8376235818102629,-10.021783203913198,23.454286606405542,-9.074078649883539,-0.2010412898554037,-9.275119939738943
2018-08-16,TDOU,-23.08,30.384,630.2,2018,8,16,1324,0.0150789371627663,15.0789371627663,0.0172505182864195,17.2505182864195,0.0175375,17.5375,17.5375,17.5375,17.5375,15.0789371627663,15.0789371627663,15.0789371627663,17.2505182864195,17.2505182864195,17.2505182864195,23.942717171468118,-7.0708808836868355,-1.7928991250149835,-8.863780008701818,23.012086823147953,-6.463508532579225,0.7019399958507719,-5.761568536728454,23.452535484146154,-6.380197103808916,0.4651616196627657,-5.915035484146152
2018-08-17,TDOU,-23.08,30.384,630.2,2018,8,17,1325,0.0186328038056222,18.6328038056222,0.0143969460027345,14.3969460027345,0.0155083333333333,15.5083333333333,15.5083333333333,15.5083333333333,15.5083333333333,18.6328038056222,18.6328038056222,18.6328038056222,14.3969460027345,14.3969460027345,14.3969460027345,23.943011700223288,-4.375014591844339,-0.9351933027567512,-5.310207894601088,23.010889845297573,-5.9473291509959,-2.6666146915671725,-8.613943842563073,23.451722890052842,-7.450151782913241,-0.49323777380629963,-7.943389556719541
2018-08-18,TDOU,-23.08,30.384,630.2,2018,8,18,1326,0.0242800883881163,24.2800883881163,0.0241738194545224,24.1738194545224,0.0233916666666666,23.3916666666666,15.5083333333333,23.3916666666666,23.3916666666666,24.2800883881163,24.2800883881163,24.2800883881163,24.1738194545224,24.1738194545224,24.1738194545224,23.943342259583126,-6.419720070940221,6.756466199473394,0.336746128533175,23.009752550471248,-6.103700887102373,7.267767791153524,1.1640669040511504,23.45095322439201,-8.259996465927033,0.3173765748683266,-7.942619891058708
2018-08-19,TDOU,-23.08,30.384,630.2,2018,8,19,1327,0.0179551805894185,17.9551805894185,0.0191538788976336,19.1538788976336,0.0186958333333333,18.6958333333333,18.6958333333333,18.6958333333333,18.6958333333333,17.9551805894185,17.9551805894185,17.9551805894185,19.1538788976336,19.1538788976336,19.1538788976336,23.943710114136007,-8.430620072536845,2.442090547819337,-5.9885295247175065,23.008675944770474,-7.665562513469789,3.810765466332917,-3.8547970471368735,23.45022708642659,-7.6676670909380515,2.9132733378447604,-4.754393753093289
2018-08-20,TDOU,-23.08,30.384,630.2,2018,8,20,1328,0.0133609491828422,13.3609491828422,0.0141867969082549,14.1867969082549,0.0149416666666666,14.9416666666666,14.9416666666666,14.9416666666666,14.9416666666666,13.3609491828422,13.3609491828422,13.3609491828422,14.1867969082549,14.1867969082549,14.1867969082549,23.94411640736083,-9.154720728854747,-1.4284464956638843,-10.58316722451863,23.007660891721983,-9.098879029425486,0.278015045958405,-8.820863983467083,23.449544962277685,-9.16111183675379,0.6532335411427042,-8.507878295611084
2018-08-21,TDOU,-23.08,30.384,630.2,2018,8,21,1329,0.0135992236759007,13.5992236759007,0.0140629005134075,14.0629005134075,0.0135708333333333,13.5708333333333,13.5708333333333,13.5708333333333,13.5708333333333,13.5992236759007,13.5992236759007,13.5992236759007,14.0629005134075,14.0629005134075,14.0629005134075,23.944562179715895,-8.168021078692936,-2.1773174251222613,-10.345338503815196,23.006708133562842,-7.936776949071121,-1.0070306710842196,-8.943807620155342,23.448907242040054,-8.150880589600673,-1.7271933191060818,-9.878073908706753
2018-08-22,TDOU,-23.08,30.384,630.2,2018,8,22,1330,0.017318779790788,17.318779790788,0.0163010902349139,16.3010902349139,0.016325,16.325,16.325,16.325,16.325,17.318779790788,17.318779790788,17.318779790788,16.3010902349139,16.3010902349139,16.3010902349139,23.94504844986024,-8.657152314470423,2.0308836553981813,-6.626268659072242,23.005818370241425,-8.33532979125704,1.6306016559295138,-6.7047281353275245,23.448314257752404,-7.3865696556120835,0.2632553978596768,-7.123314257752405
2018-08-23,TDOU,-23.08,30.384,630.2,2018,8,23,1331,0.0203427300599994,20.3427300599994,0.0189633150348976,18.9633150348976,0.0203166666666666,20.3166666666666,20.3166666666666,20.3166666666666,20.3166666666666,20.3427300599994,20.3427300599994,20.3427300599994,18.9633150348976,18.9633150348976,18.9633150348976,23.945576249112033,-7.201584945161675,3.598738756049041,-3.6028461891126327,23.004992310788968,-6.79734670883662,2.755669432945254,-4.041677275891367,23.447766358068865,-6.276651427663425,3.145551736261158,-3.131099691402266
2018-08-24,TDOU,-23.08,30.384,630.2,2018,8,24,1332,0.0260679983114705,26.0679983114705,0.0257060948424178,25.7060948424178,0.0261625,26.1625,26.1625,26.1625,26.1625,26.0679983114705,26.0679983114705,26.0679983114705,25.7060948424178,25.7060948424178,25.7060948424178,23.94614662312883,-4.47957363574775,6.601425324089423,2.121851688341671,23.004230664609636,-3.5262057585764413,6.228069936384607,2.701864177808165,23.447263914847163,-3.9404055173079584,6.655641602460797,2.7152360851528385
2018-08-25,TDOU,-23.08,30.384,630.2,2018,8,25,1333,0.0207581641883852,20.7581641883852,0.0215230159480944,21.5230159480944,0.0206958333333333,20.695833333333297,20.695833333333297,20.695833333333297,20.695833333333297,17.318779790788,20.7581641883852,20.7581641883852,21.5230159480944,21.5230159480944,21.5230159480944,23.946760643439728,-4.470702462973071,-2.1572783896786554,-6.627980852651728,23.003534147663405,-2.57811184297044,1.097593643401435,-1.4805181995690049,23.446807323853804,-2.7553750586107593,0.004401068090253091,-2.7509739905205066
2018-08-26,TDOU,-23.08,30.384,630.2,2018,8,26,1334,0.0154997625137209,15.4997625137209,0.0155799819997324,15.5799819997324,0.0167458333333333,16.7458333333333,16.7458333333333,16.7458333333333,16.7458333333333,15.4997625137209,15.4997625137209,15.4997625137209,15.5799819997324,15.5799819997324,15.5799819997324,23.947419369163477,-5.103201882395246,-3.3444549730473305,-8.447656855442577,23.002903409176955,-1.9665784653347544,-5.4563429441097995,-7.422921409444555,23.446396952752227,-2.6220053052910433,-4.078558314127882,-6.700563619418926
2018-08-27,TDOU,-23.08,30.384,630.2,2018,8,27,1335,0.0159121632576475,15.9121632576475,0.0191062915815485,19.1062915815485,0.0191458333333333,19.1458333333333,19.1458333333333,19.1458333333333,19.1458333333333,15.9121632576475,15.9121632576475,15.9121632576475,19.1062915815485,19.1062915815485,19.1062915815485,23.948123837987275,-6.769776486407263,-1.2661840939325124,-8.035960580339776,23.0023390093828,-5.528813601540087,1.632766173705786,-3.8960474278343007,23.446033110223826,-4.689773539527504,0.38957376263697796,-4.300199776890526
2018-08-28,TDOU,-23.08,30.384,630.2,2018,8,28,1336,0.0151528948018003,15.1528948018003,0.013872129385526,13.872129385526,0.0135833333333333,13.5833333333333,13.5833333333333,13.5833333333333,13.5833333333333,15.1528948018003,15.1528948018003,15.1528948018003,13.872129385526,13.872129385526,13.872129385526,23.948875056722915,-5.588431633293331,-3.2075486216292823,-8.795980254922615,23.00184145535793,-5.652574131935234,-3.4771379378966962,-9.12971206983193,23.445716039316093,-4.984429097137346,-4.8779536088454485,-9.862382705982792
2018-08-29,TDOU,-23.08,30.384,630.2,2018,8,29,1337,0.0134733846135723,13.4733846135723,0.013149048443328,13.149048443328,0.0133874999999999,13.3874999999999,13.3874999999999,13.3874999999999,13.3874999999999,13.4733846135723,13.4733846135723,13.4733846135723,13.149048443328,13.149048443328,13.149048443328,23.949674002745024,-5.041240868346379,-5.435048520826346,-10.476289389172724,23.001411202049493,-3.9600912927718053,-5.892271465949687,-9.852362758721492,23.4454459251545,-4.100701098039939,-5.957244827114664,-10.057945925154602
2018-08-30,TDOU,-23.08,30.384,630.2,2018,8,30,1338,0.0093929771324816,9.3929771324816,0.0093716312305984,9.3716312305984,0.008875,8.875,8.875,8.875,8.875,11.9683253442103,9.3929771324816,9.3929771324816,9.3716312305984,9.3716312305984,9.3716312305984,23.950521572863263,-5.875192890046882,-6.107003338606081,-11.982196228652963,23.00104865169067,-3.096839044994296,-10.532578376097975,-13.62941742109227,23.44522290135422,-3.3425426021645084,-11.227680299189712,-14.57022290135422
2018-09-01,TDOU,-23.08,30.384,630.2,2018,9,1,1340,0.009038518927244,9.038518927244,0.009939193937271,9.939193937271,0.0093541666666666,9.3541666666666,9.3541666666666,9.3541666666666,9.3541666666666,11.9683253442103,9.038518927244,9.038518927244,9.939193937271,9.939193937271,9.939193937271,23.952366205581473,-6.374707778007871,-5.609333083363303,-11.984040861371174,23.00052852417179,-5.0727825799821575,-7.988552006918635,-13.061334586900792,23.44491892629025,-3.7214340309374254,-10.369318228686224,-14.090752259623649
2018-09-02,TDOU,-23.08,30.384,630.2,2018,9,2,1341,0.0102746033175893,10.2746033175893,0.009742641890642,9.742641890642,0.010125,10.125,10.125,10.125,10.125,11.9683253442103,10.2746033175893,10.2746033175893,9.742641890642,9.742641890642,9.742641890642,23.953365227787312,-6.0719926299708336,-5.91304725360618,-11.985039883577013,23.000372023967476,-7.998016740702603,-5.259713392622874,-13.257730133325476,23.44483864993603,-7.710463280454157,-5.609375369481874,-13.319838649936031
2018-09-03,TDOU,-23.08,30.384,630.2,2018,9,3,1342,0.0119683253442103,11.9683253442103,0.013213618687863,13.213618687863,0.0131166666666666,13.1166666666666,13.1166666666666,13.1166666666666,13.1166666666666,11.9683253442103,11.9683253442103,11.9683253442103,13.213618687863,13.213618687863,13.213618687863,23.9544167224511,-11.919437978422417,-0.06665339981838514,-11.9860913782408,23.000285264685914,-7.185234143912405,-2.6014324329105065,-9.786666576822913,23.44480670697294,-7.77273993478067,-2.5554001055256705,-10.32814004030634
2018-09-04,TDOU,-23.08,30.384,630.2,2018,9,4,1343,0.016347690157039,16.347690157039,0.0151128276133923,15.1128276133923,0.017675,17.675,17.675,17.675,17.675,16.347690157039,16.347690157039,16.347690157039,15.1128276133923,15.1128276133923,15.1128276133923,23.95552158669547,-6.449388480805882,-1.1584429488505847,-7.607831429656468,23.00026861343241,-5.538604731142702,-2.348836268897408,-7.887441000040111,23.444823396441006,-5.215678613853771,-0.5541447825872332,-5.769823396441005
2018-09-05,TDOU,-23.08,30.384,630.2,2018,9,5,1344,0.016166629971963,16.166629971963,0.0164087991118901,16.4087991118901,0.0159958333333333,15.9958333333333,15.9958333333333,15.9958333333333,15.9958333333333,16.166629971963,16.166629971963,16.166629971963,16.4087991118901,16.4087991118901,16.4087991118901,23.956680643716194,-9.437189182202447,1.6471385104492562,-7.7900506717531925,23.000322359767367,-9.15168000809843,2.5601567602211617,-6.591523247877266,23.444888945739724,-8.472362851319023,1.0233072389125972,-7.449055612406424
2018-09-06,TDOU,-23.08,30.384,630.2,2018,9,6,1345,0.0215312705842546,21.5312705842546,0.0202339819898934,20.2339819898934,0.0212249999999999,21.224999999999905,21.224999999999905,21.224999999999905,21.224999999999905,16.347690157039,21.5312705842546,21.5312705842546,20.2339819898934,20.2339819898934,20.2339819898934,23.957894691695852,-8.644807784814837,1.0346032501579856,-7.610204534656852,23.000446751628047,-6.058689218295701,3.292224456561055,-2.766464761734646,23.445003543429433,-6.8613040893167705,4.641300545887244,-2.2200035434295273
2018-09-07,TDOU,-23.08,30.384,630.2,2018,9,7,1346,0.0300447551146613,30.0447551146613,0.0266678497296934,26.6678497296934,0.027325,27.325,17.675,27.325,27.325,16.347690157039,30.0447551146613,30.0447551146613,16.4087991118901,26.6678497296934,26.6678497296934,23.959164421417505,-7.382826254899314,-0.2286480094791905,-7.611474264378504,23.000641926730527,-5.759787147656332,-0.8320556671840933,-6.591842814840426,23.4451672667602,-5.444700284873598,-0.3254669818866027,-5.7701672667602
2018-09-08,TDOU,-23.08,30.384,630.2,2018,9,8,1347,0.0293061292480936,29.3061292480936,0.0330177362533401,33.0177362533401,0.0316333333333333,31.633333333333297,15.9958333333333,31.633333333333297,31.633333333333297,16.166629971963,29.3061292480936,29.3061292480936,16.4087991118901,33.0177362533401,33.0177362533401,23.96049038328529,-8.984395886038453,1.1905354747161638,-7.793860411322289,23.000907911065216,-7.28063533589465,0.6885265367195359,-6.592108799175115,23.445380061220924,-8.395325033052343,0.9457783051647191,-7.449546727887624
2018-09-09,TDOU,-23.08,30.384,630.2,2018,9,9,1348,0.012707614831013,12.707614831013,0.0098339855856516,9.8339855856516,0.008125,8.125,8.125,8.125,8.125,12.707614831013,12.707614831013,12.707614831013,9.8339855856516,9.8339855856516,9.8339855856516,23.9618729842847,-12.206133653766164,0.951875500494463,-11.2542581532717,23.0012445892333,-12.530126458705539,-0.6371325448761596,-13.167259003581698,23.445641747005315,-12.698375987134712,-2.6222657598706043,-15.320641747005315
2018-09-10,TDOU,-23.08,30.384,630.2,2018,9,10,1349,0.0097768521569994,9.7768521569994,0.0091357174427761,9.1357174427761,0.0098,9.8,9.8,9.8,9.8,9.7768521569994,9.7768521569994,9.7768521569994,9.1357174427761,9.1357174427761,9.1357174427761,23.963312511846468,-11.476535944418126,-2.7099244104289397,-14.186460354847068,23.001651684391533,-12.146677110708909,-1.7192571309065237,-13.865934241615433,23.44595203284388,-10.724723676525537,-2.921228356318341,-13.64595203284388
2018-09-11,TDOU,-23.08,30.384,630.2,2018,9,11,1350,0.0091344472213913,9.1344472213913,0.009229763131521,9.229763131521,0.0096291666666666,9.6291666666666,9.6291666666666,9.6291666666666,9.6291666666666,9.1344472213913,9.1344472213913,9.1344472213913,9.229763131521,9.229763131521,9.229763131521,23.96480907095857,-9.319805270150328,-5.510556579416942,-14.83036184956727,23.0021287586369,-8.79195577932107,-4.9804098477948315,-13.7723656271159,23.446310475749645,-10.605710093745802,-3.2114337153372396,-13.817143809083044
2018-09-12,TDOU,-23.08,30.384,630.2,2018,9,12,1351,0.00846134254054,8.46134254054,0.0087015727526241,8.7015727526241,0.0083708333333333,8.3708333333333,8.3708333333333,8.3708333333333,8.3708333333333,8.46134254054,8.46134254054,8.46134254054,8.7015727526241,8.7015727526241,8.7015727526241,23.966362600739153,-9.975556514526504,-5.529463545672648,-15.505020060199152,23.002675279497645,-6.960923158020255,-7.340179368853288,-14.301102526873544,23.446716500111005,-15.663957784992656,0.5880746182149501,-15.075883166777706
2018-09-30,TDOU,-23.08,30.384,630.2,2018,9,30,1369,0.0171829862190039,17.1829862190039,0.0206506880395768,20.6506880395768,0.0193541666666666,19.3541666666666,9.6291666666666,19.3541666666666,19.3541666666666,17.1829862190039,17.1829862190039,17.1829862190039,9.229763131521,20.6506880395768,20.6506880395768,23.996360065561852,-7.38304233920798,0.5696684926500275,-6.813373846557951,23.01868506653995,-12.474642912994481,-1.3142790220244684,-13.788921935018948,23.45798020756904,-11.388086583261225,-2.440726957641214,-13.82881354090244
2018-10-01,TDOU,-23.08,30.384,630.2,2018,10,1,1370,0.0085576325193309,8.5576325193309,0.0100332463330866,10.0332463330866,0.0091708333333333,9.1708333333333,9.1708333333333,9.1708333333333,9.1708333333333,8.5576325193309,8.5576325193309,8.5576325193309,10.0332463330866,10.0332463330866,10.0332463330866,23.99879266836644,-16.371568778837158,0.9304086298016188,-15.441160149035541,23.020233787971403,-7.111961643059283,-5.87502581182552,-12.986987454884803,23.459038921799912,-9.441661692752575,-4.8465438957140385,-14.288205588466612
2018-10-02,TDOU,-23.08,30.384,630.2,2018,10,2,1371,0.0054285030138028,5.428503013802801,0.0060520824092862,6.0520824092862,0.0060833333333333,6.0833333333333,6.0833333333333,6.0833333333333,6.0833333333333,5.428503013802801,5.428503013802801,5.428503013802801,6.0520824092862,6.0520824092862,6.0520824092862,24.001277090297194,-18.707297558363003,0.13452348186860874,-18.572774076494394,23.021837264044755,-10.433189101719627,-6.5365657530389285,-16.969754854758555,23.460131493694846,-17.636483438647485,0.25968527828593935,-17.376798160361545
2018-10-03,TDOU,-23.08,30.384,630.2,2018,10,3,1372,0.0158910412111708,15.8910412111708,0.0149722517239974,14.9722517239974,0.0167666666666666,16.766666666666598,16.766666666666598,16.766666666666598,16.766666666666598,15.8910412111708,15.8910412111708,15.8910412111708,14.9722517239974,14.9722517239974,14.9722517239974,24.00381262215138,-5.156861813873504,-2.955909597107077,-8.11277141098058,23.023494296087424,-5.268277441815931,-2.7829651302740928,-8.051242572090024,23.461256959301696,-4.746504999009962,-1.9480852936251374,-6.694590292635098
2018-10-04,TDOU,-23.08,30.384,630.2,2018,10,4,1373,0.0206193489901423,20.6193489901423,0.0205756738542963,20.575673854296294,0.02,20.0,13.3083333333333,20.0,20.0,20.6193489901423,20.6193489901423,20.6193489901423,20.575673854296294,20.575673854296294,20.575673854296294,24.00639845113451,-3.5105231496204916,0.1234736886282839,-3.387049460992209,23.0252035972228,-3.1346753685839275,0.6851456256574231,-2.4495297429265044,23.462414280346522,-6.416150495331228,-3.7379304516819936,-10.154080947013222
2018-10-05,TDOU,-23.08,30.384,630.2,2018,10,5,1374,0.013660521431472,13.660521431472,0.0128602766277521,12.8602766277521,0.0129583333333333,12.958333333333298,12.958333333333298,12.958333333333298,12.958333333333298,13.660521431472,13.660521431472,13.660521431472,12.8602766277521,12.8602766277521,12.8602766277521,24.009033734778477,-6.050526633139884,-4.297985670166593,-10.348512303306476,23.026963895010002,-4.787231385298404,-5.3794558819594975,-10.166687267257903,23.463602455978243,-5.007356603700593,-5.49791251894435,-10.505269122644945
2018-10-06,TDOU,-23.08,30.384,630.2,2018,10,6,1375,0.012475425794227,12.475425794227,0.0126524142154927,12.6524142154927,0.0133083333333333,13.3083333333333,13.3083333333333,13.3083333333333,13.3083333333333,12.475425794227,12.475425794227,12.475425794227,12.6524142154927,12.6524142154927,12.6524142154927,24.0117176531868,-8.262533888881952,-3.2737579700778454,-11.5362918589598,23.028773985436896,-6.5437407018578595,-3.8326190680863377,-10.376359769944196,23.46482058416052,-6.578586030788539,-3.577901220038683,-10.15648725082722
2018-10-07,TDOU,-23.08,30.384,630.2,2018,10,7,1376,0.0146202585746858,14.6202585746858,0.0138404545760548,13.8404545760548,0.013625,13.625,13.625,13.625,13.625,14.6202585746858,14.6202585746858,14.6202585746858,13.8404545760548,13.8404545760548,13.8404545760548,24.014449360966537,-7.405681912672827,-1.9885088736079126,-9.394190786280738,23.030632698147315,-7.476453622749512,-1.7137244993430016,-9.190178122092515,23.466067795815533,-7.461543432549262,-2.3795243632662704,-9.841067795815533
2018-10-08,TDOU,-23.08,30.384,630.2,2018,10,8,1377,0.0180632328785186,18.0632328785186,0.0169548758367249,16.9548758367249,0.0158833333333333,15.8833333333333,15.8833333333333,15.8833333333333,15.8833333333333,18.0632328785186,18.0632328785186,18.0632328785186,16.9548758367249,16.9548758367249,16.9548758367249,24.017227918961723,-1.3909584084401634,-4.563036632002959,-5.953995040443122,23.032538804552118,-2.8304718976472425,-3.2471910701799764,-6.077662967827219,23.467343166864207,-3.062892640729473,-4.521117192801434,-7.5840098335309065
2018-10-09,TDOU,-23.08,30.384,630.2,2018,10,9,1378,0.0162341070638451,16.2341070638451,0.0159079602676503,15.9079602676503,0.0145666666666666,14.5666666666666,14.5666666666666,14.5666666666666,14.5666666666666,16.2341070638451,16.2341070638451,16.2341070638451,15.9079602676503,15.9079602676503,15.9079602676503,24.020052317957077,0.6496176316031747,-8.43556288571515,-7.785945254111976,23.03449101010451,0.7798008446753505,-7.906331587129561,-7.126530742454211,23.468645730610195,1.890556816685003,-10.792535880628597,-8.901979063943594
2018-10-10,TDOU,-23.08,30.384,630.2,2018,10,10,1379,0.0219451554055349,21.9451554055349,0.0201161907817005,20.1161907817005,0.0203916666666666,20.3916666666666,20.3916666666666,20.3916666666666,20.3916666666666,21.9451554055349,21.9451554055349,21.9451554055349,20.1161907817005,20.1161907817005,20.1161907817005,24.02292158538411,1.02919963131554,-3.1069658111647485,-2.0777661798492097,23.03648802534138,0.701808668304122,-3.6221059119450025,-2.9202972436408814,23.46997457278228,0.863694566961176,-3.9420024730768546,-3.078307906115679
2018-10-11,TDOU,-23.08,30.384,630.2,2018,10,11,1380,0.0234839643269241,23.4839643269241,0.0214901000385153,21.4901000385153,0.0214916666666666,21.4916666666666,21.4916666666666,21.4916666666666,21.4916666666666,23.4839643269241,23.4839643269241,23.4839643269241,21.4901000385153,21.4901000385153,21.4901000385153,24.025834713241572,1.4846741411452997,-2.0265445274627716,-0.5418703863174734,23.038528552186726,1.8801042562044845,-3.4285327698759076,-1.5484285136714249,23.47132877698744,1.063821373586131,-3.0434834839069715,-1.9796621103208416
2018-10-12,TDOU,-23.08,30.384,630.2,2018,10,12,1381,0.0275278336873061,27.5278336873061,0.0233975597046367,23.397559704636706,0.0241416666666666,24.1416666666666,24.1416666666666,24.1416666666666,24.1416666666666,27.5278336873061,27.5278336873061,27.5278336873061,23.397559704636706,23.397559704636706,23.397559704636706,24.0287906700732,-2.89253572089624,6.391578738129141,3.4990430172329,23.040611336900465,-2.9237456450697143,3.280694012805956,0.3569483677362406,23.472707475811973,-3.8462335180233866,4.515192708878015,0.6689591908546291
2018-10-13,TDOU,-23.08,30.384,630.2,2018,10,13,1382,0.0318053203478403,31.805320347840304,0.0307713670772233,30.771367077223303,0.0302375,30.2375,30.2375,30.2375,30.2375,31.805320347840304,31.805320347840304,31.805320347840304,30.771367077223303,30.771367077223303,30.771367077223303,24.03178842685944,-2.146477034618622,9.920008955599489,7.773531920980865,23.042735159822186,-5.226246118556222,12.954878035957336,7.728631917401117,23.47410986346634,-2.9314951496484887,9.69488528618215,6.763390136533662
2018-10-14,TDOU,-23.08,30.384,630.2,2018,10,14,1383,0.0358181557429584,35.8181557429584,0.033878105113027,33.878105113027004,0.0329541666666666,32.954166666666595,32.954166666666595,32.954166666666595,32.954166666666595,35.8181557429584,35.8181557429584,35.8181557429584,33.878105113027004,33.878105113027004,33.878105113027004,24.03482693912605,5.2985898311749855,6.484738972657368,11.783328803832354,23.04489882145561,6.54611944303835,4.287086848533043,10.833206291571393,23.475535207221544,5.263414075022146,4.215217384422903,9.478631459445051
2018-10-15,TDOU,-23.08,30.384,630.2,2018,10,15,1384,0.0306650347326519,30.6650347326519,0.0274937723857161,27.493772385716102,0.0266708333333333,26.6708333333333,26.6708333333333,26.6708333333333,26.6708333333333,30.6650347326519,30.6650347326519,30.6650347326519,27.493772385716102,27.493772385716102,27.493772385716102,24.037905120708793,4.906060856311573,1.721068755631535,6.627129611943108,23.04710115044606,3.5890460732494467,0.8576251620205966,4.446671235270042,23.476982855382374,3.1995282421955626,-0.0056777642446377286,3.1938504779509245
2018-10-16,TDOU,-23.08,30.384,630.2,2018,10,16,1385,0.0274852987173608,27.4852987173608,0.0275521241121939,27.5521241121939,0.0283999999999999,28.399999999999903,28.399999999999903,28.399999999999903,28.399999999999903,27.4852987173608,27.4852987173608,27.4852987173608,27.5521241121939,27.5521241121939,27.5521241121939,24.041021829318556,3.4568980917397476,-0.01262120369750619,3.4442768880422427,23.049340991535384,4.056949011246131,0.44583410941238455,4.502783120658517,23.47845222489715,2.701219806395851,2.2203279687069006,4.921547775102752
2018-10-17,TDOU,-23.08,30.384,630.2,2018,10,17,1386,0.0356092649323924,35.6092649323924,0.0342961500400062,34.2961500400062,0.0345375,34.5375,34.5375,34.5375,34.5375,35.6092649323924,35.6092649323924,35.6092649323924,34.2961500400062,34.2961500400062,34.2961500400062,24.044175907155815,-1.9614271596359316,13.526516184872516,11.565089025236585,23.051617276818536,-0.8657870754080336,12.110319838595696,11.24453276318766,23.47994282592063,-3.6985733543814496,14.756130528460822,11.05755717407937
2018-10-18,TDOU,-23.08,30.384,630.2,2018,10,18,1387,0.0289366156260405,28.9366156260405,0.0303804714210949,30.380471421094903,0.0278458333333333,27.8458333333333,27.8458333333333,27.8458333333333,27.8458333333333,28.9366156260405,28.9366156260405,28.9366156260405,30.380471421094903,30.380471421094903,30.380471421094903,24.047366209704066,0.13799217957105292,4.75125723676538,4.889249416336433,23.053929003860286,0.4401740713611617,6.8863683458734535,7.3265424172346165,23.481454260128636,-0.7088887998028377,5.073267873007502,4.364379073204663
2018-10-19,TDOU,-23.08,30.384,630.2,2018,10,19,1388,0.0229941468539881,22.9941468539881,0.0220762187740311,22.0762187740311,0.0215333333333333,21.5333333333333,21.5333333333333,21.5333333333333,21.5333333333333,22.9941468539881,22.9941468539881,22.9941468539881,22.0762187740311,22.0762187740311,22.0762187740311,24.050591626248547,0.08343914187791138,-1.139883914138359,-1.0564447722604484,23.05627522642406,-1.2679258094056296,0.2878693570126707,-0.980056452392958,23.482986168679304,-1.1778050023928812,-0.7718478329531244,-1.9496528353460043
2018-10-20,TDOU,-23.08,30.384,630.2,2018,10,20,1389,0.0288987161276682,28.8987161276682,0.0268120781052966,26.8120781052966,0.0282125,28.2125,28.2125,28.2125,28.2125,28.8987161276682,28.8987161276682,28.8987161276682,26.8120781052966,26.8120781052966,26.8120781052966,24.05385106098206,2.9837045842515804,1.8611604824345633,4.844865066686143,23.058655029340542,2.924998565201977,0.8284245107540791,3.753423075956057,23.484538173529714,3.377961948934475,1.349999877535808,4.727961826470285
2018-10-21,TDOU,-23.08,30.384,630.2,2018,10,21,1390,0.0207826713183875,20.7826713183875,0.0226494998084134,22.6494998084134,0.0197208333333333,19.7208333333333,19.7208333333333,19.7208333333333,19.7208333333333,20.7826713183875,20.7826713183875,20.7826713183875,22.6494998084134,22.6494998084134,22.6494998084134,24.05714344417648,1.4003624914333683,-4.6748346172223485,-3.2744721257889786,23.061067534023326,0.1901680176763606,-0.6017357432862873,-0.4115677256099275,23.486109911728008,-0.3761787166927845,-3.3890978617019236,-3.765276578394708
2018-10-22,TDOU,-23.08,30.384,630.2,2018,10,22,1391,0.0134818589027241,13.4818589027241,0.0132325036307873,13.2325036307873,0.0120291666666666,12.0291666666666,12.0291666666666,12.0291666666666,12.0291666666666,13.4818589027241,13.4818589027241,13.4818589027241,13.2325036307873,13.2325036307873,13.2325036307873,24.060467750274075,5.268838843212832,-15.847447690762806,-10.578608847549974,23.063511924088616,7.0167234925941715,-16.847731785895487,-9.831008293301316,23.48770103076574,5.734204371187817,-17.19273873528696,-11.458534364099142
2018-10-23,TDOU,-23.08,30.384,630.2,2018,10,23,1392,0.0153829614514218,15.3829614514218,0.0142266742928139,14.2266742928139,0.0142958333333333,14.2958333333333,14.2958333333333,14.2958333333333,14.2958333333333,15.3829614514218,15.3829614514218,15.3829614514218,14.2266742928139,14.2266742928139,14.2266742928139,24.06382296233351,5.4046798879655835,-14.085541398877295,-8.680861510911711,23.065987377900584,7.534459181032225,-16.37377226611891,-8.839313085086683,23.48931112405479,8.002617220064586,-17.196095010786074,-9.19347779072149
2018-10-24,TDOU,-23.08,30.384,630.2,2018,10,24,1393,0.0149490551599623,14.9490551599623,0.0147288317260586,14.7288317260586,0.0150083333333333,15.0083333333333,15.0083333333333,15.0083333333333,15.0083333333333,14.9490551599623,14.9490551599623,14.9490551599623,14.7288317260586,14.7288317260586,14.7288317260586,24.06720808440906,5.599779393048515,-14.717932317495276,-9.11815292444676,23.068493061512324,6.597658730183604,-14.93732006563733,-8.339661335453725,23.490939741798115,8.687455523761964,-17.17006193222678,-8.482606408464815
2018-10-25,TDOU,-23.08,30.384,630.2,2018,10,25,1394,0.0125089535271761,12.5089535271761,0.0129476809087033,12.9476809087033,0.0137083333333333,13.7083333333333,13.7083333333333,13.7083333333333,13.7083333333333,12.5089535271761,12.5089535271761,12.5089535271761,12.9476809087033,12.9476809087033,12.9476809087033,24.07062220780126,-10.335230263035474,-1.2264384175896872,-11.56166868062516,23.07102821621655,-8.891869180785632,-1.2314781267276196,-10.123347307513251,23.492586471413478,-8.528454057033569,-1.2557990810466073,-9.784253138080178
2018-10-26,TDOU,-23.08,30.384,630.2,2018,10,26,1395,0.0141915879798222,14.1915879798222,0.0146674253967303,14.6674253967303,0.0146625,14.6625,14.6625,14.6625,14.6625,14.1915879798222,14.1915879798222,14.1915879798222,14.6674253967303,14.6674253967303,14.6674253967303,24.074064537613815,10.193856724225535,-20.07633328201715,-9.882476557791614,23.07359221798546,9.017373422501933,-17.423540243757095,-8.40616682125516,23.494251007336906,11.365545080080317,-20.19729608741722,-8.831751007336907
2018-10-27,TDOU,-23.08,30.384,630.2,2018,10,27,1396,0.0143941787038279,14.3941787038279,0.0135158807237568,13.5158807237568,0.0133833333333333,13.3833333333333,13.3833333333333,13.3833333333333,13.3833333333333,14.3941787038279,14.3941787038279,14.3941787038279,13.5158807237568,13.5158807237568,13.5158807237568,24.077534379082937,9.335724818130325,-19.019080493385363,-9.683355675255038,23.07618455463946,9.13074619350674,-18.6910500243894,-9.560303830882662,23.49593312412977,9.704307488157415,-19.816907278953884,-10.11259979079647
2018-10-28,TDOU,-23.08,30.384,630.2,2018,10,28,1397,0.0182128851373869,18.2128851373869,0.0168776177183078,16.8776177183078,0.0173833333333333,17.3833333333333,17.3833333333333,17.3833333333333,17.3833333333333,18.2128851373869,18.2128851373869,18.2128851373869,16.8776177183078,16.8776177183078,16.8776177183078,24.08103113032708,12.136136520358319,-18.0042825132985,-5.868145992940182,23.078804808959152,3.690633132477825,-9.891820223129177,-6.201187090651352,23.497632677347294,11.418003994829554,-17.532303338843548,-6.114299344013993
2018-10-29,TDOU,-23.08,30.384,630.2,2018,10,29,1398,0.0240820569738921,24.0820569738921,0.0225914808996384,22.5914808996384,0.0237416666666666,23.7416666666666,23.7416666666666,23.7416666666666,23.7416666666666,24.0820569738921,24.0820569738921,24.0820569738921,22.5914808996384,22.5914808996384,22.5914808996384,24.084554269813346,8.038299826922119,-8.040797122843365,-0.002497295921244813,23.081452603924802,8.57623775535717,-9.066209459643574,-0.489971704286404,23.499349560217183,8.522645596649202,-8.280328490199786,0.2423171064494163
2018-10-30,TDOU,-23.08,30.384,630.2,2018,10,30,1399,0.0226259827481579,22.6259827481579,0.0222817976026136,22.2817976026136,0.0221041666666666,22.1041666666666,22.1041666666666,22.1041666666666,22.1041666666666,22.6259827481579,22.6259827481579,22.6259827481579,22.2817976026136,22.2817976026136,22.2817976026136,24.08810332923866,7.6242204003079745,-9.086340981388735,-1.462120581080761,23.084127600045072,9.867969071920609,-10.67029906935208,-0.802329997431471,23.501083681208925,10.945533612035224,-12.342450626577548,-1.3969170145423249
2018-11-01,TDOU,-23.08,30.384,630.2,2018,11,1,1401,0.03417945208652,34.17945208652,0.0312903213275978,31.2903213275978,0.0320833333333333,32.0833333333333,32.0833333333333,32.0833333333333,32.0833333333333,34.17945208652,34.17945208652,34.17945208652,31.2903213275978,31.2903213275978,31.2903213275978,24.095277701517542,6.311635241245832,3.772539143756628,10.08417438500246,23.08955824843922,6.430950216351557,1.7698128628070187,8.200763079158577,23.50460355002609,5.789852398794418,2.7888773845127943,8.57872978330721
2018-11-02,TDOU,-23.08,30.384,630.2,2018,11,2,1402,0.0319612438689098,31.9612438689098,0.0331300026206946,33.1300026206946,0.0314333333333333,31.433333333333294,31.433333333333294,31.433333333333294,31.433333333333294,31.9612438689098,31.9612438689098,31.9612438689098,33.1300026206946,33.1300026206946,33.1300026206946,24.09890251316816,7.64091686801653,0.22142448772511258,7.862341355741641,23.092313680947807,8.31434445161088,1.7233444881359112,10.03768893974679,23.506389474825898,8.47737785188935,-0.5504339933819544,7.926943858507396
2018-11-03,TDOU,-23.08,30.384,630.2,2018,11,3,1403,0.0229535497283393,22.953549728339297,0.0231915452256293,23.1915452256293,0.0226208333333333,22.620833333333294,22.620833333333294,22.620833333333294,22.620833333333294,22.953549728339297,22.953549728339297,22.953549728339297,23.1915452256293,23.1915452256293,23.1915452256293,24.10255224556268,0.4870426657343982,-1.6360451829577833,-1.1490025172233835,23.095095910774475,0.34920440984776613,-0.25275509499293847,0.09644931485482644,23.508193049422133,0.24170252231430897,-1.1290622384031472,-0.887359716088838
2018-11-04,TDOU,-23.08,30.384,630.2,2018,11,4,1404,0.021184869515012,21.184869515012,0.0204614878693912,20.4614878693912,0.0202041666666666,20.2041666666666,20.2041666666666,20.2041666666666,20.2041666666666,21.184869515012,21.184869515012,21.184869515012,20.4614878693912,20.4614878693912,20.4614878693912,24.106226864902627,0.4849828443552512,-3.406340194245878,-2.921357349890627,23.097905102141382,0.782546304010901,-3.4189635367610833,-2.6364172327501834,23.51001464354706,0.4577148712320834,-3.7635628481125423,-3.3058479768804574
2018-11-05,TDOU,-23.08,30.384,630.2,2018,11,5,1405,0.0275484819008933,27.5484819008933,0.0271388877263373,27.1388877263373,0.0289083333333333,28.9083333333333,28.9083333333333,28.9083333333333,28.9083333333333,27.5484819008933,27.5484819008933,27.5484819008933,27.1388877263373,27.1388877263373,27.1388877263373,24.109926385849455,0.43201955648860507,3.00653595855524,3.438555515043845,23.10074146331337,2.6334488833451344,1.4046973796787938,4.038146263023929,23.511854697582518,0.8889267840535777,4.507551851697205,5.396478635750782
2018-11-06,TDOU,-23.08,30.384,630.2,2018,11,6,1406,0.0386603927535382,38.6603927535382,0.0382488900513601,38.2488900513601,0.0403291666666666,40.3291666666666,40.3291666666666,40.3291666666666,40.3291666666666,38.6603927535382,38.6603927535382,38.6603927535382,38.2488900513601,38.2488900513601,38.2488900513601,24.113650879476836,7.842391196737586,6.704350677323774,14.546741874061361,23.10360524740256,-5.42914417297261,20.574428976930154,15.14528480395754,23.513713706752995,8.41045768725927,8.40499527265434,16.815452959913607
2018-11-07,TDOU,-23.08,30.384,630.2,2018,11,7,1407,0.0314130568827728,31.4130568827728,0.0296473120655461,29.6473120655461,0.0269416666666666,26.9416666666666,26.9416666666666,26.9416666666666,26.9416666666666,31.4130568827728,31.4130568827728,31.4130568827728,29.6473120655461,29.6473120655461,29.6473120655461,24.11740047190638,5.73413819949711,1.561518211369311,7.295656410866421,23.10649678570738,0.3361499498810626,6.204665329957656,6.540815279838718,23.51559223153016,3.3076224417385065,0.11845199339793311,3.4260744351364387
2018-11-08,TDOU,-23.08,30.384,630.2,2018,11,8,1408,0.0180048249352182,18.0048249352182,0.0165763110764484,16.5763110764484,0.0161625,16.1625,16.1625,16.1625,16.1625,18.0048249352182,18.0048249352182,18.0048249352182,16.5763110764484,16.5763110764484,16.5763110764484,24.121175311033156,5.704250242171599,-11.820600617986557,-6.116350375814957,23.109416475912635,0.18717357989774597,-6.720278979361982,-6.533105399464237,23.51749088258291,2.261265667618004,-9.61625655020091,-7.354990882582907
2018-11-09,TDOU,-23.08,30.384,630.2,2018,11,9,1409,0.0177495445440897,17.749544544089698,0.0160779278457002,16.0779278457002,0.0172083333333333,17.2083333333333,17.2083333333333,17.2083333333333,17.2083333333333,17.749544544089698,17.749544544089698,17.749544544089698,16.0779278457002,16.0779278457002,16.0779278457002,24.12497557368463,3.8376175990707133,-10.213048628665645,-6.375431029594932,23.112364754066874,4.282984007827754,-11.317420916194429,-7.034436908366676,23.519410337177465,6.670227593862996,-12.981304597707162,-6.311077003844165
2018-11-10,TDOU,-23.08,30.384,630.2,2018,11,10,1410,0.0195155525772443,19.5155525772443,0.0197016951232762,19.7016951232762,0.0189208333333333,18.9208333333333,18.9208333333333,18.9208333333333,18.9208333333333,19.5155525772443,19.5155525772443,19.5155525772443,19.7016951232762,19.7016951232762,19.7016951232762,24.128801497707773,9.71204737195229,-14.325296292415763,-4.613248920463473,23.115342128269415,10.649096103572324,-14.06274310856554,-3.4136470049932157,23.521351362024923,10.863393981743009,-15.463912010434633,-4.600518028691624
2018-11-11,TDOU,-23.08,30.384,630.2,2018,11,11,1411,0.0209190344779166,20.9190344779166,0.0200955245352201,20.0955245352201,0.0212,21.2,21.2,21.2,21.2,20.9190344779166,20.9190344779166,20.9190344779166,20.0955245352201,20.0955245352201,20.0955245352201,24.13265341950011,12.67639337485458,-15.890012316438089,-3.2136189415835084,23.118349221660434,12.964826856901178,-15.987651543341512,-3.022824686440334,23.523314826104986,13.019003782461391,-15.342318608566378,-2.323314826104987
2018-11-12,TDOU,-23.08,30.384,630.2,2018,11,12,1412,0.0188053101559693,18.8053101559693,0.0198591625983999,19.859162598399895,0.0184125,18.4125,18.4125,18.4125,18.4125,18.8053101559693,18.8053101559693,18.8053101559693,19.859162598399895,19.859162598399895,19.859162598399895,24.136531754023483,11.8914174177962,-17.222639015850383,-5.331221598054185,23.121386780414934,17.425782689688337,-20.688006871703376,-3.2622241820150393,23.525301650504975,16.29374473218852,-21.406546382693495,-5.112801650504974
2018-11-13,TDOU,-23.08,30.384,630.2,2018,11,13,1413,0.0219352312307985,21.9352312307985,0.0220734480082096,22.0734480082096,0.0229166666666666,22.9166666666666,18.4125,22.9166666666666,22.9166666666666,21.9352312307985,21.9352312307985,21.9352312307985,19.7016951232762,22.0734480082096,22.0734480082096,24.140436891830692,-3.2773211908752464,1.0721155298430531,-2.205205661032192,23.12445558433217,-3.7304699991914028,0.30770953813543045,-3.4227604610559723,23.52731275768731,-5.070545044805192,-0.04426771288211384,-5.114812757687307
2018-11-14,TDOU,-23.08,30.384,630.2,2018,11,14,1414,0.0177043085969794,17.7043085969794,0.0183171070931488,18.3171070931488,0.0183416666666666,18.3416666666666,18.3416666666666,18.3416666666666,18.3416666666666,17.7043085969794,17.7043085969794,17.7043085969794,18.3171070931488,18.3171070931488,18.3171070931488,24.14436915517798,-8.940063992599923,2.5000034344013393,-6.4400605581985815,23.127556391766113,4.891448829982445,-9.701898128599758,-4.810449298617314,23.52934901745021,-6.418665412238893,1.2309830614552837,-5.187682350783607
2018-11-15,TDOU,-23.08,30.384,630.2,2018,11,15,1415,0.0155661535421554,15.5661535421554,0.0142716645801676,14.2716645801676,0.0158375,15.8375,18.4125,15.8375,15.8375,15.5661535421554,15.5661535421554,15.5661535421554,14.2716645801676,14.2716645801676,14.2716645801676,24.14832883059458,-0.5610458719864252,-8.021129416452755,-8.58217528843918,23.130689926220523,-1.9001594615285953,-6.958865884524325,-8.859025346052922,23.531411253779947,0.21738093111608486,-5.336292184896031,-5.118911253779945
2018-11-16,TDOU,-23.08,30.384,630.2,2018,11,16,1416,0.0168524005542909,16.852400554290902,0.0161603663724427,16.160366372442702,0.0179875,17.9875,17.9875,17.9875,17.9875,16.852400554290902,16.852400554290902,16.852400554290902,16.160366372442702,16.160366372442702,16.160366372442702,24.152316215665813,1.5835871207960668,-8.883502782170977,-7.299915661374911,23.133856847957368,1.7463809580227474,-8.719871433537413,-6.973490475514666,23.533500228028636,3.641041335873308,-9.187041563901943,-5.546000228028635
2018-11-17,TDOU,-23.08,30.384,630.2,2018,11,17,1417,0.0203123248205449,20.312324820544895,0.0161957946992536,16.1957946992536,0.0187125,18.7125,18.7125,18.7125,18.7125,20.312324820544895,20.312324820544895,20.312324820544895,16.1957946992536,16.1957946992536,16.1957946992536,24.15633171714837,0.9160393181979982,-4.7600462148014735,-3.8440068966034744,23.137057819227106,0.8587593905338818,-7.800022510507388,-6.941263119973506,23.535616707456917,1.4640028146708157,-6.287119522127735,-4.823116707456919
2018-11-18,TDOU,-23.08,30.384,630.2,2018,11,18,1418,0.0310485784334593,31.0485784334593,0.0266889155804422,26.6889155804422,0.0284666666666666,28.4666666666666,28.4666666666666,28.4666666666666,28.4666666666666,31.0485784334593,31.0485784334593,31.0485784334593,26.6889155804422,26.6889155804422,26.6889155804422,24.16037587301583,8.494732539184094,-1.6065299787406246,6.888202560443471,23.140293561620716,7.89095259216221,-4.342330573340728,3.548622018821483,23.537761546029977,8.714264660026691,-3.7853595393900648,4.928905120636625
2018-11-19,TDOU,-23.08,30.384,630.2,2018,11,19,1419,0.0324995854269935,32.4995854269935,0.0305241219930375,30.5241219930375,0.0290041666666666,29.0041666666666,29.0041666666666,29.0041666666666,29.0041666666666,30.8118246811155,32.4995854269935,32.4995854269935,30.5241219930375,30.5241219930375,30.5241219930375,24.164449289955353,9.004910393441202,-2.3575350022810575,6.647375391160146,23.143564909052312,10.01715163066649,-2.6365945466813017,7.380557083985188,23.539935732661938,9.903679597597792,-4.439448663593133,5.464230934004661
2018-11-20,TDOU,-23.08,30.384,630.2,2018,11,20,1420,0.0308118246811155,30.8118246811155,0.0322809333885885,32.2809333885885,0.03205,32.050000000000004,28.4666666666666,32.050000000000004,32.050000000000004,30.8118246811155,30.8118246811155,30.8118246811155,32.2809333885885,32.2809333885885,32.2809333885885,24.16855267362499,8.45431626709692,-1.8110442596064082,6.643272007490509,23.146872750412523,12.239353281141579,-3.105292642965601,9.134060638175978,23.542140329339535,7.910571517435973,-2.9860451801089063,4.924526337327066
2018-11-21,TDOU,-23.08,30.384,630.2,2018,11,21,1421,0.0349135795482656,34.9135795482656,0.0322171042272653,32.2171042272653,0.0330916666666666,33.091666666666605,28.4666666666666,33.091666666666605,33.091666666666605,34.9135795482656,34.9135795482656,34.9135795482656,32.2171042272653,32.2171042272653,32.2171042272653,24.172686774161946,13.283301615794597,-2.5424088416909427,10.740892774103656,23.150218033096657,13.023706395022579,-3.956820200853933,9.066886194168646,23.544376445214944,11.38152763847911,-6.4592374170274525,4.922290221451657
2018-11-22,TDOU,-23.08,30.384,630.2,2018,11,22,1422,0.0293782118147674,29.3782118147674,0.0277316567457937,27.7316567457937,0.0250875,25.0875,25.0875,25.0875,25.0875,29.3782118147674,29.3782118147674,29.3782118147674,27.7316567457937,27.7316567457937,27.7316567457937,24.17685240774077,10.831502531201263,-5.630143124174634,5.201359407026629,23.153601794455493,10.955665540336867,-6.37761058899866,4.578054951338206,23.546645281034078,12.395356173144588,-10.854501454178667,1.540854718965921
2018-11-23,TDOU,-23.08,30.384,630.2,2018,11,23,1423,0.0269740401096549,26.9740401096549,0.0266794234482675,26.6794234482675,0.0265791666666666,26.5791666666666,26.5791666666666,26.5791666666666,26.5791666666666,26.9740401096549,26.9740401096549,26.9740401096549,26.6794234482675,26.6794234482675,26.6794234482675,24.181050412747062,10.515232141176476,-7.7222424442686375,2.7929896969078385,23.1570251382653,9.40980919695901,-5.887410886956811,3.522398310002199,23.54894809429706,9.86032618209451,-6.830107609724969,3.0302185723695416
2018-11-24,TDOU,-23.08,30.384,630.2,2018,11,24,1424,0.0267983739533941,26.7983739533941,0.0263540659247176,26.3540659247176,0.0259583333333333,25.9583333333333,25.9583333333333,25.9583333333333,25.9583333333333,26.7983739533941,26.7983739533941,26.7983739533941,26.3540659247176,26.3540659247176,26.3540659247176,24.185281568760946,10.56453524292866,-7.951442858295504,2.6130923846331555,23.160489162612727,9.681021780809484,-6.487445018704612,3.193576762104872,23.55128613026957,8.28424869025795,-5.87720148719422,2.4070472030637298
2018-11-25,TDOU,-23.08,30.384,630.2,2018,11,25,1425,0.0279631795912356,27.9631795912356,0.0271079550187304,27.1079550187304,0.0263708333333333,26.3708333333333,26.3708333333333,26.3708333333333,26.3708333333333,27.9631795912356,27.9631795912356,27.9631795912356,27.1079550187304,27.1079550187304,27.1079550187304,24.18954656811117,6.6858805465894795,-2.912247523465048,3.7736330231244324,23.163994902241107,8.799735558131651,-4.855775441642358,3.9439601164892935,23.553660577040812,7.026880871369095,-4.209708115076605,2.8171727562924893
2018-11-26,TDOU,-23.08,30.384,630.2,2018,11,26,1426,0.0319198306967445,31.919830696744494,0.0303778162208789,30.377816220878906,0.032125,32.125,32.125,32.125,32.125,31.919830696744494,31.919830696744494,31.919830696744494,30.377816220878906,30.377816220878906,30.377816220878906,24.193846027498438,7.23570478454717,0.49027988469888584,7.725984669246056,23.167543295945563,7.666922235984228,-0.45664931105088513,7.210272924933342,23.556072569858088,7.610251350173497,0.9586760799684129,8.568927430141912
2018-11-27,TDOU,-23.08,30.384,630.2,2018,11,27,1427,0.0355323537976361,35.5323537976361,0.0364338783881725,36.433878388172495,0.0386,38.6,38.6,38.6,38.6,35.5323537976361,35.5323537976361,35.5323537976361,36.433878388172495,36.433878388172495,36.433878388172495,24.198180584703223,4.081369220535283,7.252803992397592,11.334173212932875,23.171135252954898,4.263919491945974,8.99882364327162,13.262743135217598,23.558523268230488,3.155604895101793,11.885871836667718,15.041476731769514
2018-11-28,TDOU,-23.08,30.384,630.2,2018,11,28,1428,0.0409197358017038,40.9197358017038,0.0386005763519956,38.6005763519956,0.0412041666666666,41.2041666666666,41.2041666666666,41.2041666666666,41.2041666666666,32.2876765672402,40.9197358017038,40.9197358017038,38.6005763519956,38.6005763519956,38.6005763519956,24.20255093488381,8.693296524624918,-0.6081708922685323,8.085125632356387,23.17477175820764,-2.520407127516837,17.9462117213048,15.425804593787959,23.561013884432256,-1.8543081208882597,19.497460903122608,17.643152782234345
2018-11-29,TDOU,-23.08,30.384,630.2,2018,11,29,1429,0.0322876765672402,32.2876765672402,0.0338978797452276,33.8978797452276,0.0301125,30.1125,30.1125,30.1125,30.1125,32.2876765672402,32.2876765672402,32.2876765672402,33.8978797452276,33.8978797452276,33.8978797452276,24.206957835238693,8.262098471682114,-0.1813797396806116,8.080718732001504,23.178453894281557,-0.4216836483603533,11.141109499306392,10.719425850946042,23.563545673347623,0.7936742829094695,5.755280043742907,6.548954326652378
2018-11-30,TDOU,-23.08,30.384,630.2,2018,11,30,1430,0.0243575171415017,24.357517141501702,0.0222348179421059,22.234817942105902,0.023375,23.375,23.375,23.375,23.375,24.357517141501702,24.357517141501702,24.357517141501702,22.234817942105902,22.234817942105902,22.234817942105902,24.211402140534997,-6.405990408666455,6.55210540963316,0.14611500096670582,23.18218282339074,-5.101604894699045,4.154240013414206,-0.9473648812848374,23.566119960127384,-1.8285368289919348,1.6374168688645518,-0.1911199601273843
2018-12-02,TDOU,-23.08,30.384,630.2,2018,12,2,1432,0.0329484062649325,32.9484062649325,0.0279138615814314,27.9138615814314,0.0327666666666666,32.766666666666595,32.766666666666595,32.766666666666595,32.766666666666595,32.9484062649325,32.9484062649325,32.9484062649325,33.8978797452276,27.9138615814314,27.9138615814314,24.220406758993605,2.6834933709751647,6.044506134963733,8.727999505938897,23.189785894699558,2.9858237082258325,7.722270142302207,10.70809385052804,23.571401712397428,2.8365171561815523,6.358747798087613,9.195264954269167
2018-12-03,TDOU,-23.08,30.384,630.2,2018,12,3,1433,0.0306956857128582,30.6956857128582,0.0347123418290559,34.7123418290559,0.0355166666666666,35.5166666666666,35.5166666666666,35.5166666666666,35.5166666666666,30.6956857128582,30.6956857128582,30.6956857128582,34.7123418290559,34.7123418290559,34.7123418290559,24.224969125280193,8.94144160933612,-2.4707250217581134,6.470716587578007,23.193662590936885,7.5674565841812775,3.9512226539377373,11.518679238119017,23.57411216107396,9.02793111717077,2.914623388421873,11.942554505592643
2018-12-04,TDOU,-23.08,30.384,630.2,2018,12,4,1434,0.0348716568341325,34.8716568341325,0.0341362480872669,34.1362480872669,0.0369208333333333,36.9208333333333,36.9208333333333,36.9208333333333,36.9208333333333,34.8716568341325,34.8716568341325,34.8716568341325,34.1362480872669,34.1362480872669,34.1362480872669,24.229572951595504,9.779624323128264,0.8624595594087339,10.642083882536998,23.197591137172623,10.866555235090196,0.0721017150040808,10.938656950094277,23.5768709356495,10.811050272056399,2.5329121256274014,13.3439623976838
2018-12-05,TDOU,-23.08,30.384,630.2,2018,12,5,1435,0.035354868912758,35.354868912758,0.0333677624052068,33.367762405206804,0.0365208333333333,36.5208333333333,36.5208333333333,36.5208333333333,36.5208333333333,35.354868912758,35.354868912758,35.354868912758,33.367762405206804,33.367762405206804,33.367762405206804,24.23421932151946,8.795414225800771,2.32523536543777,11.12064959123854,23.20157282401241,9.53516209368682,0.6310274875075734,10.166189581194395,23.579679443601556,11.278223922672252,1.6629299670594904,12.941153889731744
2018-12-06,TDOU,-23.08,30.384,630.2,2018,12,6,1436,0.0377416815324734,37.7416815324734,0.0400303934275746,40.0303934275746,0.0406083333333333,40.6083333333333,40.6083333333333,40.6083333333333,40.6083333333333,37.7416815324734,37.7416815324734,37.7416815324734,40.0303934275746,40.0303934275746,40.0303934275746,24.238909335850558,10.791411996025666,2.711360200597177,13.502772196622843,23.205608983733615,13.049217765437778,3.7755666784032087,16.824784443840986,23.582539108211375,13.874654601743696,3.151139623378228,17.025794225121924
2018-12-07,TDOU,-23.08,30.384,630.2,2018,12,7,1437,0.0365381834308097,36.5381834308097,0.0396893178324718,39.6893178324718,0.0411333333333333,41.1333333333333,41.1333333333333,41.1333333333333,41.1333333333333,36.5381834308097,36.5381834308097,36.5381834308097,39.6893178324718,39.6893178324718,39.6893178324718,24.243644129852633,13.722561949037049,-1.4280226480799811,12.29453930095707,23.209701020388227,16.74638815692417,-0.2667713448405955,16.479616812083574,23.585451395380222,15.604356130289874,1.9435258076632032,17.547881937953075
2018-12-08,TDOU,-23.08,30.384,630.2,2018,12,8,1438,0.0444879131333782,44.4879131333782,0.0431441573832087,43.1441573832087,0.047325,47.325,40.6083333333333,47.325,47.325,36.6939389118509,44.4879131333782,44.4879131333782,39.6893178324718,43.1441573832087,43.1441573832087,24.248424809941397,16.89326948446423,-4.447755382554728,12.445514101909502,23.21385037266613,19.831195749011794,-3.355728289206123,16.47546745980567,23.588417730873804,16.39959606017905,0.6203195422804448,17.019915602459495
2018-12-09,TDOU,-23.08,30.384,630.2,2018,12,9,1439,0.0457142448491996,45.7142448491996,0.0433451306203575,43.34513062035749,0.0451791666666666,45.1791666666666,40.6083333333333,45.1791666666666,45.1791666666666,36.6939389118509,45.7142448491996,45.7142448491996,39.6893178324718,43.34513062035749,43.34513062035749,24.253252425977468,15.986232371729633,-3.5455458858562032,12.440686485873432,23.218058389253084,18.44539568974379,-1.9741362465250738,16.471259443218717,23.591439417504546,18.13967442029755,-1.1227805044687962,17.016893915828753
2018-12-10,TDOU,-23.08,30.384,630.2,2018,12,10,1440,0.0366939389118509,36.6939389118509,0.0368882959168279,36.8882959168279,0.0370458333333333,37.0458333333333,37.0458333333333,37.0458333333333,37.0458333333333,36.6939389118509,36.6939389118509,36.6939389118509,36.8882959168279,36.8882959168279,36.8882959168279,24.25812798894907,15.920399707014985,-3.484588784113157,12.43581092290183,23.222326351711615,17.18008336005784,-3.5141137949415544,13.665969565116285,23.59451767839247,14.974391084277443,-1.5230754293366147,13.451315654940828
2018-12-11,TDOU,-23.08,30.384,630.2,2018,12,11,1441,0.0287162382065958,28.7162382065958,0.0304734235502642,30.4734235502642,0.0277291666666666,27.7291666666666,27.7291666666666,27.7291666666666,27.7291666666666,28.7162382065958,28.7162382065958,28.7162382065958,30.4734235502642,30.4734235502642,30.4734235502642,24.26305242853433,10.134406472374604,-5.681220694313133,4.453185778061471,23.226655450429952,13.65945763200955,-6.4126895321753,7.246768099834249,23.597653643011693,12.300989310866761,-8.169476287211854,4.131513023654907
2018-12-12,TDOU,-23.08,30.384,630.2,2018,12,12,1442,0.0253264602132008,25.3264602132008,0.0222857907958736,22.2857907958736,0.023925,23.925,23.925,23.925,23.925,28.2829167268446,25.3264602132008,25.3264602132008,22.2857907958736,22.2857907958736,22.2857907958736,24.268026622979963,7.798608047687437,-3.7837179438228006,4.014890103864637,23.231046797608837,7.278873577748735,-8.224129579483973,-0.9452560017352383,23.60084836406111,7.961133268991178,-7.636981633052288,0.3241516359388896
2018-12-13,TDOU,-23.08,30.384,630.2,2018,12,13,1443,0.0282829167268446,28.2829167268446,0.0249716842093815,24.9716842093815,0.0269166666666666,26.9166666666666,26.9166666666666,26.9166666666666,26.9166666666666,28.2829167268446,28.2829167268446,28.2829167268446,24.9716842093815,24.9716842093815,24.9716842093815,24.273051459620447,6.458743618769068,-2.448878351544913,4.0098652672241535,23.235501422911067,6.651948050282035,-4.915765263811604,1.7361827864704331,23.604102810290993,5.275461968018709,-1.9628981116431028,3.3125638563756077
2018-12-14,TDOU,-23.08,30.384,630.2,2018,12,14,1444,0.0279855072626243,27.9855072626243,0.0274900412553053,27.4900412553053,0.0282666666666666,28.2666666666666,28.2666666666666,28.2666666666666,28.2666666666666,27.9855072626243,27.9855072626243,27.9855072626243,27.4900412553053,27.4900412553053,27.4900412553053,24.278127762464184,6.366503375494256,-2.659123875334142,3.7073795001601155,23.240020238098012,6.775596833228749,-2.525575816021462,4.250021017207288,23.607417863893684,6.227922982004621,-1.568674179231703,4.659248802772918
2018-12-15,TDOU,-23.08,30.384,630.2,2018,12,15,1445,0.0214104316440432,21.4104316440432,0.0209850202577906,20.9850202577906,0.0199166666666666,19.9166666666666,26.9166666666666,19.9166666666666,19.9166666666666,21.4104316440432,21.4104316440432,21.4104316440432,20.9850202577906,20.9850202577906,20.9850202577906,24.283256293859395,4.632766645963291,-7.505591295779485,-2.872824649816195,23.244604042794577,3.0674898435250375,-5.327073628529014,-2.2595837850039757,23.610794354764668,4.289274930684909,-0.9834026187829785,3.3058723119019326
2018-12-16,TDOU,-23.08,30.384,630.2,2018,12,16,1446,0.0254453975202986,25.4453975202986,0.0235637072662072,23.5637072662072,0.0248541666666666,24.8541666666666,24.8541666666666,24.8541666666666,24.8541666666666,25.4453975202986,25.4453975202986,25.4453975202986,23.5637072662072,23.5637072662072,23.5637072662072,24.288437822713668,3.6462295793715933,-2.4892698817866616,1.1569596975849308,23.249253622224956,4.215850590392298,-3.9013969464100526,0.31445364398224385,23.614233103366495,2.2690930259813196,-1.0291594626812142,1.2399335633001058
2018-12-17,TDOU,-23.08,30.384,630.2,2018,12,17,1447,0.0325095320766589,32.5095320766589,0.0291128319768748,29.1128319768748,0.0279916666666666,27.9916666666666,27.9916666666666,27.9916666666666,27.9916666666666,32.5095320766589,32.5095320766589,32.5095320766589,29.1128319768748,29.1128319768748,29.1128319768748,24.29367309465738,3.7660267255697955,4.449832256431726,8.21585898200152,23.25396972854681,2.398249744369084,3.460612503958906,5.858862248327991,23.61773488896059,3.615092553367241,0.758839224338768,4.373931777706009
2018-12-18,TDOU,-23.08,30.384,630.2,2018,12,18,1448,0.0301800248701792,30.1800248701792,0.0267846905426936,26.7846905426936,0.0279791666666666,27.9791666666666,27.9791666666666,27.9791666666666,27.9791666666666,30.1800248701792,30.1800248701792,30.1800248701792,26.7846905426936,26.7846905426936,26.7846905426936,24.29896283553459,5.764936088307472,0.11612594633713869,5.881062034644611,23.25875306418169,4.101082245276247,-0.575144766764339,3.52593747851191,23.62130047491912,4.690261361894787,-0.3323951701473078,4.35786619174748
2018-12-19,TDOU,-23.08,30.384,630.2,2018,12,19,1449,0.0336363679934029,33.6363679934029,0.0330780437840281,33.078043784028104,0.0338333333333333,33.8333333333333,33.8333333333333,33.8333333333333,33.8333333333333,33.6363679934029,33.6363679934029,33.6363679934029,33.078043784028104,33.078043784028104,33.078043784028104,24.304307762756572,9.18344195693657,0.1486182737097579,9.332060230646327,23.26360430687332,10.823154939032927,-1.0087154618781398,9.814439477154785,23.6249305973121,11.959318555859506,-1.7509158198383048,10.208402736021199
2018-12-20,TDOU,-23.08,30.384,630.2,2018,12,20,1450,0.0410259419608241,41.0259419608241,0.0398396905299229,39.839690529922905,0.0410708333333333,41.0708333333333,33.8333333333333,41.0708333333333,41.0708333333333,41.0259419608241,41.0259419608241,41.0259419608241,39.839690529922905,39.839690529922905,39.839690529922905,24.309708603803035,10.981111950892998,5.735121406128066,16.716233357021064,23.268524139883333,12.051011189699876,4.520155200339694,16.571166390039572,23.62862594477021,9.406425488626036,0.7982818999370558,10.20470738856309
2018-12-21,TDOU,-23.08,30.384,630.2,2018,12,21,1451,0.0358607437466378,35.8607437466378,0.0360916278850463,36.0916278850463,0.0345,34.5,34.5,34.5,34.5,35.8607437466378,35.8607437466378,35.8607437466378,36.0916278850463,36.0916278850463,36.0916278850463,24.315166098794478,6.698239818090303,4.84733782975302,11.545577647843324,23.273513266451474,7.762994910372555,5.055119708222271,12.818114618594826,23.632387169920335,7.037688961252902,3.8299238688267607,10.867612830079665
2018-12-22,TDOU,-23.08,30.384,630.2,2018,12,22,1452,0.0343471741527722,34.3471741527722,0.0295132555345648,29.5132555345648,0.031575,31.575,38.8333333333333,31.575,31.575,34.3471741527722,34.3471741527722,34.3471741527722,29.5132555345648,29.5132555345648,29.5132555345648,24.320680982125268,5.320426400368171,4.70606677027876,10.02649317064693,23.278572435903058,4.231863566393244,2.0028195322684965,6.2346830986617405,23.636214962791556,6.87398185505616,8.323136515485587,15.197118370541745
2018-12-23,TDOU,-23.08,30.384,630.2,2018,12,23,1453,0.0396648206352834,39.6648206352834,0.0379885844728879,37.9885844728879,0.0393916666666666,39.3916666666666,39.3916666666666,39.3916666666666,39.3916666666666,39.6648206352834,39.6648206352834,39.6648206352834,37.9885844728879,37.9885844728879,37.9885844728879,24.326253934975497,16.503807034768606,-1.1652403344607052,15.3385667003079,23.283702405563318,7.801199235193372,6.90368283213121,14.704882067324583,23.640110017146036,8.428280182117259,7.323276467403307,15.751556649520566
2018-12-24,TDOU,-23.08,30.384,630.2,2018,12,24,1454,0.0390593299740256,39.0593299740256,0.0393812310964856,39.3812310964856,0.0388333333333333,38.8333333333333,38.8333333333333,38.8333333333333,38.8333333333333,39.0593299740256,39.0593299740256,39.0593299740256,39.3812310964856,39.3812310964856,39.3812310964856,24.331885547395753,9.580575312743338,5.14686911388651,14.727444426629848,23.28890385662969,9.355613377357813,6.736713862498096,16.09232723985591,23.64407290654135,6.86140585107209,8.327854575719861,15.18926042679195
2018-12-25,TDOU,-23.08,30.384,630.2,2018,12,25,1455,0.0366135341504409,36.6135341504409,0.037187762402011,37.187762402011,0.0395,39.5,39.5,39.5,39.5,36.6135341504409,36.6135341504409,36.6135341504409,37.187762402011,37.187762402011,37.187762402011,24.337576315687407,7.289299159260658,4.9866586754928335,12.275957834753491,23.294177393566784,8.512966677867558,5.3806183305766595,13.89358500844422,23.648104062994452,17.35803078151751,-1.506134844511962,15.851895937005548
2018-12-26,TDOU,-23.08,30.384,630.2,2018,12,26,1456,0.0345732779192717,34.5732779192717,0.0367637933999202,36.7637933999202,0.0372416666666666,37.2416666666666,37.2416666666666,37.2416666666666,37.2416666666666,34.5732779192717,34.5732779192717,34.5732779192717,36.7637933999202,36.7637933999202,36.7637933999202,24.343326669564984,6.983092431882292,3.246858817824428,10.229951249706719,23.299523540834443,9.282226631952922,4.182043227132837,13.46426985908576,23.65220381744747,15.984288911810133,-2.394826062591001,13.589462849219132
2018-12-27,TDOU,-23.08,30.384,630.2,2018,12,27,1457,0.0331975698121507,33.1975698121507,0.0354204729691104,35.4204729691104,0.0335708333333333,33.5708333333333,33.5708333333333,33.5708333333333,33.5708333333333,33.1975698121507,33.1975698121507,33.1975698121507,35.4204729691104,35.4204729691104,35.4204729691104,24.349136975030316,6.1814229962214595,2.6670098408989205,8.84843283712038,23.304942751236904,8.71244627702618,3.4030839408473135,12.115530217873495,23.65637242511972,7.233435695461767,2.681025212751809,9.914460908213577
2018-12-28,TDOU,-23.08,30.384,630.2,2018,12,28,1458,0.0386857681435861,38.685768143586095,0.0401457642377742,40.1457642377742,0.0387125,38.7125,38.7125,38.7125,38.7125,38.685768143586095,38.685768143586095,38.685768143586095,40.1457642377742,40.1457642377742,40.1457642377742,24.35500752396671,8.58968117203944,5.741079447579946,14.330760619619387,23.31043540308372,9.837879302033372,6.997449532657111,16.835328834690483,23.660610078702433,9.125724693129111,5.926165228168454,15.051889921297565
2018-12-29,TDOU,-23.08,30.384,630.2,2018,12,29,1459,0.0400802627851814,40.0802627851814,0.0420312272855613,42.0312272855613,0.0402416666666666,40.2416666666666,40.2416666666666,40.2416666666666,40.2416666666666,40.0802627851814,40.0802627851814,40.0802627851814,42.0312272855613,42.0312272855613,42.0312272855613,24.36093848761539,9.291815187966717,6.4275091095992885,15.719324297566008,23.316001744444847,10.661889463744318,8.053336077372137,18.715225541116453,23.664916848917688,10.16214980092276,6.414600016826153,16.576749817748915
2018-12-30,TDOU,-23.08,30.384,630.2,2018,12,30,1460,0.0367576167446312,36.7576167446312,0.0394353920948021,39.4353920948021,0.0383125,38.3125,38.3125,38.3125,38.3125,36.7576167446312,36.7576167446312,36.7576167446312,39.4353920948021,39.4353920948021,39.4353920948021,24.36692992485485,8.969582322223827,3.4211044975525198,12.390686819776349,23.3216418805424,10.716675249851782,5.3970749644079135,16.113750214259696,23.66929268125348,10.137170135647635,4.506037183098883,14.64320731874652
2019-01-01,TDOU,-23.08,30.384,630.2,2019,1,1,1462,0.0416605503068759,41.6605503068759,0.0380902843434964,38.0902843434964,0.0395625,39.5625,39.5625,39.5625,39.5625,41.6605503068759,41.6605503068759,41.6605503068759,38.0902843434964,38.0902843434964,38.0902843434964,24.379094176877885,12.01712980335242,5.264326326645595,17.281456129998013,23.333143484727817,11.561984888217912,3.195155970550669,14.757140858768583,23.67825092705737,11.99512913657951,3.8891199363631195,15.88424907294263
2019-01-02,TDOU,-23.08,30.384,630.2,2019,1,2,1463,0.0495090878709689,49.5090878709689,0.0490920517462196,49.0920517462196,0.0496958333333333,49.6958333333333,40.2416666666666,49.6958333333333,49.6958333333333,49.5090878709689,49.5090878709689,49.5090878709689,49.0920517462196,49.0920517462196,49.0920517462196,24.385266837192987,10.679741923724954,14.444079110050957,25.12382103377591,23.339004770023106,12.870588844501826,12.882458131694673,25.753046976196497,23.682832883878135,12.882547106051005,3.676286676737462,16.55883378278847
2019-01-03,TDOU,-23.08,30.384,630.2,2019,1,3,1464,0.047488304576284,47.488304576284,0.0466082641319725,46.6082641319725,0.0469541666666666,46.9541666666666,39.5625,46.9541666666666,46.9541666666666,47.488304576284,47.488304576284,47.488304576284,46.6082641319725,46.6082641319725,46.6082641319725,24.391499559420623,11.669904212709827,11.426900804153547,23.096805016863378,23.344939455546076,12.779637270404862,10.48368740602156,23.26332467642642,23.687482898985575,12.319347136814978,3.555669964199449,15.875017101014425
2019-01-04,TDOU,-23.08,30.384,630.2,2019,1,4,1465,0.0383954403819308,38.3954403819308,0.0405575775385917,40.5575775385917,0.0407541666666666,40.7541666666666,40.7541666666666,40.7541666666666,40.7541666666666,38.3954403819308,38.3954403819308,38.3954403819308,40.5575775385917,40.5575775385917,40.5575775385917,24.397792000181116,11.066031603680385,2.9316167780692943,13.99764838174968,23.350947193900552,12.811030852229836,4.395599492461315,17.20663034469115,23.692200464444376,12.347979054578621,4.7139871476436,17.061966202222223
2019-01-05,TDOU,-23.08,30.384,630.2,2019,1,5,1466,0.0360537206180843,36.05372061808431,0.0325291309746082,32.5291309746082,0.0325791666666666,32.579166666666595,39.125,32.579166666666595,32.579166666666595,36.05372061808431,36.05372061808431,36.05372061808431,32.5291309746082,32.5291309746082,32.5291309746082,24.404143772543474,10.07092024480212,1.5786566007387215,11.649576845540839,23.35702754773447,10.594692877479988,-1.4225894506062566,9.17210342687373,23.69698501021835,12.381045739343676,3.046969250437975,15.428014989781651
2019-01-06,TDOU,-23.08,30.384,630.2,2019,1,6,1467,0.0390022300248194,39.00223002481941,0.0376992839994495,37.69928399944951,0.0385416666666666,38.5416666666666,38.5416666666666,38.5416666666666,38.5416666666666,39.00223002481941,39.00223002481941,39.00223002481941,37.69928399944951,37.69928399944951,37.69928399944951,24.41055444360717,10.091287203951648,4.500388377260592,14.59167558121224,23.363180005985125,9.02661555509164,5.30948843837275,14.336103993464388,23.70183588122604,7.8591910421936255,6.980639743246936,14.839830785440562
2019-01-07,TDOU,-23.08,30.384,630.2,2019,1,7,1468,0.0365492201841876,36.5492201841876,0.0373802342269108,37.3802342269108,0.039125,39.125,39.125,39.125,39.125,36.5492201841876,36.5492201841876,36.5492201841876,37.3802342269108,37.3802342269108,37.3802342269108,24.417023480011313,9.871873436111015,2.2603232680652674,12.132196704176284,23.36940393662192,9.001243069187009,5.009587221101871,14.01083029028888,23.706752280894655,9.097477089643329,6.320770629462018,15.418247719105345
2019-01-08,TDOU,-23.08,30.384,630.2,2019,1,8,1469,0.0391060691975364,39.1060691975364,0.0369896273617569,36.9896273617569,0.0382791666666666,38.2791666666666,38.2791666666666,38.2791666666666,38.2791666666666,39.1060691975364,39.1060691975364,39.1060691975364,36.9896273617569,36.9896273617569,36.9896273617569,24.42355028288085,10.80030369415082,3.8822152205047296,14.68251891465555,23.375698567091536,8.979926228610942,4.6340025660544235,13.613928794665366,23.711733287929203,9.539599857184838,5.027833521552555,14.567433378737395
2019-01-09,TDOU,-23.08,30.384,630.2,2019,1,9,1470,0.0422658149764979,42.2658149764979,0.0401662798616165,40.1662798616165,0.0415666666666666,41.5666666666666,41.5666666666666,41.5666666666666,41.5666666666666,42.2658149764979,42.2658149764979,42.2658149764979,40.1662798616165,40.1662798616165,40.1662798616165,24.430134244751972,11.37258035843267,6.463100373313257,17.835680731745928,23.382063044843953,12.81427273253875,3.9699440842337985,16.78421681677255,23.71677792147194,12.876517653369975,4.973371091824685,17.849888745194658
2019-01-10,TDOU,-23.08,30.384,630.2,2019,1,10,1471,0.0434444298027791,43.4444298027791,0.0406428831671804,40.6428831671804,0.0436458333333333,43.6458333333333,43.6458333333333,43.6458333333333,43.6458333333333,43.4444298027791,43.4444298027791,43.4444298027791,40.6428831671804,40.6428831671804,40.6428831671804,24.436774777013195,12.410123143314124,6.597531882451779,19.007655025765903,23.388496501610195,13.899173023997935,3.35521364157227,17.254386665570205,23.72188517386477,14.94960008272203,4.974348076746502,19.92394815946853
2019-01-11,TDOU,-23.08,30.384,630.2,2019,1,11,1472,0.042018712106227,42.018712106227,0.043709992316294,43.709992316294,0.0451208333333333,45.120833333333294,45.120833333333294,45.120833333333294,45.120833333333294,42.018712106227,42.018712106227,42.018712106227,43.709992316294,43.709992316294,43.709992316294,24.443471312517183,13.194116674050692,4.381124119659127,17.575240793709817,23.394998095989116,15.526012168487263,4.788982051817619,20.314994220304882,23.727054040209577,17.65687095137374,3.7369083417499773,21.393779293123718
2019-01-12,TDOU,-23.08,30.384,630.2,2019,1,12,1473,0.0435042659225288,43.5042659225288,0.0420533210329212,42.0533210329212,0.0444958333333333,44.495833333333294,44.495833333333294,44.495833333333294,44.495833333333294,43.5042659225288,43.5042659225288,43.5042659225288,42.0533210329212,42.0533210329212,42.0533210329212,24.450223276591814,12.609191380042423,6.444851265894563,19.05404264593699,23.401567042689578,14.319527806632534,4.332226183599083,18.65175399023162,23.732283512523775,15.763566035182864,4.999983785626657,20.76354982080952
2019-01-13,TDOU,-23.08,30.384,630.2,2019,1,13,1474,0.0390120508345018,39.0120508345018,0.0389684434026423,38.9684434026423,0.0386875,38.6875,38.6875,38.6875,38.6875,39.0120508345018,39.0120508345018,39.0120508345018,38.9684434026423,38.9684434026423,38.9684434026423,24.457030108622178,15.107366050938303,-0.5523453250586812,14.555020725879622,23.408202594977375,13.343169190131652,2.2170716175332714,15.560240807664925,23.737572595802472,14.138474085802937,0.8114533183945909,14.949927404197528
2019-01-14,TDOU,-23.08,30.384,630.2,2019,1,14,1475,0.0347559745767177,34.755974576717705,0.0360973571416988,36.0973571416988,0.0381125,38.1125,38.1125,38.1125,38.1125,34.755974576717705,34.755974576717705,34.755974576717705,36.0973571416988,36.0973571416988,36.0973571416988,24.46389128244877,13.721073660751214,-3.4289903664822816,10.292083294268934,23.41490403557526,13.917102650285573,-1.2346495441620284,12.682453106123543,23.7429202982393,14.47186381814523,-0.10228411638453494,14.369579701760696
2019-01-15,TDOU,-23.08,30.384,630.2,2019,1,15,1476,0.0364110352013587,36.4110352013587,0.0389368366098844,38.9368366098844,0.0383958333333333,38.3958333333333,38.3958333333333,38.3958333333333,38.3958333333333,36.4110352013587,36.4110352013587,36.4110352013587,38.9368366098844,38.9368366098844,38.9368366098844,24.470806303103934,9.732935361690929,2.2072935365638386,11.940228898254766,23.42167066112129,10.926542217811246,4.588623730951866,15.515165948763112,23.748325644061655,8.901257105990522,5.746250583281121,14.647507689271645
2019-01-16,TDOU,-23.08,30.384,630.2,2019,1,16,1477,0.0419752639032084,41.9752639032084,0.0427609607459952,42.7609607459952,0.0420041666666666,42.0041666666666,42.0041666666666,42.0041666666666,42.0041666666666,41.9752639032084,41.9752639032084,41.9752639032084,42.7609607459952,42.7609607459952,42.7609607459952,24.477774651116285,9.083210567316904,8.414278684775212,17.497489252092116,23.428501730873986,7.872407889118428,11.460051126002785,19.332459015121213,23.753787651556852,9.06297741266538,9.187401602444364,18.250379015109747
2019-01-17,TDOU,-23.08,30.384,630.2,2019,1,17,1478,0.0375604112655651,37.5604112655651,0.0333237240729452,33.3237240729452,0.0339458333333333,33.9458333333333,33.9458333333333,33.9458333333333,33.9458333333333,37.5604112655651,37.5604112655651,37.5604112655651,33.3237240729452,33.3237240729452,33.3237240729452,24.484795803057033,11.340121242242704,1.735494220265366,13.075615462508068,23.435396528513465,10.23362688054981,-0.34529933611807806,9.888327544431732,23.75930536808507,11.387409623328235,-1.2008816580800072,10.186527965248228
2019-01-18,TDOU,-23.08,30.384,630.2,2019,1,18,1479,0.0342573582786845,34.2573582786845,0.0328727913073917,32.8727913073917,0.0310833333333333,31.0833333333333,31.0833333333333,31.0833333333333,31.0833333333333,34.2573582786845,34.2573582786845,34.2573582786845,32.8727913073917,32.8727913073917,32.8727913073917,24.49186926246678,12.272384263847957,-2.5068952476302364,9.765489016217721,23.44235438263416,11.431161432921298,-2.00072450816376,9.43043692475754,23.764877876089216,10.88562891084218,-3.5671734535980946,7.3184554572440845
2019-01-19,TDOU,-23.08,30.384,630.2,2019,1,19,1480,0.0409756788365201,40.975678836520096,0.0403450736481228,40.3450736481228,0.0411083333333333,41.108333333333306,41.108333333333306,41.108333333333306,41.108333333333306,40.975678836520096,40.975678836520096,40.975678836520096,40.3450736481228,40.3450736481228,40.3450736481228,24.498994584183254,16.8542960880069,-0.3776118356700593,16.47668425233684,23.449374687223635,15.681645565860956,1.21405339503821,16.895698960899164,23.770504303334924,16.121110639078214,1.2167183909201675,17.33782902999838
2019-01-20,TDOU,-23.08,30.384,630.2,2019,1,20,1481,0.0294830448414454,29.4830448414454,0.0308230752118714,30.8230752118714,0.0289583333333333,28.9583333333333,28.9583333333333,28.9583333333333,28.9583333333333,29.4830448414454,29.4830448414454,29.4830448414454,30.8230752118714,30.8230752118714,30.8230752118714,24.5061713997776,9.516297467858363,-4.5394240261905665,4.976873441667799,23.45645689988332,8.819400395803639,-1.4527820838155563,7.366618311988081,23.77618383765578,8.374078317379185,-3.1919288217016657,5.182149495677521
2019-01-21,TDOU,-23.08,30.384,630.2,2019,1,21,1482,0.016065700465099,16.065700465099,0.0146618329942834,14.6618329942834,0.0145125,14.5125,14.5125,14.5125,14.5125,16.065700465099,16.065700465099,16.065700465099,14.6618329942834,14.6618329942834,14.6618329942834,24.513399408438783,3.6638781231110285,-12.111577066450813,-8.447698943339784,23.463600528857345,2.4763098398782053,-11.27807737445215,-8.801767534573946,23.781915721430835,2.413532636436725,-11.682948357867561,-9.269415721430835
2019-01-22,TDOU,-23.08,30.384,630.2,2019,1,22,1483,0.0195004375350408,19.5004375350408,0.0180332578062534,18.033257806253403,0.019975,19.975,19.975,19.975,19.975,19.5004375350408,19.5004375350408,19.5004375350408,18.033257806253403,18.033257806253403,18.033257806253403,24.520678348351247,4.081356821662025,-9.101597634972473,-5.020240813310448,23.47080511858511,4.270437091007691,-9.707984403339397,-5.437547312331706,23.78769924440525,3.601997579122068,-7.414696823527315,-3.8126992444052483
2019-01-23,TDOU,-23.08,30.384,630.2,2019,1,23,1484,0.0217321546321011,21.7321546321011,0.018249589887096,18.249589887096,0.0178375,17.8375,17.8375,17.8375,17.8375,21.7321546321011,21.7321546321011,21.7321546321011,18.249589887096,18.249589887096,18.249589887096,24.528007960703857,7.1294015717566595,-9.925254900359416,-2.7958533286027567,23.47807024638421,5.742850404540989,-10.971330763829197,-5.228480359288209,23.79353371483027,5.361966672305614,-11.318000387135886,-5.956033714830273
2019-01-24,TDOU,-23.08,30.384,630.2,2019,1,24,1485,0.0300060495530613,30.006049553061303,0.0278812533034807,27.8812533034807,0.0281916666666666,28.1916666666666,28.1916666666666,28.1916666666666,28.1916666666666,30.006049553061303,30.006049553061303,30.006049553061303,27.8812533034807,27.8812533034807,27.8812533034807,24.535387956056624,9.284221402181414,-3.8135598051767374,5.470661597004678,23.48539548407956,9.77958902728583,-5.38373120788469,4.39585781940114,23.79941842799252,8.734340097329728,-4.34209185865565,4.392248238674078
2019-01-25,TDOU,-23.08,30.384,630.2,2019,1,25,1486,0.0359002314555291,35.900231455529095,0.0351683768327415,35.1683768327415,0.0345833333333333,34.5833333333333,34.5833333333333,34.5833333333333,34.5833333333333,35.900231455529095,35.900231455529095,35.900231455529095,35.1683768327415,35.1683768327415,35.1683768327415,24.54281803104574,9.374735148439534,1.9826782760438206,11.357413424483354,23.492780379553142,10.181520015640269,1.4940764375480917,11.675596453188358,23.805352631858984,8.970112547103632,1.8078681543706843,10.777980701474316
2019-01-26,TDOU,-23.08,30.384,630.2,2019,1,26,1487,0.0443578272550212,44.3578272550212,0.0415937700548821,41.5937700548821,0.0418833333333333,41.8833333333333,41.8833333333333,41.8833333333333,41.8833333333333,44.3578272550212,44.3578272550212,44.3578272550212,41.5937700548821,41.5937700548821,41.5937700548821,24.55029782844666,20.62423140339254,-0.816701976817999,19.80752942657454,23.500224429906982,18.990173673515393,-0.8966280485402756,18.093545624975118,23.811335471280653,18.75875427569139,-0.6867564136387472,18.071997862052644
2019-01-27,TDOU,-23.08,30.384,630.2,2019,1,27,1488,0.0409693181648127,40.96931816481271,0.0412397311754868,41.2397311754868,0.0381708333333333,38.1708333333333,38.1708333333333,38.1708333333333,38.1708333333333,40.96931816481271,40.96931816481271,40.96931816481271,41.2397311754868,41.2397311754868,41.2397311754868,24.55782685166527,10.460363788771584,5.95112752437586,16.411491313147444,23.507727037589238,12.61827323665892,5.113730901238643,17.732004137897565,23.817365957413745,6.467932677951428,7.885534697968126,14.353467375919553
2019-01-28,TDOU,-23.08,30.384,630.2,2019,1,28,1489,0.0382606250644647,38.2606250644647,0.0374471569215583,37.447156921558296,0.0369041666666666,36.9041666666666,36.9041666666666,36.9041666666666,36.9041666666666,38.2606250644647,38.2606250644647,38.2606250644647,37.447156921558296,37.447156921558296,37.447156921558296,24.565404446363075,4.835820415178263,8.85940020292336,13.695220618101622,23.515287452103575,5.904924445102254,8.026945024352468,13.931869469454721,23.823442945330516,3.9271185455992215,9.15360517573686,13.080723721336081
2019-01-29,TDOU,-23.08,30.384,630.2,2019,1,29,1490,0.0306362264385146,30.6362264385146,0.0315336850732867,31.5336850732867,0.030125,30.125,30.125,30.125,30.125,30.6362264385146,30.6362264385146,30.6362264385146,31.5336850732867,31.5336850732867,31.5336850732867,24.57302980091092,1.2212605672599275,4.841936070343753,6.063196637603681,23.522904742441693,3.0427692106835615,4.968011120161446,8.010780330845009,23.829565115429777,2.3452450247854855,3.9501898597847394,6.2954348845702235
2019-01-30,TDOU,-23.08,30.384,630.2,2019,1,30,1491,0.0299650489669814,29.9650489669814,0.027672934657188,27.672934657188,0.0287291666666666,28.7291666666666,28.7291666666666,28.7291666666666,28.7291666666666,29.9650489669814,29.9650489669814,29.9650489669814,35.993131825050995,27.672934657188,27.672934657188,24.580701982144397,4.030913863109251,1.3534331217277504,5.384346984837002,23.530577809766026,8.46458021670383,3.997973798581139,12.462554015284969,23.835730980751336,4.8337728154936475,0.05966287042161866,4.893435685915264
2019-02-01,TDOU,-23.08,30.384,630.2,2019,2,1,1493,0.0398102065123969,39.8102065123969,0.0361124903725729,36.1124903725729,0.0350833333333333,35.0833333333333,35.0833333333333,35.0833333333333,35.0833333333333,39.8102065123969,39.8102065123969,39.8102065123969,36.1124903725729,36.1124903725729,36.1124903725729,24.596182572394216,18.209801249512246,-2.9957773095095597,15.214023940002686,23.546086294044333,3.8963543494778543,8.670049729050714,12.566404078528567,23.848187210688586,3.53966053528297,7.695485587361745,11.235146122644714
2019-02-02,TDOU,-23.08,30.384,630.2,2019,2,2,1494,0.0380030316396458,38.0030316396458,0.035993131825051,35.993131825050995,0.0342291666666666,34.2291666666666,34.2291666666666,34.2291666666666,34.2291666666666,38.0030316396458,38.0030316396458,38.0030316396458,35.993131825050995,35.993131825050995,35.993131825050995,24.60398854303662,17.108154588651153,-3.709111492041977,13.399043096609176,23.553918875877738,16.03351275243462,-3.5942998032613644,12.439212949173257,23.854473927290307,14.230831687430092,-3.856138948053797,10.374692739376293
2019-02-03,TDOU,-23.08,30.384,630.2,2019,2,3,1495,0.0362330101144314,36.2330101144314,0.035268746475557,35.268746475557,0.0348,34.8,34.8,34.8,34.8,36.2330101144314,36.2330101144314,36.2330101144314,35.268746475557,35.268746475557,35.268746475557,24.611836514072706,5.183063464295858,6.438110136062836,11.621173600358695,23.56180155518489,5.086574033417323,6.620370886954792,11.706944920372113,23.860797026062297,5.46512784336405,5.474075130573649,10.9392029739377
2019-02-04,TDOU,-23.08,30.384,630.2,2019,2,4,1496,0.0440367867691198,44.0367867691198,0.041477706128075,41.477706128075,0.0433666666666666,43.3666666666666,43.3666666666666,43.3666666666666,43.3666666666666,44.0367867691198,44.0367867691198,44.0367867691198,41.477706128075,41.477706128075,41.477706128075,24.6197251678807,4.702801293824607,14.714260307414495,19.4170616012391,23.569732649456824,7.13870173466172,10.769271743956452,17.907973478618175,23.86715443405219,10.130842700489676,9.368669532124734,19.499512232614414
2019-02-05,TDOU,-23.08,30.384,630.2,2019,2,5,1497,0.0483553497323738,48.3553497323738,0.0465123306771667,46.5123306771667,0.0460583333333333,46.0583333333333,40.9458333333333,46.0583333333333,46.0583333333333,48.3553497323738,48.3553497323738,48.3553497323738,40.7327866611996,46.5123306771667,46.5123306771667,24.62765317552039,25.22533376898953,-1.497637212136116,23.727696556853413,23.577710488939193,8.095557478503778,9.059518693756626,17.155076172260404,23.87354407757793,8.151009217985957,8.92128003776941,17.07228925575537
2019-02-06,TDOU,-23.08,30.384,630.2,2019,2,6,1498,0.0466439979119082,46.6439979119082,0.0461734517409325,46.1734517409325,0.0444833333333333,44.4833333333333,44.4833333333333,44.4833333333333,44.4833333333333,46.6439979119082,46.6439979119082,46.6439979119082,40.7327866611996,46.1734517409325,46.1734517409325,24.635619245290883,4.978818510054577,17.029560156562738,22.00837866661732,23.585733438130646,11.095378842007943,6.051674381061009,17.14705322306895,23.87996387433124,11.06453202984134,9.538837429160722,20.60336945900206
2019-02-07,TDOU,-23.08,30.384,630.2,2019,2,7,1499,0.0399692782597018,39.9692782597018,0.0407327866611996,40.7327866611996,0.0409458333333333,40.9458333333333,40.9458333333333,40.9458333333333,40.9458333333333,39.9692782597018,39.9692782597018,39.9692782597018,40.7327866611996,40.7327866611996,40.7327866611996,24.643622139477177,12.853055070370281,2.472601049854344,15.325656120224625,23.593799902849568,13.59628430307738,3.5427024552726465,17.13898675835003,23.886411777383977,14.706134681553927,2.353286874395394,17.05942155594932
2019-02-08,TDOU,-23.08,30.384,630.2,2019,2,8,1500,0.0303877824578531,30.387782457853103,0.0289133834838775,28.913383483877503,0.0286541666666666,28.6541666666666,28.6541666666666,28.6541666666666,28.6541666666666,30.387782457853103,30.387782457853103,30.387782457853103,28.913383483877503,28.913383483877503,28.913383483877503,24.651660651910547,16.20301668084728,-10.466894874904725,5.736121805942556,23.601908323578584,14.698065084770267,-9.386589924471348,5.311475160298919,23.892885788459527,15.131308236707014,-10.37002735849994,4.761280878207074
2019-02-09,TDOU,-23.08,30.384,630.2,2019,2,9,1501,0.0302523367912843,30.2523367912843,0.0253960100547813,25.3960100547813,0.0273541666666666,27.3541666666666,28.6541666666666,27.3541666666666,27.3541666666666,30.2523367912843,30.2523367912843,30.2523367912843,25.3960100547813,25.3960100547813,25.3960100547813,24.65973359883646,18.938151130020525,-13.345547937572686,5.592603192447839,23.610057180839394,19.07766269413276,-17.291709820190853,1.7859528739419055,23.899383959065517,18.813435548736766,-14.058652841135682,4.754782707601084
2019-02-10,TDOU,-23.08,30.384,630.2,2019,2,10,1502,0.0278077787657665,27.8077787657665,0.0253271139716764,25.3271139716764,0.0265458333333333,26.5458333333333,26.5458333333333,26.5458333333333,26.5458333333333,27.8077787657665,27.8077787657665,27.8077787657665,25.3271139716764,25.3271139716764,25.3271139716764,24.667839837194848,20.269499778296463,-17.12956084972481,3.1399389285716524,23.61824498948573,19.49337456428333,-17.78450558209266,1.708868982190669,23.905904390321922,19.78222285898846,-17.142293915977085,2.639928943011377
2019-02-11,TDOU,-23.08,30.384,630.2,2019,2,11,1503,0.0283047939438553,28.3047939438553,0.026640099438533,26.640099438533,0.0284833333333333,28.483333333333302,28.483333333333302,28.483333333333302,28.483333333333302,30.387782457853103,28.3047939438553,28.3047939438553,26.640099438533,26.640099438533,26.640099438533,24.67597824866122,15.338837973605392,-9.62703376441351,5.711804209191882,23.626470246812108,15.3072570518924,-12.293627860171508,3.0136291917208915,23.9124452168893,13.98809816792655,-9.417210051482547,4.570888116444003
2019-02-12,TDOU,-23.08,30.384,630.2,2019,2,12,1504,0.034533550542253,34.533550542253,0.031457163347785,31.457163347785,0.0370125,37.0125,37.0125,37.0125,37.0125,34.533550542253,34.533550542253,34.533550542253,31.457163347785,31.457163347785,31.457163347785,24.68414773665314,13.025309725297296,-3.175906919697436,9.849402805599862,23.63473147429255,12.397800964329415,-4.575369090836965,7.822431873492448,23.91900463269995,13.579536113434182,-0.48604074613412607,13.093495367300054
2019-02-13,TDOU,-23.08,30.384,630.2,2019,2,13,1505,0.0516780098263402,51.6780098263402,0.0496638881320248,49.6638881320248,0.0515416666666666,51.5416666666666,51.5416666666666,51.5416666666666,51.5416666666666,51.6780098263402,51.6780098263402,51.6780098263402,49.6638881320248,49.6638881320248,49.6638881320248,24.69234721378661,13.9813325061519,13.004330106401689,26.98566261255359,23.643027198386786,12.683587058689781,13.337273874948234,26.020860933638016,23.925580897724377,9.656053082159337,17.960032686782885,27.616085768942224
2019-02-14,TDOU,-23.08,30.384,630.2,2019,2,14,1506,0.0539262702934609,53.9262702934609,0.0528749666317994,52.8749666317994,0.0541875,54.1875,51.5416666666666,54.1875,54.1875,53.9262702934609,53.9262702934609,53.9262702934609,52.8749666317994,52.8749666317994,52.8749666317994,24.700575609532653,6.772273272989199,22.453421410939054,29.22569468392825,23.65135598248373,7.783352396085425,21.440258253230247,29.223610649315674,23.93217232449757,7.436244673252058,20.173249668916974,27.60949434216903
2019-02-15,TDOU,-23.08,30.384,630.2,2019,2,15,1507,0.0544153049871239,54.4153049871239,0.0519580443982558,51.9580443982558,0.0544125,54.4125,54.4125,54.4125,54.4125,54.4153049871239,54.4153049871239,54.4153049871239,51.9580443982558,51.9580443982558,51.9580443982558,24.70883184870438,4.862441383860176,24.84403175455935,29.706473138419522,23.659716410600993,5.320219573989005,22.9781084136658,28.298327987654808,23.938777266128206,6.756685842542545,23.71703689132925,30.473722733871796
2019-02-16,TDOU,-23.08,30.384,630.2,2019,2,16,1508,0.0552255049688395,55.2255049688395,0.0527898089144544,52.7898089144544,0.0528083333333333,52.808333333333294,52.808333333333294,52.808333333333294,52.808333333333294,55.2255049688395,55.2255049688395,55.2255049688395,52.7898089144544,52.7898089144544,52.7898089144544,24.717114768912747,5.309504574562158,25.1988856253646,30.508390199926755,23.668107044111935,6.063379567687602,23.058322302654858,29.121701870342463,23.9453940587755,4.025183675758881,24.837755598798914,28.862939274557796
2019-02-17,TDOU,-23.08,30.384,630.2,2019,2,17,1509,0.0398942914361826,39.894291436182606,0.0402058856859977,40.2058856859977,0.038375,38.375,38.375,38.375,38.375,39.894291436182606,39.894291436182606,39.894291436182606,40.2058856859977,40.2058856859977,40.2058856859977,24.72542309219053,1.7840590565942058,13.384809287397868,15.168868343992077,23.67652640468095,2.4855578623350203,14.04380141898173,16.52935928131675,23.95202102023091,3.249793937644617,11.173185042124473,14.422978979769091
2019-02-18,TDOU,-23.08,30.384,630.2,2019,2,18,1510,0.0258531021105374,25.853102110537403,0.0227282494140038,22.7282494140038,0.0224333333333333,22.4333333333333,22.4333333333333,22.4333333333333,22.4333333333333,25.853102110537403,25.853102110537403,25.853102110537403,22.7282494140038,22.7282494140038,22.7282494140038,24.73375544295628,1.7719809824666635,-0.6526343148855389,1.119346667581123,23.68497293996362,-0.3925068618877654,-0.5642166640720596,-0.9567235259598235,23.95865641351094,-1.003835454963963,-0.5214876252136769,-1.525323080177639
2019-02-19,TDOU,-23.08,30.384,630.2,2019,2,19,1511,0.0235474501295184,23.5474501295184,0.0199369658560292,19.9369658560292,0.0200375,20.0375,28.775,20.0375,20.0375,23.5474501295184,23.5474501295184,23.5474501295184,19.9369658560292,19.9369658560292,19.9369658560292,24.74211040674835,0.6367543892943894,-1.8314146665243385,-1.19466027722995,23.69344499291275,-0.5594593862293566,-3.197019750654192,-3.7564791368835486,23.965298425527195,2.5296986352067097,2.280002939266094,4.809701574472804
2019-02-20,TDOU,-23.08,30.384,630.2,2019,2,20,1512,0.025813494009586,25.813494009586,0.0216107019035786,21.6107019035786,0.0241875,24.1875,28.775,24.1875,24.1875,30.544538778997502,25.813494009586,25.813494009586,21.6107019035786,21.6107019035786,21.6107019035786,24.75048655738462,7.268428115225239,-1.474375893612354,5.794052221612883,23.701940844303397,3.984078509961074,-6.075317450685869,-2.0912389407247964,23.971945249207845,5.980431055203436,-1.1773763044112826,4.803054750792153
2019-02-21,TDOU,-23.08,30.384,630.2,2019,2,21,1513,0.0305445387789975,30.544538778997502,0.0273652063368717,27.3652063368717,0.028775,28.775,28.775,28.775,28.775,30.544538778997502,30.544538778997502,30.544538778997502,27.3652063368717,27.3652063368717,27.3652063368717,24.758882468633495,11.30335667656866,-5.51770036620465,5.785656310364008,23.71045879568632,8.823160233783348,-5.168412692597968,3.6547475411853796,23.978595162095242,9.213387805770584,-4.4169829678658274,4.796404837904756
2019-02-22,TDOU,-23.08,30.384,630.2,2019,2,22,1514,0.035389584280008,35.389584280007995,0.0338177988897244,33.8177988897244,0.0324166666666666,32.4166666666666,32.4166666666666,32.4166666666666,32.4166666666666,35.389584280007995,35.389584280007995,35.389584280007995,33.8177988897244,33.8177988897244,33.8177988897244,24.76729673627058,11.9326472067503,-1.3103596630128855,10.622287543737414,23.718997199134844,12.481252253378136,-2.3824505627885806,10.098801690589557,23.98524655407936,11.204089532785051,-2.7726694201978113,8.43142011258724
2019-02-23,TDOU,-23.08,30.384,630.2,2019,2,23,1515,0.0344240083077406,34.4240083077406,0.0360314448532825,36.0314448532825,0.0365291666666666,36.5291666666666,36.5291666666666,36.5291666666666,36.5291666666666,34.4240083077406,34.4240083077406,34.4240083077406,36.0314448532825,36.0314448532825,36.0314448532825,24.775727989777703,11.962613988430043,-2.314333670467146,9.648280317962897,23.727554458609845,13.923929836653345,-1.620039441980687,12.303890394672656,23.991897883713285,14.42390789071097,-1.8866391077576594,12.537268782953312
2019-02-24,TDOU,-23.08,30.384,630.2,2019,2,24,1516,0.0389871126592833,38.9871126592833,0.0355707821849657,35.5707821849657,0.0389791666666666,38.9791666666666,38.9791666666666,38.9791666666666,38.9791666666666,38.9871126592833,38.9871126592833,38.9871126592833,35.5707821849657,35.5707821849657,35.5707821849657,24.78417489909781,9.51363631541852,4.6893014447669685,14.202937760185488,23.736129006452405,10.491813614781805,1.3428395637314914,11.834653178513296,23.998547640868534,10.831141599588562,4.149477426209504,14.980619025798067
2019-02-25,TDOU,-23.08,30.384,630.2,2019,2,25,1517,0.0440878318337108,44.0878318337108,0.0413474481507175,41.347448150717504,0.042825,42.825,42.825,42.825,42.825,44.0878318337108,44.0878318337108,44.0878318337108,41.347448150717504,41.347448150717504,41.347448150717504,24.79263613664245,19.209239425462012,0.08595627160633867,19.29519569706835,23.74471923598707,18.505285133522055,-0.9025562187916201,17.602728914730434,24.005194298340136,19.990447870859967,-1.1706421692001001,18.819805701659867
2019-02-26,TDOU,-23.08,30.384,630.2,2019,2,26,1518,0.0333553432717458,33.3553432717458,0.0346614837808995,34.661483780899495,0.0356374999999999,35.637499999999896,35.637499999999896,35.637499999999896,35.637499999999896,33.3553432717458,33.3553432717458,33.3553432717458,34.661483780899495,34.661483780899495,34.661483780899495,24.801110310692454,-7.294104656986328,15.848337618039675,8.554232961053348,23.753323467388974,-5.117015228540848,16.02517554205137,10.908160313510521,24.011836276278288,-7.054838164913837,18.680501888635447,11.625663723721608
2019-02-27,TDOU,-23.08,30.384,630.2,2019,2,27,1519,0.0367013861944148,36.7013861944148,0.0332218557279138,33.2218557279138,0.0359666666666666,35.9666666666666,35.9666666666666,35.9666666666666,35.9666666666666,36.7013861944148,36.7013861944148,36.7013861944148,33.2218557279138,33.2218557279138,33.2218557279138,24.80959593871056,5.330480120550593,6.561310135153647,11.89179025570424,23.761939945295918,-5.892053793207715,15.351969575825596,9.45991578261788,24.018471932273265,-6.722951281437551,18.671146015830885,11.948194734393333
2019-02-28,TDOU,-23.08,30.384,630.2,2019,2,28,1520,0.0389664805903946,38.9664805903946,0.0366946614711958,36.6946614711958,0.0388541666666666,38.8541666666666,38.8541666666666,38.8541666666666,38.8541666666666,38.9664805903946,38.9664805903946,38.9664805903946,36.6946614711958,36.6946614711958,36.6946614711958,24.8180914338613,5.425170951131395,8.72321820540191,14.148389156533302,23.770566829553523,5.386826644867624,7.537267996774652,12.924094641642277,24.025099537227526,6.993625796835246,7.835441332603828,14.829067129439075
2019-03-01,TDOU,-23.08,30.384,630.2,2019,3,1,1521,0.0428282515049198,42.8282515049198,0.0405617278047281,40.5617278047281,0.0401291666666666,40.1291666666666,40.1291666666666,40.1291666666666,40.1291666666666,42.8282515049198,42.8282515049198,42.8282515049198,40.5617278047281,40.5617278047281,40.5617278047281,24.826595114662712,8.527443635445811,9.474212754811273,18.001656390257086,23.779202195268006,10.2418056204396,6.540719989020495,16.782525609460095,24.031717272703066,9.429518658937578,6.667930735025955,16.097449393963533
2019-03-02,TDOU,-23.08,30.384,630.2,2019,3,2,1522,0.0412867342915075,41.2867342915075,0.0391843744143229,39.1843744143229,0.03925,39.25,39.25,39.25,39.25,41.2867342915075,41.2867342915075,41.2867342915075,39.1843744143229,39.1843744143229,39.1843744143229,24.835105221721253,7.080913238654656,9.370715831131587,16.451629069786247,23.787844044649493,7.812103722073781,7.584426647599631,15.39653036967341,24.038323260621,6.965672823259504,8.246003916119498,15.211676739379001
2019-03-03,TDOU,-23.08,30.384,630.2,2019,3,3,1523,0.0404964468274889,40.4964468274889,0.0397625654994042,39.7625654994042,0.0409541666666666,40.9541666666666,40.9541666666666,40.9541666666666,40.9541666666666,40.4964468274889,40.4964468274889,40.4964468274889,39.7625654994042,39.7625654994042,39.7625654994042,24.843619922496817,10.838858211679927,4.813968693312159,15.652826904992086,23.796490340011914,10.18281181016781,5.783263349224473,15.966075159392283,24.044915574656713,9.76526901979665,7.143982072213241,16.90925109200989
2019-03-04,TDOU,-23.08,30.384,630.2,2019,3,4,1524,0.0392217845945023,39.221784594502296,0.0408543143173132,40.8543143173132,0.0379958333333333,37.9958333333333,37.9958333333333,37.9958333333333,37.9958333333333,39.221784594502296,39.221784594502296,39.221784594502296,40.8543143173132,40.8543143173132,40.8543143173132,24.852137271858172,9.783584868307644,4.586062454336481,14.369647322644123,23.80513897368728,10.446082623654808,6.603092719971105,17.049175343625915,24.05149219287348,9.573037205910433,4.371303934549392,13.944341140459823
2019-03-05,TDOU,-23.08,30.384,630.2,2019,3,5,1525,0.0371887648116264,37.1887648116264,0.0374276347035109,37.4276347035109,0.0398416666666666,39.841666666666605,39.841666666666605,39.841666666666605,39.841666666666605,37.1887648116264,37.1887648116264,37.1887648116264,37.4276347035109,37.4276347035109,37.4276347035109,24.860655187265237,14.330531037453284,-2.0024214130921223,12.328109624361161,23.813787698572163,14.636716582928953,-1.022869577990221,13.613847004938734,24.058050954346612,16.26125748983518,-0.47764177751518844,15.783615712319992
2019-03-06,TDOU,-23.08,30.384,630.2,2019,3,6,1526,0.034148946904921,34.148946904921,0.0352068871649371,35.2068871649371,0.0351125,35.1125,35.1125,35.1125,35.1125,34.148946904921,34.148946904921,34.148946904921,35.2068871649371,35.2068871649371,35.2068871649371,24.86917145675885,13.708683277808625,-4.428907829646477,9.279775448162148,23.82243412447014,15.032983466814738,-3.648530426347776,11.384453040466962,24.06458956509501,15.018060017531662,-3.9701495826266715,11.047910434904988
2019-03-07,TDOU,-23.08,30.384,630.2,2019,3,7,1527,0.0272776369887906,27.2776369887906,0.0258510258676397,25.8510258676397,0.0243833333333333,24.383333333333297,34.4958333333333,24.383333333333297,24.383333333333297,27.2776369887906,27.2776369887906,27.2776369887906,25.8510258676397,25.8510258676397,25.8510258676397,24.87768375731076,-0.46861692439912844,2.8685701558789702,2.3999532314798415,23.831075752760025,-0.287193260119344,2.3071433749990184,2.0199501148796735,24.071105631058643,11.489625116984925,-1.0648974147102663,10.424727702274659
2019-03-08,TDOU,-23.08,30.384,630.2,2019,3,8,1528,0.0239973301881005,23.997330188100506,0.0212407551596212,21.2407551596212,0.0209416666666666,20.9416666666666,29.7833333333333,20.9416666666666,20.9416666666666,23.997330188100506,23.997330188100506,23.997330188100506,21.2407551596212,21.2407551596212,21.2407551596212,24.8861896755684,0.7873372210403111,-1.6761967085082041,-0.8888594874678937,23.83971001754736,0.9494180750558288,-3.5483729329819873,-2.5989548579261594,24.077596700343936,3.783778326568695,1.9219583064206702,5.705736632989364
2019-03-09,TDOU,-23.08,30.384,630.2,2019,3,9,1529,0.0275249783590849,27.524978359084898,0.0259530232154923,25.9530232154923,0.0282083333333333,28.2083333333333,28.2083333333333,28.2083333333333,28.2083333333333,27.524978359084898,27.524978359084898,27.524978359084898,25.9530232154923,25.9530232154923,25.9530232154923,24.894686753834854,1.0122609611625313,1.6180306440875114,2.6302916052500436,23.848334325650274,0.0665035320608157,2.038185357781213,2.104688889842027,24.08406031509638,-0.09676307232180129,4.221036090558723,4.12427301823692
2019-03-10,TDOU,-23.08,30.384,630.2,2019,3,10,1530,0.0326439630786851,32.6439630786851,0.0318164778576282,31.8164778576282,0.0344958333333333,34.4958333333333,34.4958333333333,34.4958333333333,34.4958333333333,32.6439630786851,32.6439630786851,32.6439630786851,31.8164778576282,31.8164778576282,31.8164778576282,24.903172568533233,2.505071334410129,5.235719175741735,7.740790510151864,23.856946126717833,2.132631972777953,5.826899758132413,7.959531730910367,24.090494056870202,0.4275184158469335,9.977820860616166,10.4053392764631
2019-03-11,TDOU,-23.08,30.384,630.2,2019,3,11,1531,0.0301721209886561,30.1721209886561,0.0274712734232997,27.4712734232997,0.0297833333333333,29.7833333333333,29.7833333333333,29.7833333333333,29.7833333333333,30.1721209886561,30.1721209886561,30.1721209886561,27.4712734232997,27.4712734232997,27.4712734232997,24.911644744759275,0.23707656101875574,5.023399682878068,5.260476243896825,23.86554291084326,-0.4916627670716802,4.09739327952812,3.6057305124564394,24.096895558148667,2.5793511296029403,3.107086645581692,5.686437775184633
2019-03-12,TDOU,-23.08,30.384,630.2,2019,3,12,1532,0.0319124493606677,31.9124493606677,0.0299610188650086,29.9610188650086,0.0299916666666666,29.9916666666666,29.9916666666666,29.9916666666666,29.9916666666666,31.9124493606677,31.9124493606677,31.9124493606677,29.9610188650086,29.9610188650086,29.9610188650086,24.920100970913893,3.388110932102633,3.6042374576511733,6.992348389753808,23.874122195386555,4.701211697388316,1.3856849722337294,6.086896669622046,24.10326252237826,5.544895090806766,0.3435090534815757,5.888404144288341
2019-03-13,TDOU,-23.08,30.384,630.2,2019,3,13,1533,0.0305218351802684,30.5218351802684,0.0290374904736934,29.0374904736934,0.028525,28.525,28.525,28.525,28.525,30.5218351802684,30.5218351802684,30.5218351802684,29.0374904736934,29.0374904736934,29.0374904736934,24.92853900084746,5.405076449114145,0.18821973030679473,5.593296179420939,23.882681552161834,4.728427112158205,0.42638180937336045,5.154808921531565,24.109592725924667,4.926707826311249,-0.5113005522359195,4.415407274075331
2019-03-14,TDOU,-23.08,30.384,630.2,2019,3,14,1534,0.0291594242055076,29.1594242055076,0.0270461090966894,27.0461090966894,0.026875,26.875,26.875,26.875,26.875,31.9124493606677,29.1594242055076,29.1594242055076,27.0461090966894,27.0461090966894,27.0461090966894,24.9369565971799,7.359164563214002,-0.38367179972620136,6.9754927634878,23.891218548436107,4.12571926192997,-0.9708287136766778,3.1548905482532916,24.11588395097553,4.0363053197627945,-1.2771892707383259,2.7591160490244704
2019-03-15,TDOU,-23.08,30.384,630.2,2019,3,15,1535,0.0331370455122689,33.1370455122689,0.0333221300763311,33.3221300763311,0.0331583333333333,33.158333333333296,33.158333333333296,33.158333333333296,33.158333333333296,33.1370455122689,33.1370455122689,33.1370455122689,33.3221300763311,33.3221300763311,33.3221300763311,24.945351468070378,10.088034660302823,-1.896340616104304,8.19169404419852,23.899730712637506,8.513527386586512,0.9088719771070828,9.422399363693593,24.122133948563178,8.759785686784591,0.27641369798552873,9.036199384770118
2019-03-16,TDOU,-23.08,30.384,630.2,2019,3,16,1536,0.0343001596933403,34.3001596933403,0.0319442309685767,31.9442309685767,0.0327125,32.7125,32.7125,32.7125,32.7125,34.3001596933403,34.3001596933403,34.3001596933403,31.9442309685767,31.9442309685767,31.9442309685767,24.953721274318628,8.103219786132904,1.243218632888766,9.34643841902167,23.908215545998242,7.402373427822591,0.633641994755866,8.036015422578458,24.128340466795574,7.076143191393826,1.508016341810599,8.584159533204424
2019-03-17,TDOU,-23.08,30.384,630.2,2019,3,17,1537,0.0347672052408478,34.7672052408478,0.0311878904847912,31.1878904847912,0.0340416666666666,34.0416666666666,34.0416666666666,34.0416666666666,34.0416666666666,34.7672052408478,34.7672052408478,34.7672052408478,31.1878904847912,31.1878904847912,31.1878904847912,24.9620636708043,6.711651023466113,3.093490546577385,9.8051415700435,23.91667052472956,4.838306699243782,2.4329132608178554,7.271219960061639,24.134501261419633,6.74141974178032,3.165745663466648,9.907165405246968
2019-03-18,TDOU,-23.08,30.384,630.2,2019,3,18,1538,0.037475508469238,37.475508469238,0.0335245952804043,33.5245952804043,0.0357958333333333,35.7958333333333,35.7958333333333,35.7958333333333,35.7958333333333,34.4721081442933,37.475508469238,37.475508469238,33.5245952804043,33.5245952804043,33.5245952804043,24.9703762970007,6.247130628063006,3.2546012192295954,9.5017318472926,23.925093093021665,6.114002493866491,3.485499693516143,9.599502187382633,24.140614062492897,7.460723554266256,4.194495716574146,11.655219270840401
2019-03-19,TDOU,-23.08,30.384,630.2,2019,3,19,1539,0.0374605388370409,37.4605388370409,0.0354051809009264,35.4051809009264,0.034825,34.825,34.825,34.825,34.825,37.4605388370409,37.4605388370409,37.4605388370409,35.4051809009264,35.4051809009264,35.4051809009264,24.97865675475304,8.161715311444917,4.320166770842945,12.48188208228786,23.933480660005923,7.1166173830871395,4.355082857833342,11.47170024092048,24.146676567186283,7.066332445976803,3.611990986836915,10.67832343281372
2019-03-20,TDOU,-23.08,30.384,630.2,2019,3,20,1540,0.0338854199949459,33.885419994945906,0.0309812667057116,30.9812667057116,0.0328208333333333,32.8208333333333,32.8208333333333,32.8208333333333,32.8208333333333,33.885419994945906,33.885419994945906,33.885419994945906,30.9812667057116,30.9812667057116,30.9812667057116,24.986902601436128,6.691318530548618,2.2071988629611603,8.898517393509778,23.941830598452224,6.915881820248869,0.12355428701050641,7.039436107259377,24.152686446954043,7.1863082181099855,1.481838668269269,8.668146886379255
2019-03-21,TDOU,-23.08,30.384,630.2,2019,3,21,1541,0.0344721081442933,34.4721081442933,0.0331094135862263,33.1094135862263,0.0327,32.7,32.7,32.7,32.7,34.4721081442933,34.4721081442933,34.4721081442933,33.1094135862263,33.1094135862263,33.1094135862263,24.99511139678077,5.325928886750678,4.151067860761852,9.47699674751253,23.950140277415343,6.130730973478435,3.0285423353325243,9.15927330881096,24.158641382893872,4.557554234013305,3.9838043830928243,8.54135861710613
2019-03-22,TDOU,-23.08,30.384,630.2,2019,3,22,1542,0.0368703712490278,36.8703712490278,0.0360648460865399,36.064846086539895,0.0362375,36.2375,32.7374999999999,36.2375,36.2375,34.4721081442933,36.8703712490278,36.8703712490278,36.064846086539895,36.064846086539895,36.064846086539895,25.003280727450527,4.314159594195804,5.154667822646971,9.468827416842775,23.958407090580412,6.880482223110238,5.225956772849244,12.106438995959483,24.16453909320304,5.30012783371295,3.272833073083909,8.572960906796858
2019-03-23,TDOU,-23.08,30.384,630.2,2019,3,23,1543,0.0342831277674736,34.2831277674736,0.0330099015601357,33.0099015601357,0.0322875,32.287499999999994,32.287499999999994,32.287499999999994,32.287499999999994,34.2831277674736,34.2831277674736,34.2831277674736,33.0099015601357,33.0099015601357,33.0099015601357,25.011408250730508,3.607525248661028,5.664194268082067,9.271719516743094,23.96662851299424,2.709378696832903,6.333894350308558,9.043273047141462,24.17037737781,2.594076830891294,5.523045791298703,8.117122622189996
2019-03-24,TDOU,-23.08,30.384,630.2,2019,3,24,1544,0.034241966877756,34.241966877756,0.0330532087528133,33.0532087528133,0.0327374999999999,32.7374999999999,32.7374999999999,32.7374999999999,32.7374999999999,34.241966877756,34.241966877756,34.241966877756,33.0532087528133,33.0532087528133,33.0532087528133,25.01949167550295,2.760478709369128,6.4619964928839195,9.222475202253047,23.974802081330264,3.0175120314945487,6.060894639988486,9.078406671483034,24.17615405592242,3.6588011475310576,4.902544796546419,8.561345944077477
2019-03-25,TDOU,-23.08,30.384,630.2,2019,3,25,1545,0.0347537220948821,34.7537220948821,0.0313084484941197,31.3084484941197,0.031775,31.775,31.775,31.775,31.775,34.7537220948821,34.7537220948821,34.7537220948821,31.3084484941197,31.3084484941197,31.3084484941197,25.02752875548903,4.0714509810183355,5.654742358374733,9.72619333939307,23.98292541705029,5.2716273416472,2.053895735422209,7.325523077069409,24.18186702475881,5.30072767199904,2.2924053032421483,7.59313297524119
2019-03-26,TDOU,-23.08,30.384,630.2,2019,3,26,1546,0.0410162677671666,41.0162677671666,0.0388828991189147,38.8828991189147,0.0388458333333333,38.8458333333333,32.7374999999999,38.8458333333333,38.8458333333333,34.7537220948821,41.0162677671666,41.0162677671666,38.8828991189147,38.8828991189147,38.8828991189147,25.0355172633453,1.4863731308562993,8.231831700680498,9.718204831536799,23.990996147233908,0.5764280471436485,14.315474924537142,14.891902971680793,24.187514215080856,3.0515050851916334,5.498480699727409,8.549985784919041
2019-03-27,TDOU,-23.08,30.384,630.2,2019,3,27,1547,0.0365228200193273,36.5228200193273,0.0377806023006337,37.7806023006337,0.0368041666666666,36.8041666666666,36.8041666666666,36.8041666666666,36.8041666666666,36.5228200193273,36.5228200193273,36.5228200193273,37.7806023006337,37.7806023006337,37.7806023006337,25.04345500299569,4.329410977557786,7.149954038773824,11.47936501633161,23.999011924001397,-1.6187456032467407,15.40033597987905,13.781590376632305,24.193093601203767,2.4579469200312882,10.153126145431546,12.611073065462836
2019-03-28,TDOU,-23.08,30.384,630.2,2019,3,28,1548,0.0327631427129105,32.76314271291049,0.0297093833134364,29.7093833134364,0.0305041666666666,30.5041666666666,30.5041666666666,30.5041666666666,30.5041666666666,32.76314271291049,32.76314271291049,32.76314271291049,29.7093833134364,29.7093833134364,29.7093833134364,25.051339779223213,6.11929572733776,1.59250720634952,7.711802933687281,24.006970419235508,5.999305421316677,-0.2968925271157836,5.702412894200894,24.198603199478992,6.227679857862347,0.07788360932525862,6.305563467187607
2019-03-29,TDOU,-23.08,30.384,630.2,2019,3,29,1549,0.0347657238979722,34.7657238979722,0.0340845890503184,34.0845890503184,0.0341833333333333,34.1833333333333,34.1833333333333,34.1833333333333,34.1833333333333,34.7657238979722,34.7657238979722,34.7657238979722,34.0845890503184,34.0845890503184,34.0845890503184,25.059169425718704,2.3037164888979555,7.402837983355543,9.706554472253497,24.014869328220755,2.2631153895060905,7.806604332591554,10.069719722097645,24.20404108410237,2.317073129901771,7.6622191193291584,9.97929224923093
2019-03-30,TDOU,-23.08,30.384,630.2,2019,3,30,1550,0.0352575762756795,35.2575762756795,0.034824229833461,34.824229833461,0.0334666666666666,33.466666666666605,33.466666666666605,33.466666666666605,33.466666666666605,35.2575762756795,35.2575762756795,35.2575762756795,34.824229833461,34.824229833461,34.824229833461,25.066941854340293,6.400813497043518,3.789820924295686,10.190634421339205,24.02270640257178,-3.6885090958073135,14.490032526696528,10.801523430889215,24.20940541292311,3.4603167722600587,5.796944481483436,9.257261253743494
2019-04-01,TDOU,-23.08,30.384,630.2,2019,4,1,1552,0.0281457954805713,28.145795480571294,0.023270611231871,23.270611231871,0.0249708333333333,24.9708333333333,24.9708333333333,24.9708333333333,24.9708333333333,34.253982330992095,28.145795480571294,28.145795480571294,34.0845890503184,23.270611231871,23.270611231871,25.082307264045728,5.944923619439763,3.2267514475066044,9.171675066946367,24.038186434623064,4.380344500348741,5.666058115346594,10.046402615695335,24.219906440310837,1.70735420432946,-0.9564273113069959,0.7509268930224628
2019-04-02,TDOU,-23.08,30.384,630.2,2019,4,2,1553,0.0340497694339362,34.0497694339362,0.0362017993697886,36.2017993697886,0.0358708333333333,35.8708333333333,35.8708333333333,35.8708333333333,35.8708333333333,34.0497694339362,34.0497694339362,34.0497694339362,36.2017993697886,36.2017993697886,36.2017993697886,25.089896542739943,5.762382816100211,3.197490075096045,8.959872891196255,24.04582530123198,6.227894857235559,5.928079211321066,12.155974068556624,24.22503988284793,8.662994577666378,2.982798872818993,11.645793450485371
2019-04-03,TDOU,-23.08,30.384,630.2,2019,4,3,1554,0.0342539823309921,34.253982330992095,0.0342576398471088,34.2576398471088,0.0312125,31.2125,31.2125,31.2125,31.2125,34.253982330992095,34.253982330992095,34.253982330992095,34.2576398471088,34.2576398471088,34.2576398471088,25.097421216618446,6.312348172928781,2.8442129414448694,9.156561114373648,24.05339412404628,7.2135443585623475,2.9907013645001683,10.204245723062517,24.230093270039607,5.080403541110003,1.90200318885039,6.982406729960392
2019-04-05,TDOU,-23.08,30.384,630.2,2019,4,5,1556,0.0353051577319998,35.3051577319998,0.027932192946454,27.932192946454,0.0304249999999999,30.4249999999999,30.4249999999999,30.4249999999999,30.4249999999999,35.3051577319998,35.3051577319998,35.3051577319998,27.932192946454,27.932192946454,27.932192946454,25.11227055681571,8.020993491990913,2.1718936831931757,10.19288717518409,24.06831420913358,6.999001243774354,-3.1351225064539356,3.8638787373204195,24.239954415892758,7.123422562981966,-0.9383769788748211,6.185045584107144
2019-04-06,TDOU,-23.08,30.384,630.2,2019,4,6,1557,0.0354970039489154,35.4970039489154,0.0390575396533371,39.0575396533371,0.0377041666666666,37.7041666666666,37.7041666666666,37.7041666666666,37.7041666666666,35.4970039489154,35.4970039489154,35.4970039489154,39.0575396533371,39.0575396533371,39.0575396533371,25.119592436011708,12.49575231765104,-2.1183408047473478,10.377411512903691,24.075662043689267,14.754271754524627,0.2276058551232083,14.981877609647835,24.244759731520965,15.32517790566326,-1.865770970517623,13.459406935145637
2019-04-07,TDOU,-23.08,30.384,630.2,2019,4,7,1558,0.0335765676829492,33.5765676829492,0.033548833066594,33.548833066594,0.032475,32.474999999999994,32.474999999999994,32.474999999999994,32.474999999999994,33.5765676829492,33.5765676829492,33.5765676829492,33.548833066594,33.548833066594,33.548833066594,25.12684412086313,11.675136424779545,-3.225412862693478,8.449723562086067,24.082933039793623,12.266662759745365,-2.800762732944989,9.465900026800377,24.24948015261853,11.122909297065076,-2.8973894496836152,8.225519847381463
2019-04-08,TDOU,-23.08,30.384,630.2,2019,4,8,1559,0.0383495970412527,38.3495970412527,0.0411347892701171,41.1347892701171,0.0387791666666666,38.7791666666666,38.7791666666666,38.7791666666666,38.7791666666666,38.3495970412527,38.3495970412527,38.3495970412527,41.1347892701171,41.1347892701171,41.1347892701171,25.13402449840365,15.20180777539393,-1.9862352325448818,13.21557254284905,24.090125810033808,17.388819682565916,-0.3441562224826207,17.044663460083296,24.254114786288934,16.33809191137797,-1.8130400310003054,14.525051880377664
2019-04-10,TDOU,-23.08,30.384,630.2,2019,4,10,1561,0.0360800490777447,36.080049077744704,0.0348111439167952,34.8111439167952,0.0339416666666666,33.9416666666666,33.9416666666666,33.9416666666666,33.9416666666666,36.080049077744704,36.080049077744704,36.080049077744704,34.8111439167952,34.8111439167952,34.8111439167952,25.148167414784723,8.745075831703586,2.186805831256393,10.93188166295998,24.104271777579427,8.65875107564089,2.048121063574886,10.706872139215776,24.26312352559478,8.21441762182975,1.4641255192420708,9.67854314107182
2019-04-11,TDOU,-23.08,30.384,630.2,2019,4,11,1562,0.0355803799364476,35.5803799364476,0.0344724579580204,34.4724579580204,0.0328125,32.8125,32.8125,32.8125,32.8125,35.5803799364476,35.5803799364476,35.5803799364476,34.4724579580204,34.4724579580204,34.4724579580204,25.155128190209865,3.6417740136883214,6.783477732549414,10.425251746237734,24.111222802320945,5.875821246969642,4.485413908729811,10.361235155699454,24.267496253340088,3.7651517622654995,4.779851984394412,8.545003746659912
2019-04-12,TDOU,-23.08,30.384,630.2,2019,4,12,1563,0.0372227795190597,37.2227795190597,0.0375935624726604,37.5935624726604,0.036025,36.025,36.025,36.025,36.025,37.2227795190597,37.2227795190597,37.2227795190597,34.4724579580204,37.5935624726604,37.5935624726604,25.16201404893488,0.09140019992340531,11.969365270201415,12.06076547012482,24.118091133976645,5.342321476605851,5.012045347437905,10.354366824043755,24.27178037705626,6.380333334998514,5.372886287945224,11.753219622943739
2019-04-13,TDOU,-23.08,30.384,630.2,2019,4,13,1564,0.030258749354766,30.258749354766,0.0299447464431727,29.9447464431727,0.0317208333333333,31.720833333333303,31.720833333333303,31.720833333333303,31.720833333333303,30.258749354766,30.258749354766,30.258749354766,29.9447464431727,29.9447464431727,29.9447464431727,25.168824184173715,-1.6073140033683062,6.69723917396059,5.089925170592284,24.124875753016656,-0.28681372439309705,6.1066844145491395,5.819870690156044,24.275975315052566,3.564007010463276,3.880851007817462,7.444858018280737
2019-04-14,TDOU,-23.08,30.384,630.2,2019,4,14,1565,0.0259786350559572,25.9786350559572,0.0250309632274163,25.0309632274163,0.0268,26.8,31.720833333333303,26.8,26.8,25.9786350559572,25.9786350559572,25.9786350559572,25.0309632274163,25.0309632274163,25.0309632274163,25.17555785795372,-0.5892572723753274,1.392334470378806,0.8030771980034785,24.131575682397504,-0.8170295971915827,1.7164171422103784,0.8993875450187971,24.28008054457882,2.810965776031903,4.629787012722581,7.440752788754484
2019-04-15,TDOU,-23.08,30.384,630.2,2019,4,15,1566,0.0262360929853345,26.2360929853345,0.0255296669604749,25.529666960474906,0.0270416666666666,27.0416666666666,27.0416666666666,27.0416666666666,27.0416666666666,26.2360929853345,26.2360929853345,26.2360929853345,25.529666960474906,25.529666960474906,25.529666960474906,25.182214383080822,3.080654213076834,-2.0267756108231545,1.053878602253679,24.138189996938983,1.2010449311851188,0.19043203235080242,1.391476963535922,24.284095605197216,3.1749085672756467,-0.4173375058062625,2.7575710614693847
2019-04-16,TDOU,-23.08,30.384,630.2,2019,4,16,1567,0.0312741763347038,31.2741763347038,0.0305287164232793,30.528716423279302,0.0328125,32.8125,26.8,32.8125,32.8125,31.2741763347038,31.2741763347038,31.2741763347038,30.528716423279302,30.528716423279302,30.528716423279302,25.188793083556043,6.450654497059376,-0.3652712459116181,6.085383251147757,24.144717795048518,6.833873255252383,-0.44987462702159675,6.383998628230785,24.288020051547182,5.088675118184995,-2.576695169732176,2.5119799484528187
2019-04-17,TDOU,-23.08,30.384,630.2,2019,4,17,1568,0.0279444911411287,27.9444911411287,0.0221807656594292,22.1807656594292,0.0258458333333333,25.8458333333333,25.8458333333333,25.8458333333333,25.8458333333333,27.9444911411287,27.9444911411287,27.9444911411287,22.1807656594292,22.1807656594292,22.1807656594292,25.19529329619469,5.573307530605191,-2.824109685671182,2.7491978449340095,24.15115820034266,3.098688837453772,-5.069081378367233,-1.970392540913462,24.291853459506573,5.363407909259526,-3.8094280354327985,1.5539798738267265
2019-04-18,TDOU,-23.08,30.384,630.2,2019,4,18,1569,0.026433099111391,26.433099111391,0.0240410877834063,24.0410877834063,0.0244333333333333,24.4333333333333,26.225,24.4333333333333,24.4333333333333,26.433099111391,26.433099111391,26.433099111391,24.0410877834063,24.0410877834063,24.0410877834063,25.201714360573995,4.032581918129716,-2.801197167312708,1.231384750817007,24.157510388311252,3.8452316110511724,-3.9616542159561234,-0.11642260490495104,24.295595422929434,4.1543633297989,-2.224958752728334,1.9294045770705672
2019-04-19,TDOU,-23.08,30.384,630.2,2019,4,19,1570,0.025064136409685,25.064136409685,0.0256685814954112,25.6685814954112,0.026225,26.225,26.225,26.225,26.225,25.064136409685,25.064136409685,25.064136409685,25.6685814954112,25.6685814954112,25.6685814954112,25.208055620842995,1.6764192189099822,-1.8203384300679772,-0.14391921115799633,24.16377359892722,2.7315077346433045,-1.2266998381593268,1.5048078964839782,24.299245571464844,1.5348912146317302,0.39086321390342604,1.925754428535157
2019-04-20,TDOU,-23.08,30.384,630.2,2019,4,20,1571,0.0249397715187306,24.9397715187306,0.0253197907096219,25.319790709621905,0.0246416666666666,24.6416666666666,24.6416666666666,24.6416666666666,24.6416666666666,24.9397715187306,24.9397715187306,24.9397715187306,25.319790709621905,25.319790709621905,25.319790709621905,25.21431645275423,-1.5049157567232407,1.2303708226996086,-0.27454493402363056,24.16994713590268,-0.39414807407579855,1.5439916477950213,1.1498435737192239,24.302803601009142,-1.1044327751501757,1.443295840807636,0.3388630656574598
2019-04-21,TDOU,-23.08,30.384,630.2,2019,4,21,1572,0.031111227283686,31.111227283686,0.0292816664738404,29.2816664738404,0.0308291666666666,30.8291666666666,30.8291666666666,30.8291666666666,30.8291666666666,31.111227283686,31.111227283686,31.111227283686,29.2816664738404,29.2816664738404,29.2816664738404,25.22049628022028,-0.3174794420353003,6.208210445501017,5.890731003465717,24.176030330947217,-1.0952885002484671,6.200924643141651,5.105636142893182,24.306269254197215,-3.989991390888159,10.512888803357544,6.522897412469387
2019-04-22,TDOU,-23.08,30.384,630.2,2019,4,22,1573,0.0318293912259402,31.829391225940203,0.0318477585688031,31.847758568803098,0.0314791666666666,31.4791666666666,31.4791666666666,31.4791666666666,31.4791666666666,31.829391225940203,31.829391225940203,31.829391225940203,29.2816664738404,31.847758568803098,31.847758568803098,25.226594586448954,-1.1665836431054408,7.769380282596693,6.602796639491249,24.18202255345864,-2.5158891393872485,7.615533059769007,5.099643920381759,24.3096423167389,-3.431618019093568,10.601142369021272,7.169524349927702
2019-04-23,TDOU,-23.08,30.384,630.2,2019,4,23,1574,0.0338142810191909,33.8142810191909,0.0330667806007536,33.0667806007536,0.0332666666666666,33.266666666666595,33.266666666666595,33.266666666666595,33.266666666666595,33.8142810191909,33.8142810191909,33.8142810191909,33.0667806007536,33.0667806007536,33.0667806007536,25.2326108949526,-1.128128742223405,9.709798866461703,8.5816701242383,24.187923261265762,-1.8215097733367678,10.700367112824612,8.87885733948784,24.312922624561125,-0.9910316707416802,9.944775712847147,8.95374404210547
2019-04-24,TDOU,-23.08,30.384,630.2,2019,4,24,1575,0.035526946016171,35.526946016171,0.034780549050954,34.780549050954,0.0341458333333333,34.1458333333333,30.8291666666666,34.1458333333333,34.1458333333333,35.526946016171,35.526946016171,35.526946016171,34.780549050954,34.780549050954,34.780549050954,25.238544717622425,-1.4149151292027784,11.703316427751354,10.288401298548578,24.19373193056083,-2.1915079001975983,12.77832502059077,10.586817120393171,24.316110027094737,-0.3186183076616099,6.8316749472334735,6.5130566395718645
2019-04-25,TDOU,-23.08,30.384,630.2,2019,4,25,1576,0.030269839656891,30.269839656891,0.0274829130746968,27.4829130746968,0.0288416666666666,28.8416666666666,28.8416666666666,28.8416666666666,28.8416666666666,30.269839656891,30.269839656891,30.269839656891,27.4829130746968,27.4829130746968,27.4829130746968,25.24439551338509,-2.1465245083524223,7.171968651858332,5.025444143505911,24.199447999586575,-1.8860396737093215,5.1695047488195485,3.2834650751102252,24.31920435079686,-2.6683011619297736,7.190763477799514,4.522462315869742
2019-04-26,TDOU,-23.08,30.384,630.2,2019,4,26,1577,0.0288165075104974,28.8165075104974,0.022391984569942,22.391984569942,0.0259708333333333,25.9708333333333,25.9708333333333,25.9708333333333,25.9708333333333,28.8165075104974,28.8165075104974,28.8165075104974,22.391984569942,22.391984569942,22.391984569942,25.250162657598942,-2.6978625608655213,6.264207413763977,3.5663448528984567,24.205070864253237,-4.1720611952063775,2.3589749008951415,-1.813086294311237,24.322205383220723,-2.9189703492084202,4.567598299320995,1.6486279501125765
2019-04-27,TDOU,-23.08,30.384,630.2,2019,4,27,1578,0.0276653540150709,27.6653540150709,0.0256629181055954,25.6629181055954,0.0261416666666666,26.1416666666666,26.1416666666666,26.1416666666666,26.1416666666666,27.6653540150709,27.6653540150709,27.6653540150709,22.9072661286053,25.6629181055954,25.6629181055954,25.255845446249428,1.0371518380835931,1.3723567307378808,2.4095085688214724,24.210599869116873,0.09242411539418074,-1.395757855905753,-1.3033337405115724,24.325112845353278,1.6298247739403164,0.18672904737300655,1.8165538213133239
2019-04-28,TDOU,-23.08,30.384,630.2,2019,4,28,1579,0.0243767698769144,24.3767698769144,0.0229072661286053,22.9072661286053,0.0233416666666666,23.3416666666666,23.3416666666666,23.3416666666666,23.3416666666666,24.3767698769144,24.3767698769144,24.3767698769144,22.9072661286053,22.9072661286053,22.9072661286053,25.261443084882266,-0.6185864493507434,-0.2660867586171243,-0.8846732079678681,24.216034292382208,0.1297243026078178,-1.4384924663847265,-1.3087681637769073,24.327926388372862,0.047289225380960656,-1.0335489470872226,-0.9862597217062614
2019-04-29,TDOU,-23.08,30.384,630.2,2019,4,29,1580,0.0181038419137366,18.1038419137366,0.0180810126758801,18.0810126758801,0.0169833333333333,16.983333333333302,16.983333333333302,16.983333333333302,16.983333333333302,18.1038419137366,18.1038419137366,18.1038419137366,18.0810126758801,18.0810126758801,18.0810126758801,25.26695470838643,-3.3643815638855674,-3.798731230764261,-7.16311279464983,24.221373375364205,-2.258796764399316,-3.881563935084788,-6.140360699484106,24.330645627726764,-4.470351893453674,-2.8769604009397867,-7.347312294393461
2019-04-30,TDOU,-23.08,30.384,630.2,2019,4,30,1581,0.0146818632608422,14.6818632608422,0.0166774236123728,16.6774236123728,0.0156708333333333,15.6708333333333,15.6708333333333,15.6708333333333,15.6708333333333,14.6818632608422,14.6818632608422,14.6818632608422,16.6774236123728,16.6774236123728,16.6774236123728,25.272379440069752,-4.888681688072037,-5.701834491155516,-10.590516179227553,24.226616384813322,-3.31431590929436,-4.234876863146162,-7.549192772440524,24.333270197328797,-4.782923769528876,-3.8795130944666205,-8.662436863995497
2019-05-01,TDOU,-23.08,30.384,630.2,2019,5,1,1582,0.014214753743062,14.214753743062,0.0142724460724244,14.2724460724244,0.0137541666666666,13.7541666666666,13.7541666666666,13.7541666666666,13.7541666666666,14.214753743062,14.214753743062,14.214753743062,14.2724460724244,14.2724460724244,14.2724460724244,25.277716434096902,-9.001926685108534,-2.0610360059263684,-11.062962691034903,24.231762647220346,-8.06457043499189,-1.8947461398040595,-9.959316574795947,24.335799765631553,-9.026137720261561,-1.555495378703391,-10.581633098964952
2019-05-02,TDOU,-23.08,30.384,630.2,2019,5,2,1583,0.0135922869545257,13.5922869545257,0.0137195024335421,13.7195024335421,0.0126083333333333,12.6083333333333,12.6083333333333,12.6083333333333,12.6083333333333,13.5922869545257,13.5922869545257,13.5922869545257,13.7195024335421,13.7195024335421,13.7195024335421,25.282964881871116,-8.488497595917938,-3.2021803314274777,-11.690677927345416,24.236811545803885,-7.93101125196782,-2.586297860293964,-10.517309112261785,24.338234021889146,-7.829305912296739,-3.9005947762591084,-11.729900688555846
2019-05-03,TDOU,-23.08,30.384,630.2,2019,5,3,1584,0.0134731370192379,13.4731370192379,0.0140636651498969,14.0636651498969,0.0141541666666666,14.1541666666666,14.1541666666666,14.1541666666666,14.1541666666666,13.4731370192379,13.4731370192379,13.4731370192379,14.0636651498969,14.0636651498969,14.0636651498969,25.28812400430786,-7.485857762205584,-4.329129222864378,-11.814986985069961,24.24176249497171,-7.790764413520977,-2.387332931553832,-10.178097345074809,24.340572676164566,-6.434342298803451,-3.7520637106945145,-10.186406009497967
2019-05-04,TDOU,-23.08,30.384,630.2,2019,5,4,1585,0.0178447026107422,17.8447026107422,0.0154330509419168,15.4330509419168,0.0169583333333333,16.9583333333333,16.9583333333333,16.9583333333333,16.9583333333333,17.8447026107422,17.8447026107422,17.8447026107422,15.4330509419168,15.4330509419168,15.4330509419168,25.29319302740084,-4.619686741936158,-2.828803674722483,-7.44849041665864,24.246614916360404,-6.407381398826529,-2.4061825756170734,-8.813563974443603,24.34281546017248,-5.88239086317196,-1.5020912636672215,-7.384482126839181
2019-05-05,TDOU,-23.08,30.384,630.2,2019,5,5,1586,0.0226870667241262,22.6870667241262,0.0212637283543867,21.2637283543867,0.0221291666666666,22.1291666666666,22.1291666666666,22.1291666666666,22.1291666666666,22.6870667241262,22.6870667241262,22.6870667241262,21.2637283543867,21.2637283543867,21.2637283543867,25.298171230772947,-3.6806789421065647,1.069574435459817,-2.611104506646747,24.25136828255116,-4.582821791745658,1.5951818635811996,-2.987639928164459,24.34496212016563,-2.1055608073530325,-0.11023464614599732,-2.2157954534990303
2019-05-06,TDOU,-23.08,30.384,630.2,2019,5,6,1587,0.0179762690928111,17.976269092811098,0.0153673033787689,15.3673033787689,0.0164125,16.4125,16.4125,16.4125,16.4125,17.976269092811098,17.976269092811098,17.976269092811098,15.3673033787689,15.3673033787689,15.3673033787689,25.303057946357786,-5.1150605610761986,-2.2117282924704895,-7.326788853546688,24.25602209962044,-5.426124847046486,-3.462593873805055,-8.888718720851541,24.34701241686387,-4.622337859202187,-3.312174557661681,-7.934512416863868
2019-05-07,TDOU,-23.08,30.384,630.2,2019,5,7,1588,0.0194533975868313,19.4533975868313,0.018101922761834,18.101922761834,0.0190124999999999,19.0124999999999,19.0124999999999,19.0124999999999,19.0124999999999,19.4533975868313,19.4533975868313,19.4533975868313,18.101922761834,18.101922761834,18.101922761834,25.307852508997733,-2.865976230602952,-2.988478691563479,-5.854454922166433,24.260575877737196,-3.86968930894063,-2.288963806962567,-6.158653115903196,24.348966103635625,-2.839137560003814,-2.4973285436319124,-5.3364661036357255
2019-05-08,TDOU,-23.08,30.384,630.2,2019,5,8,1589,0.0210469109642866,21.0469109642866,0.0194368985746071,19.4368985746071,0.0200458333333333,20.045833333333302,20.045833333333302,20.045833333333302,20.045833333333302,21.0469109642866,21.0469109642866,21.0469109642866,19.4368985746071,19.4368985746071,19.4368985746071,25.312554264093375,-2.9920145980681485,-1.2736287017386267,-4.265643299806776,24.265029153016865,-2.46221830921238,-2.365912269197384,-4.828130578409766,24.350822943235677,-2.5038164806877443,-1.8011731292146322,-4.304989609902375
2019-05-09,TDOU,-23.08,30.384,630.2,2019,5,9,1590,0.0253923018633464,25.3923018633464,0.0225773547592878,22.5773547592878,0.0244291666666666,24.4291666666666,24.4291666666666,24.4291666666666,24.4291666666666,25.3923018633464,25.3923018633464,25.3923018633464,22.5773547592878,22.5773547592878,22.5773547592878,25.317162582347432,-1.8210236584154311,1.896162939414399,0.07513928099896816,24.269381502241263,-2.8627446663723175,1.1707179234188558,-1.6920267429534626,24.35258270063882,-1.8768894535253413,1.95347341955312,0.07658396602777984
2019-05-10,TDOU,-23.08,30.384,630.2,2019,5,10,1591,0.0250315883727928,25.0315883727928,0.0243207492098845,24.3207492098845,0.0238166666666666,23.8166666666666,23.8166666666666,23.8166666666666,23.8166666666666,25.0315883727928,25.0315883727928,25.0315883727928,24.3207492098845,24.3207492098845,24.3207492098845,25.321676818670237,-4.0925839354381965,3.8024954895607586,-0.2900884458774371,24.27363248817954,-3.055737940395135,3.1028546621000963,0.04711672170495973,24.354245122906065,-3.553021770766543,3.015443314527076,-0.5375784562394657
2019-05-11,TDOU,-23.08,30.384,630.2,2019,5,11,1592,0.0238118155031122,23.8118155031122,0.0233832460839417,23.3832460839417,0.0225791666666666,22.5791666666666,22.5791666666666,22.5791666666666,22.5791666666666,23.8118155031122,23.8118155031122,23.8118155031122,23.3832460839417,23.3832460839417,23.3832460839417,25.326096280725096,-6.697781688904023,5.183500911291127,-1.5142807776128961,24.27778162724228,-6.448614864584479,5.554079321283897,-0.8945355433005808,24.355809936018755,-6.59256760502637,4.815924335674218,-1.776643269352153
2019-05-12,TDOU,-23.08,30.384,630.2,2019,5,12,1593,0.019401541784744,19.401541784744,0.0189908579037496,18.9908579037496,0.0177666666666666,17.7666666666666,17.7666666666666,17.7666666666666,17.7666666666666,19.401541784744,19.401541784744,19.401541784744,18.9908579037496,18.9908579037496,18.9908579037496,25.330420228063137,-8.96032236610078,3.0314439227816443,-5.928878443319135,24.28182836778071,-8.607508667510988,3.316538203479876,-5.290970464031112,24.35727682859422,-7.890699181094727,1.3000890191671104,-6.590610161927618
2019-05-13,TDOU,-23.08,30.384,630.2,2019,5,13,1594,0.0133555665744375,13.3555665744375,0.0120544658464236,12.0544658464236,0.0122333333333333,12.2333333333333,12.2333333333333,12.2333333333333,12.2333333333333,13.3555665744375,13.3555665744375,13.3555665744375,12.0544658464236,12.0544658464236,12.0544658464236,25.33464787268217,-10.301590032118368,-1.677491266126303,-11.979081298244669,24.285772095890152,-9.894010180977162,-2.3372960684893904,-12.231306249466552,24.35864543146791,-9.682806583575491,-2.4425055145591195,-12.125312098134609
2019-05-14,TDOU,-23.08,30.384,630.2,2019,5,14,1595,0.0116815013825477,11.6815013825477,0.0112869051821673,11.2869051821673,0.0113666666666666,11.3666666666666,11.3666666666666,11.3666666666666,11.3666666666666,11.6815013825477,11.6815013825477,11.6815013825477,11.2869051821673,11.2869051821673,11.2869051821673,25.33877843368976,-10.879324731558077,-2.777952319583985,-13.657277051142062,24.289612170293346,-10.732051358493576,-2.2706556296324685,-13.002706988126045,24.359915348381584,-11.043522915236506,-1.9497257664784797,-12.993248681714984
2019-05-15,TDOU,-23.08,30.384,630.2,2019,5,15,1596,0.0114179022535519,11.4179022535519,0.0122038188726204,12.2038188726204,0.0109833333333333,10.9833333333333,10.9833333333333,10.9833333333333,10.9833333333333,11.4179022535519,11.4179022535519,11.4179022535519,12.2038188726204,12.2038188726204,12.2038188726204,25.342811106683502,-8.951187248640823,-4.97372160449078,-13.924908853131603,24.29334791567876,-8.298364046181362,-3.7911649968769936,-12.089529043058358,24.3610861373891,-8.018145376212447,-5.359607427843354,-13.3777528040558
2019-05-16,TDOU,-23.08,30.384,630.2,2019,5,16,1597,0.011994859700765,11.994859700765,0.0115737260027984,11.5737260027984,0.011625,11.625,11.625,11.625,11.625,11.994859700765,11.994859700765,11.994859700765,11.5737260027984,11.5737260027984,11.5737260027984,25.346745056647848,-7.733745596083629,-5.61813975979922,-13.351885355882848,24.296978617583157,-8.422264065309836,-4.300988549474923,-12.723252614784757,24.362157315270792,-7.3951359507516905,-5.342021364519102,-12.737157315270792
2019-05-17,TDOU,-23.08,30.384,630.2,2019,5,17,1598,0.0141275964541868,14.1275964541868,0.0140748887670537,14.0748887670537,0.0140291666666666,14.0291666666666,14.0291666666666,14.0291666666666,14.0291666666666,14.1275964541868,14.1275964541868,14.1275964541868,14.0748887670537,14.0748887670537,14.0748887670537,25.350579457847658,-7.974059708536313,-3.248923295124545,-11.222983003660858,24.30050356032984,-8.22445896403749,-2.0011558292386518,-10.22561479327614,24.363128390109075,-9.327183874158802,-1.0067778492836723,-10.333961723442476
2019-05-18,TDOU,-23.08,30.384,630.2,2019,5,18,1599,0.0167207697947458,16.7207697947458,0.0165606075990189,16.560607599018898,0.0159708333333333,15.9708333333333,15.9708333333333,15.9708333333333,15.9708333333333,16.7207697947458,16.7207697947458,16.7207697947458,16.560607599018898,16.560607599018898,16.560607599018898,25.35431355205048,-6.03381501223333,-2.599728745071353,-8.633543757304682,24.30392207224217,-6.700188453452319,-1.043126019770952,-7.743314473223272,24.36399890063766,-7.003595528999346,-1.389570038305017,-8.393165567304361
2019-05-19,TDOU,-23.08,30.384,630.2,2019,5,19,1600,0.0172825756719884,17.2825756719884,0.0179011349793811,17.901134979381098,0.0163833333333333,16.383333333333297,16.383333333333297,16.383333333333297,16.383333333333297,17.2825756719884,17.2825756719884,17.2825756719884,17.901134979381098,17.901134979381098,17.901134979381098,25.357946718836736,-7.720150037688008,-0.35522100916032784,-8.075371046848336,24.30723361245947,-7.849124695796488,1.4430260627181148,-6.406098633078372,24.36476849580674,-8.463714675616192,0.48227951314274975,-7.981435162473442
2019-05-20,TDOU,-23.08,30.384,630.2,2019,5,20,1601,0.0125716935083007,12.5716935083007,0.0127120953202281,12.712095320228102,0.0118375,11.8375,11.8375,11.8375,11.8375,12.5716935083007,12.5716935083007,12.5716935083007,12.712095320228102,12.712095320228102,12.712095320228102,25.36147848184518,-8.275497719223768,-4.51428725432071,-12.789784973544478,24.31043778735265,-7.751952990897113,-3.8463894762274364,-11.59834246712455,24.365436963381388,-7.846230586231193,-4.681706377150196,-12.527936963381388
2019-05-21,TDOU,-23.08,30.384,630.2,2019,5,21,1602,0.0164252834442462,16.4252834442462,0.0136749979709415,13.6749979709415,0.0143708333333333,14.3708333333333,14.3708333333333,14.3708333333333,14.3708333333333,16.4252834442462,16.4252834442462,16.4252834442462,13.6749979709415,13.6749979709415,13.6749979709415,25.36490846919942,-5.193474614788505,-3.7461504101647165,-8.93962502495322,24.313534335753364,-7.590013170597341,-3.0485231942145212,-10.638536364811863,24.36600421508738,-6.9976524659972865,-2.997518415756794,-9.99517088175408
2019-05-22,TDOU,-23.08,30.384,630.2,2019,5,22,1603,0.0209013536781231,20.9013536781231,0.0214163914346218,21.4163914346218,0.0204583333333333,20.4583333333333,20.4583333333333,20.4583333333333,20.4583333333333,20.9013536781231,20.9013536781231,20.9013536781231,21.4163914346218,21.4163914346218,21.4163914346218,25.368236394486136,-3.0475694732149643,-1.4193132431480713,-4.466882716363035,24.31652312860924,-2.077752073131792,-0.8223796208556493,-2.90013169398744,24.36647027021596,-2.329986726861519,-1.578150210021139,-3.9081369368826593
2019-05-23,TDOU,-23.08,30.384,630.2,2019,5,23,1604,0.0205144486474845,20.5144486474845,0.0194035328905858,19.4035328905858,0.0198166666666666,19.8166666666666,19.8166666666666,19.8166666666666,19.8166666666666,20.5144486474845,20.5144486474845,20.5144486474845,19.4035328905858,19.4035328905858,19.4035328905858,25.371462019456935,-5.428184053393226,0.5711706814207886,-4.857013371972435,24.319404094225373,-5.35113197716014,0.435260773520568,-4.915871203639572,24.36683518239299,-5.502365837411698,0.9521973216853077,-4.550168515726391
2019-05-24,TDOU,-23.08,30.384,630.2,2019,5,24,1605,0.0218289506683933,21.828950668393297,0.0212046187958574,21.2046187958574,0.0205541666666666,20.5541666666666,20.5541666666666,20.5541666666666,20.5541666666666,21.828950668393297,21.828950668393297,21.828950668393297,21.2046187958574,21.2046187958574,21.2046187958574,25.374585154790065,-5.789945079152781,2.244310592756012,-3.545634486396768,24.322177207328842,-5.447321196713194,2.3297627852417513,-3.1175584114714425,24.367099041588144,-5.873668892950561,2.0607365180290174,-3.8129323749215445
2019-05-25,TDOU,-23.08,30.384,630.2,2019,5,25,1606,0.019410731707747,19.410731707747,0.0183827290013451,18.3827290013451,0.0175875,17.5875,17.5875,17.5875,17.5875,19.410731707747,19.410731707747,19.410731707747,18.3827290013451,18.3827290013451,18.3827290013451,25.37760567758144,-8.032110048915605,2.065236079081167,-5.966873969834438,24.324842481678143,-7.457425304778359,1.515311824445316,-5.942113480333042,24.3672620084499,-8.440335364671474,1.660573356221576,-6.7797620084499
2019-05-26,TDOU,-23.08,30.384,630.2,2019,5,26,1607,0.0154556421943438,15.4556421943438,0.0153839808097596,15.3839808097596,0.0148666666666666,14.8666666666666,14.8666666666666,14.8666666666666,14.8666666666666,15.4556421943438,15.4556421943438,15.4556421943438,15.3839808097596,15.3839808097596,15.3839808097596,25.380523474223214,-10.055101034225322,0.1302197543459087,-9.924881279879413,24.327399944289056,-8.98524694052278,0.041827805993321476,-8.943419134529456,24.367324238297115,-9.26987149129506,-0.23078608033545578,-9.500657571630516
2019-05-27,TDOU,-23.08,30.384,630.2,2019,5,27,1608,0.0126894812271193,12.6894812271193,0.0124938033239212,12.4938033239212,0.0119958333333333,11.9958333333333,11.9958333333333,11.9958333333333,11.9958333333333,12.6894812271193,12.6894812271193,12.6894812271193,12.4938033239212,12.4938033239212,12.4938033239212,25.3833384348524,-10.254814434365473,-2.4390427733676283,-12.693857207733101,24.329849636866488,-9.889682459673145,-1.9463638532721426,-11.836046312945287,24.36728584358154,-9.05104892319067,-3.3204035870575694,-12.371452510248242
2019-05-28,TDOU,-23.08,30.384,630.2,2019,5,28,1609,0.0144840000053846,14.4840000053846,0.0140545714472985,14.0545714472985,0.0142791666666666,14.2791666666666,14.2791666666666,14.2791666666666,14.2791666666666,14.4840000053846,14.4840000053846,14.4840000053846,14.0545714472985,14.0545714472985,14.0545714472985,25.386050465594504,-10.381442849596516,-0.5206076106133892,-10.902050460209905,24.33219158984016,-8.845320949232,-1.4322991933096603,-10.277620142541661,24.367146924623064,-10.680914857398168,0.5929345994417048,-10.087980257956465
2019-05-29,TDOU,-23.08,30.384,630.2,2019,5,29,1610,0.018148543178036,18.148543178036,0.0175840218865591,17.5840218865591,0.0171125,17.1125,17.1125,17.1125,17.1125,18.148543178036,18.148543178036,18.148543178036,17.5840218865591,17.5840218865591,17.5840218865591,25.3886594618843,-7.778238892801291,0.5381226089529925,-7.240116283848298,24.334425795384433,-7.018591544638542,0.26818763581320937,-6.750403908825334,24.366907592975863,-6.920341573523417,-0.33406601945244674,-7.254407592975863
2019-05-30,TDOU,-23.08,30.384,630.2,2019,5,30,1611,0.0173193123150545,17.3193123150545,0.0166414546695842,16.6414546695842,0.0170333333333333,17.0333333333333,17.0333333333333,17.0333333333333,17.0333333333333,17.3193123150545,17.3193123150545,17.3193123150545,16.6414546695842,16.6414546695842,16.6414546695842,25.391165301252705,-9.087755458540435,1.0159024723422299,-8.071852986198206,24.336552209411185,-7.9180722661588545,0.22297472633187,-7.695097539826985,24.366567936015045,-8.627281818652353,1.2940472159706076,-7.333234602681745
2019-06-01,TDOU,-23.08,30.384,630.2,2019,6,1,1613,0.0180676462338184,18.0676462338184,0.0183898536319186,18.3898536319186,0.0184458333333333,18.4458333333333,16.8333333333333,18.4458333333333,18.4458333333333,18.0676462338184,18.0676462338184,18.0676462338184,18.3898536319186,18.3898536319186,18.3898536319186,25.395866864978174,-7.902342487005798,0.5741218558460233,-7.328220631159773,24.34048138150203,-7.475299388268767,1.5246716386853372,-5.950627749583429,24.365587841364846,-7.320338659237024,-0.21191584879452208,-7.532254508031546
2019-06-02,TDOU,-23.08,30.384,630.2,2019,6,2,1614,0.0181229258756433,18.1229258756433,0.0175700014636739,17.5700014636739,0.0168333333333333,16.8333333333333,16.8333333333333,16.8333333333333,16.8333333333333,18.1229258756433,18.1229258756433,18.1229258756433,17.5700014636739,17.5700014636739,17.5700014636739,25.398062190911375,-6.162385606781529,-1.1127507084865442,-7.275136315268075,24.34228398371621,-5.5414606315290085,-1.2308218885133009,-6.77228252004231,24.364947446402546,-6.685264130452405,-0.8463499826168395,-7.531614113069246
2019-06-03,TDOU,-23.08,30.384,630.2,2019,6,3,1615,0.0175076387123335,17.5076387123335,0.0168287489069012,16.8287489069012,0.0163375,16.337500000000002,16.337500000000002,16.337500000000002,16.337500000000002,17.5076387123335,17.5076387123335,17.5076387123335,16.8287489069012,16.8287489069012,16.8287489069012,25.40015359726387,-7.365826817920077,-0.5266880670102942,-7.892514884930371,24.343978486681234,-6.66752756599898,-0.8477020137810527,-7.5152295797800335,24.364206845481334,-7.50603658439243,-0.5206702610889025,-8.026706845481332
2019-06-04,TDOU,-23.08,30.384,630.2,2019,6,4,1616,0.0155541920076808,15.5541920076808,0.0154308944605478,15.4308944605478,0.0159833333333333,15.9833333333333,15.9833333333333,15.9833333333333,15.9833333333333,15.5541920076808,15.5541920076808,15.5541920076808,15.4308944605478,15.4308944605478,15.4308944605478,25.40214090129452,-9.852979758514051,0.005030864900330556,-9.847948893613719,24.345564795242332,-8.618514038252842,-0.2961562964416906,-8.914670334694533,24.36336609704384,-8.272591833081435,-0.10744093062910665,-8.38003276371054
2019-06-05,TDOU,-23.08,30.384,630.2,2019,6,5,1617,0.0118713310737733,11.8713310737733,0.0128798993923156,12.8798993923156,0.0126208333333333,12.6208333333333,12.6208333333333,12.6208333333333,12.6208333333333,11.8713310737733,11.8713310737733,11.8713310737733,12.8798993923156,12.8798993923156,12.8798993923156,25.404023930438694,-10.11020315220461,-3.4224897044607836,-13.532692856665394,24.347042790755868,-9.43848769899919,-2.028655699441078,-11.467143398440268,24.362425261313597,-9.515811254540374,-2.225780673439921,-11.741591927980297
2019-06-06,TDOU,-23.08,30.384,630.2,2019,6,6,1618,0.0117465918010791,11.7465918010791,0.0104427756918281,10.4427756918281,0.0102041666666666,10.2041666666666,10.2041666666666,10.2041666666666,10.2041666666666,11.7465918010791,11.7465918010791,11.7465918010791,10.4427756918281,10.4427756918281,10.4427756918281,25.405802474020984,-10.11789775537941,-3.5413129175624753,-13.659210672941883,24.34841229546774,-9.99998136376038,-3.905655239879259,-13.905636603639639,24.361384351555134,-9.781110554106755,-4.376107130781779,-14.157217684888534
2019-06-07,TDOU,-23.08,30.384,630.2,2019,6,7,1619,0.0175197328498417,17.5197328498417,0.0179095797066091,17.9095797066091,0.0179083333333333,17.9083333333333,17.9083333333333,17.9083333333333,17.9083333333333,17.5197328498417,17.5197328498417,17.5197328498417,17.9095797066091,17.9095797066091,17.9095797066091,25.407476281629364,-5.942237728803423,-1.9455057029842422,-7.887743431787666,24.349673076400034,-5.635207008167538,-0.8048863616233959,-6.440093369790933,24.360243340077627,-5.9201664993610335,-0.5317435073832932,-6.451910006744328
2019-06-08,TDOU,-23.08,30.384,630.2,2019,6,8,1620,0.0174570896877621,17.4570896877621,0.0165152395655772,16.5152395655772,0.0163625,16.362499999999997,16.362499999999997,16.362499999999997,16.362499999999997,17.4570896877621,17.4570896877621,17.4570896877621,16.5152395655772,16.5152395655772,16.5152395655772,25.409045074162083,-8.870733523163848,0.9187781367638657,-7.951955386399984,24.350824849152605,-8.869550266068082,1.0339649824926767,-7.835585283575405,24.359002176552927,-9.656699890357187,1.6601977138042585,-7.99650217655293
2019-06-09,TDOU,-23.08,30.384,630.2,2019,6,9,1621,0.0181747273409871,18.1747273409871,0.0180229089841006,18.0229089841006,0.0167583333333333,16.758333333333297,16.758333333333297,16.758333333333297,16.758333333333297,18.1747273409871,18.1747273409871,18.1747273409871,18.0229089841006,18.0229089841006,18.0229089841006,25.410508550330626,-9.637880555805323,2.402099346461796,-7.235781209343525,24.351867276909065,-9.33529567648349,3.0063373836750245,-6.328958292808466,24.357660782046988,-10.5746954443171,2.97536799560341,-7.599327448713691
2019-06-10,TDOU,-23.08,30.384,630.2,2019,6,10,1622,0.0144189104531271,14.4189104531271,0.0145556206264009,14.5556206264009,0.0130416666666666,13.0416666666666,13.0416666666666,13.0416666666666,13.0416666666666,14.4189104531271,14.4189104531271,14.4189104531271,14.5556206264009,14.5556206264009,14.5556206264009,25.41186637565666,-10.76404612570501,-0.22890979682454926,-10.99295592252956,24.352799975178907,-10.115060486281678,0.3178811375036723,-9.797179348778007,24.35621903569524,-10.771009366145098,-0.543543002883542,-11.31455236902864
2019-06-11,TDOU,-23.08,30.384,630.2,2019,6,11,1623,0.01398883775901,13.98883775901,0.0125855281418847,12.5855281418847,0.0122666666666666,12.2666666666666,12.2666666666666,12.2666666666666,12.2666666666666,13.98883775901,13.98883775901,13.98883775901,12.5855281418847,12.5855281418847,12.5855281418847,25.413118222707556,-11.417211108900359,-0.007069354797199168,-11.424280463697556,24.353622544115684,-11.205804541023038,-0.5622898612079474,-11.768094402230984,24.35467679094742,-11.194546516865843,-0.8934636074149758,-12.08801012428082
2019-06-12,TDOU,-23.08,30.384,630.2,2019,6,12,1624,0.0155096076659285,15.5096076659285,0.0150706618756552,15.0706618756552,0.0147541666666666,14.7541666666666,14.7541666666666,14.7541666666666,14.7541666666666,15.5096076659285,15.5096076659285,15.5096076659285,15.0706618756552,15.0706618756552,15.0706618756552,25.414263797549594,-9.621293172741684,-0.2833629588794082,-9.904656131621094,24.354334588648566,-7.041786246340357,-2.2418864666530105,-9.283672712993367,24.3530339189094,-7.497249700213374,-2.1016175520294276,-9.5988672522428
2019-06-16,TDOU,-23.08,30.384,630.2,2019,6,16,1628,0.009404674815298,9.404674815298,0.0089198951656608,8.9198951656608,0.0075916666666666,7.5916666666666,7.5916666666666,7.5916666666666,7.5916666666666,9.404674815298,9.404674815298,9.404674815298,8.9198951656608,8.9198951656608,8.9198951656608,25.4177805274333,-10.246784321358906,-5.7663213907763975,-16.0131057121353,24.356072123315506,-10.826512294878397,-4.609664662776311,-15.436176957654707,24.34545696779508,-11.88250054161999,-4.871289759508489,-16.75379030112848
2019-06-17,TDOU,-23.08,30.384,630.2,2019,6,17,1629,0.0100974322632998,10.0974322632998,0.0108273954574661,10.8273954574661,0.0101375,10.1375,10.1375,10.1375,10.1375,10.0974322632998,10.0974322632998,10.0974322632998,10.8273954574661,10.8273954574661,10.8273954574661,25.41839324750974,-9.744741938512936,-5.576219045697005,-15.320960984209941,24.356228243125077,-9.767869710595377,-3.7609630750636,-13.528832785658977,24.34331220558671,-9.497891799460525,-4.707920406126185,-14.20581220558671
2019-06-18,TDOU,-23.08,30.384,630.2,2019,6,18,1630,0.009989218761219,9.989218761219,0.0099215349091844,9.9215349091844,0.0097375,9.7375,9.7375,9.7375,9.7375,9.989218761219,9.989218761219,9.989218761219,9.9215349091844,9.9215349091844,9.9215349091844,25.41889953274998,-10.629023537830896,-4.800657233700083,-15.429680771530979,24.356272998961398,-10.217251495929265,-4.217486593847735,-14.434738089776998,24.34106774452584,-10.852364014845435,-3.7512037296804053,-14.60356774452584
2019-06-19,TDOU,-23.08,30.384,630.2,2019,6,19,1631,0.0114641548183454,11.4641548183454,0.0112230089970614,11.2230089970614,0.0103,10.3,10.3,10.3,10.3,11.4641548183454,11.4641548183454,11.4641548183454,11.2230089970614,11.2230089970614,11.2230089970614,25.41929965390957,-8.67085660411099,-5.284288231453182,-13.95514483556417,24.356206544476393,-9.047774935544945,-4.085422611870047,-13.133197547414992,24.33872402797177,-9.208499462772567,-4.830224565199202,-14.03872402797177
2019-06-20,TDOU,-23.08,30.384,630.2,2019,6,20,1632,0.0144248040110916,14.4248040110916,0.013310003887501,13.310003887501,0.013775,13.775,13.775,13.775,13.775,14.4248040110916,14.4248040110916,14.4248040110916,13.310003887501,13.310003887501,13.310003887501,25.419594005266234,-8.159060925633652,-2.8357290685409815,-10.994789994174633,24.356029165413112,-7.0748986739625215,-3.971126603949589,-11.046025277912111,24.336281618802975,-7.7756653048844315,-2.785616313918542,-10.561281618802974
2019-06-21,TDOU,-23.08,30.384,630.2,2019,6,21,1633,0.0174573524173861,17.4573524173861,0.0177585690335844,17.7585690335844,0.0164708333333333,16.4708333333333,14.1083333333333,16.4708333333333,16.4708333333333,17.4573524173861,17.4573524173861,17.4573524173861,15.5478776519245,17.7585690335844,17.7585690335844,25.419783027272587,-10.681732567106474,2.71930195721999,-7.962430609886486,24.355741188489265,-9.876672509217238,1.068808972652473,-8.807863536564765,24.33374110199425,-10.725852953317622,0.5004451846566731,-10.225407768660949
2019-06-22,TDOU,-23.08,30.384,630.2,2019,6,22,1634,0.0159172235808854,15.9172235808854,0.0159397925555438,15.9397925555438,0.0153125,15.3125,15.3125,15.3125,15.3125,15.9172235808854,15.9172235808854,15.9172235808854,15.9397925555438,15.9397925555438,15.9397925555438,25.41986715700737,-12.145651551212845,2.6430079750908746,-9.50264357612197,24.355342943126754,-13.018693033310944,4.6031426457279885,-8.415550387582954,24.331103045253517,-13.276820130845469,4.2582170855919514,-9.018603045253517
2019-06-23,TDOU,-23.08,30.384,630.2,2019,6,23,1635,0.0151532284898173,15.1532284898173,0.0155478776519245,15.5478776519245,0.0141083333333333,14.1083333333333,14.1083333333333,14.1083333333333,14.1083333333333,15.1532284898173,15.1532284898173,15.1532284898173,15.5478776519245,15.5478776519245,15.5478776519245,25.419846835349414,-12.612670484795906,2.3460521392637936,-10.266618345532114,24.354834761692075,-11.357361596809074,2.5504044870414972,-8.806957109767575,24.328368016493165,-11.734440262039497,1.5144055788796322,-10.220034683159865
2019-06-24,TDOU,-23.08,30.384,630.2,2019,6,24,1636,0.0165844069172093,16.5844069172093,0.0165123343454061,16.5123343454061,0.0169166666666666,16.9166666666666,16.9166666666666,16.9166666666666,16.9166666666666,16.5844069172093,16.5844069172093,16.5844069172093,16.5123343454061,16.5123343454061,16.5123343454061,25.419722540236542,-11.126892124180374,2.2915765011531306,-8.835315623027242,24.35421704868243,-10.17628315572149,2.334400452445159,-7.84188270327633,24.325536657416013,-10.988579165337226,3.5797091745878156,-7.408869990749412
2019-06-25,TDOU,-23.08,30.384,630.2,2019,6,25,1637,0.0179167280888372,17.9167280888372,0.0171371249783244,17.1371249783244,0.0175333333333333,17.5333333333333,17.5333333333333,17.5333333333333,17.5333333333333,17.9167280888372,17.9167280888372,17.9167280888372,17.1371249783244,17.1371249783244,17.1371249783244,25.419494826286048,-10.796898851865802,3.2941321144169535,-7.502766737448848,24.353490332321876,-10.466252495812071,3.2498871418145967,-7.216365353997475,24.322609732484086,-10.210715182211276,3.4214387830604913,-6.789276399150786
2019-06-26,TDOU,-23.08,30.384,630.2,2019,6,26,1638,0.0200777243947973,20.0777243947973,0.0198747357257781,19.8747357257781,0.0204958333333333,20.4958333333333,16.4708333333333,20.4958333333333,20.4958333333333,16.213158250827398,20.0777243947973,20.0777243947973,16.5123343454061,19.8747357257781,19.8747357257781,25.41916434816085,-10.3776841067897,1.1716780094562473,-9.206006097333454,24.352655271446395,-8.610671351623735,0.7703504255834375,-7.840320926040295,24.319588125360266,-9.42807732145462,1.5793225294276532,-7.848754792026966
2019-06-27,TDOU,-23.08,30.384,630.2,2019,6,27,1639,0.0162131582508274,16.213158250827398,0.0168627240130112,16.8627240130112,0.0164708333333333,16.4708333333333,16.4708333333333,16.4708333333333,16.4708333333333,16.213158250827398,16.213158250827398,16.213158250827398,16.8627240130112,16.8627240130112,16.8627240130112,25.418731887560693,-10.643794299428578,1.438220662695283,-9.205573636733295,24.351712634109834,-9.066606204462696,1.5776175833640629,-7.488988621098635,24.316472834608067,-9.836176547735057,1.9905370464602896,-7.845639501274768
2019-06-28,TDOU,-23.08,30.384,630.2,2019,6,28,1640,0.0133665674619485,13.3665674619485,0.0147205878604824,14.7205878604824,0.0136125,13.6125,13.6125,13.6125,13.6125,13.3665674619485,13.3665674619485,13.3665674619485,14.7205878604824,14.7205878604824,14.7205878604824,25.418198415746907,-13.480503308537479,1.4288723547390703,-12.051630953798407,24.350663382981345,-11.259342222689362,1.629266700190417,-9.630075522498945,24.313264981459163,-12.14658936999773,1.4458243885385684,-10.700764981459162
2019-06-29,TDOU,-23.08,30.384,630.2,2019,6,29,1641,0.0115895312558656,11.5895312558656,0.0118640110221421,11.8640110221421,0.0117333333333333,11.7333333333333,11.7333333333333,11.7333333333333,11.7333333333333,11.5895312558656,11.5895312558656,11.5895312558656,11.8640110221421,11.8640110221421,11.8640110221421,25.417565046282153,-13.666489916981863,-0.16154387343469168,-13.828033790416553,24.349508649822212,-14.299867297765037,1.814369670084922,-12.485497627680113,24.30996582654199,-13.932830685016041,1.3561981918073513,-12.57663249320869
2019-06-30,TDOU,-23.08,30.384,630.2,2019,6,30,1642,0.0113576770297766,11.3576770297766,0.0114656435962274,11.4656435962274,0.012225,12.225,12.225,12.225,12.225,11.3576770297766,11.3576770297766,11.3576770297766,11.4656435962274,11.4656435962274,11.4656435962274,25.41683294620503,-11.996619013921164,-2.062536902507265,-14.05915591642843,24.34824964242371,-11.424220064271022,-1.4583859819252893,-12.88260604619631,24.306576704929476,-11.422291939323665,-0.6592847656058112,-12.081576704929477
2019-07-01,TDOU,-23.08,30.384,630.2,2019,7,1,1643,0.0117008212010262,11.7008212010262,0.0124371453022494,12.4371453022494,0.0118958333333333,11.8958333333333,11.8958333333333,11.8958333333333,11.8958333333333,11.7008212010262,11.7008212010262,11.7008212010262,12.4371453022494,12.4371453022494,12.4371453022494,25.41600331891793,-11.204324575544913,-2.5108575423468196,-13.71518211789173,24.346887601682802,-11.259666993026382,-0.6500753064070182,-11.909742299433402,24.303098960712013,-10.820567187126162,-1.586698440252551,-12.407265627378713
2019-07-02,TDOU,-23.08,30.384,630.2,2019,7,2,1644,0.0068978296389731,6.8978296389731,0.00728195725874,7.28195725874,0.0063291666666666,6.3291666666666,9.0375,6.3291666666666,6.3291666666666,11.3576770297766,6.8978296389731,6.8978296389731,7.28195725874,7.28195725874,7.28195725874,25.41507743432286,-12.408728716277711,-1.64867168826855,-14.05740040454626,24.345423829500714,-11.796518870713328,-5.266947700047385,-17.063466570760713,24.299533973140974,-12.89096298692239,-2.3710709862185837,-15.262033973140975
2019-07-03,TDOU,-23.08,30.384,630.2,2019,7,3,1645,0.0070669739564337,7.0669739564337,0.0076959058818434,7.6959058818434,0.0068958333333333,6.8958333333333,6.8958333333333,6.8958333333333,6.8958333333333,7.0669739564337,7.0669739564337,7.0669739564337,7.6959058818434,7.6959058818434,7.6959058818434,25.414056701595698,-14.504199508938946,-3.8428832362230523,-18.347082745161998,24.343859759855242,-11.236684048216453,-5.411269829795387,-16.64795387801184,24.2958832470858,-11.828419722162508,-5.571630191589993,-17.4000499137525
2019-07-04,TDOU,-23.08,30.384,630.2,2019,7,4,1646,0.0080201490239866,8.0201490239866,0.0093308356642711,9.3308356642711,0.0090375,9.0375,9.0375,9.0375,9.0375,8.0201490239866,8.0201490239866,8.0201490239866,9.3308356642711,9.3308356642711,9.3308356642711,25.41294269045564,-14.04874557514682,-3.3440480913222217,-17.39279366646904,24.3421970069313,-11.260372816719583,-3.750988525940617,-15.0113613426602,24.292148453515022,-10.904721807330967,-4.349926646184056,-15.254648453515022
2019-07-05,TDOU,-23.08,30.384,630.2,2019,7,5,1647,0.0113814143218638,11.3814143218638,0.0082789164723908,8.2789164723908,0.0085166666666666,8.5166666666666,8.5166666666666,8.5166666666666,8.5166666666666,11.3814143218638,11.3814143218638,11.3814143218638,8.2789164723908,8.2789164723908,8.2789164723908,25.41173704640852,-11.76777416060741,-2.262548563937308,-14.030322724544718,24.340437308924045,-12.675578844895298,-3.385941991637946,-16.061520836533244,24.288331366574464,-11.014374861426546,-4.7572898384813165,-15.771664699907864
2019-07-06,TDOU,-23.08,30.384,630.2,2019,7,6,1648,0.0133019899089908,13.3019899089908,0.0142678778548021,14.2678778548021,0.0131166666666666,13.1166666666666,13.1166666666666,13.1166666666666,13.1166666666666,13.3019899089908,13.3019899089908,13.3019899089908,14.2678778548021,14.2678778548021,14.2678778548021,25.410441445711093,-12.102534876635758,-0.005916660084537284,-12.108451536720294,24.338582448661256,-10.813538037564987,0.7428334437058304,-10.070704593859157,24.284433797279668,-11.316322994095218,0.14855586348215155,-11.167767130613068
2019-07-07,TDOU,-23.08,30.384,630.2,2019,7,7,1649,0.0085728725954308,8.5728725954308,0.0070716437488461,7.071643748846101,0.0064708333333333,6.4708333333333,6.4708333333333,6.4708333333333,6.4708333333333,8.5728725954308,8.5728725954308,8.5728725954308,12.880808475842,7.071643748846101,7.071643748846101,25.409057588073598,-13.233592841031065,-3.6025921516117343,-16.8361849926428,24.336634278966443,-10.230199496026838,-1.2256263070976061,-11.455825803124442,24.280457602847378,-12.114362175034884,-5.695262094479194,-17.809624269514078
2019-07-08,TDOU,-23.08,30.384,630.2,2019,7,8,1650,0.0144556894616918,14.4556894616918,0.0141770515603419,14.1770515603419,0.0143958333333333,14.3958333333333,14.3958333333333,14.3958333333333,14.3958333333333,14.4556894616918,14.4556894616918,14.4556894616918,14.1770515603419,14.1770515603419,14.1770515603419,25.40758716652666,-10.240071418732787,-0.7118262861020739,-10.95189770483486,24.33459465160698,-10.782286981939064,0.6247438906739831,-10.157543091265081,24.276404629490536,-10.752753013371814,0.8721817172145805,-9.880571296157235
2019-07-09,TDOU,-23.08,30.384,630.2,2019,7,9,1651,0.0145451432216231,14.5451432216231,0.0141862529929871,14.1862529929871,0.0140124999999999,14.0124999999999,14.0124999999999,14.0124999999999,14.0124999999999,14.5451432216231,14.5451432216231,14.5451432216231,14.1862529929871,14.1862529929871,14.1862529929871,25.406031871931358,-8.114309767338792,-2.746578882969466,-10.860888650308258,24.332465408116512,-7.991842683579351,-2.1543697315500623,-10.146212415129412,24.272276731319096,-8.169755525957605,-2.090021205361591,-10.259776731319196
2019-07-10,TDOU,-23.08,30.384,630.2,2019,7,10,1652,0.012648015260451,12.648015260451,0.012880808475842,12.880808475842,0.011125,11.125,11.125,11.125,11.125,12.648015260451,12.648015260451,12.648015260451,12.880808475842,12.880808475842,12.880808475842,25.404393405002555,-4.615148956752053,-8.1412291877995,-12.756378144551554,24.330248409168654,-4.931476691047229,-6.517963242279425,-11.449439933326653,24.268075792092837,-5.487612785887829,-7.655463006205007,-13.143075792092837
2019-07-11,TDOU,-23.08,30.384,630.2,2019,7,11,1653,0.0089374337315308,8.937433731530799,0.0089930796143355,8.9930796143355,0.0081083333333333,8.1083333333333,8.1083333333333,8.1083333333333,8.1083333333333,8.937433731530799,8.937433731530799,8.937433731530799,8.9930796143355,8.9930796143355,8.9930796143355,25.402673479895302,-3.81061780693615,-12.654621941428353,-16.465239748364503,24.327945525761617,-4.809041314043206,-10.525824597382911,-15.334865911426117,24.263803713218426,-3.3651115680026757,-12.790358811882449,-16.155470379885124
2019-07-12,TDOU,-23.08,30.384,630.2,2019,7,12,1654,0.0081237307757472,8.1237307757472,0.006796886430791,6.796886430791,0.006475,6.475,6.475,6.475,6.475,8.1237307757472,8.1237307757472,8.1237307757472,11.0599292029237,6.796886430791,6.796886430791,25.400873832559665,-11.133155106789307,-6.143987950023156,-17.277143056812463,24.325558644535413,-9.065101386938013,-4.2005280546737005,-13.265629441611713,24.259462426499343,-13.032304478624926,-4.752157947874419,-17.784462426499346
2019-07-13,TDOU,-23.08,30.384,630.2,2019,7,13,1655,0.0127099559820715,12.7099559820715,0.011961786395828,11.961786395828,0.0111375,11.1375,11.1375,11.1375,11.1375,12.7099559820715,12.7099559820715,12.7099559820715,11.961786395828,11.961786395828,11.961786395828,25.398996201452,-13.304588481397705,0.6155482620172066,-12.6890402193805,24.3230896487905,-11.913877736386397,-0.44742551657610363,-12.3613032529625,24.255053856080135,-12.29682592156605,-0.8207279345140854,-13.117553856080136
2019-07-14,TDOU,-23.08,30.384,630.2,2019,7,14,1656,0.0102493302535189,10.2493302535189,0.0103332038393147,10.3332038393147,0.0095916666666666,9.5916666666666,9.5916666666666,9.5916666666666,9.5916666666666,10.2493302535189,10.2493302535189,10.2493302535189,10.3332038393147,10.3332038393147,10.3332038393147,25.39704236063076,-14.101287048249851,-1.0464250588620096,-15.14771210711186,24.320540410946098,-12.744122980851438,-1.243213590779959,-13.987336571631397,24.25057992274686,-13.177058179290764,-1.4818550767894934,-14.65891325608026
2019-07-15,TDOU,-23.08,30.384,630.2,2019,7,15,1657,0.0104324238904617,10.4324238904617,0.0110599292029237,11.0599292029237,0.0100125,10.0125,10.0125,10.0125,10.0125,10.4324238904617,10.4324238904617,10.4324238904617,11.0599292029237,11.0599292029237,11.0599292029237,25.395014119898708,-14.271239312342622,-0.6913509170943861,-14.962590229437007,24.31791278976255,-12.68418051077599,-0.573803076062859,-13.257983586838849,24.246042548757256,-13.548259723896662,-0.6852828248605967,-14.233542548757256
2019-07-16,TDOU,-23.08,30.384,630.2,2019,7,16,1658,0.0094370950710299,9.4370950710299,0.0111197628511498,11.1197628511498,0.0100708333333333,10.0708333333333,10.0708333333333,10.0708333333333,10.0708333333333,9.4370950710299,9.4370950710299,9.4370950710299,11.1197628511498,11.1197628511498,11.1197628511498,25.392913335962493,-14.299058299776107,-1.6567599651564855,-15.955818264932594,24.315208697296526,-11.921666665572213,-1.2737791805745147,-13.195445846146727,24.241443692972123,-13.198016343843658,-0.9725940157951634,-14.170610359638822
2019-07-17,TDOU,-23.08,30.384,630.2,2019,7,17,1659,0.0079795511934597,7.9795511934597,0.0088887658354579,8.888765835457901,0.0081708333333333,8.1708333333333,8.1708333333333,8.1708333333333,8.1708333333333,7.9795511934597,7.9795511934597,7.9795511934597,8.888765835457901,8.888765835457901,8.888765835457901,25.390741930362577,-13.495935650859053,-3.9152550860438247,-17.411190736902878,24.31243013967595,-12.499534202103327,-2.92413010211472,-15.423664304218049,24.236785411962668,-13.017515976630799,-3.0484361019985684,-16.065952078629365
2019-07-18,TDOU,-23.08,30.384,630.2,2019,7,18,1660,0.0075822993743995,7.5822993743995,0.0078478801297754,7.8478801297754,0.0077833333333333,7.7833333333333,7.7833333333333,7.7833333333333,7.7833333333333,7.5822993743995,7.5822993743995,7.5822993743995,7.8478801297754,7.8478801297754,7.8478801297754,25.38850188882071,-12.891418770097912,-4.914783744323298,-17.80620251442121,24.30957917818671,-13.249856042764014,-3.211843005647296,-16.461699048411308,24.232069817827398,-12.2326670221022,-4.216069462391896,-16.4487364844941
2019-07-19,TDOU,-23.08,30.384,630.2,2019,7,19,1661,0.006133233585989,6.133233585988999,0.0069090253533072,6.9090253533072,0.0069124999999999,6.912499999999899,6.912499999999899,6.912499999999899,6.912499999999899,6.133233585988999,6.133233585988999,6.133233585988999,6.9090253533072,6.9090253533072,6.9090253533072,25.386195250483727,-14.464820119303557,-4.78814154519117,-19.252961664494727,24.3066579141857,-13.495769378669886,-3.901863182208615,-17.3976325608785,24.227299052424595,-13.500583381445843,-3.8142156709788537,-17.314799052424696
2019-07-20,TDOU,-23.08,30.384,630.2,2019,7,20,1662,0.0091141688948158,9.1141688948158,0.0050403331646356,5.040333164635601,0.0066291666666666,6.6291666666666,6.6291666666666,6.6291666666666,6.6291666666666,9.1141688948158,9.1141688948158,9.1141688948158,5.040333164635601,5.040333164635601,5.040333164635601,25.383824070613613,-13.673237458990274,-2.59641771680754,-16.269655175797816,24.303668457790653,-14.289537390252567,-4.973797902902486,-19.263335293155052,24.22247522744766,-13.790589258355928,-3.802719302425132,-17.59330856078106
2019-07-21,TDOU,-23.08,30.384,630.2,2019,7,21,1663,0.012818254713417,12.818254713417,0.0122639114370771,12.2639114370771,0.0118166666666666,11.8166666666666,7.0875,11.8166666666666,11.8166666666666,12.818254713417,12.818254713417,12.818254713417,6.9090253533072,12.2639114370771,12.2639114370771,25.381390356284395,-12.560929271699244,-0.002206371168153254,-12.563135642867396,24.30061288209026,-13.955298122639697,-3.436289406143363,-17.39158752878306,24.217600391591336,-13.975064830584422,-3.1550355610069154,-17.130100391591334
2019-07-23,TDOU,-23.08,30.384,630.2,2019,7,23,1665,0.0057357446781611,5.7357446781611,0.0064988689582164,6.4988689582164,0.0060166666666666,6.0166666666666,6.0166666666666,6.0166666666666,6.0166666666666,5.7357446781611,5.7357446781611,5.7357446781611,6.4988689582164,6.4988689582164,6.4988689582164,25.376343073212084,-14.644697122162453,-4.995901272888531,-19.640598395050983,24.294311426611706,-14.008221910267856,-3.7872205581274514,-17.795442468395308,24.207705766904645,-13.851068498697371,-4.339970601540674,-18.191039100238044
2019-07-24,TDOU,-23.08,30.384,630.2,2019,7,24,1666,0.009346345930513,9.346345930513,0.006509498588924,6.509498588924,0.0070875,7.0875,7.0875,7.0875,7.0875,9.346345930513,9.346345930513,9.346345930513,6.509498588924,6.509498588924,6.509498588924,25.37373335598892,-13.415528181356512,-2.6118592441194117,-16.027387425475922,24.291069558303775,-13.980640229419791,-3.800930739959984,-17.781570969379775,24.202690104248003,-13.471909008314874,-3.64328109593313,-17.115190104248
2019-07-25,TDOU,-23.08,30.384,630.2,2019,7,25,1667,0.0116255327494529,11.6255327494529,0.0121425811228599,12.1425811228599,0.0122458333333333,12.2458333333333,12.2458333333333,12.2458333333333,12.2458333333333,11.6255327494529,11.6255327494529,11.6255327494529,12.1425811228599,12.1425811228599,12.1425811228599,25.371068883233843,-12.501511472639388,-1.2440246611415553,-13.745536133780943,24.28776963974788,-11.921153393541488,-0.22403512334648923,-12.145188516887979,24.197631677147122,-11.68356123120669,-0.2682371126071317,-11.951798343813822
2019-07-26,TDOU,-23.08,30.384,630.2,2019,7,26,1668,0.0115678473238074,11.5678473238074,0.0099857078156679,9.9857078156679,0.0107791666666666,10.7791666666666,10.7791666666666,10.7791666666666,10.7791666666666,11.5678473238074,11.5678473238074,11.5678473238074,9.9857078156679,9.9857078156679,9.9857078156679,25.368351589939138,-12.413723673730125,-1.3867805924016139,-13.800504266131737,24.28441366773906,-12.689753852984595,-1.608951999086564,-14.29870585207116,24.192532565830316,-12.155128549215458,-1.2582373499482564,-13.413365899163717
2019-07-27,TDOU,-23.08,30.384,630.2,2019,7,27,1669,0.0147903605143791,14.7903605143791,0.0146329094455727,14.6329094455727,0.0144708333333333,14.4708333333333,14.4708333333333,14.4708333333333,14.4708333333333,14.7903605143791,14.7903605143791,14.7903605143791,14.6329094455727,14.6329094455727,14.6329094455727,25.36558333974635,-11.761325499047816,1.1861026736805655,-10.57522282536725,24.28100367407241,-11.140394988223942,1.492300759724234,-9.648094228499708,24.18739487774962,-10.789860813005653,1.0732992685893308,-9.716561544416322
2019-07-28,TDOU,-23.08,30.384,630.2,2019,7,28,1670,0.0107306183332523,10.7306183332523,0.011216999760063,11.216999760063,0.01195,11.95,11.95,11.95,11.95,10.7306183332523,10.7306183332523,10.7306183332523,11.216999760063,11.216999760063,11.216999760063,25.36276593976315,-12.677118778714304,-1.9550288277965464,-14.63214760651085,24.27754176979127,-12.305705904623629,-0.7548361051046406,-13.06054200972827,24.182220790919246,-10.835295928601571,-1.3969248623176753,-12.232220790919246
2019-07-29,TDOU,-23.08,30.384,630.2,2019,7,29,1671,0.0092599301827364,9.2599301827364,0.0096972214619156,9.6972214619156,0.0097125,9.7125,9.7125,9.7125,9.7125,9.2599301827364,9.2599301827364,9.2599301827364,9.6972214619156,9.6972214619156,9.6972214619156,25.359901141755792,-13.556338184671374,-2.543632774348019,-16.099970959019394,24.274030121335084,-13.006566238695651,-1.570242420723833,-14.576808659419484,24.177012545379526,-12.511338502556878,-1.9531740428226456,-14.464512545379526
2019-07-30,TDOU,-23.08,30.384,630.2,2019,7,30,1672,0.0081642252747687,8.1642252747687,0.0085819923884428,8.581992388442801,0.0094458333333333,9.4458333333333,9.4458333333333,9.4458333333333,9.4458333333333,8.1642252747687,8.1642252747687,8.1642252747687,8.581992388442801,8.581992388442801,8.581992388442801,25.356990656455388,-14.39454764965718,-2.7982177320295065,-17.192765381686687,24.270470889880443,-13.540540864640704,-2.1479376367969394,-15.688478501437642,24.171772395322204,-13.061535749218068,-1.6644033127708333,-14.725939061988903
2019-08-01,TDOU,-23.08,30.384,630.2,2019,8,1,1674,0.0187014028810518,18.7014028810518,0.0150377355395522,15.0377355395522,0.0163208333333333,16.320833333333297,16.320833333333297,16.320833333333297,16.320833333333297,18.7014028810518,18.7014028810518,18.7014028810518,15.0377355395522,15.0377355395522,15.0377355395522,25.351039493446645,-9.885839276262029,3.236202663867182,-6.649636612394847,24.26321865449273,-10.724451472788166,1.4989683578476374,-9.225483114940529,24.161205738816708,-9.790733790253059,1.9503613847696464,-7.840372405483411
2019-08-02,TDOU,-23.08,30.384,630.2,2019,8,2,1675,0.021517320751741,21.517320751741,0.0214621832197294,21.4621832197294,0.0212958333333333,21.2958333333333,21.2958333333333,21.2958333333333,21.2958333333333,21.517320751741,21.517320751741,21.517320751741,17.804466619826602,21.4621832197294,21.4621832197294,25.348002354796677,-6.105909581831448,2.2752279787757708,-3.8306816030556767,24.259530299928883,-6.946519330115182,0.49145565001290237,-6.455063680102281,24.15588401996392,-5.365465012116616,2.5054143254859937,-2.860050686630622
2019-08-03,TDOU,-23.08,30.384,630.2,2019,8,3,1676,0.0188300613491725,18.8300613491725,0.0185592331840034,18.5592331840034,0.0194875,19.4875,17.5541666666666,19.4875,19.4875,18.8300613491725,18.8300613491725,18.8300613491725,18.5592331840034,18.5592331840034,18.5592331840034,25.344926574180224,-8.979089702387098,2.4642244773793713,-6.514865225007725,24.255803589978974,-7.759441095369943,2.0628706893943694,-5.696570405975574,24.150539900514566,-8.742224989578732,2.1458517557307673,-6.596373233847967
2019-08-04,TDOU,-23.08,30.384,630.2,2019,8,4,1677,0.0175932885163436,17.5932885163436,0.0183926481306668,18.392648130666803,0.0178125,17.8125,17.8125,17.8125,17.8125,17.5932885163436,17.5932885163436,17.5932885163436,18.392648130666803,18.392648130666803,18.392648130666803,25.341813976321184,-7.842297797019943,0.09377233704235621,-7.748525459977586,24.25204086487176,-6.454536868963701,0.5951441347587441,-5.859392734204956,24.145175738137322,-7.149882074036596,0.8172063358992752,-6.332675738137322
2019-08-05,TDOU,-23.08,30.384,630.2,2019,8,5,1678,0.0179419503835444,17.9419503835444,0.0178044666198266,17.804466619826602,0.0175541666666666,17.5541666666666,17.5541666666666,17.5541666666666,17.5541666666666,17.9419503835444,17.9419503835444,17.9419503835444,17.804466619826602,17.804466619826602,17.804466619826602,25.33866641640569,-7.183950487919769,-0.21276554494152222,-7.396716032861292,24.248244442467865,-6.417901748014331,-0.02587607462693242,-6.4437778226412625,24.139793848737124,-6.829334203067028,0.24370702099650288,-6.5856271820705246
2019-08-06,TDOU,-23.08,30.384,630.2,2019,8,6,1679,0.0198099163720824,19.8099163720824,0.0180273279965276,18.0273279965276,0.0174291666666666,17.4291666666666,17.4291666666666,17.4291666666666,17.4291666666666,19.8099163720824,19.8099163720824,19.8099163720824,18.0273279965276,18.0273279965276,18.0273279965276,25.335485804927433,-4.316819695036859,-1.2087497378081729,-5.525569432845032,24.244416635973412,-4.720157640899263,-1.4969309985465493,-6.217088639445812,24.13439652490758,-4.878641068642154,-1.8265887895988264,-6.70522985824098
2019-08-07,TDOU,-23.08,30.384,630.2,2019,8,7,1680,0.0178000420898579,17.8000420898579,0.0177995317092456,17.7995317092456,0.0180583333333333,18.0583333333333,18.0583333333333,18.0583333333333,18.0583333333333,17.8000420898579,17.8000420898579,17.8000420898579,17.7995317092456,17.7995317092456,17.7995317092456,25.332274113275826,-6.032992157631133,-1.4992398657867945,-7.532232023417926,24.240559769695025,-5.940357166371556,-0.5006708940778708,-6.441028060449426,24.128986058045278,-5.547510010599732,-0.5231427141122467,-6.070652724711977
2019-08-08,TDOU,-23.08,30.384,630.2,2019,8,8,1681,0.0171208770347374,17.1208770347374,0.0150550106188989,15.0550106188989,0.0160625,16.0625,16.0625,16.0625,16.0625,17.1208770347374,17.1208770347374,17.1208770347374,15.0550106188989,15.0550106188989,15.0550106188989,25.329033378079284,-6.283284537596055,-1.924871805745827,-8.208156343341884,24.23667615082442,-6.2796346143407025,-2.902030917584817,-9.18166553192552,24.123564738556976,-5.314068161675646,-2.7469965768813296,-8.061064738556976
2019-08-09,TDOU,-23.08,30.384,630.2,2019,8,9,1682,0.0222997576378978,22.2997576378978,0.0220988304764933,22.0988304764933,0.0224041666666666,22.4041666666666,22.4041666666666,22.4041666666666,22.4041666666666,22.2997576378978,22.2997576378978,22.2997576378978,22.0988304764933,22.0988304764933,22.0988304764933,25.32576568771888,-4.1339482020730625,1.107940152251981,-3.0260080498210797,24.232768070861066,-3.099837208313621,0.9658996139458544,-2.133937594367765,24.118134896337914,-3.2749956934863818,1.5610274638150692,-1.7139682296713126
2019-08-10,TDOU,-23.08,30.384,630.2,2019,8,10,1683,0.0224619596741042,22.4619596741042,0.0239006004932175,23.9006004932175,0.0217666666666666,21.7666666666666,21.7666666666666,21.7666666666666,21.7666666666666,22.4619596741042,22.4619596741042,22.4619596741042,23.9006004932175,23.9006004932175,23.9006004932175,25.322473155083564,-3.6237012167093576,0.7631877357299928,-2.860513480979364,24.2288378341528,-2.244620541249506,1.9163832003142076,-0.3282373409352992,24.112698882331298,-2.062276084758852,-0.28375613090584295,-2.346032215664696
2019-08-11,TDOU,-23.08,30.384,630.2,2019,8,11,1684,0.0144257111089657,14.4257111089657,0.0154241664978,15.4241664978,0.0146708333333333,14.6708333333333,14.6708333333333,14.6708333333333,14.6708333333333,14.4257111089657,14.4257111089657,14.4257111089657,15.4241664978,15.4241664978,15.4241664978,25.319157924980434,-6.255172914810766,-4.63827390120397,-10.893446816014734,24.224887786248605,-4.854660463095826,-3.9460608253527774,-8.800721288448605,24.107259039362017,-5.201227319905942,-4.235198386122775,-9.436425706028716
2019-08-12,TDOU,-23.08,30.384,630.2,2019,8,12,1685,0.011606993073221,11.606993073221,0.0110600514633067,11.0600514633067,0.0115708333333333,11.5708333333333,11.5708333333333,11.5708333333333,11.5708333333333,11.606993073221,11.606993073221,11.606993073221,11.0600514633067,11.0600514633067,11.0600514633067,25.315822136779058,-10.306745900306787,-3.402083163251273,-13.708829063558058,24.220920263529443,-8.53857368727491,-4.622295112947832,-13.160868800222744,24.101817693484676,-9.719225873704298,-2.8117584864470757,-12.530984360151376
2019-08-13,TDOU,-23.08,30.384,630.2,2019,8,13,1686,0.0170390571004827,17.039057100482697,0.0162898708653145,16.289870865314498,0.0160208333333333,16.0208333333333,16.0208333333333,16.0208333333333,16.0208333333333,17.039057100482697,17.039057100482697,17.039057100482697,16.289870865314498,16.289870865314498,16.289870865314498,25.31246792403782,-9.416569885931715,1.1431590623765935,-8.273410823555121,24.21693758344197,-7.235514187834419,-0.6915525302930519,-7.92706671812747,24.096377159313715,-8.526638503045643,0.4510946770652282,-8.075543825980414
2019-08-14,TDOU,-23.08,30.384,630.2,2019,8,14,1687,0.0178315994994583,17.831599499458303,0.0170803047682475,17.0803047682475,0.0170458333333333,17.0458333333333,17.0458333333333,17.0458333333333,17.0458333333333,17.831599499458303,17.831599499458303,17.831599499458303,17.0803047682475,17.0803047682475,17.0803047682475,25.30909743978425,-9.485300461646613,2.0078025213206665,-7.4774979403259465,24.21294208064743,-8.812491867327573,1.679854554927644,-7.132637312399929,24.090939754426977,-9.12451090591782,2.079404484824142,-7.045106421093678
2019-08-15,TDOU,-23.08,30.384,630.2,2019,8,15,1688,0.0175636313565685,17.5636313565685,0.0185045432980438,18.5045432980438,0.0175208333333333,17.5208333333333,17.5208333333333,17.5208333333333,17.5208333333333,17.5636313565685,17.5636313565685,17.5636313565685,18.5045432980438,18.5045432980438,18.5045432980438,25.305712828599802,-9.609662402029214,1.8675809299979136,-7.742081472031302,24.208936094120734,-8.029084392784531,2.3246915967075985,-5.7043927960769345,24.085507782774958,-8.267707016914885,1.703032567473226,-6.564674449441657
2019-08-16,TDOU,-23.08,30.384,630.2,2019,8,16,1689,0.0100718104637525,10.0718104637525,0.0101643690263549,10.1643690263549,0.009125,9.125,9.125,9.125,9.125,15.7067023610995,10.0718104637525,10.0718104637525,10.1643690263549,10.1643690263549,10.1643690263549,25.302316207498265,-11.009249122260883,1.41363527586212,-9.595613846398765,24.20492193063585,-12.314895531694276,-1.725657372586678,-14.040552904280952,24.080083524868144,-12.732302321148614,-2.222781203719528,-14.955083524868144
2019-08-17,TDOU,-23.08,30.384,630.2,2019,8,17,1690,0.0144652876892284,14.4652876892284,0.011376974811781,11.376974811781,0.0126583333333333,12.6583333333333,12.6583333333333,12.6583333333333,12.6583333333333,14.4652876892284,14.4652876892284,14.4652876892284,11.376974811781,11.376974811781,11.376974811781,25.298909655424097,-12.861015879803565,2.0273939136078667,-10.833621966195697,24.200901854829212,-12.03590473649886,-0.788022306549351,-12.823927043048212,24.074669216599954,-11.852947388154856,0.43661150488820155,-11.416335883266655
2019-08-18,TDOU,-23.08,30.384,630.2,2019,8,18,1691,0.0157067023610995,15.7067023610995,0.0156398568671548,15.6398568671548,0.0145125,14.5125,14.5125,14.5125,14.5125,15.7067023610995,15.7067023610995,15.7067023610995,15.6398568671548,15.6398568671548,15.6398568671548,25.295495213783354,-12.407491520856446,2.818698668172594,-9.588792852683854,24.196878093274545,-11.139487933067604,2.5824667069478586,-8.557021226119746,24.069267058522232,-11.227933619336437,1.6711665608142035,-9.556767058522233
2019-08-19,TDOU,-23.08,30.384,630.2,2019,8,19,1692,0.0134707582232097,13.4707582232097,0.0124895206442058,12.4895206442058,0.0128875,12.8875,12.8875,12.8875,12.8875,13.4707582232097,13.4707582232097,13.4707582232097,12.4895206442058,12.4895206442058,12.4895206442058,25.292074963495903,-12.73652118513046,0.9152044448442567,-11.821316740286203,24.192852880786305,-10.960366430801615,-0.742965805778887,-11.703332236580504,24.063879265334954,-11.258710106532197,0.08233084119724055,-11.176379265334955
2019-08-20,TDOU,-23.08,30.384,630.2,2019,8,20,1693,0.0196000651309847,19.6000651309847,0.019095447839433,19.095447839433,0.018375,18.375,12.8875,18.375,18.375,19.6000651309847,19.6000651309847,19.6000651309847,19.095447839433,19.095447839433,19.095447839433,25.2886510289236,-9.202828298661633,3.5142424007227326,-5.6885858979389,24.188828476563295,-10.7360989266788,5.642718289548505,-5.093380637130295,24.05850808624163,-11.975785279779215,0.804777193537582,-11.171008086241631
2019-08-21,TDOU,-23.08,30.384,630.2,2019,8,21,1694,0.0147847922749551,14.7847922749551,0.0146428616909163,14.6428616909163,0.0136625,13.6625,13.6625,13.6625,13.6625,14.7847922749551,14.7847922749551,14.7847922749551,14.6428616909163,14.6428616909163,14.6428616909163,25.28522555784103,-10.824335298667611,0.3239020157816803,-10.50043328288593,24.184807147520896,-9.749292970448355,0.20734751384376082,-9.541945456604596,24.053155767131084,-12.125072290961285,1.7344165238302018,-10.390655767131085
2019-08-22,TDOU,-23.08,30.384,630.2,2019,8,22,1695,0.0128046563410479,12.8046563410479,0.0128836407516239,12.8836407516239,0.0119125,11.9125,11.9125,11.9125,11.9125,12.8046563410479,12.8046563410479,12.8046563410479,12.8836407516239,12.8836407516239,12.8836407516239,25.281800678313726,-13.779158379354373,1.3020140420885475,-12.477144337265825,24.180791126130302,-12.329982711315555,1.0328323368091539,-11.297150374506401,24.047824516671884,-11.916105228049137,-0.21921928862274953,-12.135324516671885
2019-08-23,TDOU,-23.08,30.384,630.2,2019,8,23,1696,0.0102286632054345,10.2286632054345,0.0104034672187152,10.4034672187152,0.0095333333333333,9.5333333333333,9.5333333333333,9.5333333333333,9.5333333333333,10.2286632054345,10.2286632054345,10.2286632054345,10.4034672187152,10.4034672187152,10.4034672187152,25.278378507585995,-13.88829784324277,-1.1614174589087263,-15.049715302151494,24.176782640472286,-13.339299865184676,-0.4340155565724082,-13.773315421757086,24.042516541295743,-13.309506093357857,-1.1996771146045866,-14.509183207962444
2019-08-24,TDOU,-23.08,30.384,630.2,2019,8,24,1697,0.0129461901331736,12.9461901331736,0.0109103458066514,10.9103458066514,0.0122166666666666,12.2166666666666,12.2166666666666,12.2166666666666,12.2166666666666,12.9461901331736,12.9461901331736,12.9461901331736,10.9103458066514,10.9103458066514,10.9103458066514,25.274961200504908,-10.873028912108296,-1.4557421552230103,-12.328771067331308,24.172783981249058,-10.94694789460752,-2.31549027999014,-13.262438174597659,24.037234082567757,-10.65838149488572,-1.1621859210154355,-11.820567415901158
2019-08-25,TDOU,-23.08,30.384,630.2,2019,8,25,1698,0.0141479629116027,14.1479629116027,0.0150507319754345,15.0507319754345,0.0153333333333333,15.3333333333333,15.3333333333333,15.3333333333333,15.3333333333333,14.1479629116027,14.1479629116027,14.1479629116027,15.0507319754345,15.0507319754345,15.0507319754345,25.271550950544643,-11.927751094613052,0.8041630556711112,-11.123588038941943,24.16879750544519,-11.981766439239063,2.8637009092283705,-9.118065530010691,24.031979422330632,-10.139236333248832,1.4405902442514993,-8.698646088997332
2019-08-26,TDOU,-23.08,30.384,630.2,2019,8,26,1699,0.010203422250118,10.203422250118,0.0108378956593258,10.8378956593258,0.0112541666666666,11.2541666666666,11.2541666666666,11.2541666666666,11.2541666666666,10.203422250118,10.203422250118,10.203422250118,10.8378956593258,10.8378956593258,10.8378956593258,25.268149943316118,-10.49979464157552,-4.564933051622596,-15.064727693198117,24.164825577988104,-10.13484360271446,-3.1920863159478436,-13.326929918662303,24.026754826481987,-9.891456570990501,-2.8811315888248856,-12.772588159815387
2019-08-27,TDOU,-23.08,30.384,630.2,2019,8,27,1700,0.0135229697566408,13.5229697566408,0.0142462942635595,14.2462942635595,0.0146833333333333,14.6833333333333,14.6833333333333,14.6833333333333,14.6833333333333,13.5229697566408,13.5229697566408,13.5229697566408,14.2462942635595,14.2462942635595,14.2462942635595,25.264760384734423,-8.753058537698083,-2.9887320903955406,-11.741790628093623,24.160870576738265,-7.852233158810951,-2.062343154367813,-9.914576313178765,24.021562562224283,-8.190709421749563,-1.1475198071414212,-9.338229228890983
2019-08-28,TDOU,-23.08,30.384,630.2,2019,8,28,1701,0.0178434860770574,17.8434860770574,0.0193782542276012,19.3782542276012,0.0191791666666666,19.1791666666666,19.1791666666666,19.1791666666666,19.1791666666666,17.8434860770574,17.8434860770574,17.8434860770574,19.3782542276012,19.3782542276012,19.3782542276012,25.261384480492758,-9.099043403847713,1.6811450004123536,-7.417898403435359,24.15693490623246,-6.949712282683715,2.1710316040524553,-4.778680678631261,24.016404892823125,-7.439286317687361,2.602048091530836,-4.837238226156526
2019-08-29,TDOU,-23.08,30.384,630.2,2019,8,29,1702,0.0186966742841797,18.6966742841797,0.0213473592458711,21.3473592458711,0.0203291666666666,20.3291666666666,20.3291666666666,20.3291666666666,20.3291666666666,18.6966742841797,18.6966742841797,18.6966742841797,21.3473592458711,21.3473592458711,21.3473592458711,25.258024472552222,-9.842846374678146,3.281496186305624,-6.561350188372522,24.153021041848113,-7.833077336332554,5.027415540355541,-2.805661795977013,24.011284132231637,-8.602360483982906,4.920243018417871,-3.6821174655650353
2019-08-30,TDOU,-23.08,30.384,630.2,2019,8,30,1703,0.0166444735604643,16.6444735604643,0.0161226354972578,16.1226354972578,0.0167833333333333,16.7833333333333,16.7833333333333,16.7833333333333,16.7833333333333,16.6444735604643,16.6444735604643,16.6444735604643,16.1226354972578,16.1226354972578,16.1226354972578,25.25468265153078,-10.44105354970512,1.8308444586386408,-8.61020909106648,24.149131533054238,-9.588197098168783,1.561701062372343,-8.026496035796438,24.00620266288054,-8.827408264954993,1.6045389354077528,-7.22286932954724
2019-09-01,TDOU,-23.08,30.384,630.2,2019,9,1,1705,0.0182882261814156,18.2882261814156,0.017105696316934,17.105696316934,0.0166583333333333,16.6583333333333,16.6583333333333,16.6583333333333,16.6583333333333,18.2882261814156,18.2882261814156,18.2882261814156,17.105696316934,17.105696316934,17.105696316934,25.248062909143787,-10.559812557163758,3.599975829435568,-6.959836727728188,24.141435979222045,-9.025833253709795,1.9900935914217506,-7.035739662288044,23.996167337788197,-8.971954632215406,1.634120627760506,-7.337834004454898
2019-09-02,TDOU,-23.08,30.384,630.2,2019,9,2,1706,0.0133649105663818,13.3649105663818,0.0123545922910273,12.3545922910273,0.0114083333333333,11.4083333333333,11.4083333333333,11.4083333333333,11.4083333333333,13.3649105663818,13.3649105663818,13.3649105663818,12.3545922910273,12.3545922910273,12.3545922910273,25.244789692693093,-11.538983175448674,-0.34089595086262037,-11.879879126311293,24.137635192442843,-9.714546459507545,-2.068496441907996,-11.783042901415543,23.99121839815687,-10.073292418873512,-2.509592645950061,-12.582885064823571
2019-09-03,TDOU,-23.08,30.384,630.2,2019,9,3,1707,0.0139215209031927,13.9215209031927,0.0146528580873329,14.6528580873329,0.0142333333333333,14.2333333333333,14.2333333333333,14.2333333333333,14.2333333333333,13.9215209031927,13.9215209031927,13.9215209031927,14.6528580873329,14.6528580873329,14.6528580873329,25.24154410282168,-11.188591365312412,-0.1314318343165688,-11.32002319962898,24.133869272018604,-10.533326343762791,1.0523151590770858,-9.481011184685704,23.98631860812156,-10.571862444932123,0.8188771701438604,-9.75298527478826
2019-09-04,TDOU,-23.08,30.384,630.2,2019,9,4,1708,0.0128061453939812,12.8061453939812,0.0129903682770094,12.9903682770094,0.0136833333333333,13.683333333333302,13.683333333333302,13.683333333333302,13.683333333333302,12.8061453939812,12.8061453939812,12.8061453939812,12.9903682770094,12.9903682770094,12.9903682770094,25.238328566804753,-11.73374008425925,-0.6984430885643036,-12.432183172823553,24.130140830415304,-9.566024597707388,-1.573747955698515,-11.139772553405903,23.981470489003705,-8.583540916798627,-1.7145962388717777,-10.298137155670403
2019-09-05,TDOU,-23.08,30.384,630.2,2019,9,5,1709,0.0185103937278961,18.5103937278961,0.0141855156889206,14.1855156889206,0.0151291666666666,15.1291666666666,15.1291666666666,15.1291666666666,15.1291666666666,18.5103937278961,18.5103937278961,18.5103937278961,14.1855156889206,14.1855156889206,14.1855156889206,25.235145477141483,-11.940349170857333,5.21559742161195,-6.724751749245382,24.126452428869023,-14.579682020093955,4.638745280145532,-9.940936739948423,23.97667651968495,-14.0601137643868,5.212603911368451,-8.84750985301835
2019-09-06,TDOU,-23.08,30.384,630.2,2019,9,6,1710,0.0264768608655979,26.4768608655979,0.0285041888590496,28.5041888590496,0.0267875,26.7875,14.6958333333333,26.7875,26.7875,26.4768608655979,26.4768608655979,26.4768608655979,14.6528580873329,28.5041888590496,28.5041888590496,25.231997187750917,-19.642965715076876,20.88782939292386,1.2448636778469826,24.12280660717799,-12.398915000166669,2.9289664803215807,-9.469948519845088,23.97193916478369,-12.703372292371316,3.427266460920926,-9.27610583145039
2019-09-07,TDOU,-23.08,30.384,630.2,2019,9,7,1711,0.0157842442862821,15.7842442862821,0.017203712165294,17.203712165294,0.0155,15.5,15.5,15.5,15.5,15.7842442862821,15.7842442862821,15.7842442862821,17.203712165294,17.203712165294,17.203712165294,25.228886027549652,-11.43008861524698,1.985446873979427,-9.444641741267553,24.11920588438961,-9.929959668057032,3.014465948961419,-6.915493719095611,23.96726086434602,-10.015649172948576,1.5483883086025578,-8.46726086434602
2019-09-08,TDOU,-23.08,30.384,630.2,2019,9,8,1712,0.0107410466312099,10.7410466312099,0.0113038688847352,11.3038688847352,0.0103791666666666,10.3791666666666,10.3791666666666,10.3791666666666,10.3791666666666,10.7410466312099,10.7410466312099,10.7410466312099,11.3038688847352,11.3038688847352,11.3038688847352,25.225814335008202,-14.769651637482278,0.28488393368397524,-14.484767703798303,24.115652759209574,-12.473200497191842,-0.3385833772825322,-12.811783874474374,23.962644053864153,-14.074393210595629,0.49091582339807616,-13.583477387197552
2019-09-10,TDOU,-23.08,30.384,630.2,2019,9,10,1714,0.0144860113512553,14.4860113512553,0.0149092138809986,14.9092138809986,0.0146958333333333,14.6958333333333,14.6958333333333,14.6958333333333,14.6958333333333,14.4860113512553,14.4860113512553,14.4860113512553,14.9092138809986,14.9092138809986,14.9092138809986,25.21979839171716,-12.042076499006793,1.3082894585449338,-10.73378704046186,24.108699097596052,-10.589264502528149,1.3897792859306968,-9.199485216597452,23.953604319313012,-10.24630340181789,0.9885324158381792,-9.257770985979711
2019-09-11,TDOU,-23.08,30.384,630.2,2019,9,11,1715,0.0130581150667819,13.0581150667819,0.0138072622724438,13.8072622724438,0.0127875,12.7875,12.7875,12.7875,12.7875,13.0581150667819,13.0581150667819,13.0581150667819,13.8072622724438,13.8072622724438,13.8072622724438,25.216858489474163,-12.70620243902872,0.5474590163364574,-12.158743422692263,24.105303323898898,-11.29938569903876,1.001344647583661,-10.298041051455098,23.949185931279594,-11.566402181736285,0.4047162504566906,-11.161685931279594
2019-09-12,TDOU,-23.08,30.384,630.2,2019,9,12,1716,0.0110185455351706,11.0185455351706,0.0106054417069218,10.6054417069218,0.0115208333333333,11.5208333333333,11.5208333333333,11.5208333333333,11.5208333333333,11.0185455351706,11.0185455351706,11.0185455351706,10.6054417069218,10.6054417069218,10.6054417069218,25.213966854739123,-14.337149499680164,0.14172818011164168,-14.195421319568522,24.101964726213275,-14.678336112645928,1.181813093354453,-13.496523019291475,23.944838219944238,-14.52139418826053,2.097389301649592,-12.424004886610938
2019-09-13,TDOU,-23.08,30.384,630.2,2019,9,13,1717,0.0153080002695251,15.3080002695251,0.0118569347220658,11.8569347220658,0.0122291666666666,12.2291666666666,12.2291666666666,12.2291666666666,12.2291666666666,15.3080002695251,15.3080002695251,15.3080002695251,11.8569347220658,11.8569347220658,11.8569347220658,25.211125742483823,-13.172352434259922,3.2692269613012,-9.903125472958722,24.098685714222345,-14.486684362205859,2.2449333700493135,-12.241750992156545,23.940563543434937,-15.93013444795533,4.218737571186995,-11.711396876768337
2019-09-14,TDOU,-23.08,30.384,630.2,2019,9,14,1718,0.0214499081532265,21.449908153226502,0.0196501118825457,19.6501118825457,0.0203458333333333,20.3458333333333,20.3458333333333,20.3458333333333,20.3458333333333,21.449908153226502,21.449908153226502,21.449908153226502,19.6501118825457,19.6501118825457,19.6501118825457,25.208337447316747,-11.43629307264814,7.677863778557896,-3.758429294090245,24.095468773005834,-10.830776793496556,6.385419903036421,-4.445356890460133,23.93636426416611,-15.143683610755398,11.55315267992259,-3.5905309308328093
2019-09-15,TDOU,-23.08,30.384,630.2,2019,9,15,1719,0.0220864778849123,22.0864778849123,0.0221099765914975,22.1099765914975,0.0210125,21.0125,21.0125,21.0125,21.0125,22.0864778849123,22.0864778849123,22.0864778849123,22.1099765914975,22.1099765914975,22.1099765914975,25.205604242543238,-15.517806275289013,12.398679917658072,-3.1191263576309396,24.09231635666065,-11.21418535845711,9.231845593293958,-1.9823397651631502,23.93224269230396,-24.53142710479037,21.61168441248641,-2.9197426923039593
2019-09-16,TDOU,-23.08,30.384,630.2,2019,9,16,1720,0.0237456002265057,23.745600226505697,0.024796506540486,24.796506540486,0.02275,22.75,22.75,22.75,22.75,23.745600226505697,23.745600226505697,23.745600226505697,24.796506540486,24.796506540486,24.796506540486,25.20292833654133,-26.39045416169405,24.933126051658416,-1.4573281100356326,24.08923087531568,-25.51149193289829,26.21876759806861,0.7072756651703216,23.928201104412594,-26.59377130538239,25.415570200969796,-1.1782011044125937
2019-09-17,TDOU,-23.08,30.384,630.2,2019,9,17,1721,0.0191365710050498,19.1365710050498,0.0195592010543027,19.5592010543027,0.018675,18.675,18.675,18.675,18.675,19.1365710050498,19.1365710050498,19.1365710050498,19.5592010543027,19.5592010543027,19.5592010543027,25.20031190427425,-5.335048615885561,-0.7286922833388907,-6.063740899224452,24.086214724708668,-6.4787576856885,1.9517440152825323,-4.527013670405967,23.924241783628933,-5.190446268089601,-0.05879551553933027,-5.249241783628932
2019-09-18,TDOU,-23.08,30.384,630.2,2019,9,18,1722,0.0151846679607704,15.1846679607704,0.0157701138929302,15.7701138929302,0.0151291666666666,15.1291666666666,15.1291666666666,15.1291666666666,15.1291666666666,15.1846679607704,15.1846679607704,15.1846679607704,15.7701138929302,15.7701138929302,15.7701138929302,25.197757158069184,-13.252308067937928,3.239218870639146,-10.013089197298784,24.083270339592524,-14.322242350137518,6.009085903475196,-8.313156446662324,23.920367044627074,-12.769221392675982,3.978021014715509,-8.791200377960473
2019-09-19,TDOU,-23.08,30.384,630.2,2019,9,19,1723,0.0176362660535143,17.636266053514298,0.0187265450406432,18.7265450406432,0.0175708333333333,17.5708333333333,17.5708333333333,17.5708333333333,17.5708333333333,17.636266053514298,17.636266053514298,17.636266053514298,18.7265450406432,18.7265450406432,18.7265450406432,25.19526636609042,-11.426875942304555,3.8678756297284345,-7.559000312576121,24.080400200773074,-28.25667788627123,22.902822726141356,-5.353855160129875,23.916579240161894,-29.44981588148885,23.104069974660256,-6.3457459068285935
2019-09-20,TDOU,-23.08,30.384,630.2,2019,9,20,1724,0.0178600563163012,17.8600563163012,0.0194672359677938,19.4672359677938,0.0188375,18.8375,18.8375,18.8375,18.8375,17.8600563163012,17.8600563163012,17.8600563163012,19.4672359677938,19.4672359677938,19.4672359677938,25.192841825438403,-15.80696554544747,8.474180036310269,-7.332785509137203,24.077606791255718,-28.290363839475415,23.679993016013498,-4.610370823461917,23.912880729591787,-29.015781240615084,23.940400511023295,-5.075380729591789
2019-09-21,TDOU,-23.08,30.384,630.2,2019,9,21,1725,0.0151334936875572,15.1334936875572,0.0171728815061602,17.172881506160202,0.0166791666666666,16.6791666666666,16.6791666666666,16.6791666666666,16.6791666666666,15.1334936875572,15.1334936875572,15.1334936875572,17.172881506160202,17.172881506160202,17.172881506160202,25.19048583668979,-16.44851627373857,6.391524124605979,-10.056992149132588,24.074892529115232,-28.795218004392698,21.89320698143767,-6.90201102295503,23.90927385848587,-29.028046651136076,21.797939459316805,-7.230107191819272
2019-09-22,TDOU,-23.08,30.384,630.2,2019,9,22,1726,0.0135775822153379,13.5775822153379,0.0143269670837204,14.3269670837204,0.0141708333333333,14.1708333333333,14.1708333333333,14.1708333333333,14.1708333333333,13.5775822153379,13.5775822153379,13.5775822153379,14.3269670837204,14.3269670837204,14.3269670837204,25.188200618613877,-15.692158252761697,4.081539849485722,-11.610618403275977,24.072259746582752,-17.23892749267964,7.493634829817289,-9.745292662862353,23.905760896811554,-17.067255856187096,7.332328292708841,-9.734927563478253
2019-09-23,TDOU,-23.08,30.384,630.2,2019,9,23,1727,0.0210832775969323,21.083277596932295,0.0203479484445247,20.3479484445247,0.0230458333333333,23.0458333333333,23.0458333333333,23.0458333333333,23.0458333333333,21.083277596932295,21.083277596932295,21.083277596932295,20.3479484445247,20.3479484445247,20.3479484445247,25.185988285892048,-10.116157688540907,6.013446999581152,-4.102710688959753,24.06971067655889,-2.9296006150686402,-0.7921616169655508,-3.721762232034191,23.90234400952022,-0.04480285342737689,-0.8117078227595442,-0.8565106761869217
2019-09-24,TDOU,-23.08,30.384,630.2,2019,9,24,1728,0.0261565937965262,26.1565937965262,0.0262061646743677,26.206164674367702,0.0263041666666666,26.3041666666666,26.3041666666666,26.3041666666666,26.3041666666666,26.1565937965262,26.1565937965262,26.1565937965262,26.206164674367702,26.206164674367702,26.206164674367702,25.183850875284723,1.8047920568831004,-0.8320491356416255,0.9727429212414762,24.067247455719905,-26.197683068468717,28.336600287116514,2.138917218647798,23.899025254914232,-27.531252333735026,29.936393745487397,2.4051414117523677
2019-09-25,TDOU,-23.08,30.384,630.2,2019,9,25,1729,0.0173366562979134,17.3366562979134,0.019027010821599,19.027010821599003,0.0163208333333333,16.320833333333297,16.320833333333297,16.320833333333297,16.320833333333297,17.3366562979134,17.3366562979134,17.3366562979134,19.027010821599003,19.027010821599003,19.027010821599003,25.18179037713234,-11.880342169280658,4.035208090061719,-7.845134079218941,24.064872152084305,-18.783307911055598,13.745446580570295,-5.037861330485303,23.895806612319344,-14.984917236996571,7.409943958010526,-7.574973278986047
2019-09-26,TDOU,-23.08,30.384,630.2,2019,9,26,1730,0.0114312299745911,11.4312299745911,0.0111783131799949,11.1783131799949,0.0114124999999999,11.4124999999999,11.4124999999999,11.4124999999999,11.4124999999999,11.4312299745911,11.4312299745911,11.4312299745911,11.1783131799949,11.1783131799949,11.1783131799949,25.179808738335208,-16.173121165206563,2.424542401462457,-13.748578763744108,24.062586771502946,-17.409869400621023,4.525595809112975,-12.884273591508046,23.89268997401803,-17.286794477545214,4.806604503527087,-12.48018997401813
2019-09-28,TDOU,-23.08,30.384,630.2,2019,9,28,1732,0.0082498692446084,8.2498692446084,0.0087200337812456,8.7200337812456,0.0092625,9.2625,9.2625,9.2625,9.2625,8.2498692446084,8.2498692446084,8.2498692446084,8.7200337812456,8.7200337812456,8.7200337812456,25.17608942863222,-16.970114826637086,0.04389464261326381,-16.92622018402382,24.058293303719477,-17.823905418925847,2.4856458964519703,-15.338259522473876,23.88676968471012,-17.0930669596513,2.4687972749411777,-14.624269684710121
2019-09-29,TDOU,-23.08,30.384,630.2,2019,9,29,1733,0.0092240759391023,9.2240759391023,0.0090012341189218,9.0012341189218,0.0099291666666666,9.9291666666666,9.9291666666666,9.9291666666666,9.9291666666666,9.2240759391023,9.2240759391023,9.2240759391023,9.0012341189218,9.0012341189218,9.0012341189218,25.17435517940941,-15.220528285481164,-0.7297509548259455,-15.95027924030711,24.05628867523258,-15.70506440168551,0.6500098453747327,-15.055054556310779,23.88396916691543,-15.387431231939479,1.4326287316906452,-13.954802500248832
2019-09-30,TDOU,-23.08,30.384,630.2,2019,9,30,1734,0.0177231348180503,17.723134818050298,0.009774944746803,9.774944746803,0.0128666666666666,12.8666666666666,12.8666666666666,12.8666666666666,12.8666666666666,17.723134818050298,17.723134818050298,17.723134818050298,9.774944746803,9.774944746803,9.774944746803,25.172706610443655,-8.964717790155762,1.5151459977624029,-7.449571792393357,24.054380863100487,-15.698780785799643,1.4193446695021557,-14.279436116297488,23.88127691268673,-13.867816035851689,2.8532057898315593,-11.01461024602013
2019-10-01,TDOU,-23.08,30.384,630.2,2019,10,1,1735,0.0246537746589908,24.6537746589908,0.0237670414762104,23.7670414762104,0.022975,22.975,18.3583333333333,22.975,22.975,24.6537746589908,24.6537746589908,24.6537746589908,23.7670414762104,23.7670414762104,23.7670414762104,25.1711451349189,-23.180917092439362,22.66354661651126,-0.5173704759281001,24.052571256263203,-7.655636220940035,7.370106440887234,-0.2855297800528014,23.87869412802124,-11.598032401016209,6.077671606328266,-5.520360794687942
2019-10-02,TDOU,-23.08,30.384,630.2,2019,10,2,1736,0.022114517275904,22.114517275904003,0.0195057308835551,19.5057308835551,0.0191791666666666,19.1791666666666,19.1791666666666,19.1791666666666,19.1791666666666,22.114517275904003,22.114517275904003,22.114517275904003,19.5057308835551,19.5057308835551,19.5057308835551,25.16967208135422,-28.79624084512012,25.741086039669902,-3.0551548054502184,24.05086112869663,-15.978474937672607,11.433344692531072,-4.545130245141532,23.876221901110434,-27.45092920073861,22.753873966294776,-4.697055234443834
2019-10-03,TDOU,-23.08,30.384,630.2,2019,10,3,1737,0.021505047326203,21.505047326203,0.020493906002671,20.493906002671,0.0199583333333333,19.9583333333333,19.9583333333333,19.9583333333333,19.9583333333333,21.505047326203,21.505047326203,21.505047326203,20.493906002671,20.493906002671,20.493906002671,25.168288737541967,-8.827718115332681,5.164476703993717,-3.6632414113389657,24.04925168417046,-9.080646970855167,5.525301289355706,-3.5553456814994604,23.873861257120943,-8.60251378779897,4.686985864011326,-3.915527923787643
2019-10-04,TDOU,-23.08,30.384,630.2,2019,10,4,1738,0.0193221105350483,19.3221105350483,0.0177701126859378,17.7701126859378,0.0183583333333333,18.3583333333333,18.3583333333333,18.3583333333333,18.3583333333333,19.3221105350483,19.3221105350483,19.3221105350483,17.7701126859378,17.7701126859378,17.7701126859378,25.166996395668704,-7.696577591965915,1.851691731345511,-5.844885860620405,24.047744104881687,-7.843352831742417,1.5657214127985313,-6.277631418943887,23.87161320082222,-12.099987396454406,6.5867075289654835,-5.513279867488922
2019-10-05,TDOU,-23.08,30.384,630.2,2019,10,5,1739,0.0204046714717796,20.4046714717796,0.0213592272204321,21.3592272204321,0.0212666666666666,21.2666666666666,21.2666666666666,21.2666666666666,21.2666666666666,20.4046714717796,20.4046714717796,20.4046714717796,21.3592272204321,21.3592272204321,21.3592272204321,25.16579629794562,-9.32679363955605,4.565668813390033,-4.761124826166018,24.04633954568169,-7.878790842563283,5.191678517313694,-2.68711232524959,23.869478705666488,-7.640567325390663,5.037755286390777,-2.602812038999886
2019-10-06,TDOU,-23.08,30.384,630.2,2019,10,6,1740,0.018310115757257,18.310115757257,0.0188364477860858,18.8364477860858,0.0177625,17.7625,17.7625,17.7625,17.7625,18.310115757257,18.310115757257,18.310115757257,18.8364477860858,18.8364477860858,18.8364477860858,25.164689630886578,-9.795789524049754,2.941215650420176,-6.854573873629576,24.045039157339833,-8.14697154172872,2.9383801704746837,-5.208591371254034,23.867458719861382,-8.65406318058926,2.549104460727875,-6.104958719861383
2019-10-07,TDOU,-23.08,30.384,630.2,2019,10,7,1741,0.0179128106336865,17.9128106336865,0.0158785600905491,15.8785600905491,0.0161875,16.1875,16.1875,16.1875,16.1875,17.9128106336865,17.9128106336865,17.9128106336865,15.8785600905491,15.8785600905491,15.8785600905491,25.163677587294526,-9.611669956543652,2.3608030029356293,-7.250866953608025,24.04384408039174,-9.528952165701654,1.363668175859015,-8.16528398984264,23.86555415734993,-9.378274504258961,1.7002203469090311,-7.67805415734993
2019-10-08,TDOU,-23.08,30.384,630.2,2019,10,8,1742,0.0265551319620945,26.5551319620945,0.0233608600814783,23.3608600814783,0.0227291666666666,22.7291666666666,22.7291666666666,22.7291666666666,22.7291666666666,26.5551319620945,26.5551319620945,26.5551319620945,23.3608600814783,23.3608600814783,23.3608600814783,25.16276140172477,-3.907656805063653,5.300027365433383,1.3923705603697307,24.042755485253107,-4.625932523413262,3.9440371196384554,-0.6818954037748064,23.863765940959677,-5.699052298169487,4.5644530238764105,-1.1345992742930768
2019-10-09,TDOU,-23.08,30.384,630.2,2019,10,9,1743,0.0319690450693937,31.9690450693937,0.0310750442876588,31.0750442876588,0.0315041666666666,31.504166666666595,31.504166666666595,31.504166666666595,31.504166666666595,31.9690450693937,31.9690450693937,31.9690450693937,31.0750442876588,31.0750442876588,31.0750442876588,25.161942305180496,-0.43581799839065455,7.242920762603859,6.807102764213205,24.041774567462102,0.17003651535741682,6.863233204839279,7.033269720196696,23.862094989417038,2.1492653215216095,5.4928063557279465,7.642071677249557
2019-10-10,TDOU,-23.08,30.384,630.2,2019,10,10,1744,0.0322988680597854,32.2988680597854,0.0308204497476131,30.8204497476131,0.0313375,31.3375,31.3375,31.3375,31.3375,32.2988680597854,32.2988680597854,32.2988680597854,30.8204497476131,30.8204497476131,30.8204497476131,25.161221421199794,2.7832267194100666,4.3544199191755375,7.137646638585604,24.04090249294919,3.097369561634891,3.6821776930290184,6.77954725466391,23.86054216949214,3.4101172245055875,4.066840606002273,7.47695783050786
2019-10-11,TDOU,-23.08,30.384,630.2,2019,10,11,1745,0.0296044049611496,29.6044049611496,0.0302301130962302,30.2301130962302,0.02845,28.45,28.45,28.45,28.45,29.6044049611496,29.6044049611496,29.6044049611496,30.2301130962302,30.2301130962302,30.2301130962302,25.160599801009386,0.4195238100172322,4.024281350122983,4.443805160140215,24.040140358116982,0.6121133843616913,5.577859353751524,6.189972738113216,23.859108301192148,-0.43604742462226587,5.026939123430118,4.590891698807852
2019-10-12,TDOU,-23.08,30.384,630.2,2019,10,12,1746,0.0174666283406474,17.4666283406474,0.0174624805979401,17.4624805979401,0.0152958333333333,15.2958333333333,15.2958333333333,15.2958333333333,15.2958333333333,17.4666283406474,17.4666283406474,17.4666283406474,17.4624805979401,17.4624805979401,17.4624805979401,25.160078461155354,-5.1127499916433585,-2.5807001288645957,-7.693450120507954,24.039489198870807,-4.796400859384797,-1.7806077415459107,-6.577008600930707,23.857794165369494,-5.939870674178293,-2.622090157857901,-8.561960832036194
2019-10-13,TDOU,-23.08,30.384,630.2,2019,10,13,1747,0.0194105749535509,19.410574953550903,0.0139573446427133,13.9573446427133,0.0164083333333333,16.4083333333333,16.4083333333333,16.4083333333333,16.4083333333333,19.410574953550903,19.410574953550903,19.410574953550903,13.9573446427133,13.9573446427133,13.9573446427133,25.15965837870986,-2.410866325312168,-3.3382170998467906,-5.7490834251589575,24.038950041458797,-6.608844406365275,-3.4727609923802234,-10.081605398745497,23.85660053403994,-3.331574537013626,-4.116692663693016,-7.448267200706642
2019-10-14,TDOU,-23.08,30.384,630.2,2019,10,14,1748,0.029048832758202,29.048832758202,0.0302020612959384,30.2020612959384,0.0284208333333333,28.420833333333302,28.420833333333302,28.420833333333302,28.420833333333302,29.048832758202,29.048832758202,29.048832758202,30.2020612959384,30.2020612959384,30.2020612959384,25.15934045368444,5.2904207489650314,-1.4009284444474694,3.8894923045175602,24.038523857491665,6.773451482890532,-0.6099140444437978,6.163537438446735,23.855528149541602,5.157596943381981,-0.5922917595902817,4.5653051837917005
2019-10-15,TDOU,-23.08,30.384,630.2,2019,10,15,1749,0.0302266859098058,30.2266859098058,0.0275971615093311,27.5971615093311,0.0278791666666666,27.8791666666666,27.8791666666666,27.8791666666666,27.8791666666666,30.2266859098058,30.2266859098058,30.2266859098058,27.5971615093311,27.5971615093311,27.5971615093311,25.159125470293308,4.2283664010209945,0.8391940384914953,5.067560439512491,24.038211497904783,2.2098139003719894,1.349136111054328,3.558950011426319,23.854577689118564,1.9418972835250219,2.082691694023012,4.024588977548035
2019-10-16,TDOU,-23.08,30.384,630.2,2019,10,16,1750,0.0242672197188675,24.2672197188675,0.0243239066285566,24.3239066285566,0.0212875,21.2875,21.2875,21.2875,21.2875,24.2672197188675,24.2672197188675,24.2672197188675,24.3239066285566,24.3239066285566,24.3239066285566,25.159014095942382,-1.948663031400503,1.0568686543256227,-0.8917943770748806,24.038013698407063,-0.5816608290889815,0.8675537592385183,0.28589293014953654,23.853749742632633,-2.4793226186392885,-0.08692712399334468,-2.566249742632632
2019-10-17,TDOU,-23.08,30.384,630.2,2019,10,17,1751,0.0149431318951237,14.9431318951237,0.0146624966108821,14.6624966108821,0.0132541666666666,13.2541666666666,13.2541666666666,13.2541666666666,13.2541666666666,14.9431318951237,14.9431318951237,14.9431318951237,14.6624966108821,14.6624966108821,14.6624966108821,25.15900684949156,-9.646213871876453,-0.5696610824914075,-10.21587495436786,24.037931034351345,-7.622994584702044,-1.7524398387672022,-9.375434423469246,23.85304478589222,-10.448700221863925,-0.15017789736169362,-10.598878119225619
2019-10-18,TDOU,-23.08,30.384,630.2,2019,10,18,1752,0.0150729949811893,15.0729949811893,0.0145429343418168,14.5429343418168,0.0131666666666666,13.1666666666666,13.1666666666666,13.1666666666666,13.1666666666666,15.0729949811893,15.0729949811893,15.0729949811893,14.5429343418168,14.5429343418168,14.5429343418168,25.15910407908186,-6.247739983098381,-3.8383691147941796,-10.08610909789256,24.03796389437573,-5.509138697121119,-3.985890855437809,-9.495029552558929,23.85246313795407,-7.455622162152282,-3.23017430913519,-10.685796471287471
2019-10-19,TDOU,-23.08,30.384,630.2,2019,10,19,1753,0.0199836531121026,19.9836531121026,0.0170714861878968,17.0714861878968,0.0176708333333333,17.6708333333333,17.6708333333333,17.6708333333333,17.6708333333333,19.9836531121026,19.9836531121026,19.9836531121026,17.0714861878968,17.0714861878968,17.0714861878968,25.15930598957539,-5.037927626238731,-0.137725251234059,-5.175652877472789,24.03811249239767,-6.532384009047164,-0.4342422954537071,-6.9666263045008705,23.852004964331957,-6.200418548307877,0.019246917309217793,-6.181171630998659
2019-10-20,TDOU,-23.08,30.384,630.2,2019,10,20,1754,0.0228039258286575,22.803925828657498,0.0241575135810132,24.1575135810132,0.0241833333333333,24.183333333333294,24.183333333333294,24.183333333333294,24.183333333333294,22.803925828657498,22.803925828657498,22.803925828657498,24.1575135810132,24.1575135810132,24.1575135810132,25.159612696760195,1.6253913542035399,-3.9810782223062375,-2.3556868681026977,24.03837690676294,2.688731328535614,-2.569594654285357,0.11913667425025665,23.851670330555454,3.2360523225723212,-2.904389319794479,0.3316630027778409
2019-10-21,TDOU,-23.08,30.384,630.2,2019,10,21,1755,0.0265948672274665,26.5948672274665,0.0219672359008567,21.9672359008567,0.0225875,22.5875,22.5875,22.5875,22.5875,26.5948672274665,26.5948672274665,26.5948672274665,21.9672359008567,21.9672359008567,21.9672359008567,25.1600242190239,1.506628138443913,-0.07178513000130948,1.434843008442602,24.038757095288283,-0.7114379502598619,-1.3600832441717223,-2.0715211944315826,23.851459212552264,-1.3796815053158835,0.11572229276361767,-1.2639592125522654
2019-10-22,TDOU,-23.08,30.384,630.2,2019,10,22,1756,0.033289377457676,33.289377457676004,0.0324394278834488,32.4394278834488,0.0306416666666666,30.6416666666666,30.6416666666666,30.6416666666666,30.6416666666666,29.9870387865235,33.289377457676004,33.289377457676004,32.4394278834488,32.4394278834488,32.4394278834488,25.160540432797735,6.078582060045155,-1.252083706319393,4.826498353725764,24.039252839851585,9.573296565297365,-1.1731215217001498,8.400175043597216,23.851371483777626,7.734300772256265,-0.9440055893672898,6.7902951828889755
2019-10-25,TDOU,-23.08,30.384,630.2,2019,10,25,1759,0.0299870387865235,29.9870387865235,0.033819528038597,33.819528038597,0.0380125,38.0125,38.0125,38.0125,38.0125,33.289377457676004,29.9870387865235,29.9870387865235,33.819528038597,33.819528038597,33.819528038597,25.162714744264278,-18.979365937708234,27.106028651119956,8.126662713411726,24.04142955735791,-16.930390310963762,26.708488792202846,9.778098481239088,23.851845931946336,-16.43751046053957,30.598164528593237,14.160654068053667
2019-10-26,TDOU,-23.08,30.384,630.2,2019,10,26,1760,0.0369916717249671,36.9916717249671,0.0333287746285481,33.3287746285481,0.0362583333333333,36.2583333333333,36.2583333333333,36.2583333333333,36.2583333333333,36.9916717249671,36.9916717249671,36.9916717249671,33.3287746285481,33.3287746285481,33.3287746285481,25.163646931541184,10.635108192513135,1.1929166009127776,11.828024793425914,24.042383163864894,8.57011318573084,0.7162782789523696,9.28639146468321,23.85224851058936,11.964927755326302,0.44115706741763816,12.406084822743939
2019-10-27,TDOU,-23.08,30.384,630.2,2019,10,27,1761,0.0371528657314035,37.1528657314035,0.0347577772333858,34.7577772333858,0.0353666666666666,35.3666666666666,35.3666666666666,35.3666666666666,35.3666666666666,37.1528657314035,37.1528657314035,37.1528657314035,34.7577772333858,34.7577772333858,34.7577772333858,25.16468212484733,13.038934037989657,-1.0507504314334852,11.98818360655617,24.043449659958824,12.876888389820326,-2.1625608163933485,10.714327573426978,23.8527723065606,13.751867051434722,-2.237972691328718,11.513894360106004
2019-10-28,TDOU,-23.08,30.384,630.2,2019,10,28,1762,0.0385794674823877,38.5794674823877,0.0322656637999422,32.2656637999422,0.0357625,35.7625,35.7625,35.7625,35.7625,38.5794674823877,38.5794674823877,38.5794674823877,32.2656637999422,32.2656637999422,32.2656637999422,25.165819878785015,15.377812071945614,-1.9641644683429291,13.413647603602683,24.044628311487003,5.852115303183521,2.36892018527168,8.2210354884552,23.853416652019394,14.330068206841641,-2.4209848588610328,11.909083347980609
2019-10-29,TDOU,-23.08,30.384,630.2,2019,10,29,1763,0.0365896255681543,36.589625568154304,0.0368307234256083,36.8307234256083,0.0362,36.2,36.2,36.2,36.2,36.589625568154304,36.589625568154304,36.589625568154304,36.8307234256083,36.8307234256083,36.8307234256083,25.167059745398966,9.488293199384161,1.9342726233711787,11.422565822755338,24.045918376720692,11.203744959158405,1.581060089729199,12.784805048887605,23.854180919230753,11.089906321560667,1.2559127592085808,12.34581908076925
2019-10-30,TDOU,-23.08,30.384,630.2,2019,10,30,1764,0.0352668673178433,35.2668673178433,0.038258849969592,38.258849969592,0.0371625,37.1625,37.1625,37.1625,37.1625,35.2668673178433,35.2668673178433,35.2668673178433,38.258849969592,38.258849969592,38.258849969592,25.168401264914056,8.418644875188793,1.6798211777404504,10.098466052929243,24.047319159045855,11.77424271009793,2.437288100448214,14.211530810546144,23.855064553315092,12.771624559606758,0.5358108870781528,13.30743544668491
2019-11-01,TDOU,-23.08,30.384,630.2,2019,11,1,1766,0.0289378200299729,28.937820029972897,0.0291364117099461,29.1364117099461,0.0284999999999999,28.4999999999999,28.4999999999999,28.4999999999999,28.4999999999999,28.937820029972897,28.937820029972897,28.937820029972897,29.1364117099461,29.1364117099461,29.1364117099461,25.178075623151717,6.366885012977921,-2.60714060615674,3.7597444068211807,24.05739907116743,6.594703909479618,-1.5156912707009482,5.079012638778668,23.86544276996237,6.340810494350166,-1.706253264312636,4.6345572300375295
2019-11-02,TDOU,-23.08,30.384,630.2,2019,11,2,1767,0.0294486165507424,29.4486165507424,0.0298880984463494,29.8880984463494,0.0296166666666666,29.6166666666666,29.6166666666666,29.6166666666666,29.6166666666666,29.4486165507424,29.4486165507424,29.4486165507424,29.8880984463494,29.8880984463494,29.8880984463494,25.18317539133586,5.372639590323605,-1.1071984309170624,4.265441159406542,24.062710502566667,7.631325754610312,-1.8059378108275794,5.825387943782733,23.87090731746908,6.396891692687823,-0.6511323434903034,5.74575934919752
2019-11-03,TDOU,-23.08,30.384,630.2,2019,11,3,1768,0.0257330244421886,25.7330244421886,0.0240104418528852,24.0104418528852,0.0240666666666666,24.0666666666666,24.0666666666666,24.0666666666666,24.0666666666666,25.7330244421886,25.7330244421886,25.7330244421886,24.0104418528852,24.0104418528852,24.0104418528852,25.188442524233757,-2.2691805218996843,2.8137624398545285,0.5445819179548437,24.068194794612218,-1.8098171522086255,1.7520642104816098,-0.05775294172701706,23.87654722124756,-2.483366934572013,2.6734863799910507,0.19011944541903958
2019-11-04,TDOU,-23.08,30.384,630.2,2019,11,4,1769,0.0275265415433645,27.5265415433645,0.0265800503242039,26.5800503242039,0.0273,27.3,27.3,27.3,27.3,27.5265415433645,27.5265415433645,27.5265415433645,26.5800503242039,26.5800503242039,26.5800503242039,25.193870534650685,-3.0123994742819615,5.34507048299578,2.3326710087138167,24.073845156383754,-1.0473258863487669,3.5535310541689107,2.506205167820145,23.88235550141472,-1.8641967546682001,5.281841253253479,3.417644498585279
2019-11-05,TDOU,-23.08,30.384,630.2,2019,11,5,1770,0.0224772392799646,22.4772392799646,0.023056653938058,23.056653938058,0.0213958333333333,21.3958333333333,21.3958333333333,21.3958333333333,21.3958333333333,22.4772392799646,22.4772392799646,22.4772392799646,26.5800503242039,23.056653938058,23.056653938058,25.19945252484423,-2.764602257086817,0.04238901220718816,-2.7222132448796295,24.079654402333368,1.445562686773999,1.054833235096531,2.500395921870531,23.888324737727498,-1.648516045832094,-0.8439753585621048,-2.4924914043941975
2019-11-06,TDOU,-23.08,30.384,630.2,2019,11,6,1771,0.0162330100310714,16.2330100310714,0.0163384700905145,16.338470090514498,0.0164375,16.4375,27.3,16.4375,16.4375,27.5265415433645,16.2330100310714,16.2330100310714,16.338470090514498,16.338470090514498,16.338470090514498,25.20518130749563,6.253278256359873,-3.9319180204910005,2.321360235868873,24.085615071782932,-9.382050194086462,1.6349052128180261,-7.747144981268434,23.894447203014238,7.440283821594135,-4.034731024608373,3.405552796985763
2019-11-08,TDOU,-23.08,30.384,630.2,2019,11,8,1773,0.0391439259387775,39.14392593877751,0.0290823082573968,29.0823082573968,0.0328708333333333,32.8708333333333,32.8708333333333,32.8708333333333,32.8708333333333,39.14392593877751,39.14392593877751,39.14392593877751,29.0823082573968,29.0823082573968,29.0823082573968,25.21704975138516,9.308312772009089,4.618563415383257,13.926876187392345,24.097960115408505,1.7029585617261453,3.28138958026215,4.984348141988296,23.90712013943703,3.830149856093147,5.133563337803125,8.963713193896272
2019-11-09,TDOU,-23.08,30.384,630.2,2019,11,9,1774,0.0385964400372464,38.5964400372464,0.0386067405015576,38.6067405015576,0.0378375,37.837500000000006,37.837500000000006,37.837500000000006,37.837500000000006,38.5964400372464,38.5964400372464,38.5964400372464,38.6067405015576,38.6067405015576,38.6067405015576,25.223174558304677,7.430810259101166,5.942455219840561,13.373265478941725,24.104329116012345,9.09109081941971,5.411320566125546,14.502411385545258,23.913654670269086,9.8785449710552,4.045300358675721,13.92384532973092
2019-11-10,TDOU,-23.08,30.384,630.2,2019,11,10,1775,0.0377765825902475,37.7765825902475,0.0386570806073228,38.6570806073228,0.036125,36.125,36.125,36.125,36.125,37.7765825902475,37.7765825902475,37.7765825902475,38.6570806073228,38.6570806073228,38.6570806073228,25.22941657454655,13.316621015230803,-0.7694549995298523,12.547166015700949,24.110818932471815,14.735946560469115,-0.189684885618135,14.546261674850982,23.920310686696002,13.656385938218888,-1.4516966249148915,12.204689313303998
2019-11-11,TDOU,-23.08,30.384,630.2,2019,11,11,1776,0.041242128551512,41.242128551512,0.0414057648830488,41.4057648830488,0.0406791666666666,40.6791666666666,40.6791666666666,40.6791666666666,40.6791666666666,41.242128551512,41.242128551512,41.242128551512,41.4057648830488,41.4057648830488,41.4057648830488,25.235768540648394,17.855268807470345,-1.848908796606736,16.00636001086361,24.11742207744139,18.556382452799046,-1.2680396471916318,17.288342805607414,23.927080420407133,18.349925999362423,-1.597839753102953,16.75208624625947
2019-11-12,TDOU,-23.08,30.384,630.2,2019,11,12,1777,0.0469315027135152,46.9315027135152,0.0484583371057097,48.4583371057097,0.04635,46.35,46.35,46.35,46.35,40.0299519128468,46.9315027135152,46.9315027135152,48.4583371057097,48.4583371057097,48.4583371057097,25.242223366851988,15.09600439147629,-0.30827584548148224,14.78772854599481,24.124131241437343,23.839877375261935,0.4943284890104245,24.33420586427236,23.933956295310757,21.688163352498115,0.7278803521911286,22.416043704689244
2019-11-13,TDOU,-23.08,30.384,630.2,2019,11,13,1778,0.0445977505802744,44.5977505802744,0.0460799892686696,46.0799892686696,0.0451625,45.1625,45.1625,45.1625,45.1625,44.5977505802744,44.5977505802744,44.5977505802744,46.0799892686696,46.0799892686696,46.0799892686696,25.248774173537754,-9.860123451364846,29.209099858101496,19.348976406736647,24.13093933250948,-9.841283385448554,31.790333321608674,21.94904993616012,23.940930967829186,-12.270305413165463,33.49187444533628,21.221569032170816
2019-11-14,TDOU,-23.08,30.384,630.2,2019,11,14,1779,0.0400299519128468,40.0299519128468,0.0365449097735026,36.5449097735026,0.0373875,37.3875,37.3875,37.3875,37.3875,40.0299519128468,40.0299519128468,40.0299519128468,36.5449097735026,36.5449097735026,36.5449097735026,25.255414316364124,-17.81246255666941,32.58700015315208,14.774537596482674,24.13783950110291,8.509790678124151,3.897279594275542,12.407070272399693,23.94799735225793,-14.874531423832869,28.314034071574945,13.439502647742074
2019-11-15,TDOU,-23.08,30.384,630.2,2019,11,15,1780,0.0296779497377223,29.677949737722297,0.027383070122924,27.383070122924,0.0282291666666666,28.2291666666666,28.2291666666666,28.2291666666666,28.2291666666666,29.677949737722297,29.677949737722297,29.677949737722297,27.383070122924,27.383070122924,27.383070122924,25.262137406024998,1.5329105517461945,2.882901779951105,4.4158123316973,24.144825159341035,-4.125793523821997,7.364038487404962,3.2382449635829644,23.955148643609263,1.6368145180097886,2.637203505047548,4.274018023057337
2019-11-17,TDOU,-23.08,30.384,630.2,2019,11,17,1782,0.0281939688594188,28.1939688594188,0.0265753697348244,26.5753697348244,0.0269625,26.9625,26.9625,26.9625,26.9625,28.1939688594188,28.1939688594188,28.1939688594188,26.5753697348244,26.5753697348244,26.5753697348244,25.275808216604293,0.6065577486488778,2.3116028941656275,2.918160642814506,24.159027945288493,-0.07251400966985486,2.488855799205762,2.416341789535906,23.969680211087052,0.7691749430198406,2.223644845893105,2.9928197889129464
2019-11-18,TDOU,-23.08,30.384,630.2,2019,11,18,1783,0.0398055901526224,39.8055901526224,0.0377216331244019,37.72163312440191,0.0393541666666666,39.3541666666666,39.3541666666666,39.3541666666666,39.3541666666666,39.8055901526224,39.8055901526224,39.8055901526224,37.72163312440191,37.72163312440191,37.72163312440191,25.28274452001665,12.676137683016572,1.846707949589181,14.522845632605751,24.166233272816715,11.153853306397645,2.4015465451875535,13.555399851585197,23.97704837684302,12.971921372210144,2.405196917613438,15.377118289823581
2019-11-19,TDOU,-23.08,30.384,630.2,2019,11,19,1784,0.0426287691880543,42.6287691880543,0.0430721284963381,43.072128496338095,0.0438416666666666,43.8416666666666,43.8416666666666,43.8416666666666,43.8416666666666,42.6287691880543,42.6287691880543,42.6287691880543,43.072128496338095,43.072128496338095,43.072128496338095,25.289740944046446,15.045930800499422,2.293097443508433,17.339028244007853,24.17350050387173,16.28191989227478,2.6167081001915875,18.898627992466366,23.98447723632075,16.006167655546335,3.851021774799513,19.857189430345848
2019-11-20,TDOU,-23.08,30.384,630.2,2019,11,20,1785,0.0491007547606186,49.1007547606186,0.0479484783472542,47.9484783472542,0.0490291666666666,49.029166666666605,40.875,49.029166666666605,49.029166666666605,41.5077612382357,49.1007547606186,49.1007547606186,47.9484783472542,47.9484783472542,47.9484783472542,25.296792482860752,13.438891431234508,2.77207732414044,16.21096875537495,24.1808244607067,19.462131690986087,4.305522195561416,23.767653886547503,23.991961502352012,13.062918142845684,3.820120354802306,16.883038497647988
2019-11-21,TDOU,-23.08,30.384,630.2,2019,11,21,1786,0.0420109867031127,42.0109867031127,0.0433746526833716,43.3746526833716,0.040875,40.875,40.875,40.875,40.875,42.0109867031127,42.0109867031127,42.0109867031127,43.3746526833716,43.3746526833716,43.3746526833716,25.303894408744686,14.803987951470054,1.903104342897958,16.707092294368014,24.18820025037086,15.897841409442528,3.2886110235582144,19.186452433000742,23.999496187674367,12.894732370959398,3.9807714413662367,16.875503812325633
2019-11-22,TDOU,-23.08,30.384,630.2,2019,11,22,1787,0.0406565123058013,40.6565123058013,0.0389534395678781,38.9534395678781,0.0413958333333333,41.3958333333333,41.3958333333333,41.3958333333333,41.3958333333333,40.6565123058013,40.6565123058013,40.6565123058013,38.9534395678781,38.9534395678781,38.9534395678781,25.311042266031215,10.935058365427903,4.410411674342182,15.345470039770085,24.19562325681549,10.309279302477579,4.448537008585031,14.757816311062609,24.007076598108746,13.19011801418883,4.198638721035724,17.388756735224554
2019-11-23,TDOU,-23.08,30.384,630.2,2019,11,23,1788,0.0415077612382357,41.5077612382357,0.0399287060977795,39.928706097779504,0.0396666666666666,39.6666666666666,39.6666666666666,39.6666666666666,39.6666666666666,41.5077612382357,41.5077612382357,41.5077612382357,39.928706097779504,39.928706097779504,39.928706097779504,25.318231864339058,11.410187762565492,4.7793416113311515,16.189529373896644,24.203089134091616,10.536509307482433,5.189107656205454,15.725616963687887,24.014698324283767,10.601395095314027,5.050573247068808,15.651968342382833
2019-11-24,TDOU,-23.08,30.384,630.2,2019,11,24,1789,0.0406835387022173,40.683538702217305,0.0371155008974709,37.1155008974709,0.0348874999999999,34.887499999999896,34.887499999999896,34.887499999999896,34.887499999999896,40.683538702217305,40.683538702217305,40.683538702217305,37.1155008974709,37.1155008974709,37.1155008974709,25.325459266665348,11.17688540990072,4.181194025651237,15.358079435551957,24.210593796382597,9.395723466503467,3.5091836345848364,12.904907101088305,24.022357231691732,7.346973538534226,3.518169229773939,10.865142768308164
2019-11-25,TDOU,-23.08,30.384,630.2,2019,11,25,1790,0.0349372622063966,34.9372622063966,0.0360940634068304,36.0940634068304,0.0335708333333333,33.5708333333333,33.5708333333333,33.5708333333333,33.5708333333333,34.9372622063966,34.9372622063966,34.9372622063966,36.0940634068304,36.0940634068304,36.0940634068304,25.332720779009126,6.679936060433143,2.924605366954335,9.604541427387478,24.218133407873786,8.871867481791243,3.004062517165373,11.875929998956614,24.03004944970465,6.726187297229877,2.814596586398771,9.540783883628649
2019-11-26,TDOU,-23.08,30.384,630.2,2019,11,26,1791,0.0331991252552501,33.1991252552501,0.0331804495108963,33.180449510896295,0.0316166666666666,31.6166666666666,31.6166666666666,31.6166666666666,31.6166666666666,33.1991252552501,33.1991252552501,33.1991252552501,33.180449510896295,33.180449510896295,33.180449510896295,25.340012941487494,6.98195548293825,0.877156830824358,7.859112313762608,24.225704374598998,7.5422127433084665,1.4125323929888296,8.954745136297298,24.03777136232984,7.54305624139824,0.03583906293852124,7.578895304336761
2019-11-27,TDOU,-23.08,30.384,630.2,2019,11,27,1792,0.0248378391417352,24.8378391417352,0.024178511587459,24.178511587459003,0.0242083333333333,24.2083333333333,24.2083333333333,24.2083333333333,24.2083333333333,24.8378391417352,24.8378391417352,24.8378391417352,24.178511587459003,24.178511587459003,24.178511587459003,25.347332520611392,3.2690516033688337,-3.7785449822450268,-0.5094933788761935,24.23330333556564,2.696170891513615,-2.7509626396202513,-0.05479174810663778,24.045519599186534,1.9136318756893942,-1.7508181415426272,0.16281373414676636
2019-11-28,TDOU,-23.08,30.384,630.2,2019,11,28,1793,0.0149742626709498,14.9742626709498,0.0162441765670836,16.244176567083603,0.0170958333333333,17.0958333333333,17.0958333333333,17.0958333333333,17.0958333333333,14.9742626709498,14.9742626709498,14.9742626709498,16.244176567083603,16.244176567083603,16.244176567083603,25.354676504137327,10.504103867815813,-20.88451770100334,-10.380413833187527,24.24092715615538,-5.41170079478276,-2.5850497942890165,-7.996750589071777,24.053291029148063,-4.5357623060047025,-2.4216953898100613,-6.957457695814764
2019-11-29,TDOU,-23.08,30.384,630.2,2019,11,29,1794,0.0140085860784109,14.008586078410898,0.0152469298870167,15.246929887016702,0.0152583333333333,15.2583333333333,15.2583333333333,15.2583333333333,15.2583333333333,14.008586078410898,14.008586078410898,14.008586078410898,15.246929887016702,15.246929887016702,15.246929887016702,25.362042096678742,8.780646951649098,-20.134102969916942,-11.353456018267844,24.248572924264778,-3.552738051688627,-5.448904985559448,-9.001643037248076,24.06108275232182,-2.068766968191598,-6.733982450796919,-8.802749418988519
2019-11-30,TDOU,-23.08,30.384,630.2,2019,11,30,1795,0.0112357260339202,11.2357260339202,0.0123044402528289,12.3044402528289,0.0114041666666666,11.4041666666666,18.0166666666666,11.4041666666666,11.4041666666666,11.2357260339202,11.2357260339202,11.2357260339202,12.3044402528289,12.3044402528289,12.3044402528289,25.369426703966077,-10.36556221149427,-3.768138458551608,-14.133700670045878,24.256237940721967,-7.963637599680853,-3.9881600882122115,-11.951797687893066,24.06889209023889,-3.459374848524728,-2.59285057504756,-6.052225423572288
2019-12-01,TDOU,-23.08,30.384,630.2,2019,12,1,1796,0.0144940973523196,14.4940973523196,0.0148508140705735,14.8508140705735,0.0180166666666666,18.0166666666666,18.0166666666666,18.0166666666666,18.0166666666666,14.4940973523196,14.4940973523196,14.4940973523196,14.8508140705735,14.8508140705735,14.8508140705735,25.376827921925482,-6.238105214047708,-4.644625355558176,-10.882730569605883,24.26391971032244,-4.041574975351059,-5.371530664397881,-9.41310563974894,24.076716576757516,-1.858040702938801,-4.202009207152113,-6.060049910090914
2019-12-03,TDOU,-23.08,30.384,630.2,2019,12,3,1798,0.0348896233919577,34.8896233919577,0.02712173037802,27.12173037802,0.0288166666666666,28.8166666666666,28.8166666666666,28.8166666666666,28.8166666666666,34.8896233919577,34.8896233919577,34.8896233919577,27.12173037802,27.12173037802,27.12173037802,25.391671487907573,9.709419198204744,-0.21146729415461607,9.497951904050126,24.27932447722228,7.7136330762787075,-4.8712271754809855,2.842405900797722,24.09240210557536,9.116856525365035,-4.392591964273798,4.724264561091239
2019-12-04,TDOU,-23.08,30.384,630.2,2019,12,4,1799,0.0367722995499384,36.7722995499384,0.0371717281613067,37.171728161306696,0.0355583333333333,35.5583333333333,35.5583333333333,35.5583333333333,35.5583333333333,36.7722995499384,36.7722995499384,36.7722995499384,37.171728161306696,37.171728161306696,37.171728161306696,25.399109911013266,10.269456372739564,1.103733266185575,11.373189638925137,24.2870434021858,11.858957999557434,1.0257267595634616,12.884684759120894,24.100259156886214,11.782131949439727,-0.3240577729926386,11.458074176447088
2019-12-05,TDOU,-23.08,30.384,630.2,2019,12,5,1800,0.0334330346531536,33.4330346531536,0.0330709796369282,33.0709796369282,0.0345291666666666,34.5291666666666,34.5291666666666,34.5291666666666,34.5291666666666,33.4330346531536,33.4330346531536,33.4330346531536,33.0709796369282,33.0709796369282,33.0709796369282,25.406557065553514,8.693734498649754,-0.6672569110496696,8.026477587600084,24.29477091139456,9.483096170506185,-0.7068874449725477,8.776208725533639,24.108123350975784,11.88415310111754,-1.4631097854267274,10.421043315690813
2019-12-06,TDOU,-23.08,30.384,630.2,2019,12,6,1801,0.0341657096133078,34.165709613307804,0.0339376999158017,33.9376999158017,0.0345583333333333,34.5583333333333,34.5583333333333,34.5583333333333,34.5583333333333,34.165709613307804,34.165709613307804,34.165709613307804,33.9376999158017,33.9376999158017,33.9376999158017,25.41401135043716,11.482847441880468,-2.7311491790098223,8.751698262870644,24.30250535080083,13.697886889898154,-4.062692324897281,9.635194565000873,24.115993088139284,14.867205726871447,-4.424865481677429,10.442340245194018
2019-12-08,TDOU,-23.08,30.384,630.2,2019,12,8,1803,0.0504955780152371,50.4955780152371,0.0510028115939545,51.0028115939545,0.0490166666666666,49.0166666666666,40.75,49.0166666666666,49.0166666666666,50.4955780152371,50.4955780152371,50.4955780152371,51.0028115939545,51.0028115939545,51.0028115939545,25.428935540919888,21.55373669984097,3.5129057744762413,25.066642474317213,24.317989059124077,25.16998156463337,1.5148409701970493,26.68482253483042,24.131743475310834,19.135880576939435,-2.5176240522502695,16.618256524689166
2019-12-09,TDOU,-23.08,30.384,630.2,2019,12,9,1804,0.0481479799870204,48.147979987020406,0.0478732237539619,47.8732237539619,0.044675,44.675,44.675,44.675,44.675,48.147979987020406,48.147979987020406,48.147979987020406,47.8732237539619,47.8732237539619,47.8732237539619,25.436402853319716,19.856400038043624,2.8551770956570657,22.71157713370069,24.32573565547176,22.800066704586175,0.7474213939039664,23.547488098490142,24.139621589641365,21.496185371756038,-0.960806961397406,20.535378410358632
2019-12-10,TDOU,-23.08,30.384,630.2,2019,12,10,1805,0.0483028031086665,48.302803108666495,0.0470266891845684,47.0266891845684,0.0469833333333333,46.9833333333333,40.75,46.9833333333333,46.9833333333333,48.302803108666495,48.302803108666495,48.302803108666495,47.0266891845684,47.0266891845684,47.0266891845684,25.44387208305012,20.160798802572277,2.698132223044098,22.858931025616375,24.333483811510078,22.009432701045224,0.6837726720130952,22.69320537305832,24.147500155107867,18.175963728558745,-1.5734638836666122,16.602499844892133
2019-12-11,TDOU,-23.08,30.384,630.2,2019,12,11,1806,0.0394399873573332,39.4399873573332,0.0423728134627932,42.3728134627932,0.04075,40.75,40.75,40.75,40.75,39.4399873573332,39.4399873573332,39.4399873573332,42.3728134627932,42.3728134627932,42.3728134627932,25.451342171542237,11.635151514581608,2.353493671209357,13.988645185790965,24.341232446394386,16.110584929433315,1.920996086965495,18.03158101639881,24.15537817866744,14.775215509906095,1.8194063114264623,16.59462182133256
2019-12-12,TDOU,-23.08,30.384,630.2,2019,12,12,1807,0.0345378929769035,34.5378929769035,0.0333977556894569,33.3977556894569,0.0336333333333333,33.6333333333333,33.6333333333333,33.6333333333333,33.6333333333333,34.5378929769035,34.5378929769035,34.5378929769035,33.3977556894569,33.3977556894569,33.3977556894569,25.4588121424234,8.587983750358822,0.4910970841212752,9.079080834480099,24.348980567263812,7.832658010675956,1.216117111517132,9.048775122193089,24.163254759884587,8.249735963837068,1.2203426096116416,9.47007857344871
2019-12-13,TDOU,-23.08,30.384,630.2,2019,12,13,1808,0.0315797633601552,31.5797633601552,0.0328690806789565,32.8690806789565,0.0309458333333333,30.9458333333333,30.9458333333333,30.9458333333333,30.9458333333333,31.5797633601552,31.5797633601552,31.5797633601552,32.8690806789565,32.8690806789565,32.8690806789565,25.466281096600586,6.7361324795253035,-0.6226502159706868,6.113482263554616,24.356727261305767,7.862630929278917,0.6497224883718147,8.512353417650733,24.17112907933593,6.5575426819467975,0.21716157205057485,6.7747042539973705
2019-12-14,TDOU,-23.08,30.384,630.2,2019,12,14,1809,0.028460338070858,28.460338070858,0.0304464789271247,30.446478927124694,0.0294083333333333,29.4083333333333,29.4083333333333,29.4083333333333,29.4083333333333,31.5797633601552,28.460338070858,28.460338070858,30.446478927124694,30.446478927124694,30.446478927124694,25.473748209701345,6.245979024541066,-0.13996387408721134,6.106015150453857,24.36447169060425,6.785993349333316,-0.7039861128128742,6.082007236520443,24.179000392332867,5.936838285456513,-0.7075053444560808,5.2293329410004326
2019-12-15,TDOU,-23.08,30.384,630.2,2019,12,15,1810,0.0318585296278895,31.8585296278895,0.0274964468266583,27.496446826658303,0.0284958333333333,28.4958333333333,28.4958333333333,28.4958333333333,28.4958333333333,31.8585296278895,31.8585296278895,31.8585296278895,27.496446826658303,27.496446826658303,27.496446826658303,25.48121272865882,4.877153594088777,1.5001633051418999,6.377316899230678,24.372213088141088,2.11803358065313,1.006200157864086,3.1242337385172156,24.186868025124554,4.292014625890049,0.01695068231870067,4.308965308208748
2019-12-16,TDOU,-23.08,30.384,630.2,2019,12,16,1811,0.0308750732819899,30.8750732819899,0.0316297307827145,31.6297307827145,0.0286666666666666,28.6666666666666,28.6666666666666,28.6666666666666,28.6666666666666,30.8750732819899,30.8750732819899,30.8750732819899,31.6297307827145,31.6297307827145,31.6297307827145,25.488673965508294,5.319210742339502,0.06718857414210433,5.386399316481604,24.379950754072212,5.822413211062467,1.42736681757982,7.249780028642288,24.194731370816935,3.490339718068276,0.9815955777813876,4.471935295849665
2019-12-17,TDOU,-23.08,30.384,630.2,2019,12,17,1812,0.0249104838746946,24.9104838746946,0.0247615978253551,24.7615978253551,0.0252208333333333,25.2208333333333,29.4083333333333,25.2208333333333,25.2208333333333,24.9104838746946,24.9104838746946,24.9104838746946,24.7615978253551,24.7615978253551,24.7615978253551,25.496131290460227,4.654388242497239,-5.240035658262869,-0.585647415765628,24.387684048590945,3.8727318525007504,-3.498818075736594,0.37391377676415516,24.20258988306495,5.718632306163967,-0.5128888558956142,5.205743450268351
2019-12-18,TDOU,-23.08,30.384,630.2,2019,12,18,1813,0.0301659472183637,30.1659472183637,0.0281902909855467,28.1902909855467,0.0298083333333333,29.8083333333333,29.8083333333333,29.8083333333333,29.8083333333333,30.1659472183637,30.1659472183637,30.1659472183637,28.1902909855467,28.1902909855467,28.1902909855467,25.5035841304853,6.958339283148351,-2.295976195269951,4.662363087878401,24.395412387840977,5.202328635245365,-1.4074500375396433,3.794878597705722,24.210443070149093,6.328352150972755,-0.7304618877885467,5.597890263184208
2019-12-19,TDOU,-23.08,30.384,630.2,2019,12,19,1814,0.0361099111365801,36.1099111365801,0.0379472671800677,37.9472671800677,0.0402166666666666,40.216666666666605,40.216666666666605,40.216666666666605,40.216666666666605,36.1099111365801,36.1099111365801,36.1099111365801,37.9472671800677,37.9472671800677,37.9472671800677,25.51103197103173,13.185924997414235,-2.5870458318658613,10.598879165548372,24.40313524545278,15.369086867390333,-1.824954932775416,13.544131934614917,24.21829049243457,17.02377469666552,-1.025398522433484,15.998376174232035
2019-12-20,TDOU,-23.08,30.384,630.2,2019,12,20,1815,0.0324027230498599,32.4027230498599,0.0364676770002946,36.4676770002946,0.0366541666666666,36.6541666666666,36.6541666666666,36.6541666666666,36.6541666666666,32.4027230498599,32.4027230498599,32.4027230498599,36.4676770002946,36.4676770002946,36.4676770002946,25.518474350410667,16.184862349970267,-9.300613650521033,6.884248699449234,24.4108521474732,18.497385095296494,-6.440560242475094,12.0568248528214,24.226131759127924,14.13472925439871,-1.7066943468600364,12.428034907538674
2019-12-21,TDOU,-23.08,30.384,630.2,2019,12,21,1816,0.0294520579691723,29.4520579691723,0.0296548825970989,29.654882597098897,0.029975,29.975,29.975,29.975,29.975,29.4520579691723,29.4520579691723,29.4520579691723,29.654882597098897,29.654882597098897,29.654882597098897,25.52591085630377,10.911901147099758,-6.985754034231228,3.926147112868531,24.41856266943522,12.752475673869357,-7.51615574620568,5.236319927663676,24.23396652507105,10.544337076867102,-4.8033036019381505,5.741033474928951
2019-12-25,TDOU,-23.08,30.384,630.2,2019,12,25,1820,0.028351961449359,28.351961449359,0.0292357342149582,29.2357342149582,0.0271958333333333,27.1958333333333,27.1958333333333,27.1958333333333,27.1958333333333,28.351961449359,28.351961449359,28.351961449359,29.2357342149582,29.2357342149582,29.2357342149582,25.555591533595845,10.288658355072373,-7.49228843930922,2.7963699157631545,24.449334144731285,11.870345399943592,-7.083945329716677,4.7864000702269145,24.265235202130192,24.77705058638258,-21.84645245517947,2.9305981312031086
2019-12-26,TDOU,-23.08,30.384,630.2,2019,12,26,1821,0.0285213723900293,28.5213723900293,0.028067914013011,28.067914013011,0.0262416666666666,26.2416666666666,26.2416666666666,26.2416666666666,26.2416666666666,28.5213723900293,28.5213723900293,28.5213723900293,28.067914013011,28.067914013011,28.067914013011,25.562994058866312,9.224360657538833,-6.265982326375845,2.9583783311629865,24.457008026106905,12.480372096219309,-8.869466109315216,3.6109059869040934,24.273033789440134,22.70204492940096,-20.733412052174494,1.9686328772264652
2020-01-02,TDOU,-23.08,30.384,630.2,2020,1,2,1828,0.0398000581572412,39.8000581572412,0.0385659619647683,38.56596196476831,0.0385041666666666,38.504166666666606,38.504166666666606,38.504166666666606,38.504166666666606,39.8000581572412,39.8000581572412,39.8000581572412,38.56596196476831,38.56596196476831,38.56596196476831,25.614596731081274,16.840080691312114,-2.654619265152185,14.185461426159929,24.510495568408633,18.369595349487156,-4.314128953127476,14.05546639635968,24.327404803278313,18.972808738648453,-4.79604687526016,14.176761863388293
2020-01-03,TDOU,-23.08,30.384,630.2,2020,1,3,1829,0.0399019276619602,39.9019276619602,0.0388076020256347,38.8076020256347,0.0376708333333333,37.6708333333333,37.6708333333333,37.6708333333333,37.6708333333333,39.9019276619602,39.9019276619602,39.9019276619602,38.8076020256347,38.8076020256347,38.8076020256347,25.621937010693756,17.243916549290404,-2.963925898023959,14.279990651266445,24.51810314390245,18.461729392013403,-4.172230510281153,14.28949888173225,24.335140599394638,16.92662668149551,-3.5909339475568487,13.33569273393866
2020-01-05,TDOU,-23.08,30.384,630.2,2020,1,5,1831,0.0393380177986825,39.3380177986825,0.04070968268905,40.70968268905,0.0404041666666666,40.404166666666605,40.404166666666605,40.404166666666605,40.404166666666605,39.3380177986825,39.3380177986825,39.3380177986825,40.70968268905,40.70968268905,40.70968268905,25.63659382009742,16.245937485511046,-2.5445135069259663,13.70142397858508,24.53329319822584,16.719363698998794,-0.5429742081746376,16.176389490824157,24.350588998439054,19.208973132739427,-3.1553954645118765,16.05357766822755
2020-01-06,TDOU,-23.08,30.384,630.2,2020,1,6,1832,0.0343906276366949,34.3906276366949,0.0351388177962504,35.1388177962504,0.0338375,33.8375,33.8375,33.8375,33.8375,39.9019276619602,34.3906276366949,34.3906276366949,35.1388177962504,35.1388177962504,35.1388177962504,25.643910418623868,16.67085363613224,-2.4128363927959064,14.258017243336333,24.54087577859834,14.845177636213139,-4.247235618561078,10.59794201765206,24.35830177718488,13.518345700097154,-4.039147477282036,9.479198222815118
2020-01-08,TDOU,-23.08,30.384,630.2,2020,1,8,1834,0.040804293996748,40.804293996748,0.0375436978068821,37.54369780688209,0.0380583333333333,38.0583333333333,38.0583333333333,38.0583333333333,38.0583333333333,40.804293996748,40.804293996748,40.804293996748,37.54369780688209,37.54369780688209,37.54369780688209,25.658520264796056,16.81183781174206,-1.6660640797901145,15.145773731951945,24.556016384691258,14.33668455627018,-1.349003134079343,12.987681422190835,24.37370502374801,15.48410372808658,-1.799475418501288,13.684628309585293
2020-01-09,TDOU,-23.08,30.384,630.2,2020,1,9,1835,0.0449110237158558,44.9110237158558,0.046179736385316,46.179736385316,0.0454916666666666,45.4916666666666,45.4916666666666,45.4916666666666,45.4916666666666,42.0747294956249,44.9110237158558,44.9110237158558,46.179736385316,46.179736385316,46.179736385316,25.66581364615143,18.734179688635233,-2.3252638391617637,16.40891584947347,24.563574578849458,21.34538681521976,0.2707749912467783,21.61616180646654,24.381395735731502,21.652226547904146,-0.5419556169690445,21.1102709309351
2020-01-11,TDOU,-23.08,30.384,630.2,2020,1,11,1837,0.0425271945288937,42.527194528893695,0.046621344876928,46.621344876928,0.0489208333333333,48.920833333333306,48.920833333333306,48.920833333333306,48.920833333333306,42.527194528893695,42.527194528893695,42.527194528893695,46.621344876928,46.621344876928,46.621344876928,25.680377719684373,21.784852350051448,-4.938035540842126,16.846816809209322,24.57866722828336,25.20375524070187,-3.1610775920572323,22.042677648644638,24.39675600177218,27.793944338719466,-3.2698670071583393,24.524077331561127
2020-01-12,TDOU,-23.08,30.384,630.2,2020,1,12,1838,0.0420747294956249,42.0747294956249,0.0423907925588891,42.390792558889096,0.0428125,42.8125,42.8125,42.8125,42.8125,42.0747294956249,42.0747294956249,42.0747294956249,42.390792558889096,42.390792558889096,42.390792558889096,25.687648595839782,20.96004812975271,-4.572967229967592,16.38708089978512,24.58620189140955,23.005351366977983,-5.2007606994984386,17.804590667479545,24.404425837334188,24.927767752495313,-6.519693589829501,18.408074162665812
2020-01-13,TDOU,-23.08,30.384,630.2,2020,1,13,1839,0.0448998008421234,44.899800842123405,0.0393970753489668,39.3970753489668,0.0416791666666666,41.6791666666666,41.6791666666666,41.6791666666666,41.6791666666666,44.899800842123405,44.899800842123405,44.899800842123405,39.3970753489668,39.3970753489668,39.3970753489668,25.694912170589966,21.94422592760728,-2.739337256073842,19.20488867153344,24.593728930864316,19.902171266520902,-5.098824848418417,14.803346418102485,24.41208900660417,21.024650721008463,-3.7575730609460294,17.267077660062434
2020-01-14,TDOU,-23.08,30.384,630.2,2020,1,14,1840,0.0462360518396006,46.2360518396006,0.0445307199641911,44.5307199641911,0.0460041666666666,46.004166666666606,46.004166666666606,46.004166666666606,46.004166666666606,46.2360518396006,46.2360518396006,46.2360518396006,44.5307199641911,44.5307199641911,44.5307199641911,25.70216855936824,20.547468103307562,-0.013584823075202479,20.53388328023236,24.601248471225396,20.847412996719278,-0.9179415037535748,19.929471492965703,24.41974566895689,22.166572216177773,-0.5821512184680557,21.584420997709717
2020-01-15,TDOU,-23.08,30.384,630.2,2020,1,15,1841,0.0381990974226563,38.1990974226563,0.038061160248802,38.061160248802,0.0348875,34.8875,34.8875,34.8875,34.8875,38.1990974226563,38.1990974226563,38.1990974226563,38.061160248802,38.061160248802,38.061160248802,25.709417883445564,16.149795477611512,-3.660115938400775,12.489679539210737,24.60876064531058,17.784393159542535,-4.331993556051117,13.452399603491418,24.42739598981225,15.396963858761163,-4.936859848573409,10.460104010187752
2020-01-16,TDOU,-23.08,30.384,630.2,2020,1,16,1842,0.0383126331255539,38.3126331255539,0.0360140347988343,36.014034798834295,0.037825,37.825,37.825,37.825,37.825,38.3126331255539,38.3126331255539,38.3126331255539,36.014034798834295,36.014034798834295,36.014034798834295,25.716660267150335,16.668092562347844,-4.072119703944278,12.595972858403567,24.616265590676193,14.732280570819904,-3.3345113626618,11.397769208158103,24.435040137589763,16.584835603846184,-3.1948757414359434,13.38995986241024
2020-01-17,TDOU,-23.08,30.384,630.2,2020,1,17,1843,0.0467304919472988,46.7304919472988,0.0453339433353565,45.3339433353565,0.0482208333333333,48.2208333333333,48.2208333333333,48.2208333333333,48.2208333333333,46.7304919472988,46.7304919472988,46.7304919472988,45.3339433353565,45.3339433353565,45.3339433353565,25.723895840564,20.32974832171324,0.6768477850215611,21.0065961067348,24.62376345127867,18.67940408600773,2.0307757980701027,20.71017988407783,24.44267828620826,20.821064732262677,2.9570903148623664,23.778155047125043
2020-01-19,TDOU,-23.08,30.384,630.2,2020,1,19,1845,0.0540648729222843,54.064872922284295,0.0507629862699491,50.7629862699491,0.0509083333333333,50.908333333333296,50.908333333333296,50.908333333333296,50.908333333333296,54.064872922284295,54.064872922284295,54.064872922284295,50.7629862699491,50.7629862699491,50.7629862699491,25.738347098005136,26.322898568590425,2.003627255688734,28.32652582427916,24.638738510399442,24.5723868322386,1.5518609273110613,26.12424775954966,24.457937290033403,25.30395806440818,1.1464379788917114,26.450396043299893
2020-01-21,TDOU,-23.08,30.384,630.2,2020,1,21,1847,0.0326090349901762,32.6090349901762,0.0311680541654274,31.168054165427403,0.0319291666666666,31.9291666666666,31.9291666666666,31.9291666666666,31.9291666666666,32.6090349901762,32.6090349901762,32.6090349901762,31.168054165427403,31.168054165427403,31.168054165427403,25.75277271748361,6.956087713850941,-0.09982544115835168,6.8562622726925895,24.653686977751022,5.275686835044772,1.238680352631608,6.514367187676381,24.473174358195617,6.0576338074999025,1.3983585009710815,7.455992308470982
2020-01-22,TDOU,-23.08,30.384,630.2,2020,1,22,1848,0.0350784529055901,35.0784529055901,0.0351864205903844,35.186420590384394,0.0345375,34.5375,34.5375,34.5375,34.5375,35.0784529055901,35.0784529055901,35.0784529055901,35.186420590384394,35.186420590384394,35.186420590384394,25.759976231552304,8.797832622323034,0.5206440517147577,9.318476674037793,24.661151586467813,9.306651136703364,1.218617867213215,10.52526900391658,24.480785070965066,8.324922786538622,1.7317921424963139,10.056714929034936
2020-01-23,TDOU,-23.08,30.384,630.2,2020,1,23,1849,0.0391038063667397,39.1038063667397,0.03551127236978,35.51127236978,0.0352,35.2,35.2,35.2,35.2,39.1038063667397,39.1038063667397,39.1038063667397,35.51127236978,35.51127236978,35.51127236978,25.767173715698426,12.746107878376815,0.5905247726644554,13.33663265104127,24.668609958722985,10.28633174572923,0.5563306653277884,10.842662411057017,24.488390778771727,10.064525142570496,0.6470840786577803,10.711609221228276
2020-01-24,TDOU,-23.08,30.384,630.2,2020,1,24,1850,0.0403542592181224,40.3542592181224,0.0419102478702917,41.9102478702917,0.0397833333333333,39.7833333333333,39.7833333333333,39.7833333333333,39.7833333333333,40.3542592181224,40.3542592181224,40.3542592181224,41.9102478702917,41.9102478702917,41.9102478702917,25.77436529456325,14.612249568938614,-0.03235564537946445,14.579893923559151,24.67606222756344,15.644380870066376,1.589804772661882,17.23418564272826,24.495991634639534,14.275165404948206,1.012176293745565,15.28734169869377
2020-01-25,TDOU,-23.08,30.384,630.2,2020,1,25,1851,0.0371308137870918,37.1308137870918,0.0379873655076269,37.9873655076269,0.0361875,36.1875,36.1875,36.1875,36.1875,37.1308137870918,37.1308137870918,37.1308137870918,37.9873655076269,37.9873655076269,37.9873655076269,25.78155109198583,15.578690319317142,-4.229427624211166,11.349262695105974,24.683508524827076,16.744480573501633,-3.4406235907018115,13.303856982799822,24.503587789401205,15.24294585069714,-3.5590336400983453,11.683912210598795
2020-01-26,TDOU,-23.08,30.384,630.2,2020,1,26,1852,0.0339649685214119,33.9649685214119,0.0336000498124065,33.6000498124065,0.0336208333333333,33.6208333333333,33.6208333333333,33.6208333333333,33.6208333333333,33.9649685214119,33.9649685214119,33.9649685214119,33.6000498124065,33.6000498124065,33.6000498124065,25.7887312325217,32.817799050284286,-24.64156176139409,8.176237288890196,24.69094898144918,30.399402773520695,-21.49030194256337,8.909100830957325,24.51117939268496,30.275752947216905,-21.16609900656856,9.109653940648343
2020-01-27,TDOU,-23.08,30.384,630.2,2020,1,27,1853,0.0381639051602412,38.1639051602412,0.0391033918103276,39.1033918103276,0.0413166666666666,41.3166666666666,33.6208333333333,41.3166666666666,41.3166666666666,38.1639051602412,38.1639051602412,38.1639051602412,39.1033918103276,39.1033918103276,39.1033918103276,25.795905844315087,17.767223616555697,-5.399224300629584,12.367999315926113,24.698383731169404,20.503860788089604,-6.098852708931407,14.405008079158197,24.51876659631186,12.922352488886885,-3.8202857518654447,9.102066737021442
2020-01-28,TDOU,-23.08,30.384,630.2,2020,1,28,1854,0.0334025531565038,33.4025531565038,0.0330964504187574,33.09645041875741,0.0305499999999999,30.5499999999999,30.5499999999999,30.5499999999999,30.5499999999999,33.4025531565038,33.4025531565038,33.4025531565038,33.09645041875741,33.09645041875741,33.09645041875741,25.80307505713929,10.402308115966221,-2.8028300166017104,7.599478099364511,24.705812909522606,11.691146454888147,-3.3005089456533483,8.3906375092348,24.526349552763335,9.093321831954112,-3.0696713847175445,6.023650447236566
2020-01-29,TDOU,-23.08,30.384,630.2,2020,1,29,1855,0.0259731639638207,25.9731639638207,0.0255256886913408,25.5256886913408,0.0256458333333333,25.645833333333297,25.645833333333297,25.645833333333297,25.645833333333297,25.9731639638207,25.9731639638207,25.9731639638207,25.5256886913408,25.5256886913408,25.5256886913408,25.81023900528029,3.616080010162033,-3.453155051621625,0.16292495854040823,24.713236657228336,5.503253279784082,-4.690801245671619,0.8124520341124644,24.53392841758756,4.866567502248188,-3.7546625865024517,1.1119049157457361
2020-01-30,TDOU,-23.08,30.384,630.2,2020,1,30,1856,0.0291695398172785,29.1695398172785,0.0303530548260346,30.3530548260346,0.02985,29.85,29.85,29.85,29.85,29.1695398172785,29.1695398172785,29.1695398172785,30.3530548260346,30.3530548260346,30.3530548260346,25.81739782681982,7.026146280412316,-3.6740042899536363,3.35214199045868,24.720655119686302,12.763755240691172,-7.131355534342873,5.6323997063482985,24.541503349633803,8.20087950136159,-2.892382850995393,5.308496650366198
2020-02-01,TDOU,-23.08,30.384,630.2,2020,2,1,1858,0.0288714280523383,28.871428052338302,0.0276437794397799,27.6437794397799,0.0272166666666666,27.2166666666666,27.2166666666666,27.2166666666666,27.2166666666666,28.871428052338302,28.871428052338302,28.871428052338302,27.6437794397799,27.6437794397799,27.6437794397799,25.831700661462623,29.081818272378257,-26.042090881502578,3.0397273908756794,24.73547679752005,8.800180945258246,-5.891878302998393,2.9083026422598515,24.556642066993902,8.529191478823305,-5.869166879150605,2.660024599672699
2020-02-02,TDOU,-23.08,30.384,630.2,2020,2,2,1859,0.0278624532564047,27.8624532564047,0.0236385343901342,23.6385343901342,0.0238208333333333,23.8208333333333,23.8208333333333,23.8208333333333,23.8208333333333,27.8624532564047,27.8624532564047,27.8624532564047,23.6385343901342,23.6385343901342,23.6385343901342,25.838844970271875,28.335379839596985,-26.311771553464162,2.0236082861328235,24.742880332140253,26.421498927207818,-27.52584486921387,-1.1043459420060522,24.56420618623231,24.001567930343004,-24.74494078324201,-0.7433728528990073
2020-02-03,TDOU,-23.08,30.384,630.2,2020,2,3,1860,0.0338861304507323,33.886130450732296,0.0330078286151567,33.0078286151567,0.0338958333333333,33.8958333333333,33.8958333333333,33.8958333333333,33.8958333333333,33.886130450732296,33.886130450732296,33.886130450732296,33.0078286151567,33.0078286151567,33.0078286151567,25.845984739465912,12.286871054704097,-4.2467253434377135,8.040145711266383,24.750279218107735,12.408596436343,-4.151047039294038,8.257549397048962,24.571767041193876,13.053107646163292,-3.7290413540238667,9.324066292139424
2020-02-05,TDOU,-23.08,30.384,630.2,2020,2,5,1862,0.0345923538550413,34.5923538550413,0.0347421666505,34.7421666505,0.0349083333333333,34.908333333333296,34.908333333333296,34.908333333333296,34.908333333333296,34.5923538550413,34.5923538550413,34.5923538550413,34.7421666505,34.7421666505,34.7421666505,25.860251257318147,38.04883861422016,-29.316736016497003,8.732102597723156,24.765063715415565,14.443763244079491,-4.466660308995053,9.977102935084439,24.586879649709218,14.668215495417442,-4.346761811793364,10.321453683624078
2020-02-06,TDOU,-23.08,30.384,630.2,2020,2,6,1863,0.0365922415840195,36.5922415840195,0.0399700956774407,39.970095677440696,0.03985,39.85,39.85,39.85,39.85,36.5922415840195,36.5922415840195,36.5922415840195,39.970095677440696,39.970095677440696,39.970095677440696,25.867378309861895,10.075885042165417,0.6489782319921851,10.724863274157602,24.772449670225715,18.126993308201353,-2.9293473009863717,15.197646007214981,24.594431756086074,18.148806082882466,-2.8932378389685383,15.255568243913928
2020-02-08,TDOU,-23.08,30.384,630.2,2020,2,8,1865,0.0526550648783821,52.6550648783821,0.0501599245099276,50.1599245099276,0.0507708333333333,50.7708333333333,50.7708333333333,50.7708333333333,50.7708333333333,52.6550648783821,52.6550648783821,52.6550648783821,50.1599245099276,50.1599245099276,50.1599245099276,25.881620757058112,25.627975959156434,1.1454681621675533,26.773444121323987,24.78720987520603,23.674050987545574,1.6986636471759944,25.372714634721568,24.60952847819514,24.42999474686394,1.7313101082742186,26.16130485513816
2020-02-09,TDOU,-23.08,30.384,630.2,2020,2,9,1866,0.0547513809003348,54.7513809003348,0.0529161627545911,52.9161627545911,0.0538416666666666,53.8416666666666,53.8416666666666,53.8416666666666,53.8416666666666,54.7513809003348,54.7513809003348,54.7513809003348,52.9161627545911,52.9161627545911,52.9161627545911,25.888736450442472,28.98699362283872,-0.12434917294639192,28.86264444989233,24.794584482961636,29.273978826157023,-1.15240055452756,28.121578271629463,24.617073460120004,29.059817285492567,0.1647759210540265,29.224593206546594
2020-02-10,TDOU,-23.08,30.384,630.2,2020,2,10,1867,0.0553253277008424,55.3253277008424,0.0540815468226114,54.081546822611394,0.0548333333333333,54.8333333333333,54.8333333333333,54.8333333333333,54.8333333333333,55.3253277008424,55.3253277008424,55.3253277008424,54.081546822611394,54.081546822611394,54.081546822611394,25.8958486540994,30.20171914868065,-0.7722401019376477,29.429479046743,24.80195566294678,29.91243214339763,-0.6328409837330184,29.279591159664612,24.62461643007134,31.008280836056965,-0.7995639327950066,30.20871690326196
2020-02-11,TDOU,-23.08,30.384,630.2,2020,2,11,1868,0.0518329416264723,51.8329416264723,0.0503865470704719,50.38654707047191,0.0500666666666666,50.0666666666666,50.0666666666666,50.0666666666666,50.0666666666666,51.8329416264723,51.8329416264723,51.8329416264723,50.38654707047191,50.38654707047191,50.38654707047191,25.902957513855743,23.85336833376627,2.076615778850286,25.929984112616555,24.8093235897789,24.75196196573212,0.8252615149608928,25.577223480693014,24.632157565001243,23.05560941278142,2.378899688883937,25.434509101665356
2020-02-12,TDOU,-23.08,30.384,630.2,2020,2,12,1869,0.0471321692299552,47.1321692299552,0.0465648100148584,46.5648100148584,0.0460833333333333,46.0833333333333,46.0833333333333,46.0833333333333,46.0833333333333,47.1321692299552,47.1321692299552,47.1321692299552,46.5648100148584,46.5648100148584,46.5648100148584,25.910063174352885,19.687797582176408,1.5343084734259094,21.222106055602318,24.816688436747167,19.429640316932236,2.3184812611789987,21.748121578111235,24.63969703970477,20.826891678645794,0.6167446149827356,21.44363629362853
2020-02-13,TDOU,-23.08,30.384,630.2,2020,2,13,1870,0.0416919587506285,41.6919587506285,0.0396582996353915,39.6582996353915,0.0405875,40.5875,40.5875,40.5875,40.5875,41.6919587506285,41.6919587506285,41.6919587506285,39.6582996353915,39.6582996353915,39.6582996353915,25.91716577678025,18.656667699241137,-2.881874725392887,15.77479297384825,24.82405037407157,17.5503420648497,-2.7160928035297722,14.834249261319929,24.647235024644328,14.995908543257281,0.9443564320983917,15.94026497535567
2020-02-14,TDOU,-23.08,30.384,630.2,2020,2,14,1871,0.0370547844787997,37.0547844787997,0.0336107682841825,33.610768284182505,0.0342625,34.2625,34.2625,34.2625,34.2625,37.0547844787997,37.0547844787997,37.0547844787997,35.6892106515026,33.610768284182505,33.610768284182505,25.924265459770332,11.53926186620349,-0.4087428471741248,11.130519019029364,24.831409568468747,12.401674069337018,-1.5438729863031675,10.857801083033852,24.65477168683173,11.32384715133141,-1.716118838163137,9.607728313168273
2020-02-15,TDOU,-23.08,30.384,630.2,2020,2,15,1872,0.0365364137535584,36.5364137535584,0.0338346211066081,33.8346211066081,0.03465,34.65,34.65,34.65,34.65,36.5364137535584,36.5364137535584,36.5364137535584,33.8346211066081,33.8346211066081,33.8346211066081,25.931362362900185,10.082416742559374,0.5226346480988404,10.605051390658215,24.83876618704735,10.286303953032052,-1.2904490334713081,8.995854919560745,24.662307190610868,11.480682838879982,-1.4929900294908514,9.98769280938913
2020-02-16,TDOU,-23.08,30.384,630.2,2020,2,16,1873,0.0361916073971619,36.1916073971619,0.0356892106515026,35.6892106515026,0.0340416666666666,34.0416666666666,34.0416666666666,34.0416666666666,34.0416666666666,36.1916073971619,36.1916073971619,36.1916073971619,35.6892106515026,35.6892106515026,35.6892106515026,25.938456625313513,9.727429293830065,0.5257214780183261,10.25315077184839,24.846120397352426,10.62140250755513,0.2216877465950411,10.843090254150173,24.669841699982182,8.669217354613998,0.7026076120704197,9.371824966684418
2020-02-17,TDOU,-23.08,30.384,630.2,2020,2,17,1874,0.0310594709335221,31.0594709335221,0.0303422657874543,30.3422657874543,0.0298333333333333,29.8333333333333,29.8333333333333,29.8333333333333,29.8333333333333,31.0594709335221,31.0594709335221,31.0594709335221,30.3422657874543,30.3422657874543,30.3422657874543,25.945548384374074,5.960854076074648,-0.8469315269266211,5.113922549148025,24.853472366550236,6.304081979680215,-0.8152885587761531,5.488793420904063,24.677375378514178,7.329478973652259,-2.173521018833135,5.155957954819122
2020-02-18,TDOU,-23.08,30.384,630.2,2020,2,18,1875,0.0332677276273502,33.267727627350205,0.0284426803195393,28.4426803195393,0.02775,27.75,27.75,27.75,27.75,33.267727627350205,33.267727627350205,33.267727627350205,28.4426803195393,28.4426803195393,28.4426803195393,25.95263777581274,6.280515348319463,1.0345745032180034,7.315089851537465,24.86082226027237,2.712076641312136,0.8697814179547905,3.581858059266928,24.684908387986397,2.0244328722191636,1.0406587397944378,3.065091612013603
2020-02-19,TDOU,-23.08,30.384,630.2,2020,2,19,1876,0.0310883032554226,31.0883032554226,0.0292087369472426,29.2087369472426,0.0289708333333333,28.9708333333333,28.9708333333333,28.9708333333333,28.9708333333333,31.0883032554226,31.0883032554226,31.0883032554226,29.2087369472426,29.2087369472426,29.2087369472426,25.959724934574865,4.072293068241459,1.0562852526062727,5.128578320847733,24.868170242867482,2.2773557584004167,2.0632109459746992,4.340566704375117,24.692440889754042,6.002255205425158,-1.7238627618459006,4.278392443579257
2020-02-21,TDOU,-23.08,30.384,630.2,2020,2,21,1878,0.0504667932996878,50.4667932996878,0.0455942397389105,45.594239738910495,0.0456083333333333,45.6083333333333,45.6083333333333,45.6083333333333,45.6083333333333,50.4667932996878,50.4667932996878,50.4667932996878,45.594239738910495,45.594239738910495,45.594239738910495,25.97389308293851,20.73570034963734,3.75719986711195,24.49290021674929,24.882861116776297,17.067906581837935,3.6434720402962633,20.7113786221342,24.70750500699293,17.642189951515697,3.258638374824674,20.90082832634037
2020-02-22,TDOU,-23.08,30.384,630.2,2020,2,22,1879,0.0483533523059724,48.3533523059724,0.0489661656572366,48.966165657236594,0.0475416666666666,47.5416666666666,47.5416666666666,47.5416666666666,47.5416666666666,48.3533523059724,48.3533523059724,48.3533523059724,48.966165657236594,48.966165657236594,48.966165657236594,25.980974330641548,20.945091088949145,1.427286886381708,22.372377975330853,24.89020431729288,21.945738660155683,2.13022267978803,24.075961339943714,24.71503693712351,20.319877444488032,2.5067522850550574,22.82662972954309
2020-02-23,TDOU,-23.08,30.384,630.2,2020,2,23,1880,0.0480061486257283,48.0061486257283,0.0489579699540887,48.9579699540887,0.0491083333333333,49.108333333333306,49.108333333333306,49.108333333333306,49.108333333333306,48.0061486257283,48.0061486257283,48.0061486257283,48.9579699540887,48.9579699540887,48.9579699540887,25.988053859890993,19.389980423751002,2.628114342086306,22.018094765837308,24.897546223947817,21.926198498746015,2.134225231394872,24.060423730140887,24.72256898452909,22.195348346803637,2.1904160020005783,24.385764348804216
2020-02-24,TDOU,-23.08,30.384,630.2,2020,2,24,1881,0.0388119363958833,38.81193639588329,0.0412612357684002,41.2612357684002,0.0394708333333333,39.4708333333333,39.4708333333333,39.4708333333333,39.4708333333333,38.81193639588329,38.81193639588329,38.81193639588329,41.2612357684002,41.2612357684002,41.2612357684002,25.995131790628704,15.654183676045179,-2.8373790707905897,12.816804605254589,24.904886978991982,16.92418839161006,-0.5678396022018433,16.356348789408216,24.730101295327202,17.192434478826893,-2.4517024408207924,14.7407320380061
2020-02-25,TDOU,-23.08,30.384,630.2,2020,2,25,1882,0.0214717776342851,21.4717776342851,0.0203224904752403,20.3224904752403,0.0171541666666666,17.154166666666598,17.154166666666598,17.154166666666598,17.154166666666598,21.4717776342851,21.4717776342851,21.4717776342851,20.3224904752403,20.3224904752403,20.3224904752403,26.002208240147727,29.479051749875968,-34.0094823557386,-4.530430605862627,24.91222672142038,28.41819190649427,-33.00792815267435,-4.589736246180081,24.7376340123121,30.354351038755254,-37.93781838440076,-7.583467345645502
2020-02-26,TDOU,-23.08,30.384,630.2,2020,2,26,1883,0.0185553287805873,18.5553287805873,0.0205081878312191,20.5081878312191,0.0180583333333333,18.0583333333333,18.0583333333333,18.0583333333333,18.0583333333333,18.5553287805873,18.5553287805873,18.5553287805873,20.5081878312191,20.5081878312191,20.5081878312191,26.009283326825294,-7.249529360361688,-0.20442518587630687,-7.453954546237995,24.919565589202865,-4.145480569291754,-0.26589718869201207,-4.4113777579837645,24.745167278460222,-6.801504230980273,0.11467028585335015,-6.686833945126921
2020-02-27,TDOU,-23.08,30.384,630.2,2020,2,27,1884,0.0186797431636607,18.679743163660703,0.0186152345737099,18.615234573709905,0.0183125,18.3125,18.3125,18.3125,18.3125,32.803686022875794,18.679743163660703,18.679743163660703,18.615234573709905,18.615234573709905,18.615234573709905,26.01635716894389,10.373647613524788,-3.586318759592885,6.787328853931903,24.92690371944605,-5.288159436938553,-1.0235097087975902,-6.311669145736143,24.75270123583751,-6.144372875665436,-0.2958283601720737,-6.44020123583751
2020-02-28,TDOU,-23.08,30.384,630.2,2020,2,28,1885,0.0328036860228758,32.803686022875794,0.0308184910447068,30.8184910447068,0.0334666666666666,33.466666666666605,33.466666666666605,33.466666666666605,33.466666666666605,32.803686022875794,32.803686022875794,32.803686022875794,30.8184910447068,30.8184910447068,30.8184910447068,26.02342988495305,11.129572892712716,-4.349316754789971,6.780256137922745,24.934241248678987,10.46239985374159,-4.578150057713778,5.884249796027813,24.76023602511095,13.045796725196379,-4.339366083640723,8.706430641555656
2020-02-29,TDOU,-23.08,30.384,630.2,2020,2,29,1886,0.0377236148573918,37.7236148573918,0.0388985160109128,38.8985160109128,0.0377708333333333,37.7708333333333,37.7708333333333,37.7708333333333,37.7708333333333,37.7236148573918,37.7236148573918,37.7236148573918,38.8985160109128,38.8985160109128,38.8985160109128,26.03050159623259,15.160110549660528,-3.466997288501318,11.693113261159212,24.941578314189872,17.901972086616766,-3.945034389893838,13.956937696722928,24.767771786666177,16.707443507162196,-3.7043819604950734,13.003061546667123
2020-03-01,TDOU,-23.08,30.384,630.2,2020,3,1,1887,0.0349616066192162,34.9616066192162,0.0345328182563577,34.5328182563577,0.033425,33.425000000000004,33.425000000000004,33.425000000000004,33.425000000000004,34.9616066192162,34.9616066192162,34.9616066192162,34.5328182563577,34.5328182563577,34.5328182563577,26.037572427967607,12.15660398256459,-3.232569791315999,8.924034191248591,24.948915056576187,13.104075527961088,-3.520172328179573,9.583903199781513,24.7753086635949,12.02070546460838,-3.3710141282032744,8.649691336405105
2020-03-02,TDOU,-23.08,30.384,630.2,2020,3,2,1888,0.0383218156309864,38.3218156309864,0.0383995907117546,38.3995907117546,0.0367833333333333,36.7833333333333,36.7833333333333,36.7833333333333,36.7833333333333,38.3218156309864,38.3218156309864,38.3218156309864,38.3995907117546,38.3995907117546,38.3995907117546,26.044642508600095,17.737740157083323,-5.460567034697018,12.277173122386305,24.95625161985404,16.974631208375293,-3.5312921164747344,13.443339091900558,24.78284680193747,16.551199268893175,-4.550712737497342,12.000486531395833
2020-03-03,TDOU,-23.08,30.384,630.2,2020,3,3,1889,0.0372653558851253,37.2653558851253,0.0376645424466905,37.6645424466905,0.0371499999999999,37.1499999999999,37.1499999999999,37.1499999999999,37.1499999999999,37.2653558851253,37.2653558851253,37.2653558851253,37.6645424466905,37.6645424466905,37.6645424466905,26.051711969754074,17.065610400052865,-5.851966484681636,11.213643915371229,24.963588151012846,18.227915738657053,-5.5269614429794025,12.70095429567765,24.790386350470214,16.97542822230578,-4.615814572776095,12.359613649529685
2020-03-04,TDOU,-23.08,30.384,630.2,2020,3,4,1890,0.028075198049194,28.075198049194,0.0259976663967561,25.9976663967561,0.0239791666666666,23.9791666666666,23.9791666666666,23.9791666666666,23.9791666666666,28.075198049194,28.075198049194,28.075198049194,25.9976663967561,25.9976663967561,25.9976663967561,26.058780947311348,24.237482114041367,-22.221065012158714,2.016417101882652,24.97092480013282,24.389693851938755,-23.362952255315477,1.0267415966232782,24.7979274612739,27.191947167369133,-28.010707961976433,-0.8187607946073001
2020-03-05,TDOU,-23.08,30.384,630.2,2020,3,5,1891,0.0214230436607948,21.4230436607948,0.020302268347868,20.302268347868,0.0192125,19.2125,19.2125,19.2125,19.2125,21.4230436607948,21.4230436607948,21.4230436607948,20.302268347868,20.302268347868,20.302268347868,26.065849580779343,22.138329989831455,-26.781135909815998,-4.642805919984543,24.97826172038885,24.53317693400975,-29.2091703065306,-4.67599337252085,24.805470289025006,24.27247957210686,-29.865449861131868,-5.592970289025008
2020-03-06,TDOU,-23.08,30.384,630.2,2020,3,6,1892,0.0237327203681951,23.732720368195103,0.0219208390011675,21.9208390011675,0.0227416666666666,22.7416666666666,22.7416666666666,22.7416666666666,22.7416666666666,23.732720368195103,23.732720368195103,23.732720368195103,21.9208390011675,21.9208390011675,21.9208390011675,26.072918009444265,1.329527540468962,-3.6697251817181247,-2.340197641249162,24.985599064515654,1.493019813273254,-4.557779876621407,-3.064760063348153,24.813014987623347,18.545028611802987,-20.616376932759735,-2.071348320956748
2020-03-07,TDOU,-23.08,30.384,630.2,2020,3,7,1893,0.0301286799270702,30.1286799270702,0.0296912984711834,29.6912984711834,0.029975,29.975,29.975,29.975,29.975,30.1286799270702,30.1286799270702,30.1286799270702,29.6912984711834,29.6912984711834,29.6912984711834,26.07998637212445,4.176893386162144,-0.12819983121639567,4.04869355494575,24.992936984716824,4.2639629304951985,0.4343985559713808,4.6983614864665775,24.820561709384553,8.335123560839612,-3.1806852702241635,5.154438290615449
2020-03-08,TDOU,-23.08,30.384,630.2,2020,3,8,1894,0.0279328860984938,27.9328860984938,0.0250757302223128,25.0757302223128,0.0242583333333333,24.258333333333297,24.258333333333297,24.258333333333297,24.258333333333297,27.9328860984938,27.9328860984938,27.9328860984938,25.0757302223128,25.0757302223128,25.0757302223128,26.0870548092746,4.862198228998697,-3.0163669397794983,1.8458312892191984,25.000275635033784,3.588389972967407,-3.5129353856883903,0.07545458727901533,24.82811060569562,3.5196020896547777,-4.089379362017102,-0.5697772723623231
2020-03-09,TDOU,-23.08,30.384,630.2,2020,3,9,1895,0.0262782041716963,26.2782041716963,0.02457546666432,24.57546666432,0.0222666666666666,22.2666666666666,22.2666666666666,22.2666666666666,22.2666666666666,26.2782041716963,26.2782041716963,26.2782041716963,24.57546666432,24.57546666432,24.57546666432,26.094123461550105,6.049942197692323,-5.865861487546127,0.1840807101461941,25.007615169257594,5.678518472245435,-6.11066697718303,-0.4321485049375937,24.835661829626392,3.2636101364076873,-5.832605299367479,-2.5689951629597907
2020-03-10,TDOU,-23.08,30.384,630.2,2020,3,10,1896,0.0267268239356426,26.7268239356426,0.0251187649751927,25.1187649751927,0.0233833333333333,23.3833333333333,28.25,23.3833333333333,23.3833333333333,26.7268239356426,26.7268239356426,26.7268239356426,25.1187649751927,25.1187649751927,25.1187649751927,26.10119247172079,2.9781491298112766,-2.3525176658894686,0.6256314639218097,25.014955743347766,2.0709427495868726,-1.9671335177419387,0.1038092318449344,24.8432155372505,5.542041033857184,-2.1352565711076856,3.406784462749499
2020-03-11,TDOU,-23.08,30.384,630.2,2020,3,11,1897,0.0285997387584923,28.5997387584923,0.0270011649429689,27.0011649429689,0.02825,28.25,28.25,28.25,28.25,28.5997387584923,28.5997387584923,28.5997387584923,27.0011649429689,27.0011649429689,27.0011649429689,26.10826198610987,5.620865609760523,-3.129388837378091,2.4914767723824305,25.022297516775176,5.544290284661481,-3.565422858467759,1.9788674261937231,24.850771887957336,6.175418991276633,-2.776190879233969,3.399228112042664
2020-03-12,TDOU,-23.08,30.384,630.2,2020,3,12,1898,0.0320012896568273,32.0012896568273,0.029686610957516,29.686610957516,0.0312833333333333,31.283333333333303,31.283333333333303,31.283333333333303,31.283333333333303,32.0012896568273,32.0012896568273,32.0012896568273,29.686610957516,29.686610957516,29.686610957516,26.115332153129696,8.393205290971844,-2.5072477872742347,5.8859575036976075,25.029640650721863,6.626676552682288,-1.9697062458881511,4.656970306794136,24.85833104263096,7.617977010495221,-1.192974719792879,6.425002290702341
2020-03-13,TDOU,-23.08,30.384,630.2,2020,3,13,1899,0.0359015373509719,35.9015373509719,0.0300447671777689,30.0447671777689,0.0303541666666666,30.3541666666666,30.3541666666666,30.3541666666666,30.3541666666666,35.9015373509719,35.9015373509719,35.9015373509719,30.0447671777689,30.0447671777689,30.0447671777689,26.122403123195667,11.828363840546311,-2.049229612770077,9.779134227776233,25.03698530829869,7.4301471992666,-2.4223653297963885,5.007781869470211,24.86589316327154,6.972735518906576,-1.4844620155115145,5.48827350339506
2020-03-14,TDOU,-23.08,30.384,630.2,2020,3,14,1900,0.0387142713591628,38.7142713591628,0.0352855107576564,35.285510757656404,0.0343,34.3,34.3,34.3,34.3,38.7142713591628,38.7142713591628,38.7142713591628,33.4544469523008,35.285510757656404,35.285510757656404,26.129475048311843,13.916802951819202,-1.3320066409682418,12.584796310850958,25.044331653760587,11.80969549776913,-3.399580199228918,8.410115298540212,24.87345841196423,12.407206417341376,-2.98066482930561,9.426541588035768
2020-03-15,TDOU,-23.08,30.384,630.2,2020,3,15,1901,0.0371941488286798,37.1941488286798,0.0336861125764546,33.6861125764546,0.0339416666666666,33.9416666666666,33.9416666666666,33.9416666666666,33.9416666666666,37.1941488286798,37.1941488286798,37.1941488286798,33.6861125764546,33.6861125764546,33.6861125764546,26.136548081459484,14.362940502196619,-3.305339754976302,11.057600747220317,25.05167985270038,12.298207138221155,-3.663774414466939,8.634432723754216,24.88102695108498,13.011485743570603,-3.950846027988984,9.060639715581619
2020-03-16,TDOU,-23.08,30.384,630.2,2020,3,16,1902,0.0371932003394378,37.1932003394378,0.0335657750746127,33.565775074612695,0.0347458333333333,34.7458333333333,34.7458333333333,34.7458333333333,34.7458333333333,37.1932003394378,37.1932003394378,37.1932003394378,33.565775074612695,33.565775074612695,33.565775074612695,26.143622376306002,14.109188274477635,-3.0596103113458355,11.0495779631318,25.05903007280327,11.44338357041369,-2.936638568604266,8.506745001809424,24.88859894458977,13.903372297176388,-4.046137908432858,9.857234388743532
2020-03-17,TDOU,-23.08,30.384,630.2,2020,3,17,1903,0.0362681339177663,36.2681339177663,0.0334544469523008,33.4544469523008,0.0347,34.7,34.7,34.7,34.7,36.2681339177663,36.2681339177663,36.2681339177663,33.4544469523008,33.4544469523008,33.4544469523008,26.150698088420267,13.364308410312342,-3.2468725809663077,10.117435829346032,25.06638248400968,12.75106830245453,-4.363003834163411,8.38806446829112,24.896174558870527,14.780690319522533,-4.976864878393059,9.803825441129476
2020-03-18,TDOU,-23.08,30.384,630.2,2020,3,18,1904,0.0373296902569842,37.3296902569842,0.035356379788885,35.356379788885,0.0365041666666666,36.5041666666666,34.7,36.5041666666666,36.5041666666666,37.3296902569842,37.3296902569842,37.3296902569842,33.565775074612695,35.356379788885,35.356379788885,26.157775375452157,15.534170227815864,-4.3622553462838205,11.171914881532043,25.073737258259726,13.859251863772544,-5.367214047419573,8.492037816352969,24.903753963018392,14.164764961125405,-4.368518924143796,9.79624603698161
2020-03-19,TDOU,-23.08,30.384,630.2,2020,3,19,1905,0.0369411376485745,36.9411376485745,0.0364374830973694,36.4374830973694,0.0363125,36.3125,36.3125,36.3125,36.3125,36.9411376485745,36.9411376485745,36.9411376485745,36.4374830973694,36.4374830973694,36.4374830973694,26.16485439732587,13.277448647171354,-2.501165395922726,10.776283251248628,25.081094570303,13.41946241439113,-2.0630738873247303,11.3563885270664,24.911337329170106,14.099819046180642,-2.6986563753507475,11.401162670829894
2020-03-20,TDOU,-23.08,30.384,630.2,2020,3,20,1906,0.0330812406124128,33.0812406124128,0.0312674942136621,31.2674942136621,0.0303458333333333,30.3458333333333,30.3458333333333,30.3458333333333,30.3458333333333,33.0812406124128,33.0812406124128,33.0812406124128,31.2674942136621,31.2674942136621,31.2674942136621,26.17193531656957,10.816064574319736,-3.906759278476507,6.909305295843229,25.088454597828306,11.140975229135611,-4.961935613301815,6.179039615833794,24.918924832016476,9.702710118641232,-4.275801617324408,5.426908501316824
2020-03-21,TDOU,-23.08,30.384,630.2,2020,3,21,1907,0.0329097040914156,32.909704091415605,0.032727306709646,32.727306709646,0.0338458333333333,33.845833333333296,33.845833333333296,33.845833333333296,33.845833333333296,32.909704091415605,32.909704091415605,32.909704091415605,32.727306709646,32.727306709646,32.727306709646,26.17901829751823,10.5213051153487,-3.7906193214513237,6.730685793897376,25.095817520034945,13.433771775743827,-5.8022825861327725,7.631489189611056,24.926516647907455,11.784984308366052,-2.8656676229402116,8.91931668542584
2020-03-22,TDOU,-23.08,30.384,630.2,2020,3,22,1908,0.0299265878107764,29.9265878107764,0.0291406173933627,29.1406173933627,0.0300166666666666,30.0166666666666,30.0166666666666,30.0166666666666,30.0166666666666,32.909704091415605,29.9265878107764,29.9265878107764,29.1406173933627,29.1406173933627,29.1406173933627,26.186103506860235,9.862636405341211,-3.1390358207858426,6.723600584555371,25.103183518946757,8.333145769268375,-4.295711894852431,4.037433874415942,24.93411295531467,8.713710212940041,-3.631156501588112,5.082553711351931
2020-03-23,TDOU,-23.08,30.384,630.2,2020,3,23,1909,0.0324058429368711,32.405842936871096,0.0317100844711944,31.710084471194403,0.0331333333333333,33.1333333333333,33.1333333333333,33.1333333333333,33.1333333333333,32.405842936871096,32.405842936871096,32.405842936871096,31.710084471194403,31.710084471194403,31.710084471194403,26.193191113651224,9.302016638932272,-3.0893648157124005,6.212651823219872,25.11055277994281,9.831820148955964,-3.2322884577043745,6.599531691251592,24.94171393430826,10.867110856276339,-2.6754914572513044,8.191619399025036
2020-03-24,TDOU,-23.08,30.384,630.2,2020,3,24,1910,0.0332521671957763,33.252167195776295,0.0358319789534861,35.8319789534861,0.03585,35.85,35.85,35.85,35.85,33.252167195776295,33.252167195776295,33.252167195776295,35.8319789534861,35.8319789534861,35.8319789534861,26.20028128884983,10.002086303902068,-2.950200396975603,7.051885906926465,25.117925490974123,11.69493460811611,-0.9808811456041333,10.714053462511977,24.949319766644713,12.030214995264295,-1.1295347619090066,10.900680233355288
2020-03-25,TDOU,-23.08,30.384,630.2,2020,3,25,1911,0.0296948185535762,29.6948185535762,0.0297335494394178,29.7335494394178,0.0310625,31.0625,31.0625,31.0625,31.0625,29.6948185535762,29.6948185535762,29.6948185535762,29.7335494394178,29.7335494394178,29.7335494394178,26.207374205130286,6.877159730920169,-3.389715382474254,3.4874443484459157,25.125301841336356,5.653580404637576,-1.0453328065561323,4.608247598081444,24.95693063496571,9.044881216802736,-2.9393118517684442,6.105569365034292
2020-03-26,TDOU,-23.08,30.384,630.2,2020,3,26,1912,0.0336588321150161,33.658832115016104,0.0270981162441326,27.0981162441326,0.0301041666666666,30.1041666666666,30.1041666666666,30.1041666666666,30.1041666666666,33.658832115016104,33.658832115016104,33.658832115016104,27.0981162441326,27.0981162441326,27.0981162441326,26.21447003681957,10.844609339946508,-3.400247261749975,7.444362078196534,25.132682019899978,2.6038593817684026,-0.638425157535778,1.9654342242326237,24.964546721831745,8.305080546691354,-3.1654606018564984,5.139619944834855
2020-03-27,TDOU,-23.08,30.384,630.2,2020,3,27,1913,0.0382851808559655,38.2851808559655,0.0391569079887765,39.1569079887765,0.0389291666666666,38.9291666666666,38.9291666666666,38.9291666666666,38.9291666666666,38.2851808559655,38.2851808559655,38.2851808559655,39.1569079887765,39.1569079887765,39.1569079887765,26.221568960119452,13.424214409923438,-1.3606025140773887,12.063611895846048,25.14006621469195,13.64864110105416,0.36820067303039394,14.016841774084554,24.972168210782005,13.943854640558751,0.013143815325847186,13.956998455884598
2020-03-28,TDOU,-23.08,30.384,630.2,2020,3,28,1914,0.0287546197937382,28.7546197937382,0.028636088002216,28.636088002216,0.0277291666666666,27.7291666666666,27.7291666666666,27.7291666666666,27.7291666666666,28.7546197937382,28.7546197937382,28.7546197937382,28.636088002216,28.636088002216,28.636088002216,26.228671152793275,6.2485642286624214,-3.7226155877174953,2.525948640944925,25.14745461241614,6.7114675971508895,-3.222834207351031,3.4886333897998583,24.979795286198595,6.316560746275048,-3.5671893658070424,2.7493713804680056
2020-03-29,TDOU,-23.08,30.384,630.2,2020,3,29,1915,0.023704622622873,23.704622622873,0.0211968395708046,21.1968395708046,0.0224291666666666,22.4291666666666,22.4291666666666,22.4291666666666,22.4291666666666,33.658832115016104,23.704622622873,23.704622622873,21.1968395708046,21.1968395708046,21.1968395708046,26.235776793140122,11.86844404395797,-4.44538872208199,7.423055321875982,25.154847398280932,-2.510117496983958,-1.447890330492374,-3.958007827476333,24.987428131653438,5.774937457692647,-8.333198922679486,-2.5582614649868383
2020-03-30,TDOU,-23.08,30.384,630.2,2020,3,30,1916,0.0259412573054982,25.9412573054982,0.0248662091057006,24.8662091057006,0.0254916666666666,25.4916666666666,25.4916666666666,25.4916666666666,25.4916666666666,33.6595599528599,25.9412573054982,25.9412573054982,24.8662091057006,24.8662091057006,24.8662091057006,26.24288606131627,9.430131166851925,-2.013457275308294,7.416673891543631,25.162244758146386,6.216185032108067,-6.512220684553853,-0.29603565244578434,24.995066932260304,4.568452332749871,-4.071852598343575,0.49659973440629557
2020-04-01,TDOU,-23.08,30.384,630.2,2020,4,1,1918,0.0336595599528599,33.6595599528599,0.0309641392517907,30.9641392517907,0.0365958333333333,36.5958333333333,36.5958333333333,36.5958333333333,36.5958333333333,33.6595599528599,33.6595599528599,33.6595599528599,30.9641392517907,30.9641392517907,30.9641392517907,26.2571162117908,11.378017993619148,-3.9755742525500466,7.402443741069099,25.177053949263144,11.442169791612898,-5.65508448908534,5.787085302527558,25.010363154256698,15.169804677548205,-3.584334498471602,11.585470179076605
2020-04-02,TDOU,-23.08,30.384,630.2,2020,4,2,1919,0.0341689810796172,34.168981079617204,0.0345378217475963,34.537821747596304,0.031675,31.675,31.675,31.675,31.675,34.168981079617204,34.168981079617204,34.168981079617204,34.537821747596304,34.537821747596304,34.537821747596304,26.264237462996665,12.071360146099877,-4.166616529479338,7.904743616620539,25.18446616344804,12.677679478197378,-3.3243238940491118,9.353355584148265,25.018020955666277,9.926709031414502,-3.269729987080776,6.656979044333724
2020-04-03,TDOU,-23.08,30.384,630.2,2020,4,3,1920,0.0338971997213978,33.8971997213978,0.0349531517290784,34.9531517290784,0.0353375,35.3375,35.3375,35.3375,35.3375,33.8971997213978,33.8971997213978,33.8971997213978,34.9531517290784,34.9531517290784,34.9531517290784,26.271363080998366,12.792519589742191,-5.166682949342761,7.625836640399431,25.191883717467647,12.40778891205004,-2.6465209004392882,9.761268011610753,25.025685471586566,12.724415292890296,-2.4126007644768634,10.311814528413432
2020-04-04,TDOU,-23.08,30.384,630.2,2020,4,4,1921,0.0330385525397688,33.0385525397688,0.0372937496985615,37.2937496985615,0.0357333333333333,35.7333333333333,35.7333333333333,35.7333333333333,35.7333333333333,33.0385525397688,33.0385525397688,33.0385525397688,37.2937496985615,37.2937496985615,37.2937496985615,26.278493255912196,12.252351119255882,-5.4922918353992785,6.760059283856606,25.19930680935147,12.438973783230692,-0.3445308940206644,12.094442889210029,25.033356894334442,12.423873048847199,-1.7238966098483424,10.699976438998856
2020-04-05,TDOU,-23.08,30.384,630.2,2020,4,5,1922,0.0232886331444044,23.2886331444044,0.0246046925979404,24.6046925979404,0.0239666666666666,23.9666666666666,23.9666666666666,23.9666666666666,23.9666666666666,23.2886331444044,23.2886331444044,23.2886331444044,24.6046925979404,24.6046925979404,24.6046925979404,26.285628180754127,19.86360412322422,-22.860599159573948,-2.996995036349727,25.206735637662593,23.64958873967532,-24.251631779397513,-0.6020430397221936,25.041035416826283,24.223754847061407,-25.29812359722109,-1.0743687501596817
2020-04-06,TDOU,-23.08,30.384,630.2,2020,4,6,1923,0.018643744858051,18.643744858051,0.0195793261045687,19.579326104568697,0.0193208333333333,19.3208333333333,19.3208333333333,19.3208333333333,19.3208333333333,18.643744858051,18.643744858051,18.643744858051,19.579326104568697,19.579326104568697,19.579326104568697,26.29276805076037,17.862074413956496,-25.511097606665864,-7.649023192709368,25.214170399628298,19.08181390796085,-24.71665820302045,-5.634844295059601,25.04872123161619,17.507333213235267,-23.235221111518157,-5.727887898282891
2020-04-07,TDOU,-23.08,30.384,630.2,2020,4,7,1924,0.0252876466833229,25.287646683322897,0.0195109312600002,19.5109312600002,0.0220791666666666,22.0791666666666,22.0791666666666,22.0791666666666,22.0791666666666,25.287646683322897,25.287646683322897,25.287646683322897,19.5109312600002,19.5109312600002,19.5109312600002,26.299913059973957,21.847466488462473,-22.859732865113532,-1.0122663766510591,25.22161129047876,25.360934283791817,-31.071614314270377,-5.71068003047856,25.05641452947671,23.66084238165877,-26.63809024446888,-2.97724786281011
2020-04-08,TDOU,-23.08,30.384,630.2,2020,4,8,1925,0.0357985890788683,35.7985890788683,0.0338733260597322,33.8733260597322,0.0340083333333333,34.0083333333333,34.0083333333333,34.0083333333333,34.0083333333333,35.7985890788683,35.7985890788683,35.7985890788683,33.8733260597322,33.8733260597322,33.8733260597322,26.30706340041511,13.303806917269602,-3.812281238816418,9.491525678453186,25.229058503413075,13.711515575113328,-5.067248018794203,8.644267556319125,25.064115499102495,12.938383679626915,-3.9941658453961146,8.944217834230802
2020-04-09,TDOU,-23.08,30.384,630.2,2020,4,9,1926,0.0348589513120054,34.8589513120054,0.033215653703332,33.215653703332,0.0331916666666666,33.1916666666666,33.1916666666666,33.1916666666666,33.1916666666666,34.8589513120054,34.8589513120054,34.8589513120054,33.215653703332,33.215653703332,33.215653703332,26.31421926278154,12.238461331733118,-3.6937292825092563,8.544732049223864,25.236512230456984,11.625076501648294,-3.645935028773277,7.979141472875018,25.071824327840194,11.320306802174516,-3.2004644633481085,8.119842338826405
2020-04-10,TDOU,-23.08,30.384,630.2,2020,4,10,1927,0.0289879670054016,28.9879670054016,0.0294990079023246,29.4990079023246,0.0288208333333333,28.820833333333297,28.820833333333297,28.820833333333297,28.820833333333297,28.9879670054016,28.9879670054016,28.9879670054016,29.4990079023246,29.4990079023246,29.4990079023246,26.3213808391058,6.298439413462945,-3.631853247167143,2.666586166295801,25.24397266558554,8.538946539049801,-4.283911302310745,4.255035236739058,25.07954120436071,6.6865477346278315,-2.945255605655241,3.7412921289725887
2020-04-11,TDOU,-23.08,30.384,630.2,2020,4,11,1928,0.0249632504963107,24.9632504963107,0.0279668756088393,27.9668756088393,0.0282708333333333,28.2708333333333,28.2708333333333,28.2708333333333,28.2708333333333,24.9632504963107,24.9632504963107,24.9632504963107,27.9668756088393,27.9668756088393,27.9668756088393,26.328548323320256,1.1678857671292295,-2.5331835941387837,-1.365297827009556,25.251440004885396,7.458996041007663,-4.743560437053759,2.715435603953903,25.087266318828867,9.061728395718497,-5.878161381214063,3.1835670145044332
2020-04-12,TDOU,-23.08,30.384,630.2,2020,4,12,1929,0.0224277719837262,22.4277719837262,0.0231493154573916,23.1493154573916,0.0243208333333333,24.320833333333297,29.0333333333333,24.320833333333297,24.320833333333297,22.4277719837262,22.4277719837262,22.4277719837262,23.1493154573916,23.1493154573916,23.1493154573916,26.33572191099599,-0.42052697763884594,-3.4874229496309432,-3.90794992726979,25.258914446746033,1.3390353009231377,-3.4486342902775675,-2.1095989893544314,25.094999862958677,6.780585768669279,-2.8422522982946568,3.938333470374623
2020-04-13,TDOU,-23.08,30.384,630.2,2020,4,13,1930,0.0279133148089776,27.9133148089776,0.0258607036509634,25.8607036509634,0.0290333333333333,29.0333333333333,29.0333333333333,29.0333333333333,29.0333333333333,27.9133148089776,27.9133148089776,27.9133148089776,25.8607036509634,25.8607036509634,25.8607036509634,26.342901798767407,2.020384361497081,-0.4499713512868908,1.570413010210192,25.266396191961043,1.4120760428384664,-0.8177685838361093,0.5943074590023585,25.10274203099463,6.399922885618429,-2.469331583279761,3.9305913023386694
2020-04-14,TDOU,-23.08,30.384,630.2,2020,4,14,1931,0.0328562146846769,32.8562146846769,0.028767393021734,28.767393021734,0.0301125,30.1125,30.1125,30.1125,30.1125,32.8562146846769,32.8562146846769,32.8562146846769,28.767393021734,28.767393021734,28.767393021734,26.350088184234195,5.9054692819066785,0.6006572185360248,6.506126500442704,25.273885442608247,3.5726512788235607,-0.07914369969780566,3.4935075791257546,25.110493018487485,5.791598356939315,-0.7895913754267987,5.002006981512515
2020-04-15,TDOU,-23.08,30.384,630.2,2020,4,15,1932,0.0356831172644091,35.6831172644091,0.0332340464942352,33.234046494235194,0.0335875,33.5875,33.5875,33.5875,33.5875,35.6831172644091,35.6831172644091,35.6831172644091,33.234046494235194,33.234046494235194,33.234046494235194,26.35728126379158,9.824456943354946,-0.4986209427374284,9.325836000617517,25.281382399901773,8.998022533564232,-1.0453584392308102,7.9526640943334215,25.1182530213577,7.472391315719213,0.9968556629230854,8.4692469786423
2020-04-16,TDOU,-23.08,30.384,630.2,2020,4,16,1933,0.0356784704645141,35.6784704645141,0.0328134874784782,32.813487478478194,0.0351875,35.1875,35.1875,35.1875,35.1875,35.6784704645141,35.6784704645141,35.6784704645141,32.813487478478194,32.813487478478194,32.813487478478194,26.364481231528355,8.754789052457875,0.5592001805278706,9.313989232985744,25.288887263375667,5.802103324889211,1.7224968902133178,7.524600215102527,25.12602223427452,8.855632963610867,1.2058448021146155,10.061477765725481
2020-04-17,TDOU,-23.08,30.384,630.2,2020,4,17,1934,0.0352481479898807,35.2481479898807,0.0335258352662932,33.5258352662932,0.0328,32.800000000000004,32.800000000000004,32.800000000000004,32.800000000000004,35.2481479898807,35.2481479898807,35.2481479898807,33.5258352662932,33.5258352662932,33.5258352662932,26.371688279704347,7.845063818989135,1.0313958911872163,8.876459710176352,25.296400230980044,6.9257022341256596,1.303732801187497,8.229435035313156,25.133800848973248,7.504385841797159,0.16181330922959702,7.666199151026756
2020-04-18,TDOU,-23.08,30.384,630.2,2020,4,18,1935,0.0308427302493323,30.8427302493323,0.0298979080440978,29.8979080440978,0.0281375,28.1375,28.1375,28.1375,28.1375,30.8427302493323,30.8427302493323,30.8427302493323,29.8979080440978,29.8979080440978,29.8979080440978,26.37890259809033,4.528614464189355,-0.06478681294738564,4.463827651241967,25.30392149728122,4.5816940248141025,0.01229252200247899,4.593986546816581,25.14158905400353,4.079068950516575,-1.0831580045201044,2.995910945996471
2020-04-19,TDOU,-23.08,30.384,630.2,2020,4,19,1936,0.025436910980331,25.436910980331,0.0262029321966826,26.2029321966826,0.0254416666666666,25.4416666666666,25.4416666666666,25.4416666666666,25.4416666666666,25.436910980331,25.436910980331,25.436910980331,26.2029321966826,26.2029321966826,26.2029321966826,26.386124373653374,0.35134849144311986,-1.300561884765493,-0.9492133933223741,25.311451253539065,0.7230418193335656,0.16843912380996784,0.8914809431435344,25.14938703576931,0.9649435004793898,-0.6726638695820988,0.2922796308972906
2020-04-20,TDOU,-23.08,30.384,630.2,2020,4,20,1937,0.02114032102821,21.14032102821,0.0186352703845805,18.635270384580497,0.0174291666666666,17.4291666666666,17.4291666666666,17.4291666666666,17.4291666666666,24.4923086280256,21.14032102821,21.14032102821,22.3295360798188,18.635270384580497,18.635270384580497,26.393353791581575,0.33719675701468055,-2.2382419205706547,-1.901045163555974,25.31898968878198,-1.1056925230292611,-1.8837610859339158,-2.989453608963178,25.15719497962903,-5.447376010021476,-2.280652302940954,-7.728028312962429
2020-04-21,TDOU,-23.08,30.384,630.2,2020,4,21,1938,0.0228759833189768,22.8759833189768,0.0197245038781862,19.7245038781862,0.0185875,18.5875,18.5875,18.5875,18.5875,22.8759833189768,22.8759833189768,22.8759833189768,19.7245038781862,19.7245038781862,19.7245038781862,26.40059103662307,-1.5966541533149714,-1.9279535643312968,-3.524607717646269,25.326536990345936,-3.4520425877338994,-2.149990524425835,-5.602033112159734,25.165013070132662,-4.624136000296436,-1.953377069836229,-6.577513070132664
2020-04-22,TDOU,-23.08,30.384,630.2,2020,4,22,1939,0.0234021647013736,23.4021647013736,0.0216232953556059,21.6232953556059,0.0226916666666666,22.6916666666666,22.6916666666666,22.6916666666666,22.6916666666666,23.4021647013736,23.4021647013736,23.4021647013736,21.6232953556059,21.6232953556059,21.6232953556059,26.40783629394422,-1.890211744579061,-1.1154598479915592,-3.0056715925706214,25.33409334545433,-2.580288670285788,-1.1305093195626412,-3.7107979898484302,25.17284149207578,-1.1733424042096767,-1.3078324211995032,-2.4811748254091803
2020-04-23,TDOU,-23.08,30.384,630.2,2020,4,23,1940,0.0244923086280256,24.4923086280256,0.0223295360798188,22.3295360798188,0.0236541666666666,23.6541666666666,23.6541666666666,23.6541666666666,23.6541666666666,24.4923086280256,24.4923086280256,24.4923086280256,22.3295360798188,22.3295360798188,22.3295360798188,26.415089748926043,-1.4804276443245556,-0.4423534765758852,-1.9227811209004422,25.34165894160452,-2.8263307400822244,-0.18579212170349635,-3.01212286178572,25.18068043044472,-0.03756881839873767,-1.4889449453793802,-1.5265137637781194
2020-04-24,TDOU,-23.08,30.384,630.2,2020,4,24,1941,0.0225671329487393,22.5671329487393,0.0223006400481948,22.3006400481948,0.0199583333333333,19.9583333333333,19.9583333333333,19.9583333333333,19.9583333333333,22.5671329487393,22.5671329487393,22.5671329487393,22.3006400481948,22.3006400481948,22.3006400481948,26.422351586392214,-1.3096059835516554,-2.5456126541012587,-3.8552186376529143,25.34923396569598,-0.9973635948513871,-2.0512303226497934,-3.0485939175011794,25.1885300699257,-2.0865728610315193,-3.1436238755608805,-5.230196736592401
2020-04-25,TDOU,-23.08,30.384,630.2,2020,4,25,1942,0.0220227721325228,22.0227721325228,0.0201159793429817,20.115979342981703,0.0205625,20.5625,20.5625,20.5625,20.5625,22.0227721325228,22.0227721325228,22.0227721325228,20.115979342981703,20.115979342981703,20.115979342981703,26.42962199033978,-1.102161769464752,-3.3046880883522256,-4.4068498578169795,25.35681860348833,-3.0466781120057247,-2.1941611485009,-5.240839260506625,25.19639059521064,-1.262417388037199,-3.371473207173441,-4.633890595210641
2020-04-26,TDOU,-23.08,30.384,630.2,2020,4,26,1943,0.0312584847765359,31.2584847765359,0.0305391433562807,30.5391433562807,0.0315166666666666,31.5166666666666,31.5166666666666,31.5166666666666,31.5166666666666,31.2584847765359,31.2584847765359,31.2584847765359,30.5391433562807,30.5391433562807,30.5391433562807,26.43690114547609,3.9677148212026205,0.8538688098571932,4.821583631059813,25.36441304084792,2.5749151659352347,2.5998151494975446,5.174730315432779,25.204262192201487,4.825588117332294,1.4868163571328203,6.312404474465115
2020-04-27,TDOU,-23.08,30.384,630.2,2020,4,27,1944,0.0301570209814373,30.1570209814373,0.0310422282111012,31.0422282111012,0.0304625,30.4625,30.4625,30.4625,30.4625,30.1570209814373,30.1570209814373,30.1570209814373,31.0422282111012,31.0422282111012,31.0422282111012,26.444189237318955,0.725907463503689,2.986924280614655,3.7128317441183434,25.37201746330749,1.7149771400078475,3.955233607785864,5.6702107477937105,25.21214504753398,1.5915946792514937,3.6587602732145257,5.250354952466019
2020-04-28,TDOU,-23.08,30.384,630.2,2020,4,28,1945,0.031653508756586,31.653508756586,0.0307816948763735,30.7816948763735,0.0318708333333333,31.870833333333294,31.870833333333294,31.870833333333294,31.870833333333294,31.653508756586,31.653508756586,31.653508756586,30.7816948763735,30.7816948763735,30.7816948763735,26.451486448934247,-2.3436946558575005,7.54571696350925,5.202022307651752,25.37963205236169,-1.340131830792553,6.742194654804361,5.402062824011811,25.220039344730168,-4.415723115460418,11.066517104063543,6.650793988603127
2020-04-29,TDOU,-23.08,30.384,630.2,2020,4,29,1946,0.0275433072497223,27.5433072497223,0.0275112138566575,27.511213856657506,0.0268708333333333,26.870833333333294,26.870833333333294,26.870833333333294,26.870833333333294,27.5433072497223,27.5433072497223,27.5433072497223,27.511213856657506,27.511213856657506,27.511213856657506,26.458792958332385,-5.545254967006112,6.629769258396028,1.0845142913899153,25.387256983546255,-3.480119611637352,5.604076484748603,2.1239568731112506,25.22794526173329,-4.544907136263261,6.187795207863267,1.6428880716000052
2020-04-30,TDOU,-23.08,30.384,630.2,2020,4,30,1947,0.0177703711139755,17.7703711139755,0.0182984759177692,18.2984759177692,0.0168875,16.8875,16.8875,16.8875,16.8875,17.7703711139755,17.7703711139755,17.7703711139755,18.2984759177692,18.2984759177692,18.2984759177692,26.46610893660975,-12.093493016316604,3.397755193682354,-8.69573782263425,25.3948924253423,-11.001871470382383,3.9054549628092836,-7.0964165075731,25.23586296979547,-11.896686615877016,3.5483236460815455,-8.34836296979547
2020-05-01,TDOU,-23.08,30.384,630.2,2020,5,1,1948,0.0184349906780616,18.4349906780616,0.0177451805343103,17.7451805343103,0.0185375,18.5375,18.5375,18.5375,18.5375,18.4349906780616,18.4349906780616,18.4349906780616,17.7451805343103,17.7451805343103,17.7451805343103,26.473434548026816,-10.499571874787456,2.461128004822239,-8.038443869965217,25.402538539490592,-10.910548272063131,3.2531902668828394,-7.657358005180292,25.24379263333325,-10.282902981669997,3.57661034833675,-6.706292633333248
2020-05-02,TDOU,-23.08,30.384,630.2,2020,5,2,1949,0.0176095209221705,17.6095209221705,0.0172181968597125,17.2181968597125,0.0195,19.5,19.5,19.5,19.5,18.4229947645311,17.6095209221705,17.6095209221705,17.2181968597125,17.2181968597125,17.2181968597125,26.480769951497155,-7.94240083158187,-0.1153743553841835,-8.057775186966055,25.41019548200504,-8.050090561674974,-0.1419080606175669,-8.191998622292541,25.251734411051455,-6.00959348195297,0.25785907090151383,-5.751734411051455
2020-05-03,TDOU,-23.08,30.384,630.2,2020,5,3,1950,0.0157996431032071,15.7996431032071,0.0140427521797945,14.0427521797945,0.0169333333333333,16.9333333333333,16.9333333333333,16.9333333333333,16.9333333333333,18.4229947645311,15.7996431032071,15.7996431032071,17.7451805343103,14.0427521797945,14.0427521797945,26.488115302023925,-8.349435966475447,0.2843154289826231,-8.065120537492824,25.417863404419847,-6.49684492772146,-1.1758379423880854,-7.672682870109547,25.25968845685503,-6.2364905381118785,-2.089864585409849,-8.32635512352173
2020-05-04,TDOU,-23.08,30.384,630.2,2020,5,4,1951,0.0184229947645311,18.4229947645311,0.0167293188443738,16.7293188443738,0.0201583333333333,20.1583333333333,20.1583333333333,20.1583333333333,20.1583333333333,18.4229947645311,18.4229947645311,18.4229947645311,16.7293188443738,16.7293188443738,16.7293188443738,26.495470752716727,-4.0476857655078735,-4.024790222677751,-8.072475988185627,25.4255424565664,-5.188712832556869,-3.50751077963573,-8.6962236121926,25.267654922667077,-2.1569421408350387,-2.952379448498739,-5.109321589333778
2020-05-05,TDOU,-23.08,30.384,630.2,2020,5,5,1952,0.0209190325848824,20.9190325848824,0.0206791841988744,20.6791841988744,0.0213291666666666,21.3291666666666,21.3291666666666,21.3291666666666,21.3291666666666,20.9190325848824,20.9190325848824,20.9190325848824,20.6791841988744,20.6791841988744,20.6791841988744,26.502836455724893,-5.6283923606626765,0.04458848982018537,-5.583803870842491,25.433232788386007,-5.288570147951888,0.5345215584402787,-4.7540485895116085,25.27563396093375,-4.427029330985345,0.4805620367181973,-3.9464672942671477
2020-05-06,TDOU,-23.08,30.384,630.2,2020,5,6,1953,0.0213142135733366,21.3142135733366,0.0198477480576831,19.8477480576831,0.0220291666666666,22.0291666666666,20.9416666666666,22.0291666666666,22.0291666666666,21.3142135733366,21.3142135733366,21.3142135733366,19.8477480576831,19.8477480576831,19.8477480576831,26.51021256444977,-5.532537050393809,0.3365380592806382,-5.195998991113171,25.440934550989013,-6.2236455119127765,0.6304590186068637,-5.5931864933059146,25.283625725008786,-4.973613161497031,0.6316541031548439,-4.341959058342187
2020-05-07,TDOU,-23.08,30.384,630.2,2020,5,7,1954,0.0217582313875735,21.7582313875735,0.0210684310021738,21.068431002173803,0.0209416666666666,20.9416666666666,20.9416666666666,20.9416666666666,20.9416666666666,20.9190325848824,21.7582313875735,21.7582313875735,21.068431002173803,21.068431002173803,21.068431002173803,26.517599231421055,-6.479577834539666,0.8810111880010112,-5.598566646538654,25.448647894123244,-5.828463285403518,1.4482463934540775,-4.380216891949441,25.291630366751164,-5.7659418095642625,1.4159781094796955,-4.349963700084565
2020-05-08,TDOU,-23.08,30.384,630.2,2020,5,8,1955,0.0221501355367211,22.1501355367211,0.0202017615510244,20.2017615510244,0.0210375,21.0375,21.0375,21.0375,21.0375,22.1501355367211,22.1501355367211,22.1501355367211,20.2017615510244,20.2017615510244,20.2017615510244,26.524996607282674,-4.2308383030906445,-0.14402276747092913,-4.374861070561575,25.456372965235047,-5.604295527694761,0.3496841134841162,-5.254611414210647,25.299648035646694,-4.180243563514689,-0.08190447213200258,-4.2621480356466925
2020-05-09,TDOU,-23.08,30.384,630.2,2020,5,9,1956,0.0202441827277709,20.244182727770895,0.0211984918983849,21.1984918983849,0.020125,20.125,20.125,20.125,20.125,20.244182727770895,20.244182727770895,20.244182727770895,21.1984918983849,21.1984918983849,21.1984918983849,26.532404840532408,-5.1497439081023115,-1.1384782046592008,-6.288222112761513,25.464109909069006,-4.04500713244892,-0.22061087823518477,-4.265618010684104,25.307678878502866,-4.735009910337855,-0.44766896816501145,-5.182678878502866
2020-05-10,TDOU,-23.08,30.384,630.2,2020,5,10,1957,0.0174047570904361,17.4047570904361,0.0164034316818372,16.4034316818372,0.0162958333333333,16.295833333333302,16.295833333333302,16.295833333333302,16.295833333333302,17.4047570904361,17.4047570904361,17.4047570904361,16.4034316818372,16.4034316818372,16.4034316818372,26.539824078424974,-7.31997306442471,-1.8150939235641665,-9.135066987988875,25.471858868482343,-7.291143422843741,-1.7772837638013996,-9.068427186645142,25.315723040539375,-7.607666225172973,-1.4122234820330988,-9.019889707206072
2020-05-11,TDOU,-23.08,30.384,630.2,2020,5,11,1958,0.014893856643518,14.893856643518,0.0143613455466093,14.3613455466093,0.01385,13.85,16.295833333333302,13.85,13.85,14.893856643518,14.893856643518,14.893856643518,14.3613455466093,14.3613455466093,14.3613455466093,26.547254468061368,-11.484677746944657,-0.16872007759871366,-11.653397824543369,25.479619985403446,-10.93422990969782,-0.18404452909632596,-11.118274438794145,25.32378066615607,-10.110625135815297,1.0826778029925315,-9.027947332822766
2020-05-12,TDOU,-23.08,30.384,630.2,2020,5,12,1959,0.0143430494030723,14.3430494030723,0.0140524500413968,14.0524500413968,0.0142499999999999,14.2499999999999,14.2499999999999,14.2499999999999,14.2499999999999,14.3430494030723,14.3430494030723,14.3430494030723,14.0524500413968,14.0524500413968,14.0524500413968,26.55469615677075,-14.063186836281327,1.8515400825828756,-12.21164675369845,25.48739340182472,-13.955966842812956,2.5210234823850364,-11.43494336042792,25.331851899263615,-13.595454397368448,2.513602498104735,-11.081851899263715
2020-05-13,TDOU,-23.08,30.384,630.2,2020,5,13,1960,0.0160772694504438,16.077269450443797,0.0144564333653204,14.4564333653204,0.0145875,14.5875,14.5875,14.5875,14.5875,16.077269450443797,16.077269450443797,16.077269450443797,14.4564333653204,14.4564333653204,14.4564333653204,26.562149290606527,-11.802649163095303,1.3177693229325733,-10.48487984016273,25.495179258386756,-12.224123312255074,1.1853774191887183,-11.038745893066356,25.33993688130683,-11.997950414205299,1.2455135328984674,-10.75243688130683
2020-05-14,TDOU,-23.08,30.384,630.2,2020,5,14,1961,0.0209116553905242,20.9116553905242,0.0204478787604563,20.4478787604563,0.0202666666666666,20.2666666666666,20.2666666666666,20.2666666666666,20.2666666666666,20.9116553905242,20.9116553905242,20.9116553905242,20.4478787604563,20.4478787604563,20.4478787604563,26.56961401261796,-8.371020797587251,2.7130621754934907,-5.657958622093762,25.50297769231659,-7.607114770045501,2.5520158381852127,-5.0550989318602895,25.34803575000414,-7.894436585144215,2.8130675018066746,-5.081369083337538
2020-05-15,TDOU,-23.08,30.384,630.2,2020,5,15,1962,0.0172566017802125,17.2566017802125,0.015719858755704,15.719858755704,0.0162666666666666,16.266666666666598,16.266666666666598,16.266666666666598,16.266666666666598,17.2566017802125,17.2566017802125,17.2566017802125,15.719858755704,15.719858755704,15.719858755704,26.57709046263862,-9.50567448382462,0.18518580139850016,-9.32048868242612,25.510788837676852,-9.904516574273194,0.1135864923003389,-9.790930081972853,25.356148639760335,-9.131376441806111,0.04189446871237479,-9.089481973093736
2020-05-18,TDOU,-23.08,30.384,630.2,2020,5,18,1965,0.0125614297193824,12.5614297193824,0.0116628837691665,11.6628837691665,0.0107999999999999,10.7999999999999,10.7999999999999,10.7999999999999,10.7999999999999,12.5614297193824,12.5614297193824,12.5614297193824,11.6628837691665,11.6628837691665,11.6628837691665,26.59959153510276,-11.925109522626219,-2.1130522930941424,-14.038161815720361,25.534299842512528,-11.253304218388575,-2.6181118549574514,-13.871416073346028,25.380572735154146,-12.287208288962345,-2.2933644461919016,-14.580572735154247
2020-05-19,TDOU,-23.08,30.384,630.2,2020,5,19,1966,0.014241372902303,14.241372902303,0.0141186669850142,14.1186669850142,0.014225,14.225,14.225,14.225,14.225,14.241372902303,14.241372902303,14.241372902303,14.1186669850142,14.1186669850142,14.1186669850142,26.60711624520414,-12.486613028488701,0.12086968558756439,-12.365743342901139,25.542163132201928,-11.568318158093556,0.14482201090582691,-11.423496147187729,25.388743004926166,-11.689124495566938,0.5253814906407719,-11.163743004926166
2020-05-20,TDOU,-23.08,30.384,630.2,2020,5,20,1967,0.0187701566554934,18.7701566554934,0.0158193186352557,15.8193186352557,0.0166791666666666,16.6791666666666,16.6791666666666,16.6791666666666,16.6791666666666,18.7701566554934,18.7701566554934,18.7701566554934,15.8193186352557,15.8193186352557,15.8193186352557,26.614653352860845,-9.009785619025742,1.165288921658295,-7.844496697367447,25.550039784325065,-10.130350762777459,0.39962961370809325,-9.730721149069366,25.396927942798527,-8.984829954337659,0.26706867820573166,-8.717761276131927
2020-05-21,TDOU,-23.08,30.384,630.2,2020,5,21,1968,0.0199331348577463,19.9331348577463,0.020567104050696,20.567104050696,0.0201708333333333,20.170833333333302,20.170833333333302,20.170833333333302,20.170833333333302,19.9331348577463,19.9331348577463,19.9331348577463,20.567104050696,20.567104050696,20.567104050696,26.622202989614095,-5.37746292297703,-1.3116052088907644,-6.689068131867796,25.55792992952831,-3.4866165559982805,-1.5042093228340292,-4.990825878832311,25.405127677267803,-3.9575869472606264,-1.2767073966738742,-5.234294343934501
2020-05-22,TDOU,-23.08,30.384,630.2,2020,5,22,1969,0.0173104147361641,17.310414736164102,0.017635814585723,17.635814585723,0.0168916666666666,16.8916666666666,16.8916666666666,16.8916666666666,16.8916666666666,17.310414736164102,17.310414736164102,17.310414736164102,17.635814585723,17.635814585723,17.635814585723,26.629765285086492,-6.06151562478735,-3.2578349241350395,-9.31935054892239,25.565833697149824,-5.908478027996431,-2.0215410834303924,-7.930019111426823,25.41334233548253,-5.953953805646835,-2.567721863169094,-8.521675668815927
2020-05-23,TDOU,-23.08,30.384,630.2,2020,5,23,1970,0.0155520622905379,15.5520622905379,0.0154822300992674,15.4822300992674,0.0151625,15.1625,15.1625,15.1625,15.1625,15.5520622905379,15.5520622905379,15.5520622905379,15.4822300992674,15.4822300992674,15.4822300992674,26.637340369052072,-5.941699214387533,-5.1435788641266385,-11.085278078514172,25.573751216750473,-5.136300686555862,-4.955220430927213,-10.091521117483074,25.421572044737484,-5.601735123655684,-4.6573369210818,-10.259072044737485
2020-05-24,TDOU,-23.08,30.384,630.2,2020,5,24,1971,0.0144037886922288,14.4037886922288,0.0145075544343409,14.5075544343409,0.0130666666666666,13.0666666666666,13.0666666666666,13.0666666666666,13.0666666666666,14.4037886922288,14.4037886922288,14.4037886922288,14.5075544343409,14.5075544343409,14.5075544343409,26.644928373511974,-9.936067371434033,-2.305072309849141,-12.241139681283174,25.58168261930394,-8.659724966513256,-2.4144032184497846,-11.07412818496304,25.42981693401862,-10.112596786176777,-2.250553481175242,-12.36315026735202
2020-05-25,TDOU,-23.08,30.384,630.2,2020,5,25,1972,0.0131743571104532,13.1743571104532,0.013272303190911,13.272303190911,0.0132416666666666,13.2416666666666,13.2416666666666,13.2416666666666,13.2416666666666,13.1743571104532,13.1743571104532,13.1743571104532,13.272303190911,13.272303190911,13.272303190911,26.652529433576426,-11.835442452543363,-1.6427298705798634,-13.478172323123227,25.589628038671176,-10.92537637557578,-1.3919484721843958,-12.317324847760176,25.438077135085646,-10.867664154148615,-1.328746314270429,-12.196410468419046
2020-05-26,TDOU,-23.08,30.384,630.2,2020,5,26,1973,0.0144582013666207,14.4582013666207,0.0138643369244902,13.8643369244902,0.0150791666666666,15.0791666666666,15.0791666666666,15.0791666666666,15.0791666666666,14.4582013666207,14.4582013666207,14.4582013666207,13.8643369244902,13.8643369244902,13.8643369244902,26.66014368596957,-11.693284922337561,-0.5086573970113086,-12.201942319348868,25.59758761034897,-11.127892330957883,-0.6053583549008899,-11.73325068585877,25.446352781144988,-10.251378228578497,-0.11580788589989055,-10.367186114478388
2020-05-27,TDOU,-23.08,30.384,630.2,2020,5,27,1974,0.0102721889773376,10.2721889773376,0.0088768298323588,8.8768298323588,0.0082666666666666,8.2666666666666,8.2666666666666,8.2666666666666,8.2666666666666,10.2721889773376,10.2721889773376,10.2721889773376,13.2638915530651,8.8768298323588,8.8768298323588,26.667771267926224,-14.124813951634385,-2.2707683389542375,-16.395582290588624,25.60556147019041,-11.282484460300449,-1.05918545682486,-12.341669917125309,25.454644005559576,-14.29000294826656,-2.897974390626416,-17.187977338892978
2020-05-28,TDOU,-23.08,30.384,630.2,2020,5,28,1975,0.0119467796557373,11.9467796557373,0.0122597952465701,12.2597952465701,0.0127166666666666,12.7166666666666,12.7166666666666,12.7166666666666,12.7166666666666,11.9467796557373,11.9467796557373,11.9467796557373,12.2597952465701,12.2597952465701,12.2597952465701,26.675412316531187,-11.853513530324246,-2.875119130469642,-14.728632660793886,25.61354975369616,-10.530631037172034,-2.823123469954023,-13.353754507126059,25.46295094125644,-10.53861983328977,-2.2076644413000714,-12.746284274589842
2020-05-29,TDOU,-23.08,30.384,630.2,2020,5,29,1976,0.0098231475126318,9.8231475126318,0.0112478258182293,11.2478258182293,0.0097875,9.7875,9.7875,9.7875,9.7875,9.8231475126318,9.8231475126318,9.8231475126318,11.2478258182293,11.2478258182293,11.2478258182293,26.683066969939123,-13.522426517517635,-3.337492939789687,-16.85991945730732,25.62155259654769,-11.532907679157484,-2.840819099160907,-14.37372677831839,25.471273722453905,-12.485439041818388,-3.198334680635515,-15.683773722453905
2020-05-30,TDOU,-23.08,30.384,630.2,2020,5,30,1977,0.0132075856448272,13.2075856448272,0.0132638915530651,13.2638915530651,0.0134666666666666,13.4666666666666,13.4666666666666,13.4666666666666,13.4666666666666,13.2075856448272,13.2075856448272,13.2075856448272,13.2638915530651,13.2638915530651,13.2638915530651,26.6907353681861,-11.642737515405626,-1.8404122079532748,-13.4831497233589,25.629570135983137,-10.495673826295725,-1.8700047566223112,-12.365678582918036,25.479612484860535,-10.403368999435715,-1.609576818758221,-12.012945818193936
2020-06-01,TDOU,-23.08,30.384,630.2,2020,6,1,1979,0.0146215236853547,14.6215236853547,0.0143733256397156,14.3733256397156,0.0149333333333333,14.9333333333333,14.9333333333333,14.9333333333333,14.9333333333333,14.6215236853547,14.6215236853547,14.6215236853547,14.3733256397156,14.3733256397156,14.3733256397156,26.70611396847569,-11.465996158049787,-0.6185941250712048,-12.08459028312099,25.64564986148347,-10.18141287260299,-1.0909113491648768,-11.27232422176787,25.49633850386426,-11.347696048732164,0.7846908782012036,-10.563005170530959
2020-06-02,TDOU,-23.08,30.384,630.2,2020,6,2,1980,0.0138265956251399,13.8265956251399,0.0134615934118523,13.4615934118523,0.0132333333333333,13.2333333333333,13.2333333333333,13.2333333333333,13.2333333333333,13.8265956251399,13.8265956251399,13.8265956251399,13.4615934118523,13.4615934118523,13.4615934118523,26.713824457417537,-13.482697671239071,0.595468838961434,-12.887228832277637,25.65371232843259,-11.469336981389553,-0.7227819351907385,-12.19211891658029,25.504726036363834,-12.418517529423056,0.14712482639252045,-12.271392703030534
2020-06-03,TDOU,-23.08,30.384,630.2,2020,6,3,1981,0.0118472981415681,11.8472981415681,0.0123758770324252,12.3758770324252,0.01155,11.55,11.55,11.55,11.55,11.8472981415681,11.8472981415681,11.8472981415681,12.3758770324252,12.3758770324252,12.3758770324252,26.721549263318007,-15.720667884005518,0.8464167622556111,-14.874251121749907,25.66179005273983,-14.226525762471477,0.9406127421568478,-13.285913020314629,25.513130099380582,-14.58237123518661,0.6192411358060284,-13.963130099380582
2020-06-04,TDOU,-23.08,30.384,630.2,2020,6,4,1982,0.0136502922923983,13.6502922923983,0.0135946307630801,13.5946307630801,0.0136333333333333,13.6333333333333,13.6333333333333,13.6333333333333,13.6333333333333,13.6502922923983,13.6502922923983,13.6502922923983,13.5946307630801,13.5946307630801,13.5946307630801,26.729288527479923,-15.94898322672034,2.8699869916387186,-13.078996235081624,25.669883174602788,-14.437118015699168,2.3618656041764794,-12.075252411522687,25.52155082711229,-14.41131176184019,2.523094268061204,-11.888217493778988
2020-06-05,TDOU,-23.08,30.384,630.2,2020,6,5,1983,0.0166026068494035,16.6026068494035,0.016067409365948,16.067409365948,0.0164541666666666,16.454166666666598,16.454166666666598,16.454166666666598,16.454166666666598,16.6026068494035,16.6026068494035,16.6026068494035,16.067409365948,16.067409365948,16.067409365948,26.73704238854126,-12.871317905638923,2.736882366501167,-10.134435539137758,25.677991831822073,-12.594373700013684,2.983791234139609,-9.610582465874074,25.52998835142517,-11.993444152667834,2.9176224679092613,-9.075821684758573
2020-06-06,TDOU,-23.08,30.384,630.2,2020,6,6,1984,0.0223808905844405,22.3808905844405,0.0215447485536715,21.5447485536715,0.0204916666666666,20.4916666666666,20.4916666666666,20.4916666666666,20.4916666666666,22.3808905844405,22.3808905844405,22.3808905844405,21.5447485536715,21.5447485536715,21.5447485536715,26.744810980973707,-5.6257164850831005,1.2617960885498931,-4.3639203965332065,25.686116158306838,-5.025194586057813,0.8838269814224731,-4.141367604635338,25.538442800264562,-5.297602776683046,0.25082664308508384,-5.046776133597962
2020-06-07,TDOU,-23.08,30.384,630.2,2020,6,7,1985,0.016975523865221,16.975523865221,0.0160523360558641,16.0523360558641,0.0146958333333333,14.6958333333333,14.6958333333333,14.6958333333333,14.6958333333333,16.975523865221,16.975523865221,16.975523865221,16.0523360558641,16.0523360558641,16.0523360558641,26.75259443510093,-9.32270753566249,-0.45436303421744384,-9.777070569879932,25.694256283791184,-9.149570322679352,-0.4923499052477318,-9.641920227927084,25.546914297557564,-9.85215009015128,-0.9989308740729825,-10.851080964224263
2020-06-08,TDOU,-23.08,30.384,630.2,2020,6,8,1986,0.0142816856984182,14.2816856984182,0.013706414289525,13.706414289525,0.0120375,12.0375,12.0375,12.0375,12.0375,14.2816856984182,14.2816856984182,14.2816856984182,13.706414289525,13.706414289525,13.706414289525,26.760392878568926,-12.108816785063206,-0.36989039508751986,-12.478707180150726,25.70241233558387,-11.13840510090151,-0.8575929451573607,-11.995998046058869,25.555402965435608,-12.53436174424954,-0.9835412211860692,-13.517902965435608
2020-06-09,TDOU,-23.08,30.384,630.2,2020,6,9,1987,0.0147908062191938,14.7908062191938,0.013961790849065,13.961790849065,0.0137958333333333,13.7958333333333,13.7958333333333,13.7958333333333,13.7958333333333,14.7908062191938,14.7908062191938,14.7908062191938,13.961790849065,13.961790849065,13.961790849065,26.768206437992546,-13.962671027730275,1.9852708089315314,-11.977400218798746,25.710584440151926,-13.291578989961595,1.5427853988746705,-11.748793591086926,25.56390892574742,-14.008566648690872,2.2404910562767526,-11.76807559241412
2020-06-10,TDOU,-23.08,30.384,630.2,2020,6,10,1988,0.0148210706398851,14.8210706398851,0.0129635486351289,12.9635486351289,0.0139,13.9,13.9,13.9,13.9,14.8210706398851,14.8210706398851,14.8210706398851,12.9635486351289,12.9635486351289,12.9635486351289,26.77603523876772,-14.037038500591992,2.0820739017093715,-11.954964598882619,25.71877272321436,-14.289104750257616,1.5338806621721552,-12.75522408808546,25.572432299667568,-13.653872404581856,1.981440104914288,-11.672432299667568
2020-06-11,TDOU,-23.08,30.384,630.2,2020,6,11,1989,0.016590928873431,16.590928873431,0.0165416405951453,16.5416405951453,0.0170333333333333,17.0333333333333,17.0333333333333,17.0333333333333,17.0333333333333,16.590928873431,16.590928873431,16.590928873431,16.5416405951453,16.5416405951453,16.5416405951453,26.783879403190422,-12.636963223221851,2.4440126934624296,-10.192950529759422,25.726977307908868,-11.671799478038109,2.4864627652745384,-9.185336712763569,25.580973205207222,-11.408251329910975,2.8606114580370523,-8.547639871873923
2020-06-12,TDOU,-23.08,30.384,630.2,2020,6,12,1990,0.0111137982036039,11.1137982036039,0.009399098366702,9.399098366702,0.0091125,9.1125,13.0083333333333,9.1125,9.1125,14.2106787468534,11.1137982036039,11.1137982036039,12.8501231378094,9.399098366702,9.399098366702,26.791739049876394,-15.413411795800354,2.8323514927773594,-12.581060303022994,25.735198314156445,-14.979942409301156,2.094867232954112,-12.885075176347046,25.58953175663318,-14.97881391572454,2.397615492424663,-12.581198423299877
2020-06-13,TDOU,-23.08,30.384,630.2,2020,6,13,1991,0.0110512937490279,11.0512937490279,0.0093476767883836,9.3476767883836,0.0095333333333333,9.5333333333333,13.0083333333333,9.5333333333333,9.5333333333333,14.2106787468534,11.0512937490279,11.0512937490279,12.8501231378094,9.3476767883836,9.3476767883836,26.79961429343137,-15.748908977493635,3.159973430915663,-12.588935546577972,25.743435858044545,-16.131586353615955,3.2382736333808104,-12.893312720235146,25.598108063990672,-15.965915732134896,3.3761410014775244,-12.589774730657371
2020-06-14,TDOU,-23.08,30.384,630.2,2020,6,14,1992,0.0142106787468534,14.2106787468534,0.0128501231378094,12.8501231378094,0.0129666666666666,12.9666666666666,12.9666666666666,12.9666666666666,12.9666666666666,14.2106787468534,14.2106787468534,14.2106787468534,12.8501231378094,12.8501231378094,12.8501231378094,26.807505244087462,-15.902400172044421,3.3055736748103577,-12.596826497234062,25.751690051757077,-16.853214927287617,3.9516480133399376,-12.901566913947677,25.606702233127866,-16.780445093284467,4.140409526823202,-12.640035566461266
2020-06-15,TDOU,-23.08,30.384,630.2,2020,6,15,1993,0.0137270982473674,13.7270982473674,0.012459800946052,12.459800946052,0.0130083333333333,13.0083333333333,13.0083333333333,13.0083333333333,13.0083333333333,13.7270982473674,13.7270982473674,13.7270982473674,12.459800946052,12.459800946052,12.459800946052,26.815412007417226,-14.773138689714633,1.6848249296648063,-13.088313760049827,25.759961002750256,-14.265151947813981,0.9649918911157265,-13.300160056698255,25.61531436501913,-14.713080282071438,2.1060992503856077,-12.60698103168583
2020-06-16,TDOU,-23.08,30.384,630.2,2020,6,16,1994,0.0184607035635624,18.4607035635624,0.0159801409966119,15.9801409966119,0.0166791666666666,16.6791666666666,16.6791666666666,16.6791666666666,16.6791666666666,18.4607035635624,18.4607035635624,18.4607035635624,15.9801409966119,15.9801409966119,15.9801409966119,26.823334684502374,-13.707703655612493,5.345072534672521,-8.362631120939973,25.768248813670365,-13.166295107888251,3.3781872908297856,-9.788107817058465,25.6239445555067,-12.80058989671851,3.8558120078784093,-8.9447778888401
2020-06-17,TDOU,-23.08,30.384,630.2,2020,6,17,1995,0.0185180663174674,18.5180663174674,0.0176938551433131,17.693855143313097,0.0186708333333333,18.6708333333333,16.424999999999997,18.6708333333333,18.6708333333333,18.5180663174674,18.5180663174674,18.5180663174674,17.693855143313097,17.693855143313097,17.693855143313097,26.83127337253262,-14.605901723995716,6.292694668930494,-8.31320705506522,25.776553583956453,-13.705211690589445,5.622513249946092,-8.082698440643355,25.632592896260537,-14.389068008843404,5.181475112582863,-9.20759289626054
2020-06-18,TDOU,-23.08,30.384,630.2,2020,6,18,1996,0.0196716221629284,19.6716221629284,0.0171927586412097,17.1927586412097,0.0173333333333333,17.3333333333333,17.3333333333333,17.3333333333333,17.3333333333333,19.6716221629284,19.6716221629284,19.6716221629284,17.1927586412097,17.1927586412097,17.1927586412097,26.839228162851324,-12.503429673851699,5.335823673928775,-7.167605999922923,25.78487540831371,-12.715363322554179,4.123246555450169,-8.59211676710401,25.641259473784473,-13.194800119068233,4.886873978617061,-8.307926140451173
2020-06-19,TDOU,-23.08,30.384,630.2,2020,6,19,1997,0.0188786975960651,18.8786975960651,0.0185452437258573,18.5452437258573,0.016425,16.424999999999997,16.424999999999997,16.424999999999997,16.424999999999997,18.8786975960651,18.8786975960651,18.8786975960651,18.5452437258573,18.5452437258573,18.5452437258573,26.847199140225893,-11.117657396753598,3.149155852592802,-7.9685015441607945,25.79321437531704,-10.208544941627393,2.960574292167653,-7.247970649459738,25.64994436850742,-11.942089104898294,2.717144736390871,-9.224944368507423
2020-06-20,TDOU,-23.08,30.384,630.2,2020,6,20,1998,0.0128558547462148,12.8558547462148,0.0134019924341145,13.4019924341145,0.0131,13.1,13.1,13.1,13.1,12.8558547462148,12.8558547462148,12.8558547462148,13.4019924341145,13.4019924341145,13.4019924341145,26.855186383383707,-14.198070134107573,0.1987384969386632,-13.999331637168908,25.80157056803783,-13.55660748480879,1.1570293508854625,-12.399578133923328,25.658647655097326,-14.15900472260241,1.600357067505083,-12.558647655097326
2020-06-21,TDOU,-23.08,30.384,630.2,2020,6,21,1999,0.0098935553534617,9.8935553534617,0.0095391264849045,9.5391264849045,0.0093958333333333,9.3958333333333,9.3958333333333,9.3958333333333,9.3958333333333,12.953373081424,9.8935553534617,9.8935553534617,9.5391264849045,9.5391264849045,9.5391264849045,26.86318996682457,-14.090063958096543,0.18024707269596973,-13.909816885400572,25.809944065323727,-14.952244688228049,-1.3185728921911775,-16.270817580419227,25.667369404021546,-15.035114497541397,-1.236421573146849,-16.271536070688246
2020-06-22,TDOU,-23.08,30.384,630.2,2020,6,22,2000,0.0112038248273004,11.2038248273004,0.0114992648445424,11.4992648445424,0.0116541666666666,11.6541666666666,11.6541666666666,11.6541666666666,11.6541666666666,11.2038248273004,11.2038248273004,11.2038248273004,11.4992648445424,11.4992648445424,11.4992648445424,26.871209963390758,-14.094304626305735,-1.5730805097846208,-15.667385136090358,25.81833494387621,-12.496878646003802,-1.8221914533300065,-14.319070099333809,25.676109683315016,-12.738425302219262,-1.2835177144291556,-14.021943016648416
2020-06-23,TDOU,-23.08,30.384,630.2,2020,6,23,2001,0.012953373081424,12.953373081424,0.0126422237398099,12.6422237398099,0.0117666666666666,11.7666666666666,11.7666666666666,11.7666666666666,11.7666666666666,12.953373081424,12.953373081424,12.953373081424,12.6422237398099,12.6422237398099,12.6422237398099,26.87924644522462,-11.589626827941212,-2.3362465358594093,-13.925873363800621,25.826743280742022,-10.560586537563127,-2.6239330033689967,-13.184519540932122,25.68486856112788,-11.093083206871135,-2.8251186875901446,-13.918201894461282
2020-06-24,TDOU,-23.08,30.384,630.2,2020,6,24,2002,0.0135808776130573,13.5808776130573,0.0126162360613522,12.6162360613522,0.0125333333333333,12.5333333333333,12.5333333333333,12.5333333333333,12.5333333333333,13.5808776130573,13.5808776130573,13.5808776130573,12.6162360613522,12.6162360613522,12.6162360613522,26.887299485353818,-11.336404063656886,-1.970017808639632,-13.306421872296518,25.835169154367588,-11.012776376730663,-2.206156716284724,-13.218933093015387,25.693646106646877,-11.495728846411607,-1.6645839269019724,-13.160312773313578
2020-06-25,TDOU,-23.08,30.384,630.2,2020,6,25,2003,0.0168668216119256,16.8668216119256,0.0169248049767027,16.9248049767027,0.0157416666666666,15.741666666666598,15.741666666666598,15.741666666666598,15.741666666666598,16.8668216119256,16.8668216119256,16.8668216119256,16.9248049767027,16.9248049767027,16.9248049767027,26.895369158571725,-9.955375220578459,-0.07317232606766311,-10.028547546646124,25.843612645234987,-8.564312434762323,-0.3544952337699634,-8.918807668532288,25.70244239105596,-9.406857818121521,-0.5539179062678414,-9.960775724389363
2020-06-26,TDOU,-23.08,30.384,630.2,2020,6,26,2004,0.0153063354840421,15.3063354840421,0.0160601799128018,16.0601799128018,0.0146666666666666,14.6666666666666,14.6666666666666,14.6666666666666,14.6666666666666,15.3063354840421,15.3063354840421,15.3063354840421,16.0601799128018,16.0601799128018,16.0601799128018,26.90345554091694,-11.565359720530719,-0.03176033634412434,-11.597120056874841,25.85207383531828,-9.619453188163996,-0.17244073435248453,-9.79189392251648,25.711257486732773,-10.886580211764059,-0.15801060830211355,-11.044590820066173
2020-06-27,TDOU,-23.08,30.384,630.2,2020,6,27,2005,0.0100386129069103,10.0386129069103,0.0115847263574033,11.5847263574033,0.010525,10.525,10.525,10.525,10.525,10.0386129069103,10.0386129069103,10.0386129069103,11.5847263574033,11.5847263574033,11.5847263574033,26.91155870805093,-16.04695116301988,-0.8259946381207506,-16.87294580114063,25.860552806478314,-13.58904982109086,-0.6867766279841554,-14.275826449075014,25.720091466040707,-14.852296510397519,-0.3427949556431855,-15.195091466040706
2020-06-28,TDOU,-23.08,30.384,630.2,2020,6,28,2006,0.0091111118481718,9.1111118481718,0.0061731426469115,6.1731426469115,0.0066083333333333,6.6083333333333005,6.6083333333333005,6.6083333333333005,6.6083333333333005,9.1111118481718,9.1111118481718,9.1111118481718,6.1731426469115,6.1731426469115,6.1731426469115,26.91967873501232,-17.276340123251288,-0.5322267635892288,-17.808566886840516,25.86904964005059,-18.504834434339546,-1.1910725587995437,-19.69590699313909,25.72894440082086,-18.10287724686125,-1.017733820626308,-19.12061106748756
2020-06-29,TDOU,-23.08,30.384,630.2,2020,6,29,2007,0.0142542703562772,14.2542703562772,0.0136880597610712,13.6880597610712,0.0134,13.4,13.4,13.4,13.4,14.2542703562772,14.2542703562772,14.2542703562772,13.6880597610712,13.6880597610712,13.6880597610712,26.92781569681747,-14.430554975125313,1.7570096345850459,-12.673545340540269,25.877564417347266,-13.574451364240208,1.38494670796414,-12.189504656276066,25.737816362608356,-13.433370927563647,1.0955545649552931,-12.337816362608356
2020-06-30,TDOU,-23.08,30.384,630.2,2020,6,30,2008,0.0146873693773442,14.6873693773442,0.013987061253941,13.987061253941,0.0148125,14.8125,14.8125,14.8125,14.8125,14.6873693773442,14.6873693773442,14.6873693773442,13.987061253941,13.987061253941,13.987061253941,26.935969667912186,-14.986474085000216,2.737873794432229,-12.248600290567985,25.886097219653053,-13.30697412524778,1.4079381595357283,-11.899035965712052,25.74670742280208,-13.06062328474571,2.126415861943631,-10.934207422802078
2020-07-01,TDOU,-23.08,30.384,630.2,2020,7,1,2009,0.0163553786091032,16.355378609103198,0.0170147671673301,17.014767167330103,0.0160791666666666,16.079166666666598,11.4124999999999,16.079166666666598,16.079166666666598,11.3341486291539,16.355378609103198,16.355378609103198,13.084326302276,17.014767167330103,17.014767167330103,26.944140720030266,-16.797641613007038,1.1876495221306733,-15.609992090876366,25.894648126176456,-15.893023395769648,3.082701571869194,-12.810321823900455,25.75561765083106,-17.133194482538364,2.790076831707207,-14.343117650831159
2020-07-02,TDOU,-23.08,30.384,630.2,2020,7,2,2010,0.0112580181214754,11.2580181214754,0.013084326302276,13.084326302276,0.0114124999999999,11.4124999999999,11.4124999999999,11.4124999999999,11.4124999999999,11.2580181214754,11.2580181214754,11.2580181214754,13.084326302276,13.084326302276,13.084326302276,26.95232892129263,-20.135124768981665,4.440813969164434,-15.694310799817229,25.90321721318275,-17.96487868319652,5.1459877722897716,-12.818890910906749,25.76454711277247,-19.941849826105596,5.589802713333029,-14.352047112772569
2020-07-03,TDOU,-23.08,30.384,630.2,2020,7,3,2011,0.0113341486291539,11.3341486291539,0.010294160660728,10.294160660728,0.0105,10.5,10.5,10.5,10.5,11.3341486291539,11.3341486291539,11.3341486291539,10.294160660728,10.294160660728,10.294160660728,26.960534336674996,-20.542061106500526,4.915675398979431,-15.626385707521097,25.911804552426645,-19.708492902815802,4.090849011117157,-15.617643891698645,25.77349587027204,-19.316285851537412,4.042789981265372,-15.27349587027204
2020-07-04,TDOU,-23.08,30.384,630.2,2020,7,4,2012,0.0110152561577453,11.0152561577453,0.0107573059061318,10.7573059061318,0.0105291666666666,10.5291666666666,10.5291666666666,10.5291666666666,10.5291666666666,11.0152561577453,11.0152561577453,11.0152561577453,10.7573059061318,10.7573059061318,10.7573059061318,26.968757025993174,-18.84663656833621,2.893135700088333,-15.953500868247874,25.920410209785402,-19.57113294760636,4.408028643952754,-15.163104303653602,25.782463979049055,-19.226506659786597,3.9732093474041434,-15.253297312382456
2020-07-05,TDOU,-23.08,30.384,630.2,2020,7,5,2013,0.0079229404482508,7.922940448250799,0.0082611503283969,8.2611503283969,0.0077875,7.7875,7.7875,7.7875,7.7875,7.922940448250799,7.922940448250799,7.922940448250799,8.2611503283969,8.2611503283969,8.2611503283969,26.976997043420013,-20.281896202775304,1.2278396076060893,-19.054056595169214,25.92903424549034,-18.357597088317448,0.6897131712240103,-17.66788391709344,25.79145148928939,-19.288526677621768,1.2845751883323793,-18.003951489289392
2020-07-06,TDOU,-23.08,30.384,630.2,2020,7,6,2014,0.0071608609863194,7.1608609863194,0.0081775028738154,8.1775028738154,0.0077041666666666,7.7041666666666,7.7041666666666,7.7041666666666,7.7041666666666,7.1608609863194,7.1608609863194,7.1608609863194,8.1775028738154,8.1775028738154,8.1775028738154,26.985254438967765,-22.22370078703889,2.3993073343905245,-19.824393452648366,25.93767671478143,-18.764214434252406,1.0040405932863763,-17.76017384096603,25.800458446391612,-21.25205857899895,3.1557667992739376,-18.096291779725014
2020-07-07,TDOU,-23.08,30.384,630.2,2020,7,7,2015,0.0101150304530901,10.1150304530901,0.006667214030543,6.667214030543,0.0067375,6.737500000000001,6.737500000000001,6.737500000000001,6.737500000000001,10.1150304530901,10.1150304530901,10.1150304530901,6.667214030543,6.667214030543,6.667214030543,26.993529259863973,-18.381322642261708,1.5028238354878347,-16.878498806773873,25.946337670563622,-19.654521881108558,0.37539824108793596,-19.27912364002062,25.809484892608033,-19.25218065057008,0.18019575796204634,-19.071984892608032
2020-07-09,TDOU,-23.08,30.384,630.2,2020,7,9,2017,0.0208572490799717,20.8572490799717,0.0199260158633947,19.926015863394703,0.0196833333333333,19.683333333333294,19.683333333333294,19.683333333333294,19.683333333333294,20.8572490799717,20.8572490799717,20.8572490799717,19.926015863394703,19.926015863394703,19.926015863394703,27.010131350841448,-10.22801153481943,4.075129263949684,-6.152882270869746,25.963715244362017,-10.81695921131232,4.779259830345005,-6.0376993809673145,25.827596405579186,-11.00714213399107,4.862879061745179,-6.1442630722458915
2020-07-10,TDOU,-23.08,30.384,630.2,2020,7,10,2018,0.0191798324854769,19.1798324854769,0.0185867886441581,18.586788644158094,0.019375,19.375,19.375,19.375,19.375,19.1798324854769,19.1798324854769,19.1798324854769,18.586788644158094,18.586788644158094,18.586788644158094,27.018458699118277,-8.242585414565882,0.4039592009245041,-7.838626213641376,25.972431957528308,-10.170508962844862,2.7848656494746464,-7.385643313370213,25.836681542724886,-8.021793905412265,1.5601123626873807,-6.461681542724886
2020-07-11,TDOU,-23.08,30.384,630.2,2020,7,11,2019,0.0111777637438826,11.1777637438826,0.012643456226664,12.643456226664,0.0112874999999999,11.2874999999999,11.2874999999999,11.2874999999999,11.2874999999999,11.1777637438826,11.1777637438826,11.1777637438826,12.643456226664,12.643456226664,12.643456226664,27.02680362773768,-16.750522523202584,0.9014826393475026,-15.849039883855081,25.981167343923513,-13.040010515196286,-0.2977006020632267,-13.337711117259513,25.845786306679745,-16.203943657786017,1.6456573511061698,-14.558286306679845
2020-07-12,TDOU,-23.08,30.384,630.2,2020,7,12,2020,0.005849902443002,5.849902443002001,0.0069196411570795,6.9196411570795,0.0067833333333333,6.7833333333333,6.7833333333333,6.7833333333333,6.7833333333333,5.849902443002001,5.849902443002001,5.849902443002001,6.9196411570795,6.9196411570795,6.9196411570795,27.035166167592223,-18.340254011444973,-2.8450097131452488,-21.18526372459022,25.989921440284352,-17.02760518177521,-2.0426751014296407,-19.070280283204852,25.854910722851944,-17.291899466695174,-1.7796779228234705,-19.071577389518644
2020-07-16,TDOU,-23.08,30.384,630.2,2020,7,16,2024,0.0083160305892197,8.3160305892197,0.0089010444397041,8.9010444397041,0.00785,7.85,7.85,7.85,7.85,8.3160305892197,8.3160305892197,8.3160305892197,8.9010444397041,8.9010444397041,8.9010444397041,27.068793058330268,-21.37751511357502,2.6247526444644507,-18.752762469110568,26.025125666491363,-19.989767261972638,2.8656860351853766,-17.12408122678726,25.891605388679256,-20.505830713934767,2.4642253252555086,-18.04160538867926
2020-07-17,TDOU,-23.08,30.384,630.2,2020,7,17,2025,0.0090648928759789,9.0648928759789,0.0085055656126087,8.505565612608699,0.0081708333333333,8.1708333333333,8.1708333333333,8.1708333333333,8.1708333333333,9.0648928759789,9.0648928759789,9.0648928759789,8.505565612608699,8.505565612608699,8.505565612608699,27.077244119742534,-20.833137431861594,2.8207861880979586,-18.012351243763632,26.03397387107522,-21.438624645211192,3.910216386744672,-17.52840825846652,25.900828424640263,-20.090833158688,2.360838067381035,-17.72999509130696
2022-07-28,TDOU,-23.08,30.384,630.2,2022,7,28,2766,0.0150938943063265,15.0938943063265,0.0147465043088821,14.746504308882098,0.0134916666666666,13.4916666666666,13.4916666666666,13.4916666666666,13.4916666666666,15.0938943063265,15.0938943063265,15.0938943063265,14.746504308882098,14.746504308882098,14.746504308882098,27.20615009903478,-13.242864866444924,1.1306090737366432,-12.112255792708279,26.16897433042799,-13.865548607155832,2.4430785856099426,-11.422470021545891,26.041548852661727,-12.863457403044166,0.31357521704903846,-12.549882185995127
2022-07-29,TDOU,-23.08,30.384,630.2,2022,7,29,2767,0.0135306718985904,13.5306718985904,0.014486157792322,14.486157792322,0.0129458333333333,12.9458333333333,12.9458333333333,12.9458333333333,12.9458333333333,13.5306718985904,13.5306718985904,13.5306718985904,14.486157792322,14.486157792322,14.486157792322,27.214886262682825,-14.562503521615653,0.878289157523227,-13.684214364092425,26.178125884260098,-12.922686468940679,1.2307183770025816,-11.691968091938097,26.051087854742462,-14.174793391581115,1.0695388701719537,-13.105254521409162
2022-08-01,TDOU,-23.08,30.384,630.2,2022,8,1,2770,0.0229490698606187,22.9490698606187,0.0228048125578624,22.8048125578624,0.0212249999999999,21.224999999999905,21.224999999999905,21.224999999999905,21.224999999999905,22.9490698606187,22.9490698606187,22.9490698606187,22.8048125578624,22.8048125578624,22.8048125578624,27.24120069889302,-5.581849582750867,1.289718744476545,-4.292130838274321,26.205693154454575,-6.2296148670892135,2.8287342704970406,-3.400880596592174,26.079821895570827,-6.690225085012799,1.8354031894418767,-4.854821895570922
2022-08-02,TDOU,-23.08,30.384,630.2,2022,8,2,2771,0.0218376561455708,21.8376561455708,0.0212438284842449,21.2438284842449,0.0204708333333333,20.4708333333333,20.4708333333333,20.4708333333333,20.4708333333333,21.8376561455708,21.8376561455708,21.8376561455708,19.762638498843295,21.2438284842449,21.2438284842449,27.250007373081814,-6.499778994049798,1.0874277665387844,-5.412351227511014,26.214919637057317,-6.732637908873615,0.28035677065959064,-6.452281138214023,26.089438779509738,-6.121164414732503,0.5025589685560625,-5.6186054461764385
2022-08-03,TDOU,-23.08,30.384,630.2,2022,8,3,2772,0.0213930261252408,21.3930261252408,0.0211058456116165,21.1058456116165,0.0212375,21.2375,21.2375,21.2375,21.2375,21.3930261252408,21.3930261252408,21.3930261252408,19.762638498843295,21.1058456116165,21.1058456116165,27.25883157882674,-8.203606969024072,2.3378015154381337,-5.8658054535859385,26.22416473619923,-8.551449395793657,2.0899231584377205,-6.461526237355937,26.099075022039525,-7.335688449328596,2.4741134272890726,-4.861575022039524
2022-08-04,TDOU,-23.08,30.384,630.2,2022,8,4,2773,0.0203317277621068,20.3317277621068,0.0197626384988433,19.762638498843295,0.0200291666666666,20.0291666666666,20.0291666666666,20.0291666666666,20.0291666666666,20.3317277621068,20.3317277621068,20.3317277621068,19.762638498843295,19.762638498843295,19.762638498843295,27.26767327338057,-7.939631349634517,1.0036858383607488,-6.9359455112737685,26.233428401006186,-7.4596696533132665,0.9888797511503746,-6.470789902162892,26.10873057456244,-6.795543176783635,0.7159792688877964,-6.079563907895839
2022-08-05,TDOU,-23.08,30.384,630.2,2022,8,5,2774,0.019759758898362,19.759758898362,0.0195077799521354,19.5077799521354,0.020775,20.775,20.775,20.775,20.775,19.759758898362,19.759758898362,19.759758898362,19.5077799521354,19.5077799521354,19.5077799521354,27.27653241136394,-8.447750429540093,0.9309769165381532,-7.51677351300194,26.242710578380365,-7.160386078940602,0.42545545269564045,-6.734930626244964,26.118405385961093,-6.705613627511896,1.3622082415507997,-5.343405385961095
2022-08-06,TDOU,-23.08,30.384,630.2,2022,8,6,2775,0.0175437650054528,17.5437650054528,0.018226690825349,18.226690825349003,0.0184208333333333,18.4208333333333,18.4208333333333,18.4208333333333,18.4208333333333,17.5437650054528,17.5437650054528,17.5437650054528,18.226690825349003,18.226690825349003,18.226690825349003,27.285408945689955,-12.631876252320147,2.8902323120829934,-9.741643940237154,26.25201121371651,-10.758428846243525,2.7331084578760176,-8.025320388367508,26.128099403598277,-10.4950019144142,2.7877358441492213,-7.7072660702649785
2022-08-07,TDOU,-23.08,30.384,630.2,2022,8,7,2776,0.0129353134149155,12.9353134149155,0.0144536452811153,14.4536452811153,0.0133916666666666,13.3916666666666,13.3916666666666,13.3916666666666,13.3916666666666,12.9353134149155,12.9353134149155,12.9353134149155,14.4536452811153,14.4536452811153,14.4536452811153,27.29430282751055,-15.18525341891576,0.826264006320713,-14.358989412595049,26.261330251171447,-13.257698186271988,1.4500132162158401,-11.807684970056147,26.137812572797667,-13.339693546429563,0.593547640298496,-12.746145906131067
2022-08-08,TDOU,-23.08,30.384,630.2,2022,8,8,2777,0.0112738946575854,11.2738946575854,0.0115630036626192,11.5630036626192,0.0116791666666666,11.6791666666666,11.6791666666666,11.6791666666666,11.6791666666666,11.2738946575854,11.2738946575854,11.2738946575854,14.4536452811153,11.5630036626192,11.5630036626192,27.303214004998416,-14.882984943373419,-1.1463344040395995,-16.029319347413015,26.270667632022203,-11.598194818977257,-0.218827531929648,-11.817022350906903,26.14754483597508,-13.49618733930492,-0.9721908300035587,-14.46837816930848
2022-08-09,TDOU,-23.08,30.384,630.2,2022,8,9,2778,0.013237635504468,13.237635504468,0.013711901997208,13.711901997208,0.0134916666666666,13.4916666666666,13.4916666666666,13.4916666666666,13.4916666666666,13.237635504468,13.237635504468,13.237635504468,13.711901997208,13.711901997208,13.711901997208,27.31214242520041,-14.782289545983433,0.7077826252510242,-14.074506920732409,26.280023295669828,-13.834134641743038,1.2660133432812088,-12.568121298461827,26.157296134659962,-13.640420595899661,0.9747911279062969,-12.665629467993362
2022-08-10,TDOU,-23.08,30.384,630.2,2022,8,10,2779,0.0148122292250605,14.8122292250605,0.0140094938626312,14.0094938626312,0.0146541666666666,14.6541666666666,14.6541666666666,14.6541666666666,14.6541666666666,14.8122292250605,14.8122292250605,14.8122292250605,14.0094938626312,14.0094938626312,14.0094938626312,27.321088035912855,-13.637973591514834,1.12911478066248,-12.508858810852354,26.289397181142302,-12.6720311671886,0.3921278486774966,-12.279903318511103,26.167066411001677,-12.50653599910699,0.9936362547719142,-11.512899744335078
2022-08-11,TDOU,-23.08,30.384,630.2,2022,8,11,2780,0.0134987923517356,13.4987923517356,0.0146661455344878,14.6661455344878,0.0140458333333333,14.0458333333333,14.0458333333333,14.0458333333333,14.0458333333333,13.4987923517356,13.4987923517356,13.4987923517356,14.6661455344878,14.6661455344878,14.6661455344878,27.33005078430902,-14.11609273592195,0.28483430334852855,-13.831258432573419,26.298789226301643,-15.124096224296835,3.4914525324829917,-11.632643691813843,26.176855606313303,-15.576366632071982,3.4453443590919797,-12.131022272980003
2022-08-12,TDOU,-23.08,30.384,630.2,2022,8,12,2781,0.0118948177527813,11.8948177527813,0.0132492163767158,13.2492163767158,0.0121916666666666,12.1916666666666,12.1916666666666,12.1916666666666,12.1916666666666,11.8948177527813,11.8948177527813,11.8948177527813,13.2492163767158,13.2492163767158,13.2492163767158,27.339030616308094,-15.954838378170662,0.5106255146438698,-15.444212863526793,26.308199367647017,-14.74064720123248,1.681664210301264,-13.058982990931217,26.186663660069314,-14.505790728027348,0.5107937346246345,-13.994996993402713
2022-08-13,TDOU,-23.08,30.384,630.2,2022,8,13,2782,0.0112015305262634,11.2015305262634,0.0112458117988446,11.2458117988446,0.0114208333333333,11.4208333333333,11.4208333333333,11.4208333333333,11.4208333333333,11.2015305262634,11.2015305262634,11.2015305262634,11.2458117988446,11.2458117988446,11.2458117988446,27.34802747723772,-15.784196219544016,-0.3623007314303024,-16.14649695097432,26.317627538188507,-13.691650197250244,-1.380165542093664,-15.071815739343908,26.19649050845337,-13.986796861183782,-0.7888603139362864,-14.775657175120068
2022-08-14,TDOU,-23.08,30.384,630.2,2022,8,14,2783,0.0100893226323775,10.0893226323775,0.0120416659658851,12.0416659658851,0.0106791666666666,10.6791666666666,10.6791666666666,10.6791666666666,10.6791666666666,10.0893226323775,10.0893226323775,10.0893226323775,12.0416659658851,12.0416659658851,12.0416659658851,27.357041312030788,-18.208218380212486,0.9404997005592008,-17.267718679653285,26.327073669022425,-15.330518096649289,1.0451103935119619,-14.285407703137325,26.206336086719705,-16.015656515241105,0.48848709518799893,-15.527169420053106
2022-08-15,TDOU,-23.08,30.384,630.2,2022,8,15,2784,0.0123156295071626,12.3156295071626,0.0094186323105499,9.4186323105499,0.009425,9.425,10.0958333333333,9.425,9.425,12.3156295071626,12.3156295071626,12.3156295071626,9.4186323105499,9.4186323105499,9.4186323105499,27.3660720657146,-13.933591077008765,-1.116851481543236,-15.050442558552001,26.336537692051323,-15.422080038934256,-1.4958253425671657,-16.917905381501424,26.21620033079611,-16.418249393746994,0.29788239628418367,-16.12036699746281
2022-08-16,TDOU,-23.08,30.384,630.2,2022,8,16,2785,0.0105907409695171,10.5907409695171,0.0114007391115827,11.4007391115827,0.0099708333333333,9.9708333333333,9.9708333333333,9.9708333333333,9.9708333333333,10.5907409695171,10.5907409695171,10.5907409695171,11.4007391115827,11.4007391115827,11.4007391115827,27.37511968286552,-15.213363791142077,-1.5710149222063414,-16.78437871334842,26.346019538998174,-13.381326200522622,-1.5639542268928501,-14.945280427415474,26.226083176409137,-15.884055771750896,-0.37119407132493976,-16.255249843075838
2022-08-17,TDOU,-23.08,30.384,630.2,2022,8,17,2786,0.0072464725159347,7.2464725159347,0.0081551823397323,8.1551823397323,0.0068708333333333,6.8708333333333,9.9708333333333,6.8708333333333,6.8708333333333,7.2464725159347,7.2464725159347,7.2464725159347,8.1551823397323,8.1551823397323,8.1551823397323,27.38418410939363,-19.05892490263161,-1.0787866908273216,-20.13771159345893,26.3555191433037,-16.93112876220435,-1.269208041367051,-18.2003368035714,26.235984559143247,-16.091846136117756,-0.17330508969219238,-16.265151225809948
2022-08-18,TDOU,-23.08,30.384,630.2,2022,8,18,2787,0.0107009297532562,10.7009297532562,0.0093830029176911,9.3830029176911,0.0100958333333333,10.0958333333333,10.0958333333333,10.0958333333333,10.0958333333333,10.7009297532562,10.7009297532562,10.7009297532562,9.3830029176911,9.3830029176911,9.3830029176911,27.393265293358024,-18.535059532917646,1.8427239928158237,-16.692335540101823,26.365036440727796,-17.514668348186554,0.5326348251498594,-16.982033523036698,26.245904415091545,-17.366553897087808,1.216482815329563,-16.150071081758245
2022-08-19,TDOU,-23.08,30.384,630.2,2022,8,19,2788,0.0162054351204043,16.2054351204043,0.0147144235724307,14.7144235724307,0.0149583333333333,14.958333333333298,14.958333333333298,14.958333333333298,14.958333333333298,16.2054351204043,16.2054351204043,16.2054351204043,14.7144235724307,14.7144235724307,14.7144235724307,27.4023631839111,-13.51835882221849,2.321430758711692,-11.1969280635068,26.374571368665016,-13.925962948761091,2.265815152526777,-11.660147796234316,26.255842680502912,-13.116044068453553,1.818534721283939,-11.297509347169614
2022-08-20,TDOU,-23.08,30.384,630.2,2022,8,20,2789,0.0111306298888521,11.1306298888521,0.0076791295806116,7.6791295806116,0.006775,6.775,12.6625,6.775,6.775,11.1306298888521,11.1306298888521,11.1306298888521,7.6791295806116,7.6791295806116,7.6791295806116,27.41147772828533,-15.180611212421168,-1.1002366270120625,-16.28084783943323,26.384123863924675,-15.652530730318464,-3.0524635529946096,-18.704994283313074,26.265799290253042,-12.833159300197817,-0.7701399900552275,-13.603299290253043
2022-08-21,TDOU,-23.08,30.384,630.2,2022,8,21,2790,0.015076487105228,15.076487105228,0.014529007365372,14.529007365372,0.0139541666666666,13.9541666666666,13.9541666666666,13.9541666666666,13.9541666666666,15.076487105228,15.076487105228,15.076487105228,14.529007365372,14.529007365372,14.529007365372,27.42060887149101,-13.840746354862398,1.496624588599392,-12.344121766263008,26.393693861921292,-13.45604585087231,1.5913593543230178,-11.864686496549293,26.275774177579024,-13.508238280020745,1.1866307691083193,-12.321607510912424
2022-08-22,TDOU,-23.08,30.384,630.2,2022,8,22,2791,0.0139623155475659,13.9623155475659,0.013593341047937,13.593341047937,0.0126625,12.6625,12.6625,12.6625,12.6625,13.9623155475659,13.9623155475659,13.9623155475659,13.593341047937,13.593341047937,13.593341047937,27.42975655885925,-13.162033231741878,-0.30540777955146936,-13.46744101129335,26.403281300168324,-12.266654945084776,-0.5432853071465473,-12.809940252231323,26.285767275978085,-12.52140873213361,-1.1018585438444752,-13.623267275978085
2022-08-23,TDOU,-23.08,30.384,630.2,2022,8,23,2792,0.0134204838340007,13.4204838340007,0.0126264751405681,12.6264751405681,0.0129249999999999,12.9249999999999,12.9249999999999,12.9249999999999,12.9249999999999,13.4204838340007,13.4204838340007,13.4204838340007,12.6264751405681,12.6264751405681,12.6264751405681,27.438920734771088,-13.701605419283469,-0.3168314814869184,-14.018436900770388,26.412886115677296,-11.415321440634957,-2.371089534474237,-13.786410975109195,26.295778518482994,-12.086872203574027,-1.2839063149090677,-13.370778518483094
2022-08-24,TDOU,-23.08,30.384,630.2,2022,8,24,2793,0.0133354773261366,13.3354773261366,0.0127865574241861,12.7865574241861,0.0112041666666666,11.2041666666666,11.2041666666666,11.2041666666666,11.2041666666666,13.3354773261366,13.3354773261366,13.3354773261366,12.7865574241861,12.7865574241861,12.7865574241861,27.448101343807192,-14.358418125770761,0.2457941081001671,-14.112624017670592,26.42250824638325,-13.528220931260979,-0.10772989093617014,-13.635950822197149,26.305807839488406,-14.452324426100075,-0.6493167467217305,-15.101641172821806
2022-08-25,TDOU,-23.08,30.384,630.2,2022,8,25,2794,0.0130653375087285,13.0653375087285,0.0111164148633587,11.1164148633587,0.0120375,12.0375,12.0375,12.0375,12.0375,13.0653375087285,13.0653375087285,13.0653375087285,11.1164148633587,11.1164148633587,11.1164148633587,27.45729833106115,-14.02891915856687,-0.36304166376578095,-14.39196082233265,26.432147632877964,-13.678276387171323,-1.637456382347942,-15.315732769519263,26.31585517533787,-12.997164393913527,-1.2811907814243426,-14.27835517533787
2022-08-27,TDOU,-23.08,30.384,630.2,2022,8,27,2796,0.0121481139752145,12.1481139752145,0.0139927635755311,13.9927635755311,0.0143541666666666,14.3541666666666,14.3541666666666,14.3541666666666,14.3541666666666,12.1481139752145,12.1481139752145,12.1481139752145,13.9927635755311,13.9927635755311,13.9927635755311,27.475741221531734,-15.880212399638427,0.5525851533211927,-15.327627246317235,26.451477942637133,-13.934297339460398,1.475582972354367,-12.458714367106033,26.336003644609903,-13.686147861589827,1.7043108836465244,-11.981836977943303
2022-08-28,TDOU,-23.08,30.384,630.2,2022,8,28,2797,0.0151634461328909,15.1634461328909,0.0161874726322961,16.1874726322961,0.0160166666666666,16.016666666666598,16.016666666666598,16.016666666666598,16.016666666666598,15.1634461328909,15.1634461328909,15.1634461328909,16.1874726322961,16.1874726322961,16.1874726322961,27.484987016107084,-16.798898152087645,4.477357268871462,-12.321540883216183,26.461168753593853,-16.13836072398681,5.864664602689061,-10.273696121297753,26.34610465627911,-16.599196650312162,6.269758660699651,-10.329437989612511
2022-08-29,TDOU,-23.08,30.384,630.2,2022,8,29,2798,0.0150779856444834,15.0779856444834,0.0137638964529281,13.7638964529281,0.013875,13.875,13.875,13.875,13.875,15.0779856444834,15.0779856444834,15.0779856444834,13.7638964529281,13.7638964529281,13.7638964529281,27.494248969808474,-16.26515267355355,3.848889348228475,-12.416263325325074,26.470876591468507,-15.650006639463133,2.9430265009227234,-12.706980138540407,26.356223434998675,-15.4517813154442,2.9705578804455257,-12.481223434998675
2022-08-30,TDOU,-23.08,30.384,630.2,2022,8,30,2799,0.0204520406317821,20.4520406317821,0.0200636482073573,20.0636482073573,0.0198958333333333,19.8958333333333,19.8958333333333,19.8958333333333,19.8958333333333,15.120715888687153,20.4520406317821,20.4520406317821,20.0636482073573,20.0636482073573,20.0636482073573,27.503527022306724,-16.73191441832383,4.34910328470426,-12.38281113361957,26.48060139232018,-13.597983417296254,7.18103023233337,-6.416953184962882,26.366359911237943,-13.041498538316413,6.570971960411768,-6.470526577904643
