STN,DOY,YEAR,MONTH,DAY,LAT,LON,H,IGS_PWV,NGL_PWV,VMF3_PWV,ERA5_PWV
MBAR,1,2015,1,1,-0.601,30.738,1337.653,0.0254353422439253,0.0263749652777777,0.0231536387709687,0.0261458333333333
MBAR,2,2015,1,2,-0.601,30.738,1337.653,0.0211509707864419,0.0210226041666666,0.0187809289333131,0.024475
MBAR,3,2015,1,3,-0.601,30.738,1337.653,0.0197789873134253,0.0200701041666666,0.0164217434886706,0.020075
MBAR,4,2015,1,4,-0.601,30.738,1337.653,0.0233848420600656,0.0231467013888888,0.0195562999916872,0.0224083333333333
MBAR,5,2015,1,5,-0.601,30.738,1337.653,0.0252044125507375,0.0237971874999999,0.0232640043336764,0.0249875
MBAR,6,2015,1,6,-0.601,30.738,1337.653,0.0291913925744853,0.0282752430555555,0.026215319073698,0.028425
MBAR,7,2015,1,7,-0.601,30.738,1337.653,0.026901384014257,0.0255079166666666,0.0248444953211531,0.0259125
MBAR,8,2015,1,8,-0.601,30.738,1337.653,0.0262214750819176,0.0252398611111111,0.0231963928247491,0.0247666666666666
MBAR,9,2015,1,9,-0.601,30.738,1337.653,0.0240202081870656,0.0236676041666666,0.0222417659288777,0.0236041666666666
MBAR,10,2015,1,10,-0.601,30.738,1337.653,0.0251018494055751,0.0237764236111111,0.0224442724071227,0.0232041666666666
MBAR,11,2015,1,11,-0.601,30.738,1337.653,0.0287597969168393,0.0272002777777777,0.0251385877572186,0.026675
MBAR,12,2015,1,12,-0.601,30.738,1337.653,0.0267277342799397,0.0240749652777777,0.0246283284300071,0.0265583333333333
MBAR,13,2015,1,13,-0.601,30.738,1337.653,0.025950609877503,0.0249382291666666,0.0227605677249272,0.023975
MBAR,14,2015,1,14,-0.601,30.738,1337.653,0.0239601298390174,0.0230241319444444,0.0215447175535288,0.02235
MBAR,15,2015,1,15,-0.601,30.738,1337.653,0.0233162897397705,0.0222262847222222,0.0205513126618524,0.0218624999999999
MBAR,16,2015,1,16,-0.601,30.738,1337.653,0.0213170156421921,0.0214354166666666,0.0190360244288735,0.0214041666666666
MBAR,17,2015,1,17,-0.601,30.738,1337.653,0.0180708654180004,0.0169005208333333,0.0177848598888188,0.0199208333333333
MBAR,18,2015,1,18,-0.601,30.738,1337.653,0.0196825787630666,0.0195465625,0.0187135983995401,0.0202458333333333
MBAR,19,2015,1,19,-0.601,30.738,1337.653,0.0222131185996343,0.0212891666666666,0.0198043929757632,0.0213166666666666
MBAR,20,2015,1,20,-0.601,30.738,1337.653,0.0258320460120012,0.025483125,0.0232988237399266,0.0244166666666666
MBAR,21,2015,1,21,-0.601,30.738,1337.653,0.0279390926288022,0.0268107291666666,0.0256359050171782,0.0277875
MBAR,22,2015,1,22,-0.601,30.738,1337.653,0.0267754807919047,0.0272387152777777,0.028745541860558,0.03045
MBAR,23,2015,1,23,-0.601,30.738,1337.653,0.0279398915765256,0.0277865277777777,0.0264122110156948,0.0268833333333333
MBAR,24,2015,1,24,-0.601,30.738,1337.653,0.0277963564257617,0.0280826041666666,0.0293523524500357,0.0313625
MBAR,25,2015,1,25,-0.601,30.738,1337.653,0.0262105716013113,0.0266079166666666,0.0274986439697604,0.0278625
MBAR,26,2015,1,26,-0.601,30.738,1337.653,0.0217116018651748,0.0242446875,0.0240035115537276,0.0265958333333333
MBAR,27,2015,1,27,-0.601,30.738,1337.653,0.0207245172525818,0.0201314236111111,0.0199917609384504,0.0208458333333333
MBAR,28,2015,1,28,-0.601,30.738,1337.653,0.0216276886584233,0.0205228125,0.0204817963671267,0.0224166666666666
MBAR,29,2015,1,29,-0.601,30.738,1337.653,0.0219452255975802,0.0218447916666666,0.0212033810028059,0.023575
MBAR,30,2015,1,30,-0.601,30.738,1337.653,0.0243339019851084,0.0252662152777777,0.0214198120675714,0.0249583333333333
MBAR,32,2015,2,1,-0.601,30.738,1337.653,0.0256347929409655,0.0251137152777777,0.0208403868464395,0.0249291666666666
MBAR,33,2015,2,2,-0.601,30.738,1337.653,0.0271759025487535,0.0260451736111111,0.0224820247027334,0.026725
MBAR,34,2015,2,3,-0.601,30.738,1337.653,0.0281537447832496,0.0272346875,0.0246702400110221,0.0279125
MBAR,35,2015,2,4,-0.601,30.738,1337.653,0.0276525347859627,0.0266719791666666,0.0248795311218519,0.0259416666666666
MBAR,36,2015,2,5,-0.601,30.738,1337.653,0.0250514685215418,0.0243978125,0.0216609807373871,0.0247833333333333
MBAR,37,2015,2,6,-0.601,30.738,1337.653,0.0237251573233716,0.0240987152777777,0.0232161164036454,0.0247708333333333
MBAR,38,2015,2,7,-0.601,30.738,1337.653,0.0200112909388001,0.0188396875,0.0199060141601571,0.0217125
MBAR,39,2015,2,8,-0.601,30.738,1337.653,0.0234276930666642,0.0241186111111111,0.0222123723619104,0.0248416666666666
MBAR,40,2015,2,9,-0.601,30.738,1337.653,0.0237369013251095,0.0229601736111111,0.0243505794318976,0.0260124999999999
MBAR,41,2015,2,10,-0.601,30.738,1337.653,0.0241736713345123,0.0237537847222222,0.0193813117859135,0.0244708333333333
MBAR,42,2015,2,11,-0.601,30.738,1337.653,0.0245609450973356,0.0232162152777777,0.0206795873673126,0.02275
MBAR,43,2015,2,12,-0.601,30.738,1337.653,0.0263921377447307,0.0255273263888888,0.0216987360651879,0.0243875
MBAR,44,2015,2,13,-0.601,30.738,1337.653,0.0270976154668463,0.0281585416666666,0.023551353002891,0.0278625
MBAR,45,2015,2,14,-0.601,30.738,1337.653,0.025781692109046,0.0238226736111111,0.0237972316832966,0.0273333333333333
MBAR,46,2015,2,15,-0.601,30.738,1337.653,0.0290464283286083,0.0287920138888888,0.0266314715867191,0.0273875
MBAR,47,2015,2,16,-0.601,30.738,1337.653,0.0294390062697177,0.0280492013888888,0.0293965262125443,0.0294958333333333
MBAR,48,2015,2,17,-0.601,30.738,1337.653,0.0315875265613915,0.0311039583333333,0.0317441955788716,0.0329708333333333
MBAR,49,2015,2,18,-0.601,30.738,1337.653,0.0334058352841011,0.0307639930555555,0.0329813692164737,0.03235
MBAR,50,2015,2,19,-0.601,30.738,1337.653,0.0289365884359737,0.0274842708333333,0.0292982604790391,0.0311416666666666
MBAR,51,2015,2,20,-0.601,30.738,1337.653,0.0268339431318868,0.0282727430555555,0.0299533115700219,0.0312458333333333
MBAR,52,2015,2,21,-0.601,30.738,1337.653,0.02740649906722,0.0288820138888888,0.0296175009150019,0.0286708333333333
MBAR,53,2015,2,22,-0.601,30.738,1337.653,0.0276115057574163,0.0271459375,0.026255271035327,0.0269333333333333
MBAR,54,2015,2,23,-0.601,30.738,1337.653,0.0290443266835146,0.0288015625,0.0271685429895622,0.028475
MBAR,55,2015,2,24,-0.601,30.738,1337.653,0.0288075137576173,0.0282364583333333,0.0285717359641216,0.0287541666666666
MBAR,56,2015,2,25,-0.601,30.738,1337.653,0.0271185629731667,0.0263896527777777,0.0273757106868421,0.0263874999999999
MBAR,57,2015,2,26,-0.601,30.738,1337.653,0.0256022095203414,0.0232447569444444,0.0264114411894876,0.0261166666666666
MBAR,58,2015,2,27,-0.601,30.738,1337.653,0.0265045125121423,0.0242590624999999,0.0251053859207538,0.025175
MBAR,59,2015,2,28,-0.601,30.738,1337.653,0.0272385386063451,0.0272907638888888,0.0296684160949185,0.03
MBAR,60,2015,3,1,-0.601,30.738,1337.653,0.0288175889484654,0.0289180902777777,0.0281721999997758,0.0288083333333333
MBAR,61,2015,3,2,-0.601,30.738,1337.653,0.0289665999355783,0.0283094791666666,0.0270124858333668,0.0297083333333333
MBAR,62,2015,3,3,-0.601,30.738,1337.653,0.0276837118510593,0.0275113541666666,0.0278256171271581,0.0277083333333333
MBAR,63,2015,3,4,-0.601,30.738,1337.653,0.0241648318751315,0.0246554166666666,0.021628932567336,0.0244458333333333
MBAR,64,2015,3,5,-0.601,30.738,1337.653,0.0229555489300009,0.0223829513888888,0.021190280872564,0.0236333333333333
MBAR,65,2015,3,6,-0.601,30.738,1337.653,0.0249974570450722,0.0245675347222222,0.0230493331735471,0.0260208333333333
MBAR,66,2015,3,7,-0.601,30.738,1337.653,0.0231122718886933,0.0224186111111111,0.0202867254889508,0.0240875
MBAR,67,2015,3,8,-0.601,30.738,1337.653,0.0220886228534985,0.0222973263888888,0.0214870540522856,0.0241249999999999
MBAR,68,2015,3,9,-0.601,30.738,1337.653,0.0163325323190883,0.0152381597222222,0.017084469623744,0.0187458333333333
MBAR,69,2015,3,10,-0.601,30.738,1337.653,0.0170727082813244,0.0176948611111111,0.0166628321757088,0.0202875
MBAR,70,2015,3,11,-0.601,30.738,1337.653,0.019814610008771,0.0191797916666666,0.0185344208886057,0.0197541666666666
MBAR,71,2015,3,12,-0.601,30.738,1337.653,0.0246915405254268,0.025830625,0.0232462947015399,0.0248041666666666
MBAR,72,2015,3,13,-0.601,30.738,1337.653,0.0268897544248109,0.0263519444444444,0.023622466713442,0.0264875
MBAR,73,2015,3,14,-0.601,30.738,1337.653,0.0270850389304772,0.0271335763888888,0.0237999032241014,0.0247416666666666
MBAR,74,2015,3,15,-0.601,30.738,1337.653,0.0199894043856034,0.019408125,0.0174435700380176,0.0203374999999999
MBAR,75,2015,3,16,-0.601,30.738,1337.653,0.0182300242290708,0.0180995833333333,0.0184304329738803,0.0214
MBAR,76,2015,3,17,-0.601,30.738,1337.653,0.0251229168736755,0.0245752430555555,0.0240819864960654,0.0249
MBAR,77,2015,3,18,-0.601,30.738,1337.653,0.0299403481433402,0.0295659027777777,0.0295960541571899,0.0308375
MBAR,78,2015,3,19,-0.601,30.738,1337.653,0.0309757712117147,0.0304728472222222,0.0306316456713794,0.0307583333333333
MBAR,79,2015,3,20,-0.601,30.738,1337.653,0.0295095414120551,0.0288863194444444,0.0302885586607833,0.029825
MBAR,80,2015,3,21,-0.601,30.738,1337.653,0.0309145096529846,0.0301212152777777,0.0312960359284068,0.0301166666666666
MBAR,81,2015,3,22,-0.601,30.738,1337.653,0.0334691047146296,0.0327615277777777,0.034778409446923,0.0352
MBAR,82,2015,3,23,-0.601,30.738,1337.653,0.0342008019903524,0.0347621875,0.0366597619252462,0.0374708333333333
MBAR,83,2015,3,24,-0.601,30.738,1337.653,0.0342773453838922,0.0348486805555555,0.0363979660686074,0.0343791666666666
MBAR,84,2015,3,25,-0.601,30.738,1337.653,0.0325139678181351,0.0328735416666666,0.0341999897919212,0.0331083333333333
MBAR,85,2015,3,26,-0.601,30.738,1337.653,0.0329886313066934,0.0333552430555555,0.0350286735652929,0.03495
MBAR,86,2015,3,27,-0.601,30.738,1337.653,0.0358648703659603,0.0353512152777777,0.0351855404966816,0.0351208333333333
MBAR,87,2015,3,28,-0.601,30.738,1337.653,0.0360146063569438,0.0361535763888888,0.0346138324623229,0.0360625
MBAR,88,2015,3,29,-0.601,30.738,1337.653,0.0361658239322607,0.0366201388888888,0.0363438397109389,0.0375416666666666
MBAR,89,2015,3,30,-0.601,30.738,1337.653,0.0351141674380864,0.0345623263888888,0.034976436316975,0.0370625
MBAR,91,2015,4,1,-0.601,30.738,1337.653,0.0333401033436656,0.0334214236111111,0.0337735655317862,0.0350666666666666
MBAR,92,2015,4,2,-0.601,30.738,1337.653,0.03357231699735,0.0327811458333333,0.0332199639147771,0.0335458333333333
MBAR,93,2015,4,3,-0.601,30.738,1337.653,0.0365728845915838,0.0353360069444444,0.035922270320138,0.0370208333333333
MBAR,94,2015,4,4,-0.601,30.738,1337.653,0.0377313770622911,0.0363666666666666,0.0370484605299318,0.0359541666666666
MBAR,95,2015,4,5,-0.601,30.738,1337.653,0.0374283380612182,0.0362076388888888,0.0354259996455038,0.0351249999999999
MBAR,96,2015,4,6,-0.601,30.738,1337.653,0.0354344528689728,0.0347479513888888,0.0327781768117021,0.0344083333333333
MBAR,97,2015,4,7,-0.601,30.738,1337.653,0.0333250955379792,0.0325423263888888,0.0313581996200674,0.0339916666666666
MBAR,98,2015,4,8,-0.601,30.738,1337.653,0.0346862626830872,0.0333656249999999,0.0324197817184646,0.0330708333333333
MBAR,99,2015,4,9,-0.601,30.738,1337.653,0.0368548147861955,0.0351267361111111,0.0351753859783595,0.0372583333333333
MBAR,100,2015,4,10,-0.601,30.738,1337.653,0.0366597123301436,0.0351482638888888,0.0334259914647078,0.0344583333333333
MBAR,101,2015,4,11,-0.601,30.738,1337.653,0.0322937635690563,0.0316406944444444,0.0341703354425037,0.0330541666666666
MBAR,102,2015,4,12,-0.601,30.738,1337.653,0.0324006122001582,0.0318751736111111,0.0323981922201391,0.03275
MBAR,103,2015,4,13,-0.601,30.738,1337.653,0.0320785632415747,0.0327707986111111,0.0299848384932556,0.0325291666666666
MBAR,104,2015,4,14,-0.601,30.738,1337.653,0.0330478503396208,0.0311247569444444,0.0298357702038268,0.0324166666666666
MBAR,105,2015,4,15,-0.601,30.738,1337.653,0.0353462706355409,0.0339797222222222,0.0332863847401499,0.0353791666666666
MBAR,106,2015,4,16,-0.601,30.738,1337.653,0.0331070765243111,0.0323088888888888,0.0348978646879321,0.0358791666666666
MBAR,107,2015,4,17,-0.601,30.738,1337.653,0.0341053614811024,0.0332933680555555,0.0335413484522029,0.03675
MBAR,108,2015,4,18,-0.601,30.738,1337.653,0.03515834849001,0.0349494791666666,0.0335871575808582,0.0351291666666666
MBAR,109,2015,4,19,-0.601,30.738,1337.653,0.0338428082402418,0.0330443055555555,0.0322599357678621,0.0332583333333333
MBAR,110,2015,4,20,-0.601,30.738,1337.653,0.0315030341381379,0.0313806944444444,0.0308768654082285,0.0310291666666666
MBAR,111,2015,4,21,-0.601,30.738,1337.653,0.0321739829960884,0.0313946527777777,0.0327762795359258,0.0316375
MBAR,112,2015,4,22,-0.601,30.738,1337.653,0.033874126351706,0.0325750347222222,0.0321628203076776,0.0320375
MBAR,113,2015,4,23,-0.601,30.738,1337.653,0.0328755691647982,0.0312579861111111,0.031534230411866,0.0314166666666666
MBAR,114,2015,4,24,-0.601,30.738,1337.653,0.032565166805328,0.0315432986111111,0.030384555651427,0.0318333333333333
MBAR,115,2015,4,25,-0.601,30.738,1337.653,0.0327050120199578,0.0318238541666666,0.0331775892826805,0.0326958333333333
MBAR,116,2015,4,26,-0.601,30.738,1337.653,0.0335034483353771,0.03365875,0.0342187938112946,0.035425
MBAR,117,2015,4,27,-0.601,30.738,1337.653,0.0362420376452483,0.0349420138888888,0.035391659448464,0.0352458333333333
MBAR,118,2015,4,28,-0.601,30.738,1337.653,0.0368862780731181,0.0348649305555555,0.0343021448783816,0.0347916666666666
MBAR,119,2015,4,29,-0.601,30.738,1337.653,0.0381405226097599,0.0354072916666666,0.0338065896343242,0.0345791666666666
MBAR,120,2015,4,30,-0.601,30.738,1337.653,0.0353804026692406,0.0331635416666666,0.0347187326926228,0.0348583333333333
MBAR,121,2015,5,1,-0.601,30.738,1337.653,0.0331249014535682,0.0321809722222222,0.0331892631035275,0.0332374999999999
MBAR,122,2015,5,2,-0.601,30.738,1337.653,0.0334314761095561,0.0331713541666666,0.0343603827513097,0.034325
MBAR,123,2015,5,3,-0.601,30.738,1337.653,0.0338088673096193,0.0335892361111111,0.0330410125184529,0.0331124999999999
MBAR,124,2015,5,4,-0.601,30.738,1337.653,0.0296569486797174,0.0284974305555555,0.029189712104011,0.0295416666666666
MBAR,125,2015,5,5,-0.601,30.738,1337.653,0.033026722590496,0.0333000347222222,0.0291365699769794,0.0316666666666666
MBAR,126,2015,5,6,-0.601,30.738,1337.653,0.0349090709748546,0.0344633680555555,0.0338492184051112,0.0367208333333333
MBAR,127,2015,5,7,-0.601,30.738,1337.653,0.0349438243039074,0.0351556944444444,0.0356258326396464,0.0356833333333333
MBAR,128,2015,5,8,-0.601,30.738,1337.653,0.0349196404875973,0.0341327083333333,0.0346209552746144,0.0352208333333333
MBAR,129,2015,5,9,-0.601,30.738,1337.653,0.0347129718865576,0.0337344097222222,0.033798424880088,0.0349958333333333
MBAR,130,2015,5,10,-0.601,30.738,1337.653,0.0344211657459676,0.0328520486111111,0.0346061891755879,0.0350458333333333
MBAR,131,2015,5,11,-0.601,30.738,1337.653,0.0344703009139748,0.0329072222222222,0.0331666081441599,0.0343208333333333
MBAR,132,2015,5,12,-0.601,30.738,1337.653,0.0344212802249134,0.0335489236111111,0.0335597034003222,0.0343666666666666
MBAR,133,2015,5,13,-0.601,30.738,1337.653,0.0338782035514838,0.0340390277777777,0.0333508125772164,0.0354583333333333
MBAR,134,2015,5,14,-0.601,30.738,1337.653,0.0326101001636369,0.0326603900709219,0.0342244003360524,0.034175
MBAR,135,2015,5,15,-0.601,30.738,1337.653,0.0280011223222438,0.0276667708333333,0.0291924919564848,0.0308708333333333
MBAR,136,2015,5,16,-0.601,30.738,1337.653,0.028637342382713,0.0304141319444444,0.0318600968674942,0.0325166666666666
MBAR,137,2015,5,17,-0.601,30.738,1337.653,0.0317362503026351,0.0311688541666666,0.0314089026497708,0.0327833333333333
MBAR,138,2015,5,18,-0.601,30.738,1337.653,0.0346917352000083,0.0338580902777777,0.0327122025518466,0.0336583333333333
MBAR,139,2015,5,19,-0.601,30.738,1337.653,0.0347390171881125,0.0332104861111111,0.0306716200448513,0.0322125
MBAR,140,2015,5,20,-0.601,30.738,1337.653,0.0341132106422482,0.0319905319148936,0.0314057144166274,0.0335458333333333
MBAR,141,2015,5,21,-0.601,30.738,1337.653,0.0354409274927067,0.0344194791666666,0.0332204944602901,0.0351916666666666
MBAR,142,2015,5,22,-0.601,30.738,1337.653,0.0329952882668253,0.0309922222222222,0.0301121415484175,0.0328666666666666
MBAR,143,2015,5,23,-0.601,30.738,1337.653,0.0327437687193562,0.0303213888888888,0.0297561897497781,0.0311874999999999
MBAR,145,2015,5,25,-0.601,30.738,1337.653,0.0340037657690334,0.0328686805555555,0.0312935525074006,0.0311458333333333
MBAR,146,2015,5,26,-0.601,30.738,1337.653,0.0330588930935415,0.0321096875,0.0331424099311508,0.0333125
MBAR,147,2015,5,27,-0.601,30.738,1337.653,0.0298773894366971,0.0289315625,0.0310466293790093,0.0312708333333333
MBAR,148,2015,5,28,-0.601,30.738,1337.653,0.0294420352351722,0.0285664583333333,0.0275730765540322,0.0296208333333333
MBAR,149,2015,5,29,-0.601,30.738,1337.653,0.0318939908749452,0.0325754861111111,0.0315886864393947,0.032475
MBAR,150,2015,5,30,-0.601,30.738,1337.653,0.0322178394514968,0.0318523611111111,0.0314422509202382,0.032475
MBAR,152,2015,6,1,-0.601,30.738,1337.653,0.0350388057077726,0.0346603472222222,0.0343261221714626,0.0342791666666666
MBAR,153,2015,6,2,-0.601,30.738,1337.653,0.0353788445535437,0.034555625,0.0351692588135511,0.036125
MBAR,154,2015,6,3,-0.601,30.738,1337.653,0.0343444509324155,0.0319066319444444,0.0344016693191754,0.033675
MBAR,155,2015,6,4,-0.601,30.738,1337.653,0.0339271377811174,0.0337209375,0.0324664972937403,0.0339791666666666
MBAR,156,2015,6,5,-0.601,30.738,1337.653,0.0332818077029109,0.0312667013888888,0.0336561470185248,0.0345458333333333
MBAR,157,2015,6,6,-0.601,30.738,1337.653,0.0317781640024507,0.0296647569444444,0.0316983331465922,0.0300708333333333
MBAR,158,2015,6,7,-0.601,30.738,1337.653,0.0295822497654249,0.0277935763888888,0.0288642650411091,0.0294916666666666
MBAR,159,2015,6,8,-0.601,30.738,1337.653,0.0306565849100348,0.0285473263888888,0.0270904599423981,0.0291541666666666
MBAR,160,2015,6,9,-0.601,30.738,1337.653,0.0307109954959384,0.0296836111111111,0.0259203490180479,0.0282125
MBAR,161,2015,6,10,-0.601,30.738,1337.653,0.0309557706796205,0.0284202430555555,0.0262438443129608,0.0284791666666666
MBAR,162,2015,6,11,-0.601,30.738,1337.653,0.0305926505663536,0.0290456944444444,0.0272083176691188,0.0283375
MBAR,163,2015,6,12,-0.601,30.738,1337.653,0.0318314902802594,0.0307964583333333,0.0290746356648171,0.0305708333333333
MBAR,164,2015,6,13,-0.601,30.738,1337.653,0.0329167129460922,0.0324571180555555,0.0300433448226985,0.0321166666666666
MBAR,333,2015,11,29,-0.601,30.738,1337.653,0.0317290336410562,0.0301630902777777,0.0312752104015296,0.0320708333333333
MBAR,340,2015,12,6,-0.601,30.738,1337.653,0.0346215130921683,0.0335626041666666,0.0333538782312292,0.0340833333333333
MBAR,341,2015,12,7,-0.601,30.738,1337.653,0.0334100975891375,0.0325307291666666,0.0321031863074595,0.0329666666666666
MBAR,342,2015,12,8,-0.601,30.738,1337.653,0.034251204102546,0.033715625,0.0344059148210222,0.0335666666666666
MBAR,343,2015,12,9,-0.601,30.738,1337.653,0.0339573352250895,0.0336706944444444,0.0335503673481765,0.0332791666666666
MBAR,344,2015,12,10,-0.601,30.738,1337.653,0.0339721180178224,0.0336554513888888,0.0346240821962018,0.0357291666666666
MBAR,348,2015,12,14,-0.601,30.738,1337.653,0.0373934048915214,0.0361618987341772,0.0331594626851144,0.03385
MBAR,349,2015,12,15,-0.601,30.738,1337.653,0.0366113746801923,0.0346896180555555,0.0345809669471552,0.0347041666666666
MBAR,350,2015,12,16,-0.601,30.738,1337.653,0.0348290582779581,0.0329959027777777,0.0327545993007148,0.03355
MBAR,351,2015,12,17,-0.601,30.738,1337.653,0.0341122146460266,0.032253125,0.0333071068257967,0.0334125
MBAR,352,2015,12,18,-0.601,30.738,1337.653,0.0324944216525635,0.0326853125,0.0298114314865262,0.0315541666666666
MBAR,353,2015,12,19,-0.601,30.738,1337.653,0.0333841284124309,0.0322666319444444,0.032451554328783,0.0331375
MBAR,354,2015,12,20,-0.601,30.738,1337.653,0.0322087438414776,0.0322857986111111,0.0330553352911404,0.0339083333333333
MBAR,355,2015,12,21,-0.601,30.738,1337.653,0.0316249679650255,0.0300152083333333,0.0323500559692581,0.0323333333333333
MBAR,356,2015,12,22,-0.601,30.738,1337.653,0.0318173436031493,0.0314299305555555,0.0329778132513614,0.0324083333333333
MBAR,357,2015,12,23,-0.601,30.738,1337.653,0.0287515913781982,0.0287806249999999,0.0304299914753314,0.0307375
MBAR,358,2015,12,24,-0.601,30.738,1337.653,0.0299658659288096,0.0293778472222222,0.0302911951871467,0.0292583333333333
MBAR,359,2015,12,25,-0.601,30.738,1337.653,0.0299217224725002,0.0286862847222222,0.0287950584249239,0.0288333333333333
MBAR,360,2015,12,26,-0.601,30.738,1337.653,0.0286323984125999,0.0288070833333333,0.0294357865869875,0.029475
MBAR,361,2015,12,27,-0.601,30.738,1337.653,0.0301952378718236,0.0294871874999999,0.0301081862808803,0.0306
MBAR,362,2015,12,28,-0.601,30.738,1337.653,0.0333217647396898,0.0328734722222222,0.0331700168228707,0.0337083333333333
MBAR,382,2016,1,17,-0.601,30.738,1337.653,0.0354739905380445,0.0336479861111111,0.0353109977612195,0.0360041666666666
MBAR,383,2016,1,18,-0.601,30.738,1337.653,0.0372669971560311,0.0362271527777777,0.0365524490899369,0.0367083333333333
MBAR,384,2016,1,19,-0.601,30.738,1337.653,0.0382454643429801,0.0357699652777777,0.0353799494028208,0.0366125
MBAR,385,2016,1,20,-0.601,30.738,1337.653,0.0375468921126115,0.0355999652777777,0.0347461996029476,0.0357583333333333
MBAR,386,2016,1,21,-0.601,30.738,1337.653,0.0368888001966695,0.0344875,0.0354802957238465,0.0354166666666666
MBAR,387,2016,1,22,-0.601,30.738,1337.653,0.0355844116721209,0.0345438888888888,0.0351506340622521,0.0351791666666666
MBAR,388,2016,1,23,-0.601,30.738,1337.653,0.0297351967063068,0.02948625,0.032474868684492,0.0321958333333333
MBAR,389,2016,1,24,-0.601,30.738,1337.653,0.0308842108746883,0.0296950694444444,0.0291373793907871,0.0304083333333333
MBAR,390,2016,1,25,-0.601,30.738,1337.653,0.0309384987778777,0.0295958680555555,0.0270601138076224,0.0280875
MBAR,391,2016,1,26,-0.601,30.738,1337.653,0.0304995416773999,0.0308741666666666,0.0281657990751742,0.0274541666666666
MBAR,392,2016,1,27,-0.601,30.738,1337.653,0.029190979767375,0.0283690277777777,0.0270332665428759,0.0277625
MBAR,393,2016,1,28,-0.601,30.738,1337.653,0.0278100266670716,0.0263033680555555,0.0275670082152108,0.0283541666666666
MBAR,394,2016,1,29,-0.601,30.738,1337.653,0.0205885764042275,0.0193607638888888,0.0216552848129232,0.0227916666666666
MBAR,395,2016,1,30,-0.601,30.738,1337.653,0.02214400925739,0.0206773263888888,0.0202961584234972,0.020775
MBAR,397,2016,2,1,-0.601,30.738,1337.653,0.0290027879399771,0.0281221527777777,0.0282089442598211,0.0280166666666666
MBAR,398,2016,2,2,-0.601,30.738,1337.653,0.0266604267021661,0.0249339236111111,0.0265580147116132,0.0267
MBAR,399,2016,2,3,-0.601,30.738,1337.653,0.0282067500546333,0.029495625,0.0295051723603279,0.029825
MBAR,400,2016,2,4,-0.601,30.738,1337.653,0.0242700180686445,0.0239397222222222,0.0248865066858682,0.0260166666666666
MBAR,401,2016,2,5,-0.601,30.738,1337.653,0.0243010215609817,0.0233037499999999,0.0252097776976349,0.0264666666666666
MBAR,402,2016,2,6,-0.601,30.738,1337.653,0.025327710287673,0.0238352083333333,0.0252389240664592,0.02555
MBAR,403,2016,2,7,-0.601,30.738,1337.653,0.0285554332890029,0.0284766666666666,0.0268672449600379,0.0277583333333333
MBAR,404,2016,2,8,-0.601,30.738,1337.653,0.0321555932433907,0.0312707986111111,0.0290549607302703,0.0307791666666666
MBAR,405,2016,2,9,-0.601,30.738,1337.653,0.0314072115161466,0.0303247222222222,0.0306664247740881,0.0303833333333333
MBAR,406,2016,2,10,-0.601,30.738,1337.653,0.0273721841434484,0.0270081597222222,0.0294959871958186,0.0296708333333333
MBAR,407,2016,2,11,-0.601,30.738,1337.653,0.0269062373045523,0.0245228819444444,0.0274565301780459,0.0282083333333333
MBAR,408,2016,2,12,-0.601,30.738,1337.653,0.0314558622181603,0.0302868055555555,0.0311209844550541,0.0312125
MBAR,409,2016,2,13,-0.601,30.738,1337.653,0.0300012826674506,0.0287240624999999,0.0298751074018029,0.0285666666666666
MBAR,410,2016,2,14,-0.601,30.738,1337.653,0.0260845800241377,0.0263203819444444,0.0268040952266877,0.0270833333333333
MBAR,411,2016,2,15,-0.601,30.738,1337.653,0.0256726778923138,0.0246398958333333,0.026744103266167,0.0273708333333333
MBAR,412,2016,2,16,-0.601,30.738,1337.653,0.0215295525055955,0.0215670486111111,0.0227080165432425,0.0230708333333333
MBAR,413,2016,2,17,-0.601,30.738,1337.653,0.0188978902146061,0.0213635069444444,0.0201463915370369,0.0221083333333333
MBAR,414,2016,2,18,-0.601,30.738,1337.653,0.0271028862806964,0.025365,0.0230934127014395,0.025325
MBAR,415,2016,2,19,-0.601,30.738,1337.653,0.0353805406730487,0.0348230555555555,0.0341964866051927,0.0349125
MBAR,416,2016,2,20,-0.601,30.738,1337.653,0.0359803411714367,0.0351408680555555,0.0366633954236737,0.0377458333333333
MBAR,417,2016,2,21,-0.601,30.738,1337.653,0.0357312529553215,0.0364758333333333,0.035192643134349,0.0375125
MBAR,418,2016,2,22,-0.601,30.738,1337.653,0.034639233581063,0.0337497916666666,0.0339113196832399,0.0339625
MBAR,419,2016,2,23,-0.601,30.738,1337.653,0.0318486107725808,0.0321468055555555,0.0338903721945526,0.0332916666666666
MBAR,420,2016,2,24,-0.601,30.738,1337.653,0.0276317767052456,0.0265389236111111,0.0273052286330031,0.029275
MBAR,421,2016,2,25,-0.601,30.738,1337.653,0.029678789121622,0.0304924652777777,0.0303460148006347,0.030325
MBAR,422,2016,2,26,-0.601,30.738,1337.653,0.0326609953946999,0.0319526041666666,0.0319040103830503,0.0323583333333333
MBAR,423,2016,2,27,-0.601,30.738,1337.653,0.0363433124237879,0.0361439930555555,0.0348951264820703,0.0353416666666666
MBAR,424,2016,2,28,-0.601,30.738,1337.653,0.0338107464827054,0.0326629861111111,0.0334070763900975,0.0339625
MBAR,425,2016,2,29,-0.601,30.738,1337.653,0.0316068015805973,0.0311035763888888,0.0325828813639852,0.0322041666666666
MBAR,426,2016,3,1,-0.601,30.738,1337.653,0.0327058354555238,0.0326034375,0.0331650348287535,0.0328916666666666
MBAR,427,2016,3,2,-0.601,30.738,1337.653,0.0336273202993363,0.0324553125,0.0330780504903842,0.0322416666666666
MBAR,428,2016,3,3,-0.601,30.738,1337.653,0.0352512676361612,0.0352391666666666,0.0362721654944637,0.0358958333333333
MBAR,429,2016,3,4,-0.601,30.738,1337.653,0.0309867615247773,0.0301942708333333,0.0321724996821747,0.0312083333333333
MBAR,430,2016,3,5,-0.601,30.738,1337.653,0.0244554648384537,0.0239787847222222,0.0254373373554908,0.026
MBAR,431,2016,3,6,-0.601,30.738,1337.653,0.0247030261146883,0.0248961111111111,0.0241195976504494,0.0240375
MBAR,432,2016,3,7,-0.601,30.738,1337.653,0.0339040765427262,0.0342975347222222,0.0294445225416696,0.0312416666666666
MBAR,433,2016,3,8,-0.601,30.738,1337.653,0.0385715118805786,0.0367785763888888,0.036859248352658,0.0383708333333333
MBAR,434,2016,3,9,-0.601,30.738,1337.653,0.038014542793646,0.0369201041666666,0.0372715916854849,0.0376625
MBAR,435,2016,3,10,-0.601,30.738,1337.653,0.0347792408926155,0.0319569444444444,0.035028795596413,0.0346208333333333
MBAR,460,2016,4,4,-0.601,30.738,1337.653,0.038585485173873,0.0379561805555555,0.0395770996761791,0.0377458333333333
MBAR,461,2016,4,5,-0.601,30.738,1337.653,0.0363085199781141,0.0360494097222222,0.0360509605302326,0.037575
MBAR,462,2016,4,6,-0.601,30.738,1337.653,0.0355168663422747,0.0337688888888888,0.0341175499970801,0.0349416666666666
MBAR,463,2016,4,7,-0.601,30.738,1337.653,0.0361904817087311,0.0362729861111111,0.0394091062389605,0.0384375
MBAR,464,2016,4,8,-0.601,30.738,1337.653,0.0352535256944138,0.0346770833333333,0.0363561682688838,0.036075
MBAR,465,2016,4,9,-0.601,30.738,1337.653,0.0345665080632534,0.0343320833333333,0.0340336030671455,0.0346791666666666
MBAR,466,2016,4,10,-0.601,30.738,1337.653,0.0363738525909217,0.0353275347222222,0.0351644040268808,0.03585
MBAR,467,2016,4,11,-0.601,30.738,1337.653,0.0356594748791982,0.0334839236111111,0.0339111325398742,0.0345166666666666
MBAR,468,2016,4,12,-0.601,30.738,1337.653,0.034089561329267,0.033241875,0.0341935149445859,0.0348541666666666
MBAR,469,2016,4,13,-0.601,30.738,1337.653,0.0345955776904484,0.0339989583333333,0.035714777084212,0.0357375
MBAR,470,2016,4,14,-0.601,30.738,1337.653,0.0342919960179387,0.0343119791666666,0.0370872962976549,0.0376916666666666
MBAR,471,2016,4,15,-0.601,30.738,1337.653,0.034188972995359,0.0342031597222222,0.034201950683049,0.0356458333333333
MBAR,472,2016,4,16,-0.601,30.738,1337.653,0.0355411877136653,0.034080625,0.0353700731125842,0.0357666666666666
MBAR,473,2016,4,17,-0.601,30.738,1337.653,0.0374396798827422,0.0364638541666666,0.0382426745149539,0.0379166666666666
MBAR,474,2016,4,18,-0.601,30.738,1337.653,0.0357027251492267,0.0348945138888888,0.0366487233325663,0.0379375
MBAR,475,2016,4,19,-0.601,30.738,1337.653,0.0359070482303123,0.0354794444444444,0.0362407873967451,0.0366875
MBAR,476,2016,4,20,-0.601,30.738,1337.653,0.0360408050869304,0.0342297569444444,0.0347862773195043,0.035075
MBAR,477,2016,4,21,-0.601,30.738,1337.653,0.0350143234190381,0.0342099305555555,0.0337716005821368,0.0356916666666666
MBAR,478,2016,4,22,-0.601,30.738,1337.653,0.0350125905707739,0.0345154513888888,0.0349293876804367,0.0353333333333333
MBAR,479,2016,4,23,-0.601,30.738,1337.653,0.034803741329347,0.0337776388888888,0.0360811108699026,0.0376499999999999
MBAR,480,2016,4,24,-0.601,30.738,1337.653,0.0359474403268448,0.0345734027777777,0.0367047109890907,0.0386208333333333
MBAR,481,2016,4,25,-0.601,30.738,1337.653,0.0363559592324715,0.0358479861111111,0.0386661308653946,0.0391166666666666
MBAR,482,2016,4,26,-0.601,30.738,1337.653,0.0372493927560784,0.0364488194444444,0.0401533299243403,0.0412375
MBAR,483,2016,4,27,-0.601,30.738,1337.653,0.0380708064787022,0.0366616319444444,0.0389276845313444,0.038475
MBAR,484,2016,4,28,-0.601,30.738,1337.653,0.0400570718360566,0.0383967708333333,0.0385113289405682,0.039625
MBAR,485,2016,4,29,-0.601,30.738,1337.653,0.0381697214226,0.0365604513888888,0.0379533288890014,0.03875
MBAR,486,2016,4,30,-0.601,30.738,1337.653,0.0382181722738325,0.0369747916666666,0.0383266958006302,0.0402291666666666
MBAR,487,2016,5,1,-0.601,30.738,1337.653,0.0388013585370541,0.0369278125,0.0394240583005118,0.0391166666666666
MBAR,488,2016,5,2,-0.601,30.738,1337.653,0.0377230616063641,0.0365569791666666,0.036683484850687,0.0366583333333333
MBAR,489,2016,5,3,-0.601,30.738,1337.653,0.0375604540589291,0.0370294444444444,0.0365778707203485,0.0378833333333333
MBAR,490,2016,5,4,-0.601,30.738,1337.653,0.0359858566511934,0.0342626041666666,0.0355689431137139,0.0370916666666666
MBAR,491,2016,5,5,-0.601,30.738,1337.653,0.0330237517771509,0.0319070833333333,0.0332938139755603,0.0345416666666666
MBAR,492,2016,5,6,-0.601,30.738,1337.653,0.0335948938561542,0.0322125347222222,0.0316832362267975,0.0338541666666666
MBAR,493,2016,5,7,-0.601,30.738,1337.653,0.0368017505852841,0.0352784722222222,0.0354056958763489,0.0378916666666666
MBAR,494,2016,5,8,-0.601,30.738,1337.653,0.0374677626284179,0.0360301388888888,0.0371673840863646,0.0368083333333333
MBAR,495,2016,5,9,-0.601,30.738,1337.653,0.0357359234483049,0.0348140625,0.0352952261771996,0.035675
MBAR,496,2016,5,10,-0.601,30.738,1337.653,0.0328959904076602,0.0314654513888888,0.030346818305144,0.0314749999999999
MBAR,497,2016,5,11,-0.601,30.738,1337.653,0.0345530226563341,0.0335031944444444,0.0318876659478986,0.0309666666666666
MBAR,498,2016,5,12,-0.601,30.738,1337.653,0.0359320803550342,0.0346413888888888,0.0347993585704635,0.0349999999999999
MBAR,499,2016,5,13,-0.601,30.738,1337.653,0.0348194066318117,0.0327239930555555,0.0339535603726159,0.033325
MBAR,500,2016,5,14,-0.601,30.738,1337.653,0.0356375113825998,0.034598125,0.0340191769808798,0.0348041666666666
MBAR,501,2016,5,15,-0.601,30.738,1337.653,0.0341906855641375,0.0334770833333333,0.0345344579097621,0.0342458333333333
MBAR,502,2016,5,16,-0.601,30.738,1337.653,0.0306892043432889,0.0297234027777777,0.0308512803131792,0.0322666666666666
MBAR,503,2016,5,17,-0.601,30.738,1337.653,0.0310438411554073,0.0287233333333333,0.0280565835387886,0.0276291666666666
MBAR,504,2016,5,18,-0.601,30.738,1337.653,0.0342098776830706,0.0333867361111111,0.0299904996389628,0.02845
MBAR,505,2016,5,19,-0.601,30.738,1337.653,0.035339511650821,0.0336833333333333,0.0305004919030553,0.0328458333333333
MBAR,506,2016,5,20,-0.601,30.738,1337.653,0.033920382821811,0.0322780208333333,0.0315638403728015,0.0343583333333333
MBAR,507,2016,5,21,-0.601,30.738,1337.653,0.0332324662653563,0.0317902777777777,0.0321341982147038,0.032825
MBAR,508,2016,5,22,-0.601,30.738,1337.653,0.0329796769297959,0.031463125,0.03252544929479,0.032125
MBAR,509,2016,5,23,-0.601,30.738,1337.653,0.0342660827783604,0.0328551736111111,0.0335671070991687,0.0324666666666666
MBAR,510,2016,5,24,-0.601,30.738,1337.653,0.0328236219474936,0.0316945486111111,0.0315675923608254,0.0309541666666666
MBAR,511,2016,5,25,-0.601,30.738,1337.653,0.0318199966338462,0.0296623611111111,0.0286671216956848,0.0285958333333333
MBAR,512,2016,5,26,-0.601,30.738,1337.653,0.0316967251044106,0.0297344791666666,0.0279662558603883,0.02935
MBAR,513,2016,5,27,-0.601,30.738,1337.653,0.031286496613234,0.0293082638888888,0.0269774783221261,0.0300041666666666
MBAR,514,2016,5,28,-0.601,30.738,1337.653,0.0307866127995155,0.029259375,0.0294724105038538,0.0304249999999999
MBAR,515,2016,5,29,-0.601,30.738,1337.653,0.0317428008031718,0.0308403819444444,0.0306634689263126,0.0315791666666666
MBAR,516,2016,5,30,-0.601,30.738,1337.653,0.033219978293787,0.0313330208333333,0.0291774027164075,0.0303874999999999
MBAR,518,2016,6,1,-0.601,30.738,1337.653,0.0293260695552971,0.0298806944444444,0.0271534110006104,0.0284124999999999
MBAR,519,2016,6,2,-0.601,30.738,1337.653,0.0283913731802608,0.0283797569444444,0.0272866991146857,0.0299166666666666
MBAR,520,2016,6,3,-0.601,30.738,1337.653,0.0276972587674891,0.0265511805555555,0.0265775078362415,0.0277583333333333
MBAR,521,2016,6,4,-0.601,30.738,1337.653,0.0267578045774907,0.0259328125,0.0255108900417324,0.0263208333333333
MBAR,522,2016,6,5,-0.601,30.738,1337.653,0.0283255777725494,0.0268442361111111,0.0261519952888028,0.0261708333333333
MBAR,523,2016,6,6,-0.601,30.738,1337.653,0.0280603584626077,0.0277930902777777,0.0276935273911885,0.0279958333333333
MBAR,524,2016,6,7,-0.601,30.738,1337.653,0.0233617919108181,0.0227380555555555,0.0235101921831536,0.0247291666666666
MBAR,525,2016,6,8,-0.601,30.738,1337.653,0.0215279836620784,0.0208629861111111,0.0201592435546144,0.021175
MBAR,526,2016,6,9,-0.601,30.738,1337.653,0.0214170829312549,0.0212245138888888,0.0199613388754968,0.0208875
MBAR,527,2016,6,10,-0.601,30.738,1337.653,0.0233233176628073,0.0220303472222222,0.0219381891557613,0.0224125
MBAR,528,2016,6,11,-0.601,30.738,1337.653,0.0286886016608952,0.0272898958333333,0.0254100038980567,0.0267291666666666
MBAR,529,2016,6,12,-0.601,30.738,1337.653,0.0295841755703478,0.0278629166666666,0.0269472677743008,0.0277375
MBAR,530,2016,6,13,-0.601,30.738,1337.653,0.0291141892993114,0.0271913541666666,0.0267057629165158,0.0272791666666666
MBAR,531,2016,6,14,-0.601,30.738,1337.653,0.029710310695995,0.0273130902777777,0.0264079459423088,0.02655
MBAR,532,2016,6,15,-0.601,30.738,1337.653,0.0304382346500285,0.0295088541666666,0.0277642427781336,0.0299249999999999
MBAR,533,2016,6,16,-0.601,30.738,1337.653,0.0298361924669644,0.0276059722222222,0.0269892233195289,0.0278791666666666
MBAR,534,2016,6,17,-0.601,30.738,1337.653,0.0326208213168067,0.0311669444444444,0.0281587772405205,0.031525
MBAR,535,2016,6,18,-0.601,30.738,1337.653,0.0330493450500191,0.0320169097222222,0.0329344851224773,0.0340833333333333
MBAR,536,2016,6,19,-0.601,30.738,1337.653,0.0315733697402703,0.0300707291666666,0.0319441295067268,0.0308208333333333
MBAR,537,2016,6,20,-0.601,30.738,1337.653,0.0323474604114442,0.0293477777777777,0.0289986381778089,0.0279291666666666
MBAR,538,2016,6,21,-0.601,30.738,1337.653,0.0348260695823063,0.0331413541666666,0.0322353516643726,0.034175
MBAR,539,2016,6,22,-0.601,30.738,1337.653,0.0325966107310829,0.0311615972222222,0.0332046366545268,0.0331583333333333
MBAR,540,2016,6,23,-0.601,30.738,1337.653,0.0305682245242755,0.0288828819444444,0.0301920737486074,0.0301416666666666
MBAR,541,2016,6,24,-0.601,30.738,1337.653,0.028519325417765,0.0264785069444444,0.027808286797107,0.0276791666666666
MBAR,542,2016,6,25,-0.601,30.738,1337.653,0.0280512696132862,0.0265844097222222,0.0279841558743811,0.0270875
MBAR,543,2016,6,26,-0.601,30.738,1337.653,0.0257662840295019,0.0247777777777777,0.0266517367771355,0.0259416666666666
MBAR,544,2016,6,27,-0.601,30.738,1337.653,0.0218489392514959,0.0213134722222222,0.0220596736924546,0.0208958333333333
MBAR,545,2016,6,28,-0.601,30.738,1337.653,0.019243926515047,0.0178246875,0.0183618957145172,0.0186
MBAR,546,2016,6,29,-0.601,30.738,1337.653,0.019991269831692,0.0189448958333333,0.0186891335170977,0.0200249999999999
MBAR,547,2016,6,30,-0.601,30.738,1337.653,0.0218795708990066,0.0206327083333333,0.0197964332792105,0.0210583333333333
MBAR,548,2016,7,1,-0.601,30.738,1337.653,0.0225087942520635,0.0209298611111111,0.0234443300845412,0.0231333333333333
MBAR,549,2016,7,2,-0.601,30.738,1337.653,0.0232899603239923,0.0214626736111111,0.0250886859575697,0.0229208333333333
MBAR,550,2016,7,3,-0.601,30.738,1337.653,0.0246853198667166,0.0235677777777777,0.0210840364955017,0.0217208333333333
MBAR,551,2016,7,4,-0.601,30.738,1337.653,0.0274887563930945,0.0261670486111111,0.0250347568979356,0.0253749999999999
MBAR,552,2016,7,5,-0.601,30.738,1337.653,0.024995807402668,0.0232378819444444,0.0253981371322015,0.0244833333333333
MBAR,553,2016,7,6,-0.601,30.738,1337.653,0.0250047792669434,0.0229929166666666,0.0225076718912512,0.0217083333333333
MBAR,554,2016,7,7,-0.601,30.738,1337.653,0.0272925206678712,0.0260471875,0.0260048063554984,0.0262041666666666
MBAR,555,2016,7,8,-0.601,30.738,1337.653,0.0297931299331108,0.0291076041666666,0.0295744502835182,0.0292833333333333
MBAR,556,2016,7,9,-0.601,30.738,1337.653,0.028648945259168,0.0266347916666666,0.0272058861601346,0.0262083333333333
MBAR,557,2016,7,10,-0.601,30.738,1337.653,0.0264360079203058,0.0242623611111111,0.0247608698796455,0.0247875
MBAR,558,2016,7,11,-0.601,30.738,1337.653,0.025858991010699,0.0240781944444444,0.0257078481440764,0.0241875
MBAR,559,2016,7,12,-0.601,30.738,1337.653,0.0275286471685672,0.0254984722222222,0.0266778432431167,0.0268791666666666
MBAR,560,2016,7,13,-0.601,30.738,1337.653,0.02858540335715,0.0265070833333333,0.0284144141018118,0.0269958333333333
MBAR,561,2016,7,14,-0.601,30.738,1337.653,0.0283209023282831,0.0273761458333333,0.0287444515488151,0.027975
MBAR,562,2016,7,15,-0.601,30.738,1337.653,0.0248396898172776,0.0228247222222222,0.0253643863453136,0.0250458333333333
MBAR,563,2016,7,16,-0.601,30.738,1337.653,0.0239739081581257,0.0223581944444444,0.0234462571039342,0.0242541666666666
MBAR,564,2016,7,17,-0.601,30.738,1337.653,0.023695554667824,0.02267,0.0240459291480648,0.0245291666666666
MBAR,565,2016,7,18,-0.601,30.738,1337.653,0.0233965103835618,0.0224358333333333,0.0225046406256641,0.02395
MBAR,566,2016,7,19,-0.601,30.738,1337.653,0.0240275444147543,0.0219146527777777,0.0217516786492003,0.0221166666666666
MBAR,567,2016,7,20,-0.601,30.738,1337.653,0.0270072221121534,0.0251370138888888,0.0230386595257588,0.0245541666666666
MBAR,568,2016,7,21,-0.601,30.738,1337.653,0.0274698869548917,0.0257061458333333,0.0262311699593947,0.0262916666666666
MBAR,569,2016,7,22,-0.601,30.738,1337.653,0.0285114881006627,0.0275677083333333,0.0283649809130646,0.0287583333333333
MBAR,570,2016,7,23,-0.601,30.738,1337.653,0.0295286748048218,0.0276993055555555,0.0279287305368916,0.0270125
MBAR,571,2016,7,24,-0.601,30.738,1337.653,0.0313840278692035,0.0300761111111111,0.0303589847403413,0.0295833333333333
MBAR,572,2016,7,25,-0.601,30.738,1337.653,0.0310728087498047,0.0303332638888888,0.0327561689005284,0.030475
MBAR,573,2016,7,26,-0.601,30.738,1337.653,0.0279429564885414,0.0271555555555555,0.0263680145477583,0.0271916666666666
MBAR,574,2016,7,27,-0.601,30.738,1337.653,0.0269553834937129,0.0256198263888888,0.0237316672502883,0.02625
MBAR,575,2016,7,28,-0.601,30.738,1337.653,0.0308506389440301,0.0297597916666666,0.026935557493247,0.0291166666666666
MBAR,576,2016,7,29,-0.601,30.738,1337.653,0.0281774592848952,0.0260388888888888,0.0258886855992708,0.0273791666666666
MBAR,577,2016,7,30,-0.601,30.738,1337.653,0.027908418695593,0.0256177777777777,0.0228760231943108,0.0252125
MBAR,579,2016,8,1,-0.601,30.738,1337.653,0.0238110933701053,0.0214576041666666,0.0230975113500307,0.0238166666666666
MBAR,580,2016,8,2,-0.601,30.738,1337.653,0.0212949874695509,0.0195753125,0.0202730908851766,0.0207791666666666
MBAR,581,2016,8,3,-0.601,30.738,1337.653,0.0268782247978042,0.0255640624999999,0.0230406965569082,0.0253375
MBAR,582,2016,8,4,-0.601,30.738,1337.653,0.0294921577846424,0.0273573263888888,0.0281355385610816,0.0280875
MBAR,583,2016,8,5,-0.601,30.738,1337.653,0.0310831949187086,0.0300310763888888,0.0302516103122996,0.0301749999999999
MBAR,584,2016,8,6,-0.601,30.738,1337.653,0.0327308440300943,0.0325129513888888,0.0319567521622948,0.0323291666666666
MBAR,585,2016,8,7,-0.601,30.738,1337.653,0.0309155845111802,0.0294918055555555,0.0314050221353967,0.0317541666666666
MBAR,586,2016,8,8,-0.601,30.738,1337.653,0.0300266770526366,0.0289755902777777,0.0299651540031418,0.031125
MBAR,587,2016,8,9,-0.601,30.738,1337.653,0.0294758582803672,0.0292577777777777,0.0299426678588636,0.0309083333333333
MBAR,588,2016,8,10,-0.601,30.738,1337.653,0.0271977352001439,0.0261421527777777,0.0270304864885873,0.02615
MBAR,589,2016,8,11,-0.601,30.738,1337.653,0.0264374717158557,0.0252145138888888,0.0265762280069363,0.0254625
MBAR,590,2016,8,12,-0.601,30.738,1337.653,0.0273279325945924,0.0258629513888888,0.0263456902690882,0.0249083333333333
MBAR,591,2016,8,13,-0.601,30.738,1337.653,0.0296045702637781,0.0286715625,0.0277290958714174,0.0284458333333333
MBAR,592,2016,8,14,-0.601,30.738,1337.653,0.0300181831205912,0.0289736111111111,0.0286953112597035,0.029375
MBAR,593,2016,8,15,-0.601,30.738,1337.653,0.0288464300866811,0.0289938888888888,0.0296847113279586,0.0293583333333333
MBAR,594,2016,8,16,-0.601,30.738,1337.653,0.0281278553223857,0.0279784027777777,0.0293703024787171,0.0282541666666666
MBAR,595,2016,8,17,-0.601,30.738,1337.653,0.0222035310762557,0.0219303472222222,0.0226548532022444,0.0218083333333333
MBAR,596,2016,8,18,-0.601,30.738,1337.653,0.0166708217870896,0.0157733680555555,0.0165366977877692,0.0169625
MBAR,597,2016,8,19,-0.601,30.738,1337.653,0.0165394252346222,0.0165633680555555,0.0168677114607034,0.0169541666666666
MBAR,598,2016,8,20,-0.601,30.738,1337.653,0.0177128252775762,0.0178213541666666,0.0184143878139109,0.0187958333333333
MBAR,599,2016,8,21,-0.601,30.738,1337.653,0.022095074663654,0.0212321875,0.0209279043654345,0.0217291666666666
MBAR,600,2016,8,22,-0.601,30.738,1337.653,0.0257405558103507,0.0254033680555555,0.0233217109103539,0.0246083333333333
MBAR,601,2016,8,23,-0.601,30.738,1337.653,0.027439110355979,0.0274274652777777,0.0272076528255651,0.0281041666666666
MBAR,602,2016,8,24,-0.601,30.738,1337.653,0.0278211449830207,0.0292247916666666,0.0295395167016012,0.0297791666666666
MBAR,603,2016,8,25,-0.601,30.738,1337.653,0.0278347958067776,0.027344375,0.0271141791872247,0.0275625
MBAR,604,2016,8,26,-0.601,30.738,1337.653,0.0264194253328217,0.0259767013888888,0.0263941225036184,0.0252958333333333
MBAR,605,2016,8,27,-0.601,30.738,1337.653,0.0228695695333995,0.0225160763888888,0.026492278789055,0.0251833333333333
MBAR,606,2016,8,28,-0.601,30.738,1337.653,0.0212818910199466,0.0212273958333333,0.022225519600373,0.0226166666666666
MBAR,607,2016,8,29,-0.601,30.738,1337.653,0.0200556071525506,0.0181526736111111,0.0187394806007419,0.0190458333333333
MBAR,608,2016,8,30,-0.601,30.738,1337.653,0.0210355824008065,0.0205126041666666,0.0198731059654299,0.0203166666666666
MBAR,610,2016,9,1,-0.601,30.738,1337.653,0.0251377616860739,0.0255371180555555,0.023061785928613,0.0231708333333333
MBAR,611,2016,9,2,-0.601,30.738,1337.653,0.0256839527780983,0.0243778819444444,0.024909740937786,0.0253874999999999
MBAR,612,2016,9,3,-0.601,30.738,1337.653,0.0270378650851335,0.0250098958333333,0.0258971196712244,0.0254583333333333
MBAR,613,2016,9,4,-0.601,30.738,1337.653,0.029267703694121,0.0283522569444444,0.0282967434837969,0.0281291666666666
MBAR,614,2016,9,5,-0.601,30.738,1337.653,0.0274482827439556,0.0277764930555555,0.0275823354194475,0.0282083333333333
MBAR,615,2016,9,6,-0.601,30.738,1337.653,0.0252128364363097,0.0257640972222222,0.0275297492333671,0.0287458333333333
MBAR,616,2016,9,7,-0.601,30.738,1337.653,0.0249771376492489,0.0255579861111111,0.026472308102599,0.0276958333333333
MBAR,617,2016,9,8,-0.601,30.738,1337.653,0.0259293244943282,0.0263445486111111,0.0264787726952688,0.025675
MBAR,618,2016,9,9,-0.601,30.738,1337.653,0.0270242403667498,0.0261997222222222,0.0275383572367572,0.0265708333333333
MBAR,619,2016,9,10,-0.601,30.738,1337.653,0.0262708493904651,0.0268005902777777,0.0272359746731001,0.0272833333333333
MBAR,620,2016,9,11,-0.601,30.738,1337.653,0.0259145628839638,0.0258528472222222,0.0267203097364532,0.026575
MBAR,621,2016,9,12,-0.601,30.738,1337.653,0.0259714082780026,0.0258746180555555,0.0268076713250894,0.0267875
MBAR,622,2016,9,13,-0.601,30.738,1337.653,0.0257028347749581,0.0242380902777777,0.0258515637884899,0.0273375
MBAR,623,2016,9,14,-0.601,30.738,1337.653,0.0286215000855637,0.0274298263888888,0.0297003106059944,0.0297541666666666
MBAR,624,2016,9,15,-0.601,30.738,1337.653,0.0321080290877897,0.0309207986111111,0.0323815569536308,0.0326791666666666
MBAR,625,2016,9,16,-0.601,30.738,1337.653,0.0321576116189654,0.0313856597222222,0.0321390131669688,0.032575
MBAR,626,2016,9,17,-0.601,30.738,1337.653,0.0293093250684523,0.0286948958333333,0.0312527186542561,0.0301583333333333
MBAR,627,2016,9,18,-0.601,30.738,1337.653,0.0271053475164034,0.0272747569444444,0.0267639938674975,0.0263208333333333
MBAR,628,2016,9,19,-0.601,30.738,1337.653,0.0287170086034647,0.0286050694444444,0.0284673523648918,0.0291791666666666
MBAR,629,2016,9,20,-0.601,30.738,1337.653,0.0299680932076591,0.0299720486111111,0.0271164170136077,0.0268708333333333
MBAR,630,2016,9,21,-0.601,30.738,1337.653,0.030272147614125,0.0298580902777777,0.0289307863941644,0.0283333333333333
MBAR,631,2016,9,22,-0.601,30.738,1337.653,0.0319185832395647,0.0297794444444444,0.030468183692003,0.0308958333333333
MBAR,632,2016,9,23,-0.601,30.738,1337.653,0.0297024149108633,0.0297298611111111,0.0299954468575035,0.0302791666666666
MBAR,633,2016,9,24,-0.601,30.738,1337.653,0.0317382364351523,0.0320210069444444,0.0306017021739256,0.0310166666666666
MBAR,634,2016,9,25,-0.601,30.738,1337.653,0.0344629235382727,0.0324739236111111,0.0306449557601215,0.0324875
MBAR,635,2016,9,26,-0.601,30.738,1337.653,0.034425552772759,0.0330722916666666,0.0335719810315025,0.0343125
MBAR,636,2016,9,27,-0.601,30.738,1337.653,0.0365300114893055,0.0343570138888888,0.0339086378403257,0.0360458333333333
MBAR,637,2016,9,28,-0.601,30.738,1337.653,0.0352985452263219,0.0344315625,0.0349009399258607,0.0354166666666666
MBAR,638,2016,9,29,-0.601,30.738,1337.653,0.0310235460642861,0.0305082291666666,0.0315977384371875,0.0321458333333333
MBAR,639,2016,9,30,-0.601,30.738,1337.653,0.0321849335993318,0.0311522569444444,0.0301674789531169,0.0315333333333333
MBAR,640,2016,10,1,-0.601,30.738,1337.653,0.0353991422908428,0.0329619791666666,0.0308319724970415,0.0322583333333333
MBAR,641,2016,10,2,-0.601,30.738,1337.653,0.03472071985959,0.0337541666666666,0.0345974273527574,0.0360708333333333
MBAR,642,2016,10,3,-0.601,30.738,1337.653,0.0349437356384246,0.0348471875,0.0357640696725411,0.03505
MBAR,643,2016,10,4,-0.601,30.738,1337.653,0.0360428637080533,0.0347267708333333,0.0356720482960347,0.0371333333333333
MBAR,644,2016,10,5,-0.601,30.738,1337.653,0.0353808856236573,0.03397125,0.0355579067732112,0.0372958333333333
MBAR,645,2016,10,6,-0.601,30.738,1337.653,0.0329194157964872,0.0319913888888888,0.033910329134784,0.0348833333333333
MBAR,646,2016,10,7,-0.601,30.738,1337.653,0.0281861317128335,0.0292049305555555,0.0320967343427392,0.0321
MBAR,647,2016,10,8,-0.601,30.738,1337.653,0.0261912482320442,0.0263165625,0.0281484957404374,0.0289
MBAR,648,2016,10,9,-0.601,30.738,1337.653,0.0238898352568079,0.0240409722222222,0.0257220102244021,0.027375
MBAR,649,2016,10,10,-0.601,30.738,1337.653,0.0241159231109126,0.0253118402777777,0.0260317202019702,0.025675
MBAR,650,2016,10,11,-0.601,30.738,1337.653,0.0244302456672084,0.0254121527777777,0.0250485598296973,0.0259375
MBAR,651,2016,10,12,-0.601,30.738,1337.653,0.0185452719051953,0.0202132638888888,0.0216512332805707,0.0238083333333333
MBAR,652,2016,10,13,-0.601,30.738,1337.653,0.019982585953865,0.0211954166666666,0.019667569410915,0.0228791666666666
MBAR,653,2016,10,14,-0.601,30.738,1337.653,0.0223481579038133,0.0234011458333333,0.0251550785532443,0.0254791666666666
MBAR,654,2016,10,15,-0.601,30.738,1337.653,0.0260899324069647,0.0277105208333333,0.0258878940430537,0.0272374999999999
MBAR,655,2016,10,16,-0.601,30.738,1337.653,0.0261882222326524,0.0268291666666666,0.0268342051755117,0.0271625
MBAR,656,2016,10,17,-0.601,30.738,1337.653,0.0265495518252174,0.0277622569444444,0.0282523325540398,0.029375
MBAR,657,2016,10,18,-0.601,30.738,1337.653,0.0279711114675028,0.0288522222222222,0.0302578492489778,0.0304249999999999
MBAR,658,2016,10,19,-0.601,30.738,1337.653,0.0284414176962838,0.0290085763888888,0.0305237021984512,0.029975
MBAR,659,2016,10,20,-0.601,30.738,1337.653,0.0285768201097238,0.028893125,0.0276720697755113,0.0279416666666666
MBAR,660,2016,10,21,-0.601,30.738,1337.653,0.02630805109037,0.0272334722222222,0.0274603724337142,0.0272333333333333
MBAR,661,2016,10,22,-0.601,30.738,1337.653,0.0249569953733378,0.0246991666666666,0.0229690621837136,0.0236
MBAR,662,2016,10,23,-0.601,30.738,1337.653,0.0264868596786802,0.0257786111111111,0.0233307692734703,0.0250083333333333
MBAR,663,2016,10,24,-0.601,30.738,1337.653,0.0285658328410432,0.0283365277777777,0.0257601073285389,0.0271791666666666
MBAR,664,2016,10,25,-0.601,30.738,1337.653,0.0318736958969802,0.0307923263888888,0.0294230904616634,0.0291916666666666
MBAR,665,2016,10,26,-0.601,30.738,1337.653,0.0339483305367525,0.0325588888888888,0.0319025974866428,0.034025
MBAR,666,2016,10,27,-0.601,30.738,1337.653,0.0327136554316615,0.032313125,0.0338229111421729,0.0336583333333333
MBAR,667,2016,10,28,-0.601,30.738,1337.653,0.0306076200384416,0.0307960069444444,0.0322282572193005,0.0313375
MBAR,668,2016,10,29,-0.601,30.738,1337.653,0.0296900889791636,0.0288783680555555,0.0303998408457418,0.0307416666666666
MBAR,669,2016,10,30,-0.601,30.738,1337.653,0.0277024545222844,0.0276287152777777,0.028912770113828,0.0284541666666666
MBAR,671,2016,11,1,-0.601,30.738,1337.653,0.0297818332935276,0.0299077430555555,0.0284090064484802,0.0302458333333333
MBAR,672,2016,11,2,-0.601,30.738,1337.653,0.0323176892518523,0.0323464236111111,0.0318723347510781,0.0341208333333333
MBAR,673,2016,11,3,-0.601,30.738,1337.653,0.0334035888889911,0.0330916319444444,0.0350019641937224,0.0339166666666666
MBAR,674,2016,11,4,-0.601,30.738,1337.653,0.0324375043060341,0.031386917293233,0.0323910790915617,0.031
MBAR,800,2017,3,10,-0.601,30.738,1337.653,0.0291027855966693,0.0283158333333333,0.0302465925885306,0.0300625
MBAR,801,2017,3,11,-0.601,30.738,1337.653,0.0278983367218334,0.0266418055555555,0.0278479943728653,0.0278041666666666
MBAR,802,2017,3,12,-0.601,30.738,1337.653,0.0258902696606866,0.0252002777777777,0.0275763062646536,0.0281041666666666
MBAR,803,2017,3,13,-0.601,30.738,1337.653,0.0239994570112206,0.0229742708333333,0.0241194361691933,0.02505
MBAR,804,2017,3,14,-0.601,30.738,1337.653,0.0275954234110819,0.0271730555555555,0.026990443877871,0.0287416666666666
MBAR,805,2017,3,15,-0.601,30.738,1337.653,0.0307509078395224,0.0311318402777777,0.0319240358964979,0.0338583333333333
MBAR,806,2017,3,16,-0.601,30.738,1337.653,0.031812064747666,0.0320301041666666,0.0344394439783728,0.0345666666666666
MBAR,807,2017,3,17,-0.601,30.738,1337.653,0.0300464549070535,0.0289378125,0.0307894610945135,0.0317166666666666
MBAR,808,2017,3,18,-0.601,30.738,1337.653,0.0296709610676242,0.0292579513888888,0.0308907917644423,0.0320833333333333
MBAR,809,2017,3,19,-0.601,30.738,1337.653,0.0279345148487011,0.0290504166666666,0.0307667830456317,0.0319708333333333
MBAR,810,2017,3,20,-0.601,30.738,1337.653,0.0300539124546087,0.0292960069444444,0.028719032246592,0.0284333333333333
MBAR,811,2017,3,21,-0.601,30.738,1337.653,0.0300348878225085,0.0280712847222222,0.0292955755612337,0.030325
MBAR,812,2017,3,22,-0.601,30.738,1337.653,0.028826131481331,0.0279903472222222,0.0292175546187042,0.0312708333333333
MBAR,813,2017,3,23,-0.601,30.738,1337.653,0.0317347554632758,0.0301626736111111,0.0306840557003948,0.0310708333333333
MBAR,814,2017,3,24,-0.601,30.738,1337.653,0.0328061015328157,0.03017,0.0301569825542981,0.031325
MBAR,817,2017,3,27,-0.601,30.738,1337.653,0.032216987289926,0.0324534579439252,0.0308756668475244,0.0304
MBAR,818,2017,3,28,-0.601,30.738,1337.653,0.031154627338798,0.0305363194444444,0.0316464460124201,0.031375
MBAR,819,2017,3,29,-0.601,30.738,1337.653,0.0306881057503745,0.0302037152777777,0.0304567897152159,0.0299041666666666
MBAR,820,2017,3,30,-0.601,30.738,1337.653,0.0303531394521147,0.0286158536585365,0.0331564612805935,0.0332875
MBAR,822,2017,4,1,-0.601,30.738,1337.653,0.0229618128798024,0.0226836912751677,0.0266163802423005,0.0265875
MBAR,823,2017,4,2,-0.601,30.738,1337.653,0.0241201536825338,0.0227883680555555,0.0255573789589392,0.0251791666666666
MBAR,824,2017,4,3,-0.601,30.738,1337.653,0.0240990107890675,0.0226022222222222,0.0251866976979983,0.0259708333333333
MBAR,825,2017,4,4,-0.601,30.738,1337.653,0.02381483986051,0.0238844791666666,0.024954906929338,0.0258
MBAR,826,2017,4,5,-0.601,30.738,1337.653,0.0275457994324162,0.0274869444444444,0.0282343670747298,0.0288041666666666
MBAR,827,2017,4,6,-0.601,30.738,1337.653,0.0315017881587447,0.0316464583333333,0.0297819873333542,0.0317708333333333
MBAR,828,2017,4,7,-0.601,30.738,1337.653,0.0330022668693556,0.0319300347222222,0.035092383546055,0.0349166666666666
MBAR,829,2017,4,8,-0.601,30.738,1337.653,0.0341906832247326,0.0323654703832752,0.0344751697977813,0.0332458333333333
MBAR,830,2017,4,9,-0.601,30.738,1337.653,0.0326395559792274,0.0297396085409252,0.0318133675055863,0.0308375
MBAR,834,2017,4,13,-0.601,30.738,1337.653,0.0253978394373533,0.024736171875,0.0304711843569817,0.0307791666666666
MBAR,835,2017,4,14,-0.601,30.738,1337.653,0.0251657921449945,0.0246044791666666,0.0268959720968119,0.0275833333333333
MBAR,836,2017,4,15,-0.601,30.738,1337.653,0.0247507217754957,0.0240623263888888,0.0254881980247664,0.0279958333333333
MBAR,837,2017,4,16,-0.601,30.738,1337.653,0.0313629067594988,0.0324043006993007,0.0338325468092752,0.0356208333333333
MBAR,838,2017,4,17,-0.601,30.738,1337.653,0.0372519436037256,0.0360380985915492,0.0361092287958915,0.0380958333333333
MBAR,839,2017,4,18,-0.601,30.738,1337.653,0.0371557690831027,0.0354941666666666,0.0361875150122116,0.0371499999999999
MBAR,840,2017,4,19,-0.601,30.738,1337.653,0.0354226708101443,0.0329563541666666,0.0343592534516482,0.0351041666666666
MBAR,841,2017,4,20,-0.601,30.738,1337.653,0.0347089309983614,0.0338879861111111,0.0337968648163761,0.034525
MBAR,842,2017,4,21,-0.601,30.738,1337.653,0.0310967316850251,0.0317398263888888,0.0329418830540556,0.0333333333333333
MBAR,843,2017,4,22,-0.601,30.738,1337.653,0.0285641879402642,0.0290763194444444,0.0325159846506142,0.0326875
MBAR,844,2017,4,23,-0.601,30.738,1337.653,0.0324017161436677,0.0323737847222222,0.0325753419733552,0.0318166666666666
MBAR,845,2017,4,24,-0.601,30.738,1337.653,0.0327325616429309,0.0306678125,0.0321241422824845,0.03115
MBAR,846,2017,4,25,-0.601,30.738,1337.653,0.0303101344163071,0.0304311805555555,0.0315243838801985,0.0319749999999999
MBAR,847,2017,4,26,-0.601,30.738,1337.653,0.0274729977613376,0.0269943055555555,0.0295587749533138,0.0295374999999999
MBAR,848,2017,4,27,-0.601,30.738,1337.653,0.0284406786889873,0.0270684375,0.0267448547699001,0.0285583333333333
MBAR,849,2017,4,28,-0.601,30.738,1337.653,0.0314704165363495,0.0309747222222222,0.0292417282513167,0.0315999999999999
MBAR,850,2017,4,29,-0.601,30.738,1337.653,0.0307165115584477,0.0294955902777777,0.0296560858007142,0.0332875
MBAR,851,2017,4,30,-0.601,30.738,1337.653,0.0356494733176921,0.03464375,0.0360085081654755,0.036725
MBAR,852,2017,5,1,-0.601,30.738,1337.653,0.0373015270131358,0.0358900347222222,0.0362959006879829,0.0372166666666666
MBAR,890,2017,6,8,-0.601,30.738,1337.653,0.0294268448536391,0.0278904926108374,0.0269186288312411,0.0284208333333333
MBAR,891,2017,6,9,-0.601,30.738,1337.653,0.0284004624200507,0.0290737499999999,0.0284644229959893,0.0291791666666666
MBAR,892,2017,6,10,-0.601,30.738,1337.653,0.0266587517922085,0.0266567013888888,0.0250311225687313,0.0271875
MBAR,893,2017,6,11,-0.601,30.738,1337.653,0.0252848712623399,0.0236122569444444,0.0236241240440783,0.0248375
MBAR,894,2017,6,12,-0.601,30.738,1337.653,0.0251334201521056,0.0235541666666666,0.0248385971236023,0.0261166666666666
MBAR,895,2017,6,13,-0.601,30.738,1337.653,0.026160473231077,0.0252006597222222,0.0275626147037697,0.0279625
MBAR,896,2017,6,14,-0.601,30.738,1337.653,0.0290417327273711,0.0271753819444444,0.0295009315596001,0.0291
MBAR,897,2017,6,15,-0.601,30.738,1337.653,0.0308208107047281,0.0304600694444444,0.0314046709276303,0.0315833333333333
MBAR,898,2017,6,16,-0.601,30.738,1337.653,0.0307617411223968,0.0301781944444444,0.0308331239070059,0.0314583333333333
MBAR,899,2017,6,17,-0.601,30.738,1337.653,0.0309911186167016,0.03050625,0.0305075883842489,0.0319041666666666
MBAR,900,2017,6,18,-0.601,30.738,1337.653,0.0295002120042956,0.0277592361111111,0.0294738775025587,0.0296416666666666
MBAR,901,2017,6,19,-0.601,30.738,1337.653,0.0268628922244329,0.026310625,0.027750736059435,0.0280666666666666
MBAR,902,2017,6,20,-0.601,30.738,1337.653,0.0258872442569212,0.0249660763888888,0.0246767788027403,0.02545
MBAR,903,2017,6,21,-0.601,30.738,1337.653,0.0258017889703943,0.0249974305555555,0.0226418320277049,0.0246249999999999
MBAR,904,2017,6,22,-0.601,30.738,1337.653,0.0265477435825489,0.0252033680555555,0.0245118281473969,0.024975
MBAR,905,2017,6,23,-0.601,30.738,1337.653,0.0283647886097681,0.0268276388888888,0.026998517237375,0.0272458333333333
MBAR,906,2017,6,24,-0.601,30.738,1337.653,0.0255180738673627,0.0246298958333333,0.0271131412094581,0.0270375
MBAR,907,2017,6,25,-0.601,30.738,1337.653,0.021990552839124,0.0225342708333333,0.0239435964128418,0.0246916666666666
MBAR,908,2017,6,26,-0.601,30.738,1337.653,0.0241615423018504,0.0241453819444444,0.0233600194209453,0.0251708333333333
MBAR,909,2017,6,27,-0.601,30.738,1337.653,0.0239353280181429,0.0228964930555555,0.0229672335463333,0.0233333333333333
MBAR,910,2017,6,28,-0.601,30.738,1337.653,0.0256755047239129,0.0240851388888888,0.0236806117887229,0.0244666666666666
MBAR,911,2017,6,29,-0.601,30.738,1337.653,0.0308401862376938,0.0301134027777777,0.0267136340697159,0.0285125
MBAR,912,2017,6,30,-0.601,30.738,1337.653,0.0289894719576969,0.0279672222222222,0.0285510889482511,0.0291958333333333
MBAR,913,2017,7,1,-0.601,30.738,1337.653,0.0246264837507923,0.0233633333333333,0.0248503868950688,0.0238625
MBAR,914,2017,7,2,-0.601,30.738,1337.653,0.0234372138673551,0.0216970138888888,0.0219549649106784,0.0216875
MBAR,915,2017,7,3,-0.601,30.738,1337.653,0.030781021761649,0.0296588194444444,0.0269169051660697,0.0287375
MBAR,916,2017,7,4,-0.601,30.738,1337.653,0.0344831695818141,0.0327157638888888,0.032409193785256,0.0333041666666666
MBAR,917,2017,7,5,-0.601,30.738,1337.653,0.0338870296975898,0.0324993055555555,0.0326559992474519,0.0347125
MBAR,918,2017,7,6,-0.601,30.738,1337.653,0.0309683240420304,0.0295683680555555,0.0322859349469608,0.0328166666666666
MBAR,919,2017,7,7,-0.601,30.738,1337.653,0.0275373823748709,0.0269050347222222,0.0289334993052173,0.0292333333333333
MBAR,920,2017,7,8,-0.601,30.738,1337.653,0.0245557353644942,0.0237367361111111,0.0248681029511866,0.0258416666666666
MBAR,921,2017,7,9,-0.601,30.738,1337.653,0.0212714833573174,0.0206779861111111,0.0217847905942695,0.0224
MBAR,922,2017,7,10,-0.601,30.738,1337.653,0.02236396408275,0.0212707291666666,0.0227350175883491,0.0223125
MBAR,923,2017,7,11,-0.601,30.738,1337.653,0.0278122271677509,0.0264552430555555,0.025404598671548,0.0260833333333333
MBAR,924,2017,7,12,-0.601,30.738,1337.653,0.0300179224303983,0.0280590277777777,0.0277714306117982,0.0285958333333333
MBAR,925,2017,7,13,-0.601,30.738,1337.653,0.0293803886894727,0.0273086805555555,0.0277067596253463,0.0280416666666666
MBAR,926,2017,7,14,-0.601,30.738,1337.653,0.0279265691636189,0.0263215625,0.0273230456064676,0.0278291666666666
MBAR,927,2017,7,15,-0.601,30.738,1337.653,0.0266682496624122,0.0244848958333333,0.026258666128068,0.027375
MBAR,928,2017,7,16,-0.601,30.738,1337.653,0.0279280599644998,0.0261862152777777,0.0285601195551103,0.0298666666666666
MBAR,929,2017,7,17,-0.601,30.738,1337.653,0.0267257886485576,0.0255457638888888,0.0268132160925002,0.027375
MBAR,930,2017,7,18,-0.601,30.738,1337.653,0.0260062513430976,0.0257670138888888,0.0267675100649198,0.028325
MBAR,931,2017,7,19,-0.601,30.738,1337.653,0.0280888456902041,0.0275835069444444,0.0276720801297533,0.0282291666666666
MBAR,932,2017,7,20,-0.601,30.738,1337.653,0.0277131834249029,0.0262850347222222,0.0264655509545084,0.0277875
MBAR,933,2017,7,21,-0.601,30.738,1337.653,0.0286041024981508,0.0265130555555555,0.0261948813669356,0.0277291666666666
MBAR,934,2017,7,22,-0.601,30.738,1337.653,0.0314978278554503,0.0307185416666666,0.0303399752938861,0.0326583333333333
MBAR,935,2017,7,23,-0.601,30.738,1337.653,0.0334448839952385,0.0319120486111111,0.031730053629502,0.0319958333333333
MBAR,936,2017,7,24,-0.601,30.738,1337.653,0.0336971072096622,0.0323288541666666,0.0325415270883626,0.0329458333333333
MBAR,937,2017,7,25,-0.601,30.738,1337.653,0.0335739709426481,0.0327705902777777,0.0327941086229553,0.0330833333333333
MBAR,938,2017,7,26,-0.601,30.738,1337.653,0.031810092184968,0.0294811458333333,0.0308509747816538,0.0310166666666666
MBAR,939,2017,7,27,-0.601,30.738,1337.653,0.0310558563187251,0.030354375,0.0323526585993513,0.0328791666666666
MBAR,940,2017,7,28,-0.601,30.738,1337.653,0.026402329073818,0.0246145138888888,0.0279380992130254,0.0290374999999999
MBAR,941,2017,7,29,-0.601,30.738,1337.653,0.0273689360086722,0.0269450347222222,0.0267933931134607,0.028475
MBAR,942,2017,7,30,-0.601,30.738,1337.653,0.0274887088021325,0.0258930555555555,0.0267103196608192,0.0272875
MBAR,944,2017,8,1,-0.601,30.738,1337.653,0.03003244366059,0.0304968749999999,0.0302054861625412,0.0303166666666666
MBAR,945,2017,8,2,-0.601,30.738,1337.653,0.0294818886697839,0.0285631944444444,0.0299096698182398,0.0294375
MBAR,946,2017,8,3,-0.601,30.738,1337.653,0.028456836184614,0.0284888888888888,0.0301526221047169,0.0296083333333333
MBAR,947,2017,8,4,-0.601,30.738,1337.653,0.0270443972851427,0.0264692361111111,0.0262973800166969,0.0268666666666666
MBAR,948,2017,8,5,-0.601,30.738,1337.653,0.0271314683199646,0.0266691666666666,0.0277153120721278,0.0285708333333333
MBAR,949,2017,8,6,-0.601,30.738,1337.653,0.0288357759234412,0.0289097569444444,0.028025223348749,0.029025
MBAR,950,2017,8,7,-0.601,30.738,1337.653,0.0289584438217287,0.0272407291666666,0.0289479921937706,0.0290958333333333
MBAR,951,2017,8,8,-0.601,30.738,1337.653,0.0328032317037316,0.0309655902777777,0.0298879748980673,0.0308583333333333
MBAR,952,2017,8,9,-0.601,30.738,1337.653,0.0337814019626029,0.0326552083333333,0.0329681842923746,0.0329125
MBAR,953,2017,8,10,-0.601,30.738,1337.653,0.0321237433196504,0.0315329861111111,0.0331818891968495,0.0324416666666666
MBAR,954,2017,8,11,-0.601,30.738,1337.653,0.0303680535856383,0.0288346527777777,0.0321445085034333,0.0326625
MBAR,955,2017,8,12,-0.601,30.738,1337.653,0.0301777730025253,0.0292771527777777,0.0304092022908844,0.0305916666666666
MBAR,956,2017,8,13,-0.601,30.738,1337.653,0.0292768723882571,0.0281510069444444,0.0292490475929266,0.0295416666666666
MBAR,957,2017,8,14,-0.601,30.738,1337.653,0.0293681106691053,0.028794375,0.0297877853606789,0.0300958333333333
MBAR,958,2017,8,15,-0.601,30.738,1337.653,0.0314724551112148,0.0313927777777777,0.0314901575416436,0.0309166666666666
MBAR,959,2017,8,16,-0.601,30.738,1337.653,0.0309671321866009,0.0306263194444444,0.0294769347243442,0.0304916666666666
MBAR,960,2017,8,17,-0.601,30.738,1337.653,0.0335178105406098,0.0328531944444444,0.031593311055832,0.03285
MBAR,961,2017,8,18,-0.601,30.738,1337.653,0.0324225787192281,0.0310967361111111,0.0317579643265684,0.032125
MBAR,962,2017,8,19,-0.601,30.738,1337.653,0.0297680323566453,0.0292435416666666,0.0304259413806367,0.0302041666666666
MBAR,963,2017,8,20,-0.601,30.738,1337.653,0.0268847174323077,0.0266099652777777,0.0284089498390657,0.0267375
MBAR,964,2017,8,21,-0.601,30.738,1337.653,0.0237182119120483,0.0232169097222222,0.0234329062499055,0.0236458333333333
MBAR,965,2017,8,22,-0.601,30.738,1337.653,0.0287297928491269,0.0287180555555555,0.0273477613048326,0.0277833333333333
MBAR,966,2017,8,23,-0.601,30.738,1337.653,0.0336403317671808,0.0323579513888888,0.0326819869497686,0.032475
MBAR,967,2017,8,24,-0.601,30.738,1337.653,0.0335540279033814,0.0327270486111111,0.0332081323455253,0.0340416666666666
MBAR,968,2017,8,25,-0.601,30.738,1337.653,0.0325976281533876,0.0319809722222222,0.0335588144321944,0.0334458333333333
MBAR,969,2017,8,26,-0.601,30.738,1337.653,0.031974465325989,0.0310873611111111,0.0314389803457712,0.0316375
MBAR,970,2017,8,27,-0.601,30.738,1337.653,0.0300101668862149,0.03056875,0.0306805937012207,0.0302291666666666
MBAR,971,2017,8,28,-0.601,30.738,1337.653,0.0281064078884859,0.02786,0.0281160925770254,0.02775
MBAR,972,2017,8,29,-0.601,30.738,1337.653,0.0300242824281923,0.0287588541666666,0.0294411283066816,0.0293791666666666
MBAR,973,2017,8,30,-0.601,30.738,1337.653,0.0325872318173948,0.0316652083333333,0.0312136671403198,0.0325041666666666
MBAR,975,2017,9,1,-0.601,30.738,1337.653,0.0330748447712428,0.0316686458333333,0.0326637237372961,0.0323375
MBAR,976,2017,9,2,-0.601,30.738,1337.653,0.0339167963997652,0.0322419791666666,0.0327139955096944,0.0325708333333333
MBAR,977,2017,9,3,-0.601,30.738,1337.653,0.034334536865804,0.0332659722222222,0.0331827450583775,0.0335958333333333
MBAR,978,2017,9,4,-0.601,30.738,1337.653,0.0332214205857152,0.0326390625,0.0327401044169542,0.0316333333333333
MBAR,979,2017,9,5,-0.601,30.738,1337.653,0.0303715486386386,0.0293905902777777,0.0299499355085899,0.0298958333333333
MBAR,980,2017,9,6,-0.601,30.738,1337.653,0.0302668389666261,0.0297485416666666,0.0293941984978018,0.0312666666666666
MBAR,981,2017,9,7,-0.601,30.738,1337.653,0.029552398525427,0.0286858680555555,0.0302223614819611,0.0311041666666666
MBAR,982,2017,9,8,-0.601,30.738,1337.653,0.0302121366500116,0.0293030208333333,0.0294182819528666,0.0294249999999999
MBAR,983,2017,9,9,-0.601,30.738,1337.653,0.0321090589879703,0.0314764930555555,0.032400781303018,0.0324874999999999
MBAR,984,2017,9,10,-0.601,30.738,1337.653,0.0325710169046376,0.0320323263888888,0.0338324405626071,0.0337375
MBAR,985,2017,9,11,-0.601,30.738,1337.653,0.0333436814594363,0.0319615625,0.0327458275281598,0.0327125
MBAR,986,2017,9,12,-0.601,30.738,1337.653,0.0319535605583805,0.0317892013888888,0.0316668659030266,0.0313458333333333
MBAR,987,2017,9,13,-0.601,30.738,1337.653,0.0296438502716936,0.0300525694444444,0.0293496187334947,0.03085
MBAR,988,2017,9,14,-0.601,30.738,1337.653,0.0317787660309378,0.0322488888888888,0.0336255491971021,0.034975
MBAR,989,2017,9,15,-0.601,30.738,1337.653,0.0322816325322646,0.0311931597222222,0.0323027301291244,0.0312416666666666
MBAR,990,2017,9,16,-0.601,30.738,1337.653,0.0318643063457618,0.0314910416666666,0.0320686531679827,0.0330083333333333
MBAR,991,2017,9,17,-0.601,30.738,1337.653,0.0326418930284966,0.0322745138888888,0.0321868283830728,0.0343083333333333
MBAR,992,2017,9,18,-0.601,30.738,1337.653,0.0316173232286283,0.0311543055555555,0.0319875698091279,0.0328708333333333
MBAR,993,2017,9,19,-0.601,30.738,1337.653,0.0304069350050665,0.0301986458333333,0.0296105016444128,0.0309875
MBAR,994,2017,9,20,-0.601,30.738,1337.653,0.0302539398584507,0.0300617708333333,0.0312061810229622,0.0311625
MBAR,995,2017,9,21,-0.601,30.738,1337.653,0.0292135096153427,0.0287749305555555,0.0301603221363144,0.0301875
MBAR,996,2017,9,22,-0.601,30.738,1337.653,0.0241058486558999,0.02450875,0.0264177446276339,0.0265541666666666
MBAR,997,2017,9,23,-0.601,30.738,1337.653,0.0262106972156862,0.0252563888888888,0.0260105721648871,0.026825
MBAR,998,2017,9,24,-0.601,30.738,1337.653,0.0308554351095321,0.0303710069444444,0.0309825265036824,0.0316291666666666
MBAR,999,2017,9,25,-0.601,30.738,1337.653,0.0321741656813597,0.0315920486111111,0.0328511003224928,0.0318333333333333
MBAR,1000,2017,9,26,-0.601,30.738,1337.653,0.0308921842488548,0.0303502083333333,0.0297296377322733,0.0302833333333333
MBAR,1001,2017,9,27,-0.601,30.738,1337.653,0.0286956053170051,0.0282268402777777,0.0301149713098776,0.0311083333333333
MBAR,1002,2017,9,28,-0.601,30.738,1337.653,0.0293850159276779,0.0296916319444444,0.0297870320430459,0.0306041666666666
MBAR,1003,2017,9,29,-0.601,30.738,1337.653,0.0296792530198869,0.0300133333333333,0.032813750856797,0.0325083333333333
MBAR,1004,2017,9,30,-0.601,30.738,1337.653,0.0283337063585591,0.0286048958333333,0.0278508408062172,0.0281083333333333
MBAR,1005,2017,10,1,-0.601,30.738,1337.653,0.0275920747390884,0.0289256249999999,0.0303078970405418,0.0303458333333333
MBAR,1006,2017,10,2,-0.601,30.738,1337.653,0.0264394020822368,0.0267505555555555,0.0271751420004076,0.027
MBAR,1007,2017,10,3,-0.601,30.738,1337.653,0.0260296462509844,0.0259561458333333,0.025940451611645,0.0253
MBAR,1008,2017,10,4,-0.601,30.738,1337.653,0.0246504054194641,0.0259329861111111,0.0261955145708237,0.0256625
MBAR,1009,2017,10,5,-0.601,30.738,1337.653,0.0221116394928262,0.0237825694444444,0.0242341385468505,0.025275
MBAR,1010,2017,10,6,-0.601,30.738,1337.653,0.0242286183641255,0.0243373958333333,0.0228744248334939,0.0231291666666666
MBAR,1011,2017,10,7,-0.601,30.738,1337.653,0.0287042660228488,0.0296771180555555,0.0270949742719597,0.028825
MBAR,1012,2017,10,8,-0.601,30.738,1337.653,0.0284280938504992,0.0298827430555555,0.0283802011652925,0.0297583333333333
MBAR,1013,2017,10,9,-0.601,30.738,1337.653,0.0287894864993558,0.0291521180555555,0.0289023994582184,0.030575
MBAR,1014,2017,10,10,-0.601,30.738,1337.653,0.0306712601971408,0.0314706597222222,0.0322652315677185,0.0339291666666666
MBAR,1015,2017,10,11,-0.601,30.738,1337.653,0.0314139572338173,0.0313699305555555,0.0330708240904153,0.0335083333333333
MBAR,1016,2017,10,12,-0.601,30.738,1337.653,0.0326781097054478,0.0327264236111111,0.0342845896547321,0.0340166666666666
MBAR,1017,2017,10,13,-0.601,30.738,1337.653,0.0309734524990463,0.0304151388888888,0.0314525954387502,0.0320583333333333
MBAR,1018,2017,10,14,-0.601,30.738,1337.653,0.0305762573990015,0.0306915625,0.0329456790412249,0.0326125
MBAR,1019,2017,10,15,-0.601,30.738,1337.653,0.031389400863884,0.0312227083333333,0.0322482275933683,0.0328916666666666
MBAR,1020,2017,10,16,-0.601,30.738,1337.653,0.0317868812352447,0.0306342361111111,0.0308094377258572,0.0305083333333333
MBAR,1021,2017,10,17,-0.601,30.738,1337.653,0.033383692626347,0.0321085763888888,0.0318127771896846,0.0327541666666666
MBAR,1022,2017,10,18,-0.601,30.738,1337.653,0.0342234924507446,0.0334865972222222,0.0356088503254607,0.0354291666666666
MBAR,1023,2017,10,19,-0.601,30.738,1337.653,0.0361176855087854,0.0355798958333333,0.0361820446194043,0.0375583333333333
MBAR,1024,2017,10,20,-0.601,30.738,1337.653,0.0340284571574569,0.0345732638888888,0.0345078521021641,0.034675
MBAR,1025,2017,10,21,-0.601,30.738,1337.653,0.0313268257599171,0.031796875,0.0335656454689095,0.033775
MBAR,1026,2017,10,22,-0.601,30.738,1337.653,0.026879210147211,0.0274821527777777,0.0283142263429099,0.0293083333333333
MBAR,1027,2017,10,23,-0.601,30.738,1337.653,0.0265897730881,0.0267010416666666,0.0270864268897104,0.0283625
MBAR,1028,2017,10,24,-0.601,30.738,1337.653,0.0310996471830045,0.0304345486111111,0.0316810311333681,0.0321291666666666
MBAR,1029,2017,10,25,-0.601,30.738,1337.653,0.0330241672159515,0.0323989583333333,0.0343990562309542,0.0338749999999999
MBAR,1030,2017,10,26,-0.601,30.738,1337.653,0.0354193253167006,0.034344375,0.034485771667709,0.0359375
MBAR,1031,2017,10,27,-0.601,30.738,1337.653,0.0355482790601034,0.0342979166666666,0.0344207057982268,0.0352666666666666
MBAR,1032,2017,10,28,-0.601,30.738,1337.653,0.0327058716210101,0.0319795833333333,0.0333637048574373,0.0338125
MBAR,1033,2017,10,29,-0.601,30.738,1337.653,0.0298914636233322,0.0292798611111111,0.0310742811598476,0.0315083333333333
MBAR,1034,2017,10,30,-0.601,30.738,1337.653,0.0293578695216903,0.0293909027777777,0.0314647739966588,0.0321333333333333
MBAR,1036,2017,11,1,-0.601,30.738,1337.653,0.0235706406827567,0.0238274652777777,0.0244314620671603,0.0247208333333333
MBAR,1037,2017,11,2,-0.601,30.738,1337.653,0.0281492576421435,0.0282453819444444,0.0285625623797153,0.0285916666666666
MBAR,1038,2017,11,3,-0.601,30.738,1337.653,0.0322762379323714,0.0311400694444444,0.0321619535129124,0.031325
MBAR,1039,2017,11,4,-0.601,30.738,1337.653,0.0343937173635798,0.0333319097222222,0.0352331464620722,0.0354333333333333
MBAR,1040,2017,11,5,-0.601,30.738,1337.653,0.0349014398930509,0.0334554166666666,0.0339890152664319,0.03545
MBAR,1041,2017,11,6,-0.601,30.738,1337.653,0.0359313307864746,0.0345390972222222,0.0347849533023736,0.0360833333333333
MBAR,1042,2017,11,7,-0.601,30.738,1337.653,0.0351279103180783,0.0340052430555555,0.0358160399414234,0.0367541666666666
MBAR,1043,2017,11,8,-0.601,30.738,1337.653,0.0344548421824717,0.0336188194444444,0.0336284893177808,0.0334916666666666
MBAR,1044,2017,11,9,-0.601,30.738,1337.653,0.0347951982955126,0.032899375,0.0334635561672243,0.0347708333333333
MBAR,1045,2017,11,10,-0.601,30.738,1337.653,0.0337837133314039,0.0315508680555555,0.0318599411577698,0.0321666666666666
MBAR,1046,2017,11,11,-0.601,30.738,1337.653,0.031870945607496,0.0313123611111111,0.0320473497764505,0.0330041666666666
MBAR,1047,2017,11,12,-0.601,30.738,1337.653,0.0319949306298614,0.0318496527777777,0.0329467671268697,0.0327791666666666
MBAR,1048,2017,11,13,-0.601,30.738,1337.653,0.0330028551538574,0.0318037152777777,0.0327962390577537,0.0323791666666666
MBAR,1049,2017,11,14,-0.601,30.738,1337.653,0.0326277014591548,0.0317913194444444,0.032468009394794,0.0328666666666666
MBAR,1050,2017,11,15,-0.601,30.738,1337.653,0.0307800768780514,0.0304120138888888,0.0325542058310427,0.0330791666666666
MBAR,1051,2017,11,16,-0.601,30.738,1337.653,0.0300328349810801,0.0298161805555555,0.0301422994929414,0.0314416666666666
MBAR,1052,2017,11,17,-0.601,30.738,1337.653,0.0305465729120795,0.0306118402777777,0.0308499895874948,0.0310499999999999
MBAR,1053,2017,11,18,-0.601,30.738,1337.653,0.0266282232512297,0.0273961805555555,0.0272064055692037,0.027625
MBAR,1054,2017,11,19,-0.601,30.738,1337.653,0.0271353416443544,0.0267054166666666,0.0260805126074051,0.0283041666666666
MBAR,1055,2017,11,20,-0.601,30.738,1337.653,0.0299416973320537,0.0298928125,0.0290651697056926,0.0295291666666666
MBAR,1056,2017,11,21,-0.601,30.738,1337.653,0.0293624629564954,0.0283613541666666,0.027226865823775,0.0269916666666666
MBAR,1057,2017,11,22,-0.601,30.738,1337.653,0.0289355044362713,0.0285518749999999,0.028135433653845,0.0289791666666666
MBAR,1058,2017,11,23,-0.601,30.738,1337.653,0.0307833933339737,0.0303431597222222,0.0305020399385706,0.0322041666666666
MBAR,1059,2017,11,24,-0.601,30.738,1337.653,0.0330546610033413,0.0321549305555555,0.0333481197856178,0.0329458333333333
MBAR,1060,2017,11,25,-0.601,30.738,1337.653,0.0319424748409076,0.0312381944444444,0.0310255565857758,0.0318083333333333
MBAR,1061,2017,11,26,-0.601,30.738,1337.653,0.0292282559363802,0.0292112847222222,0.0312433591479466,0.03205
MBAR,1062,2017,11,27,-0.601,30.738,1337.653,0.0256730759481492,0.0262663194444444,0.0268292169788354,0.0277708333333333
MBAR,1063,2017,11,28,-0.601,30.738,1337.653,0.027111216733205,0.0279773263888888,0.0261416210798902,0.0266583333333333
MBAR,1064,2017,11,29,-0.601,30.738,1337.653,0.0283448657681218,0.0293602777777777,0.0293552166402088,0.03125
MBAR,1065,2017,11,30,-0.601,30.738,1337.653,0.0282612433886217,0.028834375,0.0315972525847918,0.0313833333333333
MBAR,1066,2017,12,1,-0.601,30.738,1337.653,0.028476251972445,0.0295521180555555,0.0296204149184624,0.0307666666666666
MBAR,1067,2017,12,2,-0.601,30.738,1337.653,0.0291647174197294,0.0296334722222222,0.0281946188502243,0.0297458333333333
MBAR,1068,2017,12,3,-0.601,30.738,1337.653,0.0301794487792523,0.0310212847222222,0.0310849733449218,0.032625
MBAR,1069,2017,12,4,-0.601,30.738,1337.653,0.0269090407457004,0.0281252777777777,0.0279790954751855,0.0270875
MBAR,1070,2017,12,5,-0.601,30.738,1337.653,0.0282225905419558,0.0279799305555555,0.0266301110391374,0.0279458333333333
MBAR,1071,2017,12,6,-0.601,30.738,1337.653,0.0311413009713709,0.0301337152777777,0.0290234046919856,0.0312708333333333
MBAR,1072,2017,12,7,-0.601,30.738,1337.653,0.0326777354559608,0.0321115277777777,0.0303443001146984,0.0306708333333333
MBAR,1073,2017,12,8,-0.601,30.738,1337.653,0.032773567244407,0.0322619444444444,0.0315181575681964,0.0326041666666666
MBAR,1074,2017,12,9,-0.601,30.738,1337.653,0.0335687912566459,0.0339811805555555,0.0324289493445689,0.0333541666666666
MBAR,1075,2017,12,10,-0.601,30.738,1337.653,0.0302923008739248,0.0316617708333333,0.033276222907312,0.03235
MBAR,1076,2017,12,11,-0.601,30.738,1337.653,0.0231059367456967,0.0222101736111111,0.0267786523339401,0.0256208333333333
MBAR,1077,2017,12,12,-0.601,30.738,1337.653,0.0236077121304907,0.0245336111111111,0.0244254571806462,0.0263541666666666
MBAR,1078,2017,12,13,-0.601,30.738,1337.653,0.0220814933593426,0.0208027777777777,0.0209271954198004,0.0214833333333333
MBAR,1079,2017,12,14,-0.601,30.738,1337.653,0.0243866063487012,0.0231741666666666,0.0239957973749607,0.0246708333333333
MBAR,1080,2017,12,15,-0.601,30.738,1337.653,0.0262265189285217,0.0252832291666666,0.0257179069277824,0.0267916666666666
MBAR,1081,2017,12,16,-0.601,30.738,1337.653,0.0279749080143981,0.0286061458333333,0.0283008809187846,0.0281958333333333
MBAR,1082,2017,12,17,-0.601,30.738,1337.653,0.0278419353418416,0.0285912152777777,0.0284496776351417,0.0296749999999999
MBAR,1083,2017,12,18,-0.601,30.738,1337.653,0.0276875651733441,0.0287853472222222,0.0283635805582851,0.0299249999999999
MBAR,1084,2017,12,19,-0.601,30.738,1337.653,0.027538245247275,0.0276342708333333,0.0274048528072966,0.0262791666666666
MBAR,1085,2017,12,20,-0.601,30.738,1337.653,0.0286873207863092,0.0288318402777777,0.0281872739953248,0.028725
MBAR,1086,2017,12,21,-0.601,30.738,1337.653,0.0256006309910942,0.0261555555555555,0.0268699847041014,0.02755
MBAR,1087,2017,12,22,-0.601,30.738,1337.653,0.0235504242124243,0.023193125,0.0234216775366038,0.0245208333333333
MBAR,1088,2017,12,23,-0.601,30.738,1337.653,0.0236854347614452,0.0227413541666666,0.0245830522493923,0.0264833333333333
MBAR,1089,2017,12,24,-0.601,30.738,1337.653,0.0234229581057162,0.0224463888888888,0.0246414372646342,0.0243041666666666
MBAR,1090,2017,12,25,-0.601,30.738,1337.653,0.0264568539733334,0.0258620138888888,0.026788289173063,0.0270208333333333
MBAR,1091,2017,12,26,-0.601,30.738,1337.653,0.0266324738467707,0.0254981944444444,0.0280186683179904,0.02975
MBAR,1092,2017,12,27,-0.601,30.738,1337.653,0.0260335604926734,0.0251562152777777,0.0259378568359184,0.0274833333333333
MBAR,1093,2017,12,28,-0.601,30.738,1337.653,0.0262307980794668,0.0258274305555555,0.0286530171727505,0.028375
MBAR,1094,2017,12,29,-0.601,30.738,1337.653,0.0268858389273902,0.0265287152777777,0.0291596816475519,0.0287041666666666
MBAR,1095,2017,12,30,-0.601,30.738,1337.653,0.0276012102050233,0.0271453125,0.0295307293612682,0.0301291666666666
MBAR,1097,2018,1,1,-0.601,30.738,1337.653,0.0300388537769574,0.0286636111111111,0.0315276015559295,0.0306833333333333
MBAR,1098,2018,1,2,-0.601,30.738,1337.653,0.0333037660653042,0.0308151736111111,0.0312164292679647,0.0304458333333333
MBAR,1099,2018,1,3,-0.601,30.738,1337.653,0.0338793280415854,0.0323311805555555,0.033300319201512,0.0337416666666666
MBAR,1100,2018,1,4,-0.601,30.738,1337.653,0.03287430216784,0.0314150347222222,0.0323337848238626,0.0319791666666666
MBAR,1101,2018,1,5,-0.601,30.738,1337.653,0.0298854819973828,0.0273326388888888,0.0292601712677272,0.0265458333333333
MBAR,1102,2018,1,6,-0.601,30.738,1337.653,0.0280335478009247,0.0259803125,0.0261750028100363,0.0275583333333333
MBAR,1103,2018,1,7,-0.601,30.738,1337.653,0.026584285581261,0.0253411458333333,0.0255273553358664,0.0260833333333333
MBAR,1104,2018,1,8,-0.601,30.738,1337.653,0.0238346398463768,0.0232630208333333,0.0229621340419004,0.0241125
MBAR,1105,2018,1,9,-0.601,30.738,1337.653,0.0251198688480595,0.0243277083333333,0.0248677044944186,0.0247499999999999
MBAR,1106,2018,1,10,-0.601,30.738,1337.653,0.0248860989613172,0.0235776736111111,0.0261475286625303,0.0267083333333333
MBAR,1107,2018,1,11,-0.601,30.738,1337.653,0.0284834444212123,0.0272767013888888,0.0270915182205968,0.0293291666666666
MBAR,1108,2018,1,12,-0.601,30.738,1337.653,0.0312818554534068,0.030994375,0.0311662258646942,0.0326958333333333
MBAR,1109,2018,1,13,-0.601,30.738,1337.653,0.0291119672966121,0.0279702083333333,0.0310495588688864,0.0311833333333333
MBAR,1110,2018,1,14,-0.601,30.738,1337.653,0.0313783098148728,0.0309017361111111,0.0308865023214404,0.0305124999999999
MBAR,1111,2018,1,15,-0.601,30.738,1337.653,0.0320845097577413,0.0303220833333333,0.0295150335233884,0.0284458333333333
MBAR,1112,2018,1,16,-0.601,30.738,1337.653,0.0283161285244375,0.0268001041666666,0.0283482945127446,0.0272291666666666
MBAR,1113,2018,1,17,-0.601,30.738,1337.653,0.0256052242810876,0.0241198958333333,0.02383246992637,0.023225
MBAR,1114,2018,1,18,-0.601,30.738,1337.653,0.0267267629813627,0.0270198263888888,0.0253049734216949,0.0256875
MBAR,1115,2018,1,19,-0.601,30.738,1337.653,0.0273742489146878,0.0265030555555555,0.0272572990771374,0.0258291666666666
MBAR,1116,2018,1,20,-0.601,30.738,1337.653,0.0281198852080038,0.0274328819444444,0.0281597508368527,0.027225
MBAR,1117,2018,1,21,-0.601,30.738,1337.653,0.0269954123794459,0.0274221875,0.0287181385788428,0.0292375
MBAR,1118,2018,1,22,-0.601,30.738,1337.653,0.0268496542086453,0.0260067361111111,0.027553796963529,0.0282916666666666
MBAR,1119,2018,1,23,-0.601,30.738,1337.653,0.0277217162216967,0.0273752430555555,0.0290941388986974,0.0292708333333333
MBAR,1120,2018,1,24,-0.601,30.738,1337.653,0.0302419869359655,0.0311847916666666,0.0290066699590379,0.0317791666666666
MBAR,1121,2018,1,25,-0.601,30.738,1337.653,0.0295801653281338,0.0295155208333333,0.0304463103843883,0.0314
MBAR,1122,2018,1,26,-0.601,30.738,1337.653,0.0290227845688431,0.0275187847222222,0.0297343240876427,0.029675
MBAR,1123,2018,1,27,-0.601,30.738,1337.653,0.0279084866864741,0.0276982986111111,0.0300284956596563,0.029175
MBAR,1124,2018,1,28,-0.601,30.738,1337.653,0.0239372460965417,0.0235969791666666,0.0270428420402838,0.0273125
MBAR,1125,2018,1,29,-0.601,30.738,1337.653,0.0238404098938664,0.0240253472222222,0.0247331878378497,0.0265791666666666
MBAR,1126,2018,1,30,-0.601,30.738,1337.653,0.0236142398414192,0.0237364236111111,0.0250740152550692,0.0253166666666666
MBAR,1128,2018,2,1,-0.601,30.738,1337.653,0.0253703250485531,0.0237794444444444,0.0279139022740341,0.02855
MBAR,1129,2018,2,2,-0.601,30.738,1337.653,0.0277638680582167,0.0280114583333333,0.0285729158754402,0.0288958333333333
MBAR,1130,2018,2,3,-0.601,30.738,1337.653,0.0270133882904486,0.0274745138888888,0.0264613844479468,0.0262291666666666
MBAR,1131,2018,2,4,-0.601,30.738,1337.653,0.0249960307391386,0.0256320486111111,0.024711965013105,0.0249291666666666
MBAR,1132,2018,2,5,-0.601,30.738,1337.653,0.026399537304494,0.0266801041666666,0.025662431870722,0.0268666666666666
MBAR,1133,2018,2,6,-0.601,30.738,1337.653,0.0299848399867853,0.0287907986111111,0.0283694270754964,0.0291083333333333
MBAR,1134,2018,2,7,-0.601,30.738,1337.653,0.0313768601018378,0.0303988541666666,0.0294142397900734,0.0310375
MBAR,1135,2018,2,8,-0.601,30.738,1337.653,0.0293353680841537,0.0282347916666666,0.0291833012736056,0.0303666666666666
MBAR,1136,2018,2,9,-0.601,30.738,1337.653,0.0283873179226102,0.0281128819444444,0.0296231610929706,0.0296583333333333
MBAR,1137,2018,2,10,-0.601,30.738,1337.653,0.0279110164848529,0.0267981597222222,0.0266859213719591,0.0264041666666666
MBAR,1138,2018,2,11,-0.601,30.738,1337.653,0.0271237542391017,0.0273908333333333,0.0274318622243125,0.0287541666666666
MBAR,1139,2018,2,12,-0.601,30.738,1337.653,0.0279711033136924,0.0292361111111111,0.0290019869892559,0.0309333333333333
MBAR,1140,2018,2,13,-0.601,30.738,1337.653,0.0269433928391068,0.0279565624999999,0.0297130939371243,0.0283999999999999
MBAR,1141,2018,2,14,-0.601,30.738,1337.653,0.0261862388627678,0.0265497222222222,0.0279431637602152,0.026925
MBAR,1142,2018,2,15,-0.601,30.738,1337.653,0.0256702917136665,0.0268248611111111,0.0262684474175575,0.0270958333333333
MBAR,1143,2018,2,16,-0.601,30.738,1337.653,0.0235560176863227,0.0247489236111111,0.0264879173885286,0.0258125
MBAR,1144,2018,2,17,-0.601,30.738,1337.653,0.0266552388599485,0.0271824652777777,0.0268406227795215,0.0259875
MBAR,1145,2018,2,18,-0.601,30.738,1337.653,0.0287718195888748,0.0288091666666666,0.02783227554044,0.0296166666666666
MBAR,1146,2018,2,19,-0.601,30.738,1337.653,0.0314397775431497,0.0320553472222222,0.0337618626788273,0.0347875
MBAR,1147,2018,2,20,-0.601,30.738,1337.653,0.0334939692016669,0.0327174305555555,0.0344222417912708,0.0331666666666666
MBAR,1148,2018,2,21,-0.601,30.738,1337.653,0.0337064780026624,0.0336865972222222,0.0356718474354765,0.0356833333333333
MBAR,1149,2018,2,22,-0.601,30.738,1337.653,0.0309724026330821,0.0312484027777777,0.0308107687063936,0.0336416666666666
MBAR,1150,2018,2,23,-0.601,30.738,1337.653,0.0304903664211708,0.0299404861111111,0.0315301086958034,0.0318166666666666
MBAR,1151,2018,2,24,-0.601,30.738,1337.653,0.0301423856457883,0.0291234722222222,0.030521492388992,0.0305416666666666
MBAR,1152,2018,2,25,-0.601,30.738,1337.653,0.0280744196935274,0.0281425694444444,0.0285798064575216,0.0291208333333333
MBAR,1153,2018,2,26,-0.601,30.738,1337.653,0.0284890573294473,0.0286207291666666,0.0301089907105309,0.0296333333333333
MBAR,1154,2018,2,27,-0.601,30.738,1337.653,0.029302115828444,0.0296680902777777,0.0317868496140948,0.0321791666666666
MBAR,1155,2018,2,28,-0.601,30.738,1337.653,0.0318341124707761,0.0313246180555555,0.0326463704939045,0.0331083333333333
MBAR,1156,2018,3,1,-0.601,30.738,1337.653,0.0327384295344607,0.0304146180555555,0.0322706547257419,0.0326458333333333
MBAR,1157,2018,3,2,-0.601,30.738,1337.653,0.0346970942667866,0.0324530208333333,0.0352811125452934,0.0337958333333333
MBAR,1158,2018,3,3,-0.601,30.738,1337.653,0.0328935222894265,0.0297017013888888,0.0326882852969794,0.0331
MBAR,1159,2018,3,4,-0.601,30.738,1337.653,0.0355891915034808,0.0342052430555555,0.0335388031291023,0.0352041666666666
MBAR,1160,2018,3,5,-0.601,30.738,1337.653,0.0364153944218199,0.0338578819444444,0.0341223788677802,0.0352208333333333
MBAR,1161,2018,3,6,-0.601,30.738,1337.653,0.0338928487628076,0.0329926388888888,0.0356481040086726,0.0329458333333333
MBAR,1162,2018,3,7,-0.601,30.738,1337.653,0.0333178537935598,0.0323544791666666,0.0333225245423306,0.0324458333333333
MBAR,1163,2018,3,8,-0.601,30.738,1337.653,0.0327708339644708,0.0311420138888888,0.0297787441402948,0.0312
MBAR,1164,2018,3,9,-0.601,30.738,1337.653,0.032403329663807,0.0301726388888888,0.0317716393076135,0.0331958333333333
MBAR,1165,2018,3,10,-0.601,30.738,1337.653,0.0337030137848589,0.0321898263888888,0.0342618423577321,0.0345666666666666
MBAR,1166,2018,3,11,-0.601,30.738,1337.653,0.0341554682851768,0.0328622222222222,0.034290666499809,0.0355291666666666
MBAR,1167,2018,3,12,-0.601,30.738,1337.653,0.0342501503164406,0.0331367708333333,0.0349770616031137,0.0347708333333333
MBAR,1168,2018,3,13,-0.601,30.738,1337.653,0.0357273596449564,0.0344552430555555,0.0346203839057346,0.035725
MBAR,1169,2018,3,14,-0.601,30.738,1337.653,0.0373325489049255,0.0353192361111111,0.035047780576929,0.0365708333333333
MBAR,1170,2018,3,15,-0.601,30.738,1337.653,0.0377821172381746,0.0359781944444444,0.0376934277690732,0.0381625
MBAR,1171,2018,3,16,-0.601,30.738,1337.653,0.037037032272375,0.0349156944444444,0.0363024294218652,0.0344125
MBAR,1172,2018,3,17,-0.601,30.738,1337.653,0.0369001504010624,0.0344030902777777,0.0339030447615846,0.035025
MBAR,1173,2018,3,18,-0.601,30.738,1337.653,0.0366286751400292,0.0351549652777777,0.0371435221796383,0.0379875
MBAR,1174,2018,3,19,-0.601,30.738,1337.653,0.0358709284930599,0.0350639236111111,0.0378030582342008,0.0360666666666666
MBAR,1175,2018,3,20,-0.601,30.738,1337.653,0.0362845252834424,0.0356002083333333,0.0357765834424456,0.0352958333333333
MBAR,1176,2018,3,21,-0.601,30.738,1337.653,0.033941518009013,0.0315951736111111,0.0339091911662864,0.0324666666666666
MBAR,1177,2018,3,22,-0.601,30.738,1337.653,0.0292572876110699,0.0288304166666666,0.0304069561417535,0.0309875
MBAR,1178,2018,3,23,-0.601,30.738,1337.653,0.0262504080520142,0.0269,0.0274631078203973,0.0281416666666666
MBAR,1179,2018,3,24,-0.601,30.738,1337.653,0.0275324687659497,0.0280041666666666,0.0289346434652873,0.0297833333333333
MBAR,1180,2018,3,25,-0.601,30.738,1337.653,0.0327843264361523,0.0325346527777777,0.0322484769580269,0.0333416666666666
MBAR,1181,2018,3,26,-0.601,30.738,1337.653,0.0317402833832272,0.0312356597222222,0.032377771293268,0.0334916666666666
MBAR,1182,2018,3,27,-0.601,30.738,1337.653,0.0320180947786375,0.0315025,0.0324808335985324,0.0322375
MBAR,1183,2018,3,28,-0.601,30.738,1337.653,0.0308403269642542,0.0311482986111111,0.0329027131312469,0.03325
MBAR,1184,2018,3,29,-0.601,30.738,1337.653,0.0321294678534989,0.0313909375,0.0320848281695102,0.0331583333333333
MBAR,1185,2018,3,30,-0.601,30.738,1337.653,0.0328293665240596,0.0325735069444444,0.0320679345215295,0.0328916666666666
MBAR,1187,2018,4,1,-0.601,30.738,1337.653,0.0358368539537498,0.0342745138888888,0.0339714987525933,0.0354208333333333
MBAR,1188,2018,4,2,-0.601,30.738,1337.653,0.0358706105069808,0.0344223611111111,0.035399248322061,0.03555
MBAR,1189,2018,4,3,-0.601,30.738,1337.653,0.0364597585997033,0.0359490972222222,0.0379686550974415,0.0382208333333333
MBAR,1190,2018,4,4,-0.601,30.738,1337.653,0.0377014203255047,0.0364607986111111,0.0370278178228084,0.0370375
MBAR,1191,2018,4,5,-0.601,30.738,1337.653,0.036655931904899,0.0352144791666666,0.0345010015774722,0.034775
MBAR,1192,2018,4,6,-0.601,30.738,1337.653,0.0365641208076202,0.0352020833333333,0.0350057307761608,0.0368
MBAR,1193,2018,4,7,-0.601,30.738,1337.653,0.0347210771604684,0.0335788888888888,0.0336317571459596,0.0354083333333333
MBAR,1194,2018,4,8,-0.601,30.738,1337.653,0.0344211153300538,0.0335452777777777,0.0350789011298832,0.0354458333333333
MBAR,1195,2018,4,9,-0.601,30.738,1337.653,0.0348671252165544,0.034153125,0.0349500812656922,0.0357625
MBAR,1196,2018,4,10,-0.601,30.738,1337.653,0.0366699305830761,0.0343973263888888,0.0342887934747879,0.03545
MBAR,1197,2018,4,11,-0.601,30.738,1337.653,0.0369876959544487,0.0358822569444444,0.0358991226659276,0.0376291666666666
MBAR,1198,2018,4,12,-0.601,30.738,1337.653,0.0368108058356435,0.03545125,0.0365769754917258,0.0377958333333333
MBAR,1199,2018,4,13,-0.601,30.738,1337.653,0.0382263903586275,0.0362427777777777,0.0372717554997862,0.0373916666666666
MBAR,1200,2018,4,14,-0.601,30.738,1337.653,0.0353744926734458,0.0352773958333333,0.0372032494566693,0.0368125
MBAR,1201,2018,4,15,-0.601,30.738,1337.653,0.0330817217773206,0.0330667013888888,0.0342743049017807,0.0340625
MBAR,1202,2018,4,16,-0.601,30.738,1337.653,0.0355256826055209,0.0344627083333333,0.0357634892851584,0.035475
MBAR,1203,2018,4,17,-0.601,30.738,1337.653,0.0365971453880112,0.0342446180555555,0.0343634528374226,0.0354041666666666
MBAR,1204,2018,4,18,-0.601,30.738,1337.653,0.03519013329605,0.0342158680555555,0.0329725660194365,0.0341458333333333
MBAR,1205,2018,4,19,-0.601,30.738,1337.653,0.0355147636143791,0.0337328819444444,0.0339774959674883,0.0349583333333333
MBAR,1206,2018,4,20,-0.601,30.738,1337.653,0.0367849342914178,0.0344242013888888,0.0338224650123008,0.0364583333333333
MBAR,1207,2018,4,21,-0.601,30.738,1337.653,0.0376756277034055,0.0355647916666666,0.0357994172010823,0.0366916666666666
MBAR,1208,2018,4,22,-0.601,30.738,1337.653,0.0382280273069668,0.0363022222222222,0.0371395190588671,0.0359041666666666
MBAR,1209,2018,4,23,-0.601,30.738,1337.653,0.0369390475273987,0.0350485416666666,0.0354895553757205,0.036275
MBAR,1210,2018,4,24,-0.601,30.738,1337.653,0.0377581834891586,0.036628125,0.0367680049482226,0.0386333333333333
MBAR,1211,2018,4,25,-0.601,30.738,1337.653,0.0386738035900322,0.0375862847222222,0.0374054757220483,0.0395
MBAR,1212,2018,4,26,-0.601,30.738,1337.653,0.0342428541295319,0.0331469444444444,0.0353750511291622,0.0378583333333333
MBAR,1213,2018,4,27,-0.601,30.738,1337.653,0.0344234338295711,0.0333743055555555,0.0320723836387016,0.0335416666666666
MBAR,1214,2018,4,28,-0.601,30.738,1337.653,0.036108386239652,0.0353798611111111,0.0341564550189487,0.035375
MBAR,1215,2018,4,29,-0.601,30.738,1337.653,0.0358030709130444,0.0351911458333333,0.0342722238241878,0.0370458333333333
MBAR,1216,2018,4,30,-0.601,30.738,1337.653,0.0345835335788983,0.0331727083333333,0.0330360769545317,0.0354375
MBAR,1217,2018,5,1,-0.601,30.738,1337.653,0.0347554528109426,0.0337704166666666,0.0337665850942371,0.0353833333333333
MBAR,1218,2018,5,2,-0.601,30.738,1337.653,0.0354957875069485,0.0345746527777777,0.0343209158307444,0.0347625
MBAR,1219,2018,5,3,-0.601,30.738,1337.653,0.034741841427268,0.0328236805555555,0.0323881498494,0.0342208333333333
MBAR,1220,2018,5,4,-0.601,30.738,1337.653,0.0355582115728818,0.0346262847222222,0.0321043102450869,0.0342166666666666
MBAR,1221,2018,5,5,-0.601,30.738,1337.653,0.0348018639987738,0.0332766666666666,0.0331696146651284,0.0348125
MBAR,1222,2018,5,6,-0.601,30.738,1337.653,0.0358737231017979,0.0346024305555555,0.0354455149896255,0.0368375
MBAR,1223,2018,5,7,-0.601,30.738,1337.653,0.0343825655028787,0.0344505555555555,0.0373698770016109,0.0364458333333333
MBAR,1224,2018,5,8,-0.601,30.738,1337.653,0.0327896971958016,0.03283125,0.0331262536414468,0.0336291666666666
MBAR,1225,2018,5,9,-0.601,30.738,1337.653,0.0340326519389061,0.0329519444444444,0.031279053483301,0.03465
MBAR,1226,2018,5,10,-0.601,30.738,1337.653,0.0329672963966049,0.0330158333333333,0.0313582868085539,0.0336875
MBAR,1227,2018,5,11,-0.601,30.738,1337.653,0.0323151893592476,0.0329221527777777,0.031711594658323,0.0329208333333333
MBAR,1228,2018,5,12,-0.601,30.738,1337.653,0.0316752716547586,0.0327077777777777,0.0310464230513452,0.0336416666666666
MBAR,1229,2018,5,13,-0.601,30.738,1337.653,0.0304760650256916,0.0297488541666666,0.0281569833810002,0.0322458333333333
MBAR,1230,2018,5,14,-0.601,30.738,1337.653,0.0307821616529199,0.0294254166666666,0.0319668945308642,0.0338208333333333
MBAR,1231,2018,5,15,-0.601,30.738,1337.653,0.0333996062235408,0.0322460763888888,0.0336014764930357,0.0349583333333333
MBAR,1232,2018,5,16,-0.601,30.738,1337.653,0.0351182121698543,0.0339761111111111,0.0338235482176013,0.0339958333333333
MBAR,1233,2018,5,17,-0.601,30.738,1337.653,0.0360036553261548,0.0337472222222222,0.0328358560144628,0.0344625
MBAR,1234,2018,5,18,-0.601,30.738,1337.653,0.0333795243730086,0.0313057986111111,0.0328875381560372,0.0322916666666666
MBAR,1235,2018,5,19,-0.601,30.738,1337.653,0.0332829389986043,0.0323053472222222,0.034372994888778,0.0340416666666666
MBAR,1236,2018,5,20,-0.601,30.738,1337.653,0.0354169070590418,0.0333903819444444,0.0340519530789221,0.0337375
MBAR,1237,2018,5,21,-0.601,30.738,1337.653,0.0387930754072153,0.0373997569444444,0.035926825222787,0.0365625
MBAR,1238,2018,5,22,-0.601,30.738,1337.653,0.0375712974656547,0.0354369097222222,0.0363836339552509,0.0363166666666666
MBAR,1239,2018,5,23,-0.601,30.738,1337.653,0.0356191834536556,0.0343964583333333,0.0344046751629324,0.0358166666666666
MBAR,1240,2018,5,24,-0.601,30.738,1337.653,0.0351185439627661,0.0341901736111111,0.0338806155171054,0.0351916666666666
MBAR,1241,2018,5,25,-0.601,30.738,1337.653,0.0330688548286147,0.0319527777777777,0.0324200004319898,0.0316208333333333
MBAR,1242,2018,5,26,-0.601,30.738,1337.653,0.0328176155567884,0.0321665277777777,0.0334909389914271,0.0319749999999999
MBAR,1248,2018,6,1,-0.601,30.738,1337.653,0.0297693646978588,0.0302429166666666,0.0307233743987746,0.0296458333333333
MBAR,1249,2018,6,2,-0.601,30.738,1337.653,0.0313665019042562,0.0298847916666666,0.0303401713550362,0.0314583333333333
MBAR,1250,2018,6,3,-0.601,30.738,1337.653,0.0321687425532719,0.0304427430555555,0.0306509248743758,0.0320916666666666
MBAR,1251,2018,6,4,-0.601,30.738,1337.653,0.0353973857551835,0.0337896875,0.0377106565939762,0.034975
MBAR,1252,2018,6,5,-0.601,30.738,1337.653,0.0372029781354158,0.0350866319444444,0.037369095951532,0.0358166666666666
MBAR,1253,2018,6,6,-0.601,30.738,1337.653,0.033930204578023,0.0317127777777777,0.034228754377361,0.0309833333333333
MBAR,1254,2018,6,7,-0.601,30.738,1337.653,0.0320127449521031,0.0302299999999999,0.031563635119141,0.0291583333333333
MBAR,1255,2018,6,8,-0.601,30.738,1337.653,0.0308631095893868,0.0299000347222222,0.0307517861175244,0.0287666666666666
MBAR,1256,2018,6,9,-0.601,30.738,1337.653,0.0291880002638485,0.0280586458333333,0.0291927836813332,0.0258291666666666
MBAR,1257,2018,6,10,-0.601,30.738,1337.653,0.0262930617234721,0.0254973611111111,0.0266190943316172,0.0253
MBAR,1258,2018,6,11,-0.601,30.738,1337.653,0.0214632535980343,0.0211315277777777,0.0235550894807181,0.0213583333333333
MBAR,1259,2018,6,12,-0.601,30.738,1337.653,0.0201926044526575,0.0201682638888888,0.0242557562554927,0.0208833333333333
MBAR,1260,2018,6,13,-0.601,30.738,1337.653,0.0225991714352313,0.0228727430555555,0.0234714075868497,0.0248874999999999
MBAR,1261,2018,6,14,-0.601,30.738,1337.653,0.0244135034190798,0.0244959722222222,0.0260252286812908,0.0251625
MBAR,1262,2018,6,15,-0.601,30.738,1337.653,0.0241249328126412,0.0229020486111111,0.0256754781881995,0.0229666666666666
MBAR,1263,2018,6,16,-0.601,30.738,1337.653,0.0225377035548375,0.020919375,0.0276955334635928,0.0217875
MBAR,1264,2018,6,17,-0.601,30.738,1337.653,0.0230785832879544,0.0223783333333333,0.028102442491229,0.0227374999999999
MBAR,1265,2018,6,18,-0.601,30.738,1337.653,0.0271356356936321,0.0255477777777777,0.0287992966848295,0.0261666666666666
MBAR,1266,2018,6,19,-0.601,30.738,1337.653,0.0315745942318665,0.0299536805555555,0.0307107803966535,0.0275958333333333
MBAR,1267,2018,6,20,-0.601,30.738,1337.653,0.031616225698851,0.0309344097222222,0.0330415820830339,0.0315541666666666
MBAR,1268,2018,6,21,-0.601,30.738,1337.653,0.031793043725581,0.0300993055555555,0.0319310957776073,0.0318625
MBAR,1269,2018,6,22,-0.601,30.738,1337.653,0.0311472243222412,0.0305584027777777,0.0321557734990644,0.0318958333333333
MBAR,1270,2018,6,23,-0.601,30.738,1337.653,0.0271645023470818,0.0257929166666666,0.0291556973749845,0.0264541666666666
MBAR,1271,2018,6,24,-0.601,30.738,1337.653,0.0256302575768536,0.0247571180555555,0.0297522603734223,0.0266
MBAR,1272,2018,6,25,-0.601,30.738,1337.653,0.0270057248598932,0.0253645486111111,0.0311356949966002,0.0294041666666666
MBAR,1273,2018,6,26,-0.601,30.738,1337.653,0.0279686432699407,0.0266668402777777,0.0297062835540524,0.0295125
MBAR,1274,2018,6,27,-0.601,30.738,1337.653,0.02651729652049,0.0249159375,0.028732779955769,0.0280625
MBAR,1275,2018,6,28,-0.601,30.738,1337.653,0.0256745839990341,0.0244074652777777,0.0277065362184487,0.0263541666666666
MBAR,1276,2018,6,29,-0.601,30.738,1337.653,0.0258584738940026,0.0244069444444444,0.0270722337399463,0.0264708333333333
MBAR,1277,2018,6,30,-0.601,30.738,1337.653,0.0254172433260518,0.0245229166666666,0.0275103347857411,0.0260375
MBAR,1278,2018,7,1,-0.601,30.738,1337.653,0.0236256249115978,0.0228568402777777,0.0264409725348713,0.0238708333333333
MBAR,1279,2018,7,2,-0.601,30.738,1337.653,0.0252301444653783,0.0240570138888888,0.0295666881712263,0.0254833333333333
MBAR,1280,2018,7,3,-0.601,30.738,1337.653,0.0259180029090987,0.0244459722222222,0.0293814007132386,0.0278125
MBAR,1281,2018,7,4,-0.601,30.738,1337.653,0.0260675420360919,0.0249993402777777,0.026690307997318,0.0273333333333333
MBAR,1282,2018,7,5,-0.601,30.738,1337.653,0.0231493446695313,0.0223279513888888,0.0261683439967104,0.0237416666666666
MBAR,1283,2018,7,6,-0.601,30.738,1337.653,0.0188596751555837,0.0177232291666666,0.019562561622562,0.0188291666666666
MBAR,1284,2018,7,7,-0.601,30.738,1337.653,0.016829216815016,0.0160449652777777,0.0174288036398643,0.0169999999999999
MBAR,1285,2018,7,8,-0.601,30.738,1337.653,0.0206024193287465,0.0198832638888888,0.0191586363055221,0.0200708333333333
MBAR,1286,2018,7,9,-0.601,30.738,1337.653,0.0250624733825741,0.0244619097222222,0.023764825035006,0.0240916666666666
MBAR,1287,2018,7,10,-0.601,30.738,1337.653,0.0270078900261976,0.0253211805555555,0.0268924477403608,0.0261208333333333
MBAR,1288,2018,7,11,-0.601,30.738,1337.653,0.0276627567280215,0.0264018055555555,0.0296933545523767,0.0272083333333333
MBAR,1289,2018,7,12,-0.601,30.738,1337.653,0.0264734686612823,0.025313125,0.0293666156419589,0.0264791666666666
MBAR,1290,2018,7,13,-0.601,30.738,1337.653,0.0261716371929961,0.0240034375,0.0286276143191809,0.0260583333333333
MBAR,1291,2018,7,14,-0.601,30.738,1337.653,0.0281956712972803,0.0266664930555555,0.028715041423896,0.0264875
MBAR,1292,2018,7,15,-0.601,30.738,1337.653,0.0270808649085007,0.0256401388888888,0.0270436125650508,0.0252666666666666
MBAR,1293,2018,7,16,-0.601,30.738,1337.653,0.0228009517978673,0.0218752430555555,0.0255017638329207,0.0229708333333333
MBAR,1294,2018,7,17,-0.601,30.738,1337.653,0.0205225831284287,0.0193278819444444,0.0220353351321904,0.0211333333333333
MBAR,1295,2018,7,18,-0.601,30.738,1337.653,0.0212832808693732,0.0202419097222222,0.0217027430893893,0.020475
MBAR,1296,2018,7,19,-0.601,30.738,1337.653,0.021781509815439,0.0210119791666666,0.0230505193454476,0.021275
MBAR,1297,2018,7,20,-0.601,30.738,1337.653,0.0210677090860036,0.0200700347222222,0.0226112944971641,0.0204708333333333
MBAR,1298,2018,7,21,-0.601,30.738,1337.653,0.0218487818299787,0.0204015277777777,0.0224044035631045,0.0211791666666666
MBAR,1299,2018,7,22,-0.601,30.738,1337.653,0.0235133839223445,0.0223317361111111,0.0236885048715046,0.022275
MBAR,1300,2018,7,23,-0.601,30.738,1337.653,0.0229176661455936,0.0220180208333333,0.022051180154815,0.019775
MBAR,1301,2018,7,24,-0.601,30.738,1337.653,0.0215809061175486,0.0201670833333333,0.0200106720936558,0.0189041666666666
MBAR,1302,2018,7,25,-0.601,30.738,1337.653,0.0266765790472038,0.0258069444444444,0.0251776790460869,0.0246416666666666
MBAR,1303,2018,7,26,-0.601,30.738,1337.653,0.0310622246803672,0.0292745486111111,0.0326683605695884,0.0289375
MBAR,1304,2018,7,27,-0.601,30.738,1337.653,0.0287935660421549,0.0264633333333333,0.0294305330093896,0.0280666666666666
MBAR,1305,2018,7,28,-0.601,30.738,1337.653,0.0261694796122827,0.0248818402777777,0.0264580279679183,0.027
MBAR,1306,2018,7,29,-0.601,30.738,1337.653,0.031033560387623,0.0283940277777777,0.0281148979078518,0.0290833333333333
MBAR,1307,2018,7,30,-0.601,30.738,1337.653,0.0338556930724054,0.0319933680555555,0.0337657322358712,0.0343
MBAR,1309,2018,8,1,-0.601,30.738,1337.653,0.0307524538287385,0.0298417708333333,0.0316234311087284,0.0312541666666666
MBAR,1310,2018,8,2,-0.601,30.738,1337.653,0.0270112658917228,0.0260378472222222,0.0262449721712649,0.02695
MBAR,1311,2018,8,3,-0.601,30.738,1337.653,0.0267263395359673,0.0264371527777777,0.0261519587923449,0.0278375
MBAR,1312,2018,8,4,-0.601,30.738,1337.653,0.0264282812209695,0.0254861458333333,0.0254575901166048,0.0266958333333333
MBAR,1313,2018,8,5,-0.601,30.738,1337.653,0.0247828407257843,0.0242051388888888,0.02537750674369,0.0246916666666666
MBAR,1314,2018,8,6,-0.601,30.738,1337.653,0.0269774195520346,0.0274928819444444,0.0292727660808709,0.0286458333333333
MBAR,1315,2018,8,7,-0.601,30.738,1337.653,0.0266419405400131,0.0267409027777777,0.0288026091274579,0.0272958333333333
MBAR,1316,2018,8,8,-0.601,30.738,1337.653,0.0255087744164059,0.0249856944444444,0.0255120083142763,0.0247708333333333
MBAR,1317,2018,8,9,-0.601,30.738,1337.653,0.0229899713615142,0.0225180208333333,0.0254208824307156,0.0230458333333333
MBAR,1318,2018,8,10,-0.601,30.738,1337.653,0.0248328535328797,0.0250617013888888,0.0279673500961629,0.0258583333333333
MBAR,1319,2018,8,11,-0.601,30.738,1337.653,0.0268401278608857,0.0273980902777777,0.028108413431013,0.0277
MBAR,1320,2018,8,12,-0.601,30.738,1337.653,0.0254227250028745,0.0247784375,0.028073098644321,0.0256166666666666
MBAR,1321,2018,8,13,-0.601,30.738,1337.653,0.0246227416570277,0.0245702083333333,0.0258818876333889,0.023825
MBAR,1322,2018,8,14,-0.601,30.738,1337.653,0.0207078431995449,0.0203905555555555,0.0224298349801878,0.0192
MBAR,1323,2018,8,15,-0.601,30.738,1337.653,0.0173727308484644,0.0164,0.0196403286196632,0.0173375
MBAR,1324,2018,8,16,-0.601,30.738,1337.653,0.0187595997145717,0.0173694444444444,0.0217456149584665,0.0189958333333333
MBAR,1325,2018,8,17,-0.601,30.738,1337.653,0.024856099556337,0.0242146875,0.0274913503380433,0.0236375
MBAR,1326,2018,8,18,-0.601,30.738,1337.653,0.0296413079609794,0.0278017708333333,0.031493308614639,0.0278666666666666
MBAR,1327,2018,8,19,-0.601,30.738,1337.653,0.0327709414705132,0.0321325,0.0347559140854944,0.0336583333333333
MBAR,1328,2018,8,20,-0.601,30.738,1337.653,0.0321468599058383,0.0307719444444444,0.0345791456409698,0.0330375
MBAR,1329,2018,8,21,-0.601,30.738,1337.653,0.0329222459485048,0.0322472916666666,0.0356908928109637,0.0347791666666666
MBAR,1330,2018,8,22,-0.601,30.738,1337.653,0.0330234894354103,0.03108,0.0334704076131536,0.0333583333333333
MBAR,1345,2018,9,6,-0.601,30.738,1337.653,0.0253651960010957,0.0243156976744186,0.0260246170833542,0.02635
MBAR,1346,2018,9,7,-0.601,30.738,1337.653,0.0244915656541387,0.0240537847222222,0.0256966497486436,0.026625
MBAR,1347,2018,9,8,-0.601,30.738,1337.653,0.0249035760694208,0.0240255555555555,0.0258390465376965,0.0247125
MBAR,1348,2018,9,9,-0.601,30.738,1337.653,0.0271971707265791,0.0280504861111111,0.0284349627396832,0.0266083333333333
MBAR,1349,2018,9,10,-0.601,30.738,1337.653,0.0261195635644309,0.0260085069444444,0.0285208656855609,0.0271458333333333
MBAR,1350,2018,9,11,-0.601,30.738,1337.653,0.0271994570572824,0.0279998958333333,0.0303266544325779,0.0297333333333333
MBAR,1431,2018,12,1,-0.601,30.738,1337.653,0.0277431381368077,0.0281221527777777,0.0273852936337833,0.0297291666666666
MBAR,1432,2018,12,2,-0.601,30.738,1337.653,0.0322781493876389,0.0299288541666666,0.0286638396012115,0.0285291666666666
MBAR,1433,2018,12,3,-0.601,30.738,1337.653,0.0337714681859237,0.0335989583333333,0.0352241629088881,0.0323041666666666
MBAR,1434,2018,12,4,-0.601,30.738,1337.653,0.0336734467566704,0.0333819791666666,0.0349663933545802,0.0346958333333333
MBAR,1435,2018,12,5,-0.601,30.738,1337.653,0.0324597819122415,0.0320613541666666,0.0344356751560524,0.0329583333333333
MBAR,1436,2018,12,6,-0.601,30.738,1337.653,0.0299585651176929,0.0292128125,0.029359019697474,0.0295083333333333
MBAR,1437,2018,12,7,-0.601,30.738,1337.653,0.0297614178346454,0.0294149305555555,0.0294955487727968,0.0284999999999999
MBAR,1438,2018,12,8,-0.601,30.738,1337.653,0.0319966854394852,0.0325844791666666,0.0307257846219039,0.033875
MBAR,1439,2018,12,9,-0.601,30.738,1337.653,0.03524445777511,0.0350363194444444,0.03395662961397,0.0351666666666666
MBAR,1440,2018,12,10,-0.601,30.738,1337.653,0.0358083925090024,0.0338608680555555,0.0343376339805408,0.0354416666666666
MBAR,1441,2018,12,11,-0.601,30.738,1337.653,0.0364033297185312,0.0345650694444444,0.0350848021456256,0.0365666666666666
MBAR,1442,2018,12,12,-0.601,30.738,1337.653,0.0334264871766533,0.0325205555555555,0.0333446358860143,0.0338083333333333
MBAR,1443,2018,12,13,-0.601,30.738,1337.653,0.0323386553021462,0.0328327083333333,0.0329474198220766,0.0338375
MBAR,1444,2018,12,14,-0.601,30.738,1337.653,0.0314930596733677,0.0313462847222222,0.0322025552215629,0.0311791666666666
MBAR,1445,2018,12,15,-0.601,30.738,1337.653,0.0316843381777275,0.0318121875,0.0332963497196531,0.0331124999999999
MBAR,1446,2018,12,16,-0.601,30.738,1337.653,0.0298272196886019,0.0298955902777777,0.0314234699514798,0.032875
MBAR,1447,2018,12,17,-0.601,30.738,1337.653,0.0293343607504752,0.0296128819444444,0.0278977132427697,0.0296375
MBAR,1448,2018,12,18,-0.601,30.738,1337.653,0.0293568837668414,0.0293703125,0.0282870479544386,0.0297583333333333
MBAR,1449,2018,12,19,-0.601,30.738,1337.653,0.0309735482978401,0.0304094097222222,0.0278272702832438,0.0314958333333333
MBAR,1450,2018,12,20,-0.601,30.738,1337.653,0.032913937636273,0.0330481597222222,0.0302172267815666,0.0335916666666666
MBAR,1451,2018,12,21,-0.601,30.738,1337.653,0.0320797209833513,0.0325293055555555,0.0299878843485192,0.0331166666666666
MBAR,1452,2018,12,22,-0.601,30.738,1337.653,0.0312881621692603,0.0306835069444444,0.0289818410822668,0.0306041666666666
MBAR,1453,2018,12,23,-0.601,30.738,1337.653,0.0328194145321797,0.0329318055555555,0.0308868959784715,0.0325083333333333
MBAR,1454,2018,12,24,-0.601,30.738,1337.653,0.031125444678555,0.0308135763888888,0.0301692442651999,0.0309875
MBAR,1455,2018,12,25,-0.601,30.738,1337.653,0.0264786380953169,0.0257445138888888,0.0261812589239529,0.0278583333333333
MBAR,1456,2018,12,26,-0.601,30.738,1337.653,0.0212747095741922,0.0216261805555555,0.0224484542978935,0.0237625
MBAR,1457,2018,12,27,-0.601,30.738,1337.653,0.0262542296347183,0.0264595833333333,0.0261328426770136,0.0256833333333333
MBAR,1458,2018,12,28,-0.601,30.738,1337.653,0.0293344633202849,0.0288621180555555,0.0297568907907804,0.030575
MBAR,1459,2018,12,29,-0.601,30.738,1337.653,0.029139873894984,0.0289951736111111,0.0297584323453996,0.0295166666666666
MBAR,1460,2018,12,30,-0.601,30.738,1337.653,0.0298614809996037,0.0303201388888888,0.0311927445660796,0.0307
MBAR,1462,2019,1,1,-0.601,30.738,1337.653,0.0274815449345944,0.0278896875,0.0282273581385027,0.0291333333333333
MBAR,1463,2019,1,2,-0.601,30.738,1337.653,0.0263591722331671,0.0244797569444444,0.0258915613934085,0.0252624999999999
MBAR,1464,2019,1,3,-0.601,30.738,1337.653,0.0288492675855766,0.0270717013888888,0.0283038570008397,0.0296375
MBAR,1465,2019,1,4,-0.601,30.738,1337.653,0.0318435938713189,0.0296576041666666,0.0307345380397667,0.0320041666666666
MBAR,1466,2019,1,5,-0.601,30.738,1337.653,0.0332909613965668,0.0292037499999999,0.0297292883632062,0.0300583333333333
MBAR,1478,2019,1,17,-0.601,30.738,1337.653,0.0333487524292983,0.0325194339622641,0.0328852404400153,0.0338875
MBAR,1479,2019,1,18,-0.601,30.738,1337.653,0.0315440915163717,0.0311411458333333,0.0314106250986465,0.0344833333333333
MBAR,1480,2019,1,19,-0.601,30.738,1337.653,0.0300976062698082,0.0293696527777777,0.0266377414535187,0.0304249999999999
MBAR,1481,2019,1,20,-0.601,30.738,1337.653,0.0312289148050229,0.0314693749999999,0.0293385807510698,0.0304458333333333
MBAR,1482,2019,1,21,-0.601,30.738,1337.653,0.0307498877771076,0.0305418402777777,0.0298729260208148,0.032375
MBAR,1483,2019,1,22,-0.601,30.738,1337.653,0.0287969436405616,0.027291866197183,0.0267046107021627,0.0289083333333333
MBAR,1484,2019,1,23,-0.601,30.738,1337.653,0.0299743110104173,0.0290042361111111,0.02611261934263,0.0303958333333333
MBAR,1485,2019,1,24,-0.601,30.738,1337.653,0.0296865074040316,0.0295304861111111,0.0298439857772187,0.0317416666666666
MBAR,1486,2019,1,25,-0.601,30.738,1337.653,0.0278928211111138,0.027163125,0.0285586404826074,0.028775
MBAR,1487,2019,1,26,-0.601,30.738,1337.653,0.0232840355508207,0.0238795833333333,0.0256464814056407,0.0256333333333333
MBAR,1488,2019,1,27,-0.601,30.738,1337.653,0.0202551309592509,0.0210164893617021,0.0222651157716086,0.022675
MBAR,1489,2019,1,28,-0.601,30.738,1337.653,0.0218093730834586,0.0226260069444444,0.0229153901576676,0.0245874999999999
MBAR,1490,2019,1,29,-0.601,30.738,1337.653,0.0239865704439861,0.0231776736111111,0.0252465865204926,0.0269583333333333
MBAR,1491,2019,1,30,-0.601,30.738,1337.653,0.0228389758104911,0.0240320486111111,0.0231951721106056,0.0263166666666666
MBAR,1493,2019,2,1,-0.601,30.738,1337.653,0.0190222237583396,0.0194320138888888,0.0210383467982879,0.022775
MBAR,1494,2019,2,2,-0.601,30.738,1337.653,0.0220029853457404,0.0235851388888888,0.0206916360184931,0.0240833333333333
MBAR,1495,2019,2,3,-0.601,30.738,1337.653,0.0225619991226838,0.0230781249999999,0.0211013835748393,0.0233708333333333
MBAR,1496,2019,2,4,-0.601,30.738,1337.653,0.0246432919402781,0.0245031944444444,0.0236756802255808,0.0268874999999999
MBAR,1497,2019,2,5,-0.601,30.738,1337.653,0.0291466379131775,0.0290885416666666,0.0286013592931701,0.0304833333333333
MBAR,1498,2019,2,6,-0.601,30.738,1337.653,0.0304763321686811,0.0291819791666666,0.0289317666821103,0.0301791666666666
MBAR,1499,2019,2,7,-0.601,30.738,1337.653,0.0288931478383825,0.0287790625,0.0304968468786594,0.03175
MBAR,1500,2019,2,8,-0.601,30.738,1337.653,0.0296755313512527,0.0288149305555555,0.0281150672922412,0.0296875
MBAR,1501,2019,2,9,-0.601,30.738,1337.653,0.0308219128746568,0.0292808333333333,0.0300049585028666,0.0307708333333333
MBAR,1502,2019,2,10,-0.601,30.738,1337.653,0.0307332957948886,0.0294819097222222,0.0279242392347398,0.0292583333333333
MBAR,1503,2019,2,11,-0.601,30.738,1337.653,0.0271544287071708,0.0291567708333333,0.0254808053209631,0.0289416666666666
MBAR,1504,2019,2,12,-0.601,30.738,1337.653,0.0209908294104567,0.0227343402777777,0.025294083438001,0.025525
MBAR,1505,2019,2,13,-0.601,30.738,1337.653,0.0192717313249513,0.0191417013888888,0.0201961447862876,0.0208125
MBAR,1506,2019,2,14,-0.601,30.738,1337.653,0.020271161870489,0.0195802083333333,0.0233260905264021,0.0228416666666666
MBAR,1507,2019,2,15,-0.601,30.738,1337.653,0.0264079937435366,0.0261794791666666,0.0295192090986378,0.0260291666666666
MBAR,1508,2019,2,16,-0.601,30.738,1337.653,0.0327532092780522,0.0312711805555555,0.0304604952992701,0.0287499999999999
MBAR,1509,2019,2,17,-0.601,30.738,1337.653,0.0324706860745745,0.0318217361111111,0.0308396236895963,0.0315791666666666
MBAR,1510,2019,2,18,-0.601,30.738,1337.653,0.0281929463667268,0.0276289236111111,0.0274530397116138,0.0294
MBAR,1511,2019,2,19,-0.601,30.738,1337.653,0.0268259971797349,0.0253221875,0.0249329435322026,0.0274666666666666
MBAR,1512,2019,2,20,-0.601,30.738,1337.653,0.0301707266050761,0.028684375,0.0276071189000592,0.0304625
MBAR,1513,2019,2,21,-0.601,30.738,1337.653,0.0310348438266528,0.0296149305555555,0.0311628793622619,0.0318499999999999
MBAR,1514,2019,2,22,-0.601,30.738,1337.653,0.0294810722852395,0.0290834722222222,0.0319441396921068,0.0316083333333333
MBAR,1515,2019,2,23,-0.601,30.738,1337.653,0.0301356346668247,0.0284397222222222,0.0314935820908529,0.0305291666666666
MBAR,1516,2019,2,24,-0.601,30.738,1337.653,0.0322133132836345,0.0302039930555555,0.0326759551512436,0.0313791666666666
MBAR,1517,2019,2,25,-0.601,30.738,1337.653,0.0271529510847768,0.0262095138888888,0.0286038522892702,0.0287416666666666
MBAR,1518,2019,2,26,-0.601,30.738,1337.653,0.022315710650523,0.0208008680555555,0.0209650042314086,0.0227125
MBAR,1519,2019,2,27,-0.601,30.738,1337.653,0.0212309713687779,0.0202725694444444,0.0232002702997354,0.0228249999999999
MBAR,1520,2019,2,28,-0.601,30.738,1337.653,0.0218248464183635,0.0209754861111111,0.0245763738682073,0.0247583333333333
MBAR,1521,2019,3,1,-0.601,30.738,1337.653,0.0285050111129477,0.02846875,0.0282891600549967,0.0275666666666666
MBAR,1522,2019,3,2,-0.601,30.738,1337.653,0.0309340371177111,0.0308864583333333,0.0307862972573672,0.0326208333333333
MBAR,1523,2019,3,3,-0.601,30.738,1337.653,0.0298567742549819,0.027893125,0.0278094037206609,0.030325
MBAR,1524,2019,3,4,-0.601,30.738,1337.653,0.0310907841191739,0.0299500347222222,0.0301513480444746,0.0332958333333333
MBAR,1525,2019,3,5,-0.601,30.738,1337.653,0.0328018886139513,0.0304578125,0.0310912168565551,0.031025
MBAR,1526,2019,3,6,-0.601,30.738,1337.653,0.0324881248163173,0.0308983333333333,0.0320314236429944,0.0331083333333333
MBAR,1527,2019,3,7,-0.601,30.738,1337.653,0.0324800665368317,0.0307080902777777,0.0323441201721357,0.0331208333333333
MBAR,1528,2019,3,8,-0.601,30.738,1337.653,0.0306570010260274,0.0278904166666666,0.0263412270886466,0.028775
MBAR,1529,2019,3,9,-0.601,30.738,1337.653,0.0279368742775796,0.0263439583333333,0.0264229941989514,0.0292041666666666
MBAR,1530,2019,3,10,-0.601,30.738,1337.653,0.026105224389802,0.0268282638888888,0.0285540401499772,0.0287458333333333
MBAR,1531,2019,3,11,-0.601,30.738,1337.653,0.0240418266595623,0.0251523611111111,0.0259544603299365,0.0267041666666666
MBAR,1532,2019,3,12,-0.601,30.738,1337.653,0.0264918521651578,0.0268163888888888,0.0250578667382792,0.0274791666666666
MBAR,1533,2019,3,13,-0.601,30.738,1337.653,0.0267408268512015,0.0263663194444444,0.0277990209250557,0.0272791666666666
MBAR,1534,2019,3,14,-0.601,30.738,1337.653,0.0269256179172538,0.0258763541666666,0.0278602722061447,0.0278833333333333
MBAR,1535,2019,3,15,-0.601,30.738,1337.653,0.0262812139712086,0.0255993055555555,0.0256564459931905,0.0254958333333333
MBAR,1536,2019,3,16,-0.601,30.738,1337.653,0.0254770558125336,0.0240567708333333,0.0243753713130298,0.0254708333333333
MBAR,1537,2019,3,17,-0.601,30.738,1337.653,0.0291869385895972,0.0290968055555555,0.025683964773376,0.0268874999999999
MBAR,1538,2019,3,18,-0.601,30.738,1337.653,0.0265754708978952,0.0256331597222222,0.0264033915092822,0.0263
MBAR,1539,2019,3,19,-0.601,30.738,1337.653,0.0249390703179417,0.02567875,0.0245471582398677,0.0253749999999999
MBAR,1540,2019,3,20,-0.601,30.738,1337.653,0.0269432687009294,0.0271768402777777,0.0261223801809352,0.0260166666666666
MBAR,1541,2019,3,21,-0.601,30.738,1337.653,0.0277816676748678,0.0281761458333333,0.023500908356864,0.0260083333333333
MBAR,1542,2019,3,22,-0.601,30.738,1337.653,0.0243853795949141,0.0240638194444444,0.0252486455582447,0.02455
MBAR,1543,2019,3,23,-0.601,30.738,1337.653,0.0235451854899796,0.0243700694444444,0.0256014056672786,0.0242291666666666
MBAR,1544,2019,3,24,-0.601,30.738,1337.653,0.0220136685656395,0.0221326736111111,0.0210423501310508,0.0236666666666666
MBAR,1545,2019,3,25,-0.601,30.738,1337.653,0.0272007373545213,0.0260158680555555,0.0267094427705492,0.0293375
MBAR,1546,2019,3,26,-0.601,30.738,1337.653,0.0299433225956834,0.0295479513888888,0.029548017618973,0.028725
MBAR,1547,2019,3,27,-0.601,30.738,1337.653,0.0341953522641452,0.0317133680555555,0.0342656378685311,0.0325375
MBAR,1548,2019,3,28,-0.601,30.738,1337.653,0.0353398164306464,0.0353411458333333,0.0362262488652194,0.0350916666666666
MBAR,1549,2019,3,29,-0.601,30.738,1337.653,0.0271390847928452,0.0275007986111111,0.0282723758174677,0.030625
MBAR,1550,2019,3,30,-0.601,30.738,1337.653,0.027810921671087,0.0291140277777777,0.0301106516416891,0.0331541666666666
MBAR,1552,2019,4,1,-0.601,30.738,1337.653,0.0282486512001521,0.0280595833333333,0.0311880572005676,0.0308458333333333
MBAR,1553,2019,4,2,-0.601,30.738,1337.653,0.0278617737007964,0.0290072569444444,0.0290250609049947,0.0311083333333333
MBAR,1554,2019,4,3,-0.601,30.738,1337.653,0.0289198801598566,0.0287570486111111,0.0278371454562293,0.0305375
MBAR,1555,2019,4,4,-0.601,30.738,1337.653,0.0332162250964575,0.0317228472222222,0.0308342938232182,0.0328416666666666
MBAR,1556,2019,4,5,-0.601,30.738,1337.653,0.0305651369146879,0.0295029166666666,0.0316831399731961,0.0312833333333333
MBAR,1557,2019,4,6,-0.601,30.738,1337.653,0.0259651625893168,0.0255059722222222,0.0287298364025028,0.02755
MBAR,1558,2019,4,7,-0.601,30.738,1337.653,0.0277224918498533,0.0276570486111111,0.0288584697993003,0.0285166666666666
MBAR,1559,2019,4,8,-0.601,30.738,1337.653,0.0295115032533658,0.0293428125,0.0284712109443337,0.030725
MBAR,1560,2019,4,9,-0.601,30.738,1337.653,0.0335004361576865,0.0332160069444444,0.034088965070113,0.036925
MBAR,1561,2019,4,10,-0.601,30.738,1337.653,0.0318620024148559,0.0319829513888888,0.0357046217770644,0.0353125
MBAR,1562,2019,4,11,-0.601,30.738,1337.653,0.0287300674678468,0.0276490625,0.0330619729034617,0.0299791666666666
MBAR,1563,2019,4,12,-0.601,30.738,1337.653,0.0304535963473617,0.0301967013888888,0.031863012466975,0.031925
MBAR,1564,2019,4,13,-0.601,30.738,1337.653,0.0314290925092658,0.0324101736111111,0.0331959643591351,0.0324666666666666
MBAR,1565,2019,4,14,-0.601,30.738,1337.653,0.0310916243226525,0.0302408333333333,0.03076387769341,0.0316125
MBAR,1566,2019,4,15,-0.601,30.738,1337.653,0.0301178741249878,0.0294476041666666,0.0308185521922853,0.0317625
MBAR,1567,2019,4,16,-0.601,30.738,1337.653,0.026616403902191,0.0269824652777777,0.0298611854530062,0.0304041666666666
MBAR,1568,2019,4,17,-0.601,30.738,1337.653,0.026716722046504,0.0278079861111111,0.0285297814808107,0.028725
MBAR,1570,2019,4,19,-0.601,30.738,1337.653,0.0252051094030388,0.0243418402777777,0.0261986746417395,0.0261041666666666
MBAR,1571,2019,4,20,-0.601,30.738,1337.653,0.0288651079437351,0.0294468402777777,0.0301345918027229,0.0311458333333333
MBAR,1572,2019,4,21,-0.601,30.738,1337.653,0.0328143225054547,0.0318133680555555,0.0322966563631957,0.0347666666666666
MBAR,1573,2019,4,22,-0.601,30.738,1337.653,0.033153419673271,0.0335919791666666,0.0358167756472817,0.0340458333333333
MBAR,1574,2019,4,23,-0.601,30.738,1337.653,0.0343072002630142,0.0339472222222222,0.0338584284867994,0.0331208333333333
MBAR,1575,2019,4,24,-0.601,30.738,1337.653,0.0356575494930045,0.0337852083333333,0.0354453792708239,0.0362833333333333
MBAR,1576,2019,4,25,-0.601,30.738,1337.653,0.0384614788974187,0.0372419791666666,0.0368060132080509,0.0376499999999999
MBAR,1577,2019,4,26,-0.601,30.738,1337.653,0.0400321599455281,0.0382144444444444,0.0389632259454432,0.0391666666666666
MBAR,1578,2019,4,27,-0.601,30.738,1337.653,0.0396058845064666,0.03829875,0.0356905519811466,0.0373625
MBAR,1579,2019,4,28,-0.601,30.738,1337.653,0.0372946418650303,0.0356257986111111,0.0352583443558614,0.0360791666666666
MBAR,1580,2019,4,29,-0.601,30.738,1337.653,0.0345213166880826,0.0337830902777777,0.0352107173539274,0.036575
MBAR,1599,2019,5,18,-0.601,30.738,1337.653,0.030863301851745,0.0311748958333333,0.0322403577234274,0.0339958333333333
MBAR,1600,2019,5,19,-0.601,30.738,1337.653,0.0343158945511014,0.0333436458333333,0.0317551603442809,0.0342499999999999
MBAR,1601,2019,5,20,-0.601,30.738,1337.653,0.0341173833547942,0.0336064930555555,0.0348352786971547,0.0358625
MBAR,1602,2019,5,21,-0.601,30.738,1337.653,0.0342070889633352,0.0333166666666666,0.0344624955269242,0.0365333333333333
MBAR,1603,2019,5,22,-0.601,30.738,1337.653,0.0330811863444778,0.0327153819444444,0.0342219805393265,0.0348874999999999
MBAR,1604,2019,5,23,-0.601,30.738,1337.653,0.0342621079907612,0.0338645833333333,0.0341416853038887,0.0359708333333333
MBAR,1605,2019,5,24,-0.601,30.738,1337.653,0.0321650346772394,0.0346659722222222,0.0340766888037324,0.0356875
MBAR,1606,2019,5,25,-0.601,30.738,1337.653,0.0331365533407885,0.0355045486111111,0.0349085524765153,0.0365958333333333
MBAR,1607,2019,5,26,-0.601,30.738,1337.653,0.0331125134875899,0.0335577777777777,0.033946999493394,0.0356208333333333
MBAR,1608,2019,5,27,-0.601,30.738,1337.653,0.0334477881891133,0.0324779861111111,0.0320788184750695,0.0338166666666666
MBAR,1609,2019,5,28,-0.601,30.738,1337.653,0.03368963777627,0.0335802083333333,0.0337449794201754,0.0360333333333333
MBAR,1610,2019,5,29,-0.601,30.738,1337.653,0.0309427279854266,0.0311118749999999,0.0320404645188619,0.0330208333333333
MBAR,1611,2019,5,30,-0.601,30.738,1337.653,0.0301881735122452,0.0308406944444444,0.0295446539272116,0.0329666666666666
MBAR,1613,2019,6,1,-0.601,30.738,1337.653,0.0340245639292364,0.0329901388888888,0.0350644295684969,0.032525
MBAR,1614,2019,6,2,-0.601,30.738,1337.653,0.0373000321388509,0.0368439583333333,0.0367824610864331,0.0375583333333333
MBAR,1615,2019,6,3,-0.601,30.738,1337.653,0.0378875451412575,0.0359746180555555,0.037106413224325,0.0371125
MBAR,1616,2019,6,4,-0.601,30.738,1337.653,0.0373700202270653,0.0363106597222222,0.0382619036451566,0.0382333333333333
MBAR,1617,2019,6,5,-0.601,30.738,1337.653,0.0352540870119949,0.0337985416666666,0.0361698374830401,0.0347583333333333
MBAR,1618,2019,6,6,-0.601,30.738,1337.653,0.0358816811805212,0.0346375,0.0360783166413175,0.035475
MBAR,1619,2019,6,7,-0.601,30.738,1337.653,0.0353362620414269,0.0345289236111111,0.0378402730024988,0.0380708333333333
MBAR,1620,2019,6,8,-0.601,30.738,1337.653,0.0348900712529159,0.0331460763888888,0.0369656169297439,0.0360916666666666
MBAR,1621,2019,6,9,-0.601,30.738,1337.653,0.0341790314681095,0.0326456944444444,0.0364780846663567,0.0346666666666666
MBAR,1622,2019,6,10,-0.601,30.738,1337.653,0.0317473032320045,0.0302869097222222,0.0336627937562277,0.0306458333333333
MBAR,1623,2019,6,11,-0.601,30.738,1337.653,0.0319344905567167,0.0299726736111111,0.0326835550782926,0.0299416666666666
MBAR,1624,2019,6,12,-0.601,30.738,1337.653,0.0322093360985443,0.0308258333333333,0.0327882562621496,0.0318125
MBAR,1625,2019,6,13,-0.601,30.738,1337.653,0.0313627420015565,0.0302826388888888,0.0318251830329316,0.0309958333333333
MBAR,1626,2019,6,14,-0.601,30.738,1337.653,0.0294794298706892,0.0283851388888888,0.0310132619771014,0.0310208333333333
MBAR,1627,2019,6,15,-0.601,30.738,1337.653,0.0292297400727133,0.0280885763888888,0.0319085886594892,0.0290875
MBAR,1628,2019,6,16,-0.601,30.738,1337.653,0.0306381731599649,0.0294203819444444,0.0334459253262119,0.0318208333333333
MBAR,1629,2019,6,17,-0.601,30.738,1337.653,0.030252567065031,0.0291021875,0.030903436907358,0.0298583333333333
MBAR,1630,2019,6,18,-0.601,30.738,1337.653,0.0292707588266859,0.0282834027777777,0.0290505989112868,0.0282125
MBAR,1631,2019,6,19,-0.601,30.738,1337.653,0.0283893401659684,0.0273930555555555,0.0307020672352863,0.0299666666666666
MBAR,1632,2019,6,20,-0.601,30.738,1337.653,0.0296891734713934,0.0282766319444444,0.0301221303812607,0.0302375
MBAR,1633,2019,6,21,-0.601,30.738,1337.653,0.0318129678378986,0.0300265972222222,0.0331561409171669,0.0310208333333333
MBAR,1634,2019,6,22,-0.601,30.738,1337.653,0.0345053924409028,0.0336365624999999,0.0369843338293988,0.0352666666666666
MBAR,1635,2019,6,23,-0.601,30.738,1337.653,0.0342828713757131,0.0330880208333333,0.0331227149288388,0.0362208333333333
MBAR,1636,2019,6,24,-0.601,30.738,1337.653,0.0354389010551161,0.0341613888888888,0.0353975354611308,0.0351291666666666
MBAR,1637,2019,6,25,-0.601,30.738,1337.653,0.0379955818470993,0.0361686458333333,0.036875800959247,0.03875
MBAR,1638,2019,6,26,-0.601,30.738,1337.653,0.0356022854277965,0.0346757638888888,0.0356613046418724,0.0372416666666666
MBAR,1639,2019,6,27,-0.601,30.738,1337.653,0.0350685694987135,0.0342516319444444,0.0342668850138207,0.0366083333333333
MBAR,1640,2019,6,28,-0.601,30.738,1337.653,0.0330070753355406,0.0308321180555555,0.0330850544431247,0.0310375
MBAR,1641,2019,6,29,-0.601,30.738,1337.653,0.0308460201259312,0.0289906597222222,0.0328340135117113,0.0318499999999999
MBAR,1642,2019,6,30,-0.601,30.738,1337.653,0.0284248391368246,0.0274571527777777,0.0326869891606847,0.0313
MBAR,1643,2019,7,1,-0.601,30.738,1337.653,0.0227159490555548,0.0215522916666666,0.0273630667512299,0.0270458333333333
MBAR,1644,2019,7,2,-0.601,30.738,1337.653,0.0212583736472721,0.0203545833333333,0.0245204092342756,0.0241166666666666
MBAR,1645,2019,7,3,-0.601,30.738,1337.653,0.0255498848067464,0.024244375,0.0270241184720506,0.0264
MBAR,1646,2019,7,4,-0.601,30.738,1337.653,0.028553147087863,0.0281348263888888,0.0317084553434018,0.0288958333333333
MBAR,1647,2019,7,5,-0.601,30.738,1337.653,0.0266034965051852,0.0253447916666666,0.0273523254900293,0.0258125
MBAR,1648,2019,7,6,-0.601,30.738,1337.653,0.0277311504800966,0.0264604861111111,0.0295031561513484,0.0276375
MBAR,1649,2019,7,7,-0.601,30.738,1337.653,0.032920602552554,0.0319889930555555,0.033418542919081,0.0327958333333333
MBAR,1650,2019,7,8,-0.601,30.738,1337.653,0.0307809788524114,0.0298630208333333,0.032732852605686,0.0334916666666666
MBAR,1651,2019,7,9,-0.601,30.738,1337.653,0.0303516729653236,0.0308840972222222,0.030508589236047,0.0331708333333333
MBAR,1652,2019,7,10,-0.601,30.738,1337.653,0.0289899185734221,0.0285167361111111,0.0303639867191749,0.0301666666666666
MBAR,1653,2019,7,11,-0.601,30.738,1337.653,0.027205049969105,0.0262546875,0.0304390330671291,0.0287416666666666
MBAR,1654,2019,7,12,-0.601,30.738,1337.653,0.0295695462881494,0.0295409027777777,0.0319923530858128,0.0298166666666666
MBAR,1655,2019,7,13,-0.601,30.738,1337.653,0.0317081142121886,0.0317573958333333,0.0325392129869754,0.031525
MBAR,1656,2019,7,14,-0.601,30.738,1337.653,0.0279436358000611,0.0278435416666666,0.0290245844567582,0.0293416666666666
MBAR,1657,2019,7,15,-0.601,30.738,1337.653,0.0260471352335593,0.0257671180555555,0.0277508971559847,0.0257875
MBAR,1658,2019,7,16,-0.601,30.738,1337.653,0.0267037437131895,0.0264716319444444,0.0280803519286842,0.0255
MBAR,1659,2019,7,17,-0.601,30.738,1337.653,0.0273893707772814,0.0271217013888888,0.0289278495062458,0.028825
MBAR,1660,2019,7,18,-0.601,30.738,1337.653,0.0261888856831146,0.0257104513888888,0.0272216753879116,0.026375
MBAR,1661,2019,7,19,-0.601,30.738,1337.653,0.0248409145710329,0.0240939930555555,0.0247528881776132,0.02435
MBAR,1662,2019,7,20,-0.601,30.738,1337.653,0.0284574098063017,0.0258083333333333,0.0270918470755989,0.0246791666666666
MBAR,1663,2019,7,21,-0.601,30.738,1337.653,0.0312076591871092,0.0293163194444444,0.0330423460172189,0.0313499999999999
MBAR,1664,2019,7,22,-0.601,30.738,1337.653,0.0269865178455234,0.0247865625,0.0314736513574214,0.0261833333333333
MBAR,1665,2019,7,23,-0.601,30.738,1337.653,0.025341805671809,0.0238030902777777,0.0298171672951561,0.0254083333333333
MBAR,1666,2019,7,24,-0.601,30.738,1337.653,0.0292063214813531,0.0287127083333333,0.0326278179695468,0.0293333333333333
MBAR,1667,2019,7,25,-0.601,30.738,1337.653,0.0295658348786805,0.0293510416666666,0.0318381875114768,0.0288541666666666
MBAR,1668,2019,7,26,-0.601,30.738,1337.653,0.0263919063547827,0.0255451388888888,0.0309741527320877,0.0265416666666666
MBAR,1669,2019,7,27,-0.601,30.738,1337.653,0.023490398557895,0.0214841319444444,0.0303498067053072,0.023725
MBAR,1670,2019,7,28,-0.601,30.738,1337.653,0.02360381175272,0.0217912847222222,0.0293040284808956,0.0258791666666666
MBAR,1671,2019,7,29,-0.601,30.738,1337.653,0.0242954555806848,0.0231525694444444,0.0286674612789913,0.0255416666666666
MBAR,1672,2019,7,30,-0.601,30.738,1337.653,0.0277845848404661,0.0275892361111111,0.0335209530629379,0.0321666666666666
MBAR,1674,2019,8,1,-0.601,30.738,1337.653,0.0314550411827868,0.0310388541666666,0.033705458561954,0.0329166666666666
MBAR,1675,2019,8,2,-0.601,30.738,1337.653,0.0289782073174282,0.0297979513888888,0.0316778107849385,0.0315083333333333
MBAR,1676,2019,8,3,-0.601,30.738,1337.653,0.0275178354881201,0.0282857638888888,0.0293721380750491,0.0285
MBAR,1677,2019,8,4,-0.601,30.738,1337.653,0.0235366096186774,0.0226834722222222,0.0272368623232271,0.0248916666666666
MBAR,1678,2019,8,5,-0.601,30.738,1337.653,0.0240748879415356,0.0245949305555555,0.0269971353085177,0.0230458333333333
MBAR,1679,2019,8,6,-0.601,30.738,1337.653,0.0273866183569842,0.0258998611111111,0.0280588050383094,0.0249916666666666
MBAR,1680,2019,8,7,-0.601,30.738,1337.653,0.0265448832520977,0.0241142361111111,0.0301538923111372,0.0277875
MBAR,1681,2019,8,8,-0.601,30.738,1337.653,0.0294359930730445,0.0297955902777777,0.0315494928666946,0.0302666666666666
MBAR,1682,2019,8,9,-0.601,30.738,1337.653,0.0308348117732391,0.0301916666666666,0.0326585161828382,0.0305541666666666
MBAR,1683,2019,8,10,-0.601,30.738,1337.653,0.0311561538203812,0.0310771180555555,0.0330251739166095,0.0319208333333333
MBAR,1684,2019,8,11,-0.601,30.738,1337.653,0.0299122525005702,0.0299749305555555,0.0325491934385034,0.0310083333333333
MBAR,1685,2019,8,12,-0.601,30.738,1337.653,0.0289843831357181,0.0276846875,0.0313948133225247,0.0292291666666666
MBAR,1686,2019,8,13,-0.601,30.738,1337.653,0.0276689344798574,0.0270676041666666,0.0318051386399607,0.0289666666666666
MBAR,1687,2019,8,14,-0.601,30.738,1337.653,0.023146561362987,0.0223432291666666,0.0288924827009712,0.0246041666666666
MBAR,1688,2019,8,15,-0.601,30.738,1337.653,0.0215861046665534,0.0212732291666666,0.0261686259666969,0.0227541666666666
MBAR,1689,2019,8,16,-0.601,30.738,1337.653,0.0241662176544852,0.0239526736111111,0.0273233025463064,0.0240708333333333
MBAR,1690,2019,8,17,-0.601,30.738,1337.653,0.027440324692556,0.0262404861111111,0.0279684913514707,0.0269458333333333
MBAR,1691,2019,8,18,-0.601,30.738,1337.653,0.0286716098581774,0.0280270833333333,0.0326968522504815,0.029325
MBAR,1692,2019,8,19,-0.601,30.738,1337.653,0.0277447366543929,0.0270987499999999,0.0310651617318239,0.0293875
MBAR,1693,2019,8,20,-0.601,30.738,1337.653,0.0289894908890106,0.0274114583333333,0.0312885705634131,0.0283375
MBAR,1694,2019,8,21,-0.601,30.738,1337.653,0.0296183414412146,0.0290629861111111,0.0324115356242992,0.0308375
MBAR,1695,2019,8,22,-0.601,30.738,1337.653,0.0288682989059771,0.0283227777777777,0.0305874362383956,0.0300291666666666
MBAR,1696,2019,8,23,-0.601,30.738,1337.653,0.028065319265459,0.0273443402777777,0.0316398668224815,0.0287791666666666
MBAR,1697,2019,8,24,-0.601,30.738,1337.653,0.0258344751152996,0.0258576736111111,0.0274240655342158,0.0252166666666666
MBAR,1698,2019,8,25,-0.601,30.738,1337.653,0.0290054334957768,0.0293695486111111,0.0305787231303439,0.0292666666666666
MBAR,1699,2019,8,26,-0.601,30.738,1337.653,0.0303433054407017,0.0305811805555555,0.0313634546960693,0.0307291666666666
MBAR,1700,2019,8,27,-0.601,30.738,1337.653,0.0303354844477562,0.0299254861111111,0.031481600547132,0.029825
MBAR,1701,2019,8,28,-0.601,30.738,1337.653,0.0304912892869512,0.0297090277777777,0.03023990187691,0.0315208333333333
MBAR,1702,2019,8,29,-0.601,30.738,1337.653,0.0317957389966095,0.0305665972222222,0.0326834579605933,0.0322375
MBAR,1703,2019,8,30,-0.601,30.738,1337.653,0.034647200462003,0.0330172569444444,0.0336632522626469,0.0357
MBAR,1705,2019,9,1,-0.601,30.738,1337.653,0.0333508694249354,0.0324515277777777,0.033660687292212,0.0346083333333333
MBAR,1706,2019,9,2,-0.601,30.738,1337.653,0.0324749639035824,0.0313510763888888,0.0335845155403997,0.0334916666666666
MBAR,1707,2019,9,3,-0.601,30.738,1337.653,0.0311508686971917,0.0310307638888888,0.0345243502073963,0.0344041666666666
MBAR,1708,2019,9,4,-0.601,30.738,1337.653,0.0275771247061597,0.0276298263888888,0.032015915379962,0.0284583333333333
MBAR,1709,2019,9,5,-0.601,30.738,1337.653,0.028964627547178,0.0279363194444444,0.0319146882307423,0.0301749999999999
MBAR,1710,2019,9,6,-0.601,30.738,1337.653,0.0319271315889293,0.0320723611111111,0.0331444652678183,0.0322708333333333
MBAR,1711,2019,9,7,-0.601,30.738,1337.653,0.0310248609405884,0.0303834375,0.0325142041324522,0.0314083333333333
MBAR,1712,2019,9,8,-0.601,30.738,1337.653,0.0302677920039622,0.0304581944444444,0.0329253864964762,0.0322833333333333
MBAR,1713,2019,9,9,-0.601,30.738,1337.653,0.0291807569908853,0.0290411111111111,0.0318004447340717,0.0304375
MBAR,1714,2019,9,10,-0.601,30.738,1337.653,0.0291873130442398,0.0285841319444444,0.0308293731007867,0.0297791666666666
MBAR,1715,2019,9,11,-0.601,30.738,1337.653,0.0314153157502093,0.0304704166666666,0.0317196921167085,0.0314041666666666
MBAR,1716,2019,9,12,-0.601,30.738,1337.653,0.0316271874277004,0.0313898611111111,0.0323748283469147,0.0319166666666666
MBAR,1717,2019,9,13,-0.601,30.738,1337.653,0.0291450962645595,0.0285590277777777,0.0312480341453798,0.0306958333333333
MBAR,1718,2019,9,14,-0.601,30.738,1337.653,0.0268201692626526,0.027869375,0.0298711059724022,0.0293583333333333
MBAR,1719,2019,9,15,-0.601,30.738,1337.653,0.0264410222964079,0.0272170833333333,0.0276028973835982,0.0271833333333333
MBAR,1720,2019,9,16,-0.601,30.738,1337.653,0.0277963584706869,0.0279141319444444,0.028174087463002,0.0284833333333333
MBAR,1721,2019,9,17,-0.601,30.738,1337.653,0.0252917585512321,0.0252530208333333,0.0275980487858813,0.0281041666666666
MBAR,1722,2019,9,18,-0.601,30.738,1337.653,0.0245340114547619,0.0259059375,0.027568752981856,0.0251791666666666
MBAR,1723,2019,9,19,-0.601,30.738,1337.653,0.0242502183765086,0.0257648958333333,0.0268103875806983,0.0267624999999999
MBAR,1724,2019,9,20,-0.601,30.738,1337.653,0.0257745352510973,0.0265109375,0.0297403229541345,0.0274583333333333
MBAR,1725,2019,9,21,-0.601,30.738,1337.653,0.0275491443981868,0.0282028819444444,0.0276490352265236,0.0279833333333333
MBAR,1726,2019,9,22,-0.601,30.738,1337.653,0.0287361577577939,0.0287254166666666,0.0292876231566091,0.0287625
MBAR,1727,2019,9,23,-0.601,30.738,1337.653,0.0287860554629795,0.0289433680555555,0.0312297073020014,0.0290083333333333
MBAR,1728,2019,9,24,-0.601,30.738,1337.653,0.0292981911249072,0.0292019444444444,0.0286382134116276,0.0286166666666666
MBAR,1729,2019,9,25,-0.601,30.738,1337.653,0.0315330124396332,0.0317003472222222,0.0316430955166696,0.0321958333333333
MBAR,1730,2019,9,26,-0.601,30.738,1337.653,0.0343541840974183,0.0340372916666666,0.032932188279057,0.0336541666666666
MBAR,1731,2019,9,27,-0.601,30.738,1337.653,0.0357044719948725,0.0350887152777777,0.0344320366632893,0.0354
MBAR,1732,2019,9,28,-0.601,30.738,1337.653,0.0331957921160731,0.0327971527777777,0.0338459443585158,0.03405
MBAR,1733,2019,9,29,-0.601,30.738,1337.653,0.0321100998250772,0.0313139930555555,0.0319910114208888,0.031675
MBAR,1734,2019,9,30,-0.601,30.738,1337.653,0.0297957193582109,0.0307444097222222,0.0316937930511802,0.0313583333333333
MBAR,1735,2019,10,1,-0.601,30.738,1337.653,0.0285952360906697,0.027465625,0.0280002634045636,0.0282666666666666
MBAR,1736,2019,10,2,-0.601,30.738,1337.653,0.0322346606940509,0.0313529861111111,0.0330149274048894,0.0333833333333333
MBAR,1737,2019,10,3,-0.601,30.738,1337.653,0.0312327036724235,0.0300819444444444,0.0318695079501509,0.0311333333333333
MBAR,1738,2019,10,4,-0.601,30.738,1337.653,0.0263545037229311,0.0250541319444444,0.0296431389515715,0.0290958333333333
MBAR,1739,2019,10,5,-0.601,30.738,1337.653,0.0296636216790354,0.0286877430555555,0.0313761969359582,0.0295791666666666
MBAR,1740,2019,10,6,-0.601,30.738,1337.653,0.0343498623194039,0.0335006597222222,0.0333079965682323,0.0350916666666666
MBAR,1741,2019,10,7,-0.601,30.738,1337.653,0.0301125553403691,0.0308241319444444,0.0335351140612663,0.0329291666666666
MBAR,1742,2019,10,8,-0.601,30.738,1337.653,0.026899736775081,0.0272586458333333,0.0303055879754868,0.0290875
MBAR,1743,2019,10,9,-0.601,30.738,1337.653,0.0295793445443945,0.0286167013888888,0.0312947159994086,0.0291583333333333
MBAR,1744,2019,10,10,-0.601,30.738,1337.653,0.0326188803343901,0.0323627430555555,0.034019206863501,0.0352833333333333
MBAR,1745,2019,10,11,-0.601,30.738,1337.653,0.0334028993183213,0.0329805208333333,0.0333701617334504,0.0337666666666666
MBAR,1746,2019,10,12,-0.601,30.738,1337.653,0.0349110944508483,0.0346113194444444,0.0345803347775499,0.0347541666666666
MBAR,1747,2019,10,13,-0.601,30.738,1337.653,0.0351471322991418,0.0327598958333333,0.0334850073755992,0.03335
MBAR,1748,2019,10,14,-0.601,30.738,1337.653,0.0331107353149859,0.0328449652777777,0.0335785785230865,0.0346375
MBAR,1749,2019,10,15,-0.601,30.738,1337.653,0.0302603741844822,0.0297104861111111,0.0313523950299247,0.0313375
MBAR,1750,2019,10,16,-0.601,30.738,1337.653,0.032154979914021,0.0315902430555555,0.0339618849357966,0.0349041666666666
MBAR,1751,2019,10,17,-0.601,30.738,1337.653,0.0339563233777419,0.0336253125,0.0334514532212819,0.0337375
MBAR,1752,2019,10,18,-0.601,30.738,1337.653,0.0339378806952027,0.0333363888888888,0.0339122248858176,0.0347833333333333
MBAR,1753,2019,10,19,-0.601,30.738,1337.653,0.0347645513749166,0.0336071527777777,0.0346996519248843,0.0351875
MBAR,1754,2019,10,20,-0.601,30.738,1337.653,0.0348955732706209,0.0340985416666666,0.035514791451774,0.0362708333333333
MBAR,1755,2019,10,21,-0.601,30.738,1337.653,0.0321840937093346,0.0315038541666666,0.0353612859409251,0.0352125
MBAR,1756,2019,10,22,-0.601,30.738,1337.653,0.0331858645562459,0.0322729166666666,0.0324465719277501,0.0312958333333333
MBAR,1757,2019,10,23,-0.601,30.738,1337.653,0.036115985272132,0.0342240972222222,0.0324749759697241,0.033325
MBAR,1758,2019,10,24,-0.601,30.738,1337.653,0.0338058442647035,0.0327161805555555,0.0339564199832277,0.0333458333333333
MBAR,1759,2019,10,25,-0.601,30.738,1337.653,0.0356150373269731,0.0333281597222222,0.0332530431838894,0.0337291666666666
MBAR,1760,2019,10,26,-0.601,30.738,1337.653,0.0378533400207867,0.0358677083333333,0.0363266656589002,0.0384208333333333
MBAR,1761,2019,10,27,-0.601,30.738,1337.653,0.0339457689794777,0.0328087152777777,0.0322107894043465,0.0331333333333333
MBAR,1762,2019,10,28,-0.601,30.738,1337.653,0.0320211130336354,0.0319798958333333,0.0344614544386425,0.0337375
MBAR,1763,2019,10,29,-0.601,30.738,1337.653,0.0327746552226858,0.0330140277777777,0.0326834490469147,0.033725
MBAR,1764,2019,10,30,-0.601,30.738,1337.653,0.0339130746785016,0.0332318749999999,0.0325589035557522,0.0346958333333333
MBAR,1766,2019,11,1,-0.601,30.738,1337.653,0.0301277549734671,0.0301403472222222,0.0303326717925577,0.0299541666666666
MBAR,1767,2019,11,2,-0.601,30.738,1337.653,0.0282125855019673,0.0285079166666666,0.0295759057722276,0.0293083333333333
MBAR,1768,2019,11,3,-0.601,30.738,1337.653,0.026794750734861,0.0285830208333333,0.0291094902122778,0.029075
MBAR,1769,2019,11,4,-0.601,30.738,1337.653,0.0247035701524356,0.0265841319444444,0.0297610466826206,0.0270333333333333
MBAR,1770,2019,11,5,-0.601,30.738,1337.653,0.024449502281591,0.0243078125,0.0287159903081602,0.0256583333333333
MBAR,1771,2019,11,6,-0.601,30.738,1337.653,0.0279452556459344,0.0289799652777777,0.0303731409655738,0.0293916666666666
MBAR,1772,2019,11,7,-0.601,30.738,1337.653,0.0297371588773638,0.0301243055555555,0.0329499208148471,0.0308541666666666
MBAR,1773,2019,11,8,-0.601,30.738,1337.653,0.0306029232125183,0.0294939930555555,0.0330107116252108,0.0317
MBAR,1774,2019,11,9,-0.601,30.738,1337.653,0.0318487920417565,0.0311706944444444,0.031477575997179,0.0307458333333333
MBAR,1775,2019,11,10,-0.601,30.738,1337.653,0.0305707799415504,0.029724375,0.031237582380571,0.0307666666666666
MBAR,1776,2019,11,11,-0.601,30.738,1337.653,0.0330142898836903,0.0325881597222222,0.0336949664144558,0.0331833333333333
MBAR,1777,2019,11,12,-0.601,30.738,1337.653,0.0352669673534913,0.0347096527777777,0.035859675266685,0.0356166666666666
MBAR,1778,2019,11,13,-0.601,30.738,1337.653,0.0357580871650552,0.0355358680555555,0.0353807133752768,0.0347125
MBAR,1779,2019,11,14,-0.601,30.738,1337.653,0.0338375431187742,0.0330265624999999,0.0319447279650381,0.0340666666666666
MBAR,1780,2019,11,15,-0.601,30.738,1337.653,0.0308335909884713,0.0311734374999999,0.028766849362267,0.0328708333333333
MBAR,1781,2019,11,16,-0.601,30.738,1337.653,0.0284318233923635,0.0289051388888888,0.0263563234671713,0.0275958333333333
MBAR,1782,2019,11,17,-0.601,30.738,1337.653,0.0321059298900133,0.0324032986111111,0.02691571984436,0.0312291666666666
MBAR,1783,2019,11,18,-0.601,30.738,1337.653,0.0337561904229077,0.0312956944444444,0.0325549013530406,0.0339541666666666
MBAR,1784,2019,11,19,-0.601,30.738,1337.653,0.0344613396722882,0.0338008680555555,0.0327551642309767,0.0328166666666666
MBAR,1785,2019,11,20,-0.601,30.738,1337.653,0.0354513349855736,0.0341581597222222,0.0344989666307493,0.0367166666666666
MBAR,1786,2019,11,21,-0.601,30.738,1337.653,0.0340860354244394,0.0331207638888888,0.0338074778224038,0.0337416666666666
MBAR,1787,2019,11,22,-0.601,30.738,1337.653,0.0358772625733598,0.0347921180555555,0.0358294536115899,0.0347416666666666
MBAR,1788,2019,11,23,-0.601,30.738,1337.653,0.0387880616340342,0.0378485069444444,0.0368186359084551,0.035625
MBAR,1789,2019,11,24,-0.601,30.738,1337.653,0.0369687787845651,0.0347889930555555,0.0331810686815056,0.0350875
MBAR,1790,2019,11,25,-0.601,30.738,1337.653,0.0374205498933981,0.0358021527777777,0.0354332613222126,0.0371208333333333
MBAR,1791,2019,11,26,-0.601,30.738,1337.653,0.0375517083399905,0.0352415972222222,0.0350203371673875,0.0359375
MBAR,1792,2019,11,27,-0.601,30.738,1337.653,0.0366279378024886,0.0340548611111111,0.0328655731071413,0.0342708333333333
MBAR,1793,2019,11,28,-0.601,30.738,1337.653,0.0382690557956234,0.0365534375,0.0328528743872447,0.0362208333333333
MBAR,1794,2019,11,29,-0.601,30.738,1337.653,0.0376547515849786,0.0356641666666666,0.0345413502757722,0.0359708333333333
MBAR,1795,2019,11,30,-0.601,30.738,1337.653,0.0384654968941447,0.0368711111111111,0.0353037887817577,0.0365291666666666
MBAR,1796,2019,12,1,-0.601,30.738,1337.653,0.0373858055158191,0.0360213194444444,0.0370313974268356,0.0380249999999999
MBAR,1797,2019,12,2,-0.601,30.738,1337.653,0.0379025722404624,0.0362384722222222,0.0356143284282637,0.0372416666666666
MBAR,1798,2019,12,3,-0.601,30.738,1337.653,0.0383219748310781,0.0378099652777777,0.0359198267915411,0.03785
MBAR,1799,2019,12,4,-0.601,30.738,1337.653,0.0364072025902133,0.0352613194444444,0.0354570978709814,0.0373125
MBAR,1800,2019,12,5,-0.601,30.738,1337.653,0.0360111430594141,0.0347462152777777,0.0337546692588657,0.0352
MBAR,1801,2019,12,6,-0.601,30.738,1337.653,0.0365211979930322,0.0350165625,0.0351015777120819,0.0351625
MBAR,1802,2019,12,7,-0.601,30.738,1337.653,0.0362935486703368,0.0352440625,0.0329066207278306,0.0359666666666666
MBAR,1803,2019,12,8,-0.601,30.738,1337.653,0.0350322710479771,0.0332093402777777,0.0310292632273039,0.035725
MBAR,1804,2019,12,9,-0.601,30.738,1337.653,0.0359986232150753,0.0345328124999999,0.0346257296990687,0.0350375
MBAR,1805,2019,12,10,-0.601,30.738,1337.653,0.0375122150786219,0.0362312847222222,0.035686748369197,0.0365
MBAR,1806,2019,12,11,-0.601,30.738,1337.653,0.0355165123949403,0.0340360416666666,0.0343886449803631,0.0344333333333333
MBAR,1807,2019,12,12,-0.601,30.738,1337.653,0.0344257573975293,0.0328404861111111,0.0317903744870169,0.0325833333333333
MBAR,1808,2019,12,13,-0.601,30.738,1337.653,0.0323519131202206,0.0316010763888888,0.0317770871454537,0.0333375
MBAR,1809,2019,12,14,-0.601,30.738,1337.653,0.0298654464751633,0.0289202777777777,0.033244412209714,0.0304249999999999
MBAR,1810,2019,12,15,-0.601,30.738,1337.653,0.0319894417419597,0.0316857291666666,0.0335574946908146,0.0324375
MBAR,1811,2019,12,16,-0.601,30.738,1337.653,0.0313661217519162,0.031304375,0.0344984355888541,0.0328958333333333
MBAR,1812,2019,12,17,-0.601,30.738,1337.653,0.0312019549454835,0.0301288541666666,0.0311698899937333,0.0311541666666666
MBAR,1813,2019,12,18,-0.601,30.738,1337.653,0.0314880887484794,0.0303651388888888,0.0306557426665543,0.0321416666666666
MBAR,1814,2019,12,19,-0.601,30.738,1337.653,0.0286022816156327,0.0264099305555555,0.0212732319230484,0.0270833333333333
MBAR,1815,2019,12,20,-0.601,30.738,1337.653,0.0273019422312921,0.0260174652777777,0.0230997710148117,0.024925
MBAR,1816,2019,12,21,-0.601,30.738,1337.653,0.0307045190362127,0.0292103125,0.0272062056385622,0.0292333333333333
MBAR,1817,2019,12,22,-0.601,30.738,1337.653,0.0311204323159334,0.0294818055555555,0.0272445496182599,0.0305499999999999
MBAR,1818,2019,12,23,-0.601,30.738,1337.653,0.0329736625638399,0.0322558333333333,0.0310970014550142,0.0326666666666666
MBAR,1819,2019,12,24,-0.601,30.738,1337.653,0.0345908284081511,0.03345375,0.031052983841182,0.0323708333333333
MBAR,1820,2019,12,25,-0.601,30.738,1337.653,0.0358171815129373,0.0353557638888888,0.0350646575143742,0.035725
MBAR,1821,2019,12,26,-0.601,30.738,1337.653,0.0355341152381258,0.0349357986111111,0.0354239025392057,0.0387833333333333
MBAR,1822,2019,12,27,-0.601,30.738,1337.653,0.0344320133857734,0.0336188541666666,0.0316976503250619,0.0350125
MBAR,1823,2019,12,28,-0.601,30.738,1337.653,0.0334777488398625,0.0326373958333333,0.0281867911954479,0.0341083333333333
MBAR,1824,2019,12,29,-0.601,30.738,1337.653,0.0291176784065843,0.0282360069444444,0.0259445194220246,0.0307083333333333
MBAR,1825,2019,12,30,-0.601,30.738,1337.653,0.0272957855899452,0.0267142708333333,0.0228800925083275,0.0264958333333333
MBAR,1827,2020,1,1,-0.601,30.738,1337.653,0.0256242784424822,0.0255292708333333,0.0232204123859489,0.0257375
MBAR,1828,2020,1,2,-0.601,30.738,1337.653,0.0268562253072019,0.0267159722222222,0.0245446783235563,0.02725
MBAR,1829,2020,1,3,-0.601,30.738,1337.653,0.0297608599508623,0.0282797569444444,0.0270489877985236,0.0289458333333333
MBAR,1830,2020,1,4,-0.601,30.738,1337.653,0.0319622180514519,0.0310358333333333,0.0298797653208637,0.0322541666666666
MBAR,1831,2020,1,5,-0.601,30.738,1337.653,0.0324973444126357,0.031886875,0.0327174166335157,0.0333458333333333
MBAR,1832,2020,1,6,-0.601,30.738,1337.653,0.0305153865514272,0.0310732638888888,0.0308008697230896,0.0323791666666666
MBAR,1833,2020,1,7,-0.601,30.738,1337.653,0.0322294290109034,0.0318611458333333,0.0286001121541224,0.0315833333333333
MBAR,1834,2020,1,8,-0.601,30.738,1337.653,0.0347582998559963,0.0342976041666666,0.0318359328363751,0.0348791666666666
MBAR,1835,2020,1,9,-0.601,30.738,1337.653,0.0329243399949003,0.0315227430555555,0.0302996337565684,0.0326541666666666
MBAR,1836,2020,1,10,-0.601,30.738,1337.653,0.0313183621181443,0.0300239930555555,0.0267861954693475,0.0310541666666666
MBAR,1837,2020,1,11,-0.601,30.738,1337.653,0.0313758365678844,0.0300471875,0.0273325948970796,0.0306708333333333
MBAR,1838,2020,1,12,-0.601,30.738,1337.653,0.0333327324741216,0.0322707291666666,0.0288426068663931,0.0330875
MBAR,1839,2020,1,13,-0.601,30.738,1337.653,0.0351307291522373,0.0338017708333333,0.0326051129346387,0.0343833333333333
MBAR,1840,2020,1,14,-0.601,30.738,1337.653,0.0315248673240308,0.0297758680555555,0.0271984947566611,0.0301833333333333
MBAR,1841,2020,1,15,-0.601,30.738,1337.653,0.0272776984385399,0.0256614236111111,0.023210246627194,0.0266625
MBAR,1842,2020,1,16,-0.601,30.738,1337.653,0.0307078254686486,0.0308701388888888,0.028342732477714,0.0297958333333333
MBAR,1843,2020,1,17,-0.601,30.738,1337.653,0.0361012182252938,0.0352244097222222,0.0347617021779318,0.0380875
MBAR,1844,2020,1,18,-0.601,30.738,1337.653,0.0362164757454741,0.0363550347222222,0.0347001956941357,0.0365041666666666
MBAR,1845,2020,1,19,-0.601,30.738,1337.653,0.0305137949752262,0.030083125,0.0295069938799135,0.0332374999999999
MBAR,1846,2020,1,20,-0.601,30.738,1337.653,0.0268488055466511,0.0263489236111111,0.022379296347881,0.0280708333333333
MBAR,1847,2020,1,21,-0.601,30.738,1337.653,0.0257023674806169,0.024098125,0.0191974538937272,0.0254583333333333
MBAR,1848,2020,1,22,-0.601,30.738,1337.653,0.0254271182577157,0.0242668055555555,0.0206190917310614,0.0259083333333333
MBAR,1849,2020,1,23,-0.601,30.738,1337.653,0.0283192901077345,0.0279380902777777,0.0214924519088288,0.0286375
MBAR,1850,2020,1,24,-0.601,30.738,1337.653,0.0308886873136395,0.0301665972222222,0.0241461683581552,0.0319749999999999
MBAR,1851,2020,1,25,-0.601,30.738,1337.653,0.032434155146487,0.0308708333333333,0.0283393845196581,0.0323125
MBAR,1852,2020,1,26,-0.601,30.738,1337.653,0.0334635667984717,0.0323740277777777,0.032402214519608,0.0353166666666666
MBAR,1853,2020,1,27,-0.601,30.738,1337.653,0.0362813941046876,0.0343025694444444,0.0323944687298719,0.0347708333333333
MBAR,1854,2020,1,28,-0.601,30.738,1337.653,0.0387516628903017,0.0369805208333333,0.0363294314455739,0.0379458333333333
MBAR,1855,2020,1,29,-0.601,30.738,1337.653,0.0372851561160533,0.0349352083333333,0.0350240723005282,0.0352916666666666
MBAR,1856,2020,1,30,-0.601,30.738,1337.653,0.0376287227459646,0.0358503125,0.0335778680126998,0.0351666666666666
MBAR,1858,2020,2,1,-0.601,30.738,1337.653,0.0371799552734828,0.0359285763888888,0.0370765559889883,0.0368541666666666
MBAR,1859,2020,2,2,-0.601,30.738,1337.653,0.037529919993873,0.0357202430555555,0.033642255480953,0.0359
MBAR,1860,2020,2,3,-0.601,30.738,1337.653,0.0369376146406735,0.0347392708333333,0.0350044994704725,0.0360083333333333
MBAR,1861,2020,2,4,-0.601,30.738,1337.653,0.0358449172796727,0.0347365625,0.0365552045229893,0.0370583333333333
MBAR,1862,2020,2,5,-0.601,30.738,1337.653,0.0351264256430924,0.0349793055555555,0.0364135184184144,0.037925
MBAR,1863,2020,2,6,-0.601,30.738,1337.653,0.0329546357680557,0.0329465625,0.0352680841578205,0.03495
MBAR,1864,2020,2,7,-0.601,30.738,1337.653,0.0307644280322356,0.0295149305555555,0.0295016067283589,0.0305083333333333
MBAR,1865,2020,2,8,-0.601,30.738,1337.653,0.0278449861366282,0.0269704861111111,0.0266149086884439,0.0293666666666666
MBAR,1866,2020,2,9,-0.601,30.738,1337.653,0.0225262154051731,0.020681875,0.0203639672443918,0.026275
MBAR,1867,2020,2,10,-0.601,30.738,1337.653,0.0225664428454375,0.0214217013888888,0.0204507815128811,0.0234958333333333
MBAR,1868,2020,2,11,-0.601,30.738,1337.653,0.0229059699381347,0.0222949305555555,0.0204898962005124,0.0235125
MBAR,1869,2020,2,12,-0.601,30.738,1337.653,0.0267643807627884,0.0257344444444444,0.0223284655021229,0.0273791666666666
MBAR,1870,2020,2,13,-0.601,30.738,1337.653,0.0289096027880316,0.027674375,0.0256272168658299,0.0293708333333333
MBAR,1871,2020,2,14,-0.601,30.738,1337.653,0.0299965634293678,0.0299632291666666,0.0307705245299778,0.0317166666666666
MBAR,1872,2020,2,15,-0.601,30.738,1337.653,0.0294994916493952,0.028693125,0.0282699683981011,0.0309416666666666
MBAR,1873,2020,2,16,-0.601,30.738,1337.653,0.0297647793287649,0.0296214236111111,0.0275994022455083,0.0302541666666666
MBAR,1874,2020,2,17,-0.601,30.738,1337.653,0.0307903063881401,0.0303476041666666,0.0318564042475885,0.0311125
MBAR,1875,2020,2,18,-0.601,30.738,1337.653,0.0323736753092375,0.0316303472222222,0.0326426254817581,0.0326166666666666
MBAR,1876,2020,2,19,-0.601,30.738,1337.653,0.0346641246735362,0.0320894444444444,0.0312787403526576,0.0328791666666666
MBAR,1877,2020,2,20,-0.601,30.738,1337.653,0.0318431155838006,0.0310833680555555,0.0318326386502327,0.0318916666666666
MBAR,1878,2020,2,21,-0.601,30.738,1337.653,0.0287510293321983,0.0285756944444444,0.0297435751196087,0.0311291666666666
MBAR,1879,2020,2,22,-0.601,30.738,1337.653,0.0311894733445106,0.0313592361111111,0.0325191061472431,0.0325416666666666
MBAR,1880,2020,2,23,-0.601,30.738,1337.653,0.0329251672835139,0.0333066666666666,0.032199309542332,0.0348125
MBAR,1881,2020,2,24,-0.601,30.738,1337.653,0.0328175635192915,0.0341290625,0.030801316721643,0.0361916666666666
MBAR,1882,2020,2,25,-0.601,30.738,1337.653,0.0309428514634497,0.0302547916666666,0.030573329746575,0.0345416666666666
MBAR,1883,2020,2,26,-0.601,30.738,1337.653,0.0335635278672093,0.0315809027777777,0.0313539783481659,0.0347791666666666
MBAR,1884,2020,2,27,-0.601,30.738,1337.653,0.034776362552605,0.0324652777777777,0.0321560251498478,0.0366541666666666
MBAR,1885,2020,2,28,-0.601,30.738,1337.653,0.0335193286838631,0.0329810069444444,0.0356691045749923,0.0378541666666666
MBAR,1886,2020,2,29,-0.601,30.738,1337.653,0.0311019374830313,0.0303744791666666,0.0326300846800885,0.0348583333333333
MBAR,1887,2020,3,1,-0.601,30.738,1337.653,0.0351088446517393,0.0332829166666666,0.0340755957467056,0.0359708333333333
MBAR,1888,2020,3,2,-0.601,30.738,1337.653,0.0353687255631557,0.0333967013888888,0.0362126383247406,0.0393291666666666
MBAR,1889,2020,3,3,-0.601,30.738,1337.653,0.035341339909989,0.0336575,0.0339171995299068,0.0353541666666666
MBAR,1890,2020,3,4,-0.601,30.738,1337.653,0.0332052220556078,0.0307673958333333,0.0305303356577973,0.0349999999999999
MBAR,1891,2020,3,5,-0.601,30.738,1337.653,0.0354386691954552,0.0333749305555555,0.0334991725313191,0.0340875
MBAR,1892,2020,3,6,-0.601,30.738,1337.653,0.03461644227303,0.0338008333333333,0.0330355795080872,0.0341458333333333
MBAR,1893,2020,3,7,-0.601,30.738,1337.653,0.033618699224215,0.0329065625,0.0328165338385724,0.03385
MBAR,1894,2020,3,8,-0.601,30.738,1337.653,0.0341770200792717,0.0330354861111111,0.0360776966746073,0.0362333333333333
MBAR,1895,2020,3,9,-0.601,30.738,1337.653,0.0385822216315092,0.0376301388888888,0.0377508171151225,0.0392625
MBAR,1896,2020,3,10,-0.601,30.738,1337.653,0.0363499873952134,0.0353388194444444,0.0375706822463318,0.0382875
MBAR,1897,2020,3,11,-0.601,30.738,1337.653,0.0355960651898152,0.0354760763888888,0.0365415296193191,0.0375083333333333
MBAR,1898,2020,3,12,-0.601,30.738,1337.653,0.0361206531010976,0.0355809722222222,0.0354358867098904,0.0381125
MBAR,1899,2020,3,13,-0.601,30.738,1337.653,0.0356949160696659,0.0354269444444444,0.0347200030270199,0.0394416666666666
MBAR,1900,2020,3,14,-0.601,30.738,1337.653,0.0323586146672618,0.0321352430555555,0.03198920444509,0.0346208333333333
MBAR,1901,2020,3,15,-0.601,30.738,1337.653,0.0316663212749286,0.0306888888888888,0.0297565291790937,0.0312666666666666
MBAR,1902,2020,3,16,-0.601,30.738,1337.653,0.031552938579268,0.0309330555555555,0.0336245424502075,0.0341958333333333
MBAR,1903,2020,3,17,-0.601,30.738,1337.653,0.0347539153030273,0.0326489583333333,0.0340151568263069,0.0367875
MBAR,1904,2020,3,18,-0.601,30.738,1337.653,0.0353277246704688,0.0342611111111111,0.0367801478340415,0.0384416666666666
MBAR,1905,2020,3,19,-0.601,30.738,1337.653,0.0317235105397912,0.0321703819444444,0.0343110335154992,0.0356125
MBAR,1906,2020,3,20,-0.601,30.738,1337.653,0.0313392631677346,0.0315710763888888,0.0327042577894729,0.0322708333333333
MBAR,1907,2020,3,21,-0.601,30.738,1337.653,0.03171532934067,0.0312682638888888,0.0331875471882554,0.0340416666666666
MBAR,1908,2020,3,22,-0.601,30.738,1337.653,0.0285734876269131,0.0272871875,0.0312949551960693,0.033475
MBAR,1909,2020,3,23,-0.601,30.738,1337.653,0.0283459309377671,0.0296702777777777,0.0286851216799409,0.0313958333333333
MBAR,1910,2020,3,24,-0.601,30.738,1337.653,0.0322309556648304,0.0310594097222222,0.0315033199632938,0.0325333333333333
MBAR,1911,2020,3,25,-0.601,30.738,1337.653,0.0345073185657711,0.0332916319444444,0.0352146290097729,0.0338666666666666
MBAR,1912,2020,3,26,-0.601,30.738,1337.653,0.0353820042782453,0.0339553819444444,0.0333344811909165,0.0336125
MBAR,1913,2020,3,27,-0.601,30.738,1337.653,0.0377592583628437,0.0361095833333333,0.0354986731977739,0.0364708333333333
MBAR,1914,2020,3,28,-0.601,30.738,1337.653,0.0375558044681736,0.0349294097222222,0.034522642785107,0.03445
MBAR,1915,2020,3,29,-0.601,30.738,1337.653,0.0359581886610541,0.033854375,0.0334132507732779,0.0335875
MBAR,1916,2020,3,30,-0.601,30.738,1337.653,0.0340896552689177,0.0322195138888888,0.03241034116915,0.0338666666666666
MBAR,1918,2020,4,1,-0.601,30.738,1337.653,0.030660122115768,0.0287167708333333,0.0288815929241578,0.0292333333333333
MBAR,1919,2020,4,2,-0.601,30.738,1337.653,0.0303272395108214,0.0291096180555555,0.0292676829174253,0.0302291666666666
MBAR,1920,2020,4,3,-0.601,30.738,1337.653,0.0291136880657364,0.0282695486111111,0.0263967073343596,0.0283999999999999
MBAR,1921,2020,4,4,-0.601,30.738,1337.653,0.0289481967398227,0.0291095138888888,0.0278853669184403,0.0298583333333333
MBAR,1922,2020,4,5,-0.601,30.738,1337.653,0.0268861686404184,0.0267604513888888,0.0284459261991457,0.02985
MBAR,1923,2020,4,6,-0.601,30.738,1337.653,0.0306308010684312,0.0301654513888888,0.0303262093131864,0.0320666666666666
MBAR,1924,2020,4,7,-0.601,30.738,1337.653,0.0330875083056872,0.0326572569444444,0.0328880352045604,0.0349458333333333
MBAR,1925,2020,4,8,-0.601,30.738,1337.653,0.0304872378180826,0.0299710763888888,0.0295838407868371,0.0304833333333333
MBAR,1926,2020,4,9,-0.601,30.738,1337.653,0.0289343828570992,0.0286312847222222,0.0292653294013164,0.030225
MBAR,1927,2020,4,10,-0.601,30.738,1337.653,0.0317750539198322,0.0310289236111111,0.0327438982634797,0.0351249999999999
MBAR,1928,2020,4,11,-0.601,30.738,1337.653,0.0324191257508824,0.0322852430555555,0.0339310896710859,0.033325
MBAR,1929,2020,4,12,-0.601,30.738,1337.653,0.0336431067703551,0.03389875,0.03230156220401,0.0318041666666666
MBAR,1930,2020,4,13,-0.601,30.738,1337.653,0.0369263064479108,0.0361871180555555,0.0356474723707692,0.036625
MBAR,1931,2020,4,14,-0.601,30.738,1337.653,0.0404359566036936,0.0374942013888888,0.0388479702789302,0.0384291666666666
MBAR,1932,2020,4,15,-0.601,30.738,1337.653,0.0375112113349683,0.0360377083333333,0.0377342655760772,0.0382625
MBAR,1933,2020,4,16,-0.601,30.738,1337.653,0.0356038366566711,0.0339211805555555,0.0360868532035621,0.0369333333333333
MBAR,1934,2020,4,17,-0.601,30.738,1337.653,0.0379764033964427,0.0365120486111111,0.037891781257416,0.0403916666666666
MBAR,1935,2020,4,18,-0.601,30.738,1337.653,0.0386798654600063,0.0372482291666666,0.0384399431592187,0.0400583333333333
MBAR,1936,2020,4,19,-0.601,30.738,1337.653,0.0389370175757261,0.0373008333333333,0.0384076007533804,0.0376416666666666
MBAR,1937,2020,4,20,-0.601,30.738,1337.653,0.0386628800233674,0.0378959375,0.0383298476653852,0.0384916666666666
MBAR,1938,2020,4,21,-0.601,30.738,1337.653,0.0392686534285027,0.0370195486111111,0.0363774563547125,0.0372125
MBAR,1939,2020,4,22,-0.601,30.738,1337.653,0.0388432022387186,0.0370135069444444,0.0354225014999416,0.036925
MBAR,1940,2020,4,23,-0.601,30.738,1337.653,0.0369414100915572,0.0353378472222222,0.0355454478086583,0.0353041666666666
MBAR,1941,2020,4,24,-0.601,30.738,1337.653,0.0372475196229074,0.0365671527777777,0.0342162329557444,0.0363666666666666
MBAR,1942,2020,4,25,-0.601,30.738,1337.653,0.0358959864525351,0.0343953472222222,0.0338596568913849,0.0353791666666666
MBAR,1943,2020,4,26,-0.601,30.738,1337.653,0.036576965965445,0.0353239583333333,0.0354683485611628,0.0355875
MBAR,1944,2020,4,27,-0.601,30.738,1337.653,0.038261689167468,0.0375125347222222,0.0351282348036922,0.0385625
MBAR,1945,2020,4,28,-0.601,30.738,1337.653,0.0391302427138467,0.0363271527777777,0.0369689180297251,0.0372791666666666
MBAR,1946,2020,4,29,-0.601,30.738,1337.653,0.0369855878927279,0.0354631597222222,0.0357305745971678,0.0363708333333333
MBAR,1947,2020,4,30,-0.601,30.738,1337.653,0.0356143275406381,0.0350980902777777,0.0336182715038827,0.0372958333333333
MBAR,1948,2020,5,1,-0.601,30.738,1337.653,0.0383808673010859,0.0367320486111111,0.0370904020644423,0.0389124999999999
MBAR,1949,2020,5,2,-0.601,30.738,1337.653,0.0386852652188477,0.0385637152777777,0.0386459292365837,0.039275
MBAR,1950,2020,5,3,-0.601,30.738,1337.653,0.0374959267173616,0.0359101736111111,0.0359947595589919,0.0380083333333333
MBAR,1951,2020,5,4,-0.601,30.738,1337.653,0.0362856504543243,0.0343564930555555,0.0358989476365214,0.0364583333333333
MBAR,1952,2020,5,5,-0.601,30.738,1337.653,0.0383109210475331,0.0368525347222222,0.0371410481392371,0.0379083333333333
MBAR,1953,2020,5,6,-0.601,30.738,1337.653,0.038161000732916,0.0365392361111111,0.0366353376540001,0.0388208333333333
MBAR,1954,2020,5,7,-0.601,30.738,1337.653,0.0387360489171538,0.0369567361111111,0.0364834487882181,0.0377625
MBAR,1955,2020,5,8,-0.601,30.738,1337.653,0.036346666226355,0.0352015972222222,0.0373187419626443,0.0363666666666666
MBAR,1956,2020,5,9,-0.601,30.738,1337.653,0.036504649268108,0.0360163541666666,0.0377761588465709,0.0373375
MBAR,1957,2020,5,10,-0.601,30.738,1337.653,0.0351787460372121,0.03470375,0.0366620986670013,0.0373666666666666
MBAR,1958,2020,5,11,-0.601,30.738,1337.653,0.0353623873890421,0.0347674652777777,0.0349122036332921,0.0364875
MBAR,1959,2020,5,12,-0.601,30.738,1337.653,0.0363221756487457,0.035298125,0.0333244359783768,0.0358583333333333
MBAR,1960,2020,5,13,-0.601,30.738,1337.653,0.0325915699273688,0.0318565625,0.031103893040382,0.0332958333333333
MBAR,1961,2020,5,14,-0.601,30.738,1337.653,0.0325288634068196,0.0315413541666666,0.0324929010678865,0.0340708333333333
MBAR,1962,2020,5,15,-0.601,30.738,1337.653,0.0339944259319086,0.0336347222222222,0.0353368606153214,0.0348125
MBAR,1963,2020,5,16,-0.601,30.738,1337.653,0.0336589208507155,0.0326393402777777,0.0336018649332546,0.0361875
MBAR,1964,2020,5,17,-0.601,30.738,1337.653,0.0331583327853584,0.0328793055555555,0.0333889979367368,0.0353041666666666
MBAR,1965,2020,5,18,-0.601,30.738,1337.653,0.0333108863724965,0.0337109375,0.0332959040350477,0.0304583333333333
MBAR,1966,2020,5,19,-0.601,30.738,1337.653,0.0315973100266581,0.0294290277777777,0.0319146948706666,0.031
MBAR,1967,2020,5,20,-0.601,30.738,1337.653,0.0315718411345882,0.03016,0.0307636484488057,0.0310791666666666
MBAR,1968,2020,5,21,-0.601,30.738,1337.653,0.031709389061681,0.0306646180555555,0.0317355998846302,0.03035
MBAR,1969,2020,5,22,-0.601,30.738,1337.653,0.0308287540320151,0.0292034722222222,0.0340877153191531,0.03035
MBAR,1970,2020,5,23,-0.601,30.738,1337.653,0.0301010796423272,0.0296114930555555,0.0320173853903079,0.0295291666666666
MBAR,1971,2020,5,24,-0.601,30.738,1337.653,0.0277011691784054,0.0269730902777777,0.0283350120792036,0.0272666666666666
MBAR,1972,2020,5,25,-0.601,30.738,1337.653,0.024514632593076,0.0229170833333333,0.0233239671108212,0.0242083333333333
MBAR,1973,2020,5,26,-0.601,30.738,1337.653,0.0259111916270834,0.0252517708333333,0.0261013978697145,0.0259166666666666
MBAR,1974,2020,5,27,-0.601,30.738,1337.653,0.0273817229187186,0.0276473263888888,0.0304275224015466,0.0285833333333333
MBAR,1975,2020,5,28,-0.601,30.738,1337.653,0.0265879814632421,0.0256548958333333,0.0290314513593187,0.0294291666666666
MBAR,1976,2020,5,29,-0.601,30.738,1337.653,0.0293685352586444,0.0306514930555555,0.0329549493829173,0.0324833333333333
MBAR,2005,2020,6,27,-0.601,30.738,1337.653,0.0293533597709866,0.0302461805555555,0.0319597128840978,0.0302083333333333
MBAR,2006,2020,6,28,-0.601,30.738,1337.653,0.0309068849763476,0.029350625,0.0315765296573394,0.0304166666666666
MBAR,2012,2020,7,4,-0.601,30.738,1337.653,0.0271851736435286,0.0256465972222222,0.0265004549742927,0.0255916666666666
MBAR,2013,2020,7,5,-0.601,30.738,1337.653,0.0269915186363533,0.0254477083333333,0.0259697029870403,0.0247208333333333
MBAR,2014,2020,7,6,-0.601,30.738,1337.653,0.0289244046132167,0.0268772569444444,0.0299839100084954,0.0259583333333333
MBAR,2015,2020,7,7,-0.601,30.738,1337.653,0.0304453713119714,0.0288021180555555,0.0334528803242083,0.0284958333333333
MBAR,2019,2020,7,11,-0.601,30.738,1337.653,0.0330743707571929,0.0299774652777777,0.0335660784900995,0.030875
MBAR,2020,2020,7,12,-0.601,30.738,1337.653,0.0333953886521071,0.0317232291666666,0.0328938888098963,0.0317374999999999
MBAR,2021,2020,7,13,-0.601,30.738,1337.653,0.0322862919642688,0.0308880208333333,0.0336677818844669,0.0311166666666666
MBAR,2022,2020,7,14,-0.601,30.738,1337.653,0.0319573386705434,0.0302798263888888,0.0338258762407741,0.0311625
MBAR,2023,2020,7,15,-0.601,30.738,1337.653,0.0313588821758377,0.0296376736111111,0.0334515974448436,0.0311125
MBAR,2024,2020,7,16,-0.601,30.738,1337.653,0.0292018615543582,0.0292462499999999,0.0332011882169173,0.0314
MBAR,2025,2020,7,17,-0.601,30.738,1337.653,0.0256239613135283,0.0231159722222222,0.0294038662216422,0.0261374999999999
MBAR,2026,2020,7,18,-0.601,30.738,1337.653,0.028568902062014,0.0272119791666666,0.0301238462069999,0.027425
MBAR,2027,2020,7,19,-0.601,30.738,1337.653,0.028365611479589,0.0267189236111111,0.0288353576423594,0.0265124999999999
MBAR,2028,2020,7,20,-0.601,30.738,1337.653,0.0272740202417304,0.0255620138888888,0.0283541257673338,0.0265166666666666
MBAR,2029,2020,7,21,-0.601,30.738,1337.653,0.0283889244680871,0.026155625,0.0306288857280521,0.0288333333333333
MBAR,2030,2020,7,22,-0.601,30.738,1337.653,0.0304198224358179,0.0286716666666666,0.0303391813192531,0.0277791666666666
MBAR,2031,2020,7,23,-0.601,30.738,1337.653,0.0323542246749257,0.0298535069444444,0.0323343194956146,0.0288583333333333
MBAR,2032,2020,7,24,-0.601,30.738,1337.653,0.0320826266183005,0.0299239236111111,0.0324600311870242,0.0300625
MBAR,2033,2020,7,25,-0.601,30.738,1337.653,0.0298801254302444,0.0279309722222222,0.0309601479027551,0.0274083333333333
MBAR,2034,2020,7,26,-0.601,30.738,1337.653,0.027212032841782,0.0251850347222222,0.0289873817197347,0.0234583333333333
MBAR,2035,2020,7,27,-0.601,30.738,1337.653,0.0281084988945766,0.0265034027777777,0.0303477766431061,0.0262041666666666
MBAR,2036,2020,7,28,-0.601,30.738,1337.653,0.0300593903034218,0.0277735069444444,0.0322576783157816,0.026625
MBAR,2037,2020,7,29,-0.601,30.738,1337.653,0.0285438275060484,0.0269438541666666,0.0293972888310838,0.0255916666666666
MBAR,2038,2020,7,30,-0.601,30.738,1337.653,0.0278915456973875,0.0265326736111111,0.0293179214013488,0.0264125
MBAR,2040,2020,8,1,-0.601,30.738,1337.653,0.0211384000097491,0.0205009375,0.0246712509000924,0.0224541666666666
MBAR,2041,2020,8,2,-0.601,30.738,1337.653,0.0185617944186837,0.0182007291666666,0.0223891850259183,0.0191625
MBAR,2042,2020,8,3,-0.601,30.738,1337.653,0.0214252330217234,0.0216777083333333,0.0257890212405094,0.0213166666666666
MBAR,2043,2020,8,4,-0.601,30.738,1337.653,0.0260031435293132,0.0251429166666666,0.0273543103819528,0.0250208333333333
MBAR,2044,2020,8,5,-0.601,30.738,1337.653,0.0280945288104963,0.0262931597222222,0.029275286057078,0.0256
MBAR,2045,2020,8,6,-0.601,30.738,1337.653,0.0280205934137006,0.0268157986111111,0.0295668209121033,0.0240125
MBAR,2046,2020,8,7,-0.601,30.738,1337.653,0.0300208646526148,0.02791875,0.0310558215900589,0.02795
MBAR,2047,2020,8,8,-0.601,30.738,1337.653,0.0332001186010932,0.0326153125,0.0354469267155512,0.0327374999999999
MBAR,2048,2020,8,9,-0.601,30.738,1337.653,0.027996698369673,0.0265002083333333,0.0315752262888606,0.0268625
MBAR,2049,2020,8,10,-0.601,30.738,1337.653,0.0257546485656518,0.0248394097222222,0.0285983211448985,0.0240166666666666
MBAR,2050,2020,8,11,-0.601,30.738,1337.653,0.0308705308949645,0.0297630902777777,0.0301472004249121,0.0310208333333333
MBAR,2051,2020,8,12,-0.601,30.738,1337.653,0.0341781514921069,0.0331004861111111,0.032723854082615,0.0354666666666666
MBAR,2052,2020,8,13,-0.601,30.738,1337.653,0.0337043658288851,0.0322171874999999,0.0339764221046935,0.0322791666666666
MBAR,2053,2020,8,14,-0.601,30.738,1337.653,0.0337053712345804,0.0327934027777777,0.0343147032302586,0.0345875
MBAR,2054,2020,8,15,-0.601,30.738,1337.653,0.0340496739731754,0.0318876736111111,0.0336221337284239,0.0324583333333333
MBAR,2055,2020,8,16,-0.601,30.738,1337.653,0.031993656620644,0.0311184375,0.0364805739805853,0.030775
MBAR,2056,2020,8,17,-0.601,30.738,1337.653,0.0271307050498113,0.0260606597222222,0.0315629715137789,0.0282875
MBAR,2057,2020,8,18,-0.601,30.738,1337.653,0.0304598412202731,0.0299314583333333,0.0331174961959483,0.0313833333333333
MBAR,2058,2020,8,19,-0.601,30.738,1337.653,0.0347837900451324,0.0339297916666666,0.0346589013185077,0.0332875
MBAR,2059,2020,8,20,-0.601,30.738,1337.653,0.0337006255095198,0.0334244791666666,0.0356086314542544,0.0354791666666666
MBAR,2060,2020,8,21,-0.601,30.738,1337.653,0.0347729178783771,0.0346174305555555,0.033768262730166,0.0350541666666666
MBAR,2061,2020,8,22,-0.601,30.738,1337.653,0.0321123886933234,0.0311997222222222,0.0308911264252161,0.0308458333333333
MBAR,2062,2020,8,23,-0.601,30.738,1337.653,0.0296094253026614,0.0271005208333333,0.0319185968129476,0.0288541666666666
MBAR,2063,2020,8,24,-0.601,30.738,1337.653,0.0306233027624442,0.0297841319444444,0.0314522435501209,0.0307791666666666
MBAR,2064,2020,8,25,-0.601,30.738,1337.653,0.0310039087395729,0.0299907638888888,0.0302868717755041,0.0304541666666666
MBAR,2065,2020,8,26,-0.601,30.738,1337.653,0.0277713365046628,0.0277856944444444,0.0314596950902107,0.0290916666666666
MBAR,2066,2020,8,27,-0.601,30.738,1337.653,0.0251578253953704,0.0250597222222222,0.0272919599597595,0.0260999999999999
MBAR,2067,2020,8,28,-0.601,30.738,1337.653,0.0289188339630294,0.0288125,0.0290415836227654,0.0258166666666666
MBAR,2068,2020,8,29,-0.601,30.738,1337.653,0.0312481769814777,0.0314715625,0.0324674054735139,0.0326708333333333
MBAR,2069,2020,8,30,-0.601,30.738,1337.653,0.0296312726821218,0.0290699652777777,0.0303415551466385,0.0309291666666666
MBAR,2071,2020,9,1,-0.601,30.738,1337.653,0.026666126989322,0.0274971180555555,0.0301810249853624,0.0284625
MBAR,2072,2020,9,2,-0.601,30.738,1337.653,0.0237321540861247,0.0239361458333333,0.0292176060856378,0.0221166666666666
MBAR,2073,2020,9,3,-0.601,30.738,1337.653,0.0231816596970167,0.0225034027777777,0.0282449482523299,0.0216416666666666
MBAR,2074,2020,9,4,-0.601,30.738,1337.653,0.0285780613477861,0.0269084375,0.0294929602260194,0.0249916666666666
MBAR,2075,2020,9,5,-0.601,30.738,1337.653,0.0338492284047143,0.0312430555555555,0.0325407460269207,0.028825
MBAR,2076,2020,9,6,-0.601,30.738,1337.653,0.0365694025391531,0.0344435763888888,0.0358855527155624,0.0352541666666666
MBAR,2077,2020,9,7,-0.601,30.738,1337.653,0.0362988284314142,0.0353160763888888,0.0358839011157992,0.0357708333333333
MBAR,2078,2020,9,8,-0.601,30.738,1337.653,0.0329166863200934,0.0317688888888888,0.0332902535776225,0.03405
MBAR,2079,2020,9,9,-0.601,30.738,1337.653,0.0320975661453398,0.0317975347222222,0.0341542788068212,0.0335041666666666
MBAR,2080,2020,9,10,-0.601,30.738,1337.653,0.0289387505025038,0.0280431597222222,0.0301591902990561,0.0295374999999999
MBAR,2081,2020,9,11,-0.601,30.738,1337.653,0.0289715178987965,0.0273604861111111,0.0309109250162214,0.0296666666666666
MBAR,2082,2020,9,12,-0.601,30.738,1337.653,0.0320151877662612,0.0323100347222222,0.0333677625669951,0.0322458333333333
MBAR,2083,2020,9,13,-0.601,30.738,1337.653,0.0284823763511593,0.0276419791666666,0.0304878895429919,0.0292375
MBAR,2084,2020,9,14,-0.601,30.738,1337.653,0.027088414293551,0.0280057291666666,0.0303308613884232,0.0294791666666666
MBAR,2085,2020,9,15,-0.601,30.738,1337.653,0.0275569322423989,0.0273179166666666,0.0298658138847494,0.0277708333333333
MBAR,2086,2020,9,16,-0.601,30.738,1337.653,0.0272075421875084,0.0281868055555555,0.0302580592788689,0.0293625
MBAR,2087,2020,9,17,-0.601,30.738,1337.653,0.0246628451125292,0.0248166319444444,0.0282700153459324,0.0260208333333333
MBAR,2088,2020,9,18,-0.601,30.738,1337.653,0.024652367630539,0.0244866319444444,0.0286522521772697,0.0247958333333333
MBAR,2089,2020,9,19,-0.601,30.738,1337.653,0.0280898003672002,0.0270386458333333,0.0293910826792918,0.0272833333333333
MBAR,2090,2020,9,20,-0.601,30.738,1337.653,0.0302482236881339,0.0306757291666666,0.0314415870694767,0.0309916666666666
MBAR,2091,2020,9,21,-0.601,30.738,1337.653,0.0301084780649056,0.0303807638888888,0.0327437304187202,0.0317
MBAR,2092,2020,9,22,-0.601,30.738,1337.653,0.0307219135495527,0.0310649652777777,0.032149911553265,0.0317875
MBAR,2093,2020,9,23,-0.601,30.738,1337.653,0.0302533975184866,0.0301884027777777,0.0310591760186192,0.0313375
MBAR,2094,2020,9,24,-0.601,30.738,1337.653,0.0300919771526144,0.0299057291666666,0.0327500181346596,0.0291833333333333
MBAR,2095,2020,9,25,-0.601,30.738,1337.653,0.0335586066516218,0.0331745486111111,0.0344474013914119,0.035325
MBAR,2096,2020,9,26,-0.601,30.738,1337.653,0.0334332481100596,0.0320788194444444,0.0339196733597501,0.0341083333333333
MBAR,2097,2020,9,27,-0.601,30.738,1337.653,0.031496688272024,0.0315244791666666,0.0317662243011256,0.0315
MBAR,2098,2020,9,28,-0.601,30.738,1337.653,0.0302484620053074,0.0298760416666666,0.03087735378358,0.031775
MBAR,2099,2020,9,29,-0.601,30.738,1337.653,0.0292300842079745,0.0279818402777777,0.0298068266720931,0.0300625
MBAR,2100,2020,9,30,-0.601,30.738,1337.653,0.028349051305935,0.0279403125,0.0304862280059379,0.0297083333333333
MBAR,2101,2020,10,1,-0.601,30.738,1337.653,0.0288629525838861,0.0284065624999999,0.0311610118989267,0.0293
MBAR,2102,2020,10,2,-0.601,30.738,1337.653,0.0273174824363054,0.0261030902777777,0.0289813416761573,0.0285958333333333
MBAR,2103,2020,10,3,-0.601,30.738,1337.653,0.0275016410822411,0.0270929861111111,0.0288682654604422,0.0281666666666666
MBAR,2104,2020,10,4,-0.601,30.738,1337.653,0.0272401582863409,0.0270804166666666,0.0282963467266406,0.0287
MBAR,2108,2020,10,8,-0.601,30.738,1337.653,0.0293813181405618,0.0280067647058823,0.0312264586275607,0.0280083333333333
MBAR,2111,2020,10,11,-0.601,30.738,1337.653,0.031572350469346,0.0303585221674876,0.0286479521116519,0.0291
MBAR,2113,2020,10,13,-0.601,30.738,1337.653,0.0316383559648269,0.0327466489361702,0.0339671528045331,0.0325583333333333
MBAR,2114,2020,10,14,-0.601,30.738,1337.653,0.0303976000431863,0.0295578125,0.031526389531648,0.0306541666666666
MBAR,2116,2020,10,16,-0.601,30.738,1337.653,0.0285560148311782,0.0269065024630541,0.0283263265888175,0.0264833333333333
MBAR,2184,2020,12,23,-0.601,30.738,1337.653,0.0258781914753478,0.0253364361702127,0.0269337508656752,0.0286583333333333
MBAR,2185,2020,12,24,-0.601,30.738,1337.653,0.0291369846192102,0.0292403472222222,0.0307304939291584,0.0318083333333333
MBAR,2186,2020,12,25,-0.601,30.738,1337.653,0.0311611871441492,0.0305311111111111,0.0308966405434973,0.0322583333333333
MBAR,2187,2020,12,26,-0.601,30.738,1337.653,0.0311796132330523,0.0308936458333333,0.0300520005988157,0.0325583333333333
MBAR,2188,2020,12,27,-0.601,30.738,1337.653,0.0308402453908248,0.031200625,0.0296421290454804,0.0338541666666666
MBAR,2189,2020,12,28,-0.601,30.738,1337.653,0.0261086200382524,0.0249902777777777,0.02409189653016,0.0259125
MBAR,2190,2020,12,29,-0.601,30.738,1337.653,0.0238720881292445,0.0232108333333333,0.0215299268681292,0.0242
MBAR,2191,2020,12,30,-0.601,30.738,1337.653,0.0253189674099952,0.0247886805555555,0.0247084445491327,0.0265124999999999
MBAR,2193,2021,1,1,-0.601,30.738,1337.653,0.0371610760544854,0.0349947569444444,0.0346459990706806,0.0357541666666666
MBAR,2235,2021,2,12,-0.601,30.738,1337.653,0.0358718525728496,0.0333134375,0.0311478318368648,0.0357291666666666
MBAR,2236,2021,2,13,-0.601,30.738,1337.653,0.0349204542234346,0.0334125,0.0305281003374383,0.0347583333333333
MBAR,2237,2021,2,14,-0.601,30.738,1337.653,0.0328992837338673,0.0331563541666666,0.0307512083850241,0.0346125
MBAR,2238,2021,2,15,-0.601,30.738,1337.653,0.0318737017903074,0.0321505208333333,0.0319849821832962,0.0341541666666666
MBAR,2239,2021,2,16,-0.601,30.738,1337.653,0.0315577523261691,0.0325544791666666,0.0340401459383281,0.0350583333333333
MBAR,2240,2021,2,17,-0.601,30.738,1337.653,0.0317151166647025,0.0301499652777777,0.0319526535377491,0.0326791666666666
MBAR,2241,2021,2,18,-0.601,30.738,1337.653,0.0300253987892461,0.0313009722222222,0.032793602255078,0.0336916666666666
MBAR,2242,2021,2,19,-0.601,30.738,1337.653,0.0283933531064797,0.0270704513888888,0.0278257939628631,0.0278583333333333
MBAR,2243,2021,2,20,-0.601,30.738,1337.653,0.0292738106760285,0.0294704513888888,0.0246443278065819,0.0290833333333333
MBAR,2244,2021,2,21,-0.601,30.738,1337.653,0.0274342811373538,0.0261055555555555,0.0222965094775972,0.0269583333333333
MBAR,2245,2021,2,22,-0.601,30.738,1337.653,0.0297655454983478,0.0290882986111111,0.0245477823162644,0.0284875
MBAR,2246,2021,2,23,-0.601,30.738,1337.653,0.0320035181574643,0.0302278125,0.027653808042957,0.0306708333333333
MBAR,2247,2021,2,24,-0.601,30.738,1337.653,0.0270433373877057,0.0255105208333333,0.0259159555662609,0.0270541666666666
MBAR,2248,2021,2,25,-0.601,30.738,1337.653,0.023741684601089,0.0224468055555555,0.0215441061310258,0.0240708333333333
MBAR,2249,2021,2,26,-0.601,30.738,1337.653,0.0259475780190454,0.0247727083333333,0.0212955885130855,0.0251416666666666
MBAR,2250,2021,2,27,-0.601,30.738,1337.653,0.0275779504328365,0.0271169097222222,0.020913452200675,0.0250666666666666
MBAR,2251,2021,2,28,-0.601,30.738,1337.653,0.0263511905719988,0.0261403472222222,0.0225914600021667,0.02565
MBAR,2252,2021,3,1,-0.601,30.738,1337.653,0.0274447999145631,0.0274182291666666,0.0252103423093132,0.0300083333333333
MBAR,2253,2021,3,2,-0.601,30.738,1337.653,0.0295134897968419,0.0303463888888888,0.0297605381592332,0.0309166666666666
MBAR,2254,2021,3,3,-0.601,30.738,1337.653,0.0326355775975178,0.0323644444444444,0.0321313140371582,0.0348333333333333
MBAR,2255,2021,3,4,-0.601,30.738,1337.653,0.0327808419247506,0.0315636805555555,0.0320941102061104,0.0330291666666666
MBAR,2256,2021,3,5,-0.601,30.738,1337.653,0.0335723170052469,0.0321651736111111,0.0323860015846995,0.0343749999999999
MBAR,2257,2021,3,6,-0.601,30.738,1337.653,0.0343166767585755,0.0333759027777777,0.0334111715317349,0.0341249999999999
MBAR,2258,2021,3,7,-0.601,30.738,1337.653,0.0318685986771252,0.0313261805555555,0.0295123810991268,0.03095
MBAR,2259,2021,3,8,-0.601,30.738,1337.653,0.0317146617371622,0.0307400694444444,0.0308127376871681,0.0335166666666666
MBAR,2260,2021,3,9,-0.601,30.738,1337.653,0.0303326896408816,0.0299618055555555,0.0309563662010903,0.0315833333333333
MBAR,2261,2021,3,10,-0.601,30.738,1337.653,0.0245926923319259,0.0249265625,0.0256500667777186,0.0255375
MBAR,2262,2021,3,11,-0.601,30.738,1337.653,0.0198077771594464,0.0199130902777777,0.0209253737888906,0.0205583333333333
MBAR,2263,2021,3,12,-0.601,30.738,1337.653,0.0203559508205156,0.0205309027777777,0.0216878457978286,0.0212791666666666
MBAR,2264,2021,3,13,-0.601,30.738,1337.653,0.0199927171658991,0.0192058333333333,0.0206298631608698,0.0216708333333333
MBAR,2265,2021,3,14,-0.601,30.738,1337.653,0.0225454333144769,0.0210687152777777,0.0223125028234775,0.0229708333333333
MBAR,2266,2021,3,15,-0.601,30.738,1337.653,0.0254420067414964,0.024633125,0.0254457716647283,0.0257
MBAR,2267,2021,3,16,-0.601,30.738,1337.653,0.0312226215144557,0.0304819791666666,0.0311593605112671,0.0333833333333333
MBAR,2268,2021,3,17,-0.601,30.738,1337.653,0.0348886128985737,0.0330541666666666,0.0347955263643048,0.0343708333333333
MBAR,2269,2021,3,18,-0.601,30.738,1337.653,0.0305703935554482,0.0287328819444444,0.0320536309734523,0.0300958333333333
MBAR,2270,2021,3,19,-0.601,30.738,1337.653,0.0298846203530356,0.0299968402777777,0.032248771989195,0.0305333333333333
MBAR,2271,2021,3,20,-0.601,30.738,1337.653,0.031765414732575,0.0303095138888888,0.0341035898923346,0.0325583333333333
MBAR,2272,2021,3,21,-0.601,30.738,1337.653,0.0339976540917827,0.0335222222222222,0.0333499005670377,0.0343541666666666
MBAR,2273,2021,3,22,-0.601,30.738,1337.653,0.0325468990975123,0.0317092361111111,0.0328538470221185,0.0322
MBAR,2274,2021,3,23,-0.601,30.738,1337.653,0.0296102025988537,0.0296643402777777,0.0283203761092374,0.0311916666666666
MBAR,2275,2021,3,24,-0.601,30.738,1337.653,0.026338479132079,0.0255383333333333,0.0233222043810187,0.027575
MBAR,2276,2021,3,25,-0.601,30.738,1337.653,0.0250785796494723,0.0246335763888888,0.0221538391070661,0.02505
MBAR,2277,2021,3,26,-0.601,30.738,1337.653,0.026340771594818,0.0258704166666666,0.0265643010324963,0.0260124999999999
MBAR,2278,2021,3,27,-0.601,30.738,1337.653,0.028247414334801,0.02730375,0.0291034000567806,0.0290374999999999
MBAR,2279,2021,3,28,-0.601,30.738,1337.653,0.0316929781608742,0.0309313888888888,0.0310831445333613,0.0317625
MBAR,2280,2021,3,29,-0.601,30.738,1337.653,0.0319683352585871,0.0313812152777777,0.0339525872448042,0.0352291666666666
MBAR,2281,2021,3,30,-0.601,30.738,1337.653,0.033747965005682,0.0333704861111111,0.0340871744925096,0.0343333333333333
MBAR,2283,2021,4,1,-0.601,30.738,1337.653,0.0314709405078712,0.0304079861111111,0.0340395688154886,0.0320166666666666
MBAR,2284,2021,4,2,-0.601,30.738,1337.653,0.0305668047238779,0.0307762847222222,0.0327920490980748,0.0327
MBAR,2285,2021,4,3,-0.601,30.738,1337.653,0.0340228123516315,0.0335095486111111,0.0330879148728131,0.035525
MBAR,2286,2021,4,4,-0.601,30.738,1337.653,0.0347550921182638,0.0334454513888888,0.0338769628745669,0.0354125
MBAR,2287,2021,4,5,-0.601,30.738,1337.653,0.0357355109066148,0.0346068402777777,0.0351291174654111,0.0365583333333333
MBAR,2288,2021,4,6,-0.601,30.738,1337.653,0.0344615779601052,0.0329890625,0.0338763940366156,0.0338208333333333
MBAR,2289,2021,4,7,-0.601,30.738,1337.653,0.0333577027010749,0.0318970138888888,0.0333462269888797,0.0319541666666666
MBAR,2290,2021,4,8,-0.601,30.738,1337.653,0.0322208430315071,0.0311707291666666,0.0325631661169368,0.0318541666666666
MBAR,2291,2021,4,9,-0.601,30.738,1337.653,0.0316893064863806,0.0310647569444444,0.0325624719136339,0.0332374999999999
MBAR,2292,2021,4,10,-0.601,30.738,1337.653,0.0326934406511555,0.0318171874999999,0.033046549665412,0.0318666666666666
MBAR,2293,2021,4,11,-0.601,30.738,1337.653,0.0315569396828722,0.0308733333333333,0.0337521300700822,0.0333375
MBAR,2294,2021,4,12,-0.601,30.738,1337.653,0.0322464099162105,0.0307665625,0.0330795069848119,0.0335416666666666
MBAR,2295,2021,4,13,-0.601,30.738,1337.653,0.0310056039110904,0.0317347569444444,0.033286690485926,0.0333958333333333
MBAR,2296,2021,4,14,-0.601,30.738,1337.653,0.0299831292744516,0.0295385069444444,0.0291254972543446,0.0294875
MBAR,2297,2021,4,15,-0.601,30.738,1337.653,0.0301152545339661,0.0292385763888888,0.0287810340918653,0.0305
MBAR,2298,2021,4,16,-0.601,30.738,1337.653,0.0299321481017741,0.0294266666666666,0.0307281799988005,0.0304875
MBAR,2299,2021,4,17,-0.601,30.738,1337.653,0.0300411693922041,0.0304994444444444,0.0299702175197329,0.0309249999999999
MBAR,2300,2021,4,18,-0.601,30.738,1337.653,0.032699551957924,0.0321679861111111,0.0314893716925071,0.031325
MBAR,2301,2021,4,19,-0.601,30.738,1337.653,0.0325968411027481,0.03210125,0.0340537157396964,0.0349416666666666
MBAR,2302,2021,4,20,-0.601,30.738,1337.653,0.0327967836849372,0.0323360763888888,0.0345453576384683,0.0351166666666666
MBAR,2303,2021,4,21,-0.601,30.738,1337.653,0.0340546414463713,0.0330322569444444,0.0364308904439603,0.0357333333333333
MBAR,2304,2021,4,22,-0.601,30.738,1337.653,0.034880988895572,0.0335073958333333,0.0342587229226225,0.0342708333333333
MBAR,2305,2021,4,23,-0.601,30.738,1337.653,0.0355488365737856,0.0346923611111111,0.0339470756893023,0.036025
MBAR,2306,2021,4,24,-0.601,30.738,1337.653,0.0353043918424985,0.0354270833333333,0.0357835434845169,0.0362583333333333
MBAR,2307,2021,4,25,-0.601,30.738,1337.653,0.0355372105861961,0.0344198263888888,0.0364466896511597,0.0362083333333333
MBAR,2308,2021,4,26,-0.601,30.738,1337.653,0.0355225030730962,0.0339301736111111,0.034421371355627,0.0349458333333333
MBAR,2309,2021,4,27,-0.601,30.738,1337.653,0.0323981859108188,0.0311820833333333,0.0343388964340137,0.0338625
MBAR,2310,2021,4,28,-0.601,30.738,1337.653,0.0312692428421397,0.0306024652777777,0.0319694996388559,0.0317791666666666
MBAR,2311,2021,4,29,-0.601,30.738,1337.653,0.0324073255927815,0.0318820486111111,0.0339340641365254,0.0326166666666666
MBAR,2312,2021,4,30,-0.601,30.738,1337.653,0.0308879471742275,0.0312772222222222,0.0334363162730178,0.0335708333333333
MBAR,2313,2021,5,1,-0.601,30.738,1337.653,0.0296447731603186,0.0303651736111111,0.0292637751512382,0.0330166666666666
MBAR,2314,2021,5,2,-0.601,30.738,1337.653,0.0285091679716544,0.0279888888888888,0.0294301759724783,0.0301958333333333
MBAR,2315,2021,5,3,-0.601,30.738,1337.653,0.0319900071103891,0.0321253819444444,0.0323340587432736,0.0328541666666666
MBAR,2316,2021,5,4,-0.601,30.738,1337.653,0.0350032912916821,0.0346106597222222,0.0333243688594739,0.0348416666666666
MBAR,2317,2021,5,5,-0.601,30.738,1337.653,0.0349649361555868,0.0338442361111111,0.0349959677496498,0.0358291666666666
MBAR,2318,2021,5,6,-0.601,30.738,1337.653,0.0351694408633858,0.0339416319444444,0.0360215083217267,0.0362458333333333
MBAR,2319,2021,5,7,-0.601,30.738,1337.653,0.0355728734911005,0.0340151736111111,0.0360978806809107,0.0364416666666666
MBAR,2320,2021,5,8,-0.601,30.738,1337.653,0.0367426268794638,0.0356359375,0.0358729638931143,0.0397916666666666
MBAR,2321,2021,5,9,-0.601,30.738,1337.653,0.0391814377926983,0.0367289583333333,0.0383611698625643,0.03925
MBAR,2322,2021,5,10,-0.601,30.738,1337.653,0.0385572734777763,0.0366545486111111,0.037507038669293,0.0384458333333333
MBAR,2323,2021,5,11,-0.601,30.738,1337.653,0.0378765856822469,0.0369054166666666,0.0381948830309337,0.0383666666666666
MBAR,2324,2021,5,12,-0.601,30.738,1337.653,0.0367489721400098,0.0355596875,0.0358579871595511,0.0344166666666666
MBAR,2325,2021,5,13,-0.601,30.738,1337.653,0.0356920744788688,0.0348616319444444,0.0343008041254018,0.0348
MBAR,2326,2021,5,14,-0.601,30.738,1337.653,0.0341805435045949,0.0331084375,0.035069480929513,0.0351
MBAR,2327,2021,5,15,-0.601,30.738,1337.653,0.0335982229462586,0.0335698263888888,0.0351469542201024,0.0349125
MBAR,2328,2021,5,16,-0.601,30.738,1337.653,0.0329780135312089,0.0321952083333333,0.031052114634753,0.0318416666666666
MBAR,2329,2021,5,17,-0.601,30.738,1337.653,0.031409879640311,0.0301614236111111,0.0324566303920405,0.0318375
MBAR,2330,2021,5,18,-0.601,30.738,1337.653,0.0314014920911481,0.0313422569444444,0.0320353659937771,0.0329708333333333
MBAR,2331,2021,5,19,-0.601,30.738,1337.653,0.0323202380473966,0.0321224305555555,0.0342741254458868,0.0333333333333333
MBAR,2332,2021,5,20,-0.601,30.738,1337.653,0.0321916610880274,0.0311025347222222,0.0334312053451743,0.0316041666666666
MBAR,2333,2021,5,21,-0.601,30.738,1337.653,0.0303506276954534,0.0302527083333333,0.0301044869994015,0.0299416666666666
MBAR,2334,2021,5,22,-0.601,30.738,1337.653,0.030079188899564,0.0288549652777777,0.0288919212985567,0.0306833333333333
MBAR,2335,2021,5,23,-0.601,30.738,1337.653,0.0311375321271604,0.0293214930555555,0.0321753009001645,0.0317583333333333
MBAR,2336,2021,5,24,-0.601,30.738,1337.653,0.0313351897250342,0.0295402083333333,0.0322193216725205,0.0298166666666666
MBAR,2337,2021,5,25,-0.601,30.738,1337.653,0.0311290512026695,0.0289585763888888,0.030160000245633,0.0294208333333333
MBAR,2338,2021,5,26,-0.601,30.738,1337.653,0.0304939447462605,0.0292991319444444,0.03069781844785,0.0296624999999999
MBAR,2339,2021,5,27,-0.601,30.738,1337.653,0.0301844626000211,0.029420625,0.0306777502574046,0.0300666666666666
MBAR,2340,2021,5,28,-0.601,30.738,1337.653,0.0292643954314007,0.0285963541666666,0.0303869564526681,0.0292375
MBAR,2341,2021,5,29,-0.601,30.738,1337.653,0.0284390841097755,0.0277165277777777,0.0280704205906509,0.0288583333333333
MBAR,2342,2021,5,30,-0.601,30.738,1337.653,0.0286083678102714,0.0279611805555555,0.0300155685969586,0.0295291666666666
MBAR,2344,2021,6,1,-0.601,30.738,1337.653,0.0264764086155077,0.0248903472222222,0.0228729177424212,0.0247458333333333
MBAR,2345,2021,6,2,-0.601,30.738,1337.653,0.0263131759453945,0.0251355555555555,0.0258412162203814,0.0251833333333333
MBAR,2346,2021,6,3,-0.601,30.738,1337.653,0.0290561467511633,0.0284108333333333,0.0301386717770283,0.028775
MBAR,2347,2021,6,4,-0.601,30.738,1337.653,0.0289126533041317,0.0279784375,0.0301238669968516,0.0301625
MBAR,2348,2021,6,5,-0.601,30.738,1337.653,0.0302973571162953,0.0295664236111111,0.0294930657423234,0.0307583333333333
MBAR,2349,2021,6,6,-0.601,30.738,1337.653,0.0306966840365443,0.0301936111111111,0.0319136261808567,0.0303708333333333
MBAR,2350,2021,6,7,-0.601,30.738,1337.653,0.0255661198088486,0.0257632986111111,0.027072668910907,0.0261833333333333
MBAR,2351,2021,6,8,-0.601,30.738,1337.653,0.0235705447389277,0.0217961111111111,0.0228279256211121,0.0226708333333333
MBAR,2352,2021,6,9,-0.601,30.738,1337.653,0.0217646627908137,0.0209821527777777,0.0221053986550506,0.0212958333333333
MBAR,2353,2021,6,10,-0.601,30.738,1337.653,0.0222453784251706,0.0211105555555555,0.020181043832532,0.0194166666666666
MBAR,2354,2021,6,11,-0.601,30.738,1337.653,0.022062562200523,0.0206551388888888,0.0225032175399704,0.022175
MBAR,2355,2021,6,12,-0.601,30.738,1337.653,0.0246900484229539,0.0241747222222222,0.0238554198713234,0.0234791666666666
MBAR,2356,2021,6,13,-0.601,30.738,1337.653,0.0251715954916195,0.0233412847222222,0.0242627030451814,0.0238
MBAR,2357,2021,6,14,-0.601,30.738,1337.653,0.0270204851523917,0.0242469791666666,0.0271280309675519,0.0257333333333333
MBAR,2358,2021,6,15,-0.601,30.738,1337.653,0.0326481802989054,0.0313156597222222,0.0319683604714316,0.0300083333333333
MBAR,2359,2021,6,16,-0.601,30.738,1337.653,0.0337884498007312,0.0326894097222222,0.0341296347964597,0.034225
MBAR,2360,2021,6,17,-0.601,30.738,1337.653,0.0324396417765521,0.0308904166666666,0.0329467706609341,0.0330333333333333
MBAR,2361,2021,6,18,-0.601,30.738,1337.653,0.032029034888455,0.0312954861111111,0.0351295880712618,0.0350291666666666
MBAR,2362,2021,6,19,-0.601,30.738,1337.653,0.0303377430133428,0.0302826041666666,0.0328117953153822,0.0317708333333333
MBAR,2363,2021,6,20,-0.601,30.738,1337.653,0.0294129939738642,0.0276653472222222,0.0286162361506285,0.0286375
MBAR,2364,2021,6,21,-0.601,30.738,1337.653,0.0294449330116968,0.0282125694444444,0.0290420666036487,0.0279333333333333
MBAR,2365,2021,6,22,-0.601,30.738,1337.653,0.0279827798777482,0.0257564583333333,0.0268492097716817,0.0255166666666666
MBAR,2366,2021,6,23,-0.601,30.738,1337.653,0.0264827259949449,0.0252270486111111,0.0273795918448281,0.0257791666666666
MBAR,2367,2021,6,24,-0.601,30.738,1337.653,0.0251505595508286,0.0249966319444444,0.0245071312907212,0.0255
MBAR,2368,2021,6,25,-0.601,30.738,1337.653,0.0234738690205108,0.0223311111111111,0.0231504694124556,0.0228458333333333
MBAR,2369,2021,6,26,-0.601,30.738,1337.653,0.0213782547363482,0.0209782986111111,0.0225206787764134,0.0209875
MBAR,2370,2021,6,27,-0.601,30.738,1337.653,0.0204717677015025,0.0189942013888888,0.0200393323210537,0.018175
MBAR,2371,2021,6,28,-0.601,30.738,1337.653,0.0240841432473369,0.0238547569444444,0.0225974033012945,0.0230041666666666
MBAR,2372,2021,6,29,-0.601,30.738,1337.653,0.0265800146878058,0.0252171180555555,0.0251077571594209,0.0246958333333333
MBAR,2373,2021,6,30,-0.601,30.738,1337.653,0.0288031494307414,0.0284042708333333,0.0281979631516345,0.0278291666666666
MBAR,2374,2021,7,1,-0.601,30.738,1337.653,0.0285932478282746,0.0271269791666666,0.0268327605570206,0.0269041666666666
MBAR,2375,2021,7,2,-0.601,30.738,1337.653,0.030070063106413,0.0283729513888888,0.0277112959674783,0.0279291666666666
MBAR,2376,2021,7,3,-0.601,30.738,1337.653,0.0285253286851432,0.0266424652777777,0.028599635454637,0.0276958333333333
MBAR,2377,2021,7,4,-0.601,30.738,1337.653,0.0265493437804233,0.0255852777777777,0.0267955754183948,0.0250583333333333
MBAR,2378,2021,7,5,-0.601,30.738,1337.653,0.026205990993765,0.0246160416666666,0.0250485580938559,0.0237083333333333
MBAR,2379,2021,7,6,-0.601,30.738,1337.653,0.0268276409191611,0.0242408680555555,0.0289964000734066,0.0236833333333333
MBAR,2380,2021,7,7,-0.601,30.738,1337.653,0.0292505066365989,0.0272575347222222,0.0298329328598764,0.0263125
MBAR,2381,2021,7,8,-0.601,30.738,1337.653,0.0323407583433871,0.0306097569444444,0.0324025247828016,0.0291458333333333
MBAR,2382,2021,7,9,-0.601,30.738,1337.653,0.0324463889314387,0.0309400347222222,0.0324150948715994,0.0302833333333333
MBAR,2383,2021,7,10,-0.601,30.738,1337.653,0.0289862922566688,0.0273361805555555,0.0301673798133065,0.0294458333333333
MBAR,2384,2021,7,11,-0.601,30.738,1337.653,0.0263011896757511,0.0243482291666666,0.0286987119070738,0.025425
MBAR,2385,2021,7,12,-0.601,30.738,1337.653,0.0260406575255953,0.0243684375,0.0265019612929812,0.0240708333333333
MBAR,2386,2021,7,13,-0.601,30.738,1337.653,0.0310871607997477,0.0308177777777777,0.0308139652790813,0.0298541666666666
MBAR,2387,2021,7,14,-0.601,30.738,1337.653,0.0334778189196363,0.0318859027777777,0.0341043930455798,0.0334958333333333
MBAR,2388,2021,7,15,-0.601,30.738,1337.653,0.033443512273548,0.0325598958333333,0.0353906821300103,0.0340416666666666
MBAR,2389,2021,7,16,-0.601,30.738,1337.653,0.029553322232864,0.028116875,0.0323701288386351,0.0297333333333333
MBAR,2390,2021,7,17,-0.601,30.738,1337.653,0.0260959056181069,0.0246102777777777,0.0264653743666967,0.0249958333333333
MBAR,2391,2021,7,18,-0.601,30.738,1337.653,0.0234888577017286,0.0221169791666666,0.0253867146419422,0.0216666666666666
MBAR,2392,2021,7,19,-0.601,30.738,1337.653,0.0219113899018738,0.0197170486111111,0.0244063558255688,0.0198333333333333
MBAR,2393,2021,7,20,-0.601,30.738,1337.653,0.0272110473299684,0.0267003819444444,0.0306283698247194,0.0241875
MBAR,2394,2021,7,21,-0.601,30.738,1337.653,0.0278629853096365,0.0267361458333333,0.0290330207655044,0.0263458333333333
MBAR,2395,2021,7,22,-0.601,30.738,1337.653,0.0220473764740013,0.0204919791666666,0.0238542238575838,0.020475
MBAR,2396,2021,7,23,-0.601,30.738,1337.653,0.0208278226182095,0.0185250347222222,0.0227247706884755,0.0179
MBAR,2397,2021,7,24,-0.601,30.738,1337.653,0.0247036968414792,0.0241407638888888,0.026685549749092,0.0241708333333333
MBAR,2398,2021,7,25,-0.601,30.738,1337.653,0.0247122772706579,0.0229805902777777,0.0254531290125628,0.0233916666666666
MBAR,2399,2021,7,26,-0.601,30.738,1337.653,0.0253748471345741,0.0238044097222222,0.0258785693784673,0.0224416666666666
MBAR,2400,2021,7,27,-0.601,30.738,1337.653,0.0258557359399854,0.0238405208333333,0.0256649544711544,0.0228541666666666
MBAR,2401,2021,7,28,-0.601,30.738,1337.653,0.0274712202953935,0.0253903124999999,0.0268215807524626,0.0255291666666666
MBAR,2402,2021,7,29,-0.601,30.738,1337.653,0.0283464099214139,0.0272056597222222,0.0306526581859894,0.0277874999999999
MBAR,2403,2021,7,30,-0.601,30.738,1337.653,0.0270366807984675,0.0257232291666666,0.0287427899572502,0.0267291666666666
MBAR,2405,2021,8,1,-0.601,30.738,1337.653,0.0231729376294778,0.0218028125,0.0240656339577343,0.0221458333333333
MBAR,2406,2021,8,2,-0.601,30.738,1337.653,0.0262919586269885,0.0247191319444444,0.0272581428115256,0.0251333333333333
MBAR,2407,2021,8,3,-0.601,30.738,1337.653,0.0282661706708169,0.0266938194444444,0.028927297052498,0.0286833333333333
MBAR,2408,2021,8,4,-0.601,30.738,1337.653,0.0296288113449556,0.0286570833333333,0.0288440540822565,0.0273708333333333
MBAR,2409,2021,8,5,-0.601,30.738,1337.653,0.0287095155179146,0.0267130902777777,0.0275541934100953,0.02745
MBAR,2410,2021,8,6,-0.601,30.738,1337.653,0.0292574776625413,0.0284542013888888,0.0272348278824688,0.0266374999999999
MBAR,2411,2021,8,7,-0.601,30.738,1337.653,0.0300757575396799,0.0287702777777777,0.0283137527391168,0.0279041666666666
MBAR,2412,2021,8,8,-0.601,30.738,1337.653,0.0313415317913361,0.0289502430555555,0.0300814344921065,0.0281166666666666
MBAR,2413,2021,8,9,-0.601,30.738,1337.653,0.0331466459853517,0.0317999305555555,0.033644738691048,0.0335541666666666
MBAR,2414,2021,8,10,-0.601,30.738,1337.653,0.0333602189971858,0.0313595486111111,0.03199073776819,0.0339541666666666
MBAR,2415,2021,8,11,-0.601,30.738,1337.653,0.0344490335611262,0.0314987152777777,0.0339908481184525,0.034175
MBAR,2416,2021,8,12,-0.601,30.738,1337.653,0.0330199518956901,0.0323392013888888,0.0338729896173324,0.0341458333333333
MBAR,2417,2021,8,13,-0.601,30.738,1337.653,0.0296352367883032,0.0288482638888888,0.0323431778175825,0.0312208333333333
MBAR,2418,2021,8,14,-0.601,30.738,1337.653,0.0305272906260665,0.0303029861111111,0.0338424627262663,0.0321791666666666
MBAR,2419,2021,8,15,-0.601,30.738,1337.653,0.0301397989300757,0.0293442013888888,0.0334503120268104,0.0285625
MBAR,2420,2021,8,16,-0.601,30.738,1337.653,0.028071021545693,0.0275517013888888,0.0281904304792262,0.0269458333333333
MBAR,2421,2021,8,17,-0.601,30.738,1337.653,0.0274276029654023,0.0273935069444444,0.0289573283029529,0.0278583333333333
MBAR,2422,2021,8,18,-0.601,30.738,1337.653,0.0268411552604267,0.0259845486111111,0.027045146124211,0.0263958333333333
MBAR,2423,2021,8,19,-0.601,30.738,1337.653,0.0292552271792684,0.0279463888888888,0.0306998900441045,0.0266333333333333
MBAR,2424,2021,8,20,-0.601,30.738,1337.653,0.0319273736127863,0.0317678472222222,0.0336460450485072,0.0329833333333333
MBAR,2425,2021,8,21,-0.601,30.738,1337.653,0.0307987612939058,0.0302354166666666,0.030328570602046,0.0305875
MBAR,2426,2021,8,22,-0.601,30.738,1337.653,0.0267867482312658,0.0263933680555555,0.0297876719296679,0.0276166666666666
MBAR,2427,2021,8,23,-0.601,30.738,1337.653,0.0230578896123455,0.0231820486111111,0.0238831377410909,0.0237374999999999
MBAR,2429,2021,8,25,-0.601,30.738,1337.653,0.0211289072995355,0.0213470833333333,0.0231396444349467,0.0212416666666666
MBAR,2430,2021,8,26,-0.601,30.738,1337.653,0.0215148178627295,0.0211791319444444,0.0237509914466691,0.0211708333333333
MBAR,2431,2021,8,27,-0.601,30.738,1337.653,0.0194823997971015,0.0189223263888888,0.022286724890835,0.0184291666666666
MBAR,2432,2021,8,28,-0.601,30.738,1337.653,0.0223639731635651,0.0226197569444444,0.022871330957296,0.0195541666666666
MBAR,2433,2021,8,29,-0.601,30.738,1337.653,0.0263994050737801,0.0252890277777777,0.0299368113518625,0.0243291666666666
MBAR,2434,2021,8,30,-0.601,30.738,1337.653,0.0316538201521334,0.0291533680555555,0.0292224760618072,0.0275625
MBAR,2436,2021,9,1,-0.601,30.738,1337.653,0.0324395765977571,0.0320864236111111,0.0359247670711146,0.0332583333333333
MBAR,2437,2021,9,2,-0.601,30.738,1337.653,0.0324078208194709,0.0328592361111111,0.0333495352755836,0.0339208333333333
MBAR,2438,2021,9,3,-0.601,30.738,1337.653,0.0320608811958374,0.0314425347222222,0.0329728409300006,0.0328458333333333
MBAR,2439,2021,9,4,-0.601,30.738,1337.653,0.0307743892034366,0.0308275347222222,0.0314379421364418,0.0303583333333333
MBAR,2440,2021,9,5,-0.601,30.738,1337.653,0.0296406711553046,0.0282020138888888,0.0307867311008134,0.0282833333333333
MBAR,2441,2021,9,6,-0.601,30.738,1337.653,0.0305459719426807,0.0309468402777777,0.0315187492125449,0.0309291666666666
MBAR,2442,2021,9,7,-0.601,30.738,1337.653,0.0294303065399293,0.0299413888888888,0.0302249711499955,0.0311583333333333
MBAR,2443,2021,9,8,-0.601,30.738,1337.653,0.0303109808592707,0.0293905902777777,0.0322541556347116,0.0318708333333333
MBAR,2444,2021,9,9,-0.601,30.738,1337.653,0.0320461807861637,0.0321008333333333,0.032344023700598,0.0320916666666666
MBAR,2445,2021,9,10,-0.601,30.738,1337.653,0.0308402505407577,0.0307434722222222,0.0305618272014597,0.0315625
MBAR,2446,2021,9,11,-0.601,30.738,1337.653,0.0283467760260789,0.0275832986111111,0.0298755696684863,0.0283416666666666
MBAR,2447,2021,9,12,-0.601,30.738,1337.653,0.0275495746558583,0.0269057291666666,0.0279053217139158,0.0264875
MBAR,2448,2021,9,13,-0.601,30.738,1337.653,0.0255571770076921,0.0262589236111111,0.0273741624809816,0.0269458333333333
MBAR,2449,2021,9,14,-0.601,30.738,1337.653,0.0259129864900314,0.0252371874999999,0.0286121252713274,0.0261541666666666
MBAR,2450,2021,9,15,-0.601,30.738,1337.653,0.0308777649651114,0.0306508333333333,0.0304835814354883,0.0283583333333333
MBAR,2451,2021,9,16,-0.601,30.738,1337.653,0.0318411209233619,0.0313395138888888,0.0350003233842936,0.0327083333333333
MBAR,2452,2021,9,17,-0.601,30.738,1337.653,0.0340562712072363,0.0323132291666666,0.0351655634345899,0.0365833333333333
MBAR,2453,2021,9,18,-0.601,30.738,1337.653,0.0359099201094197,0.0346936111111111,0.0374826104373147,0.03705
MBAR,2454,2021,9,19,-0.601,30.738,1337.653,0.0339562215974494,0.0327226736111111,0.0332941904617971,0.0328
MBAR,2455,2021,9,20,-0.601,30.738,1337.653,0.0315311209346699,0.0309740972222222,0.0332453169020855,0.0296791666666666
MBAR,2456,2021,9,21,-0.601,30.738,1337.653,0.0298389729125441,0.0278962152777777,0.0312705361525845,0.0288583333333333
MBAR,2457,2021,9,22,-0.601,30.738,1337.653,0.0304601027762721,0.0298957291666666,0.0318172524417329,0.0322916666666666
MBAR,2458,2021,9,23,-0.601,30.738,1337.653,0.0291832200523635,0.0285015277777777,0.0293584537997536,0.0306333333333333
MBAR,2459,2021,9,24,-0.601,30.738,1337.653,0.0313175448346403,0.0312069791666666,0.0320272841472076,0.0329583333333333
MBAR,2460,2021,9,25,-0.601,30.738,1337.653,0.032103642045121,0.0309619097222222,0.0312780732832794,0.0319458333333333
MBAR,2461,2021,9,26,-0.601,30.738,1337.653,0.0311974341167059,0.0303977083333333,0.0303616932541979,0.0304333333333333
MBAR,2462,2021,9,27,-0.601,30.738,1337.653,0.0298890546004987,0.0299180555555555,0.0310433840072669,0.0316166666666666
MBAR,2463,2021,9,28,-0.601,30.738,1337.653,0.02666593573918,0.0259823611111111,0.0313046749611925,0.0288375
MBAR,2464,2021,9,29,-0.601,30.738,1337.653,0.0260597481498024,0.0257274652777777,0.0282557122636494,0.0285875
MBAR,2465,2021,9,30,-0.601,30.738,1337.653,0.0270400669032985,0.0265288541666666,0.0295840776512996,0.0292874999999999
MBAR,2466,2021,10,1,-0.601,30.738,1337.653,0.030223347867711,0.0290050694444444,0.0318885985999965,0.0313291666666666
MBAR,2467,2021,10,2,-0.601,30.738,1337.653,0.0331834265686817,0.0321959027777777,0.0352050324969142,0.0323458333333333
MBAR,2468,2021,10,3,-0.601,30.738,1337.653,0.0341398066714619,0.0341190972222222,0.0343470221890858,0.0353875
MBAR,2469,2021,10,4,-0.601,30.738,1337.653,0.030588109730934,0.0300839930555555,0.0307586060027405,0.0327916666666666
MBAR,2470,2021,10,5,-0.601,30.738,1337.653,0.030920718899407,0.0299344097222222,0.0309507148785332,0.0313416666666666
MBAR,2471,2021,10,6,-0.601,30.738,1337.653,0.0303277742683754,0.0299004861111111,0.0325965085384108,0.0308416666666666
MBAR,2472,2021,10,7,-0.601,30.738,1337.653,0.0290892660006973,0.0293240625,0.0329465787587877,0.0291708333333333
MBAR,2473,2021,10,8,-0.601,30.738,1337.653,0.0303464011589404,0.0300149652777777,0.0301069475272208,0.0288833333333333
MBAR,2474,2021,10,9,-0.601,30.738,1337.653,0.0322104652901404,0.0320288194444444,0.0330582476678233,0.0308458333333333
MBAR,2475,2021,10,10,-0.601,30.738,1337.653,0.0322174589794725,0.032815,0.0342914211646264,0.032225
MBAR,2476,2021,10,11,-0.601,30.738,1337.653,0.031678608020329,0.0316382986111111,0.0350973953813091,0.0347666666666666
MBAR,2477,2021,10,12,-0.601,30.738,1337.653,0.0320227989133125,0.0324900694444444,0.0341715382599429,0.0322208333333333
MBAR,2478,2021,10,13,-0.601,30.738,1337.653,0.0313111853752662,0.0296760416666666,0.0310555142442202,0.0308041666666666
MBAR,2479,2021,10,14,-0.601,30.738,1337.653,0.0332819579037728,0.0326707986111111,0.0327690431966442,0.0327458333333333
MBAR,2534,2021,12,8,-0.601,30.738,1337.653,0.0295615179830502,0.0279816326530612,0.0281653858379482,0.0298291666666666
MBAR,2535,2021,12,9,-0.601,30.738,1337.653,0.0315732761089393,0.0320236111111111,0.0319965116271756,0.0336625
MBAR,2536,2021,12,10,-0.601,30.738,1337.653,0.0317693337576316,0.0320580555555555,0.0320490788518897,0.0335416666666666
MBAR,2537,2021,12,11,-0.601,30.738,1337.653,0.0311875240251896,0.0308369791666666,0.0281315266924676,0.0314125
MBAR,2538,2021,12,12,-0.601,30.738,1337.653,0.0293524448521311,0.0276317013888888,0.0236544771654979,0.0288875
MBAR,2539,2021,12,13,-0.601,30.738,1337.653,0.0291385398496105,0.0273569791666666,0.0245209538615157,0.0287625
MBAR,2540,2021,12,14,-0.601,30.738,1337.653,0.031486287922482,0.0312110763888888,0.0284082437186646,0.0305416666666666
MBAR,2541,2021,12,15,-0.601,30.738,1337.653,0.0321380098650865,0.0316149652777777,0.0320586064146761,0.0326166666666666
MBAR,2542,2021,12,16,-0.601,30.738,1337.653,0.0313583848599576,0.0303888541666666,0.0291951466587072,0.0315958333333333
MBAR,2543,2021,12,17,-0.601,30.738,1337.653,0.0309334863201279,0.0304182638888888,0.0270187371359981,0.0301625
MBAR,2544,2021,12,18,-0.601,30.738,1337.653,0.0314905258999798,0.0305633333333333,0.0288532618205263,0.0311416666666666
MBAR,2545,2021,12,19,-0.601,30.738,1337.653,0.0335127040512134,0.0333923263888888,0.0349046715137866,0.0359541666666666
MBAR,2546,2021,12,20,-0.601,30.738,1337.653,0.0353636256998929,0.0338447222222222,0.0346656810755569,0.0354
MBAR,2547,2021,12,21,-0.601,30.738,1337.653,0.0362688776260956,0.0349525,0.0350776729690907,0.0359833333333333
MBAR,2548,2021,12,22,-0.601,30.738,1337.653,0.0351891540184981,0.0337051388888888,0.0347108547479034,0.0347791666666666
MBAR,2549,2021,12,23,-0.601,30.738,1337.653,0.0343413219350909,0.0341142361111111,0.0333654846198185,0.0343958333333333
MBAR,2550,2021,12,24,-0.601,30.738,1337.653,0.0343475369785088,0.033723125,0.0334747413999267,0.0356333333333333
MBAR,2551,2021,12,25,-0.601,30.738,1337.653,0.0353806001856076,0.0344389930555555,0.0336504178272639,0.0346249999999999
MBAR,2552,2021,12,26,-0.601,30.738,1337.653,0.0354489028590206,0.0344603819444444,0.0357552581806973,0.0354166666666666
MBAR,2553,2021,12,27,-0.601,30.738,1337.653,0.0339919117043739,0.0323544097222222,0.0335909337238502,0.0335958333333333
MBAR,2554,2021,12,28,-0.601,30.738,1337.653,0.0294809883871246,0.0298373263888888,0.0271152198449897,0.0291624999999999
MBAR,2555,2021,12,29,-0.601,30.738,1337.653,0.0310532284364604,0.0303036111111111,0.0283259301692585,0.0304416666666666
MBAR,2556,2021,12,30,-0.601,30.738,1337.653,0.033558648126649,0.0326204513888888,0.0314959008802751,0.0333208333333333
MBAR,2558,2022,1,1,-0.601,30.738,1337.653,0.0309148474894002,0.0306368055555555,0.0319223591610859,0.0326875
MBAR,2559,2022,1,2,-0.601,30.738,1337.653,0.0285925877287039,0.0283694791666666,0.0294739958226139,0.028725
MBAR,2560,2022,1,3,-0.601,30.738,1337.653,0.0303410120594104,0.0310038194444444,0.0279220553539235,0.031075
MBAR,2561,2022,1,4,-0.601,30.738,1337.653,0.0260491020934423,0.0269740972222222,0.0260181356840245,0.0287625
MBAR,2562,2022,1,5,-0.601,30.738,1337.653,0.0249288844102852,0.0245451388888888,0.0236212782206677,0.0234833333333333
MBAR,2563,2022,1,6,-0.601,30.738,1337.653,0.0270490944506536,0.0272987152777777,0.0232085419715949,0.0252166666666666
MBAR,2564,2022,1,7,-0.601,30.738,1337.653,0.0276322621274061,0.0274048263888888,0.0254487605003122,0.0265041666666666
MBAR,2565,2022,1,8,-0.601,30.738,1337.653,0.0255446558004,0.0259592708333333,0.0233002631804673,0.0254416666666666
MBAR,2566,2022,1,9,-0.601,30.738,1337.653,0.0219706712210755,0.0218705555555555,0.0211353157686647,0.0231249999999999
MBAR,2567,2022,1,10,-0.601,30.738,1337.653,0.0210952328965965,0.0204498263888888,0.0208218637480421,0.0213166666666666
MBAR,2568,2022,1,11,-0.601,30.738,1337.653,0.0220589376430206,0.0228890624999999,0.0218932896296279,0.0245791666666666
MBAR,2569,2022,1,12,-0.601,30.738,1337.653,0.0233751992053678,0.0235177430555555,0.0217788087207727,0.025325
MBAR,2570,2022,1,13,-0.601,30.738,1337.653,0.0268366004014689,0.0257218055555555,0.0246111081131611,0.0260708333333333
MBAR,2571,2022,1,14,-0.601,30.738,1337.653,0.0310671607552735,0.0304609375,0.030656890570915,0.0319208333333333
MBAR,2572,2022,1,15,-0.601,30.738,1337.653,0.0316705102272995,0.0308532638888888,0.0328944624106642,0.0327791666666666
MBAR,2573,2022,1,16,-0.601,30.738,1337.653,0.0334150062117819,0.0319368402777777,0.0339596317863074,0.0346416666666666
MBAR,2574,2022,1,17,-0.601,30.738,1337.653,0.0350816840559147,0.0341680555555555,0.034376069247541,0.0345666666666666
MBAR,2575,2022,1,18,-0.601,30.738,1337.653,0.0345183416315363,0.0339732638888888,0.0336147484231247,0.0352375
MBAR,2576,2022,1,19,-0.601,30.738,1337.653,0.0329542685376221,0.0317809375,0.0318814472895802,0.0333375
MBAR,2577,2022,1,20,-0.601,30.738,1337.653,0.0275549359729589,0.025745625,0.0283290739154757,0.0284083333333333
MBAR,2578,2022,1,21,-0.601,30.738,1337.653,0.0224845637243123,0.0222194791666666,0.0224654112961058,0.0226041666666666
MBAR,2579,2022,1,22,-0.601,30.738,1337.653,0.0271209535955609,0.0259382638888888,0.0239542253253425,0.0272625
MBAR,2580,2022,1,23,-0.601,30.738,1337.653,0.0318743934064895,0.0303292013888888,0.0256328181658673,0.0304208333333333
MBAR,2581,2022,1,24,-0.601,30.738,1337.653,0.0345666820482234,0.0323240625,0.0285674965475098,0.0330166666666666
MBAR,2582,2022,1,25,-0.601,30.738,1337.653,0.0294669898741107,0.0278627777777777,0.0263583790168895,0.0286041666666666
MBAR,2583,2022,1,26,-0.601,30.738,1337.653,0.0255120200768478,0.0233552430555555,0.0218600252873703,0.023825
MBAR,2584,2022,1,27,-0.601,30.738,1337.653,0.0249450101752845,0.0247556944444444,0.0214565406859478,0.0240958333333333
MBAR,2585,2022,1,28,-0.601,30.738,1337.653,0.0250186657055131,0.0247634375,0.0222787925123769,0.0242791666666666
MBAR,2586,2022,1,29,-0.601,30.738,1337.653,0.0254830521259881,0.0246919444444444,0.0216350988142869,0.0242916666666666
MBAR,2587,2022,1,30,-0.601,30.738,1337.653,0.0308495513047086,0.0285098611111111,0.0256875734855671,0.0293625
MBAR,2589,2022,2,1,-0.601,30.738,1337.653,0.0334381126152389,0.0316017013888888,0.0308046271444682,0.0336166666666666
MBAR,2590,2022,2,2,-0.601,30.738,1337.653,0.0349823784375888,0.0338725694444444,0.0317250831787422,0.0339125
MBAR,2591,2022,2,3,-0.601,30.738,1337.653,0.0297284753321788,0.0298909722222222,0.0287608592615838,0.0315
MBAR,2592,2022,2,4,-0.601,30.738,1337.653,0.0312746724784806,0.0295694791666666,0.0266154699080829,0.0295
MBAR,2593,2022,2,5,-0.601,30.738,1337.653,0.033185809555408,0.0317469097222222,0.0299478838594407,0.0337375
MBAR,2594,2022,2,6,-0.601,30.738,1337.653,0.0328322111182847,0.0304232638888888,0.0277852588142608,0.0287166666666666
MBAR,2595,2022,2,7,-0.601,30.738,1337.653,0.0326090386531336,0.0300175694444444,0.0270475413338936,0.0308666666666666
MBAR,2596,2022,2,8,-0.601,30.738,1337.653,0.0314520020443246,0.0298332291666666,0.0289262937586884,0.03095
MBAR,2597,2022,2,9,-0.601,30.738,1337.653,0.0314695813613742,0.03105875,0.0320739160846803,0.03345
MBAR,2598,2022,2,10,-0.601,30.738,1337.653,0.0303387456401243,0.0295621527777777,0.0288919713328159,0.03035
MBAR,2599,2022,2,11,-0.601,30.738,1337.653,0.0320310501788419,0.0304871527777777,0.0285842828036042,0.0318541666666666
MBAR,2600,2022,2,12,-0.601,30.738,1337.653,0.0320868145996327,0.0313416666666666,0.0282238060252016,0.0323416666666666
MBAR,2601,2022,2,13,-0.601,30.738,1337.653,0.0306050935748062,0.0290385763888888,0.0240456182080715,0.027825
MBAR,2602,2022,2,14,-0.601,30.738,1337.653,0.0300933997977882,0.0289477083333333,0.0243934269713264,0.02575
MBAR,2603,2022,2,15,-0.601,30.738,1337.653,0.032096270383239,0.0311537847222222,0.0285831887756686,0.0306291666666666
MBAR,2604,2022,2,16,-0.601,30.738,1337.653,0.0304666829093045,0.0284014236111111,0.0256010771379317,0.0289625
MBAR,2605,2022,2,17,-0.601,30.738,1337.653,0.0323538647190924,0.0313396875,0.0285300037179005,0.0325166666666666
MBAR,2606,2022,2,18,-0.601,30.738,1337.653,0.0331133294908247,0.0321075694444444,0.0301324991897112,0.0339
MBAR,2607,2022,2,19,-0.601,30.738,1337.653,0.0342630050314336,0.0334610069444444,0.0316934913218241,0.0329625
MBAR,2608,2022,2,20,-0.601,30.738,1337.653,0.0330420502370067,0.0329309375,0.0301514612010294,0.0338583333333333
MBAR,2609,2022,2,21,-0.601,30.738,1337.653,0.0294189910499041,0.0278588888888888,0.025041899113937,0.0272666666666666
MBAR,2610,2022,2,22,-0.601,30.738,1337.653,0.0331254333904874,0.0313752777777777,0.0256931667837728,0.0283833333333333
MBAR,2611,2022,2,23,-0.601,30.738,1337.653,0.0348255342569165,0.0333479861111111,0.0286730677376589,0.032975
MBAR,2612,2022,2,24,-0.601,30.738,1337.653,0.0335178962171899,0.0321825694444444,0.0289014266654725,0.0324291666666666
MBAR,2613,2022,2,25,-0.601,30.738,1337.653,0.0309712510187878,0.0300879513888888,0.0295282962398368,0.0315125
MBAR,2614,2022,2,26,-0.601,30.738,1337.653,0.029397734008928,0.0280113541666666,0.032213276821653,0.0321666666666666
MBAR,2615,2022,2,27,-0.601,30.738,1337.653,0.028411257881419,0.0285704861111111,0.0306398318181006,0.0301541666666666
MBAR,2616,2022,2,28,-0.601,30.738,1337.653,0.0272165587446666,0.0272996527777777,0.0296912153398021,0.0270249999999999
MBAR,2617,2022,3,1,-0.601,30.738,1337.653,0.0292520186859703,0.0274660416666666,0.0268113368293328,0.0263833333333333
MBAR,2618,2022,3,2,-0.601,30.738,1337.653,0.0291447129365484,0.0285729166666666,0.0295527838763464,0.0308208333333333
MBAR,2619,2022,3,3,-0.601,30.738,1337.653,0.024602734128315,0.0237764930555555,0.0234599489351558,0.0229708333333333
MBAR,2620,2022,3,4,-0.601,30.738,1337.653,0.0222551640281647,0.021331875,0.0218513492264847,0.0232583333333333
MBAR,2621,2022,3,5,-0.601,30.738,1337.653,0.0233122310995214,0.0234446527777777,0.0202844518295789,0.0261416666666666
MBAR,2622,2022,3,6,-0.601,30.738,1337.653,0.023212981952291,0.0237823958333333,0.0219953224441232,0.0243333333333333
MBAR,2623,2022,3,7,-0.601,30.738,1337.653,0.0263452926283083,0.0270385069444444,0.0234652328895479,0.0270041666666666
MBAR,2624,2022,3,8,-0.601,30.738,1337.653,0.0284620858331994,0.0275747222222222,0.0279200761980033,0.0284583333333333
MBAR,2625,2022,3,9,-0.601,30.738,1337.653,0.0285645256319257,0.0266373263888888,0.0264660721986806,0.0289041666666666
MBAR,2626,2022,3,10,-0.601,30.738,1337.653,0.0249785781607914,0.0236662152777777,0.0235312486779238,0.0244624999999999
MBAR,2627,2022,3,11,-0.601,30.738,1337.653,0.0207659726718904,0.0206538541666666,0.0217303592462241,0.0215625
MBAR,2628,2022,3,12,-0.601,30.738,1337.653,0.0231255721563277,0.0235552083333333,0.0257631235884822,0.0219791666666666
MBAR,2629,2022,3,13,-0.601,30.738,1337.653,0.0266601477233348,0.0268582638888888,0.0251349107067253,0.028575
MBAR,2630,2022,3,14,-0.601,30.738,1337.653,0.0285600157265459,0.0270925694444444,0.0283668766993564,0.030775
MBAR,2631,2022,3,15,-0.601,30.738,1337.653,0.0294398544383893,0.0280843055555555,0.0267036710863145,0.0290791666666666
MBAR,2632,2022,3,16,-0.601,30.738,1337.653,0.0312285720124778,0.0317995833333333,0.0288475665329756,0.0314625
MBAR,2633,2022,3,17,-0.601,30.738,1337.653,0.0325176152144202,0.0316962152777777,0.0287221468003298,0.0307708333333333
MBAR,2634,2022,3,18,-0.601,30.738,1337.653,0.0300422028328842,0.0297475694444444,0.0291279184702082,0.0307583333333333
MBAR,2635,2022,3,19,-0.601,30.738,1337.653,0.024985490228123,0.02540625,0.0269620821847281,0.0269208333333333
MBAR,2636,2022,3,20,-0.601,30.738,1337.653,0.0253395375870526,0.0272467708333333,0.0272094984263308,0.0272291666666666
MBAR,2637,2022,3,21,-0.601,30.738,1337.653,0.0307058284131918,0.0302215972222222,0.0305499070839394,0.0317916666666666
MBAR,2638,2022,3,22,-0.601,30.738,1337.653,0.0312189949802812,0.0314996875,0.0354238200641963,0.0347083333333333
MBAR,2639,2022,3,23,-0.601,30.738,1337.653,0.0276206194927601,0.0291991319444444,0.0314039696006861,0.0293583333333333
MBAR,2640,2022,3,24,-0.601,30.738,1337.653,0.026756950772343,0.0268793749999999,0.0289323859754773,0.0300166666666666
MBAR,2641,2022,3,25,-0.601,30.738,1337.653,0.030443732145997,0.0301659722222222,0.0317695017090764,0.03095
MBAR,2642,2022,3,26,-0.601,30.738,1337.653,0.0334623320250456,0.033095625,0.0333920525113471,0.0343
MBAR,2643,2022,3,27,-0.601,30.738,1337.653,0.0345622678594221,0.0336619444444444,0.0351402839117101,0.0335
MBAR,2644,2022,3,28,-0.601,30.738,1337.653,0.0333455733506948,0.0320116319444444,0.0355992392444427,0.0345416666666666
MBAR,2645,2022,3,29,-0.601,30.738,1337.653,0.036402588144817,0.0350452083333333,0.0375457840802268,0.0371666666666666
MBAR,2646,2022,3,30,-0.601,30.738,1337.653,0.0366606669291955,0.0349692013888888,0.0358276737147809,0.0348041666666666
MBAR,2648,2022,4,1,-0.601,30.738,1337.653,0.0275479735131467,0.0269189583333333,0.0265981094133741,0.028775
MBAR,2650,2022,4,3,-0.601,30.738,1337.653,0.0274433188198104,0.0256464930555555,0.02666766852084,0.0261291666666666
MBAR,2651,2022,4,4,-0.601,30.738,1337.653,0.0287923832519977,0.0295116319444444,0.0297282326357642,0.0288625
MBAR,2652,2022,4,5,-0.601,30.738,1337.653,0.0266804343257086,0.0266012847222222,0.0259766614157463,0.0280375
MBAR,2653,2022,4,6,-0.601,30.738,1337.653,0.0283881426556019,0.0280880555555555,0.0314064237991134,0.0298166666666666
MBAR,2654,2022,4,7,-0.601,30.738,1337.653,0.028886259228805,0.0303290277777777,0.0323609250735625,0.0323291666666666
MBAR,2655,2022,4,8,-0.601,30.738,1337.653,0.0265952583898866,0.0269358333333333,0.0305672279347345,0.0294249999999999
MBAR,2656,2022,4,9,-0.601,30.738,1337.653,0.0266662929802179,0.0266956597222222,0.0293423758890677,0.0273416666666666
MBAR,2657,2022,4,10,-0.601,30.738,1337.653,0.0295279199721153,0.0287870486111111,0.0303791677348723,0.0300041666666666
MBAR,2658,2022,4,11,-0.601,30.738,1337.653,0.0311005030084165,0.0297496180555555,0.03413145107755,0.0299083333333333
MBAR,2659,2022,4,12,-0.601,30.738,1337.653,0.0269298859326609,0.0278188541666666,0.032408031872071,0.0291583333333333
MBAR,2660,2022,4,13,-0.601,30.738,1337.653,0.0297741279164728,0.0303307986111111,0.030610391197762,0.0299625
MBAR,2661,2022,4,14,-0.601,30.738,1337.653,0.0330508211686333,0.0325334722222222,0.0344490661618191,0.0352416666666666
MBAR,2662,2022,4,15,-0.601,30.738,1337.653,0.0344055113498468,0.0343148611111111,0.0383059178086303,0.0389083333333333
MBAR,2663,2022,4,16,-0.601,30.738,1337.653,0.0342020903175144,0.0347706597222222,0.0356514410663957,0.0360875
MBAR,2664,2022,4,17,-0.601,30.738,1337.653,0.0337975405452146,0.0332711111111111,0.0335205291105654,0.0333166666666666
MBAR,2665,2022,4,18,-0.601,30.738,1337.653,0.0358665123605163,0.0340082986111111,0.0353488248377278,0.0355708333333333
MBAR,2666,2022,4,19,-0.601,30.738,1337.653,0.036432063040865,0.0355226388888888,0.0355573410788632,0.0371541666666666
MBAR,2667,2022,4,20,-0.601,30.738,1337.653,0.035620022166794,0.0356717361111111,0.0362648617073876,0.0366416666666666
MBAR,2668,2022,4,21,-0.601,30.738,1337.653,0.0361955601596343,0.0339217708333333,0.0331609697107938,0.0342499999999999
MBAR,2669,2022,4,22,-0.601,30.738,1337.653,0.037315099786798,0.0360008680555555,0.0365829221837617,0.03655
MBAR,2670,2022,4,23,-0.601,30.738,1337.653,0.0375743106429992,0.0363926041666666,0.0365869062321332,0.0380249999999999
MBAR,2671,2022,4,24,-0.601,30.738,1337.653,0.0386536060429361,0.0364445833333333,0.0384822718991283,0.0400791666666666
MBAR,2672,2022,4,25,-0.601,30.738,1337.653,0.037936580158255,0.0361525,0.0369674200924231,0.039025
MBAR,2673,2022,4,26,-0.601,30.738,1337.653,0.0329068558801116,0.0319322916666666,0.0342575405006253,0.0367125
MBAR,2674,2022,4,27,-0.601,30.738,1337.653,0.0328634251225776,0.0333078125,0.0358474389752311,0.0358416666666666
MBAR,2675,2022,4,28,-0.601,30.738,1337.653,0.0362354858802253,0.0349527083333333,0.0362148826175774,0.0376875
MBAR,2676,2022,4,29,-0.601,30.738,1337.653,0.0376326897982624,0.0360882986111111,0.0366296392357422,0.0382625
MBAR,2677,2022,4,30,-0.601,30.738,1337.653,0.0332452278913977,0.0312773263888888,0.0328328568868603,0.0325958333333333
MBAR,2678,2022,5,1,-0.601,30.738,1337.653,0.0300551383153854,0.0299919791666666,0.0332406457235743,0.0328125
MBAR,2679,2022,5,2,-0.601,30.738,1337.653,0.0321956519611079,0.0321184027777777,0.0319073414248823,0.0335625
MBAR,2680,2022,5,3,-0.601,30.738,1337.653,0.0320341576455444,0.0311610763888888,0.0328411685422509,0.032625
MBAR,2681,2022,5,4,-0.601,30.738,1337.653,0.0352017268686408,0.0339736805555555,0.0343990040360696,0.03335
MBAR,2682,2022,5,5,-0.601,30.738,1337.653,0.0349085941397578,0.0339631944444444,0.0341461079593534,0.0347708333333333
MBAR,2683,2022,5,6,-0.601,30.738,1337.653,0.0349957087038464,0.0346604166666666,0.0331616763369308,0.0354041666666666
MBAR,2684,2022,5,7,-0.601,30.738,1337.653,0.0355967537986628,0.0340804513888888,0.0352021264026266,0.0347541666666666
MBAR,2685,2022,5,8,-0.601,30.738,1337.653,0.0344650938068971,0.0333421527777777,0.0334546298070673,0.0352958333333333
MBAR,2686,2022,5,9,-0.601,30.738,1337.653,0.0329153445121437,0.032421875,0.0330396164387934,0.0358916666666666
MBAR,2687,2022,5,10,-0.601,30.738,1337.653,0.0313149808494195,0.0314729166666666,0.0296396954994113,0.0319791666666666
MBAR,2688,2022,5,11,-0.601,30.738,1337.653,0.0294775552878534,0.029958125,0.028291779981011,0.0321541666666666
MBAR,2689,2022,5,12,-0.601,30.738,1337.653,0.0312932140935026,0.0310746527777777,0.0316042428937915,0.0330083333333333
MBAR,2690,2022,5,13,-0.601,30.738,1337.653,0.0313197761099131,0.0309782986111111,0.0347173572060271,0.0318
MBAR,2691,2022,5,14,-0.601,30.738,1337.653,0.0299161550034889,0.0298613541666666,0.0320234723390088,0.0307166666666666
MBAR,2692,2022,5,15,-0.601,30.738,1337.653,0.0310680845558728,0.0305704861111111,0.031210416640406,0.0316458333333333
MBAR,2693,2022,5,16,-0.601,30.738,1337.653,0.0322808274723397,0.0315471875,0.0316330106086429,0.032375
MBAR,2694,2022,5,17,-0.601,30.738,1337.653,0.0345180068893136,0.0329673263888888,0.032461009590038,0.0323166666666666
MBAR,2695,2022,5,18,-0.601,30.738,1337.653,0.0327974439279978,0.0315644444444444,0.0331840080479373,0.0325625
MBAR,2696,2022,5,19,-0.601,30.738,1337.653,0.0293904973463008,0.0281366319444444,0.0305901140294006,0.0293958333333333
MBAR,2697,2022,5,20,-0.601,30.738,1337.653,0.0295532730251627,0.0279118055555555,0.0307964776874869,0.0284833333333333
MBAR,2698,2022,5,21,-0.601,30.738,1337.653,0.0290690125376347,0.0279623958333333,0.0310476578306437,0.0277166666666666
MBAR,2699,2022,5,22,-0.601,30.738,1337.653,0.0316443868810109,0.0305602083333333,0.029587950452437,0.0290458333333333
MBAR,2700,2022,5,23,-0.601,30.738,1337.653,0.0329241153211178,0.0324614236111111,0.0336731780381296,0.0339125
MBAR,2701,2022,5,24,-0.601,30.738,1337.653,0.0333714006795466,0.0312486111111111,0.033916795776453,0.0321916666666666
MBAR,2702,2022,5,25,-0.601,30.738,1337.653,0.0335893258679719,0.0330379861111111,0.034993663713554,0.034675
MBAR,2703,2022,5,26,-0.601,30.738,1337.653,0.0328823705892585,0.0313713194444444,0.031654994138283,0.0333041666666666
MBAR,2704,2022,5,27,-0.601,30.738,1337.653,0.0339749916778719,0.0321260416666666,0.0339459095394123,0.0335583333333333
MBAR,2705,2022,5,28,-0.601,30.738,1337.653,0.0353969969114718,0.0336308680555555,0.0351389631012098,0.0354166666666666
MBAR,2706,2022,5,29,-0.601,30.738,1337.653,0.0356718862132969,0.0341559027777777,0.0361443553894183,0.037025
MBAR,2707,2022,5,30,-0.601,30.738,1337.653,0.0334681174854109,0.0326724305555555,0.0346293175403322,0.0347083333333333
MBAR,2709,2022,6,1,-0.601,30.738,1337.653,0.0316080798047407,0.0295381944444444,0.0308956561287001,0.0311458333333333
MBAR,2710,2022,6,2,-0.601,30.738,1337.653,0.0320136736731396,0.0302244097222222,0.0306638797253133,0.0304583333333333
MBAR,2711,2022,6,3,-0.601,30.738,1337.653,0.0273052797857512,0.0263805555555555,0.026941156257109,0.0273083333333333
MBAR,2712,2022,6,4,-0.601,30.738,1337.653,0.0228701999209828,0.0216044444444444,0.0220415684129928,0.0214708333333333
MBAR,2713,2022,6,5,-0.601,30.738,1337.653,0.0226235940769879,0.0216135763888888,0.0214940699622898,0.0199875
MBAR,2714,2022,6,6,-0.601,30.738,1337.653,0.0218941368187329,0.0210796180555555,0.0212126200049546,0.02175
MBAR,2715,2022,6,7,-0.601,30.738,1337.653,0.0259518953046932,0.0243586458333333,0.0263038465566334,0.0249666666666666
MBAR,2716,2022,6,8,-0.601,30.738,1337.653,0.0320728670563317,0.0310688194444444,0.0337075748070412,0.0321666666666666
MBAR,2717,2022,6,9,-0.601,30.738,1337.653,0.0317547767355777,0.0305253125,0.0322786113730847,0.0318625
MBAR,2718,2022,6,10,-0.601,30.738,1337.653,0.0296334740388098,0.0284244097222222,0.0319024712457453,0.0311
MBAR,2719,2022,6,11,-0.601,30.738,1337.653,0.0285481501221146,0.0273532638888888,0.0269920800671001,0.0278208333333333
MBAR,2720,2022,6,12,-0.601,30.738,1337.653,0.0273721069552976,0.0270472569444444,0.0276472718271455,0.0281916666666666
MBAR,2721,2022,6,13,-0.601,30.738,1337.653,0.0264426166300083,0.0248890972222222,0.0262244255711032,0.0259541666666666
MBAR,2722,2022,6,14,-0.601,30.738,1337.653,0.0272446600417969,0.0256769791666666,0.0271437470238791,0.0240208333333333
MBAR,2723,2022,6,15,-0.601,30.738,1337.653,0.0269578994693289,0.0255721180555555,0.0257060049165387,0.0242666666666666
MBAR,2724,2022,6,16,-0.601,30.738,1337.653,0.0260074619371496,0.0259515972222222,0.0280116886390709,0.0256875
MBAR,2725,2022,6,17,-0.601,30.738,1337.653,0.0260355907824815,0.0245538194444444,0.02753693104374,0.0245125
MBAR,2726,2022,6,18,-0.601,30.738,1337.653,0.0275164129841865,0.0256173263888888,0.0277059465388126,0.024275
MBAR,2727,2022,6,19,-0.601,30.738,1337.653,0.0319313047043739,0.0306468055555555,0.0336104571582622,0.0312791666666666
MBAR,2728,2022,6,20,-0.601,30.738,1337.653,0.029698334396865,0.0287512847222222,0.0316155223562775,0.0293583333333333
MBAR,2729,2022,6,21,-0.601,30.738,1337.653,0.0251146498674303,0.0237294097222222,0.0272943294804015,0.0240708333333333
MBAR,2730,2022,6,22,-0.601,30.738,1337.653,0.0227928240962458,0.0216116319444444,0.0243082254414315,0.0216333333333333
MBAR,2731,2022,6,23,-0.601,30.738,1337.653,0.0247273746477266,0.0234211111111111,0.0254898096249029,0.0236458333333333
MBAR,2732,2022,6,24,-0.601,30.738,1337.653,0.0284673819979705,0.0266995486111111,0.0290957944593065,0.0268958333333333
MBAR,2733,2022,6,25,-0.601,30.738,1337.653,0.0295214690599812,0.0277554861111111,0.0305303006452968,0.0273
MBAR,2734,2022,6,26,-0.601,30.738,1337.653,0.0277184538131872,0.0263057291666666,0.0293617923671393,0.0263874999999999
MBAR,2735,2022,6,27,-0.601,30.738,1337.653,0.0244102620019215,0.0233287847222222,0.0252279549194888,0.0238041666666666
MBAR,2736,2022,6,28,-0.601,30.738,1337.653,0.0240081137193836,0.0223270833333333,0.0231140952809893,0.0222208333333333
MBAR,2737,2022,6,29,-0.601,30.738,1337.653,0.0250826714222881,0.0235407638888888,0.0256958459392494,0.0230041666666666
MBAR,2738,2022,6,30,-0.601,30.738,1337.653,0.0262728052031753,0.0250888194444444,0.0261459588553904,0.0249708333333333
MBAR,2739,2022,7,1,-0.601,30.738,1337.653,0.0244082290215351,0.0231929861111111,0.0241370387211989,0.0222875
MBAR,2740,2022,7,2,-0.601,30.738,1337.653,0.0240312284877304,0.0225817013888888,0.0254832622858324,0.0218958333333333
MBAR,2741,2022,7,3,-0.601,30.738,1337.653,0.0210941672107664,0.0191532291666666,0.0202716334853964,0.0188791666666666
MBAR,2742,2022,7,4,-0.601,30.738,1337.653,0.0181325455261947,0.0171260416666666,0.0185759571754871,0.0168833333333333
MBAR,2743,2022,7,5,-0.601,30.738,1337.653,0.0186749112932664,0.017259375,0.0179747465137349,0.0169875
MBAR,2744,2022,7,6,-0.601,30.738,1337.653,0.0199565740521067,0.0191361805555555,0.0211638691899026,0.0187375
MBAR,2745,2022,7,7,-0.601,30.738,1337.653,0.0206314782751018,0.018816875,0.0220066537288394,0.0190124999999999
MBAR,2746,2022,7,8,-0.601,30.738,1337.653,0.0226232065629265,0.021131875,0.0241230896764452,0.0198958333333333
MBAR,2747,2022,7,9,-0.601,30.738,1337.653,0.025668686073082,0.0241277777777777,0.0260862612051407,0.0239916666666666
MBAR,2748,2022,7,10,-0.601,30.738,1337.653,0.0271435091058334,0.0251909722222222,0.0274737406991646,0.0249958333333333
MBAR,2749,2022,7,11,-0.601,30.738,1337.653,0.0268792283516353,0.0254369791666666,0.0283457640238474,0.0253958333333333
MBAR,2750,2022,7,12,-0.601,30.738,1337.653,0.0262527207966715,0.0247891319444444,0.0242525281199097,0.0242416666666666
MBAR,2751,2022,7,13,-0.601,30.738,1337.653,0.0245391275679023,0.0230815972222222,0.0262101002958918,0.024525
MBAR,2752,2022,7,14,-0.601,30.738,1337.653,0.0222994808202125,0.0198926736111111,0.0245716102902676,0.0210916666666666
MBAR,2753,2022,7,15,-0.601,30.738,1337.653,0.0244607299929622,0.0234067361111111,0.0269492108450334,0.0233041666666666
MBAR,2754,2022,7,16,-0.601,30.738,1337.653,0.0251709279328143,0.0238052430555555,0.0280307942503391,0.0244458333333333
MBAR,2755,2022,7,17,-0.601,30.738,1337.653,0.0249444551427806,0.0232496180555555,0.0263492418402876,0.0246541666666666
MBAR,2756,2022,7,18,-0.601,30.738,1337.653,0.0296657410631464,0.0287182638888888,0.0308096746321174,0.0297416666666666
MBAR,2757,2022,7,19,-0.601,30.738,1337.653,0.030366848437273,0.0288838194444444,0.0317053152706782,0.0301416666666666
MBAR,2758,2022,7,20,-0.601,30.738,1337.653,0.0272400963833473,0.0256738194444444,0.0302423107832196,0.0269416666666666
MBAR,2759,2022,7,21,-0.601,30.738,1337.653,0.0259569721409647,0.0245885763888888,0.0264434619415527,0.0235791666666666
MBAR,2760,2022,7,22,-0.601,30.738,1337.653,0.0259915456285126,0.0242229861111111,0.0270591907705008,0.0248666666666666
MBAR,2761,2022,7,23,-0.601,30.738,1337.653,0.0260052655639908,0.0240852083333333,0.0256890882939507,0.0232374999999999
MBAR,2762,2022,7,24,-0.601,30.738,1337.653,0.0264230915924464,0.0248497916666666,0.0266307698550295,0.0242333333333333
MBAR,2763,2022,7,25,-0.601,30.738,1337.653,0.0270391149086214,0.0255401388888888,0.0280823595395275,0.0248875
MBAR,2764,2022,7,26,-0.601,30.738,1337.653,0.0269562617302078,0.0257912152777777,0.0281582229940661,0.0260666666666666
MBAR,2765,2022,7,27,-0.601,30.738,1337.653,0.0274695472566759,0.0263485069444444,0.0306878051037669,0.0273999999999999
MBAR,2766,2022,7,28,-0.601,30.738,1337.653,0.0299331092239639,0.0284099305555555,0.0324310096173558,0.0295499999999999
MBAR,2767,2022,7,29,-0.601,30.738,1337.653,0.0334940032827018,0.0318900694444444,0.0335629367137949,0.0320541666666666
MBAR,2768,2022,7,30,-0.601,30.738,1337.653,0.0333471054060858,0.0327212152777777,0.033978319232367,0.0342625
MBAR,2770,2022,8,1,-0.601,30.738,1337.653,0.0347648672398261,0.0330737152777777,0.0339273050789503,0.032925
MBAR,2771,2022,8,2,-0.601,30.738,1337.653,0.0339211843233317,0.0323681597222222,0.0334124596930864,0.0334416666666666
MBAR,2772,2022,8,3,-0.601,30.738,1337.653,0.0317731012063722,0.0306376041666666,0.0300289337485526,0.0299583333333333
MBAR,2773,2022,8,4,-0.601,30.738,1337.653,0.0301021697257679,0.0285273958333333,0.029949773206468,0.0280374999999999
MBAR,2774,2022,8,5,-0.601,30.738,1337.653,0.0268756668152593,0.0257030555555555,0.0285061837809788,0.0256291666666666
MBAR,2775,2022,8,6,-0.601,30.738,1337.653,0.0228542958576817,0.0219255555555555,0.0252107711741291,0.0222249999999999
MBAR,2776,2022,8,7,-0.601,30.738,1337.653,0.0203825358963671,0.0200642013888888,0.023262977879034,0.0206833333333333
MBAR,2777,2022,8,8,-0.601,30.738,1337.653,0.0199244357095395,0.0186026388888888,0.0212009229446082,0.0187708333333333
MBAR,2778,2022,8,9,-0.601,30.738,1337.653,0.0222013240717495,0.0198849305555555,0.0231564723681599,0.0197875
MBAR,2779,2022,8,10,-0.601,30.738,1337.653,0.0222724062242828,0.0201596875,0.0254987710589412,0.0215125
MBAR,2780,2022,8,11,-0.601,30.738,1337.653,0.0251813862062709,0.0233237847222222,0.0280220664376831,0.0230291666666666
MBAR,2781,2022,8,12,-0.601,30.738,1337.653,0.0306086326307519,0.028986245614035,0.0336185086631444,0.0292874999999999
MBAR,2782,2022,8,13,-0.601,30.738,1337.653,0.0354374643825192,0.0337809375,0.0363386149295423,0.0346375
MBAR,2783,2022,8,14,-0.601,30.738,1337.653,0.0371574962547708,0.034433125,0.0346841954174162,0.0341208333333333
MBAR,2784,2022,8,15,-0.601,30.738,1337.653,0.035946827294791,0.0351181597222222,0.0372776034470423,0.0365083333333333
MBAR,2786,2022,8,17,-0.601,30.738,1337.653,0.0346077418508482,0.0342144444444444,0.0357937753562558,0.0356083333333333
MBAR,2787,2022,8,18,-0.601,30.738,1337.653,0.0326018938312445,0.0326142361111111,0.0338721082893798,0.0317791666666666
MBAR,2788,2022,8,19,-0.601,30.738,1337.653,0.0300498873798474,0.0278540277777777,0.0285101540905794,0.0277291666666666
MBAR,2789,2022,8,20,-0.601,30.738,1337.653,0.0312975119730857,0.0300959027777777,0.0317095730608002,0.0309541666666666
MBAR,2790,2022,8,21,-0.601,30.738,1337.653,0.0294003134706911,0.0282326041666666,0.0301543085371656,0.0304291666666666
MBAR,2791,2022,8,22,-0.601,30.738,1337.653,0.0264870402479887,0.0252123958333333,0.0291510432055936,0.0277708333333333
MBAR,2792,2022,8,23,-0.601,30.738,1337.653,0.0262524509607918,0.0258538541666666,0.0297271608616747,0.026525
MBAR,2793,2022,8,24,-0.601,30.738,1337.653,0.0270373599419839,0.0264268055555555,0.0309565081966496,0.0257208333333333
MBAR,2794,2022,8,25,-0.601,30.738,1337.653,0.0255698365056139,0.0240604861111111,0.0282154119898363,0.0234666666666666
MBAR,2795,2022,8,26,-0.601,30.738,1337.653,0.028954039312135,0.0273997569444444,0.0297971089100987,0.0267
MBAR,2796,2022,8,27,-0.601,30.738,1337.653,0.0332912308600251,0.0320254513888888,0.0336010727955864,0.032575
MBAR,2797,2022,8,28,-0.601,30.738,1337.653,0.0345501108204094,0.033531875,0.0343775273186137,0.0339375
MBAR,2798,2022,8,29,-0.601,30.738,1337.653,0.0346753903345524,0.0330745486111111,0.0339278065384026,0.0340833333333333
MBAR,2799,2022,8,30,-0.601,30.738,1337.653,0.0329312289727181,0.0319456944444444,0.0342764006961264,0.0341916666666666
