STN,DOY,YEAR,MONTH,DAY,LAT,LON,H,IGS_PWV,NGL_PWV,VMF3_PWV,ERA5_PWV
ULDI,1,2015,1,1,-28.293,31.421,607.9,0.0376846643438875,0.0349746875,0.0379940290637288,0.0371416666666666
ULDI,2,2015,1,2,-28.293,31.421,607.9,0.0344494516104853,0.0314062847222222,0.0336843586534191,0.0343291666666666
ULDI,3,2015,1,3,-28.293,31.421,607.9,0.0321816524639791,0.0309625694444444,0.0334033760629962,0.0322625
ULDI,4,2015,1,4,-28.293,31.421,607.9,0.0333198426043815,0.0317168055555555,0.0319545329764809,0.0344666666666666
ULDI,5,2015,1,5,-28.293,31.421,607.9,0.0394273411226518,0.0365517361111111,0.0363491902260925,0.0390583333333333
ULDI,6,2015,1,6,-28.293,31.421,607.9,0.0424866157790754,0.0409951736111111,0.0423385601365105,0.0432541666666666
ULDI,8,2015,1,8,-28.293,31.421,607.9,0.0426843349176657,0.0386569791666666,0.0387171339523158,0.0403541666666666
ULDI,9,2015,1,9,-28.293,31.421,607.9,0.0401494591414903,0.0382511111111111,0.0400164956179824,0.037825
ULDI,10,2015,1,10,-28.293,31.421,607.9,0.0339498953710384,0.0323868402777777,0.0343402873293033,0.0332625
ULDI,11,2015,1,11,-28.293,31.421,607.9,0.0262456316479316,0.0261955902777777,0.0276802114741349,0.0264291666666666
ULDI,12,2015,1,12,-28.293,31.421,607.9,0.0225519948751938,0.0223258680555555,0.0209538405997978,0.022675
ULDI,13,2015,1,13,-28.293,31.421,607.9,0.0279090790693415,0.0254709027777777,0.0256687139970427,0.0288708333333333
ULDI,14,2015,1,14,-28.293,31.421,607.9,0.0380282076951306,0.0372120833333333,0.0401170477589331,0.0374333333333333
ULDI,15,2015,1,15,-28.293,31.421,607.9,0.0412361688285187,0.0390495486111111,0.0399312273638417,0.0407833333333333
ULDI,16,2015,1,16,-28.293,31.421,607.9,0.0384757529902274,0.037505,0.0387149997818387,0.0407416666666666
ULDI,17,2015,1,17,-28.293,31.421,607.9,0.0253916101645097,0.0211269791666666,0.0237874760211339,0.0235208333333333
ULDI,18,2015,1,18,-28.293,31.421,607.9,0.0288800937926768,0.0256297222222222,0.0260420136990118,0.0268666666666666
ULDI,19,2015,1,19,-28.293,31.421,607.9,0.0300916117363197,0.0244113888888888,0.0260020178279599,0.0261499999999999
ULDI,20,2015,1,20,-28.293,31.421,607.9,0.0310397246922577,0.0276847916666666,0.0283872828484152,0.0292833333333333
ULDI,21,2015,1,21,-28.293,31.421,607.9,0.0361089675749203,0.0322628124999999,0.0323911890065813,0.0330791666666666
ULDI,22,2015,1,22,-28.293,31.421,607.9,0.0308013292469251,0.0295567013888888,0.0343914685501978,0.0322291666666666
ULDI,23,2015,1,23,-28.293,31.421,607.9,0.0214299837376785,0.0189481597222222,0.0206271808833309,0.0199958333333333
ULDI,24,2015,1,24,-28.293,31.421,607.9,0.0199959417149781,0.0169504513888888,0.0181571768500075,0.0191166666666666
ULDI,25,2015,1,25,-28.293,31.421,607.9,0.0229808925011875,0.0231692361111111,0.0218189858131662,0.0237708333333333
ULDI,27,2015,1,27,-28.293,31.421,607.9,0.0481927598644011,0.0460716666666666,0.0447409727745261,0.0451833333333333
ULDI,28,2015,1,28,-28.293,31.421,607.9,0.0462278716227853,0.0435782986111111,0.0464039891549255,0.0442958333333333
ULDI,29,2015,1,29,-28.293,31.421,607.9,0.0401090007201485,0.0383926041666666,0.0410640914969943,0.0393583333333333
ULDI,30,2015,1,30,-28.293,31.421,607.9,0.0302532859767762,0.0278385763888888,0.0297436139172922,0.0299958333333333
ULDI,32,2015,2,1,-28.293,31.421,607.9,0.0395098121777027,0.0352842361111111,0.0384376229676032,0.0370333333333333
ULDI,33,2015,2,2,-28.293,31.421,607.9,0.0334527802937392,0.0313145138888888,0.0324593548595103,0.0305875
ULDI,34,2015,2,3,-28.293,31.421,607.9,0.0287719125706478,0.0259716319444444,0.0282292980875142,0.0289416666666666
ULDI,35,2015,2,4,-28.293,31.421,607.9,0.0317715464268231,0.0306004513888888,0.0289262863513472,0.0314
ULDI,36,2015,2,5,-28.293,31.421,607.9,0.0350736685621626,0.0322237152777777,0.0331680787316316,0.0362166666666666
ULDI,37,2015,2,6,-28.293,31.421,607.9,0.034657243129247,0.0320993402777777,0.0336347413286431,0.0339875
ULDI,38,2015,2,7,-28.293,31.421,607.9,0.0353379199429797,0.0321055902777777,0.0330700718197186,0.033825
ULDI,39,2015,2,8,-28.293,31.421,607.9,0.0285721833023622,0.0262767361111111,0.0265142838300802,0.0269291666666666
ULDI,40,2015,2,9,-28.293,31.421,607.9,0.0240194178627774,0.0217753472222222,0.0231440014730681,0.0258958333333333
ULDI,41,2015,2,10,-28.293,31.421,607.9,0.0249355889479036,0.0215824652777777,0.0211245261674306,0.02605
ULDI,42,2015,2,11,-28.293,31.421,607.9,0.0271103048469762,0.0271560416666666,0.0275287444448046,0.0302541666666666
ULDI,43,2015,2,12,-28.293,31.421,607.9,0.0235440095228777,0.0218477083333333,0.0249242505645114,0.0228666666666666
ULDI,44,2015,2,13,-28.293,31.421,607.9,0.0313518801303687,0.0275083680555555,0.0260931119766543,0.0280791666666666
ULDI,45,2015,2,14,-28.293,31.421,607.9,0.0401127355515592,0.0380683680555555,0.0401986184045525,0.0415166666666666
ULDI,46,2015,2,15,-28.293,31.421,607.9,0.030124392350318,0.0284601041666666,0.0303997801749079,0.0283375
ULDI,47,2015,2,16,-28.293,31.421,607.9,0.0247498591167919,0.0215806597222222,0.0220102414776268,0.0227083333333333
ULDI,48,2015,2,17,-28.293,31.421,607.9,0.0225253048394464,0.0194945138888888,0.0210620188473074,0.0216583333333333
ULDI,49,2015,2,18,-28.293,31.421,607.9,0.0285706741289541,0.0264607291666666,0.0268320800530315,0.0287375
ULDI,50,2015,2,19,-28.293,31.421,607.9,0.0280902504278541,0.0246469791666666,0.0231912189479388,0.0246166666666666
ULDI,51,2015,2,20,-28.293,31.421,607.9,0.0305141656786167,0.0278904861111111,0.0293056565803655,0.0281375
ULDI,52,2015,2,21,-28.293,31.421,607.9,0.0363369755766649,0.0342688194444444,0.0330265497833702,0.0352916666666666
ULDI,53,2015,2,22,-28.293,31.421,607.9,0.0308067905636939,0.0261633680555555,0.0292758147566438,0.0278458333333333
ULDI,54,2015,2,23,-28.293,31.421,607.9,0.0264650062753426,0.0229527083333333,0.0238461433322352,0.0248916666666666
ULDI,55,2015,2,24,-28.293,31.421,607.9,0.034939797115877,0.033666875,0.0350112982107332,0.0353125
ULDI,56,2015,2,25,-28.293,31.421,607.9,0.0385614833647669,0.0362857986111111,0.0375190297742012,0.0368708333333333
ULDI,57,2015,2,26,-28.293,31.421,607.9,0.0358620919408238,0.0308406597222222,0.0313037463602011,0.0310041666666666
ULDI,58,2015,2,27,-28.293,31.421,607.9,0.0367745717299913,0.0362493055555555,0.0362442955832321,0.0359583333333333
ULDI,59,2015,2,28,-28.293,31.421,607.9,0.0398770571863837,0.0378611111111111,0.0394764764381354,0.0384
ULDI,60,2015,3,1,-28.293,31.421,607.9,0.0389355804652981,0.0369850638297872,0.0366657237298565,0.0360625
ULDI,61,2015,3,2,-28.293,31.421,607.9,0.0201709585967153,0.0195005020920502,0.023517259915284,0.0214416666666666
ULDI,62,2015,3,3,-28.293,31.421,607.9,0.0138845147555582,0.0119295138888888,0.0137081268149297,0.0134166666666666
ULDI,63,2015,3,4,-28.293,31.421,607.9,0.0158398597532855,0.0133810763888888,0.0140790592429544,0.0163791666666666
ULDI,64,2015,3,5,-28.293,31.421,607.9,0.0291255677280124,0.0261815972222222,0.0271307979189324,0.0294708333333333
ULDI,65,2015,3,6,-28.293,31.421,607.9,0.0350579859131153,0.0326181597222222,0.0321962013496585,0.0319208333333333
ULDI,66,2015,3,7,-28.293,31.421,607.9,0.0371470952164963,0.0370578472222222,0.0372842569503017,0.0374833333333333
ULDI,67,2015,3,8,-28.293,31.421,607.9,0.0320733282266817,0.0288908333333333,0.0307634850217576,0.0297583333333333
ULDI,68,2015,3,9,-28.293,31.421,607.9,0.026133033886237,0.0232083680555555,0.0233728406987836,0.0231458333333333
ULDI,69,2015,3,10,-28.293,31.421,607.9,0.0257767600352214,0.0224096527777777,0.0232376605902986,0.0243958333333333
ULDI,70,2015,3,11,-28.293,31.421,607.9,0.0339461359966047,0.0328695486111111,0.0315720333768342,0.0338625
ULDI,71,2015,3,12,-28.293,31.421,607.9,0.0344573401077541,0.0335143402777777,0.0341671231564623,0.0340125
ULDI,72,2015,3,13,-28.293,31.421,607.9,0.0332074822840689,0.0304646180555555,0.0313059861812525,0.0331958333333333
ULDI,73,2015,3,14,-28.293,31.421,607.9,0.0343220954386231,0.0329729166666666,0.0347829496381684,0.0339625
ULDI,74,2015,3,15,-28.293,31.421,607.9,0.0340235848211225,0.0291952430555555,0.031421869092003,0.0309291666666666
ULDI,75,2015,3,16,-28.293,31.421,607.9,0.0381734825964257,0.0341138541666666,0.0322713269327768,0.034425
ULDI,76,2015,3,17,-28.293,31.421,607.9,0.0345709912561581,0.0323857291666666,0.0350065548606169,0.0336458333333333
ULDI,77,2015,3,18,-28.293,31.421,607.9,0.0317755738069339,0.0291705208333333,0.030089791214231,0.0312166666666666
ULDI,78,2015,3,19,-28.293,31.421,607.9,0.0313933025703464,0.0299909375,0.0335853892542779,0.0324083333333333
ULDI,79,2015,3,20,-28.293,31.421,607.9,0.0286384103218834,0.0271509722222222,0.0286091708282465,0.0275333333333333
ULDI,80,2015,3,21,-28.293,31.421,607.9,0.0330357159496389,0.0295128125,0.0299221560007818,0.031075
ULDI,81,2015,3,22,-28.293,31.421,607.9,0.0426295437305762,0.0399226388888888,0.0424282150606029,0.0419333333333333
ULDI,82,2015,3,23,-28.293,31.421,607.9,0.0434946813424504,0.0427025347222222,0.0436332364894787,0.0441208333333333
ULDI,84,2015,3,25,-28.293,31.421,607.9,0.0388770624767866,0.0376255208333333,0.0374384328979057,0.038425
ULDI,85,2015,3,26,-28.293,31.421,607.9,0.0347357964927617,0.0341717013888888,0.0353531615033284,0.0353916666666666
ULDI,86,2015,3,27,-28.293,31.421,607.9,0.0296440961821548,0.0272304166666666,0.0289519043766261,0.0293875
ULDI,87,2015,3,28,-28.293,31.421,607.9,0.0301562514002963,0.0281106944444444,0.0285823709581851,0.0289083333333333
ULDI,88,2015,3,29,-28.293,31.421,607.9,0.0272303921272835,0.0238152430555555,0.0247905542255305,0.0257249999999999
ULDI,89,2015,3,30,-28.293,31.421,607.9,0.0306823892878472,0.028329375,0.029111268717107,0.0312791666666666
ULDI,91,2015,4,1,-28.293,31.421,607.9,0.0196432748486522,0.0177918055555555,0.0192023507489917,0.0197833333333333
ULDI,92,2015,4,2,-28.293,31.421,607.9,0.0222726269123022,0.0204502430555555,0.0226017585019252,0.0217291666666666
ULDI,93,2015,4,3,-28.293,31.421,607.9,0.0278599486500724,0.0265675,0.028112451448225,0.026025
ULDI,94,2015,4,4,-28.293,31.421,607.9,0.0361131533947711,0.0352133680555555,0.0351073681319424,0.0356416666666666
ULDI,95,2015,4,5,-28.293,31.421,607.9,0.0316970259418988,0.0309603472222222,0.0314262882581887,0.0307041666666666
ULDI,96,2015,4,6,-28.293,31.421,607.9,0.0243095293532189,0.0219495486111111,0.0221864708862595,0.0224958333333333
ULDI,97,2015,4,7,-28.293,31.421,607.9,0.0279596367075593,0.0248645833333333,0.023454909272173,0.0251625
ULDI,98,2015,4,8,-28.293,31.421,607.9,0.0311861521865852,0.0291124652777777,0.03008226017387,0.0292166666666666
ULDI,99,2015,4,9,-28.293,31.421,607.9,0.0252702666774347,0.0237413541666666,0.024846701033351,0.0247416666666666
ULDI,100,2015,4,10,-28.293,31.421,607.9,0.0228887464274273,0.0211305208333333,0.0223848385644882,0.021575
ULDI,101,2015,4,11,-28.293,31.421,607.9,0.0236749796392457,0.0219278472222222,0.0216726750916265,0.0228583333333333
ULDI,102,2015,4,12,-28.293,31.421,607.9,0.0195126662711549,0.0181157638888888,0.0179980141167808,0.0189958333333333
ULDI,103,2015,4,13,-28.293,31.421,607.9,0.0155232090971444,0.0143303472222222,0.0154654997544674,0.0146541666666666
ULDI,104,2015,4,14,-28.293,31.421,607.9,0.0200729750997602,0.0168410416666666,0.0155519662796773,0.0167666666666666
ULDI,105,2015,4,15,-28.293,31.421,607.9,0.0256556062890837,0.0225839930555555,0.0236109165389984,0.0230791666666666
ULDI,106,2015,4,16,-28.293,31.421,607.9,0.0260279627076394,0.0239765625,0.0241618037417086,0.0251208333333333
ULDI,107,2015,4,17,-28.293,31.421,607.9,0.0245513323615799,0.0233277777777777,0.0239915662961012,0.0226791666666666
ULDI,108,2015,4,18,-28.293,31.421,607.9,0.0248119524049654,0.0227047916666666,0.0223939270365741,0.0230958333333333
ULDI,109,2015,4,19,-28.293,31.421,607.9,0.0270218164625714,0.0258576736111111,0.027292317710314,0.0261541666666666
ULDI,110,2015,4,20,-28.293,31.421,607.9,0.0231240050347021,0.0212967708333333,0.0192779864387277,0.0220666666666666
ULDI,111,2015,4,21,-28.293,31.421,607.9,0.0256529196709666,0.0246565972222222,0.025121883582322,0.026725
ULDI,112,2015,4,22,-28.293,31.421,607.9,0.0260906382520151,0.0237646527777777,0.025463802512007,0.0265541666666666
ULDI,113,2015,4,23,-28.293,31.421,607.9,0.0260056578806517,0.0254393402777777,0.0280374218004311,0.028225
ULDI,114,2015,4,24,-28.293,31.421,607.9,0.0277903537433339,0.0239068402777777,0.0246349139281786,0.0247875
ULDI,115,2015,4,25,-28.293,31.421,607.9,0.0267020546879611,0.0242928472222222,0.0255537914186384,0.0266083333333333
ULDI,116,2015,4,26,-28.293,31.421,607.9,0.025580845874738,0.0220339236111111,0.022083056803817,0.0238083333333333
ULDI,117,2015,4,27,-28.293,31.421,607.9,0.0293881931339843,0.027601875,0.0273691559943199,0.0280083333333333
ULDI,118,2015,4,28,-28.293,31.421,607.9,0.0249263715301851,0.0220609722222222,0.0232080413281085,0.02415
ULDI,119,2015,4,29,-28.293,31.421,607.9,0.0223019446870094,0.0204340972222222,0.0229768625891753,0.0239
ULDI,120,2015,4,30,-28.293,31.421,607.9,0.0228135583294686,0.0212517361111111,0.0225732148158019,0.0219416666666666
ULDI,121,2015,5,1,-28.293,31.421,607.9,0.0155817409887591,0.0136996180555555,0.0148138876704867,0.0151375
ULDI,122,2015,5,2,-28.293,31.421,607.9,0.0117835996845962,0.0085651041666666,0.0106886680034885,0.010575
ULDI,123,2015,5,3,-28.293,31.421,607.9,0.0165098955390989,0.0166372569444444,0.0184735331285798,0.0184083333333333
ULDI,124,2015,5,4,-28.293,31.421,607.9,0.0194932975015219,0.0180753125,0.0181729909870017,0.0208916666666666
ULDI,125,2015,5,5,-28.293,31.421,607.9,0.0195928271564285,0.0133467708333333,0.0149439276956489,0.0161125
ULDI,126,2015,5,6,-28.293,31.421,607.9,0.0194538548350965,0.0184830208333333,0.0205957921802011,0.0209374999999999
ULDI,128,2015,5,8,-28.293,31.421,607.9,0.019701246329515,0.0182417013888888,0.0187180848190969,0.0189333333333333
ULDI,129,2015,5,9,-28.293,31.421,607.9,0.0150445051925278,0.0118841666666666,0.0141507363159427,0.0141999999999999
ULDI,130,2015,5,10,-28.293,31.421,607.9,0.0209711246965525,0.0203625,0.0208348751246858,0.0210999999999999
ULDI,131,2015,5,11,-28.293,31.421,607.9,0.0273902269112672,0.0260596180555555,0.0268129118625288,0.0259291666666666
ULDI,132,2015,5,12,-28.293,31.421,607.9,0.023649307762868,0.0227927777777777,0.0238180416366671,0.0242666666666666
ULDI,133,2015,5,13,-28.293,31.421,607.9,0.0185784884456861,0.0159244791666666,0.0166466444983032,0.0175708333333333
ULDI,134,2015,5,14,-28.293,31.421,607.9,0.016246187466825,0.0126398263888888,0.0130239349428197,0.0136
ULDI,135,2015,5,15,-28.293,31.421,607.9,0.015010641790292,0.0138144791666666,0.0157136941995018,0.0157666666666666
ULDI,136,2015,5,16,-28.293,31.421,607.9,0.0173931253826021,0.0159271875,0.0154307144962431,0.0177125
ULDI,137,2015,5,17,-28.293,31.421,607.9,0.0253379722088601,0.0256094444444444,0.0261577424999891,0.0262208333333333
ULDI,138,2015,5,18,-28.293,31.421,607.9,0.0182046554896857,0.0150460763888888,0.0175363531945682,0.0179666666666666
ULDI,139,2015,5,19,-28.293,31.421,607.9,0.0135919809685924,0.0110714930555555,0.013545172865262,0.0139541666666666
ULDI,140,2015,5,20,-28.293,31.421,607.9,0.0147794056783094,0.0146314930555555,0.0165280592930745,0.0170125
ULDI,141,2015,5,21,-28.293,31.421,607.9,0.0151224143843072,0.0126223611111111,0.0141740898406896,0.0159333333333333
ULDI,142,2015,5,22,-28.293,31.421,607.9,0.0189740729020965,0.0193243402777777,0.0212020061919584,0.0219166666666666
ULDI,143,2015,5,23,-28.293,31.421,607.9,0.0151039240098398,0.0131863541666666,0.0153820073562644,0.0138416666666666
ULDI,144,2015,5,24,-28.293,31.421,607.9,0.0138677488720397,0.0121985069444444,0.012856730972359,0.0134708333333333
ULDI,145,2015,5,25,-28.293,31.421,607.9,0.0135555235503924,0.0105671874999999,0.0119108484701695,0.0115875
ULDI,146,2015,5,26,-28.293,31.421,607.9,0.0141883741237258,0.0141666319444444,0.0157686609810143,0.01615
ULDI,147,2015,5,27,-28.293,31.421,607.9,0.01537726419096,0.01518875,0.0152327710986222,0.0164958333333333
ULDI,148,2015,5,28,-28.293,31.421,607.9,0.0172669427455709,0.0133616319444444,0.0146746348947609,0.0159166666666666
ULDI,149,2015,5,29,-28.293,31.421,607.9,0.0140636584101602,0.0127619097222222,0.0142242274225986,0.01505
ULDI,150,2015,5,30,-28.293,31.421,607.9,0.0112399103598692,0.0087295486111111,0.0102661106515642,0.0103208333333333
ULDI,152,2015,6,1,-28.293,31.421,607.9,0.0211494176308954,0.0189779166666666,0.0197510712469377,0.0205291666666666
ULDI,153,2015,6,2,-28.293,31.421,607.9,0.0210406500648883,0.0195531597222222,0.0201576388029823,0.0185666666666666
ULDI,154,2015,6,3,-28.293,31.421,607.9,0.0201774700893317,0.0203030208333333,0.019943241793936,0.0210958333333333
ULDI,155,2015,6,4,-28.293,31.421,607.9,0.012398857321034,0.0100520833333333,0.0131229746901134,0.0118124999999999
ULDI,156,2015,6,5,-28.293,31.421,607.9,0.0096641829919534,0.0088231597222222,0.0097348812197293,0.00955
ULDI,157,2015,6,6,-28.293,31.421,607.9,0.0142324877641101,0.0116458680555555,0.0129523923193299,0.0135333333333333
ULDI,158,2015,6,7,-28.293,31.421,607.9,0.0140125433573249,0.0116234027777777,0.0138851116391644,0.0133833333333333
ULDI,159,2015,6,8,-28.293,31.421,607.9,0.0110943988506856,0.0087991666666666,0.0090188796748698,0.0096
ULDI,160,2015,6,9,-28.293,31.421,607.9,0.0144959502541203,0.0126002430555555,0.0116602241292715,0.0131375
ULDI,161,2015,6,10,-28.293,31.421,607.9,0.0154607092245326,0.0137686458333333,0.0138108739489989,0.0134833333333333
ULDI,162,2015,6,11,-28.293,31.421,607.9,0.0178759602405746,0.0144935416666666,0.014842579445408,0.0166208333333333
ULDI,163,2015,6,12,-28.293,31.421,607.9,0.0173626741156646,0.0163668402777777,0.0185807014763609,0.0176708333333333
ULDI,164,2015,6,13,-28.293,31.421,607.9,0.009655953444072,0.0080469097222222,0.0112808358573357,0.0103541666666666
ULDI,165,2015,6,14,-28.293,31.421,607.9,0.0060374520238416,0.0051352430555555,0.0065309025720945,0.0066416666666666
ULDI,166,2015,6,15,-28.293,31.421,607.9,0.004760873212567,0.0032156597222222,0.0052083681313295,0.0047791666666666
ULDI,167,2015,6,16,-28.293,31.421,607.9,0.0059047528780726,0.0039305208333333,0.0054853969210227,0.0054166666666666
ULDI,168,2015,6,17,-28.293,31.421,607.9,0.0101593776277663,0.0078451041666666,0.0085013948686203,0.0086208333333333
ULDI,169,2015,6,18,-28.293,31.421,607.9,0.0129639148404532,0.0128713541666666,0.0134549427047491,0.0132875
ULDI,170,2015,6,19,-28.293,31.421,607.9,0.0127715816038345,0.0116573263888888,0.0132092521394901,0.0141583333333333
ULDI,171,2015,6,20,-28.293,31.421,607.9,0.0138023619696051,0.0132748611111111,0.0150701689285904,0.0142166666666666
ULDI,172,2015,6,21,-28.293,31.421,607.9,0.0101372147999085,0.0074179861111111,0.0095716394076447,0.0090958333333333
ULDI,173,2015,6,22,-28.293,31.421,607.9,0.0105709346903607,0.0081163194444444,0.0091909755162243,0.0096916666666666
ULDI,174,2015,6,23,-28.293,31.421,607.9,0.0096589975670748,0.0070986111111111,0.0084571597459946,0.0091666666666666
ULDI,176,2015,6,25,-28.293,31.421,607.9,0.0193855757150044,0.0138978472222222,0.013528832591445,0.0147208333333333
ULDI,177,2015,6,26,-28.293,31.421,607.9,0.0180401186067238,0.0168363888888888,0.018320012678029,0.0173375
ULDI,178,2015,6,27,-28.293,31.421,607.9,0.0189517389145197,0.0194101736111111,0.020455215554336,0.0203125
ULDI,179,2015,6,28,-28.293,31.421,607.9,0.0148750370098825,0.0121519791666666,0.0132242308280332,0.0136125
ULDI,180,2015,6,29,-28.293,31.421,607.9,0.0152064943249023,0.0126766666666666,0.014088251269614,0.0145624999999999
ULDI,181,2015,6,30,-28.293,31.421,607.9,0.0182551036320361,0.0164626736111111,0.0174345944109926,0.0166791666666666
ULDI,182,2015,7,1,-28.293,31.421,607.9,0.0156542198352116,0.0114884722222222,0.0134510578632587,0.0131625
ULDI,183,2015,7,2,-28.293,31.421,607.9,0.0120181651950619,0.0105964930555555,0.0130379947458764,0.0127416666666666
ULDI,184,2015,7,3,-28.293,31.421,607.9,0.0090943854623523,0.0071649652777777,0.0108032732378518,0.010825
ULDI,185,2015,7,4,-28.293,31.421,607.9,0.0112733820072385,0.0089778819444444,0.0117158804292957,0.0116958333333333
ULDI,186,2015,7,5,-28.293,31.421,607.9,0.0127947373125422,0.0098567708333333,0.0122199628239814,0.0125416666666666
ULDI,187,2015,7,6,-28.293,31.421,607.9,0.0198049924875222,0.0186830902777777,0.0186748028150029,0.0197208333333333
ULDI,188,2015,7,7,-28.293,31.421,607.9,0.0216384798525804,0.0204825,0.0230423931152067,0.0223791666666666
ULDI,189,2015,7,8,-28.293,31.421,607.9,0.0170067011786771,0.0126429166666666,0.0137333146208355,0.0139625
ULDI,190,2015,7,9,-28.293,31.421,607.9,0.0201826219814785,0.018375,0.0194418066805888,0.019775
ULDI,191,2015,7,10,-28.293,31.421,607.9,0.0212778029148154,0.0192981597222222,0.0220257806551094,0.0212458333333333
ULDI,192,2015,7,11,-28.293,31.421,607.9,0.0151489441059493,0.01264375,0.0150821293066086,0.0144
ULDI,193,2015,7,12,-28.293,31.421,607.9,0.0161917383258455,0.0116630208333333,0.0117498341869488,0.0127999999999999
ULDI,194,2015,7,13,-28.293,31.421,607.9,0.0234966290266382,0.0221970138888888,0.0226961097657593,0.0223708333333333
ULDI,195,2015,7,14,-28.293,31.421,607.9,0.0237264914115108,0.0225084375,0.0225999144570782,0.0221375
ULDI,196,2015,7,15,-28.293,31.421,607.9,0.0188791860623179,0.0171479861111111,0.018194010737811,0.0177083333333333
ULDI,197,2015,7,16,-28.293,31.421,607.9,0.0145139598258624,0.0108755208333333,0.013528289378791,0.0133416666666666
ULDI,208,2015,7,27,-28.293,31.421,607.9,0.0104270198236749,0.0100568823529411,0.0108572203674037,0.0114833333333333
ULDI,209,2015,7,28,-28.293,31.421,607.9,0.0078423365005132,0.0065736458333333,0.007992280628756,0.0078791666666666
ULDI,210,2015,7,29,-28.293,31.421,607.9,0.0105034315930761,0.0094422222222222,0.0101936223096679,0.0112166666666666
ULDI,211,2015,7,30,-28.293,31.421,607.9,0.0125135392081176,0.0107689583333333,0.0110257313897437,0.0124583333333333
ULDI,213,2015,8,1,-28.293,31.421,607.9,0.0089993282885406,0.0073242361111111,0.009705057802823,0.0097583333333333
ULDI,214,2015,8,2,-28.293,31.421,607.9,0.0079316335580099,0.0065264930555555,0.0090523218419417,0.00845
ULDI,215,2015,8,3,-28.293,31.421,607.9,0.0048568736026552,0.0028710763888888,0.0058745565172976,0.0055958333333333
ULDI,216,2015,8,4,-28.293,31.421,607.9,0.0051205226738975,0.0022677430555555,0.0046969522226202,0.00485
ULDI,217,2015,8,5,-28.293,31.421,607.9,0.0102416271488951,0.0091104166666666,0.0098320401916371,0.0113083333333333
ULDI,218,2015,8,6,-28.293,31.421,607.9,0.0106464229113394,0.0088834375,0.0101276891923338,0.0106041666666666
ULDI,219,2015,8,7,-28.293,31.421,607.9,0.0097908276899403,0.0079990277777777,0.0104406492024219,0.0110541666666666
ULDI,220,2015,8,8,-28.293,31.421,607.9,0.0069941508361888,0.0051996874999999,0.0071019561128066,0.0072791666666666
ULDI,221,2015,8,9,-28.293,31.421,607.9,0.0120698360480815,0.0088917361111111,0.0087634679732644,0.0093916666666666
ULDI,222,2015,8,10,-28.293,31.421,607.9,0.0210547046050055,0.0188533680555555,0.018325880325226,0.0184291666666666
ULDI,223,2015,8,11,-28.293,31.421,607.9,0.020915178201424,0.0182940972222222,0.0195077556309998,0.0191125
ULDI,224,2015,8,12,-28.293,31.421,607.9,0.0176528044249264,0.0158247916666666,0.0159977372753883,0.016725
ULDI,225,2015,8,13,-28.293,31.421,607.9,0.0139425314978845,0.0094392013888888,0.0123876084375342,0.0115458333333333
ULDI,227,2015,8,15,-28.293,31.421,607.9,0.0134758442399137,0.0126590277777777,0.0134003337198045,0.0144166666666666
ULDI,228,2015,8,16,-28.293,31.421,607.9,0.0140066988300758,0.0129585069444444,0.0124808333998893,0.0135916666666666
ULDI,229,2015,8,17,-28.293,31.421,607.9,0.0157286629606612,0.0133447916666666,0.0146328370249925,0.0151166666666666
ULDI,230,2015,8,18,-28.293,31.421,607.9,0.0129985532986409,0.0115633333333333,0.0150898154555207,0.0160041666666666
ULDI,231,2015,8,19,-28.293,31.421,607.9,0.0173711412886142,0.0176207986111111,0.0177297861869283,0.0203625
ULDI,232,2015,8,20,-28.293,31.421,607.9,0.024355271923243,0.0234411458333333,0.0250166879492572,0.0254083333333333
ULDI,233,2015,8,21,-28.293,31.421,607.9,0.0263770465213617,0.0234762847222222,0.0240651473651627,0.0247708333333333
ULDI,234,2015,8,22,-28.293,31.421,607.9,0.0251998481333787,0.0225803819444444,0.0230979491370254,0.0225833333333333
ULDI,235,2015,8,23,-28.293,31.421,607.9,0.0255325558151586,0.0240280208333333,0.0259924598196861,0.0267291666666666
ULDI,236,2015,8,24,-28.293,31.421,607.9,0.0201900558053008,0.0189078472222222,0.0221033722822698,0.0224791666666666
ULDI,237,2015,8,25,-28.293,31.421,607.9,0.0173518882087667,0.0159192013888888,0.018893647630592,0.019925
ULDI,238,2015,8,26,-28.293,31.421,607.9,0.0192803005877442,0.0176414236111111,0.0208052297781805,0.0208125
ULDI,239,2015,8,27,-28.293,31.421,607.9,0.0224281673805822,0.0208649305555555,0.0242579014866686,0.0237625
ULDI,240,2015,8,28,-28.293,31.421,607.9,0.0218514980135502,0.0204119791666666,0.0246616396047434,0.0238416666666666
ULDI,241,2015,8,29,-28.293,31.421,607.9,0.0242517094639934,0.0224257986111111,0.0222300745717896,0.0238
ULDI,242,2015,8,30,-28.293,31.421,607.9,0.0278148986891212,0.0257354861111111,0.0263645282383176,0.0270125
ULDI,244,2015,9,1,-28.293,31.421,607.9,0.0245906310911075,0.0239279166666666,0.023228618495016,0.0239583333333333
ULDI,245,2015,9,2,-28.293,31.421,607.9,0.0233215706261568,0.0205684374999999,0.0216333221958606,0.0205791666666666
ULDI,246,2015,9,3,-28.293,31.421,607.9,0.0161236978426149,0.0137117013888888,0.0161261352947556,0.0148291666666666
ULDI,247,2015,9,4,-28.293,31.421,607.9,0.0212198246300518,0.020309375,0.019444178983211,0.0202041666666666
ULDI,248,2015,9,5,-28.293,31.421,607.9,0.0249766583858376,0.0239644444444444,0.0248302558987054,0.0232333333333333
ULDI,249,2015,9,6,-28.293,31.421,607.9,0.0222011412729207,0.0202642708333333,0.0220376797457122,0.0210875
ULDI,250,2015,9,7,-28.293,31.421,607.9,0.0180691419788634,0.0149478472222222,0.0165105545535055,0.0168625
ULDI,251,2015,9,8,-28.293,31.421,607.9,0.0243606381085481,0.0247977777777777,0.02370614038311,0.024825
ULDI,252,2015,9,9,-28.293,31.421,607.9,0.0262608754039994,0.0251053819444444,0.026649547831649,0.0263375
ULDI,253,2015,9,10,-28.293,31.421,607.9,0.0206351146204704,0.0181829166666666,0.018472363154327,0.0191333333333333
ULDI,254,2015,9,11,-28.293,31.421,607.9,0.0222041130252525,0.0209673263888888,0.0241658050988781,0.0234416666666666
ULDI,255,2015,9,12,-28.293,31.421,607.9,0.0238373432861288,0.0209081944444444,0.0234116324337311,0.0233749999999999
ULDI,256,2015,9,13,-28.293,31.421,607.9,0.0194799051739037,0.0168735416666666,0.0188244134260947,0.0180083333333333
ULDI,257,2015,9,14,-28.293,31.421,607.9,0.0106867295316461,0.0087919097222222,0.0111532728824737,0.0102791666666666
ULDI,258,2015,9,15,-28.293,31.421,607.9,0.017731138296441,0.0136917361111111,0.0149301508281549,0.0178708333333333
ULDI,259,2015,9,16,-28.293,31.421,607.9,0.0295896439533826,0.0275397569444444,0.0269959973366048,0.0282916666666666
ULDI,260,2015,9,17,-28.293,31.421,607.9,0.0286030100364642,0.0258877777777777,0.0278743727262502,0.0269041666666666
ULDI,261,2015,9,18,-28.293,31.421,607.9,0.0240758897062036,0.0223382986111111,0.0223237835958195,0.0223916666666666
ULDI,262,2015,9,19,-28.293,31.421,607.9,0.0256402837333426,0.0231879513888888,0.0223557097885569,0.0228125
ULDI,263,2015,9,20,-28.293,31.421,607.9,0.0289235898522218,0.0270011805555555,0.0280209365984224,0.0272375
ULDI,264,2015,9,21,-28.293,31.421,607.9,0.0263557897819939,0.0244851388888888,0.0270150754191642,0.0272333333333333
ULDI,265,2015,9,22,-28.293,31.421,607.9,0.0285871969619258,0.0256702430555555,0.0261470087126616,0.0270333333333333
ULDI,266,2015,9,23,-28.293,31.421,607.9,0.0261384293665164,0.0257241319444444,0.0272797080370809,0.027725
ULDI,267,2015,9,24,-28.293,31.421,607.9,0.0220808651885913,0.0199458333333333,0.0221565629278996,0.0242458333333333
ULDI,268,2015,9,25,-28.293,31.421,607.9,0.0153830034179303,0.0147365972222222,0.017591691884848,0.0172791666666666
ULDI,269,2015,9,26,-28.293,31.421,607.9,0.0127154937807689,0.0124696527777777,0.0125988721929148,0.0123708333333333
ULDI,270,2015,9,27,-28.293,31.421,607.9,0.0147615068304127,0.0120359027777777,0.0114429070244502,0.0131625
ULDI,271,2015,9,28,-28.293,31.421,607.9,0.0226234153526436,0.0216516730038022,0.0201687861025989,0.0226541666666666
ULDI,272,2015,9,29,-28.293,31.421,607.9,0.0214189548503623,0.0193733976833976,0.0205124116506415,0.0208499999999999
ULDI,273,2015,9,30,-28.293,31.421,607.9,0.0230814193073235,0.0219692173913043,0.0217987321404051,0.0226375
ULDI,274,2015,10,1,-28.293,31.421,607.9,0.029010539073981,0.0298117708333333,0.0308666600914818,0.0294916666666666
ULDI,275,2015,10,2,-28.293,31.421,607.9,0.0191879005686259,0.0184235094339622,0.0195655798306684,0.0197791666666666
ULDI,277,2015,10,4,-28.293,31.421,607.9,0.0229191202366653,0.0206068592057761,0.0199669397733477,0.0215708333333333
ULDI,278,2015,10,5,-28.293,31.421,607.9,0.0251620964350762,0.0262403879310344,0.0250676163648332,0.0278916666666666
ULDI,279,2015,10,6,-28.293,31.421,607.9,0.0300088882984343,0.0280957986111111,0.0288776896385201,0.0294833333333333
ULDI,280,2015,10,7,-28.293,31.421,607.9,0.0265920211645914,0.0238024305555555,0.0223332788196547,0.0254916666666666
ULDI,281,2015,10,8,-28.293,31.421,607.9,0.0274406683941222,0.0244883333333333,0.0242862361555745,0.0252208333333333
ULDI,282,2015,10,9,-28.293,31.421,607.9,0.0310822254016752,0.0290485069444444,0.0292438761786246,0.0289416666666666
ULDI,283,2015,10,10,-28.293,31.421,607.9,0.0322883783260201,0.0270603125,0.0270693746542235,0.0291583333333333
ULDI,284,2015,10,11,-28.293,31.421,607.9,0.0289579647616196,0.0257567013888888,0.0266838790798766,0.0272625
ULDI,285,2015,10,12,-28.293,31.421,607.9,0.027259173500701,0.0250460069444444,0.0266639088158333,0.0260708333333333
ULDI,286,2015,10,13,-28.293,31.421,607.9,0.0225058424887876,0.0182730208333333,0.0193716327505889,0.0210333333333333
ULDI,287,2015,10,14,-28.293,31.421,607.9,0.0293229021197655,0.0265506597222222,0.0265540566346565,0.0280416666666666
ULDI,288,2015,10,15,-28.293,31.421,607.9,0.0347574155599746,0.0312705555555555,0.0319146046772285,0.0319291666666666
ULDI,289,2015,10,16,-28.293,31.421,607.9,0.026241461996178,0.0263156597222222,0.0273975209668524,0.026625
ULDI,290,2015,10,17,-28.293,31.421,607.9,0.0233012347417761,0.0204711805555555,0.0199436846018196,0.0206583333333333
ULDI,291,2015,10,18,-28.293,31.421,607.9,0.0205820626596488,0.0178648958333333,0.0184284430248669,0.0193708333333333
ULDI,292,2015,10,19,-28.293,31.421,607.9,0.0156302846578357,0.0142060416666666,0.0155815508889023,0.0156041666666666
ULDI,293,2015,10,20,-28.293,31.421,607.9,0.0150546222266387,0.0130922569444444,0.0138751490413834,0.0137458333333333
ULDI,294,2015,10,21,-28.293,31.421,607.9,0.0262587400960919,0.0245632638888888,0.024007687365428,0.0272333333333333
ULDI,295,2015,10,22,-28.293,31.421,607.9,0.0320495682869006,0.0304942708333333,0.0294479558189426,0.0306791666666666
ULDI,296,2015,10,23,-28.293,31.421,607.9,0.0303502374383006,0.0278369444444444,0.0291521799475193,0.0291416666666666
ULDI,297,2015,10,24,-28.293,31.421,607.9,0.0308359688312798,0.0307270833333333,0.0332070627420003,0.0334083333333333
ULDI,298,2015,10,25,-28.293,31.421,607.9,0.028826489156576,0.0246513194444444,0.0285235815110668,0.0286624999999999
ULDI,299,2015,10,26,-28.293,31.421,607.9,0.0320650186131357,0.0322586111111111,0.0349412031657548,0.0354458333333333
ULDI,300,2015,10,27,-28.293,31.421,607.9,0.0212834576174726,0.0204913194444444,0.0234329349927761,0.0210333333333333
ULDI,301,2015,10,28,-28.293,31.421,607.9,0.0172934925204721,0.0143069097222222,0.0145307871009854,0.0149375
ULDI,302,2015,10,29,-28.293,31.421,607.9,0.0238922254589358,0.0226370833333333,0.0227724228010102,0.023225
ULDI,303,2015,10,30,-28.293,31.421,607.9,0.0207736037311928,0.0191177430555555,0.0204770325643248,0.0204624999999999
ULDI,305,2015,11,1,-28.293,31.421,607.9,0.0335120708407109,0.0299648538011695,0.0310788991069431,0.0307708333333333
ULDI,306,2015,11,2,-28.293,31.421,607.9,0.019520006225081,0.0196843309859154,0.0203627175801452,0.0200208333333333
ULDI,307,2015,11,3,-28.293,31.421,607.9,0.0150199595697509,0.0130161111111111,0.0135624193931394,0.0129916666666666
ULDI,308,2015,11,4,-28.293,31.421,607.9,0.0138025940924872,0.0129453125,0.0132972522240019,0.0136416666666666
ULDI,309,2015,11,5,-28.293,31.421,607.9,0.0110244451706224,0.0081069444444444,0.0092257562392346,0.0099291666666666
ULDI,310,2015,11,6,-28.293,31.421,607.9,0.0131372960887035,0.0117840892193308,0.011655742754028,0.0132458333333333
ULDI,311,2015,11,7,-28.293,31.421,607.9,0.0269204327021157,0.019127387755102,0.0151036273400212,0.0177958333333333
ULDI,312,2015,11,8,-28.293,31.421,607.9,0.0333867579108894,0.0318521180555555,0.0307195555106755,0.0313791666666666
ULDI,313,2015,11,9,-28.293,31.421,607.9,0.0321222840265271,0.0303164236111111,0.0287169675330058,0.0298083333333333
ULDI,314,2015,11,10,-28.293,31.421,607.9,0.0328436825314462,0.0314049652777777,0.0313407699228632,0.0323291666666666
ULDI,315,2015,11,11,-28.293,31.421,607.9,0.0361846948064535,0.0322228125,0.0325943957619535,0.0345833333333333
ULDI,316,2015,11,12,-28.293,31.421,607.9,0.0373165087162969,0.0358601388888888,0.0367770165342557,0.0355
ULDI,317,2015,11,13,-28.293,31.421,607.9,0.0374193250560605,0.0342361458333333,0.0348693661619564,0.0361041666666666
ULDI,318,2015,11,14,-28.293,31.421,607.9,0.0339282052103836,0.0337190972222222,0.033419531996569,0.033125
ULDI,319,2015,11,15,-28.293,31.421,607.9,0.0291489373772159,0.0283598958333333,0.0282253973068391,0.0282375
ULDI,320,2015,11,16,-28.293,31.421,607.9,0.0225719923329016,0.0206063194444444,0.0210037534473346,0.0205458333333333
ULDI,321,2015,11,17,-28.293,31.421,607.9,0.0280736178281215,0.0244055902777777,0.0248378680673216,0.0282125
ULDI,322,2015,11,18,-28.293,31.421,607.9,0.0308266733959217,0.0287921874999999,0.0304742745547105,0.0298666666666666
ULDI,323,2015,11,19,-28.293,31.421,607.9,0.0263485077985554,0.0247285416666666,0.0263071287806515,0.0259333333333333
ULDI,324,2015,11,20,-28.293,31.421,607.9,0.0320151661706763,0.0285008333333333,0.0273435779593918,0.0306
ULDI,325,2015,11,21,-28.293,31.421,607.9,0.031163449116271,0.0304389236111111,0.030548490235221,0.0307666666666666
ULDI,326,2015,11,22,-28.293,31.421,607.9,0.0179876419036639,0.0147269791666666,0.01556648549246,0.0157208333333333
ULDI,327,2015,11,23,-28.293,31.421,607.9,0.0209245994286525,0.0193341319444444,0.0195380417478074,0.0202875
ULDI,328,2015,11,24,-28.293,31.421,607.9,0.0278354841569939,0.0252827430555555,0.0245163507004891,0.0263583333333333
ULDI,329,2015,11,25,-28.293,31.421,607.9,0.0312631426142551,0.0261851445086705,0.0259753745479278,0.0273333333333333
ULDI,335,2015,12,1,-28.293,31.421,607.9,0.02542485427305,0.0243417989417989,0.0260745618048809,0.0275958333333333
ULDI,336,2015,12,2,-28.293,31.421,607.9,0.0358265298415172,0.0364355208333333,0.0340414696527426,0.0350041666666666
ULDI,337,2015,12,3,-28.293,31.421,607.9,0.042231600611224,0.0409219791666666,0.0416794472531534,0.0414708333333333
ULDI,338,2015,12,4,-28.293,31.421,607.9,0.0370120677113687,0.0317800444444444,0.0344943724114345,0.03535
ULDI,339,2015,12,5,-28.293,31.421,607.9,0.0367786420407193,0.0357170833333333,0.0346476238467878,0.0363166666666666
ULDI,340,2015,12,6,-28.293,31.421,607.9,0.0419438456722762,0.0389258333333333,0.0389923326795902,0.04
ULDI,341,2015,12,7,-28.293,31.421,607.9,0.0359987229609814,0.0352632051282051,0.0381490835076606,0.03995
ULDI,342,2015,12,8,-28.293,31.421,607.9,0.0417587331330005,0.0407280208333333,0.0431505812912296,0.0441125
ULDI,343,2015,12,9,-28.293,31.421,607.9,0.0362462255320247,0.0329689930555555,0.0364338126858471,0.0346916666666666
ULDI,344,2015,12,10,-28.293,31.421,607.9,0.0362613899380073,0.0348713888888888,0.0356225315565933,0.0367083333333333
ULDI,345,2015,12,11,-28.293,31.421,607.9,0.0358811729742139,0.0353336805555555,0.0371636076690785,0.0363666666666666
ULDI,346,2015,12,12,-28.293,31.421,607.9,0.0387405951313383,0.0403278472222222,0.0395321935268831,0.0430958333333333
ULDI,347,2015,12,13,-28.293,31.421,607.9,0.0359631002681038,0.0338015277777777,0.0359139648599356,0.0344833333333333
ULDI,348,2015,12,14,-28.293,31.421,607.9,0.0329036407322092,0.0335574652777777,0.0342962190848395,0.0333875
ULDI,349,2015,12,15,-28.293,31.421,607.9,0.0270693988934629,0.0245360763888888,0.0238630866404792,0.0240708333333333
ULDI,350,2015,12,16,-28.293,31.421,607.9,0.0298050083385838,0.0291715972222222,0.0283940062045108,0.03065
ULDI,351,2015,12,17,-28.293,31.421,607.9,0.0279192874046846,0.0271179861111111,0.0254583539582565,0.0273333333333333
ULDI,352,2015,12,18,-28.293,31.421,607.9,0.0343757709045117,0.0309989236111111,0.031131856945332,0.0330791666666666
ULDI,353,2015,12,19,-28.293,31.421,607.9,0.0401783449874106,0.0338297569444444,0.030420785159054,0.0351916666666666
ULDI,354,2015,12,20,-28.293,31.421,607.9,0.0381581444211834,0.0377555902777777,0.0380738817407189,0.0393291666666666
ULDI,355,2015,12,21,-28.293,31.421,607.9,0.0340097357160264,0.0320189236111111,0.0292184591053129,0.0313833333333333
ULDI,356,2015,12,22,-28.293,31.421,607.9,0.0330588980334943,0.0324089583333333,0.0316865017316706,0.0321333333333333
ULDI,357,2015,12,23,-28.293,31.421,607.9,0.033921394454136,0.0311013194444444,0.030418317949291,0.0314333333333333
ULDI,358,2015,12,24,-28.293,31.421,607.9,0.0379785424892314,0.0307833680555555,0.0295446289765647,0.0331583333333333
ULDI,359,2015,12,25,-28.293,31.421,607.9,0.0406951651930512,0.0397202083333333,0.0390929437409717,0.0390541666666666
ULDI,360,2015,12,26,-28.293,31.421,607.9,0.0349929306305785,0.0349562847222222,0.0356739018050655,0.0341625
ULDI,361,2015,12,27,-28.293,31.421,607.9,0.0305446505249018,0.0263365972222222,0.026993234150295,0.0277875
ULDI,362,2015,12,28,-28.293,31.421,607.9,0.0290304264437193,0.0262721527777777,0.0289954201157003,0.0277333333333333
ULDI,363,2015,12,29,-28.293,31.421,607.9,0.0276847160627372,0.0265655902777777,0.0276878553478681,0.0278458333333333
ULDI,364,2015,12,30,-28.293,31.421,607.9,0.0275676515779996,0.0258808680555555,0.0264177541354933,0.0269666666666666
ULDI,366,2016,1,1,-28.293,31.421,607.9,0.0355015797825108,0.0360855902777777,0.0370226405714355,0.0388833333333333
ULDI,367,2016,1,2,-28.293,31.421,607.9,0.0310292637592506,0.0309532291666666,0.0327474754817028,0.0321916666666666
ULDI,368,2016,1,3,-28.293,31.421,607.9,0.0238033074643477,0.0221991666666666,0.0230820040136045,0.0232958333333333
ULDI,369,2016,1,4,-28.293,31.421,607.9,0.019329519833993,0.0181720833333333,0.0190669269680378,0.0200333333333333
ULDI,370,2016,1,5,-28.293,31.421,607.9,0.0184713493505888,0.0164378125,0.0172609807028239,0.0186291666666666
ULDI,371,2016,1,6,-28.293,31.421,607.9,0.0287347151660556,0.0266669444444444,0.0260053706605322,0.0288708333333333
ULDI,372,2016,1,7,-28.293,31.421,607.9,0.0360851945541972,0.0389549305555555,0.0390628300448813,0.0410375
ULDI,374,2016,1,9,-28.293,31.421,607.9,0.0382635119879166,0.034395,0.0341030310723829,0.0346166666666666
ULDI,375,2016,1,10,-28.293,31.421,607.9,0.0361140351566061,0.0340466319444444,0.0332322429087015,0.0340125
ULDI,376,2016,1,11,-28.293,31.421,607.9,0.0363287193205329,0.0342535763888888,0.033968750361222,0.0344625
ULDI,377,2016,1,12,-28.293,31.421,607.9,0.0393834850044378,0.0373351736111111,0.0383456893118646,0.0378291666666666
ULDI,378,2016,1,13,-28.293,31.421,607.9,0.0352037501993074,0.0301653125,0.0301812321766787,0.0305041666666666
ULDI,379,2016,1,14,-28.293,31.421,607.9,0.0403904553508152,0.0367504166666666,0.0378078510734365,0.038625
ULDI,380,2016,1,15,-28.293,31.421,607.9,0.0393725247285061,0.0379959027777777,0.0384113792143645,0.0376458333333333
ULDI,381,2016,1,16,-28.293,31.421,607.9,0.0292981800523829,0.0276670486111111,0.0311557067579961,0.0291458333333333
ULDI,382,2016,1,17,-28.293,31.421,607.9,0.0247259477587891,0.0241306597222222,0.0227600516820394,0.0232291666666666
ULDI,383,2016,1,18,-28.293,31.421,607.9,0.0262283428146097,0.0246104861111111,0.0253026004924357,0.0242333333333333
ULDI,384,2016,1,19,-28.293,31.421,607.9,0.0309115247397198,0.0294696875,0.031978187207123,0.0311833333333333
ULDI,385,2016,1,20,-28.293,31.421,607.9,0.0352350721199277,0.0341635069444444,0.0363966213794558,0.036025
ULDI,386,2016,1,21,-28.293,31.421,607.9,0.0375206321473513,0.0350203125,0.0368300617381904,0.0373458333333333
ULDI,387,2016,1,22,-28.293,31.421,607.9,0.0402692957707333,0.0375473263888888,0.0397954033506368,0.0406333333333333
ULDI,388,2016,1,23,-28.293,31.421,607.9,0.0474205448742358,0.0459853125,0.0445502383677292,0.0453791666666666
ULDI,389,2016,1,24,-28.293,31.421,607.9,0.0490049730067686,0.0459063194444444,0.0469694709417695,0.0488916666666666
ULDI,390,2016,1,25,-28.293,31.421,607.9,0.0436006562771347,0.0404614236111111,0.04178499042139,0.0408583333333333
ULDI,391,2016,1,26,-28.293,31.421,607.9,0.0382191395372082,0.0371958680555555,0.0390407686360629,0.0383208333333333
ULDI,392,2016,1,27,-28.293,31.421,607.9,0.0355092413251767,0.032213125,0.0312630978152568,0.0329916666666666
ULDI,393,2016,1,28,-28.293,31.421,607.9,0.0369576301935326,0.0348625,0.0342928005225753,0.0345875
ULDI,394,2016,1,29,-28.293,31.421,607.9,0.0339560423232264,0.0323311458333333,0.033575314111678,0.0325791666666666
ULDI,395,2016,1,30,-28.293,31.421,607.9,0.0286968376871446,0.0263563541666666,0.0276482777430879,0.0273083333333333
ULDI,397,2016,2,1,-28.293,31.421,607.9,0.0283859504897675,0.0265942013888888,0.026346519214865,0.0259208333333333
ULDI,398,2016,2,2,-28.293,31.421,607.9,0.0279057635967198,0.0258821180555555,0.0230409988585911,0.0257916666666666
ULDI,399,2016,2,3,-28.293,31.421,607.9,0.0374913751041845,0.0371344097222222,0.035630574690219,0.0393958333333333
ULDI,400,2016,2,4,-28.293,31.421,607.9,0.0367308095310619,0.0355897222222222,0.0397233217533067,0.0385583333333333
ULDI,401,2016,2,5,-28.293,31.421,607.9,0.0229811295695181,0.0196267013888888,0.0216781158682368,0.0208375
ULDI,402,2016,2,6,-28.293,31.421,607.9,0.0257528153241113,0.0245590625,0.0231926964223328,0.0262916666666666
ULDI,403,2016,2,7,-28.293,31.421,607.9,0.02381779252464,0.0204934375,0.0228497711625917,0.0219874999999999
ULDI,404,2016,2,8,-28.293,31.421,607.9,0.0205266213156012,0.0194681944444444,0.0222664621703393,0.0218125
ULDI,405,2016,2,9,-28.293,31.421,607.9,0.0221613652497134,0.0202730555555555,0.0222229188497749,0.0218583333333333
ULDI,406,2016,2,10,-28.293,31.421,607.9,0.0278053286501385,0.0261856597222222,0.02722707543526,0.0281208333333333
ULDI,407,2016,2,11,-28.293,31.421,607.9,0.0247943023382434,0.0243785416666666,0.0254244797379576,0.0263458333333333
ULDI,408,2016,2,12,-28.293,31.421,607.9,0.0217315010763521,0.0204847569444444,0.0220868523289809,0.022925
ULDI,409,2016,2,13,-28.293,31.421,607.9,0.0301995450704391,0.0266642013888888,0.0261888435626739,0.0269166666666666
ULDI,410,2016,2,14,-28.293,31.421,607.9,0.0374842140736362,0.0340795833333333,0.0373170336034822,0.0366166666666666
ULDI,411,2016,2,15,-28.293,31.421,607.9,0.0404153756695577,0.0386948263888888,0.0405332131642284,0.0413083333333333
ULDI,412,2016,2,16,-28.293,31.421,607.9,0.0458100481700243,0.0452472569444444,0.046736946880389,0.0460583333333333
ULDI,413,2016,2,17,-28.293,31.421,607.9,0.0461451832874761,0.0453360069444444,0.046852192384667,0.0457875
ULDI,414,2016,2,18,-28.293,31.421,607.9,0.0440132128584456,0.0445204166666666,0.0486341088897429,0.0476
ULDI,415,2016,2,19,-28.293,31.421,607.9,0.0389319359736423,0.037176875,0.0376604889920349,0.0389291666666666
ULDI,416,2016,2,20,-28.293,31.421,607.9,0.0410935260850017,0.0397771180555555,0.0427765221754262,0.0442541666666666
ULDI,417,2016,2,21,-28.293,31.421,607.9,0.0354143078938797,0.0344948263888888,0.0362839567730975,0.0359375
ULDI,418,2016,2,22,-28.293,31.421,607.9,0.0314151104692571,0.0298852430555555,0.0298733118541106,0.0319291666666666
ULDI,419,2016,2,23,-28.293,31.421,607.9,0.0328213353262584,0.0325453819444444,0.0307839208244608,0.0325333333333333
ULDI,420,2016,2,24,-28.293,31.421,607.9,0.0355320073729771,0.0360894097222222,0.0351897355880782,0.0380708333333333
ULDI,421,2016,2,25,-28.293,31.421,607.9,0.0329119301162909,0.02975625,0.0336543191613144,0.0358458333333333
ULDI,422,2016,2,26,-28.293,31.421,607.9,0.0391891870612836,0.0385396527777777,0.0389676496033113,0.04065
ULDI,423,2016,2,27,-28.293,31.421,607.9,0.0306674645029238,0.0260577430555555,0.0292706083684239,0.0275708333333333
ULDI,424,2016,2,28,-28.293,31.421,607.9,0.0260354665285918,0.0232975694444444,0.0256867065800476,0.026525
ULDI,425,2016,2,29,-28.293,31.421,607.9,0.0282417923697218,0.0279736805555555,0.0317206133863046,0.0312
ULDI,426,2016,3,1,-28.293,31.421,607.9,0.02510061793073,0.0223245138888888,0.0251506388830955,0.0266166666666666
ULDI,427,2016,3,2,-28.293,31.421,607.9,0.0277845745585817,0.0261134722222222,0.0264815459695005,0.0268708333333333
ULDI,428,2016,3,3,-28.293,31.421,607.9,0.0294605845341502,0.0276814583333333,0.0283172314178138,0.0285458333333333
ULDI,429,2016,3,4,-28.293,31.421,607.9,0.0307879321055698,0.0287759375,0.0274648299298199,0.0286833333333333
ULDI,430,2016,3,5,-28.293,31.421,607.9,0.0306421997308234,0.0281846527777777,0.0260023279272424,0.0274333333333333
ULDI,431,2016,3,6,-28.293,31.421,607.9,0.0278629395845633,0.0255996875,0.0265906952407342,0.0274416666666666
ULDI,432,2016,3,7,-28.293,31.421,607.9,0.0374975502930974,0.0331937847222222,0.0303977818218011,0.0349208333333333
ULDI,433,2016,3,8,-28.293,31.421,607.9,0.0485524495128866,0.0464057986111111,0.0466294779402384,0.0464625
ULDI,434,2016,3,9,-28.293,31.421,607.9,0.048113401749938,0.0468120833333333,0.0473227511519667,0.046925
ULDI,435,2016,3,10,-28.293,31.421,607.9,0.0450978629216729,0.0446061111111111,0.0458878138685385,0.04575
ULDI,436,2016,3,11,-28.293,31.421,607.9,0.0365781519249111,0.0354236458333333,0.0366167797908778,0.0371791666666666
ULDI,437,2016,3,12,-28.293,31.421,607.9,0.0350905745181746,0.0335069444444444,0.0330788765452206,0.033825
ULDI,438,2016,3,13,-28.293,31.421,607.9,0.0384410724384407,0.0358995486111111,0.0355967653525882,0.0373083333333333
ULDI,439,2016,3,14,-28.293,31.421,607.9,0.040515690407407,0.03990625,0.0418889454076699,0.0410083333333333
ULDI,440,2016,3,15,-28.293,31.421,607.9,0.033339641793765,0.0284067013888888,0.0300770746164585,0.0308875
ULDI,441,2016,3,16,-28.293,31.421,607.9,0.0401418367686459,0.0378958680555555,0.0379157416326132,0.0394791666666666
ULDI,442,2016,3,17,-28.293,31.421,607.9,0.0374886389692975,0.0371444097222222,0.0400730132115063,0.0391416666666666
ULDI,443,2016,3,18,-28.293,31.421,607.9,0.0277350101477136,0.0256755555555555,0.0235852087847178,0.0268291666666666
ULDI,444,2016,3,19,-28.293,31.421,607.9,0.0334563677144762,0.0327630555555555,0.0299563425485394,0.03095
ULDI,445,2016,3,20,-28.293,31.421,607.9,0.0331963950613992,0.0294716319444444,0.0296385500800667,0.0302958333333333
ULDI,446,2016,3,21,-28.293,31.421,607.9,0.0298922216572443,0.0300840972222222,0.0306211737347593,0.0301666666666666
ULDI,447,2016,3,22,-28.293,31.421,607.9,0.0261626573939066,0.0239786458333333,0.0250689394919503,0.025025
ULDI,448,2016,3,23,-28.293,31.421,607.9,0.0282330413435645,0.0256187152777777,0.0244603714704325,0.0260041666666666
ULDI,449,2016,3,24,-28.293,31.421,607.9,0.0340728553175181,0.0326985069444444,0.0291742100373998,0.0323958333333333
ULDI,450,2016,3,25,-28.293,31.421,607.9,0.0287029324225445,0.0275480555555555,0.0295354626294723,0.0282458333333333
ULDI,451,2016,3,26,-28.293,31.421,607.9,0.0244232378584636,0.0233830555555555,0.0274968410302452,0.027125
ULDI,452,2016,3,27,-28.293,31.421,607.9,0.0160783900722907,0.0134477083333333,0.0183432568001185,0.0152833333333333
ULDI,453,2016,3,28,-28.293,31.421,607.9,0.0158554409226975,0.0150702083333333,0.0144527792230506,0.0165333333333333
ULDI,454,2016,3,29,-28.293,31.421,607.9,0.0195439399624796,0.0170066319444444,0.0189202262229881,0.0187041666666666
ULDI,455,2016,3,30,-28.293,31.421,607.9,0.0172582465810131,0.0149852777777777,0.0146962321990411,0.0156625
ULDI,457,2016,4,1,-28.293,31.421,607.9,0.0263153951084975,0.0220717361111111,0.0236504901234946,0.0247416666666666
ULDI,458,2016,4,2,-28.293,31.421,607.9,0.0316714012739069,0.0293709027777777,0.0295227947744762,0.0305041666666666
ULDI,459,2016,4,3,-28.293,31.421,607.9,0.034638391760798,0.034093125,0.033537121168666,0.0330625
ULDI,460,2016,4,4,-28.293,31.421,607.9,0.0329384835316324,0.02952,0.0304330293049349,0.0313499999999999
ULDI,461,2016,4,5,-28.293,31.421,607.9,0.0396301791346005,0.0383749652777777,0.0402973705316731,0.0405125
ULDI,462,2016,4,6,-28.293,31.421,607.9,0.0288454404784088,0.0265374305555555,0.030009628664381,0.0277583333333333
ULDI,463,2016,4,7,-28.293,31.421,607.9,0.0227339179709144,0.0211196180555555,0.0224605249823682,0.0238
ULDI,464,2016,4,8,-28.293,31.421,607.9,0.024826960166329,0.0231446875,0.0251314890477028,0.0254125
ULDI,465,2016,4,9,-28.293,31.421,607.9,0.0246924771010854,0.0223136458333333,0.0241135382598849,0.0231541666666666
ULDI,466,2016,4,10,-28.293,31.421,607.9,0.0255775368028492,0.0227840972222222,0.0222833962624692,0.0236416666666666
ULDI,467,2016,4,11,-28.293,31.421,607.9,0.024129163245961,0.0216545833333333,0.0229459470200663,0.0237125
ULDI,468,2016,4,12,-28.293,31.421,607.9,0.0225581616402799,0.0203731944444444,0.0202543041606399,0.0219875
ULDI,469,2016,4,13,-28.293,31.421,607.9,0.022011636259563,0.0203782986111111,0.0224447302496538,0.0223125
ULDI,470,2016,4,14,-28.293,31.421,607.9,0.01837992905319,0.0167142361111111,0.0175888358101416,0.0201
ULDI,471,2016,4,15,-28.293,31.421,607.9,0.0162503562889504,0.0153189930555555,0.0175633143122474,0.0183083333333333
ULDI,472,2016,4,16,-28.293,31.421,607.9,0.0244279952301206,0.0237980208333333,0.0234906957208732,0.0247291666666666
ULDI,473,2016,4,17,-28.293,31.421,607.9,0.0325272349894453,0.0316316319444444,0.0301819876182558,0.0322083333333333
ULDI,474,2016,4,18,-28.293,31.421,607.9,0.0329627268790269,0.0311103125,0.0322578520303385,0.0317374999999999
ULDI,475,2016,4,19,-28.293,31.421,607.9,0.0317273174047928,0.02849125,0.0281261463416227,0.02985
ULDI,476,2016,4,20,-28.293,31.421,607.9,0.0345942201437893,0.0314240449438202,0.030391729798182,0.0311916666666666
ULDI,477,2016,4,21,-28.293,31.421,607.9,0.0313283876290963,0.0271418918918918,0.0305889544896351,0.0296583333333333
ULDI,478,2016,4,22,-28.293,31.421,607.9,0.0229925603044609,0.02080375,0.0222071675342331,0.0229333333333333
ULDI,479,2016,4,23,-28.293,31.421,607.9,0.0217584379495739,0.0218207638888888,0.0215731641145482,0.0223583333333333
ULDI,480,2016,4,24,-28.293,31.421,607.9,0.0226237030301176,0.0217895486111111,0.0207845859827707,0.0223125
ULDI,481,2016,4,25,-28.293,31.421,607.9,0.0199301735900889,0.0169161458333333,0.0183466587031722,0.0193291666666666
ULDI,482,2016,4,26,-28.293,31.421,607.9,0.0245164469833977,0.0272364236111111,0.0271227228819993,0.0275249999999999
ULDI,483,2016,4,27,-28.293,31.421,607.9,0.0212377867748616,0.0180597916666666,0.0182280280665171,0.0205166666666666
ULDI,484,2016,4,28,-28.293,31.421,607.9,0.0139586405894101,0.0132139236111111,0.0145667751544132,0.0164958333333333
ULDI,485,2016,4,29,-28.293,31.421,607.9,0.0154657973902014,0.0114832986111111,0.0121564608385131,0.0133708333333333
ULDI,486,2016,4,30,-28.293,31.421,607.9,0.0215675904485877,0.0214487152777777,0.0230036731412307,0.0219083333333333
ULDI,487,2016,5,1,-28.293,31.421,607.9,0.0141735921354082,0.0122784027777777,0.0138875584636905,0.0149916666666666
ULDI,488,2016,5,2,-28.293,31.421,607.9,0.0147192909650901,0.0115697222222222,0.0131975906535945,0.0132291666666666
ULDI,489,2016,5,3,-28.293,31.421,607.9,0.0176570864962063,0.0157988888888888,0.0174501159316282,0.0178125
ULDI,490,2016,5,4,-28.293,31.421,607.9,0.0145981115797155,0.0131509722222222,0.0149845126512109,0.0147333333333333
ULDI,491,2016,5,5,-28.293,31.421,607.9,0.0140478226122074,0.0110183333333333,0.0124253448590916,0.0139583333333333
ULDI,492,2016,5,6,-28.293,31.421,607.9,0.0190035729278158,0.0157451041666666,0.0154280812568016,0.0191875
ULDI,493,2016,5,7,-28.293,31.421,607.9,0.0277369381565557,0.0260577083333333,0.0267127789482862,0.0270958333333333
ULDI,494,2016,5,8,-28.293,31.421,607.9,0.0289895785659104,0.0274214236111111,0.0298703750545521,0.0296791666666666
ULDI,495,2016,5,9,-28.293,31.421,607.9,0.0274097612325494,0.0259440277777777,0.0286480749716789,0.0277041666666666
ULDI,496,2016,5,10,-28.293,31.421,607.9,0.0256181996004656,0.0227734375,0.0241712603262786,0.025525
ULDI,497,2016,5,11,-28.293,31.421,607.9,0.0260594659356479,0.024875625,0.0265977839921793,0.0272625
ULDI,498,2016,5,12,-28.293,31.421,607.9,0.020037710958506,0.0185578125,0.0194669528176805,0.0215958333333333
ULDI,499,2016,5,13,-28.293,31.421,607.9,0.0220896619722276,0.0207651388888888,0.0198968210413251,0.0212583333333333
ULDI,500,2016,5,14,-28.293,31.421,607.9,0.0276218260238107,0.0264520486111111,0.0272626796891988,0.0253166666666666
ULDI,501,2016,5,15,-28.293,31.421,607.9,0.0265857799469413,0.0251246180555555,0.0275569066203778,0.0246291666666666
ULDI,502,2016,5,16,-28.293,31.421,607.9,0.0232993442094633,0.0207351041666666,0.0201739622693564,0.0201499999999999
ULDI,503,2016,5,17,-28.293,31.421,607.9,0.0235902919795435,0.0215624652777777,0.0216830814826063,0.0217541666666666
ULDI,504,2016,5,18,-28.293,31.421,607.9,0.0246338685588196,0.0222260069444444,0.0239933640936541,0.0242583333333333
ULDI,505,2016,5,19,-28.293,31.421,607.9,0.0250572722212697,0.0211678125,0.0216205123359764,0.0232458333333333
ULDI,506,2016,5,20,-28.293,31.421,607.9,0.0204785359324221,0.0193924305555555,0.0217981961592328,0.0212916666666666
ULDI,507,2016,5,21,-28.293,31.421,607.9,0.0146842344537839,0.0135313888888888,0.0154600931570359,0.01645
ULDI,508,2016,5,22,-28.293,31.421,607.9,0.0118402149197352,0.0107399305555555,0.011994488142581,0.0121375
ULDI,509,2016,5,23,-28.293,31.421,607.9,0.009135758215819,0.0080987847222222,0.0096131301228584,0.0102333333333333
ULDI,510,2016,5,24,-28.293,31.421,607.9,0.0127002101145149,0.0110555208333333,0.0112505508056822,0.0122
ULDI,511,2016,5,25,-28.293,31.421,607.9,0.0232199606227216,0.0220862499999999,0.0222134002408313,0.0228125
ULDI,512,2016,5,26,-28.293,31.421,607.9,0.0239156636860216,0.0228417013888888,0.0228393230536365,0.023
ULDI,513,2016,5,27,-28.293,31.421,607.9,0.0180334017365617,0.0157360763888888,0.0173165863416903,0.0176333333333333
ULDI,514,2016,5,28,-28.293,31.421,607.9,0.0125742411416179,0.0109231944444444,0.0117899549643467,0.0123958333333333
ULDI,515,2016,5,29,-28.293,31.421,607.9,0.0110530834878536,0.0096030555555555,0.0109978051841659,0.0110083333333333
ULDI,516,2016,5,30,-28.293,31.421,607.9,0.0094403548435058,0.0070243402777777,0.0094662863345426,0.0092791666666666
ULDI,518,2016,6,1,-28.293,31.421,607.9,0.014292574679552,0.0121604166666666,0.0130128225191238,0.0132708333333333
ULDI,519,2016,6,2,-28.293,31.421,607.9,0.0137916375473349,0.0129094444444444,0.0130611656064389,0.0121208333333333
ULDI,520,2016,6,3,-28.293,31.421,607.9,0.0124574025408395,0.0099190624999999,0.0125273712654276,0.0112708333333333
ULDI,521,2016,6,4,-28.293,31.421,607.9,0.0189985232700637,0.0190343402777777,0.019438295087782,0.0195625
ULDI,522,2016,6,5,-28.293,31.421,607.9,0.0208192034838659,0.0194546180555555,0.0212442683924106,0.0211833333333333
ULDI,523,2016,6,6,-28.293,31.421,607.9,0.0156098273536587,0.0136472569444444,0.0154687445080434,0.0156541666666666
ULDI,524,2016,6,7,-28.293,31.421,607.9,0.0106180036726835,0.0093100694444444,0.0108528396441223,0.0114583333333333
ULDI,525,2016,6,8,-28.293,31.421,607.9,0.0094017471648718,0.0073022916666666,0.0099508568441157,0.009675
ULDI,526,2016,6,9,-28.293,31.421,607.9,0.010055505468386,0.0083676041666666,0.0094887520475574,0.0098083333333333
ULDI,527,2016,6,10,-28.293,31.421,607.9,0.0116215950452968,0.008927627118644,0.0133865981021407,0.0144541666666666
ULDI,528,2016,6,11,-28.293,31.421,607.9,0.0133268461767403,0.0115496174863387,0.0171783167103611,0.0171791666666666
ULDI,529,2016,6,12,-28.293,31.421,607.9,0.0131313573334363,0.0120286805555555,0.0130170636205504,0.0130416666666666
ULDI,530,2016,6,13,-28.293,31.421,607.9,0.0179498338105674,0.0172733680555555,0.0176760568296157,0.0164916666666666
ULDI,531,2016,6,14,-28.293,31.421,607.9,0.0171648174016746,0.0151400347222222,0.0163516362153124,0.0169166666666666
ULDI,532,2016,6,15,-28.293,31.421,607.9,0.0144788721347425,0.0129788541666666,0.0154728153471869,0.0153333333333333
ULDI,533,2016,6,16,-28.293,31.421,607.9,0.0190719333977097,0.0186718402777777,0.0179923803722439,0.01905
ULDI,534,2016,6,17,-28.293,31.421,607.9,0.0189427381956323,0.0168620138888888,0.0168323992138651,0.0174875
ULDI,535,2016,6,18,-28.293,31.421,607.9,0.0170556904481544,0.0159917708333333,0.0163006877478427,0.0172041666666666
ULDI,536,2016,6,19,-28.293,31.421,607.9,0.0123324054542143,0.0103499305555555,0.0126418162526918,0.0129833333333333
ULDI,537,2016,6,20,-28.293,31.421,607.9,0.0156203621335276,0.0134606597222222,0.0124188144244422,0.0142791666666666
ULDI,538,2016,6,21,-28.293,31.421,607.9,0.0217386861179864,0.0197054861111111,0.0192305342473597,0.0192916666666666
ULDI,539,2016,6,22,-28.293,31.421,607.9,0.0226499678122083,0.0203398611111111,0.0205252107789817,0.0203083333333333
ULDI,540,2016,6,23,-28.293,31.421,607.9,0.0191095145387266,0.0175748958333333,0.0186210310480462,0.0188333333333333
ULDI,554,2016,7,7,-28.293,31.421,607.9,0.0152020640498756,0.0137215533980582,0.015471105290688,0.01525
ULDI,555,2016,7,8,-28.293,31.421,607.9,0.0127513738342568,0.0101532638888888,0.0117780566467069,0.0120666666666666
ULDI,556,2016,7,9,-28.293,31.421,607.9,0.0132162380810091,0.0121074652777777,0.0132721709078735,0.01355
ULDI,558,2016,7,11,-28.293,31.421,607.9,0.0093548752422401,0.0086819111111111,0.0112670141096576,0.011125
ULDI,559,2016,7,12,-28.293,31.421,607.9,0.0095405696420338,0.0071147916666666,0.0087513690101526,0.0094458333333333
ULDI,560,2016,7,13,-28.293,31.421,607.9,0.0120156963304552,0.011326875,0.0117414271381679,0.0114083333333333
ULDI,561,2016,7,14,-28.293,31.421,607.9,0.0090363601795104,0.006885625,0.0091573750104772,0.009125
ULDI,562,2016,7,15,-28.293,31.421,607.9,0.0092656481043207,0.0068002777777777,0.008061845163074,0.0081958333333333
ULDI,563,2016,7,16,-28.293,31.421,607.9,0.0143686057663619,0.0134524305555555,0.0140037111052059,0.0152333333333333
ULDI,564,2016,7,17,-28.293,31.421,607.9,0.0202701940317904,0.0200284027777777,0.0198589018799865,0.0196833333333333
ULDI,565,2016,7,18,-28.293,31.421,607.9,0.0153123258414711,0.0134741666666666,0.0148150890925354,0.0136958333333333
ULDI,566,2016,7,19,-28.293,31.421,607.9,0.0109046004670836,0.0089400347222222,0.0110833128346039,0.01045
ULDI,567,2016,7,20,-28.293,31.421,607.9,0.0088297537315782,0.0068174305555555,0.0094756036737616,0.009125
ULDI,568,2016,7,21,-28.293,31.421,607.9,0.0090008467534931,0.0077821527777777,0.0089152277275662,0.0100749999999999
ULDI,569,2016,7,22,-28.293,31.421,607.9,0.0131641965723619,0.00996375,0.0101494889434046,0.0107708333333333
ULDI,570,2016,7,23,-28.293,31.421,607.9,0.0190162150769833,0.0168084027777777,0.0163826707437463,0.0175375
ULDI,571,2016,7,24,-28.293,31.421,607.9,0.0222656887479313,0.0208534375,0.021300779595311,0.020225
ULDI,572,2016,7,25,-28.293,31.421,607.9,0.0227460515432537,0.0205563888888888,0.0213120919304821,0.0201625
ULDI,573,2016,7,26,-28.293,31.421,607.9,0.0256495977322626,0.0234477777777777,0.024455800726586,0.0248958333333333
ULDI,574,2016,7,27,-28.293,31.421,607.9,0.0156752847327504,0.0102998263888888,0.0136480343859311,0.0113291666666666
ULDI,575,2016,7,28,-28.293,31.421,607.9,0.0090150345653288,0.0077084722222222,0.0090867762322413,0.00955
ULDI,576,2016,7,29,-28.293,31.421,607.9,0.0121818285853378,0.0098242361111111,0.0105611499012221,0.0113208333333333
ULDI,577,2016,7,30,-28.293,31.421,607.9,0.0154072783526067,0.0132350694444444,0.0140949742527853,0.0147416666666666
ULDI,579,2016,8,1,-28.293,31.421,607.9,0.0207864938957238,0.0164956944444444,0.0179731390784566,0.0181791666666666
ULDI,580,2016,8,2,-28.293,31.421,607.9,0.0134516994120137,0.0114909375,0.0143088680722673,0.0133125
ULDI,581,2016,8,3,-28.293,31.421,607.9,0.0119667548111113,0.0083707291666666,0.0101802130189844,0.0101083333333333
ULDI,582,2016,8,4,-28.293,31.421,607.9,0.0107540528665617,0.0078636111111111,0.0079170041555664,0.009075
ULDI,583,2016,8,5,-28.293,31.421,607.9,0.009343836850332,0.0073002430555555,0.0094148398104403,0.0092208333333333
ULDI,584,2016,8,6,-28.293,31.421,607.9,0.0082556854421124,0.0064717361111111,0.0076216523369769,0.0087208333333333
ULDI,585,2016,8,7,-28.293,31.421,607.9,0.008537182981093,0.0076832291666666,0.0091962676313351,0.0093458333333333
ULDI,586,2016,8,8,-28.293,31.421,607.9,0.0086162973889911,0.0105611458333333,0.0116672310716848,0.0119666666666666
ULDI,587,2016,8,9,-28.293,31.421,607.9,0.0058321228863746,0.0041392708333333,0.0064551060217736,0.0053208333333333
ULDI,588,2016,8,10,-28.293,31.421,607.9,0.0030784902142318,0.0017031597222222,0.0036520770649263,0.0038041666666666
ULDI,589,2016,8,11,-28.293,31.421,607.9,0.002664163169344,0.0009770833333333,0.003175179635627,0.0031708333333333
ULDI,590,2016,8,12,-28.293,31.421,607.9,0.0039977880355869,0.0020154166666666,0.0035892654431974,0.0040625
ULDI,591,2016,8,13,-28.293,31.421,607.9,0.0060500116494734,0.0035125,0.0049209032062133,0.0051291666666666
ULDI,592,2016,8,14,-28.293,31.421,607.9,0.0146535673992574,0.0143865624999999,0.0141136542813009,0.015375
ULDI,593,2016,8,15,-28.293,31.421,607.9,0.0219983976779091,0.0208378472222222,0.0197543643549592,0.0205166666666666
ULDI,594,2016,8,16,-28.293,31.421,607.9,0.0267358553705676,0.0254537152777777,0.0270346325843427,0.0266041666666666
ULDI,595,2016,8,17,-28.293,31.421,607.9,0.0250780882802813,0.0236018402777777,0.0263187268965006,0.0256208333333333
ULDI,596,2016,8,18,-28.293,31.421,607.9,0.0221274118174161,0.0197846180555555,0.0222744799959457,0.0222125
ULDI,597,2016,8,19,-28.293,31.421,607.9,0.0222255986961665,0.0189633680555555,0.019250274802065,0.0194083333333333
ULDI,598,2016,8,20,-28.293,31.421,607.9,0.027709520963114,0.0273917013888888,0.0262219758976175,0.0277375
ULDI,599,2016,8,21,-28.293,31.421,607.9,0.0196593992924489,0.0169498263888888,0.018610042451158,0.0180375
ULDI,600,2016,8,22,-28.293,31.421,607.9,0.0115424695581987,0.0109710069444444,0.011431217047492,0.0119
ULDI,601,2016,8,23,-28.293,31.421,607.9,0.0113232865938406,0.0093307986111111,0.0116526504640287,0.0113708333333333
ULDI,602,2016,8,24,-28.293,31.421,607.9,0.0096180713378914,0.0080765277777777,0.0107469116232221,0.010475
ULDI,603,2016,8,25,-28.293,31.421,607.9,0.0083741306174295,0.0065045486111111,0.0078008099231287,0.0086208333333333
ULDI,604,2016,8,26,-28.293,31.421,607.9,0.0132944285627812,0.0133115625,0.013390945483132,0.0145583333333333
ULDI,605,2016,8,27,-28.293,31.421,607.9,0.01247726639684,0.0101586805555555,0.0123786638583033,0.01265
ULDI,606,2016,8,28,-28.293,31.421,607.9,0.0088101705207489,0.0069774305555555,0.009072620368921,0.0096958333333333
ULDI,607,2016,8,29,-28.293,31.421,607.9,0.0070024621073183,0.0057009722222222,0.0077206300251459,0.0080125
ULDI,608,2016,8,30,-28.293,31.421,607.9,0.0058561160361739,0.0039323611111111,0.0056444239399662,0.0058749999999999
ULDI,610,2016,9,1,-28.293,31.421,607.9,0.0080222431331512,0.0056878819444444,0.006857715199985,0.0069916666666666
ULDI,611,2016,9,2,-28.293,31.421,607.9,0.0129515985052231,0.0119313194444444,0.0108861534374491,0.0117166666666666
ULDI,612,2016,9,3,-28.293,31.421,607.9,0.0188297027553414,0.0147150347222222,0.0144396676488161,0.0165083333333333
ULDI,613,2016,9,4,-28.293,31.421,607.9,0.0220484084062879,0.0210995138888888,0.0226701311957036,0.0227791666666666
ULDI,614,2016,9,5,-28.293,31.421,607.9,0.0158319478267634,0.0117107042253521,0.0138939893080253,0.0143833333333333
ULDI,615,2016,9,6,-28.293,31.421,607.9,0.021786188884904,0.0192669105691056,0.0188144711255108,0.0200625
ULDI,616,2016,9,7,-28.293,31.421,607.9,0.0240828910287654,0.0207999652777777,0.0218731818161403,0.0227333333333333
ULDI,617,2016,9,8,-28.293,31.421,607.9,0.0225677539577688,0.0207158680555555,0.0231313339693881,0.0224041666666666
ULDI,618,2016,9,9,-28.293,31.421,607.9,0.0244678372901109,0.0241687847222222,0.0239774692083258,0.0251208333333333
ULDI,619,2016,9,10,-28.293,31.421,607.9,0.0269348389816078,0.0260920486111111,0.0276897347273122,0.0274083333333333
ULDI,620,2016,9,11,-28.293,31.421,607.9,0.0236664017990858,0.0222215277777777,0.0239368997406232,0.0225083333333333
ULDI,621,2016,9,12,-28.293,31.421,607.9,0.0247561475219222,0.0194262152777777,0.0190430032072545,0.0206708333333333
ULDI,622,2016,9,13,-28.293,31.421,607.9,0.0302074896807339,0.0285682291666666,0.0287034371051086,0.0290708333333333
ULDI,623,2016,9,14,-28.293,31.421,607.9,0.027585999536788,0.0263288888888888,0.0281618410681902,0.0273458333333333
ULDI,624,2016,9,15,-28.293,31.421,607.9,0.0257923103292149,0.0246154710144927,0.0257569418013616,0.0267708333333333
ULDI,626,2016,9,17,-28.293,31.421,607.9,0.0282492387213442,0.0276638888888888,0.0289139353053868,0.0280249999999999
ULDI,627,2016,9,18,-28.293,31.421,607.9,0.0245732053977336,0.0237862152777777,0.0249150781486919,0.0241458333333333
ULDI,628,2016,9,19,-28.293,31.421,607.9,0.0208215100838874,0.0187584027777777,0.0198379940141413,0.0196041666666666
ULDI,629,2016,9,20,-28.293,31.421,607.9,0.0180595830506294,0.0150248611111111,0.0154305992328479,0.01705
ULDI,630,2016,9,21,-28.293,31.421,607.9,0.0169021908834327,0.0153090625,0.0148786971939072,0.01605
ULDI,631,2016,9,22,-28.293,31.421,607.9,0.0221639172192945,0.0206502777777777,0.0188294550515049,0.021375
ULDI,632,2016,9,23,-28.293,31.421,607.9,0.0245835812163104,0.0231852083333333,0.023497067009453,0.0237666666666666
ULDI,633,2016,9,24,-28.293,31.421,607.9,0.0236354509302946,0.0215634375,0.0236109818895734,0.0240333333333333
ULDI,635,2016,9,26,-28.293,31.421,607.9,0.0219750906366042,0.0207576388888888,0.0206970738462681,0.0219625
ULDI,636,2016,9,27,-28.293,31.421,607.9,0.0279134054893744,0.0262896875,0.0255853846930163,0.0282916666666666
ULDI,637,2016,9,28,-28.293,31.421,607.9,0.0266580312456067,0.0240435416666666,0.0264853441533467,0.0242458333333333
ULDI,638,2016,9,29,-28.293,31.421,607.9,0.0164049854201115,0.0148676388888888,0.0160804307333408,0.0167291666666666
ULDI,639,2016,9,30,-28.293,31.421,607.9,0.0216769968424699,0.0205234722222222,0.0196340779132855,0.0206958333333333
ULDI,640,2016,10,1,-28.293,31.421,607.9,0.0255785459863079,0.0230005555555555,0.023774095270635,0.0236124999999999
ULDI,641,2016,10,2,-28.293,31.421,607.9,0.0168684650277857,0.0145353819444444,0.0173997056839534,0.0156375
ULDI,642,2016,10,3,-28.293,31.421,607.9,0.0143965331901276,0.0120570486111111,0.0125292546267964,0.0124666666666666
ULDI,643,2016,10,4,-28.293,31.421,607.9,0.014394066370935,0.0127973263888888,0.0133124992169818,0.0122291666666666
ULDI,644,2016,10,5,-28.293,31.421,607.9,0.0115530033887522,0.0095545138888888,0.0100549570352526,0.0106208333333333
ULDI,645,2016,10,6,-28.293,31.421,607.9,0.0134072137306073,0.0090753472222222,0.0098891273265509,0.0122791666666666
ULDI,646,2016,10,7,-28.293,31.421,607.9,0.0223424847265214,0.0212030902777777,0.0216438186542485,0.022
ULDI,647,2016,10,8,-28.293,31.421,607.9,0.0273830205883604,0.0252645833333333,0.0268362698957441,0.0269916666666666
ULDI,648,2016,10,9,-28.293,31.421,607.9,0.0254605351398713,0.0259482291666666,0.0280858746440231,0.0269416666666666
ULDI,649,2016,10,10,-28.293,31.421,607.9,0.0170519218662818,0.0149594097222222,0.0160009145251819,0.0158125
ULDI,650,2016,10,11,-28.293,31.421,607.9,0.0199478606407672,0.0147412152777777,0.0160420761717242,0.0178458333333333
ULDI,651,2016,10,12,-28.293,31.421,607.9,0.0223392084485833,0.0212952083333333,0.0222772218259806,0.0217166666666666
ULDI,652,2016,10,13,-28.293,31.421,607.9,0.0242206401631657,0.0225124652777777,0.0211899273108683,0.022325
ULDI,653,2016,10,14,-28.293,31.421,607.9,0.0259118635333926,0.0241357986111111,0.0245492596084692,0.0246958333333333
ULDI,654,2016,10,15,-28.293,31.421,607.9,0.0258736384884888,0.0223002083333333,0.0218798654223842,0.0256
ULDI,655,2016,10,16,-28.293,31.421,607.9,0.0305818977890632,0.0301904513888888,0.0288495321807474,0.030325
ULDI,656,2016,10,17,-28.293,31.421,607.9,0.0254021303788044,0.0231039930555555,0.0257533676025192,0.0244291666666666
ULDI,657,2016,10,18,-28.293,31.421,607.9,0.0279794108838763,0.0243701041666666,0.0235401752096805,0.0243374999999999
ULDI,658,2016,10,19,-28.293,31.421,607.9,0.0352947652710797,0.0307612152777777,0.032834721302222,0.0332625
ULDI,659,2016,10,20,-28.293,31.421,607.9,0.0350063006272162,0.0320288541666666,0.0360180223694823,0.0362958333333333
ULDI,660,2016,10,21,-28.293,31.421,607.9,0.0318272282878863,0.0274580555555555,0.0299783437889275,0.031775
ULDI,661,2016,10,22,-28.293,31.421,607.9,0.0292464753170588,0.0259414583333333,0.0273631554301402,0.0312083333333333
ULDI,662,2016,10,23,-28.293,31.421,607.9,0.0356215223678119,0.0344598958333333,0.0341611653713716,0.0345583333333333
ULDI,663,2016,10,24,-28.293,31.421,607.9,0.0356900122848602,0.0341578125,0.0313335007548189,0.0344291666666666
ULDI,664,2016,10,25,-28.293,31.421,607.9,0.0324588200577706,0.0293981944444444,0.0299949513859609,0.0306416666666666
ULDI,665,2016,10,26,-28.293,31.421,607.9,0.0320022393055321,0.0294434375,0.0304080128536328,0.0311208333333333
ULDI,666,2016,10,27,-28.293,31.421,607.9,0.0314024143871606,0.0261989930555555,0.0257381670710449,0.0286333333333333
ULDI,667,2016,10,28,-28.293,31.421,607.9,0.0356422690140529,0.0323899652777777,0.0327991434794239,0.03465
ULDI,668,2016,10,29,-28.293,31.421,607.9,0.0378553919536239,0.0351856944444444,0.0335099537679405,0.0361666666666666
ULDI,669,2016,10,30,-28.293,31.421,607.9,0.0297183861702953,0.0298482986111111,0.031932970485493,0.0302583333333333
ULDI,671,2016,11,1,-28.293,31.421,607.9,0.0343989516093161,0.0333342361111111,0.0334396572273909,0.0344583333333333
ULDI,672,2016,11,2,-28.293,31.421,607.9,0.0341768144734322,0.0336434722222222,0.0345292635420488,0.0351249999999999
ULDI,673,2016,11,3,-28.293,31.421,607.9,0.0295781031848311,0.0299870833333333,0.032302788476775,0.03365
ULDI,674,2016,11,4,-28.293,31.421,607.9,0.0345894542860233,0.0330850694444444,0.0315066985394119,0.0358
ULDI,675,2016,11,5,-28.293,31.421,607.9,0.0421293876548601,0.0397729513888888,0.0425578097453015,0.0447416666666666
ULDI,676,2016,11,6,-28.293,31.421,607.9,0.0435484321563587,0.042224375,0.0440213029199387,0.0430125
ULDI,677,2016,11,7,-28.293,31.421,607.9,0.0360901321773707,0.0340260763888888,0.0353869214946098,0.0353125
ULDI,678,2016,11,8,-28.293,31.421,607.9,0.037303231563794,0.0374408680555555,0.0375584033193717,0.0394958333333333
ULDI,679,2016,11,9,-28.293,31.421,607.9,0.0362693522294411,0.0351985069444444,0.0390801386202833,0.0387583333333333
ULDI,680,2016,11,10,-28.293,31.421,607.9,0.035956397085411,0.033480625,0.0351334085923681,0.03485
ULDI,681,2016,11,11,-28.293,31.421,607.9,0.0343686723854824,0.0332488888888888,0.0355810175643583,0.0343333333333333
ULDI,682,2016,11,12,-28.293,31.421,607.9,0.0335878078988617,0.0309492361111111,0.0299929274685723,0.0327291666666666
ULDI,683,2016,11,13,-28.293,31.421,607.9,0.0301515600290672,0.0284072916666666,0.0289009578451946,0.0280583333333333
ULDI,684,2016,11,14,-28.293,31.421,607.9,0.0249047848001988,0.0229576388888888,0.0230894247656004,0.0240208333333333
ULDI,685,2016,11,15,-28.293,31.421,607.9,0.0262662142321432,0.0244172569444444,0.0232127914877866,0.0238833333333333
ULDI,686,2016,11,16,-28.293,31.421,607.9,0.0267806369668371,0.0245572569444444,0.0241979860866351,0.0280583333333333
ULDI,687,2016,11,17,-28.293,31.421,607.9,0.0298578569465108,0.0293697569444444,0.0290327118191689,0.0313416666666666
ULDI,688,2016,11,18,-28.293,31.421,607.9,0.0250856029497721,0.0221583680555555,0.0239193011921536,0.0233958333333333
ULDI,689,2016,11,19,-28.293,31.421,607.9,0.0236813636533022,0.0213384375,0.022983792312064,0.0224499999999999
ULDI,690,2016,11,20,-28.293,31.421,607.9,0.0274649771906207,0.0244719791666666,0.0244520264843113,0.0258166666666666
ULDI,691,2016,11,21,-28.293,31.421,607.9,0.0320558536981225,0.0265560763888888,0.0283731812612428,0.0313416666666666
ULDI,692,2016,11,22,-28.293,31.421,607.9,0.0368475141608107,0.0354723958333333,0.0361383716725368,0.0358041666666666
ULDI,693,2016,11,23,-28.293,31.421,607.9,0.0383044451583076,0.0382907142857142,0.0391991403532798,0.040075
ULDI,694,2016,11,24,-28.293,31.421,607.9,0.0343563790172044,0.0316891393442623,0.0385919082449444,0.0379375
ULDI,695,2016,11,25,-28.293,31.421,607.9,0.0343789149059738,0.0340614583333333,0.0342138101306903,0.0332374999999999
ULDI,696,2016,11,26,-28.293,31.421,607.9,0.0287615006385779,0.0261914583333333,0.0277608520035554,0.027675
ULDI,697,2016,11,27,-28.293,31.421,607.9,0.0293800879812985,0.0291431597222222,0.0303147351793955,0.0306
ULDI,698,2016,11,28,-28.293,31.421,607.9,0.032879721449011,0.0307772222222222,0.0293257417232024,0.033025
ULDI,699,2016,11,29,-28.293,31.421,607.9,0.0308680475957834,0.0294874305555555,0.0304367420828476,0.0299291666666666
ULDI,919,2017,7,7,-28.293,31.421,607.9,0.012058410823718,0.0095797222222222,0.0105333734011346,0.0104708333333333
ULDI,920,2017,7,8,-28.293,31.421,607.9,0.0157219185133788,0.0143267361111111,0.0149585429295631,0.0152124999999999
ULDI,921,2017,7,9,-28.293,31.421,607.9,0.0124346745406053,0.0106342708333333,0.0123764665939343,0.0121416666666666
ULDI,922,2017,7,10,-28.293,31.421,607.9,0.0146949638776001,0.0150064236111111,0.0154524653140323,0.0163625
ULDI,923,2017,7,11,-28.293,31.421,607.9,0.0199926512589009,0.0174709375,0.0188609415383877,0.0194083333333333
ULDI,924,2017,7,12,-28.293,31.421,607.9,0.0194759694565003,0.0192423958333333,0.0215841048381497,0.0211208333333333
ULDI,925,2017,7,13,-28.293,31.421,607.9,0.0156276760774013,0.0159746875,0.0167727775515065,0.0174583333333333
ULDI,927,2017,7,15,-28.293,31.421,607.9,0.0136436071791557,0.0126647569444444,0.0146758095431033,0.0142125
ULDI,928,2017,7,16,-28.293,31.421,607.9,0.012695181647775,0.0113582986111111,0.0113274133878428,0.0113875
ULDI,929,2017,7,17,-28.293,31.421,607.9,0.011175152801701,0.0095109027777777,0.011049541478036,0.0103833333333333
ULDI,930,2017,7,18,-28.293,31.421,607.9,0.007606293202794,0.0055685416666666,0.0078410073955598,0.007325
ULDI,931,2017,7,19,-28.293,31.421,607.9,0.006670329736328,0.0074203819444444,0.00892673375482,0.0089083333333333
ULDI,932,2017,7,20,-28.293,31.421,607.9,0.0058028319421547,0.0071943402777777,0.0075842823117274,0.0082708333333333
ULDI,934,2017,7,22,-28.293,31.421,607.9,0.0145813349587736,0.0099832638888888,0.0090976109607228,0.0120791666666666
ULDI,935,2017,7,23,-28.293,31.421,607.9,0.0166260755725775,0.0148716319444444,0.0147295758910588,0.0147666666666666
ULDI,936,2017,7,24,-28.293,31.421,607.9,0.0137088002211908,0.01241375,0.0133431314374924,0.0130291666666666
ULDI,937,2017,7,25,-28.293,31.421,607.9,0.0076113187402071,0.0057463194444444,0.0077400409949143,0.0076208333333333
ULDI,938,2017,7,26,-28.293,31.421,607.9,0.0138436787491672,0.0155716319444444,0.0148731275265121,0.0157291666666666
ULDI,939,2017,7,27,-28.293,31.421,607.9,0.01522575058653,0.0118505208333333,0.0139005168614272,0.0131625
ULDI,941,2017,7,29,-28.293,31.421,607.9,0.0071553201061516,0.0053206944444444,0.0075886794813368,0.0073
ULDI,942,2017,7,30,-28.293,31.421,607.9,0.0139901301756357,0.0139437499999999,0.0130414357593408,0.014425
ULDI,944,2017,8,1,-28.293,31.421,607.9,0.0146021523344897,0.0121628125,0.0139737568587705,0.0135583333333333
ULDI,945,2017,8,2,-28.293,31.421,607.9,0.0128662375413157,0.01093875,0.0128883929468409,0.0130666666666666
ULDI,946,2017,8,3,-28.293,31.421,607.9,0.0140199937972615,0.0126338541666666,0.0140239529305339,0.0144916666666666
ULDI,948,2017,8,5,-28.293,31.421,607.9,0.018352288903476,0.0138604513888888,0.0149975452049879,0.0153166666666666
ULDI,949,2017,8,6,-28.293,31.421,607.9,0.0177330115983557,0.0154305902777777,0.0163372085086233,0.016625
ULDI,950,2017,8,7,-28.293,31.421,607.9,0.0194301246550517,0.0177114930555555,0.0173216640040863,0.0182458333333333
ULDI,951,2017,8,8,-28.293,31.421,607.9,0.0214171507126315,0.0192476388888888,0.0190330697233133,0.0197958333333333
ULDI,952,2017,8,9,-28.293,31.421,607.9,0.0176402451936438,0.0157314930555555,0.01804747774107,0.0180291666666666
ULDI,953,2017,8,10,-28.293,31.421,607.9,0.0158269112313191,0.0129513888888888,0.0137956946402288,0.0153125
ULDI,955,2017,8,12,-28.293,31.421,607.9,0.01890427078786,0.0144429513888888,0.0145829731151831,0.0155833333333333
ULDI,956,2017,8,13,-28.293,31.421,607.9,0.0231050849354654,0.0204208333333333,0.0212712274971045,0.0216291666666666
ULDI,957,2017,8,14,-28.293,31.421,607.9,0.015989338240926,0.0155683333333333,0.0181550619662983,0.0175458333333333
ULDI,959,2017,8,16,-28.293,31.421,607.9,0.020180200167288,0.0191773039215686,0.016164721177347,0.018875
ULDI,960,2017,8,17,-28.293,31.421,607.9,0.0169547718873523,0.0154911458333333,0.0169933268204693,0.0157083333333333
ULDI,963,2017,8,20,-28.293,31.421,607.9,0.0117018848241673,0.0102582291666666,0.0106049111753264,0.0109416666666666
ULDI,964,2017,8,21,-28.293,31.421,607.9,0.0098139034317784,0.0086615625,0.0108894978798746,0.0109249999999999
ULDI,965,2017,8,22,-28.293,31.421,607.9,0.0107807221400628,0.008565,0.0103232395540012,0.0106041666666666
ULDI,966,2017,8,23,-28.293,31.421,607.9,0.0083069473677412,0.00761875,0.009012407979326,0.0098958333333333
ULDI,967,2017,8,24,-28.293,31.421,607.9,0.0062677669234242,0.0087031597222222,0.0088465604096328,0.0098083333333333
ULDI,978,2017,9,4,-28.293,31.421,607.9,0.0083847011306578,0.0082244444444444,0.0106617487552551,0.011075
ULDI,979,2017,9,5,-28.293,31.421,607.9,0.0070700287238025,0.0051893749999999,0.0071314386352535,0.006675
ULDI,980,2017,9,6,-28.293,31.421,607.9,0.0090456685954526,0.0116732291666666,0.0115567024278258,0.0127875
ULDI,1001,2017,9,27,-28.293,31.421,607.9,0.0206077738029531,0.0156364930555555,0.0150447700918206,0.0161291666666666
ULDI,1002,2017,9,28,-28.293,31.421,607.9,0.0220796542606253,0.020270948275862,0.0201166838726404,0.0202833333333333
ULDI,1004,2017,9,30,-28.293,31.421,607.9,0.0290212442084463,0.0298095486111111,0.0308102509232256,0.0310208333333333
ULDI,1005,2017,10,1,-28.293,31.421,607.9,0.0299713180315251,0.0273003472222222,0.0288679492696396,0.0309
ULDI,1006,2017,10,2,-28.293,31.421,607.9,0.0336596697569375,0.0322528819444444,0.0329752689899349,0.0334874999999999
ULDI,1007,2017,10,3,-28.293,31.421,607.9,0.02899812615928,0.0251255902777777,0.0272901850473574,0.02845
ULDI,1008,2017,10,4,-28.293,31.421,607.9,0.027837158506557,0.0277963779527559,0.0262874362907171,0.0288458333333333
ULDI,1009,2017,10,5,-28.293,31.421,607.9,0.0303626731890409,0.0286370129870129,0.0304677474156997,0.0295708333333333
ULDI,1011,2017,10,7,-28.293,31.421,607.9,0.0267167179959814,0.0282615972222222,0.0317971027928828,0.0313083333333333
ULDI,1012,2017,10,8,-28.293,31.421,607.9,0.029110296982322,0.0268578125,0.0239648611683374,0.0253083333333333
ULDI,1013,2017,10,9,-28.293,31.421,607.9,0.0296035568524265,0.0269595161290322,0.0296787124594552,0.0301291666666666
ULDI,1014,2017,10,10,-28.293,31.421,607.9,0.0192662370921306,0.0183541125541125,0.0215156023914793,0.0203875
ULDI,1015,2017,10,11,-28.293,31.421,607.9,0.013689488865314,0.0107032638888888,0.0128967159947125,0.0133458333333333
ULDI,1016,2017,10,12,-28.293,31.421,607.9,0.0185644099250404,0.0166710763888888,0.0163814162839328,0.0178916666666666
ULDI,1017,2017,10,13,-28.293,31.421,607.9,0.0200939051864918,0.0187099305555555,0.0185435896688301,0.0193916666666666
ULDI,1020,2017,10,16,-28.293,31.421,607.9,0.0201549836202549,0.0186330463576158,0.0196135408774039,0.0197166666666666
ULDI,1021,2017,10,17,-28.293,31.421,607.9,0.0187027782672159,0.0161148051948051,0.0137067337042104,0.0164083333333333
ULDI,1022,2017,10,18,-28.293,31.421,607.9,0.0157938094097114,0.0130953987730061,0.0148648945708955,0.0142791666666666
ULDI,1023,2017,10,19,-28.293,31.421,607.9,0.0263713189055328,0.0207741921397379,0.0186847588128238,0.0201416666666666
ULDI,1024,2017,10,20,-28.293,31.421,607.9,0.0278489535937743,0.0254880208333333,0.0252650034537474,0.0257875
ULDI,1025,2017,10,21,-28.293,31.421,607.9,0.0287666039581092,0.0296663194444444,0.0283201143670601,0.0285916666666666
ULDI,1026,2017,10,22,-28.293,31.421,607.9,0.0285525388644708,0.0269682986111111,0.0304356244590725,0.0302875
ULDI,1027,2017,10,23,-28.293,31.421,607.9,0.0338504745196129,0.0325630902777777,0.0326775036044954,0.0362208333333333
ULDI,1028,2017,10,24,-28.293,31.421,607.9,0.0334310109451365,0.0323671527777777,0.035008847658717,0.0365458333333333
ULDI,1029,2017,10,25,-28.293,31.421,607.9,0.0307220580431966,0.0284378819444444,0.0272918460105477,0.0293208333333333
ULDI,1030,2017,10,26,-28.293,31.421,607.9,0.0316591685566461,0.0297785069444444,0.032321418193627,0.0314416666666666
ULDI,1032,2017,10,28,-28.293,31.421,607.9,0.0144840544775475,0.0156017708333333,0.016772063861216,0.0150166666666666
ULDI,1033,2017,10,29,-28.293,31.421,607.9,0.0169300074754275,0.0145491319444444,0.0146993249703003,0.0156208333333333
ULDI,1034,2017,10,30,-28.293,31.421,607.9,0.0177521797844617,0.0164007291666666,0.0186473834980052,0.0185833333333333
ULDI,1036,2017,11,1,-28.293,31.421,607.9,0.0101635715511552,0.0082113541666666,0.0096613316864815,0.009525
ULDI,1037,2017,11,2,-28.293,31.421,607.9,0.0113854254934757,0.0112956944444444,0.0103416967596316,0.0112666666666666
ULDI,1042,2017,11,7,-28.293,31.421,607.9,0.0266918745602705,0.0247847222222222,0.0258151345799579,0.0250458333333333
ULDI,1046,2017,11,11,-28.293,31.421,607.9,0.0306305736183693,0.0278262152777777,0.0288543570082634,0.0299958333333333
ULDI,1047,2017,11,12,-28.293,31.421,607.9,0.0270430236460001,0.025630625,0.0273843848439804,0.0284083333333333
ULDI,1048,2017,11,13,-28.293,31.421,607.9,0.0280467959363795,0.0247578472222222,0.0245971266529623,0.0274833333333333
ULDI,1049,2017,11,14,-28.293,31.421,607.9,0.0334761434138327,0.0322640314136125,0.0318335386778093,0.0365208333333333
ULDI,1050,2017,11,15,-28.293,31.421,607.9,0.0370568797210851,0.0352902145922746,0.0383002662539706,0.0382875
ULDI,1077,2017,12,12,-28.293,31.421,607.9,0.0337474135594621,0.0312896527777777,0.0300212775039509,0.0316625
ULDI,1078,2017,12,13,-28.293,31.421,607.9,0.0310005053401634,0.0263445833333333,0.0270215295533068,0.0270625
ULDI,1099,2018,1,3,-28.293,31.421,607.9,0.0220930671960896,0.0204301736111111,0.0210035958151739,0.0208416666666666
ULDI,1102,2018,1,6,-28.293,31.421,607.9,0.0341145591669334,0.0297965972222222,0.0297938409251241,0.0319208333333333
ULDI,1103,2018,1,7,-28.293,31.421,607.9,0.0334395487241378,0.0295537152777777,0.0323595377264684,0.0335958333333333
ULDI,1104,2018,1,8,-28.293,31.421,607.9,0.0370563650774784,0.0350233333333333,0.0362172346606225,0.0383875
ULDI,1105,2018,1,9,-28.293,31.421,607.9,0.0354611343508386,0.0337670138888888,0.0357761022814127,0.0346666666666666
ULDI,1106,2018,1,10,-28.293,31.421,607.9,0.0285580018796603,0.0267432986111111,0.0279115443347095,0.0271875
ULDI,1107,2018,1,11,-28.293,31.421,607.9,0.0267350083967202,0.0245244444444444,0.0254594182163659,0.02455
ULDI,1110,2018,1,14,-28.293,31.421,607.9,0.0131046130427945,0.0125786458333333,0.0153257565129778,0.0144374999999999
ULDI,1111,2018,1,15,-28.293,31.421,607.9,0.0245359756833493,0.0240227430555555,0.0229363831794622,0.0255041666666666
ULDI,1112,2018,1,16,-28.293,31.421,607.9,0.0295547390704099,0.0282495138888888,0.0311625795728283,0.0303666666666666
ULDI,1113,2018,1,17,-28.293,31.421,607.9,0.0236767438525624,0.0216506597222222,0.0235515607033826,0.0225583333333333
ULDI,1114,2018,1,18,-28.293,31.421,607.9,0.0223371161194884,0.0191586805555555,0.0206898866881919,0.018325
ULDI,1117,2018,1,21,-28.293,31.421,607.9,0.0339934680127629,0.0338137152777777,0.0332226796521823,0.031525
ULDI,1118,2018,1,22,-28.293,31.421,607.9,0.0361323680098724,0.0321379026217228,0.0327482202648477,0.0310375
ULDI,1119,2018,1,23,-28.293,31.421,607.9,0.0397390017285892,0.0362202536231884,0.0368231558728779,0.037175
ULDI,1120,2018,1,24,-28.293,31.421,607.9,0.0411605071913505,0.0390054861111111,0.0382273723827105,0.0425375
ULDI,1121,2018,1,25,-28.293,31.421,607.9,0.0401512797791411,0.0364716319444444,0.0370569402969377,0.0378708333333333
ULDI,1123,2018,1,27,-28.293,31.421,607.9,0.0370585749200066,0.0336584027777777,0.0358122888120764,0.0368208333333333
ULDI,1124,2018,1,28,-28.293,31.421,607.9,0.034980705827602,0.0323188541666666,0.0344526736443705,0.0351041666666666
ULDI,1125,2018,1,29,-28.293,31.421,607.9,0.0328467762666562,0.0317743402777777,0.0341605421112164,0.0339
ULDI,1126,2018,1,30,-28.293,31.421,607.9,0.0344216805825453,0.0308366319444444,0.0312989551528948,0.0338041666666666
ULDI,1128,2018,2,1,-28.293,31.421,607.9,0.0342133935906753,0.0319259722222222,0.0343910014007189,0.0327916666666666
ULDI,1129,2018,2,2,-28.293,31.421,607.9,0.0379121051017347,0.0361338541666666,0.0326621517042116,0.0355041666666666
ULDI,1130,2018,2,3,-28.293,31.421,607.9,0.0383950873334359,0.03576,0.03745666219431,0.0364291666666666
ULDI,1131,2018,2,4,-28.293,31.421,607.9,0.0397550248983394,0.0360420486111111,0.0358576302996065,0.0371
ULDI,1132,2018,2,5,-28.293,31.421,607.9,0.0321602460745963,0.0305311111111111,0.0342653099636699,0.0339541666666666
ULDI,1133,2018,2,6,-28.293,31.421,607.9,0.0322404432715603,0.0281,0.0265343509927349,0.0283666666666666
ULDI,1134,2018,2,7,-28.293,31.421,607.9,0.0354900486961924,0.0328113888888888,0.0333528411968342,0.0347166666666666
ULDI,1135,2018,2,8,-28.293,31.421,607.9,0.0321948326145847,0.0301778124999999,0.0302990198502246,0.0295041666666666
ULDI,1136,2018,2,9,-28.293,31.421,607.9,0.0293056697682576,0.0275912847222222,0.0283499665510474,0.0279666666666666
ULDI,1137,2018,2,10,-28.293,31.421,607.9,0.0304066473726728,0.0275101104972375,0.0248013634248936,0.0262666666666666
ULDI,1138,2018,2,11,-28.293,31.421,607.9,0.0339472680451308,0.0349873958333333,0.0333731736547834,0.035375
ULDI,1139,2018,2,12,-28.293,31.421,607.9,0.0326855311020041,0.0299752631578947,0.0298749844330064,0.0299541666666666
ULDI,1140,2018,2,13,-28.293,31.421,607.9,0.0382202933688737,0.0379582986111111,0.0363791277620823,0.0356583333333333
ULDI,1141,2018,2,14,-28.293,31.421,607.9,0.0390929659024437,0.0363354513888888,0.0358965791403323,0.0373999999999999
ULDI,1142,2018,2,15,-28.293,31.421,607.9,0.0398489723210659,0.0373686805555555,0.039023954069434,0.0398
ULDI,1143,2018,2,16,-28.293,31.421,607.9,0.0382027452249352,0.0376697569444444,0.0409380125959722,0.0397208333333333
ULDI,1144,2018,2,17,-28.293,31.421,607.9,0.0349773011195469,0.0355685069444444,0.0381155844052142,0.0371291666666666
ULDI,1145,2018,2,18,-28.293,31.421,607.9,0.0344622412688387,0.0302618402777777,0.0311177708565905,0.0338916666666666
ULDI,1146,2018,2,19,-28.293,31.421,607.9,0.0482050506100477,0.0469990624999999,0.0458986917352366,0.0477583333333333
ULDI,1147,2018,2,20,-28.293,31.421,607.9,0.0482634064584899,0.0456930208333333,0.047072980442673,0.0475166666666666
ULDI,1148,2018,2,21,-28.293,31.421,607.9,0.0445621147971731,0.0437697569444444,0.0444375144572395,0.0413291666666666
ULDI,1149,2018,2,22,-28.293,31.421,607.9,0.0358156761872493,0.0340812152777777,0.0376564181090001,0.0375625
ULDI,1150,2018,2,23,-28.293,31.421,607.9,0.0323125304814108,0.030498125,0.0313252119359591,0.0317458333333333
ULDI,1151,2018,2,24,-28.293,31.421,607.9,0.0357406177608334,0.0344051041666666,0.0333264452797902,0.0363333333333333
ULDI,1152,2018,2,25,-28.293,31.421,607.9,0.032545938404743,0.0324146875,0.0359864115703043,0.0340833333333333
ULDI,1153,2018,2,26,-28.293,31.421,607.9,0.0226409800115225,0.0200277083333333,0.019062804713386,0.019675
ULDI,1154,2018,2,27,-28.293,31.421,607.9,0.0236344133943058,0.0198949305555555,0.021896776110288,0.0225958333333333
ULDI,1156,2018,3,1,-28.293,31.421,607.9,0.0242282325999165,0.0202394791666666,0.02007915814727,0.021175
ULDI,1157,2018,3,2,-28.293,31.421,607.9,0.0268386573291513,0.02583875,0.0261375702724398,0.0259541666666666
ULDI,1158,2018,3,3,-28.293,31.421,607.9,0.0300750829083669,0.0291002777777777,0.0264217724356719,0.0257458333333333
ULDI,1159,2018,3,4,-28.293,31.421,607.9,0.0328072538921807,0.0302879861111111,0.0326200562065777,0.0312
ULDI,1160,2018,3,5,-28.293,31.421,607.9,0.0362071835830481,0.0316118055555555,0.0332956409734947,0.0329208333333333
ULDI,1161,2018,3,6,-28.293,31.421,607.9,0.0382623645723793,0.0353667361111111,0.0357357630913276,0.0365041666666666
ULDI,1162,2018,3,7,-28.293,31.421,607.9,0.0384220754216247,0.0380762152777777,0.0393109645085543,0.0403791666666666
ULDI,1163,2018,3,8,-28.293,31.421,607.9,0.0369779911736453,0.0370549305555555,0.0394871859709201,0.0388416666666666
ULDI,1164,2018,3,9,-28.293,31.421,607.9,0.0282354888299839,0.0250542424242424,0.0240390089613201,0.0242583333333333
ULDI,1165,2018,3,10,-28.293,31.421,607.9,0.0313198068322551,0.0291312182741116,0.0280469652589718,0.0300916666666666
ULDI,1166,2018,3,11,-28.293,31.421,607.9,0.0354694704147279,0.0343918055555555,0.0313891303269598,0.0331916666666666
ULDI,1167,2018,3,12,-28.293,31.421,607.9,0.0324846142417667,0.0301790972222222,0.0321122040586143,0.0316416666666666
ULDI,1168,2018,3,13,-28.293,31.421,607.9,0.0287875450694577,0.0261882986111111,0.0261420419901602,0.0261125
ULDI,1170,2018,3,15,-28.293,31.421,607.9,0.0324564248510232,0.0309811805555555,0.0329273187296681,0.0357791666666666
ULDI,1177,2018,3,22,-28.293,31.421,607.9,0.0413235231302844,0.0392714930555555,0.0399954280215173,0.0398625
ULDI,1178,2018,3,23,-28.293,31.421,607.9,0.0350696066751581,0.0357855555555555,0.0381062012211378,0.036625
ULDI,1179,2018,3,24,-28.293,31.421,607.9,0.0269803280441557,0.0251566666666666,0.0242375389708152,0.0249833333333333
ULDI,1180,2018,3,25,-28.293,31.421,607.9,0.0297545862273568,0.0299826388888888,0.0297557369219558,0.0315958333333333
ULDI,1181,2018,3,26,-28.293,31.421,607.9,0.0271279260645174,0.0243221527777777,0.0253515987402859,0.0261708333333333
ULDI,1182,2018,3,27,-28.293,31.421,607.9,0.024035717465518,0.0215657291666666,0.0226374540222587,0.0242124999999999
ULDI,1183,2018,3,28,-28.293,31.421,607.9,0.0200033015092431,0.0177878125,0.0173911756881482,0.0189791666666666
ULDI,1184,2018,3,29,-28.293,31.421,607.9,0.0218493365158209,0.0193030555555555,0.0167246648934266,0.018925
ULDI,1185,2018,3,30,-28.293,31.421,607.9,0.033917033452763,0.0319649305555555,0.0306059753538768,0.0318875
ULDI,1187,2018,4,1,-28.293,31.421,607.9,0.0384009333673236,0.0366654861111111,0.0356854606861712,0.0365375
ULDI,1188,2018,4,2,-28.293,31.421,607.9,0.0355205762488327,0.0334908333333333,0.0349639433503009,0.0359416666666666
ULDI,1189,2018,4,3,-28.293,31.421,607.9,0.0413805456644394,0.0410078125,0.0386758020813148,0.0411
ULDI,1190,2018,4,4,-28.293,31.421,607.9,0.0397506283417962,0.0367758680555555,0.0391228951650008,0.0386666666666666
ULDI,1191,2018,4,5,-28.293,31.421,607.9,0.0373456635559705,0.0335820486111111,0.0336263807555107,0.0357208333333333
ULDI,1192,2018,4,6,-28.293,31.421,607.9,0.030560264814924,0.0266700347222222,0.0296792223432177,0.0282041666666666
ULDI,1193,2018,4,7,-28.293,31.421,607.9,0.0281967199583556,0.0266256944444444,0.0265675526288242,0.0275083333333333
ULDI,1194,2018,4,8,-28.293,31.421,607.9,0.0309078923710799,0.0306549305555555,0.0325604453681615,0.03075
ULDI,1195,2018,4,9,-28.293,31.421,607.9,0.0318669266722803,0.0284193055555555,0.0302817344498252,0.0285875
ULDI,1196,2018,4,10,-28.293,31.421,607.9,0.0333181541221233,0.0311335416666666,0.0345626834832305,0.034325
ULDI,1197,2018,4,11,-28.293,31.421,607.9,0.0269350517090507,0.0252250347222222,0.0272913948007102,0.0270375
ULDI,1198,2018,4,12,-28.293,31.421,607.9,0.0249519291629836,0.0226580902777777,0.0220844382232225,0.0234166666666666
ULDI,1199,2018,4,13,-28.293,31.421,607.9,0.0294284302136348,0.0284612452830188,0.0292737182354004,0.0292333333333333
ULDI,1200,2018,4,14,-28.293,31.421,607.9,0.0340753951470247,0.0304586666666666,0.0308949634332521,0.0319583333333333
ULDI,1201,2018,4,15,-28.293,31.421,607.9,0.0276606538115152,0.0258900347222222,0.0289301301703553,0.028175
ULDI,1202,2018,4,16,-28.293,31.421,607.9,0.0195972878814265,0.0182975,0.0193196764418807,0.0191625
ULDI,1203,2018,4,17,-28.293,31.421,607.9,0.0199299991159245,0.0186433680555555,0.0185851757201514,0.0201333333333333
ULDI,1210,2018,4,24,-28.293,31.421,607.9,0.0138283078977514,0.0125320138888888,0.0124305782753301,0.0136916666666666
ULDI,1212,2018,4,26,-28.293,31.421,607.9,0.0174049019856091,0.0130792708333333,0.0127794626172888,0.0146583333333333
ULDI,1213,2018,4,27,-28.293,31.421,607.9,0.0200406247625655,0.0197360763888888,0.0202078657141606,0.0202
ULDI,1214,2018,4,28,-28.293,31.421,607.9,0.0227031951379175,0.0193011458333333,0.0205504586783709,0.0220458333333333
ULDI,1215,2018,4,29,-28.293,31.421,607.9,0.0295590928116726,0.0263557291666666,0.0282055357807634,0.0273458333333333
ULDI,1216,2018,4,30,-28.293,31.421,607.9,0.0277679884422057,0.0264761458333333,0.0282237561940838,0.0278041666666666
ULDI,1217,2018,5,1,-28.293,31.421,607.9,0.0263707315059184,0.0250643402777777,0.0261695238948122,0.0246208333333333
ULDI,1218,2018,5,2,-28.293,31.421,607.9,0.0244687349800803,0.0228143402777777,0.0249364646142567,0.0253458333333333
ULDI,1219,2018,5,3,-28.293,31.421,607.9,0.0233772957096543,0.0232215625,0.0238375398087813,0.0234041666666666
ULDI,1220,2018,5,4,-28.293,31.421,607.9,0.0189386460334602,0.0152933548387096,0.0161440849516636,0.0149416666666666
ULDI,1223,2018,5,7,-28.293,31.421,607.9,0.0052592596983302,0.0049227624309392,0.0074373523656183,0.0064166666666666
ULDI,1224,2018,5,8,-28.293,31.421,607.9,0.0080986617944073,0.0071477430555555,0.0085474785901532,0.00795
ULDI,1225,2018,5,9,-28.293,31.421,607.9,0.0158236889846834,0.0131033333333333,0.0136323673679109,0.0144125
ULDI,1226,2018,5,10,-28.293,31.421,607.9,0.0184740600778179,0.0168155208333333,0.0190368931979013,0.0178791666666666
ULDI,1227,2018,5,11,-28.293,31.421,607.9,0.0144844189518757,0.0121165277777777,0.0141247963426241,0.0143833333333333
ULDI,1228,2018,5,12,-28.293,31.421,607.9,0.0215322976075829,0.0202643055555555,0.0194827403536478,0.0208625
ULDI,1229,2018,5,13,-28.293,31.421,607.9,0.0241885697302362,0.0214790972222222,0.0235951042103778,0.0235458333333333
ULDI,1230,2018,5,14,-28.293,31.421,607.9,0.0225844674466207,0.0201463888888888,0.0223424914671363,0.0217
ULDI,1231,2018,5,15,-28.293,31.421,607.9,0.0264511973094933,0.0244336458333333,0.0256102697158798,0.0248291666666666
ULDI,1232,2018,5,16,-28.293,31.421,607.9,0.0287074414687316,0.0269499999999999,0.0297025044511226,0.0289291666666666
ULDI,1233,2018,5,17,-28.293,31.421,607.9,0.0280324867303644,0.0251895486111111,0.0255864220133376,0.0251666666666666
ULDI,1234,2018,5,18,-28.293,31.421,607.9,0.0296597278955923,0.0266114236111111,0.0262621775666403,0.0259041666666666
ULDI,1235,2018,5,19,-28.293,31.421,607.9,0.0247361691367268,0.0209682291666666,0.0219492832559835,0.0213666666666666
ULDI,1236,2018,5,20,-28.293,31.421,607.9,0.022157217672876,0.0199672569444444,0.0191264170059328,0.0185166666666666
ULDI,1237,2018,5,21,-28.293,31.421,607.9,0.019549764632113,0.0194577083333333,0.0202491424668147,0.0205375
ULDI,1238,2018,5,22,-28.293,31.421,607.9,0.0169963288495962,0.0140626041666666,0.0163914163863155,0.0156916666666666
ULDI,1239,2018,5,23,-28.293,31.421,607.9,0.0195482669579203,0.0180210763888888,0.0190319715571093,0.0194458333333333
ULDI,1240,2018,5,24,-28.293,31.421,607.9,0.0208671256080951,0.0186110763888888,0.0178928785674172,0.0184791666666666
ULDI,1241,2018,5,25,-28.293,31.421,607.9,0.0228530256058667,0.0208282291666666,0.0221255951060997,0.0214416666666666
ULDI,1242,2018,5,26,-28.293,31.421,607.9,0.0228816741026788,0.0204494444444444,0.0215240892679411,0.0215166666666666
ULDI,1243,2018,5,27,-28.293,31.421,607.9,0.0222774446227894,0.0206748958333333,0.0212801901155332,0.0218
ULDI,1244,2018,5,28,-28.293,31.421,607.9,0.0160643142479913,0.0141164583333333,0.014783329178342,0.0157166666666666
ULDI,1245,2018,5,29,-28.293,31.421,607.9,0.0183935579128435,0.0184512847222222,0.0195400833617779,0.0206499999999999
ULDI,1246,2018,5,30,-28.293,31.421,607.9,0.0185945837434712,0.0170713333333333,0.0167987412081371,0.0173583333333333
ULDI,1251,2018,6,4,-28.293,31.421,607.9,0.0167571871284828,0.0139186821705426,0.0171219796667485,0.0163333333333333
ULDI,1252,2018,6,5,-28.293,31.421,607.9,0.013582774446476,0.0127504513888888,0.0150296110375826,0.0138083333333333
ULDI,1253,2018,6,6,-28.293,31.421,607.9,0.011230843977766,0.0103943402777777,0.0137184222309711,0.0123749999999999
ULDI,1254,2018,6,7,-28.293,31.421,607.9,0.0082642712113113,0.0065713541666666,0.0092985802843012,0.0088375
ULDI,1255,2018,6,8,-28.293,31.421,607.9,0.0088812283119062,0.0080577777777777,0.0089631529579057,0.0092041666666666
ULDI,1256,2018,6,9,-28.293,31.421,607.9,0.0081048485946718,0.0053148263888888,0.0073532924986279,0.0071874999999999
ULDI,1257,2018,6,10,-28.293,31.421,607.9,0.0123567474320046,0.0113273611111111,0.0115087274271506,0.0129833333333333
ULDI,1258,2018,6,11,-28.293,31.421,607.9,0.0201981469175657,0.0198447916666666,0.0206659206984486,0.0198416666666666
ULDI,1259,2018,6,12,-28.293,31.421,607.9,0.0168988114083978,0.0146565625,0.0172012510489349,0.01735
ULDI,1260,2018,6,13,-28.293,31.421,607.9,0.0115723664206922,0.0094397222222222,0.0109349609757247,0.0107875
ULDI,1261,2018,6,14,-28.293,31.421,607.9,0.0080540477638686,0.0060163541666666,0.0088267969752278,0.0079208333333333
ULDI,1262,2018,6,15,-28.293,31.421,607.9,0.010664197173615,0.0084113888888888,0.0085124972161759,0.0099458333333333
ULDI,1263,2018,6,16,-28.293,31.421,607.9,0.0123362378132633,0.0109848051948051,0.0135015404823153,0.0157166666666666
ULDI,1264,2018,6,17,-28.293,31.421,607.9,0.0115573386779542,0.0110063888888888,0.0143496024823617,0.0131375
ULDI,1265,2018,6,18,-28.293,31.421,607.9,0.0071829807127723,0.0062496527777777,0.0083070798937019,0.0076583333333333
ULDI,1266,2018,6,19,-28.293,31.421,607.9,0.0071703419208175,0.0075810326086956,0.0105815099430486,0.0119374999999999
ULDI,1268,2018,6,21,-28.293,31.421,607.9,0.0135160842754533,0.0123267361111111,0.0144494510023962,0.0145708333333333
ULDI,1269,2018,6,22,-28.293,31.421,607.9,0.0104398183332579,0.0116994791666666,0.0125437818439515,0.0124958333333333
ULDI,1272,2018,6,25,-28.293,31.421,607.9,0.0159438301229563,0.0097789236111111,0.011658965767955,0.0120375
ULDI,1273,2018,6,26,-28.293,31.421,607.9,0.0162800422729747,0.0155478472222222,0.016391963634318,0.0150416666666666
ULDI,1274,2018,6,27,-28.293,31.421,607.9,0.0141866633974156,0.0117495138888888,0.0125963222134208,0.0131916666666666
ULDI,1275,2018,6,28,-28.293,31.421,607.9,0.0182401017128337,0.0176318402777777,0.0179309795723965,0.018625
ULDI,1276,2018,6,29,-28.293,31.421,607.9,0.0164285346379302,0.0140109722222222,0.017241042407397,0.0162791666666666
ULDI,1277,2018,6,30,-28.293,31.421,607.9,0.0108851788521127,0.0085373611111111,0.0103096528223876,0.0103083333333333
ULDI,1278,2018,7,1,-28.293,31.421,607.9,0.0089888376289449,0.0068530555555555,0.0088407806221314,0.0083333333333333
ULDI,1279,2018,7,2,-28.293,31.421,607.9,0.0100036597416803,0.0081063888888888,0.0084670243509014,0.009375
ULDI,1280,2018,7,3,-28.293,31.421,607.9,0.009344804008593,0.0084900694444444,0.0088653270038598,0.009525
ULDI,1281,2018,7,4,-28.293,31.421,607.9,0.0102466423170858,0.0089433636363636,0.0104669020221251,0.009775
ULDI,1282,2018,7,5,-28.293,31.421,607.9,0.0100806808838162,0.0088420138888888,0.0095596378484511,0.0087458333333333
ULDI,1283,2018,7,6,-28.293,31.421,607.9,0.0153672431886731,0.0135314930555555,0.0148205138286875,0.0146708333333333
ULDI,1284,2018,7,7,-28.293,31.421,607.9,0.0179589160922019,0.0169878472222222,0.0181249736069999,0.0177333333333333
ULDI,1285,2018,7,8,-28.293,31.421,607.9,0.0214217301335131,0.0199605902777777,0.0202015665311941,0.0200666666666666
ULDI,1286,2018,7,9,-28.293,31.421,607.9,0.023021440617293,0.0207408680555555,0.0229824243922954,0.0217541666666666
ULDI,1287,2018,7,10,-28.293,31.421,607.9,0.0201590128421989,0.0181016319444444,0.0202629415316254,0.0188583333333333
ULDI,1288,2018,7,11,-28.293,31.421,607.9,0.0177285168905077,0.0163753125,0.0176251464267188,0.0166416666666666
ULDI,1289,2018,7,12,-28.293,31.421,607.9,0.0147049511613727,0.0123525347222222,0.0137917422968893,0.0147125
ULDI,1290,2018,7,13,-28.293,31.421,607.9,0.0147313681424831,0.0111164236111111,0.0122242175368001,0.0127291666666666
ULDI,1291,2018,7,14,-28.293,31.421,607.9,0.0199925408359772,0.0210102430555555,0.0219275396864935,0.0218375
ULDI,1292,2018,7,15,-28.293,31.421,607.9,0.012410397000601,0.0111545486111111,0.0125009508594403,0.0119083333333333
ULDI,1293,2018,7,16,-28.293,31.421,607.9,0.0131066186012257,0.0123686111111111,0.0122774493616714,0.0111
ULDI,1294,2018,7,17,-28.293,31.421,607.9,0.0136695300270913,0.0126839236111111,0.0127241874983612,0.012875
ULDI,1295,2018,7,18,-28.293,31.421,607.9,0.0115081909482312,0.0099440972222222,0.0123506917823531,0.0117291666666666
ULDI,1296,2018,7,19,-28.293,31.421,607.9,0.0097909294016204,0.0074948958333333,0.0102949699895011,0.0094416666666666
ULDI,1297,2018,7,20,-28.293,31.421,607.9,0.0121267552903489,0.0100129861111111,0.0118133549846927,0.0110625
ULDI,1298,2018,7,21,-28.293,31.421,607.9,0.012096085761652,0.0100526388888888,0.0111436266254637,0.0112791666666666
ULDI,1299,2018,7,22,-28.293,31.421,607.9,0.0106592752411567,0.0086513888888888,0.0101882429833533,0.0097416666666666
ULDI,1300,2018,7,23,-28.293,31.421,607.9,0.008667232597042,0.0064508333333333,0.0081242974951497,0.0083
ULDI,1301,2018,7,24,-28.293,31.421,607.9,0.0065984676921903,0.0044013541666666,0.0069066570861367,0.0065666666666666
ULDI,1302,2018,7,25,-28.293,31.421,607.9,0.0085418326399818,0.0063826736111111,0.0071379529064281,0.0075416666666666
ULDI,1303,2018,7,26,-28.293,31.421,607.9,0.0101396710014805,0.0082777083333333,0.0083355682767261,0.0088791666666666
ULDI,1304,2018,7,27,-28.293,31.421,607.9,0.0111019518259739,0.0070119097222222,0.0075833505385518,0.0079791666666666
ULDI,1305,2018,7,28,-28.293,31.421,607.9,0.0158790929571542,0.0153343055555555,0.0158000999830867,0.0163625
ULDI,1306,2018,7,29,-28.293,31.421,607.9,0.0150275199751926,0.0120513194444444,0.0135632775961742,0.0142625
ULDI,1307,2018,7,30,-28.293,31.421,607.9,0.0163066821189614,0.0154428125,0.0158026484234327,0.0167208333333333
ULDI,1309,2018,8,1,-28.293,31.421,607.9,0.0158325628860742,0.0137362847222222,0.014134460979318,0.0151333333333333
ULDI,1310,2018,8,2,-28.293,31.421,607.9,0.0182277077239697,0.0161507638888888,0.0165991175914219,0.0160083333333333
ULDI,1311,2018,8,3,-28.293,31.421,607.9,0.0235578594048794,0.0222881597222222,0.0216971105903483,0.0220458333333333
ULDI,1312,2018,8,4,-28.293,31.421,607.9,0.0223484099007689,0.0199439236111111,0.0225153952597928,0.0223833333333333
ULDI,1313,2018,8,5,-28.293,31.421,607.9,0.0203609096379906,0.0214536458333333,0.0230932664365027,0.0226791666666666
ULDI,1314,2018,8,6,-28.293,31.421,607.9,0.0103860274479749,0.0092419097222222,0.0115142462829981,0.0114666666666666
ULDI,1315,2018,8,7,-28.293,31.421,607.9,0.0126159453333504,0.0110280902777777,0.0110719267411867,0.0114375
ULDI,1316,2018,8,8,-28.293,31.421,607.9,0.0195754823006421,0.0170348958333333,0.0163338305035177,0.0155874999999999
ULDI,1317,2018,8,9,-28.293,31.421,607.9,0.0236648639530083,0.0237250694444444,0.0249965562249703,0.0240583333333333
ULDI,1318,2018,8,10,-28.293,31.421,607.9,0.0178756589676954,0.0174618055555555,0.020472857810368,0.0192416666666666
ULDI,1319,2018,8,11,-28.293,31.421,607.9,0.0067485158067154,0.0065489930555555,0.0069736481675718,0.0075875
ULDI,1320,2018,8,12,-28.293,31.421,607.9,0.0083825467165822,0.0056244444444444,0.0073754124333534,0.0073458333333333
ULDI,1321,2018,8,13,-28.293,31.421,607.9,0.0149164769176983,0.0148909375,0.0138625227734599,0.0162625
ULDI,1322,2018,8,14,-28.293,31.421,607.9,0.018668583723265,0.0166971527777777,0.0169298214626689,0.0180541666666666
ULDI,1323,2018,8,15,-28.293,31.421,607.9,0.0241515964345909,0.0198559375,0.0210344684317379,0.0220291666666666
ULDI,1324,2018,8,16,-28.293,31.421,607.9,0.0208342511924323,0.0211153125,0.0227231849863352,0.0226
ULDI,1325,2018,8,17,-28.293,31.421,607.9,0.0221582608073959,0.0227458680555555,0.0225349396425132,0.0236083333333333
ULDI,1326,2018,8,18,-28.293,31.421,607.9,0.0219452059879792,0.0211257291666666,0.0218969078207843,0.0204458333333333
ULDI,1327,2018,8,19,-28.293,31.421,607.9,0.012277156534387,0.0105519791666666,0.0129689991863754,0.0122541666666666
ULDI,1328,2018,8,20,-28.293,31.421,607.9,0.012672177103529,0.0107999999999999,0.0105226038434323,0.0114166666666666
ULDI,1329,2018,8,21,-28.293,31.421,607.9,0.0224735106878669,0.0218311805555555,0.0217594284418415,0.0225333333333333
ULDI,1330,2018,8,22,-28.293,31.421,607.9,0.0268594630299686,0.025166875,0.0256084230134482,0.0251
ULDI,1331,2018,8,23,-28.293,31.421,607.9,0.0264001972102222,0.0242645833333333,0.0253760588690986,0.0252833333333333
ULDI,1332,2018,8,24,-28.293,31.421,607.9,0.0240468595032456,0.0223604861111111,0.0234043692828221,0.0231166666666666
ULDI,1333,2018,8,25,-28.293,31.421,607.9,0.0202155704438412,0.0189848611111111,0.0197586277763765,0.021175
ULDI,1334,2018,8,26,-28.293,31.421,607.9,0.0216061294537652,0.0212138541666666,0.020326122546464,0.0218791666666666
ULDI,1335,2018,8,27,-28.293,31.421,607.9,0.0170028010003098,0.0139621180555555,0.0148051409540311,0.0144583333333333
ULDI,1336,2018,8,28,-28.293,31.421,607.9,0.0145690271243583,0.0110698958333333,0.0123125660187608,0.0125041666666666
ULDI,1337,2018,8,29,-28.293,31.421,607.9,0.014413983586426,0.0126721527777777,0.0143949873830425,0.0147833333333333
ULDI,1338,2018,8,30,-28.293,31.421,607.9,0.0130903135141791,0.011295625,0.0119858390132825,0.01325
ULDI,1340,2018,9,1,-28.293,31.421,607.9,0.0164551439296486,0.0141463194444444,0.016241443940902,0.0178333333333333
ULDI,1341,2018,9,2,-28.293,31.421,607.9,0.0146961633703298,0.0122735763888888,0.0139625688192011,0.0138625
ULDI,1342,2018,9,3,-28.293,31.421,607.9,0.0130952442870018,0.0098522569444444,0.0113677491203366,0.0104249999999999
ULDI,1343,2018,9,4,-28.293,31.421,607.9,0.0107590154215354,0.0083535416666666,0.0106637682279785,0.0106375
ULDI,1344,2018,9,5,-28.293,31.421,607.9,0.0121018492556197,0.0106595833333333,0.0106950213450098,0.0121249999999999
ULDI,1345,2018,9,6,-28.293,31.421,607.9,0.0223600951742874,0.0208987152777777,0.018530670618696,0.0209083333333333
ULDI,1346,2018,9,7,-28.293,31.421,607.9,0.0332407680461576,0.0300478472222222,0.031885492170595,0.0341458333333333
ULDI,1347,2018,9,8,-28.293,31.421,607.9,0.0284894195616423,0.0291538194444444,0.0315200579182794,0.0305583333333333
ULDI,1348,2018,9,9,-28.293,31.421,607.9,0.0111570622677886,0.0102473611111111,0.0122684938849049,0.0112708333333333
ULDI,1349,2018,9,10,-28.293,31.421,607.9,0.0121341738157888,0.011535,0.0128144029387561,0.0125416666666666
ULDI,1350,2018,9,11,-28.293,31.421,607.9,0.0109268839283331,0.0091939583333333,0.0107076340419084,0.0116375
ULDI,1351,2018,9,12,-28.293,31.421,607.9,0.0081433057027446,0.0072348611111111,0.0083650027606543,0.0097
ULDI,1369,2018,9,30,-28.293,31.421,607.9,0.0151094119894745,0.0128003472222222,0.0138654779114829,0.01335
ULDI,1370,2018,10,1,-28.293,31.421,607.9,0.016199821109259,0.0131844791666666,0.0145236131875786,0.0158624999999999
ULDI,1371,2018,10,2,-28.293,31.421,607.9,0.0221114035501832,0.0186098611111111,0.017806347668132,0.0203333333333333
ULDI,1372,2018,10,3,-28.293,31.421,607.9,0.0245500737279408,0.0240362152777777,0.0268621971807139,0.0251458333333333
ULDI,1373,2018,10,4,-28.293,31.421,607.9,0.017799502093188,0.0156894444444444,0.0177006708384166,0.0169875
ULDI,1374,2018,10,5,-28.293,31.421,607.9,0.0147386213623799,0.0125853125,0.0137174283183735,0.0131916666666666
ULDI,1375,2018,10,6,-28.293,31.421,607.9,0.0141917291032537,0.0119881944444444,0.0129221826782679,0.0137333333333333
ULDI,1376,2018,10,7,-28.293,31.421,607.9,0.0188699934304299,0.0175975347222222,0.0170618546021321,0.0176416666666666
ULDI,1377,2018,10,8,-28.293,31.421,607.9,0.0187326262837668,0.0168851388888888,0.0191055742166197,0.0191916666666666
ULDI,1378,2018,10,9,-28.293,31.421,607.9,0.0174424031306012,0.0147102777777777,0.0173836676273171,0.0188041666666666
ULDI,1379,2018,10,10,-28.293,31.421,607.9,0.0214136463716045,0.019949493670886,0.0181631218797553,0.0194708333333333
ULDI,1380,2018,10,11,-28.293,31.421,607.9,0.0237688018208076,0.0198038888888888,0.0181303535820281,0.0214541666666666
ULDI,1381,2018,10,12,-28.293,31.421,607.9,0.0329179676216208,0.0313048263888888,0.0312541004516274,0.0310875
ULDI,1382,2018,10,13,-28.293,31.421,607.9,0.0282990935547628,0.027481875,0.0309157499201997,0.0288041666666666
ULDI,1383,2018,10,14,-28.293,31.421,607.9,0.0253846942929842,0.0234807638888888,0.0255189620123665,0.0242208333333333
ULDI,1384,2018,10,15,-28.293,31.421,607.9,0.0254514471317347,0.0208886458333333,0.0227548757448581,0.0233791666666666
ULDI,1385,2018,10,16,-28.293,31.421,607.9,0.0273557622557066,0.02528875,0.0245901632222257,0.0248041666666666
ULDI,1386,2018,10,17,-28.293,31.421,607.9,0.0277650293458466,0.0275468055555555,0.0297670043889827,0.028075
ULDI,1387,2018,10,18,-28.293,31.421,607.9,0.0209828600542147,0.0177255902777777,0.0186588142341202,0.0192416666666666
ULDI,1388,2018,10,19,-28.293,31.421,607.9,0.0247824199832337,0.0220910069444444,0.0221844034659543,0.0238916666666666
ULDI,1389,2018,10,20,-28.293,31.421,607.9,0.0204853347231428,0.0209551041666666,0.0237865216031297,0.0219375
ULDI,1390,2018,10,21,-28.293,31.421,607.9,0.0114005635506768,0.0102563888888888,0.0122341979213703,0.0113499999999999
ULDI,1391,2018,10,22,-28.293,31.421,607.9,0.0121073093818655,0.0108716319444444,0.0121910405709554,0.0117375
ULDI,1392,2018,10,23,-28.293,31.421,607.9,0.0087392434255153,0.0067472222222222,0.0090029528013486,0.0088291666666666
ULDI,1393,2018,10,24,-28.293,31.421,607.9,0.0086299783044589,0.0072328472222222,0.0086372944112172,0.0091916666666666
ULDI,1394,2018,10,25,-28.293,31.421,607.9,0.0112297880064069,0.0087247222222222,0.009454636461125,0.0104874999999999
ULDI,1395,2018,10,26,-28.293,31.421,607.9,0.0148286161281938,0.0132482986111111,0.0134250654647544,0.0143416666666666
ULDI,1396,2018,10,27,-28.293,31.421,607.9,0.0173853161528386,0.0165119097222222,0.0170662978433177,0.0186999999999999
ULDI,1397,2018,10,28,-28.293,31.421,607.9,0.0219209844373955,0.0196015277777777,0.0201209367005163,0.0205333333333333
ULDI,1398,2018,10,29,-28.293,31.421,607.9,0.0232172668981672,0.0219712152777777,0.02163299974739,0.0234958333333333
ULDI,1399,2018,10,30,-28.293,31.421,607.9,0.0250799758525471,0.02438,0.0253691045795774,0.0270375
ULDI,1401,2018,11,1,-28.293,31.421,607.9,0.0297023199890595,0.0283153819444444,0.0313677655532981,0.0295916666666666
ULDI,1402,2018,11,2,-28.293,31.421,607.9,0.0200208146108042,0.0181867708333333,0.0201607761149844,0.0192708333333333
ULDI,1403,2018,11,3,-28.293,31.421,607.9,0.0186963914598325,0.0157465625,0.0164236470376465,0.0165541666666666
ULDI,1404,2018,11,4,-28.293,31.421,607.9,0.0245932247297155,0.0210833333333333,0.0222747993334871,0.0238166666666666
ULDI,1405,2018,11,5,-28.293,31.421,607.9,0.0326540598258181,0.0321068055555555,0.030477527210748,0.0312916666666666
ULDI,1406,2018,11,6,-28.293,31.421,607.9,0.0274534950409846,0.0261521875,0.0290472356775596,0.0259333333333333
ULDI,1407,2018,11,7,-28.293,31.421,607.9,0.0160376648608322,0.014578125,0.0170652820132194,0.0157458333333333
ULDI,1408,2018,11,8,-28.293,31.421,607.9,0.016171610467415,0.0127793055555555,0.0129430255126709,0.014175
ULDI,1409,2018,11,9,-28.293,31.421,607.9,0.0205335241737295,0.0179489583333333,0.0189686543703858,0.0204291666666666
ULDI,1410,2018,11,10,-28.293,31.421,607.9,0.0200402157606283,0.0161797916666666,0.017364043601049,0.0182875
ULDI,1411,2018,11,11,-28.293,31.421,607.9,0.0212975025461484,0.0194130902777777,0.0210197122772331,0.0222625
ULDI,1412,2018,11,12,-28.293,31.421,607.9,0.0237891187956028,0.0215230208333333,0.0246206799674903,0.0264208333333333
ULDI,1413,2018,11,13,-28.293,31.421,607.9,0.0228645578856265,0.0203917708333333,0.0236977704281228,0.0239166666666666
ULDI,1414,2018,11,14,-28.293,31.421,607.9,0.0188783844802025,0.0169240277777777,0.0204040726376811,0.0203875
ULDI,1415,2018,11,15,-28.293,31.421,607.9,0.0217803272993584,0.0193906597222222,0.022302616011711,0.0224041666666666
ULDI,1416,2018,11,16,-28.293,31.421,607.9,0.024237966920058,0.0227279861111111,0.0244332684077268,0.0253625
ULDI,1417,2018,11,17,-28.293,31.421,607.9,0.0275650603579517,0.0281627777777777,0.0282911703758227,0.0289416666666666
ULDI,1418,2018,11,18,-28.293,31.421,607.9,0.0310665728931043,0.0300376388888888,0.0317241605192687,0.0308875
ULDI,1419,2018,11,19,-28.293,31.421,607.9,0.0323526432238767,0.0314742361111111,0.0336928086737813,0.0326291666666666
ULDI,1420,2018,11,20,-28.293,31.421,607.9,0.0311891003520229,0.027384375,0.0283827658946064,0.0306458333333333
ULDI,1421,2018,11,21,-28.293,31.421,607.9,0.0333821332153391,0.0325462573099415,0.0310331263611603,0.0285458333333333
ULDI,1426,2018,11,26,-28.293,31.421,607.9,0.0365229689668885,0.0350296629213483,0.0312435760756698,0.03275
ULDI,1427,2018,11,27,-28.293,31.421,607.9,0.0392246444360856,0.0350719097222222,0.0350844491608758,0.0364458333333333
ULDI,1428,2018,11,28,-28.293,31.421,607.9,0.0296237720090245,0.02526125,0.0298421073731638,0.0264666666666666
ULDI,1429,2018,11,29,-28.293,31.421,607.9,0.0193120871739401,0.0177339743589743,0.0178146528665619,0.0170166666666666
ULDI,1430,2018,11,30,-28.293,31.421,607.9,0.0207200762995759,0.0185429166666666,0.0196983224484999,0.0206541666666666
ULDI,1432,2018,12,2,-28.293,31.421,607.9,0.0336466254232788,0.0313186458333333,0.0338452254646908,0.0338791666666666
ULDI,1433,2018,12,3,-28.293,31.421,607.9,0.0306177313830636,0.0277270138888888,0.0289411866324829,0.0315583333333333
ULDI,1434,2018,12,4,-28.293,31.421,607.9,0.0286719379318443,0.0290978819444444,0.0326965310011847,0.0314
ULDI,1435,2018,12,5,-28.293,31.421,607.9,0.0290334843479337,0.0275981597222222,0.0284549259119603,0.0286583333333333
ULDI,1436,2018,12,6,-28.293,31.421,607.9,0.0307416584197337,0.0271444097222222,0.028326760063565,0.0288708333333333
ULDI,1437,2018,12,7,-28.293,31.421,607.9,0.0384354936850673,0.0356360416666666,0.0332941162005023,0.0353041666666666
ULDI,1438,2018,12,8,-28.293,31.421,607.9,0.0397213344924584,0.0379561805555555,0.0421874621001008,0.0412458333333333
ULDI,1439,2018,12,9,-28.293,31.421,607.9,0.0362077489665481,0.0343734722222222,0.036625574766265,0.0351291666666666
ULDI,1440,2018,12,10,-28.293,31.421,607.9,0.0321607257241929,0.0300980902777777,0.0327654623296269,0.0307875
ULDI,1441,2018,12,11,-28.293,31.421,607.9,0.0177024925267129,0.0158787847222222,0.0178941050503139,0.0185124999999999
ULDI,1442,2018,12,12,-28.293,31.421,607.9,0.0214508250387361,0.0195861458333333,0.0181578773452092,0.0210624999999999
ULDI,1443,2018,12,13,-28.293,31.421,607.9,0.0287321756095908,0.0279918402777777,0.0292125992178932,0.029525
ULDI,1444,2018,12,14,-28.293,31.421,607.9,0.0328560369005446,0.0313713541666666,0.0318187101030913,0.0320416666666666
ULDI,1445,2018,12,15,-28.293,31.421,607.9,0.0340882618466402,0.0330074999999999,0.0329786064981038,0.0371333333333333
ULDI,1446,2018,12,16,-28.293,31.421,607.9,0.0300487390783571,0.0275153125,0.0312117694034843,0.031
ULDI,1447,2018,12,17,-28.293,31.421,607.9,0.0271220120722645,0.0250466666666666,0.0250945071423919,0.0269041666666666
ULDI,1448,2018,12,18,-28.293,31.421,607.9,0.0301820740881694,0.0284273611111111,0.0277767477325239,0.0285416666666666
ULDI,1449,2018,12,19,-28.293,31.421,607.9,0.0352555544994795,0.0318173611111111,0.033110306714221,0.033625
ULDI,1450,2018,12,20,-28.293,31.421,607.9,0.0357833172733135,0.0332897222222222,0.034354601129902,0.0328541666666666
ULDI,1451,2018,12,21,-28.293,31.421,607.9,0.0356817240694257,0.0317596180555555,0.0298570619411493,0.0309708333333333
ULDI,1452,2018,12,22,-28.293,31.421,607.9,0.0396636743616558,0.0346895833333333,0.0374845794643305,0.0383583333333333
ULDI,1453,2018,12,23,-28.293,31.421,607.9,0.0402104913532661,0.0379261805555555,0.0377723800521034,0.0383375
ULDI,1454,2018,12,24,-28.293,31.421,607.9,0.0395332524708439,0.0369020138888888,0.0365532235331952,0.036875
ULDI,1455,2018,12,25,-28.293,31.421,607.9,0.0401217964800682,0.0359338541666666,0.0363844959172003,0.0373625
ULDI,1456,2018,12,26,-28.293,31.421,607.9,0.0409519053008794,0.0379718402777777,0.0385935867596969,0.0377833333333333
ULDI,1457,2018,12,27,-28.293,31.421,607.9,0.0391756267918866,0.0340941666666666,0.0349360119286932,0.0354041666666666
ULDI,1458,2018,12,28,-28.293,31.421,607.9,0.0347149972796782,0.0314488541666666,0.0370202106263492,0.0344083333333333
ULDI,1459,2018,12,29,-28.293,31.421,607.9,0.036805952379819,0.0360090277777777,0.0347706309807026,0.0350125
ULDI,1460,2018,12,30,-28.293,31.421,607.9,0.0420726659592461,0.0408552777777777,0.0416498789468387,0.0430458333333333
ULDI,1462,2019,1,1,-28.293,31.421,607.9,0.0369239683090097,0.0356082291666666,0.0383378133363212,0.0380875
ULDI,1463,2019,1,2,-28.293,31.421,607.9,0.0378407215697643,0.03693125,0.0347296594666283,0.0362083333333333
ULDI,1464,2019,1,3,-28.293,31.421,607.9,0.0372890655107798,0.0348107291666666,0.0352316451619717,0.0346166666666666
ULDI,1465,2019,1,4,-28.293,31.421,607.9,0.0375382310543191,0.0359399305555555,0.0366087031960425,0.0375958333333333
ULDI,1466,2019,1,5,-28.293,31.421,607.9,0.0359257788391055,0.0358937152777777,0.0381811569687173,0.0390416666666666
ULDI,1467,2019,1,6,-28.293,31.421,607.9,0.0297829881915263,0.0292206597222222,0.0300765796086943,0.0297333333333333
ULDI,1468,2019,1,7,-28.293,31.421,607.9,0.0292261775148351,0.0274615624999999,0.0279099538137637,0.0270041666666666
ULDI,1469,2019,1,8,-28.293,31.421,607.9,0.0369212964904054,0.0377920486111111,0.0378104418505086,0.0393
ULDI,1470,2019,1,9,-28.293,31.421,607.9,0.0369770082474063,0.0320873958333333,0.0311927694485085,0.032375
ULDI,1471,2019,1,10,-28.293,31.421,607.9,0.0379341189219584,0.0348084459459459,0.034977601322855,0.0366125
ULDI,1472,2019,1,11,-28.293,31.421,607.9,0.0284740730812043,0.0321877430555555,0.034857276240699,0.0360375
ULDI,1473,2019,1,12,-28.293,31.421,607.9,0.0226644386084937,0.0229476041666666,0.023723714528083,0.023675
ULDI,1474,2019,1,13,-28.293,31.421,607.9,0.0378126320002974,0.0351015972222222,0.0312556744460885,0.0356708333333333
ULDI,1475,2019,1,14,-28.293,31.421,607.9,0.038307378992763,0.0363744791666666,0.0382420574996066,0.0376375
ULDI,1476,2019,1,15,-28.293,31.421,607.9,0.0430919081384104,0.0426343055555555,0.0408373252944626,0.0381208333333333
ULDI,1477,2019,1,16,-28.293,31.421,607.9,0.0427204249428563,0.0395766319444444,0.039317042297363,0.0392666666666666
ULDI,1478,2019,1,17,-28.293,31.421,607.9,0.0374277085231276,0.0367341666666666,0.0368315744820844,0.0361541666666666
ULDI,1479,2019,1,18,-28.293,31.421,607.9,0.0343505351131309,0.0298795486111111,0.0296452877297265,0.030825
ULDI,1480,2019,1,19,-28.293,31.421,607.9,0.0344344242120355,0.0365067013888888,0.0353914161894693,0.0362583333333333
ULDI,1481,2019,1,20,-28.293,31.421,607.9,0.0213712980090032,0.0202442361111111,0.0210514757179139,0.0207708333333333
ULDI,1482,2019,1,21,-28.293,31.421,607.9,0.0147695256778673,0.0120147916666666,0.013408722802952,0.0136374999999999
ULDI,1483,2019,1,22,-28.293,31.421,607.9,0.0171162744544112,0.0153197916666666,0.0141281395951972,0.0166333333333333
ULDI,1484,2019,1,23,-28.293,31.421,607.9,0.0284957509699762,0.0231738194444444,0.019468721727029,0.0214166666666666
ULDI,1485,2019,1,24,-28.293,31.421,607.9,0.0378789720442497,0.0353538888888888,0.0350400963502075,0.0360375
ULDI,1486,2019,1,25,-28.293,31.421,607.9,0.0372585291646156,0.0344791319444444,0.0350267023573928,0.0360875
ULDI,1487,2019,1,26,-28.293,31.421,607.9,0.0359856818746911,0.0345903125,0.0365820395541423,0.0357083333333333
ULDI,1488,2019,1,27,-28.293,31.421,607.9,0.0344963813725611,0.0319936111111111,0.0314067964758131,0.031325
ULDI,1489,2019,1,28,-28.293,31.421,607.9,0.0301869232924929,0.0276338194444444,0.0288804114528076,0.02835
ULDI,1490,2019,1,29,-28.293,31.421,607.9,0.0311072584254367,0.0281810069444444,0.0256684044630601,0.0265833333333333
ULDI,1491,2019,1,30,-28.293,31.421,607.9,0.0363608946090142,0.0341855555555555,0.0346458421733633,0.0349999999999999
ULDI,1493,2019,2,1,-28.293,31.421,607.9,0.0422698237074666,0.0404921180555555,0.0403796627983313,0.0399166666666666
ULDI,1494,2019,2,2,-28.293,31.421,607.9,0.0429752412571881,0.0401761111111111,0.0395892315069303,0.0412208333333333
ULDI,1495,2019,2,3,-28.293,31.421,607.9,0.0434652127704051,0.0427330902777777,0.0437360674609936,0.0443416666666666
ULDI,1496,2019,2,4,-28.293,31.421,607.9,0.031765727412947,0.0291069444444444,0.0363271964954332,0.0357583333333333
ULDI,1497,2019,2,5,-28.293,31.421,607.9,0.0344598858696459,0.0328875694444444,0.0332912332628397,0.0327416666666666
ULDI,1498,2019,2,6,-28.293,31.421,607.9,0.0309387225720417,0.0274843055555555,0.0265558795282711,0.0291375
ULDI,1499,2019,2,7,-28.293,31.421,607.9,0.0332430113556727,0.0316841666666666,0.0314776762303409,0.0338375
ULDI,1500,2019,2,8,-28.293,31.421,607.9,0.0330674088787953,0.0306039236111111,0.0316948635433593,0.0330875
ULDI,1501,2019,2,9,-28.293,31.421,607.9,0.0339642351573047,0.032178125,0.0315739060463183,0.0340458333333333
ULDI,1502,2019,2,10,-28.293,31.421,607.9,0.0413062219838751,0.0382149652777777,0.0382734087487921,0.0388875
ULDI,1503,2019,2,11,-28.293,31.421,607.9,0.0474747785853258,0.0458962847222222,0.0479205372454043,0.0476666666666666
ULDI,1504,2019,2,12,-28.293,31.421,607.9,0.0436173344477598,0.0385025,0.0432460470765453,0.04435
ULDI,1505,2019,2,13,-28.293,31.421,607.9,0.0469681036842669,0.045633125,0.0457620786436838,0.0461458333333333
ULDI,1506,2019,2,14,-28.293,31.421,607.9,0.0426997434883892,0.0417881597222222,0.0436393701473818,0.0422875
ULDI,1507,2019,2,15,-28.293,31.421,607.9,0.0444168657961704,0.0422399652777777,0.0430058781053566,0.0435375
ULDI,1508,2019,2,16,-28.293,31.421,607.9,0.0433679268031296,0.0430115277777777,0.0475336047415236,0.0451791666666666
ULDI,1509,2019,2,17,-28.293,31.421,607.9,0.0228054048995438,0.0225029861111111,0.0269717351532738,0.0258625
ULDI,1510,2019,2,18,-28.293,31.421,607.9,0.0173893539561174,0.0196885416666666,0.02308021974389,0.0233583333333333
ULDI,1511,2019,2,19,-28.293,31.421,607.9,0.0212735136185944,0.01898,0.0176899704268119,0.0178833333333333
ULDI,1512,2019,2,20,-28.293,31.421,607.9,0.032848576389236,0.0279358680555555,0.0261686450619612,0.0294833333333333
ULDI,1513,2019,2,21,-28.293,31.421,607.9,0.0389251722318422,0.0375062152777777,0.0383731386593744,0.0363625
ULDI,1514,2019,2,22,-28.293,31.421,607.9,0.0385995193304593,0.0374645833333333,0.0375408400428392,0.0369458333333333
ULDI,1515,2019,2,23,-28.293,31.421,607.9,0.0338966895370535,0.0311854861111111,0.0346230680970779,0.0364833333333333
ULDI,1516,2019,2,24,-28.293,31.421,607.9,0.0366473612087293,0.0320763194444444,0.0312800082612152,0.03485
ULDI,1517,2019,2,25,-28.293,31.421,607.9,0.0361953941330734,0.0331801736111111,0.0341097166341528,0.0343625
ULDI,1518,2019,2,26,-28.293,31.421,607.9,0.0312982996042429,0.0259490624999999,0.0247057293300602,0.0263708333333333
ULDI,1519,2019,2,27,-28.293,31.421,607.9,0.032167390112677,0.0312998958333333,0.0320511692943573,0.0311458333333333
ULDI,1520,2019,2,28,-28.293,31.421,607.9,0.0342645356820527,0.0310210416666666,0.0309630981031078,0.0318375
ULDI,1521,2019,3,1,-28.293,31.421,607.9,0.0355146811326043,0.0328088194444444,0.0328558888113552,0.0351041666666666
ULDI,1522,2019,3,2,-28.293,31.421,607.9,0.0392648379507045,0.0365469444444444,0.034980422734061,0.0378541666666666
ULDI,1523,2019,3,3,-28.293,31.421,607.9,0.0398408338760376,0.0381119444444444,0.0370828901579158,0.0380791666666666
ULDI,1524,2019,3,4,-28.293,31.421,607.9,0.0424197713548337,0.03834,0.036206312150246,0.0391916666666666
ULDI,1525,2019,3,5,-28.293,31.421,607.9,0.0439755446514853,0.0432680902777777,0.042700476963059,0.0419916666666666
ULDI,1526,2019,3,6,-28.293,31.421,607.9,0.0345744936747961,0.0338009374999999,0.0357978522967229,0.0356541666666666
ULDI,1527,2019,3,7,-28.293,31.421,607.9,0.0298810983770284,0.0261853819444444,0.0282728343630009,0.0284416666666666
ULDI,1528,2019,3,8,-28.293,31.421,607.9,0.041614379555663,0.0410384027777777,0.0360948424820776,0.03705
ULDI,1529,2019,3,9,-28.293,31.421,607.9,0.0424756580906607,0.0374371874999999,0.0377788888637481,0.0366625
ULDI,1530,2019,3,10,-28.293,31.421,607.9,0.0427001733764059,0.0396579166666666,0.039463360313968,0.0379833333333333
ULDI,1531,2019,3,11,-28.293,31.421,607.9,0.0433237126202605,0.0416294444444444,0.0403979910156525,0.0394041666666666
ULDI,1532,2019,3,12,-28.293,31.421,607.9,0.0398808095260062,0.0380309722222222,0.0374557010190265,0.0389875
ULDI,1533,2019,3,13,-28.293,31.421,607.9,0.031622636048226,0.0286435763888888,0.0293746376626543,0.0300458333333333
ULDI,1534,2019,3,14,-28.293,31.421,607.9,0.0267328405832212,0.0244456597222222,0.0241113871531268,0.0242916666666666
ULDI,1535,2019,3,15,-28.293,31.421,607.9,0.0287969992765591,0.0288311111111111,0.0284058182804703,0.0285708333333333
ULDI,1536,2019,3,16,-28.293,31.421,607.9,0.0332261086455868,0.0306707720588235,0.0319601265157692,0.0312541666666666
ULDI,1537,2019,3,17,-28.293,31.421,607.9,0.0329090728034395,0.030144245614035,0.0316088253090231,0.0322291666666666
ULDI,1538,2019,3,18,-28.293,31.421,607.9,0.0346863362513075,0.0340142013888888,0.0339754925359925,0.0364625
ULDI,1539,2019,3,19,-28.293,31.421,607.9,0.0314201712039602,0.0303142592592592,0.0340136558116793,0.0340833333333333
ULDI,1540,2019,3,20,-28.293,31.421,607.9,0.0347585057743553,0.0299180985915493,0.0304510459912845,0.032525
ULDI,1541,2019,3,21,-28.293,31.421,607.9,0.0431107740668961,0.0418185069444444,0.042581645336713,0.0424499999999999
ULDI,1542,2019,3,22,-28.293,31.421,607.9,0.0358123447279848,0.0323739236111111,0.0340212554287402,0.0341958333333333
ULDI,1543,2019,3,23,-28.293,31.421,607.9,0.0364401949600188,0.0339710763888888,0.0340191383836488,0.0342166666666666
ULDI,1544,2019,3,24,-28.293,31.421,607.9,0.0372909141226333,0.0352531597222222,0.0349284129095447,0.0360208333333333
ULDI,1545,2019,3,25,-28.293,31.421,607.9,0.0369852139711829,0.0339677777777777,0.03329642476354,0.0352041666666666
ULDI,1546,2019,3,26,-28.293,31.421,607.9,0.0332792302648426,0.031226875,0.0331532366893445,0.0336458333333333
ULDI,1547,2019,3,27,-28.293,31.421,607.9,0.0325298123312167,0.0298242708333333,0.0304013576201404,0.0317041666666666
ULDI,1548,2019,3,28,-28.293,31.421,607.9,0.0330570203309037,0.0298795138888888,0.028588079588856,0.0326791666666666
ULDI,1549,2019,3,29,-28.293,31.421,607.9,0.0275265529807741,0.0243961111111111,0.0280033327447504,0.0292874999999999
ULDI,1550,2019,3,30,-28.293,31.421,607.9,0.0239659598024881,0.0217002777777777,0.022010443928082,0.0238708333333333
ULDI,1552,2019,4,1,-28.293,31.421,607.9,0.0305763886677462,0.0328011397058823,0.0320313407640463,0.0324833333333333
ULDI,1553,2019,4,2,-28.293,31.421,607.9,0.036586565647179,0.0339896350364963,0.0353224253568001,0.033725
ULDI,1554,2019,4,3,-28.293,31.421,607.9,0.0265644884959569,0.0257245555555555,0.0300501362718497,0.0292041666666666
ULDI,1556,2019,4,5,-28.293,31.421,607.9,0.0370306902028683,0.0363241832669322,0.0387837049784912,0.0370875
ULDI,1557,2019,4,6,-28.293,31.421,607.9,0.0320235665964692,0.0276846180555555,0.0293374996941365,0.0283541666666666
ULDI,1558,2019,4,7,-28.293,31.421,607.9,0.0334463208584717,0.0300241666666666,0.0300569023072181,0.0314333333333333
ULDI,1559,2019,4,8,-28.293,31.421,607.9,0.0350666468143441,0.0317029166666666,0.0326038099538093,0.0336166666666666
ULDI,1561,2019,4,10,-28.293,31.421,607.9,0.0291073561808968,0.0286925694444444,0.0278528606119129,0.0284333333333333
ULDI,1562,2019,4,11,-28.293,31.421,607.9,0.0258347295542993,0.0244975,0.0261275042711907,0.0263
ULDI,1563,2019,4,12,-28.293,31.421,607.9,0.0211296540789979,0.0196345833333333,0.0211167197063636,0.0196916666666666
ULDI,1564,2019,4,13,-28.293,31.421,607.9,0.0193360823328579,0.0178568402777777,0.0203108764415211,0.0211208333333333
ULDI,1565,2019,4,14,-28.293,31.421,607.9,0.0283027100037878,0.0251767708333333,0.0236343714258554,0.0254375
ULDI,1566,2019,4,15,-28.293,31.421,607.9,0.0330740075843917,0.03116,0.0312651972156946,0.0331833333333333
ULDI,1567,2019,4,16,-28.293,31.421,607.9,0.0283068694570087,0.0263499652777777,0.0262966202056219,0.0262875
ULDI,1568,2019,4,17,-28.293,31.421,607.9,0.0255583796187839,0.0229248263888888,0.0236518297270471,0.0249875
ULDI,1569,2019,4,18,-28.293,31.421,607.9,0.029883523335725,0.0274884027777777,0.028258651618451,0.0299791666666666
ULDI,1570,2019,4,19,-28.293,31.421,607.9,0.0285160551729301,0.0263789236111111,0.0268942446423612,0.0287874999999999
ULDI,1571,2019,4,20,-28.293,31.421,607.9,0.0318275208822019,0.0300031597222222,0.0303844966290823,0.0313833333333333
ULDI,1572,2019,4,21,-28.293,31.421,607.9,0.0350158824250953,0.0339553819444444,0.0351052388590091,0.0341541666666666
ULDI,1573,2019,4,22,-28.293,31.421,607.9,0.0352590870962036,0.0338325278810408,0.0354008239596605,0.0358791666666666
ULDI,1574,2019,4,23,-28.293,31.421,607.9,0.0343003716124223,0.0332176408450704,0.0369396240735981,0.0358125
ULDI,1575,2019,4,24,-28.293,31.421,607.9,0.033746279098435,0.0319861458333333,0.0331382393745606,0.0342708333333333
ULDI,1576,2019,4,25,-28.293,31.421,607.9,0.0287515458648544,0.0246321180555555,0.0275925974796989,0.0259
ULDI,1577,2019,4,26,-28.293,31.421,607.9,0.0238265702065794,0.0221066666666666,0.0223544786731172,0.0221583333333333
ULDI,1578,2019,4,27,-28.293,31.421,607.9,0.0238151503155295,0.0218643055555555,0.0223362752232214,0.0234
ULDI,1579,2019,4,28,-28.293,31.421,607.9,0.0217771901389378,0.0191770138888888,0.021067442485953,0.0223458333333333
ULDI,1580,2019,4,29,-28.293,31.421,607.9,0.0167463405904451,0.0156972916666666,0.0149191486262609,0.01535
ULDI,1581,2019,4,30,-28.293,31.421,607.9,0.012309225023972,0.0100749652777777,0.0121585458978695,0.0127416666666666
ULDI,1582,2019,5,1,-28.293,31.421,607.9,0.0151268031300383,0.0159534722222222,0.0159076039795378,0.01705
ULDI,1583,2019,5,2,-28.293,31.421,607.9,0.0165004322669859,0.01409,0.0152248916918745,0.0166375
ULDI,1584,2019,5,3,-28.293,31.421,607.9,0.0204251599403966,0.0184119444444444,0.0178915245380625,0.018925
ULDI,1585,2019,5,4,-28.293,31.421,607.9,0.027625063713119,0.0258289236111111,0.026376736576164,0.02735
ULDI,1586,2019,5,5,-28.293,31.421,607.9,0.0240073865117431,0.0230669750889679,0.0259339604101765,0.0257041666666666
ULDI,1587,2019,5,6,-28.293,31.421,607.9,0.0152208384030021,0.0173462325581395,0.0204170268518719,0.0221666666666666
ULDI,1588,2019,5,7,-28.293,31.421,607.9,0.0177946737918411,0.017854207920792,0.0217375697403316,0.0212249999999999
ULDI,1589,2019,5,8,-28.293,31.421,607.9,0.0219020301375848,0.0202344791666666,0.0194552988775879,0.0200874999999999
ULDI,1590,2019,5,9,-28.293,31.421,607.9,0.0222026004293832,0.0192451041666666,0.0212687269179183,0.0207333333333333
ULDI,1591,2019,5,10,-28.293,31.421,607.9,0.0172524634645592,0.0152962847222222,0.0171142614763042,0.0172083333333333
ULDI,1592,2019,5,11,-28.293,31.421,607.9,0.0151782697943988,0.0128439393939393,0.0145348344516553,0.0147208333333333
ULDI,1594,2019,5,13,-28.293,31.421,607.9,0.0158448837264016,0.0128994859813084,0.0114121415452068,0.0120624999999999
ULDI,1595,2019,5,14,-28.293,31.421,607.9,0.0162553390243875,0.0157797916666666,0.0162131381280533,0.0168416666666666
ULDI,1596,2019,5,15,-28.293,31.421,607.9,0.0137174301755741,0.0111887234042553,0.0132496363107747,0.0132791666666666
ULDI,1597,2019,5,16,-28.293,31.421,607.9,0.0163655154684023,0.0154187401574803,0.0168609268172518,0.0191916666666666
ULDI,1598,2019,5,17,-28.293,31.421,607.9,0.0206907463919442,0.0193729279279279,0.021014070549292,0.02155
ULDI,1599,2019,5,18,-28.293,31.421,607.9,0.018106962734521,0.0167032638888888,0.0184364268557087,0.0185708333333333
ULDI,1600,2019,5,19,-28.293,31.421,607.9,0.0135606699753613,0.0122195833333333,0.0146291473832496,0.0137666666666666
ULDI,1601,2019,5,20,-28.293,31.421,607.9,0.0123303684093288,0.0106849652777777,0.012099359651678,0.0127625
ULDI,1602,2019,5,21,-28.293,31.421,607.9,0.0232491416548491,0.0235490625,0.022497414787605,0.0232
ULDI,1603,2019,5,22,-28.293,31.421,607.9,0.0230625903445685,0.020949375,0.0215796094198571,0.0214833333333333
ULDI,1604,2019,5,23,-28.293,31.421,607.9,0.024171002330802,0.0215033333333333,0.0215294525441165,0.0223375
ULDI,1605,2019,5,24,-28.293,31.421,607.9,0.023099232606615,0.0216014583333333,0.0239884082620304,0.0225375
ULDI,1606,2019,5,25,-28.293,31.421,607.9,0.016713011941542,0.0152725773195876,0.0161867600793647,0.0154416666666666
ULDI,1607,2019,5,26,-28.293,31.421,607.9,0.0124168699553335,0.0114930964467005,0.013233682858126,0.0131083333333333
ULDI,1608,2019,5,27,-28.293,31.421,607.9,0.011261763694837,0.0094163095238095,0.012019487703864,0.0123
ULDI,1609,2019,5,28,-28.293,31.421,607.9,0.0186191274671777,0.0171832075471698,0.0179998343747397,0.0187916666666666
ULDI,1610,2019,5,29,-28.293,31.421,607.9,0.0192510640459644,0.0178704166666666,0.0204293584055971,0.0190291666666666
ULDI,1611,2019,5,30,-28.293,31.421,607.9,0.0151502668441357,0.013866,0.0137767504797454,0.0125624999999999
ULDI,1613,2019,6,1,-28.293,31.421,607.9,0.0131371561196669,0.0106519097222222,0.0120629984142943,0.0140916666666666
ULDI,1614,2019,6,2,-28.293,31.421,607.9,0.0164303887374597,0.0139535416666666,0.0142808039359669,0.0146291666666666
ULDI,1615,2019,6,3,-28.293,31.421,607.9,0.0161871417800184,0.0148119791666666,0.0164375684073589,0.0160041666666666
ULDI,1616,2019,6,4,-28.293,31.421,607.9,0.0153891984620224,0.0123701098901098,0.0150533123119956,0.0138375
ULDI,1617,2019,6,5,-28.293,31.421,607.9,0.014046574215099,0.0098219047619047,0.0112873164048193,0.0116
ULDI,1619,2019,6,7,-28.293,31.421,607.9,0.0111220632799985,0.013260956937799,0.0173937652114929,0.0159208333333333
ULDI,1620,2019,6,8,-28.293,31.421,607.9,0.01421751149644,0.0129409027777777,0.0130302570645969,0.0139208333333333
ULDI,1621,2019,6,9,-28.293,31.421,607.9,0.0154954974940486,0.0143912847222222,0.0173964411213379,0.0155541666666666
ULDI,1622,2019,6,10,-28.293,31.421,607.9,0.0099830042034032,0.0079648958333333,0.009922009118441,0.0091916666666666
ULDI,1623,2019,6,11,-28.293,31.421,607.9,0.0096152663262243,0.0082634375,0.0114381479607545,0.0102416666666666
ULDI,1624,2019,6,12,-28.293,31.421,607.9,0.0085070202910755,0.0070247222222222,0.0090127413714996,0.0085083333333333
ULDI,1628,2019,6,16,-28.293,31.421,607.9,0.00618911013551,0.00460875,0.0061423361634553,0.0059916666666666
ULDI,1629,2019,6,17,-28.293,31.421,607.9,0.0069527828512276,0.0048732638888888,0.0070302730375616,0.0068541666666666
ULDI,1630,2019,6,18,-28.293,31.421,607.9,0.0089604415431303,0.0068311111111111,0.0087977670653703,0.008075
ULDI,1631,2019,6,19,-28.293,31.421,607.9,0.0106745553644356,0.0095201960784313,0.0097319183319909,0.0098375
ULDI,1632,2019,6,20,-28.293,31.421,607.9,0.0070756802558662,0.0058023611111111,0.0078231100733949,0.0075666666666666
ULDI,1633,2019,6,21,-28.293,31.421,607.9,0.0066404478378293,0.0057676736111111,0.0080669196748305,0.0077583333333333
ULDI,1634,2019,6,22,-28.293,31.421,607.9,0.0090784828575562,0.0072687152777777,0.008798265160653,0.0085458333333333
ULDI,1635,2019,6,23,-28.293,31.421,607.9,0.0134092486698893,0.0123832291666666,0.0125664298941438,0.0134458333333333
ULDI,1636,2019,6,24,-28.293,31.421,607.9,0.0130100418276928,0.0103345833333333,0.01127621943243,0.011925
ULDI,1637,2019,6,25,-28.293,31.421,607.9,0.0152642144068422,0.0145081944444444,0.0144728162234276,0.0162166666666666
ULDI,1638,2019,6,26,-28.293,31.421,607.9,0.0168124259905611,0.0152106944444444,0.0164516248001771,0.0170333333333333
ULDI,1639,2019,6,27,-28.293,31.421,607.9,0.0136117624086525,0.011953125,0.0140396876768144,0.014325
ULDI,1640,2019,6,28,-28.293,31.421,607.9,0.0114107153527427,0.0088840972222222,0.0113313043408074,0.0108916666666666
ULDI,1641,2019,6,29,-28.293,31.421,607.9,0.0108185192079672,0.0100482986111111,0.0110970742169081,0.0117583333333333
ULDI,1642,2019,6,30,-28.293,31.421,607.9,0.0091105548719611,0.0068989583333333,0.0091953596124893,0.0090583333333333
ULDI,1643,2019,7,1,-28.293,31.421,607.9,0.009095748673982,0.0073596527777777,0.009802145450888,0.0093875
ULDI,1644,2019,7,2,-28.293,31.421,607.9,0.0063273840874875,0.0052517708333333,0.0078690218801007,0.0081791666666666
ULDI,1645,2019,7,3,-28.293,31.421,607.9,0.0078507251630965,0.0076526388888888,0.0085014801478999,0.0083458333333333
ULDI,1646,2019,7,4,-28.293,31.421,607.9,0.0067641890115558,0.0048365625,0.0078367880088762,0.0071583333333333
ULDI,1647,2019,7,5,-28.293,31.421,607.9,0.0121196133676861,0.0122218055555555,0.0122117748969131,0.0129166666666666
ULDI,1648,2019,7,6,-28.293,31.421,607.9,0.009889756217238,0.0069619097222222,0.0105424539799308,0.0092083333333333
ULDI,1649,2019,7,7,-28.293,31.421,607.9,0.0145736465903045,0.0130931597222222,0.0135571228603438,0.0151
ULDI,1650,2019,7,8,-28.293,31.421,607.9,0.0190550803656877,0.0168142361111111,0.0195210989115899,0.0189208333333333
ULDI,1651,2019,7,9,-28.293,31.421,607.9,0.0127565593391705,0.0107753819444444,0.0127188155317093,0.0127916666666666
ULDI,1652,2019,7,10,-28.293,31.421,607.9,0.0097782116822358,0.0073608680555555,0.0092959162942516,0.0092
ULDI,1653,2019,7,11,-28.293,31.421,607.9,0.0069857195773301,0.0057844097222222,0.0078738247018418,0.0081708333333333
ULDI,1654,2019,7,12,-28.293,31.421,607.9,0.0110018481391553,0.0100657291666666,0.0098670751101752,0.0101375
ULDI,1655,2019,7,13,-28.293,31.421,607.9,0.0146308961958399,0.0128800347222222,0.0138934395801389,0.0132916666666666
ULDI,1656,2019,7,14,-28.293,31.421,607.9,0.0117609129740281,0.0096937152777777,0.0112750744774197,0.0113708333333333
ULDI,1657,2019,7,15,-28.293,31.421,607.9,0.0101840826885521,0.0087115624999999,0.0109607803391027,0.0105333333333333
ULDI,1658,2019,7,16,-28.293,31.421,607.9,0.0098114016895484,0.0090377777777777,0.0113727275777508,0.0108416666666666
ULDI,1659,2019,7,17,-28.293,31.421,607.9,0.0077718230223995,0.0058670486111111,0.0077440362420393,0.0068958333333333
ULDI,1660,2019,7,18,-28.293,31.421,607.9,0.0074331754957567,0.0058108333333333,0.0072933310400275,0.0072875
ULDI,1661,2019,7,19,-28.293,31.421,607.9,0.0106659266928422,0.0067081944444444,0.0075051369213273,0.0084625
ULDI,1662,2019,7,20,-28.293,31.421,607.9,0.0141711823520865,0.0141350347222222,0.0157837742699506,0.0164041666666666
ULDI,1663,2019,7,21,-28.293,31.421,607.9,0.0069888936756379,0.0057560416666666,0.0081828324069941,0.0071333333333333
ULDI,1664,2019,7,22,-28.293,31.421,607.9,0.0048775603001155,0.0024561111111111,0.0056438767694602,0.0051166666666666
ULDI,1665,2019,7,23,-28.293,31.421,607.9,0.0056083216283488,0.0028898161764705,0.0046258088950911,0.0045958333333333
ULDI,1667,2019,7,25,-28.293,31.421,607.9,0.0078304901608837,0.0043287847222222,0.0075799630946627,0.0067874999999999
ULDI,1668,2019,7,26,-28.293,31.421,607.9,0.0099705497407047,0.0095862847222222,0.0098675028548132,0.0104041666666666
ULDI,1669,2019,7,27,-28.293,31.421,607.9,0.0113536286412644,0.0101770833333333,0.0112201413344156,0.0117458333333333
ULDI,1670,2019,7,28,-28.293,31.421,607.9,0.0070153868510356,0.0052237152777777,0.0078030739373926,0.0077666666666666
ULDI,1671,2019,7,29,-28.293,31.421,607.9,0.0053237021400332,0.0032419791666666,0.0055071335354057,0.0060958333333333
ULDI,1672,2019,7,30,-28.293,31.421,607.9,0.0059461229592184,0.0034892708333333,0.0053936460805123,0.0058625
ULDI,1674,2019,8,1,-28.293,31.421,607.9,0.0180685788322433,0.0171634722222222,0.0174810259254666,0.0168958333333333
ULDI,1675,2019,8,2,-28.293,31.421,607.9,0.0195400371651155,0.0160903571428571,0.0169546558262798,0.0156791666666666
ULDI,1676,2019,8,3,-28.293,31.421,607.9,0.0228810209392552,0.0202564245810055,0.0151706977500875,0.017
ULDI,1677,2019,8,4,-28.293,31.421,607.9,0.0195710535894305,0.0157219791666666,0.0170022444353925,0.0172625
ULDI,1678,2019,8,5,-28.293,31.421,607.9,0.0189589277386671,0.0176100347222222,0.0179731267754112,0.0192
ULDI,1679,2019,8,6,-28.293,31.421,607.9,0.0210318688685839,0.0195669444444444,0.0197570886957246,0.0207083333333333
ULDI,1680,2019,8,7,-28.293,31.421,607.9,0.0176374554221135,0.0166768402777777,0.0190069794635685,0.0192166666666666
ULDI,1681,2019,8,8,-28.293,31.421,607.9,0.0193624833793526,0.0201720486111111,0.0190048073666515,0.0201541666666666
ULDI,1682,2019,8,9,-28.293,31.421,607.9,0.0239524760945942,0.0225308333333333,0.024013675708111,0.0231333333333333
ULDI,1683,2019,8,10,-28.293,31.421,607.9,0.02076379964747,0.0196000694444444,0.019606479775352,0.0200708333333333
ULDI,1684,2019,8,11,-28.293,31.421,607.9,0.0197763800005288,0.0186290109890109,0.0212938125949426,0.0222374999999999
ULDI,1685,2019,8,12,-28.293,31.421,607.9,0.0264925446764149,0.0229164319248826,0.0221014517529162,0.022775
ULDI,1686,2019,8,13,-28.293,31.421,607.9,0.0230466694517428,0.0229363194444444,0.0238362361747274,0.0235875
ULDI,1687,2019,8,14,-28.293,31.421,607.9,0.0150358082105059,0.0132032638888888,0.0153428778737085,0.0155791666666666
ULDI,1688,2019,8,15,-28.293,31.421,607.9,0.0112985275737491,0.0103313541666666,0.012819129683013,0.013525
ULDI,1689,2019,8,16,-28.293,31.421,607.9,0.0094083194912671,0.0059168402777777,0.008348792257771,0.0081166666666666
ULDI,1690,2019,8,17,-28.293,31.421,607.9,0.0177640529692543,0.01678875,0.0170824487757695,0.0173625
ULDI,1691,2019,8,18,-28.293,31.421,607.9,0.0178857657652316,0.0165158333333333,0.0194590003435773,0.0199666666666666
ULDI,1692,2019,8,19,-28.293,31.421,607.9,0.0169533910362399,0.0164292708333333,0.017391320591139,0.0179083333333333
ULDI,1693,2019,8,20,-28.293,31.421,607.9,0.0159814703739655,0.0133765277777777,0.014096118876199,0.0133125
ULDI,1694,2019,8,21,-28.293,31.421,607.9,0.0141030889728812,0.0133056597222222,0.0149024757688784,0.01475
ULDI,1695,2019,8,22,-28.293,31.421,607.9,0.0110008329510222,0.0098192708333333,0.0119172099695586,0.0129458333333333
ULDI,1696,2019,8,23,-28.293,31.421,607.9,0.0077883107945673,0.0059797569444444,0.0076638090712229,0.0071833333333333
ULDI,1697,2019,8,24,-28.293,31.421,607.9,0.0068998278341036,0.0054376388888888,0.0068578461838765,0.006825
ULDI,1698,2019,8,25,-28.293,31.421,607.9,0.0067908476015988,0.0047348780487804,0.0066670189473062,0.00695
ULDI,1699,2019,8,26,-28.293,31.421,607.9,0.0124843699239378,0.0099220574162679,0.0093916494579479,0.011525
ULDI,1700,2019,8,27,-28.293,31.421,607.9,0.0173664839851175,0.0152806597222222,0.0151649590177797,0.0170083333333333
ULDI,1701,2019,8,28,-28.293,31.421,607.9,0.0235651101706959,0.02233625,0.0224871550540948,0.0219541666666666
ULDI,1702,2019,8,29,-28.293,31.421,607.9,0.0213703263056997,0.0202596180555555,0.0226827503372388,0.0207666666666666
ULDI,1703,2019,8,30,-28.293,31.421,607.9,0.0233609366379312,0.0232847916666666,0.0220865934797859,0.0223375
ULDI,1705,2019,9,1,-28.293,31.421,607.9,0.0121120928362089,0.0102056597222222,0.0114674465165564,0.0116041666666666
ULDI,1706,2019,9,2,-28.293,31.421,607.9,0.0144591649386105,0.0123544097222222,0.0127512954402092,0.0143333333333333
ULDI,1707,2019,9,3,-28.293,31.421,607.9,0.0149503743919869,0.0114756597222222,0.0130901733078749,0.013875
ULDI,1708,2019,9,4,-28.293,31.421,607.9,0.0154966417937029,0.0128792708333333,0.0126334109047778,0.0148374999999999
ULDI,1709,2019,9,5,-28.293,31.421,607.9,0.0247556346003629,0.0230982638888888,0.024070104385208,0.0240375
ULDI,1710,2019,9,6,-28.293,31.421,607.9,0.020595767935887,0.0191826736111111,0.0217428977260119,0.0199
ULDI,1711,2019,9,7,-28.293,31.421,607.9,0.0127226459569959,0.0115923958333333,0.0130972279949133,0.0122708333333333
ULDI,1712,2019,9,8,-28.293,31.421,607.9,0.010582274761622,0.0087246180555555,0.0102180931212628,0.0098
ULDI,1714,2019,9,10,-28.293,31.421,607.9,0.0111935254056936,0.0091821527777777,0.0102718361996634,0.0101541666666666
ULDI,1715,2019,9,11,-28.293,31.421,607.9,0.0118067368853544,0.0091812847222222,0.0104747728075818,0.0109874999999999
ULDI,1716,2019,9,12,-28.293,31.421,607.9,0.0129074720882456,0.011515119047619,0.011805446048647,0.0129458333333333
ULDI,1717,2019,9,13,-28.293,31.421,607.9,0.0262764724117562,0.0241971774193548,0.0165650535393348,0.0188541666666666
ULDI,1718,2019,9,14,-28.293,31.421,607.9,0.0235728946720001,0.0226173263888888,0.0229239034073774,0.0232041666666666
ULDI,1720,2019,9,16,-28.293,31.421,607.9,0.0214092780884853,0.0200721978021978,0.0219291177941619,0.0220166666666666
ULDI,1721,2019,9,17,-28.293,31.421,607.9,0.0170202435882237,0.0146708333333333,0.0162066214312193,0.0168625
ULDI,1722,2019,9,18,-28.293,31.421,607.9,0.0209083190392758,0.019670625,0.0184998593180255,0.0212625
ULDI,1723,2019,9,19,-28.293,31.421,607.9,0.0245089227849694,0.0233789236111111,0.024161521324169,0.0242166666666666
ULDI,1724,2019,9,20,-28.293,31.421,607.9,0.0208046175441303,0.0177522222222222,0.0192015883714854,0.0201458333333333
ULDI,1725,2019,9,21,-28.293,31.421,607.9,0.0154766213184995,0.0153882638888888,0.0169543488842574,0.0175083333333333
ULDI,1726,2019,9,22,-28.293,31.421,607.9,0.020429193203237,0.0198235069444444,0.019033832288702,0.0207208333333333
ULDI,1727,2019,9,23,-28.293,31.421,607.9,0.0254853298422555,0.0230225,0.0229457172221609,0.0232458333333333
ULDI,1728,2019,9,24,-28.293,31.421,607.9,0.0216278495371649,0.0199827430555555,0.02251244177318,0.0213708333333333
ULDI,1729,2019,9,25,-28.293,31.421,607.9,0.012022793028301,0.0101968402777777,0.0127450882423357,0.012075
ULDI,1730,2019,9,26,-28.293,31.421,607.9,0.012510505202222,0.0106596875,0.0122998672849208,0.0116
ULDI,1732,2019,9,28,-28.293,31.421,607.9,0.0108145012710108,0.0075663194444444,0.0081715455340153,0.009525
ULDI,1733,2019,9,29,-28.293,31.421,607.9,0.0133616536959702,0.0109357291666666,0.0123233843387744,0.0133874999999999
ULDI,1734,2019,9,30,-28.293,31.421,607.9,0.0230539259412743,0.0219239583333333,0.0212047679584103,0.0218375
ULDI,1735,2019,10,1,-28.293,31.421,607.9,0.0191137811252,0.0168381944444444,0.0185149104480414,0.0173124999999999
ULDI,1736,2019,10,2,-28.293,31.421,607.9,0.0178982781291698,0.0159947569444444,0.0158532454036469,0.0163166666666666
ULDI,1737,2019,10,3,-28.293,31.421,607.9,0.0180832523569124,0.0162612499999999,0.0167471787496025,0.0181
ULDI,1738,2019,10,4,-28.293,31.421,607.9,0.0214259038600034,0.0202476041666666,0.0188415090712352,0.0201499999999999
ULDI,1739,2019,10,5,-28.293,31.421,607.9,0.0228078753099239,0.0205744097222222,0.023050999672076,0.0222374999999999
ULDI,1740,2019,10,6,-28.293,31.421,607.9,0.0239808315181594,0.0208210416666666,0.0212968085811597,0.0227416666666666
ULDI,1741,2019,10,7,-28.293,31.421,607.9,0.0280448328937538,0.0251202430555555,0.0239864111552234,0.0252791666666666
ULDI,1742,2019,10,8,-28.293,31.421,607.9,0.0295171985905411,0.0267980555555555,0.0291809218196879,0.0270375
ULDI,1743,2019,10,9,-28.293,31.421,607.9,0.0332341318473143,0.0308723958333333,0.0296249793365465,0.0316208333333333
ULDI,1744,2019,10,10,-28.293,31.421,607.9,0.0257806920590794,0.0255504166666666,0.0284434525917766,0.0258916666666666
ULDI,1745,2019,10,11,-28.293,31.421,607.9,0.0152659126769764,0.0117212847222222,0.0132781841486704,0.0141708333333333
ULDI,1746,2019,10,12,-28.293,31.421,607.9,0.0232021868573506,0.0196945486111111,0.0167769743734949,0.0200083333333333
ULDI,1747,2019,10,13,-28.293,31.421,607.9,0.0296228748709265,0.0277940277777777,0.0285202402284321,0.0282708333333333
ULDI,1748,2019,10,14,-28.293,31.421,607.9,0.0288243064018912,0.0269919444444444,0.0277503352026016,0.02895
ULDI,1749,2019,10,15,-28.293,31.421,607.9,0.027388295783345,0.02719,0.0289022424059676,0.0271541666666666
ULDI,1750,2019,10,16,-28.293,31.421,607.9,0.0200984928060142,0.0180213888888888,0.0201136974316502,0.0194458333333333
ULDI,1751,2019,10,17,-28.293,31.421,607.9,0.0146630729371686,0.0130077083333333,0.0152200062281737,0.014125
ULDI,1752,2019,10,18,-28.293,31.421,607.9,0.0171474937893079,0.0151287152777777,0.0159539991048234,0.0176916666666666
ULDI,1753,2019,10,19,-28.293,31.421,607.9,0.0244900732552976,0.0232394444444444,0.021923535597369,0.0251791666666666
ULDI,1754,2019,10,20,-28.293,31.421,607.9,0.027975762314014,0.0260572569444444,0.0241888338828584,0.0258958333333333
ULDI,1755,2019,10,21,-28.293,31.421,607.9,0.0252675535368142,0.0238289236111111,0.0268096121385094,0.0258541666666666
ULDI,1756,2019,10,22,-28.293,31.421,607.9,0.024465761542609,0.0244224652777777,0.024456244335505,0.0238708333333333
ULDI,1759,2019,10,25,-28.293,31.421,607.9,0.0335509430364849,0.0271320486111111,0.0259026607987809,0.0289791666666666
ULDI,1760,2019,10,26,-28.293,31.421,607.9,0.0342986675301172,0.0337546180555555,0.036038265748267,0.0386166666666666
ULDI,1761,2019,10,27,-28.293,31.421,607.9,0.0254371618523748,0.0241457291666666,0.0270995116699058,0.0263666666666666
ULDI,1762,2019,10,28,-28.293,31.421,607.9,0.0225404762721407,0.0232077430555555,0.0246861251226035,0.0253166666666666
ULDI,1763,2019,10,29,-28.293,31.421,607.9,0.022901706019677,0.0217272222222222,0.0216834716533714,0.021175
ULDI,1764,2019,10,30,-28.293,31.421,607.9,0.0257872960213466,0.0230325694444444,0.0218946322641736,0.022775
ULDI,1766,2019,11,1,-28.293,31.421,607.9,0.0321784669353544,0.0290976736111111,0.0280533618338373,0.0285958333333333
ULDI,1767,2019,11,2,-28.293,31.421,607.9,0.0305095259416939,0.0280405902777777,0.0293268124354303,0.0290791666666666
ULDI,1768,2019,11,3,-28.293,31.421,607.9,0.0275921272392569,0.0250983333333333,0.0250675732688648,0.0265875
ULDI,1769,2019,11,4,-28.293,31.421,607.9,0.0280632100891119,0.0253991666666666,0.0248260224882385,0.0255208333333333
ULDI,1770,2019,11,5,-28.293,31.421,607.9,0.0286826648504511,0.0253070486111111,0.0282510468192078,0.0290125
ULDI,1771,2019,11,6,-28.293,31.421,607.9,0.0306831835625345,0.0288598263888888,0.0295890217062558,0.0312958333333333
ULDI,1772,2019,11,7,-28.293,31.421,607.9,0.0333910932652054,0.0321480208333333,0.032216029491572,0.0341249999999999
ULDI,1773,2019,11,8,-28.293,31.421,607.9,0.0329081827019484,0.0320814583333333,0.0331180341921366,0.0316125
ULDI,1774,2019,11,9,-28.293,31.421,607.9,0.0311735748878311,0.0295206597222222,0.029653072786024,0.0309583333333333
ULDI,1775,2019,11,10,-28.293,31.421,607.9,0.0373271802403223,0.0349743402777777,0.0368803653461555,0.0374124999999999
ULDI,1776,2019,11,11,-28.293,31.421,607.9,0.0393187868051342,0.0355642708333333,0.0368667351237035,0.0377666666666666
ULDI,1777,2019,11,12,-28.293,31.421,607.9,0.0388292765318663,0.0368470486111111,0.0396650972323194,0.0401458333333333
ULDI,1778,2019,11,13,-28.293,31.421,607.9,0.0346956090790592,0.0312042013888888,0.0368056329310422,0.0369041666666666
ULDI,1779,2019,11,14,-28.293,31.421,607.9,0.0310423186869497,0.0299603819444444,0.0317979331312625,0.0299583333333333
ULDI,1780,2019,11,15,-28.293,31.421,607.9,0.029137620078599,0.0291041666666666,0.0295169122442714,0.0302791666666666
ULDI,1781,2019,11,16,-28.293,31.421,607.9,0.0276585577482415,0.0250181647940074,0.0257835682781477,0.0263166666666666
ULDI,1782,2019,11,17,-28.293,31.421,607.9,0.0360137562983257,0.0344218181818181,0.0312087468739207,0.0326291666666666
ULDI,1783,2019,11,18,-28.293,31.421,607.9,0.032449864727576,0.03101125,0.0321160219132171,0.0316041666666666
ULDI,1784,2019,11,19,-28.293,31.421,607.9,0.0324582991008955,0.0326246875,0.0341285760032514,0.0350416666666666
ULDI,1785,2019,11,20,-28.293,31.421,607.9,0.035115190015268,0.0335669791666666,0.0339502587900495,0.0340125
ULDI,1786,2019,11,21,-28.293,31.421,607.9,0.0357692218971975,0.0328699305555555,0.0339201948950066,0.0319583333333333
ULDI,1787,2019,11,22,-28.293,31.421,607.9,0.0322900081402227,0.0312206944444444,0.0323284681705484,0.0330583333333333
ULDI,1788,2019,11,23,-28.293,31.421,607.9,0.0337565669781093,0.0310627777777777,0.0331358370387753,0.0358791666666666
ULDI,1789,2019,11,24,-28.293,31.421,607.9,0.0340690695263898,0.0310752083333333,0.032089790846078,0.0327291666666666
ULDI,1790,2019,11,25,-28.293,31.421,607.9,0.0291310810506644,0.0272382291666666,0.0286624019936105,0.02885
ULDI,1791,2019,11,26,-28.293,31.421,607.9,0.0235164515410726,0.0222654166666666,0.0243545989963013,0.02535
ULDI,1792,2019,11,27,-28.293,31.421,607.9,0.025076173829357,0.0226946527777777,0.0231444139729536,0.023325
ULDI,1793,2019,11,28,-28.293,31.421,607.9,0.0260705585082434,0.0259246875,0.0292838080088472,0.0285208333333333
ULDI,1794,2019,11,29,-28.293,31.421,607.9,0.025805144596001,0.0236679166666666,0.0241021640696746,0.0241708333333333
ULDI,1795,2019,11,30,-28.293,31.421,607.9,0.0297056905207041,0.0272502430555555,0.025388746975581,0.028125
ULDI,1796,2019,12,1,-28.293,31.421,607.9,0.0302603022312914,0.0284399305555555,0.0300249718957765,0.0291666666666666
ULDI,1797,2019,12,2,-28.293,31.421,607.9,0.0305170645320894,0.0276773958333333,0.0291119728831504,0.0297874999999999
ULDI,1798,2019,12,3,-28.293,31.421,607.9,0.0348837027967354,0.0338156944444444,0.0328136594627929,0.0335958333333333
ULDI,1799,2019,12,4,-28.293,31.421,607.9,0.0338720799731818,0.0331864236111111,0.0365203453377945,0.0342458333333333
ULDI,1800,2019,12,5,-28.293,31.421,607.9,0.0311879703693221,0.0295352083333333,0.0294257700043056,0.0308458333333333
ULDI,1801,2019,12,6,-28.293,31.421,607.9,0.0343643370714549,0.0351429861111111,0.0350470077026005,0.0364833333333333
ULDI,1802,2019,12,7,-28.293,31.421,607.9,0.0270738853828696,0.0239267708333333,0.0242605882412331,0.0228624999999999
ULDI,1803,2019,12,8,-28.293,31.421,607.9,0.0348557778635144,0.035180625,0.0353640866993012,0.0350666666666666
ULDI,1804,2019,12,9,-28.293,31.421,607.9,0.0397686123614996,0.0381536458333333,0.0403228030417205,0.0373458333333333
ULDI,1805,2019,12,10,-28.293,31.421,607.9,0.0424545495319558,0.04057625,0.0408706215702954,0.0400958333333333
ULDI,1806,2019,12,11,-28.293,31.421,607.9,0.0382375984785825,0.0349389930555555,0.0367625809610892,0.035725
ULDI,1807,2019,12,12,-28.293,31.421,607.9,0.0336842807746417,0.0314397916666666,0.0316862871608464,0.0329083333333333
ULDI,1808,2019,12,13,-28.293,31.421,607.9,0.0338896849551169,0.0318349652777777,0.0334130831429075,0.0336875
ULDI,1809,2019,12,14,-28.293,31.421,607.9,0.0351546715149753,0.0326486111111111,0.0329523614517166,0.0347916666666666
ULDI,1810,2019,12,15,-28.293,31.421,607.9,0.0259359383647798,0.0239635069444444,0.0257056859580589,0.0246791666666666
ULDI,1811,2019,12,16,-28.293,31.421,607.9,0.0191296764262497,0.0171763541666666,0.0184075061448564,0.0196333333333333
ULDI,1812,2019,12,17,-28.293,31.421,607.9,0.0248016231363642,0.0220124305555555,0.0216779045483461,0.0235291666666666
ULDI,1813,2019,12,18,-28.293,31.421,607.9,0.0304095351484607,0.0269898958333333,0.0262692439598599,0.0295208333333333
ULDI,1814,2019,12,19,-28.293,31.421,607.9,0.0365307514510665,0.0343970833333333,0.0367685693219817,0.03675
ULDI,1816,2019,12,21,-28.293,31.421,607.9,0.0388714431341201,0.0376021428571428,0.0381579941201166,0.0408666666666666
ULDI,1821,2019,12,26,-28.293,31.421,607.9,0.0407154811521059,0.0397487922705314,0.0397294743139584,0.0412458333333333
ULDI,1828,2020,1,2,-28.293,31.421,607.9,0.0359041178819915,0.0366783333333333,0.0371707404451474,0.0399375
ULDI,1829,2020,1,3,-28.293,31.421,607.9,0.0332767930175481,0.0339350347222222,0.036737410691896,0.0382666666666666
ULDI,1830,2020,1,4,-28.293,31.421,607.9,0.0316468210738995,0.0313405555555555,0.0342802192656672,0.0335791666666666
ULDI,1831,2020,1,5,-28.293,31.421,607.9,0.036294634916938,0.032904375,0.0331358129291103,0.0355166666666666
ULDI,1832,2020,1,6,-28.293,31.421,607.9,0.0398651384823246,0.0373581597222222,0.0373960117040416,0.0372916666666666
ULDI,1833,2020,1,7,-28.293,31.421,607.9,0.0379967918858135,0.0360769791666666,0.0371699167480285,0.0339041666666666
ULDI,1834,2020,1,8,-28.293,31.421,607.9,0.0413216222227832,0.0385654513888888,0.0353597092912971,0.0370291666666666
ULDI,1835,2020,1,9,-28.293,31.421,607.9,0.0493918433983244,0.0478598958333333,0.0480865936017026,0.0491375
ULDI,1837,2020,1,11,-28.293,31.421,607.9,0.0411249342475887,0.0374999305555555,0.0381597906747598,0.0365208333333333
ULDI,1838,2020,1,12,-28.293,31.421,607.9,0.0434782850465528,0.0414236805555555,0.0400513131987134,0.0426416666666666
ULDI,1839,2020,1,13,-28.293,31.421,607.9,0.0391310959662987,0.0367667361111111,0.037466696716886,0.0390833333333333
ULDI,1840,2020,1,14,-28.293,31.421,607.9,0.0333341051521932,0.0329881597222222,0.0339635842086269,0.0332958333333333
ULDI,1841,2020,1,15,-28.293,31.421,607.9,0.0245827823426962,0.0227098263888888,0.0249186895048593,0.0242
ULDI,1842,2020,1,16,-28.293,31.421,607.9,0.0262838308774104,0.0270858680555555,0.0263633720129581,0.0272625
ULDI,1843,2020,1,17,-28.293,31.421,607.9,0.0264413210109277,0.0249779861111111,0.0232177548528489,0.0242083333333333
ULDI,1845,2020,1,19,-28.293,31.421,607.9,0.0416927415663097,0.0409515972222222,0.0413969188354864,0.0412958333333333
ULDI,1846,2020,1,20,-28.293,31.421,607.9,0.0300687743356512,0.0275012499999999,0.0309781811997223,0.0278416666666666
ULDI,1847,2020,1,21,-28.293,31.421,607.9,0.0316953273462546,0.0301225694444444,0.0302258248256114,0.0300499999999999
ULDI,1848,2020,1,22,-28.293,31.421,607.9,0.0354903358622534,0.0321439930555555,0.0336674150749801,0.0345208333333333
ULDI,1849,2020,1,23,-28.293,31.421,607.9,0.0349976230821671,0.0329285069444444,0.0347284589323679,0.0361458333333333
ULDI,1850,2020,1,24,-28.293,31.421,607.9,0.0385508137605577,0.0343976388888888,0.0352677623297577,0.0359291666666666
ULDI,1851,2020,1,25,-28.293,31.421,607.9,0.0395514562954624,0.0378249305555555,0.0394055800740166,0.038725
ULDI,1852,2020,1,26,-28.293,31.421,607.9,0.037382276748902,0.0321203819444444,0.0316492049905782,0.0353291666666666
ULDI,1853,2020,1,27,-28.293,31.421,607.9,0.0288464260637613,0.0237969791666666,0.0274719391777564,0.0256583333333333
ULDI,1854,2020,1,28,-28.293,31.421,607.9,0.0286500753639541,0.0252591666666666,0.0241184686368562,0.0257333333333333
ULDI,1855,2020,1,29,-28.293,31.421,607.9,0.0332101478547571,0.0282344791666666,0.0290379744874537,0.030275
ULDI,1856,2020,1,30,-28.293,31.421,607.9,0.0379421638843628,0.0368532291666666,0.037143535037541,0.0373375
ULDI,1858,2020,2,1,-28.293,31.421,607.9,0.0310182897906589,0.0307691319444444,0.0318342220233149,0.0333375
ULDI,1859,2020,2,2,-28.293,31.421,607.9,0.0315386050282291,0.0286862406015037,0.0298351001952771,0.0295333333333333
ULDI,1861,2020,2,4,-28.293,31.421,607.9,0.0280152160174874,0.0247481403508771,0.0271431306557007,0.0277083333333333
ULDI,1862,2020,2,5,-28.293,31.421,607.9,0.0320876403100523,0.0314838194444444,0.0313974861596098,0.0366458333333333
ULDI,1863,2020,2,6,-28.293,31.421,607.9,0.0392013317283367,0.0402468055555555,0.0403114015846777,0.0435125
ULDI,1864,2020,2,7,-28.293,31.421,607.9,0.0467331096450195,0.0457686111111111,0.0473953403855349,0.0461
ULDI,1865,2020,2,8,-28.293,31.421,607.9,0.0495438211724281,0.04604625,0.0460289787480106,0.0461458333333333
ULDI,1866,2020,2,9,-28.293,31.421,607.9,0.0464687008072451,0.0436852083333333,0.0455972044845446,0.0452791666666666
ULDI,1867,2020,2,10,-28.293,31.421,607.9,0.0405855158054826,0.0391551736111111,0.0411376411375614,0.0411
ULDI,1868,2020,2,11,-28.293,31.421,607.9,0.0337115014912778,0.0323223263888888,0.0379819948510936,0.0349583333333333
ULDI,1869,2020,2,12,-28.293,31.421,607.9,0.0312238420158671,0.0306021180555555,0.0320045150836161,0.030525
ULDI,1870,2020,2,13,-28.293,31.421,607.9,0.0291183935498053,0.0300155555555555,0.0305247055209504,0.033225
ULDI,1871,2020,2,14,-28.293,31.421,607.9,0.0257665101213979,0.0248876041666666,0.0264960142880614,0.0269333333333333
ULDI,1872,2020,2,15,-28.293,31.421,607.9,0.0235159456031671,0.0221660069444444,0.0216443864403573,0.0211375
ULDI,1873,2020,2,16,-28.293,31.421,607.9,0.0215301028353343,0.0215063740458015,0.0210654949097229,0.0198791666666666
ULDI,1874,2020,2,17,-28.293,31.421,607.9,0.0269463505297131,0.0248201388888888,0.0238911703206258,0.0252458333333333
ULDI,1875,2020,2,18,-28.293,31.421,607.9,0.0353822602837144,0.0328660069444444,0.0341480824066904,0.0350291666666666
ULDI,1876,2020,2,19,-28.293,31.421,607.9,0.0459376532611444,0.0465661805555555,0.0456169435994347,0.0457791666666666
ULDI,1877,2020,2,20,-28.293,31.421,607.9,0.0460588659538424,0.0453076736111111,0.046977795534243,0.048725
ULDI,1878,2020,2,21,-28.293,31.421,607.9,0.0405121904801469,0.0385379166666666,0.0406959913159323,0.0411
ULDI,1879,2020,2,22,-28.293,31.421,607.9,0.044564700577039,0.0410251736111111,0.0398776680245056,0.0440083333333333
ULDI,1880,2020,2,23,-28.293,31.421,607.9,0.0320743462239522,0.0305019791666666,0.0362626295801927,0.03255
ULDI,1881,2020,2,24,-28.293,31.421,607.9,0.0193204338743871,0.017641875,0.0186862129359631,0.0185666666666666
ULDI,1882,2020,2,25,-28.293,31.421,607.9,0.0192079794672034,0.0180854166666666,0.0200754163245425,0.0189333333333333
ULDI,1883,2020,2,26,-28.293,31.421,607.9,0.0213262098489416,0.0199305208333333,0.0198630993529293,0.0217291666666666
ULDI,1884,2020,2,27,-28.293,31.421,607.9,0.0346997822473379,0.0344525347222222,0.0341597294808427,0.0369625
ULDI,1885,2020,2,28,-28.293,31.421,607.9,0.0399612165613729,0.0380955555555555,0.0404436014706392,0.0381708333333333
ULDI,1886,2020,2,29,-28.293,31.421,607.9,0.0320541850811622,0.0302330555555555,0.0316904353202478,0.0306458333333333
ULDI,1887,2020,3,1,-28.293,31.421,607.9,0.0286181508687138,0.0250544444444444,0.0260892146572654,0.0250333333333333
ULDI,1888,2020,3,2,-28.293,31.421,607.9,0.0316099147153397,0.0299286458333333,0.0336521208329424,0.0323458333333333
ULDI,1889,2020,3,3,-28.293,31.421,607.9,0.0287143949361923,0.0261549305555555,0.029434257747469,0.0283291666666666
ULDI,1891,2020,3,5,-28.293,31.421,607.9,0.0207624487122043,0.018425744680851,0.0182798433287716,0.0184625
ULDI,1892,2020,3,6,-28.293,31.421,607.9,0.0219311841029443,0.0212939583333333,0.0222445692867134,0.0204041666666666
ULDI,1893,2020,3,7,-28.293,31.421,607.9,0.0201872507864148,0.0194017013888888,0.0213017394744132,0.0198166666666666
ULDI,1894,2020,3,8,-28.293,31.421,607.9,0.0192346828437548,0.0180097569444444,0.0175820160855121,0.0186458333333333
ULDI,1895,2020,3,9,-28.293,31.421,607.9,0.0280261381394977,0.0265954166666666,0.0245606848177738,0.0255666666666666
ULDI,1896,2020,3,10,-28.293,31.421,607.9,0.035972928069281,0.0321264583333333,0.0310821239771602,0.032075
ULDI,1897,2020,3,11,-28.293,31.421,607.9,0.0388473534839889,0.0370705208333333,0.0389095218392688,0.0391875
ULDI,1898,2020,3,12,-28.293,31.421,607.9,0.0398680365013715,0.0393683333333333,0.040249110913861,0.0409249999999999
ULDI,1900,2020,3,14,-28.293,31.421,607.9,0.0369510331062443,0.0358304166666666,0.0358774493761713,0.0374458333333333
ULDI,1901,2020,3,15,-28.293,31.421,607.9,0.0344753157886559,0.0319372222222222,0.032200925597781,0.0325333333333333
ULDI,1902,2020,3,16,-28.293,31.421,607.9,0.0358494126117462,0.0349077430555555,0.0350364248029095,0.0366625
ULDI,1903,2020,3,17,-28.293,31.421,607.9,0.0308319065427036,0.0280717361111111,0.0300358153607696,0.0296166666666666
ULDI,1904,2020,3,18,-28.293,31.421,607.9,0.0312005289927033,0.0290921180555555,0.0303257493772697,0.0295374999999999
ULDI,1905,2020,3,19,-28.293,31.421,607.9,0.0316308012372047,0.0292049652777777,0.0295990870645332,0.0315875
ULDI,1906,2020,3,20,-28.293,31.421,607.9,0.0342903697033411,0.0318733680555555,0.0333912023273475,0.03495
ULDI,1907,2020,3,21,-28.293,31.421,607.9,0.0370522810554759,0.0343228819444444,0.0352987765019062,0.0368625
ULDI,1908,2020,3,22,-28.293,31.421,607.9,0.0371127551019785,0.0357776736111111,0.0386885485275945,0.0375375
ULDI,1909,2020,3,23,-28.293,31.421,607.9,0.0334043117854032,0.0327844444444444,0.0369785019179594,0.0375833333333333
ULDI,1910,2020,3,24,-28.293,31.421,607.9,0.0361520947106844,0.0322511805555555,0.0326307814657382,0.0318875
ULDI,1911,2020,3,25,-28.293,31.421,607.9,0.0346076373236637,0.0321154166666666,0.0316950442475304,0.032225
ULDI,1912,2020,3,26,-28.293,31.421,607.9,0.0285113940583894,0.0291210416666666,0.0306898776311872,0.0293416666666666
ULDI,1913,2020,3,27,-28.293,31.421,607.9,0.025235713860638,0.0228696527777777,0.0236839887616693,0.0236249999999999
ULDI,1914,2020,3,28,-28.293,31.421,607.9,0.0257246701134045,0.0235169791666666,0.0236118509333318,0.0237
ULDI,1915,2020,3,29,-28.293,31.421,607.9,0.0295290419404391,0.0239006249999999,0.0234338609759308,0.0252458333333333
ULDI,1916,2020,3,30,-28.293,31.421,607.9,0.0359140485964288,0.0333114930555555,0.0330129159236015,0.0344625
ULDI,1918,2020,4,1,-28.293,31.421,607.9,0.0348576141708996,0.0337303125,0.036928840913736,0.0352
ULDI,1919,2020,4,2,-28.293,31.421,607.9,0.018766507337988,0.0159548958333333,0.0185956778414103,0.0157916666666666
ULDI,1920,2020,4,3,-28.293,31.421,607.9,0.0278467947577364,0.0260155208333333,0.0250172277923677,0.0251208333333333
ULDI,1921,2020,4,4,-28.293,31.421,607.9,0.035915069356935,0.0352913888888888,0.0357647023324226,0.0356833333333333
ULDI,1922,2020,4,5,-28.293,31.421,607.9,0.0249257969973723,0.0222896180555555,0.0255721989102572,0.0248
ULDI,1923,2020,4,6,-28.293,31.421,607.9,0.0249348270817644,0.0213795486111111,0.0206957511258941,0.0239916666666666
ULDI,1924,2020,4,7,-28.293,31.421,607.9,0.0305817000193467,0.0290584027777777,0.0298904061687076,0.029425
ULDI,1925,2020,4,8,-28.293,31.421,607.9,0.0282817505989241,0.0259611458333333,0.0254921660633118,0.0254291666666666
ULDI,1926,2020,4,9,-28.293,31.421,607.9,0.032027965525189,0.0307168055555555,0.0323204746815101,0.0314
ULDI,1927,2020,4,10,-28.293,31.421,607.9,0.0302150184533486,0.0279953124999999,0.0285880221064523,0.0297166666666666
ULDI,1928,2020,4,11,-28.293,31.421,607.9,0.0269426787245698,0.0253304861111111,0.0267818861736161,0.02835
ULDI,1929,2020,4,12,-28.293,31.421,607.9,0.0264121976216219,0.0243667708333333,0.025427019227338,0.0256291666666666
ULDI,1930,2020,4,13,-28.293,31.421,607.9,0.0306158680387976,0.0290339236111111,0.0303017854604902,0.02985
ULDI,1931,2020,4,14,-28.293,31.421,607.9,0.0352951131055557,0.0347624652777777,0.0369113800821473,0.0365166666666666
ULDI,1932,2020,4,15,-28.293,31.421,607.9,0.0261085580666774,0.0239734027777777,0.0286090124402724,0.0275791666666666
ULDI,1933,2020,4,16,-28.293,31.421,607.9,0.0236015752311029,0.0237138194444444,0.0232189667710351,0.0246916666666666
ULDI,1935,2020,4,18,-28.293,31.421,607.9,0.0291472477171122,0.0265782978723404,0.0219237861853086,0.0233958333333333
ULDI,1936,2020,4,19,-28.293,31.421,607.9,0.0212812216173201,0.019865,0.0206962181844484,0.0205416666666666
ULDI,1937,2020,4,20,-28.293,31.421,607.9,0.0116731433709626,0.0089972916666666,0.0124105848316237,0.010175
ULDI,1938,2020,4,21,-28.293,31.421,607.9,0.0163528898613265,0.0170252777777777,0.0169912037728571,0.0168791666666666
ULDI,1939,2020,4,22,-28.293,31.421,607.9,0.0244948637456688,0.0244347569444444,0.0232616465778171,0.0243374999999999
ULDI,1940,2020,4,23,-28.293,31.421,607.9,0.0244278526700233,0.0231423958333333,0.0259460487908025,0.0265791666666666
ULDI,1941,2020,4,24,-28.293,31.421,607.9,0.0273135901957173,0.0251263888888888,0.0254987387371884,0.0277625
ULDI,1942,2020,4,25,-28.293,31.421,607.9,0.0314734820428626,0.0289804513888888,0.0307672391901118,0.0314749999999999
ULDI,1943,2020,4,26,-28.293,31.421,607.9,0.0303148947400036,0.0290462152777777,0.0306747785771945,0.0304291666666666
ULDI,1944,2020,4,27,-28.293,31.421,607.9,0.0315669193426251,0.0291557638888888,0.0299586213088701,0.0309666666666666
ULDI,1945,2020,4,28,-28.293,31.421,607.9,0.0309560347216262,0.0296110763888888,0.0334712958293821,0.0312125
ULDI,1946,2020,4,29,-28.293,31.421,607.9,0.025647152182425,0.0231145486111111,0.0245890285627151,0.0245333333333333
ULDI,1947,2020,4,30,-28.293,31.421,607.9,0.0249813386646942,0.0235531597222222,0.0249197878420962,0.0248791666666666
ULDI,1948,2020,5,1,-28.293,31.421,607.9,0.01199471196063,0.0092224652777777,0.0125135720059264,0.0107999999999999
ULDI,1949,2020,5,2,-28.293,31.421,607.9,0.0130752354126198,0.0114414930555555,0.0123939320523837,0.0142708333333333
ULDI,1950,2020,5,3,-28.293,31.421,607.9,0.017978892096507,0.0147255902777777,0.0142261072329291,0.0160833333333333
ULDI,1951,2020,5,4,-28.293,31.421,607.9,0.024202596396919,0.0230936111111111,0.0236362738305965,0.0231708333333333
ULDI,1952,2020,5,5,-28.293,31.421,607.9,0.0222600044908122,0.0190032291666666,0.0213940634607438,0.0222333333333333
ULDI,1953,2020,5,6,-28.293,31.421,607.9,0.0222031650422615,0.020031875,0.0213112796465983,0.0207083333333333
ULDI,1954,2020,5,7,-28.293,31.421,607.9,0.0221762666243152,0.02097875,0.0212824654109272,0.0221291666666666
ULDI,1955,2020,5,8,-28.293,31.421,607.9,0.0204293585080683,0.0184796180555555,0.0204432388696338,0.0211416666666666
ULDI,1956,2020,5,9,-28.293,31.421,607.9,0.0178332884812392,0.0161112152777777,0.0179909804835721,0.0171416666666666
ULDI,1957,2020,5,10,-28.293,31.421,607.9,0.0122843629656799,0.0106376041666666,0.0123339531305307,0.0110333333333333
ULDI,1958,2020,5,11,-28.293,31.421,607.9,0.0108237988336577,0.0088620833333333,0.0105667341760033,0.0097458333333333
ULDI,1959,2020,5,12,-28.293,31.421,607.9,0.0151559771635012,0.0147943055555555,0.0139408093733431,0.0142041666666666
ULDI,1960,2020,5,13,-28.293,31.421,607.9,0.0198549007161271,0.0178220138888888,0.0182826333835481,0.0195541666666666
ULDI,1961,2020,5,14,-28.293,31.421,607.9,0.0173355833867077,0.0150260416666666,0.0165696726969322,0.0152666666666666
ULDI,1962,2020,5,15,-28.293,31.421,607.9,0.0143597917240822,0.0100968402777777,0.0122306428636732,0.0126458333333333
ULDI,1966,2020,5,19,-28.293,31.421,607.9,0.0144918635821122,0.0108661805555555,0.0133448186721385,0.0139625
ULDI,1967,2020,5,20,-28.293,31.421,607.9,0.0181671005163448,0.0165617013888888,0.0172789069720725,0.0174833333333333
ULDI,1968,2020,5,21,-28.293,31.421,607.9,0.0174119775808938,0.0165345486111111,0.0183835065645718,0.0168791666666666
ULDI,1969,2020,5,22,-28.293,31.421,607.9,0.0143221543078435,0.0133751736111111,0.0155757782951225,0.0153333333333333
ULDI,1970,2020,5,23,-28.293,31.421,607.9,0.0143644304686922,0.0123815625,0.0140545070373906,0.0141208333333333
ULDI,1971,2020,5,24,-28.293,31.421,607.9,0.0138830195209758,0.0118930902777777,0.014264053759997,0.0143458333333333
ULDI,1972,2020,5,25,-28.293,31.421,607.9,0.0128621042264301,0.0103395138888888,0.012547454546919,0.012175
ULDI,1973,2020,5,26,-28.293,31.421,607.9,0.0129361536835887,0.0125150347222222,0.0130566101310239,0.0137916666666666
ULDI,1974,2020,5,27,-28.293,31.421,607.9,0.0103625116856362,0.0083451388888888,0.0086507063794662,0.0104416666666666
ULDI,1975,2020,5,28,-28.293,31.421,607.9,0.0086731685179358,0.0059508680555555,0.0092924584216074,0.0086625
ULDI,1976,2020,5,29,-28.293,31.421,607.9,0.0139404563309095,0.0118779166666666,0.0129668307480583,0.0131833333333333
ULDI,1977,2020,5,30,-28.293,31.421,607.9,0.0185055180239767,0.0169849305555555,0.0193548419698558,0.0183708333333333
ULDI,1979,2020,6,1,-28.293,31.421,607.9,0.0081892907060605,0.0066662847222222,0.0097421866538192,0.0093375
ULDI,1980,2020,6,2,-28.293,31.421,607.9,0.005640317617223,0.0042972916666666,0.0075748948879192,0.0071125
ULDI,1981,2020,6,3,-28.293,31.421,607.9,0.008577335287391,0.0058946875,0.0082506487625948,0.0080208333333333
ULDI,1982,2020,6,4,-28.293,31.421,607.9,0.0134602905044521,0.0120795833333333,0.0129276005901742,0.0128916666666666
ULDI,1983,2020,6,5,-28.293,31.421,607.9,0.0141152786301983,0.0129920833333333,0.0132785083864024,0.0143583333333333
ULDI,1985,2020,6,7,-28.293,31.421,607.9,0.0107753207026762,0.0097714201183431,0.0117541145352604,0.0105791666666666
ULDI,1986,2020,6,8,-28.293,31.421,607.9,0.0114270144483366,0.0092043402777777,0.0111151835502915,0.0109458333333333
ULDI,1987,2020,6,9,-28.293,31.421,607.9,0.0108084392505121,0.0089942708333333,0.0108201326798174,0.0106708333333333
ULDI,1988,2020,6,10,-28.293,31.421,607.9,0.0100217283690034,0.0076407986111111,0.0090583794931139,0.008925
ULDI,1989,2020,6,11,-28.293,31.421,607.9,0.0095721801706203,0.0103437847222222,0.0139272958061877,0.0115833333333333
ULDI,1990,2020,6,12,-28.293,31.421,607.9,0.0067070990307851,0.0057051388888888,0.0066891555440779,0.0067125
ULDI,1991,2020,6,13,-28.293,31.421,607.9,0.0068361698587019,0.0050456597222222,0.0065446172440535,0.0066916666666666
ULDI,1992,2020,6,14,-28.293,31.421,607.9,0.0048485120198828,0.0027601736111111,0.0051727650709858,0.005325
ULDI,1993,2020,6,15,-28.293,31.421,607.9,0.0089120672450219,0.0075294791666666,0.0079732772634591,0.0089375
ULDI,1994,2020,6,16,-28.293,31.421,607.9,0.017521117839351,0.0160394444444444,0.0164658429051477,0.0162708333333333
ULDI,1995,2020,6,17,-28.293,31.421,607.9,0.0220831816075909,0.0206303125,0.0216341698464702,0.0220625
ULDI,1996,2020,6,18,-28.293,31.421,607.9,0.0218116184052862,0.0207826388888888,0.022210674759309,0.0218125
ULDI,1997,2020,6,19,-28.293,31.421,607.9,0.0187549416107231,0.0179069444444444,0.0200174830978303,0.0192
ULDI,1998,2020,6,20,-28.293,31.421,607.9,0.0121418407614559,0.0105339236111111,0.0119402963292288,0.0119041666666666
ULDI,1999,2020,6,21,-28.293,31.421,607.9,0.0106189467780479,0.0076232638888888,0.0095623823311595,0.0098
ULDI,2000,2020,6,22,-28.293,31.421,607.9,0.013972054968811,0.0129311458333333,0.0148335342188111,0.0146375
ULDI,2002,2020,6,24,-28.293,31.421,607.9,0.0060524796585842,0.0047941393442622,0.0072429204176669,0.0070583333333333
ULDI,2003,2020,6,25,-28.293,31.421,607.9,0.0069786628810216,0.0053248611111111,0.0086095658426591,0.007325
ULDI,2004,2020,6,26,-28.293,31.421,607.9,0.0088180505011575,0.0082753472222222,0.0097898195711772,0.010025
ULDI,2007,2020,6,29,-28.293,31.421,607.9,0.0161708913377918,0.0133333098591549,0.0142417107316805,0.0148125
ULDI,2008,2020,6,30,-28.293,31.421,607.9,0.0164456655690595,0.0148090277777777,0.0167702441552478,0.0168083333333333
ULDI,2009,2020,7,1,-28.293,31.421,607.9,0.0137768927152048,0.0120698263888888,0.0148419536855875,0.0147916666666666
ULDI,2010,2020,7,2,-28.293,31.421,607.9,0.0100168935330934,0.0079620138888888,0.0100754542020257,0.0104125
ULDI,2011,2020,7,3,-28.293,31.421,607.9,0.0126873752836095,0.0121920138888888,0.0128628845794508,0.0136291666666666
ULDI,2012,2020,7,4,-28.293,31.421,607.9,0.0111801625286686,0.0085104166666666,0.0121371190575907,0.0109416666666666
ULDI,2013,2020,7,5,-28.293,31.421,607.9,0.0062107936293626,0.0045107986111111,0.0071763262742759,0.0069166666666666
ULDI,2014,2020,7,6,-28.293,31.421,607.9,0.0054904864737517,0.005565,0.0081116031775301,0.0082541666666666
ULDI,2015,2020,7,7,-28.293,31.421,607.9,0.0106314667242981,0.0078387499999999,0.0081681524202291,0.0091166666666666
ULDI,2016,2020,7,8,-28.293,31.421,607.9,0.015822375014872,0.0140638888888888,0.0146850662524661,0.0141833333333333
ULDI,2017,2020,7,9,-28.293,31.421,607.9,0.011986875404942,0.0105234027777777,0.01342215317748,0.0121166666666666
ULDI,2019,2020,7,11,-28.293,31.421,607.9,0.0119734922365834,0.0113633680555555,0.0132367136122147,0.0127
ULDI,2020,2020,7,12,-28.293,31.421,607.9,0.0091252036079274,0.0074620138888888,0.0092555152730727,0.0094625
ULDI,2024,2020,7,16,-28.293,31.421,607.9,0.0051218823170987,0.0046665972222222,0.0073585791906295,0.006825
ULDI,2025,2020,7,17,-28.293,31.421,607.9,0.003939161776323,0.0024740972222222,0.0058215615450163,0.0049958333333333
ULDI,2026,2020,7,18,-28.293,31.421,607.9,0.0040159289289782,0.0019075694444444,0.0046754735130572,0.0042625
ULDI,2027,2020,7,19,-28.293,31.421,607.9,0.0049550168371715,0.0029926736111111,0.0051770908087679,0.0046333333333333
ULDI,2028,2020,7,20,-28.293,31.421,607.9,0.005124033631434,0.0032014583333333,0.0058997601249774,0.0057916666666666
ULDI,2029,2020,7,21,-28.293,31.421,607.9,0.0057274592697174,0.0034488194444444,0.0058794036549474,0.0054208333333333
ULDI,2030,2020,7,22,-28.293,31.421,607.9,0.0065606498056307,0.0039778472222222,0.007083686975823,0.0072166666666666
ULDI,2031,2020,7,23,-28.293,31.421,607.9,0.0098723689150878,0.0087669444444444,0.0109861553991874,0.0108958333333333
ULDI,2032,2020,7,24,-28.293,31.421,607.9,0.0113597900111362,0.0105853125,0.0120876213297472,0.0119
ULDI,2033,2020,7,25,-28.293,31.421,607.9,0.0088652701061225,0.0071072222222222,0.0088697852536164,0.0086208333333333
ULDI,2034,2020,7,26,-28.293,31.421,607.9,0.0111203622787186,0.0069203819444444,0.007241968219658,0.0077833333333333
ULDI,2035,2020,7,27,-28.293,31.421,607.9,0.01693489915931,0.0163372916666666,0.0175668445228062,0.017525
ULDI,2036,2020,7,28,-28.293,31.421,607.9,0.0132084212095993,0.0108684722222222,0.0129492567769505,0.013425
ULDI,2038,2020,7,30,-28.293,31.421,607.9,0.0138135050473073,0.0107232291666666,0.0120210299817393,0.0128375
ULDI,2040,2020,8,1,-28.293,31.421,607.9,0.010523909433198,0.0090804513888888,0.0111430161500821,0.0103125
ULDI,2041,2020,8,2,-28.293,31.421,607.9,0.0071693073901683,0.0056704861111111,0.008278779162344,0.0074041666666666
ULDI,2042,2020,8,3,-28.293,31.421,607.9,0.00600686843059,0.0044472916666666,0.0060986423217809,0.0064083333333333
ULDI,2043,2020,8,4,-28.293,31.421,607.9,0.0106201127396954,0.0065386805555555,0.0069846061271382,0.0076625
ULDI,2044,2020,8,5,-28.293,31.421,607.9,0.0175367573864573,0.0171579513888888,0.0180326437922751,0.0175416666666666
ULDI,2045,2020,8,6,-28.293,31.421,607.9,0.0152076141112244,0.0153634722222222,0.0152918922837233,0.0153291666666666
ULDI,2269,2021,3,18,-28.293,31.421,607.9,0.0362838299580642,0.034676442687747,0.0361304349643969,0.0370708333333333
ULDI,2271,2021,3,20,-28.293,31.421,607.9,0.0379678283302262,0.0341540277777777,0.0327346500176928,0.033525
ULDI,2766,2022,7,28,-28.293,31.421,607.9,0.0205206674319518,0.0197980208333333,0.0221578941183153,0.02115
ULDI,2767,2022,7,29,-28.293,31.421,607.9,0.0184785212537139,0.0158361458333333,0.0178500501373654,0.01815
ULDI,2768,2022,7,30,-28.293,31.421,607.9,0.0236566808814845,0.0204071180555555,0.0211350262440732,0.021875
ULDI,2770,2022,8,1,-28.293,31.421,607.9,0.0191003676008488,0.0186236475409836,0.0189895460478704,0.0184083333333333
ULDI,2771,2022,8,2,-28.293,31.421,607.9,0.0182236722400269,0.0160472222222222,0.0190069185632846,0.0174999999999999
ULDI,2772,2022,8,3,-28.293,31.421,607.9,0.0201997038817577,0.0174323263888888,0.0189716795915138,0.0189208333333333
ULDI,2773,2022,8,4,-28.293,31.421,607.9,0.0201596673420108,0.0180296875,0.0212838487622637,0.0199291666666666
ULDI,2774,2022,8,5,-28.293,31.421,607.9,0.019027258314033,0.0164202430555555,0.0175531353962036,0.0188249999999999
ULDI,2775,2022,8,6,-28.293,31.421,607.9,0.0192667183078979,0.0149486458333333,0.0156045064055745,0.0172458333333333
ULDI,2776,2022,8,7,-28.293,31.421,607.9,0.0226320833874591,0.0215963888888888,0.0220915582327552,0.02285
ULDI,2777,2022,8,8,-28.293,31.421,607.9,0.0228723215118468,0.0194810457516339,0.0212701553617291,0.0197083333333333
ULDI,2778,2022,8,9,-28.293,31.421,607.9,0.0159676634933127,0.0155120809248554,0.0195254216104247,0.0180791666666666
ULDI,2779,2022,8,10,-28.293,31.421,607.9,0.0140672464039246,0.0107048263888888,0.0119815510681202,0.0128166666666666
ULDI,2780,2022,8,11,-28.293,31.421,607.9,0.0140795531028445,0.0124246180555555,0.0143427024535281,0.0149125
ULDI,2781,2022,8,12,-28.293,31.421,607.9,0.0128800080853509,0.0089762847222222,0.0106847162866286,0.0108333333333333
ULDI,2782,2022,8,13,-28.293,31.421,607.9,0.0178572405944488,0.0168294607843137,0.019455472217124,0.0195583333333333
ULDI,2783,2022,8,14,-28.293,31.421,607.9,0.0160773544756379,0.0127352564102564,0.014609127653506,0.0134041666666666
ULDI,2784,2022,8,15,-28.293,31.421,607.9,0.0125266576852092,0.0092353819444444,0.009804272104079,0.0114625
ULDI,2785,2022,8,16,-28.293,31.421,607.9,0.008611286628619,0.0061465625,0.0087509756654067,0.0080333333333333
ULDI,2786,2022,8,17,-28.293,31.421,607.9,0.0065903218529546,0.0041171180555555,0.0068432030074648,0.0069083333333333
ULDI,2787,2022,8,18,-28.293,31.421,607.9,0.0147505214530627,0.0135382986111111,0.0136957677310162,0.015625
ULDI,2788,2022,8,19,-28.293,31.421,607.9,0.0153808862107517,0.0166149305555555,0.0195343893007028,0.0177291666666666
ULDI,2789,2022,8,20,-28.293,31.421,607.9,0.0121044517822536,0.0099284375,0.0102399889608677,0.0108916666666666
ULDI,2790,2022,8,21,-28.293,31.421,607.9,0.0114747133838454,0.0096002777777777,0.0109924173482358,0.0098875
ULDI,2791,2022,8,22,-28.293,31.421,607.9,0.0122109638511142,0.0098039583333333,0.0118757418380831,0.0116416666666666
ULDI,2792,2022,8,23,-28.293,31.421,607.9,0.0133974412477743,0.0121424652777777,0.0151271296639472,0.0138541666666666
ULDI,2793,2022,8,24,-28.293,31.421,607.9,0.0126489777114501,0.0110717708333333,0.0124191409287968,0.0131083333333333
ULDI,2794,2022,8,25,-28.293,31.421,607.9,0.0119682905969743,0.0083981881533101,0.0098973070190651,0.0103958333333333
ULDI,2796,2022,8,27,-28.293,31.421,607.9,0.0193487974717781,0.0167617361111111,0.0177072382540035,0.0180333333333333
ULDI,2797,2022,8,28,-28.293,31.421,607.9,0.0172739575019785,0.0175104861111111,0.0202267348679929,0.0190458333333333
ULDI,2798,2022,8,29,-28.293,31.421,607.9,0.0207528001484782,0.0205329166666666,0.0204190105483762,0.0204041666666666
ULDI,2799,2022,8,30,-28.293,31.421,607.9,0.0155852892204061,0.0136920833333333,0.0163475838891622,0.0140749999999999
